Copyright 1986-2022 Xilinx, Inc. All Rights Reserved. Copyright 2022-2024 Advanced Micro Devices, Inc. All Rights Reserved.
----------------------------------------------------------------------------------------------------------------------------------------------------------------
| Tool Version : Vivado v.2024.1 (win64) Build 5076996 Wed May 22 18:37:14 MDT 2024
| Date         : Mon Aug 10 19:22:10 2026
| Host         : AlessandraYOGA running 64-bit major release  (build 9200)
| Command      : report_timing -max_paths 20 -nworst 20 -delay_type max -sort_by slack -file reports_v5_serial_rom/kecc_aes_k_axi_synth_top.timing_WORST_20.rpt
| Design       : kecc_aes_k_axi_synth_top
| Device       : 7a100t-ftg256
| Speed File   : -2  PRODUCTION 1.23 2018-06-13
| Design State : Fully Placed
----------------------------------------------------------------------------------------------------------------------------------------------------------------

Timing Report

Slack (VIOLATED) :        -0.653ns  (required time - arrival time)
  Source:                 i_kecc_aes_k_axi_top/i_axi2reg/i_axi_to_axi_lite/i_axi_burst_splitter/i_demux_supported_vs_unsupported/gen_demux.gen_aw_id_counter.i_aw_id_counter/gen_counters[23].mst_select_q_reg[23][0]/C
                            (rising edge-triggered cell FDCE clocked by clk_i  {rise@0.000ns fall@5.000ns period=10.000ns})
  Destination:            i_kecc_aes_k_axi_top/kecc_aes_k_axi_reg_top_i/u_keccak_data_18/q_reg[59]/CE
                            (rising edge-triggered cell FDCE clocked by clk_i  {rise@0.000ns fall@5.000ns period=10.000ns})
  Path Group:             clk_i
  Path Type:              Setup (Max at Slow Process Corner)
  Requirement:            10.000ns  (clk_i rise@10.000ns - clk_i rise@0.000ns)
  Data Path Delay:        10.410ns  (logic 2.615ns (25.120%)  route 7.795ns (74.880%))
  Logic Levels:           18  (LUT2=2 LUT4=2 LUT5=3 LUT6=9 MUXF7=1 MUXF8=1)
  Clock Path Skew:        -0.039ns (DCD - SCD + CPR)
    Destination Clock Delay (DCD):    0.748ns = ( 10.748 - 10.000 ) 
    Source Clock Delay      (SCD):    0.787ns
    Clock Pessimism Removal (CPR):    0.000ns
  Clock Uncertainty:      0.035ns  ((TSJ^2 + TIJ^2)^1/2 + DJ) / 2 + PE
    Total System Jitter     (TSJ):    0.071ns
    Total Input Jitter      (TIJ):    0.000ns
    Discrete Jitter          (DJ):    0.000ns
    Phase Error              (PE):    0.000ns

    Location             Delay type                Incr(ns)  Path(ns)    Netlist Resource(s)
  -------------------------------------------------------------------    -------------------
                         (clock clk_i rise edge)      0.000     0.000 r  
                                                      0.000     0.000 r  clk_i (IN)
                         net (fo=3396, unset)         0.787     0.787    i_kecc_aes_k_axi_top/i_axi2reg/i_axi_to_axi_lite/i_axi_burst_splitter/i_demux_supported_vs_unsupported/gen_demux.gen_aw_id_counter.i_aw_id_counter/clk_i
    SLICE_X3Y165         FDCE                                         r  i_kecc_aes_k_axi_top/i_axi2reg/i_axi_to_axi_lite/i_axi_burst_splitter/i_demux_supported_vs_unsupported/gen_demux.gen_aw_id_counter.i_aw_id_counter/gen_counters[23].mst_select_q_reg[23][0]/C
  -------------------------------------------------------------------    -------------------
    SLICE_X3Y165         FDCE (Prop_fdce_C_Q)         0.348     1.135 r  i_kecc_aes_k_axi_top/i_axi2reg/i_axi_to_axi_lite/i_axi_burst_splitter/i_demux_supported_vs_unsupported/gen_demux.gen_aw_id_counter.i_aw_id_counter/gen_counters[23].mst_select_q_reg[23][0]/Q
                         net (fo=2, estimated)        0.670     1.805    i_kecc_aes_k_axi_top/i_axi2reg/i_axi_to_axi_lite/i_axi_burst_splitter/i_demux_supported_vs_unsupported/gen_demux.gen_aw_id_counter.i_aw_id_counter/gen_counters[23].mst_select_q_reg[23]_8
    SLICE_X3Y166         LUT6 (Prop_lut6_I0_O)        0.242     2.047 r  i_kecc_aes_k_axi_top/i_axi2reg/i_axi_to_axi_lite/i_axi_burst_splitter/i_demux_supported_vs_unsupported/gen_demux.gen_aw_id_counter.i_aw_id_counter/axi_rsp_o[aw_ready]_INST_0_i_40/O
                         net (fo=1, routed)           0.000     2.047    i_kecc_aes_k_axi_top/i_axi2reg/i_axi_to_axi_lite/i_axi_burst_splitter/i_demux_supported_vs_unsupported/gen_demux.gen_aw_id_counter.i_aw_id_counter/axi_rsp_o[aw_ready]_INST_0_i_40_n_0
    SLICE_X3Y166         MUXF7 (Prop_muxf7_I1_O)      0.206     2.253 r  i_kecc_aes_k_axi_top/i_axi2reg/i_axi_to_axi_lite/i_axi_burst_splitter/i_demux_supported_vs_unsupported/gen_demux.gen_aw_id_counter.i_aw_id_counter/axi_rsp_o[aw_ready]_INST_0_i_31/O
                         net (fo=1, routed)           0.000     2.253    i_kecc_aes_k_axi_top/i_axi2reg/i_axi_to_axi_lite/i_axi_burst_splitter/i_demux_supported_vs_unsupported/gen_demux.gen_aw_id_counter.i_aw_id_counter/axi_rsp_o[aw_ready]_INST_0_i_31_n_0
    SLICE_X3Y166         MUXF8 (Prop_muxf8_I0_O)      0.085     2.338 r  i_kecc_aes_k_axi_top/i_axi2reg/i_axi_to_axi_lite/i_axi_burst_splitter/i_demux_supported_vs_unsupported/gen_demux.gen_aw_id_counter.i_aw_id_counter/axi_rsp_o[aw_ready]_INST_0_i_21/O
                         net (fo=1, estimated)        0.886     3.224    i_kecc_aes_k_axi_top/i_axi2reg/i_axi_to_axi_lite/i_axi_burst_splitter/i_demux_supported_vs_unsupported/gen_demux.gen_aw_id_counter.i_aw_id_counter/gen_counters[3].i_in_flight_cnt/axi_rsp_o[aw_ready]_INST_0_i_6
    SLICE_X11Y166        LUT6 (Prop_lut6_I1_O)        0.264     3.488 r  i_kecc_aes_k_axi_top/i_axi2reg/i_axi_to_axi_lite/i_axi_burst_splitter/i_demux_supported_vs_unsupported/gen_demux.gen_aw_id_counter.i_aw_id_counter/gen_counters[3].i_in_flight_cnt/axi_rsp_o[aw_ready]_INST_0_i_12/O
                         net (fo=2, estimated)        0.244     3.732    i_kecc_aes_k_axi_top/i_axi2reg/i_axi_to_axi_lite/i_axi_burst_splitter/i_demux_supported_vs_unsupported/gen_demux.gen_aw_id_counter.i_aw_id_counter/gen_counters[3].i_in_flight_cnt/axi_req_i[aw][id]_4_sn_1
    SLICE_X10Y167        LUT6 (Prop_lut6_I1_O)        0.105     3.837 r  i_kecc_aes_k_axi_top/i_axi2reg/i_axi_to_axi_lite/i_axi_burst_splitter/i_demux_supported_vs_unsupported/gen_demux.gen_aw_id_counter.i_aw_id_counter/gen_counters[3].i_in_flight_cnt/status_cnt_q[1]_i_2__3/O
                         net (fo=41, estimated)       0.322     4.159    i_kecc_aes_k_axi_top/i_axi2reg/i_axi_to_axi_lite/i_axi_burst_splitter/i_demux_supported_vs_unsupported/gen_demux.i_w_fifo/status_cnt_q_reg[1]_0
    SLICE_X13Y167        LUT6 (Prop_lut6_I4_O)        0.105     4.264 r  i_kecc_aes_k_axi_top/i_axi2reg/i_axi_to_axi_lite/i_axi_burst_splitter/i_demux_supported_vs_unsupported/gen_demux.i_w_fifo/axi_rsp_o[w_ready]_INST_0_i_6/O
                         net (fo=3, estimated)        0.356     4.620    i_kecc_aes_k_axi_top/i_axi2reg/i_axi_to_axi_lite/i_axi_burst_splitter/i_demux_supported_vs_unsupported/gen_demux.i_w_fifo/axi_rsp_o[w_ready]_INST_0_i_6_n_0
    SLICE_X12Y167        LUT6 (Prop_lut6_I0_O)        0.105     4.725 f  i_kecc_aes_k_axi_top/i_axi2reg/i_axi_to_axi_lite/i_axi_burst_splitter/i_demux_supported_vs_unsupported/gen_demux.i_w_fifo/q[63]_i_27/O
                         net (fo=15, estimated)       0.278     5.003    i_kecc_aes_k_axi_top/i_axi2reg/i_axi_lite_to_reg/i_fifo_write_req/q_reg[0]
    SLICE_X13Y166        LUT5 (Prop_lut5_I0_O)        0.105     5.108 f  i_kecc_aes_k_axi_top/i_axi2reg/i_axi_lite_to_reg/i_fifo_write_req/gen_arbiter.gen_int_rr.rr_q[0]_i_2__0/O
                         net (fo=4, estimated)        0.260     5.368    i_kecc_aes_k_axi_top/i_axi2reg/i_axi_lite_to_reg/i_fifo_read/mem_q_reg[0][error]__0_1
    SLICE_X14Y166        LUT6 (Prop_lut6_I1_O)        0.105     5.473 r  i_kecc_aes_k_axi_top/i_axi2reg/i_axi_lite_to_reg/i_fifo_read/status_cnt_q[1]_i_2__0/O
                         net (fo=43, estimated)       0.410     5.883    i_kecc_aes_k_axi_top/i_axi2reg/i_axi_lite_to_reg/i_fifo_read/write_ready
    SLICE_X17Y165        LUT5 (Prop_lut5_I3_O)        0.105     5.988 r  i_kecc_aes_k_axi_top/i_axi2reg/i_axi_lite_to_reg/i_fifo_read/q[63]_i_16/O
                         net (fo=1, estimated)        0.229     6.217    i_kecc_aes_k_axi_top/i_axi2reg/i_axi_lite_to_reg/i_fifo_read/reg_req_i[addr][0]
    SLICE_X21Y165        LUT6 (Prop_lut6_I5_O)        0.105     6.322 r  i_kecc_aes_k_axi_top/i_axi2reg/i_axi_lite_to_reg/i_fifo_read/q[63]_i_14__0/O
                         net (fo=1, estimated)        0.221     6.543    i_kecc_aes_k_axi_top/i_axi2reg/i_axi_lite_to_reg/i_fifo_read/q[63]_i_14__0_n_0
    SLICE_X21Y164        LUT6 (Prop_lut6_I5_O)        0.105     6.648 r  i_kecc_aes_k_axi_top/i_axi2reg/i_axi_lite_to_reg/i_fifo_read/q[63]_i_9/O
                         net (fo=5, estimated)        0.257     6.905    i_kecc_aes_k_axi_top/i_axi2reg/i_axi_lite_to_reg/i_fifo_read/q[63]_i_9_n_0
    SLICE_X25Y164        LUT2 (Prop_lut2_I1_O)        0.105     7.010 r  i_kecc_aes_k_axi_top/i_axi2reg/i_axi_lite_to_reg/i_fifo_read/q[63]_i_4/O
                         net (fo=19, estimated)       0.408     7.418    i_kecc_aes_k_axi_top/i_axi2reg/i_axi_lite_to_reg/i_fifo_read/q[63]_i_4_n_0
    SLICE_X24Y166        LUT4 (Prop_lut4_I1_O)        0.105     7.523 r  i_kecc_aes_k_axi_top/i_axi2reg/i_axi_lite_to_reg/i_fifo_read/q[0]_i_3/O
                         net (fo=60, estimated)       0.654     8.177    i_kecc_aes_k_axi_top/i_axi2reg/i_axi_lite_to_reg/i_fifo_read/q[0]_i_3_n_0
    SLICE_X26Y167        LUT4 (Prop_lut4_I0_O)        0.105     8.282 f  i_kecc_aes_k_axi_top/i_axi2reg/i_axi_lite_to_reg/i_fifo_read/q[63]_i_14/O
                         net (fo=1, estimated)        0.663     8.945    i_kecc_aes_k_axi_top/i_axi2reg/i_axi_lite_to_reg/i_fifo_read/q[63]_i_14_n_0
    SLICE_X32Y169        LUT5 (Prop_lut5_I0_O)        0.105     9.050 r  i_kecc_aes_k_axi_top/i_axi2reg/i_axi_lite_to_reg/i_fifo_read/q[63]_i_5/O
                         net (fo=33, estimated)       0.759     9.809    i_kecc_aes_k_axi_top/i_axi2reg/i_axi_lite_to_reg/i_fifo_read/q[63]_i_5_n_0
    SLICE_X37Y168        LUT6 (Prop_lut6_I3_O)        0.105     9.914 r  i_kecc_aes_k_axi_top/i_axi2reg/i_axi_lite_to_reg/i_fifo_read/wr_data_i_1__5/O
                         net (fo=65, estimated)       0.613    10.527    i_kecc_aes_k_axi_top/i_axi2reg/i_axi_lite_to_reg/i_fifo_read/keccak_data_18_we
    SLICE_X53Y167        LUT2 (Prop_lut2_I0_O)        0.105    10.632 r  i_kecc_aes_k_axi_top/i_axi2reg/i_axi_lite_to_reg/i_fifo_read/q[63]_i_1__17/O
                         net (fo=64, estimated)       0.565    11.197    i_kecc_aes_k_axi_top/kecc_aes_k_axi_reg_top_i/u_keccak_data_18/q_reg[0]_0[0]
    SLICE_X53Y165        FDCE                                         r  i_kecc_aes_k_axi_top/kecc_aes_k_axi_reg_top_i/u_keccak_data_18/q_reg[59]/CE
  -------------------------------------------------------------------    -------------------

                         (clock clk_i rise edge)     10.000    10.000 r  
                                                      0.000    10.000 r  clk_i (IN)
                         net (fo=3396, unset)         0.748    10.748    i_kecc_aes_k_axi_top/kecc_aes_k_axi_reg_top_i/u_keccak_data_18/clk_i
    SLICE_X53Y165        FDCE                                         r  i_kecc_aes_k_axi_top/kecc_aes_k_axi_reg_top_i/u_keccak_data_18/q_reg[59]/C
                         clock pessimism              0.000    10.748    
                         clock uncertainty           -0.035    10.712    
    SLICE_X53Y165        FDCE (Setup_fdce_C_CE)      -0.168    10.544    i_kecc_aes_k_axi_top/kecc_aes_k_axi_reg_top_i/u_keccak_data_18/q_reg[59]
  -------------------------------------------------------------------
                         required time                         10.544    
                         arrival time                         -11.197    
  -------------------------------------------------------------------
                         slack                                 -0.653    

Slack (VIOLATED) :        -0.653ns  (required time - arrival time)
  Source:                 i_kecc_aes_k_axi_top/i_axi2reg/i_axi_to_axi_lite/i_axi_burst_splitter/i_demux_supported_vs_unsupported/gen_demux.gen_aw_id_counter.i_aw_id_counter/gen_counters[23].mst_select_q_reg[23][0]/C
                            (rising edge-triggered cell FDCE clocked by clk_i  {rise@0.000ns fall@5.000ns period=10.000ns})
  Destination:            i_kecc_aes_k_axi_top/kecc_aes_k_axi_reg_top_i/u_keccak_data_18/q_reg[59]/CE
                            (rising edge-triggered cell FDCE clocked by clk_i  {rise@0.000ns fall@5.000ns period=10.000ns})
  Path Group:             clk_i
  Path Type:              Setup (Max at Slow Process Corner)
  Requirement:            10.000ns  (clk_i rise@10.000ns - clk_i rise@0.000ns)
  Data Path Delay:        10.410ns  (logic 2.615ns (25.120%)  route 7.795ns (74.880%))
  Logic Levels:           18  (LUT2=2 LUT4=2 LUT5=3 LUT6=9 MUXF7=1 MUXF8=1)
  Clock Path Skew:        -0.039ns (DCD - SCD + CPR)
    Destination Clock Delay (DCD):    0.748ns = ( 10.748 - 10.000 ) 
    Source Clock Delay      (SCD):    0.787ns
    Clock Pessimism Removal (CPR):    0.000ns
  Clock Uncertainty:      0.035ns  ((TSJ^2 + TIJ^2)^1/2 + DJ) / 2 + PE
    Total System Jitter     (TSJ):    0.071ns
    Total Input Jitter      (TIJ):    0.000ns
    Discrete Jitter          (DJ):    0.000ns
    Phase Error              (PE):    0.000ns

    Location             Delay type                Incr(ns)  Path(ns)    Netlist Resource(s)
  -------------------------------------------------------------------    -------------------
                         (clock clk_i rise edge)      0.000     0.000 r  
                                                      0.000     0.000 r  clk_i (IN)
                         net (fo=3396, unset)         0.787     0.787    i_kecc_aes_k_axi_top/i_axi2reg/i_axi_to_axi_lite/i_axi_burst_splitter/i_demux_supported_vs_unsupported/gen_demux.gen_aw_id_counter.i_aw_id_counter/clk_i
    SLICE_X3Y165         FDCE                                         r  i_kecc_aes_k_axi_top/i_axi2reg/i_axi_to_axi_lite/i_axi_burst_splitter/i_demux_supported_vs_unsupported/gen_demux.gen_aw_id_counter.i_aw_id_counter/gen_counters[23].mst_select_q_reg[23][0]/C
  -------------------------------------------------------------------    -------------------
    SLICE_X3Y165         FDCE (Prop_fdce_C_Q)         0.348     1.135 f  i_kecc_aes_k_axi_top/i_axi2reg/i_axi_to_axi_lite/i_axi_burst_splitter/i_demux_supported_vs_unsupported/gen_demux.gen_aw_id_counter.i_aw_id_counter/gen_counters[23].mst_select_q_reg[23][0]/Q
                         net (fo=2, estimated)        0.670     1.805    i_kecc_aes_k_axi_top/i_axi2reg/i_axi_to_axi_lite/i_axi_burst_splitter/i_demux_supported_vs_unsupported/gen_demux.gen_aw_id_counter.i_aw_id_counter/gen_counters[23].mst_select_q_reg[23]_8
    SLICE_X3Y166         LUT6 (Prop_lut6_I0_O)        0.242     2.047 f  i_kecc_aes_k_axi_top/i_axi2reg/i_axi_to_axi_lite/i_axi_burst_splitter/i_demux_supported_vs_unsupported/gen_demux.gen_aw_id_counter.i_aw_id_counter/axi_rsp_o[aw_ready]_INST_0_i_40/O
                         net (fo=1, routed)           0.000     2.047    i_kecc_aes_k_axi_top/i_axi2reg/i_axi_to_axi_lite/i_axi_burst_splitter/i_demux_supported_vs_unsupported/gen_demux.gen_aw_id_counter.i_aw_id_counter/axi_rsp_o[aw_ready]_INST_0_i_40_n_0
    SLICE_X3Y166         MUXF7 (Prop_muxf7_I1_O)      0.206     2.253 f  i_kecc_aes_k_axi_top/i_axi2reg/i_axi_to_axi_lite/i_axi_burst_splitter/i_demux_supported_vs_unsupported/gen_demux.gen_aw_id_counter.i_aw_id_counter/axi_rsp_o[aw_ready]_INST_0_i_31/O
                         net (fo=1, routed)           0.000     2.253    i_kecc_aes_k_axi_top/i_axi2reg/i_axi_to_axi_lite/i_axi_burst_splitter/i_demux_supported_vs_unsupported/gen_demux.gen_aw_id_counter.i_aw_id_counter/axi_rsp_o[aw_ready]_INST_0_i_31_n_0
    SLICE_X3Y166         MUXF8 (Prop_muxf8_I0_O)      0.085     2.338 f  i_kecc_aes_k_axi_top/i_axi2reg/i_axi_to_axi_lite/i_axi_burst_splitter/i_demux_supported_vs_unsupported/gen_demux.gen_aw_id_counter.i_aw_id_counter/axi_rsp_o[aw_ready]_INST_0_i_21/O
                         net (fo=1, estimated)        0.886     3.224    i_kecc_aes_k_axi_top/i_axi2reg/i_axi_to_axi_lite/i_axi_burst_splitter/i_demux_supported_vs_unsupported/gen_demux.gen_aw_id_counter.i_aw_id_counter/gen_counters[3].i_in_flight_cnt/axi_rsp_o[aw_ready]_INST_0_i_6
    SLICE_X11Y166        LUT6 (Prop_lut6_I1_O)        0.264     3.488 r  i_kecc_aes_k_axi_top/i_axi2reg/i_axi_to_axi_lite/i_axi_burst_splitter/i_demux_supported_vs_unsupported/gen_demux.gen_aw_id_counter.i_aw_id_counter/gen_counters[3].i_in_flight_cnt/axi_rsp_o[aw_ready]_INST_0_i_12/O
                         net (fo=2, estimated)        0.244     3.732    i_kecc_aes_k_axi_top/i_axi2reg/i_axi_to_axi_lite/i_axi_burst_splitter/i_demux_supported_vs_unsupported/gen_demux.gen_aw_id_counter.i_aw_id_counter/gen_counters[3].i_in_flight_cnt/axi_req_i[aw][id]_4_sn_1
    SLICE_X10Y167        LUT6 (Prop_lut6_I1_O)        0.105     3.837 r  i_kecc_aes_k_axi_top/i_axi2reg/i_axi_to_axi_lite/i_axi_burst_splitter/i_demux_supported_vs_unsupported/gen_demux.gen_aw_id_counter.i_aw_id_counter/gen_counters[3].i_in_flight_cnt/status_cnt_q[1]_i_2__3/O
                         net (fo=41, estimated)       0.322     4.159    i_kecc_aes_k_axi_top/i_axi2reg/i_axi_to_axi_lite/i_axi_burst_splitter/i_demux_supported_vs_unsupported/gen_demux.i_w_fifo/status_cnt_q_reg[1]_0
    SLICE_X13Y167        LUT6 (Prop_lut6_I4_O)        0.105     4.264 r  i_kecc_aes_k_axi_top/i_axi2reg/i_axi_to_axi_lite/i_axi_burst_splitter/i_demux_supported_vs_unsupported/gen_demux.i_w_fifo/axi_rsp_o[w_ready]_INST_0_i_6/O
                         net (fo=3, estimated)        0.356     4.620    i_kecc_aes_k_axi_top/i_axi2reg/i_axi_to_axi_lite/i_axi_burst_splitter/i_demux_supported_vs_unsupported/gen_demux.i_w_fifo/axi_rsp_o[w_ready]_INST_0_i_6_n_0
    SLICE_X12Y167        LUT6 (Prop_lut6_I0_O)        0.105     4.725 f  i_kecc_aes_k_axi_top/i_axi2reg/i_axi_to_axi_lite/i_axi_burst_splitter/i_demux_supported_vs_unsupported/gen_demux.i_w_fifo/q[63]_i_27/O
                         net (fo=15, estimated)       0.278     5.003    i_kecc_aes_k_axi_top/i_axi2reg/i_axi_lite_to_reg/i_fifo_write_req/q_reg[0]
    SLICE_X13Y166        LUT5 (Prop_lut5_I0_O)        0.105     5.108 f  i_kecc_aes_k_axi_top/i_axi2reg/i_axi_lite_to_reg/i_fifo_write_req/gen_arbiter.gen_int_rr.rr_q[0]_i_2__0/O
                         net (fo=4, estimated)        0.260     5.368    i_kecc_aes_k_axi_top/i_axi2reg/i_axi_lite_to_reg/i_fifo_read/mem_q_reg[0][error]__0_1
    SLICE_X14Y166        LUT6 (Prop_lut6_I1_O)        0.105     5.473 r  i_kecc_aes_k_axi_top/i_axi2reg/i_axi_lite_to_reg/i_fifo_read/status_cnt_q[1]_i_2__0/O
                         net (fo=43, estimated)       0.410     5.883    i_kecc_aes_k_axi_top/i_axi2reg/i_axi_lite_to_reg/i_fifo_read/write_ready
    SLICE_X17Y165        LUT5 (Prop_lut5_I3_O)        0.105     5.988 r  i_kecc_aes_k_axi_top/i_axi2reg/i_axi_lite_to_reg/i_fifo_read/q[63]_i_16/O
                         net (fo=1, estimated)        0.229     6.217    i_kecc_aes_k_axi_top/i_axi2reg/i_axi_lite_to_reg/i_fifo_read/reg_req_i[addr][0]
    SLICE_X21Y165        LUT6 (Prop_lut6_I5_O)        0.105     6.322 r  i_kecc_aes_k_axi_top/i_axi2reg/i_axi_lite_to_reg/i_fifo_read/q[63]_i_14__0/O
                         net (fo=1, estimated)        0.221     6.543    i_kecc_aes_k_axi_top/i_axi2reg/i_axi_lite_to_reg/i_fifo_read/q[63]_i_14__0_n_0
    SLICE_X21Y164        LUT6 (Prop_lut6_I5_O)        0.105     6.648 r  i_kecc_aes_k_axi_top/i_axi2reg/i_axi_lite_to_reg/i_fifo_read/q[63]_i_9/O
                         net (fo=5, estimated)        0.257     6.905    i_kecc_aes_k_axi_top/i_axi2reg/i_axi_lite_to_reg/i_fifo_read/q[63]_i_9_n_0
    SLICE_X25Y164        LUT2 (Prop_lut2_I1_O)        0.105     7.010 r  i_kecc_aes_k_axi_top/i_axi2reg/i_axi_lite_to_reg/i_fifo_read/q[63]_i_4/O
                         net (fo=19, estimated)       0.408     7.418    i_kecc_aes_k_axi_top/i_axi2reg/i_axi_lite_to_reg/i_fifo_read/q[63]_i_4_n_0
    SLICE_X24Y166        LUT4 (Prop_lut4_I1_O)        0.105     7.523 r  i_kecc_aes_k_axi_top/i_axi2reg/i_axi_lite_to_reg/i_fifo_read/q[0]_i_3/O
                         net (fo=60, estimated)       0.654     8.177    i_kecc_aes_k_axi_top/i_axi2reg/i_axi_lite_to_reg/i_fifo_read/q[0]_i_3_n_0
    SLICE_X26Y167        LUT4 (Prop_lut4_I0_O)        0.105     8.282 f  i_kecc_aes_k_axi_top/i_axi2reg/i_axi_lite_to_reg/i_fifo_read/q[63]_i_14/O
                         net (fo=1, estimated)        0.663     8.945    i_kecc_aes_k_axi_top/i_axi2reg/i_axi_lite_to_reg/i_fifo_read/q[63]_i_14_n_0
    SLICE_X32Y169        LUT5 (Prop_lut5_I0_O)        0.105     9.050 r  i_kecc_aes_k_axi_top/i_axi2reg/i_axi_lite_to_reg/i_fifo_read/q[63]_i_5/O
                         net (fo=33, estimated)       0.759     9.809    i_kecc_aes_k_axi_top/i_axi2reg/i_axi_lite_to_reg/i_fifo_read/q[63]_i_5_n_0
    SLICE_X37Y168        LUT6 (Prop_lut6_I3_O)        0.105     9.914 r  i_kecc_aes_k_axi_top/i_axi2reg/i_axi_lite_to_reg/i_fifo_read/wr_data_i_1__5/O
                         net (fo=65, estimated)       0.613    10.527    i_kecc_aes_k_axi_top/i_axi2reg/i_axi_lite_to_reg/i_fifo_read/keccak_data_18_we
    SLICE_X53Y167        LUT2 (Prop_lut2_I0_O)        0.105    10.632 r  i_kecc_aes_k_axi_top/i_axi2reg/i_axi_lite_to_reg/i_fifo_read/q[63]_i_1__17/O
                         net (fo=64, estimated)       0.565    11.197    i_kecc_aes_k_axi_top/kecc_aes_k_axi_reg_top_i/u_keccak_data_18/q_reg[0]_0[0]
    SLICE_X53Y165        FDCE                                         r  i_kecc_aes_k_axi_top/kecc_aes_k_axi_reg_top_i/u_keccak_data_18/q_reg[59]/CE
  -------------------------------------------------------------------    -------------------

                         (clock clk_i rise edge)     10.000    10.000 r  
                                                      0.000    10.000 r  clk_i (IN)
                         net (fo=3396, unset)         0.748    10.748    i_kecc_aes_k_axi_top/kecc_aes_k_axi_reg_top_i/u_keccak_data_18/clk_i
    SLICE_X53Y165        FDCE                                         r  i_kecc_aes_k_axi_top/kecc_aes_k_axi_reg_top_i/u_keccak_data_18/q_reg[59]/C
                         clock pessimism              0.000    10.748    
                         clock uncertainty           -0.035    10.712    
    SLICE_X53Y165        FDCE (Setup_fdce_C_CE)      -0.168    10.544    i_kecc_aes_k_axi_top/kecc_aes_k_axi_reg_top_i/u_keccak_data_18/q_reg[59]
  -------------------------------------------------------------------
                         required time                         10.544    
                         arrival time                         -11.197    
  -------------------------------------------------------------------
                         slack                                 -0.653    

Slack (VIOLATED) :        -0.653ns  (required time - arrival time)
  Source:                 i_kecc_aes_k_axi_top/i_axi2reg/i_axi_to_axi_lite/i_axi_burst_splitter/i_demux_supported_vs_unsupported/gen_demux.gen_aw_id_counter.i_aw_id_counter/gen_counters[23].mst_select_q_reg[23][0]/C
                            (rising edge-triggered cell FDCE clocked by clk_i  {rise@0.000ns fall@5.000ns period=10.000ns})
  Destination:            i_kecc_aes_k_axi_top/kecc_aes_k_axi_reg_top_i/u_keccak_data_18/q_reg[59]/CE
                            (rising edge-triggered cell FDCE clocked by clk_i  {rise@0.000ns fall@5.000ns period=10.000ns})
  Path Group:             clk_i
  Path Type:              Setup (Max at Slow Process Corner)
  Requirement:            10.000ns  (clk_i rise@10.000ns - clk_i rise@0.000ns)
  Data Path Delay:        10.410ns  (logic 2.615ns (25.120%)  route 7.795ns (74.880%))
  Logic Levels:           18  (LUT2=2 LUT4=2 LUT5=3 LUT6=9 MUXF7=1 MUXF8=1)
  Clock Path Skew:        -0.039ns (DCD - SCD + CPR)
    Destination Clock Delay (DCD):    0.748ns = ( 10.748 - 10.000 ) 
    Source Clock Delay      (SCD):    0.787ns
    Clock Pessimism Removal (CPR):    0.000ns
  Clock Uncertainty:      0.035ns  ((TSJ^2 + TIJ^2)^1/2 + DJ) / 2 + PE
    Total System Jitter     (TSJ):    0.071ns
    Total Input Jitter      (TIJ):    0.000ns
    Discrete Jitter          (DJ):    0.000ns
    Phase Error              (PE):    0.000ns

    Location             Delay type                Incr(ns)  Path(ns)    Netlist Resource(s)
  -------------------------------------------------------------------    -------------------
                         (clock clk_i rise edge)      0.000     0.000 r  
                                                      0.000     0.000 r  clk_i (IN)
                         net (fo=3396, unset)         0.787     0.787    i_kecc_aes_k_axi_top/i_axi2reg/i_axi_to_axi_lite/i_axi_burst_splitter/i_demux_supported_vs_unsupported/gen_demux.gen_aw_id_counter.i_aw_id_counter/clk_i
    SLICE_X3Y165         FDCE                                         r  i_kecc_aes_k_axi_top/i_axi2reg/i_axi_to_axi_lite/i_axi_burst_splitter/i_demux_supported_vs_unsupported/gen_demux.gen_aw_id_counter.i_aw_id_counter/gen_counters[23].mst_select_q_reg[23][0]/C
  -------------------------------------------------------------------    -------------------
    SLICE_X3Y165         FDCE (Prop_fdce_C_Q)         0.348     1.135 r  i_kecc_aes_k_axi_top/i_axi2reg/i_axi_to_axi_lite/i_axi_burst_splitter/i_demux_supported_vs_unsupported/gen_demux.gen_aw_id_counter.i_aw_id_counter/gen_counters[23].mst_select_q_reg[23][0]/Q
                         net (fo=2, estimated)        0.670     1.805    i_kecc_aes_k_axi_top/i_axi2reg/i_axi_to_axi_lite/i_axi_burst_splitter/i_demux_supported_vs_unsupported/gen_demux.gen_aw_id_counter.i_aw_id_counter/gen_counters[23].mst_select_q_reg[23]_8
    SLICE_X3Y166         LUT6 (Prop_lut6_I0_O)        0.242     2.047 r  i_kecc_aes_k_axi_top/i_axi2reg/i_axi_to_axi_lite/i_axi_burst_splitter/i_demux_supported_vs_unsupported/gen_demux.gen_aw_id_counter.i_aw_id_counter/axi_rsp_o[aw_ready]_INST_0_i_40/O
                         net (fo=1, routed)           0.000     2.047    i_kecc_aes_k_axi_top/i_axi2reg/i_axi_to_axi_lite/i_axi_burst_splitter/i_demux_supported_vs_unsupported/gen_demux.gen_aw_id_counter.i_aw_id_counter/axi_rsp_o[aw_ready]_INST_0_i_40_n_0
    SLICE_X3Y166         MUXF7 (Prop_muxf7_I1_O)      0.206     2.253 r  i_kecc_aes_k_axi_top/i_axi2reg/i_axi_to_axi_lite/i_axi_burst_splitter/i_demux_supported_vs_unsupported/gen_demux.gen_aw_id_counter.i_aw_id_counter/axi_rsp_o[aw_ready]_INST_0_i_31/O
                         net (fo=1, routed)           0.000     2.253    i_kecc_aes_k_axi_top/i_axi2reg/i_axi_to_axi_lite/i_axi_burst_splitter/i_demux_supported_vs_unsupported/gen_demux.gen_aw_id_counter.i_aw_id_counter/axi_rsp_o[aw_ready]_INST_0_i_31_n_0
    SLICE_X3Y166         MUXF8 (Prop_muxf8_I0_O)      0.085     2.338 r  i_kecc_aes_k_axi_top/i_axi2reg/i_axi_to_axi_lite/i_axi_burst_splitter/i_demux_supported_vs_unsupported/gen_demux.gen_aw_id_counter.i_aw_id_counter/axi_rsp_o[aw_ready]_INST_0_i_21/O
                         net (fo=1, estimated)        0.886     3.224    i_kecc_aes_k_axi_top/i_axi2reg/i_axi_to_axi_lite/i_axi_burst_splitter/i_demux_supported_vs_unsupported/gen_demux.gen_aw_id_counter.i_aw_id_counter/gen_counters[3].i_in_flight_cnt/axi_rsp_o[aw_ready]_INST_0_i_6
    SLICE_X11Y166        LUT6 (Prop_lut6_I1_O)        0.264     3.488 f  i_kecc_aes_k_axi_top/i_axi2reg/i_axi_to_axi_lite/i_axi_burst_splitter/i_demux_supported_vs_unsupported/gen_demux.gen_aw_id_counter.i_aw_id_counter/gen_counters[3].i_in_flight_cnt/axi_rsp_o[aw_ready]_INST_0_i_12/O
                         net (fo=2, estimated)        0.244     3.732    i_kecc_aes_k_axi_top/i_axi2reg/i_axi_to_axi_lite/i_axi_burst_splitter/i_demux_supported_vs_unsupported/gen_demux.gen_aw_id_counter.i_aw_id_counter/gen_counters[3].i_in_flight_cnt/axi_req_i[aw][id]_4_sn_1
    SLICE_X10Y167        LUT6 (Prop_lut6_I1_O)        0.105     3.837 f  i_kecc_aes_k_axi_top/i_axi2reg/i_axi_to_axi_lite/i_axi_burst_splitter/i_demux_supported_vs_unsupported/gen_demux.gen_aw_id_counter.i_aw_id_counter/gen_counters[3].i_in_flight_cnt/status_cnt_q[1]_i_2__3/O
                         net (fo=41, estimated)       0.322     4.159    i_kecc_aes_k_axi_top/i_axi2reg/i_axi_to_axi_lite/i_axi_burst_splitter/i_demux_supported_vs_unsupported/gen_demux.i_w_fifo/status_cnt_q_reg[1]_0
    SLICE_X13Y167        LUT6 (Prop_lut6_I4_O)        0.105     4.264 f  i_kecc_aes_k_axi_top/i_axi2reg/i_axi_to_axi_lite/i_axi_burst_splitter/i_demux_supported_vs_unsupported/gen_demux.i_w_fifo/axi_rsp_o[w_ready]_INST_0_i_6/O
                         net (fo=3, estimated)        0.356     4.620    i_kecc_aes_k_axi_top/i_axi2reg/i_axi_to_axi_lite/i_axi_burst_splitter/i_demux_supported_vs_unsupported/gen_demux.i_w_fifo/axi_rsp_o[w_ready]_INST_0_i_6_n_0
    SLICE_X12Y167        LUT6 (Prop_lut6_I0_O)        0.105     4.725 r  i_kecc_aes_k_axi_top/i_axi2reg/i_axi_to_axi_lite/i_axi_burst_splitter/i_demux_supported_vs_unsupported/gen_demux.i_w_fifo/q[63]_i_27/O
                         net (fo=15, estimated)       0.278     5.003    i_kecc_aes_k_axi_top/i_axi2reg/i_axi_lite_to_reg/i_fifo_write_req/q_reg[0]
    SLICE_X13Y166        LUT5 (Prop_lut5_I0_O)        0.105     5.108 r  i_kecc_aes_k_axi_top/i_axi2reg/i_axi_lite_to_reg/i_fifo_write_req/gen_arbiter.gen_int_rr.rr_q[0]_i_2__0/O
                         net (fo=4, estimated)        0.260     5.368    i_kecc_aes_k_axi_top/i_axi2reg/i_axi_lite_to_reg/i_fifo_read/mem_q_reg[0][error]__0_1
    SLICE_X14Y166        LUT6 (Prop_lut6_I1_O)        0.105     5.473 f  i_kecc_aes_k_axi_top/i_axi2reg/i_axi_lite_to_reg/i_fifo_read/status_cnt_q[1]_i_2__0/O
                         net (fo=43, estimated)       0.410     5.883    i_kecc_aes_k_axi_top/i_axi2reg/i_axi_lite_to_reg/i_fifo_read/write_ready
    SLICE_X17Y165        LUT5 (Prop_lut5_I3_O)        0.105     5.988 r  i_kecc_aes_k_axi_top/i_axi2reg/i_axi_lite_to_reg/i_fifo_read/q[63]_i_16/O
                         net (fo=1, estimated)        0.229     6.217    i_kecc_aes_k_axi_top/i_axi2reg/i_axi_lite_to_reg/i_fifo_read/reg_req_i[addr][0]
    SLICE_X21Y165        LUT6 (Prop_lut6_I5_O)        0.105     6.322 r  i_kecc_aes_k_axi_top/i_axi2reg/i_axi_lite_to_reg/i_fifo_read/q[63]_i_14__0/O
                         net (fo=1, estimated)        0.221     6.543    i_kecc_aes_k_axi_top/i_axi2reg/i_axi_lite_to_reg/i_fifo_read/q[63]_i_14__0_n_0
    SLICE_X21Y164        LUT6 (Prop_lut6_I5_O)        0.105     6.648 r  i_kecc_aes_k_axi_top/i_axi2reg/i_axi_lite_to_reg/i_fifo_read/q[63]_i_9/O
                         net (fo=5, estimated)        0.257     6.905    i_kecc_aes_k_axi_top/i_axi2reg/i_axi_lite_to_reg/i_fifo_read/q[63]_i_9_n_0
    SLICE_X25Y164        LUT2 (Prop_lut2_I1_O)        0.105     7.010 r  i_kecc_aes_k_axi_top/i_axi2reg/i_axi_lite_to_reg/i_fifo_read/q[63]_i_4/O
                         net (fo=19, estimated)       0.408     7.418    i_kecc_aes_k_axi_top/i_axi2reg/i_axi_lite_to_reg/i_fifo_read/q[63]_i_4_n_0
    SLICE_X24Y166        LUT4 (Prop_lut4_I1_O)        0.105     7.523 r  i_kecc_aes_k_axi_top/i_axi2reg/i_axi_lite_to_reg/i_fifo_read/q[0]_i_3/O
                         net (fo=60, estimated)       0.654     8.177    i_kecc_aes_k_axi_top/i_axi2reg/i_axi_lite_to_reg/i_fifo_read/q[0]_i_3_n_0
    SLICE_X26Y167        LUT4 (Prop_lut4_I0_O)        0.105     8.282 f  i_kecc_aes_k_axi_top/i_axi2reg/i_axi_lite_to_reg/i_fifo_read/q[63]_i_14/O
                         net (fo=1, estimated)        0.663     8.945    i_kecc_aes_k_axi_top/i_axi2reg/i_axi_lite_to_reg/i_fifo_read/q[63]_i_14_n_0
    SLICE_X32Y169        LUT5 (Prop_lut5_I0_O)        0.105     9.050 r  i_kecc_aes_k_axi_top/i_axi2reg/i_axi_lite_to_reg/i_fifo_read/q[63]_i_5/O
                         net (fo=33, estimated)       0.759     9.809    i_kecc_aes_k_axi_top/i_axi2reg/i_axi_lite_to_reg/i_fifo_read/q[63]_i_5_n_0
    SLICE_X37Y168        LUT6 (Prop_lut6_I3_O)        0.105     9.914 r  i_kecc_aes_k_axi_top/i_axi2reg/i_axi_lite_to_reg/i_fifo_read/wr_data_i_1__5/O
                         net (fo=65, estimated)       0.613    10.527    i_kecc_aes_k_axi_top/i_axi2reg/i_axi_lite_to_reg/i_fifo_read/keccak_data_18_we
    SLICE_X53Y167        LUT2 (Prop_lut2_I0_O)        0.105    10.632 r  i_kecc_aes_k_axi_top/i_axi2reg/i_axi_lite_to_reg/i_fifo_read/q[63]_i_1__17/O
                         net (fo=64, estimated)       0.565    11.197    i_kecc_aes_k_axi_top/kecc_aes_k_axi_reg_top_i/u_keccak_data_18/q_reg[0]_0[0]
    SLICE_X53Y165        FDCE                                         r  i_kecc_aes_k_axi_top/kecc_aes_k_axi_reg_top_i/u_keccak_data_18/q_reg[59]/CE
  -------------------------------------------------------------------    -------------------

                         (clock clk_i rise edge)     10.000    10.000 r  
                                                      0.000    10.000 r  clk_i (IN)
                         net (fo=3396, unset)         0.748    10.748    i_kecc_aes_k_axi_top/kecc_aes_k_axi_reg_top_i/u_keccak_data_18/clk_i
    SLICE_X53Y165        FDCE                                         r  i_kecc_aes_k_axi_top/kecc_aes_k_axi_reg_top_i/u_keccak_data_18/q_reg[59]/C
                         clock pessimism              0.000    10.748    
                         clock uncertainty           -0.035    10.712    
    SLICE_X53Y165        FDCE (Setup_fdce_C_CE)      -0.168    10.544    i_kecc_aes_k_axi_top/kecc_aes_k_axi_reg_top_i/u_keccak_data_18/q_reg[59]
  -------------------------------------------------------------------
                         required time                         10.544    
                         arrival time                         -11.197    
  -------------------------------------------------------------------
                         slack                                 -0.653    

Slack (VIOLATED) :        -0.653ns  (required time - arrival time)
  Source:                 i_kecc_aes_k_axi_top/i_axi2reg/i_axi_to_axi_lite/i_axi_burst_splitter/i_demux_supported_vs_unsupported/gen_demux.gen_aw_id_counter.i_aw_id_counter/gen_counters[23].mst_select_q_reg[23][0]/C
                            (rising edge-triggered cell FDCE clocked by clk_i  {rise@0.000ns fall@5.000ns period=10.000ns})
  Destination:            i_kecc_aes_k_axi_top/kecc_aes_k_axi_reg_top_i/u_keccak_data_18/q_reg[59]/CE
                            (rising edge-triggered cell FDCE clocked by clk_i  {rise@0.000ns fall@5.000ns period=10.000ns})
  Path Group:             clk_i
  Path Type:              Setup (Max at Slow Process Corner)
  Requirement:            10.000ns  (clk_i rise@10.000ns - clk_i rise@0.000ns)
  Data Path Delay:        10.410ns  (logic 2.615ns (25.120%)  route 7.795ns (74.880%))
  Logic Levels:           18  (LUT2=2 LUT4=2 LUT5=3 LUT6=9 MUXF7=1 MUXF8=1)
  Clock Path Skew:        -0.039ns (DCD - SCD + CPR)
    Destination Clock Delay (DCD):    0.748ns = ( 10.748 - 10.000 ) 
    Source Clock Delay      (SCD):    0.787ns
    Clock Pessimism Removal (CPR):    0.000ns
  Clock Uncertainty:      0.035ns  ((TSJ^2 + TIJ^2)^1/2 + DJ) / 2 + PE
    Total System Jitter     (TSJ):    0.071ns
    Total Input Jitter      (TIJ):    0.000ns
    Discrete Jitter          (DJ):    0.000ns
    Phase Error              (PE):    0.000ns

    Location             Delay type                Incr(ns)  Path(ns)    Netlist Resource(s)
  -------------------------------------------------------------------    -------------------
                         (clock clk_i rise edge)      0.000     0.000 r  
                                                      0.000     0.000 r  clk_i (IN)
                         net (fo=3396, unset)         0.787     0.787    i_kecc_aes_k_axi_top/i_axi2reg/i_axi_to_axi_lite/i_axi_burst_splitter/i_demux_supported_vs_unsupported/gen_demux.gen_aw_id_counter.i_aw_id_counter/clk_i
    SLICE_X3Y165         FDCE                                         r  i_kecc_aes_k_axi_top/i_axi2reg/i_axi_to_axi_lite/i_axi_burst_splitter/i_demux_supported_vs_unsupported/gen_demux.gen_aw_id_counter.i_aw_id_counter/gen_counters[23].mst_select_q_reg[23][0]/C
  -------------------------------------------------------------------    -------------------
    SLICE_X3Y165         FDCE (Prop_fdce_C_Q)         0.348     1.135 f  i_kecc_aes_k_axi_top/i_axi2reg/i_axi_to_axi_lite/i_axi_burst_splitter/i_demux_supported_vs_unsupported/gen_demux.gen_aw_id_counter.i_aw_id_counter/gen_counters[23].mst_select_q_reg[23][0]/Q
                         net (fo=2, estimated)        0.670     1.805    i_kecc_aes_k_axi_top/i_axi2reg/i_axi_to_axi_lite/i_axi_burst_splitter/i_demux_supported_vs_unsupported/gen_demux.gen_aw_id_counter.i_aw_id_counter/gen_counters[23].mst_select_q_reg[23]_8
    SLICE_X3Y166         LUT6 (Prop_lut6_I0_O)        0.242     2.047 f  i_kecc_aes_k_axi_top/i_axi2reg/i_axi_to_axi_lite/i_axi_burst_splitter/i_demux_supported_vs_unsupported/gen_demux.gen_aw_id_counter.i_aw_id_counter/axi_rsp_o[aw_ready]_INST_0_i_40/O
                         net (fo=1, routed)           0.000     2.047    i_kecc_aes_k_axi_top/i_axi2reg/i_axi_to_axi_lite/i_axi_burst_splitter/i_demux_supported_vs_unsupported/gen_demux.gen_aw_id_counter.i_aw_id_counter/axi_rsp_o[aw_ready]_INST_0_i_40_n_0
    SLICE_X3Y166         MUXF7 (Prop_muxf7_I1_O)      0.206     2.253 f  i_kecc_aes_k_axi_top/i_axi2reg/i_axi_to_axi_lite/i_axi_burst_splitter/i_demux_supported_vs_unsupported/gen_demux.gen_aw_id_counter.i_aw_id_counter/axi_rsp_o[aw_ready]_INST_0_i_31/O
                         net (fo=1, routed)           0.000     2.253    i_kecc_aes_k_axi_top/i_axi2reg/i_axi_to_axi_lite/i_axi_burst_splitter/i_demux_supported_vs_unsupported/gen_demux.gen_aw_id_counter.i_aw_id_counter/axi_rsp_o[aw_ready]_INST_0_i_31_n_0
    SLICE_X3Y166         MUXF8 (Prop_muxf8_I0_O)      0.085     2.338 f  i_kecc_aes_k_axi_top/i_axi2reg/i_axi_to_axi_lite/i_axi_burst_splitter/i_demux_supported_vs_unsupported/gen_demux.gen_aw_id_counter.i_aw_id_counter/axi_rsp_o[aw_ready]_INST_0_i_21/O
                         net (fo=1, estimated)        0.886     3.224    i_kecc_aes_k_axi_top/i_axi2reg/i_axi_to_axi_lite/i_axi_burst_splitter/i_demux_supported_vs_unsupported/gen_demux.gen_aw_id_counter.i_aw_id_counter/gen_counters[3].i_in_flight_cnt/axi_rsp_o[aw_ready]_INST_0_i_6
    SLICE_X11Y166        LUT6 (Prop_lut6_I1_O)        0.264     3.488 f  i_kecc_aes_k_axi_top/i_axi2reg/i_axi_to_axi_lite/i_axi_burst_splitter/i_demux_supported_vs_unsupported/gen_demux.gen_aw_id_counter.i_aw_id_counter/gen_counters[3].i_in_flight_cnt/axi_rsp_o[aw_ready]_INST_0_i_12/O
                         net (fo=2, estimated)        0.244     3.732    i_kecc_aes_k_axi_top/i_axi2reg/i_axi_to_axi_lite/i_axi_burst_splitter/i_demux_supported_vs_unsupported/gen_demux.gen_aw_id_counter.i_aw_id_counter/gen_counters[3].i_in_flight_cnt/axi_req_i[aw][id]_4_sn_1
    SLICE_X10Y167        LUT6 (Prop_lut6_I1_O)        0.105     3.837 f  i_kecc_aes_k_axi_top/i_axi2reg/i_axi_to_axi_lite/i_axi_burst_splitter/i_demux_supported_vs_unsupported/gen_demux.gen_aw_id_counter.i_aw_id_counter/gen_counters[3].i_in_flight_cnt/status_cnt_q[1]_i_2__3/O
                         net (fo=41, estimated)       0.322     4.159    i_kecc_aes_k_axi_top/i_axi2reg/i_axi_to_axi_lite/i_axi_burst_splitter/i_demux_supported_vs_unsupported/gen_demux.i_w_fifo/status_cnt_q_reg[1]_0
    SLICE_X13Y167        LUT6 (Prop_lut6_I4_O)        0.105     4.264 f  i_kecc_aes_k_axi_top/i_axi2reg/i_axi_to_axi_lite/i_axi_burst_splitter/i_demux_supported_vs_unsupported/gen_demux.i_w_fifo/axi_rsp_o[w_ready]_INST_0_i_6/O
                         net (fo=3, estimated)        0.356     4.620    i_kecc_aes_k_axi_top/i_axi2reg/i_axi_to_axi_lite/i_axi_burst_splitter/i_demux_supported_vs_unsupported/gen_demux.i_w_fifo/axi_rsp_o[w_ready]_INST_0_i_6_n_0
    SLICE_X12Y167        LUT6 (Prop_lut6_I0_O)        0.105     4.725 r  i_kecc_aes_k_axi_top/i_axi2reg/i_axi_to_axi_lite/i_axi_burst_splitter/i_demux_supported_vs_unsupported/gen_demux.i_w_fifo/q[63]_i_27/O
                         net (fo=15, estimated)       0.278     5.003    i_kecc_aes_k_axi_top/i_axi2reg/i_axi_lite_to_reg/i_fifo_write_req/q_reg[0]
    SLICE_X13Y166        LUT5 (Prop_lut5_I0_O)        0.105     5.108 r  i_kecc_aes_k_axi_top/i_axi2reg/i_axi_lite_to_reg/i_fifo_write_req/gen_arbiter.gen_int_rr.rr_q[0]_i_2__0/O
                         net (fo=4, estimated)        0.260     5.368    i_kecc_aes_k_axi_top/i_axi2reg/i_axi_lite_to_reg/i_fifo_read/mem_q_reg[0][error]__0_1
    SLICE_X14Y166        LUT6 (Prop_lut6_I1_O)        0.105     5.473 f  i_kecc_aes_k_axi_top/i_axi2reg/i_axi_lite_to_reg/i_fifo_read/status_cnt_q[1]_i_2__0/O
                         net (fo=43, estimated)       0.410     5.883    i_kecc_aes_k_axi_top/i_axi2reg/i_axi_lite_to_reg/i_fifo_read/write_ready
    SLICE_X17Y165        LUT5 (Prop_lut5_I3_O)        0.105     5.988 r  i_kecc_aes_k_axi_top/i_axi2reg/i_axi_lite_to_reg/i_fifo_read/q[63]_i_16/O
                         net (fo=1, estimated)        0.229     6.217    i_kecc_aes_k_axi_top/i_axi2reg/i_axi_lite_to_reg/i_fifo_read/reg_req_i[addr][0]
    SLICE_X21Y165        LUT6 (Prop_lut6_I5_O)        0.105     6.322 r  i_kecc_aes_k_axi_top/i_axi2reg/i_axi_lite_to_reg/i_fifo_read/q[63]_i_14__0/O
                         net (fo=1, estimated)        0.221     6.543    i_kecc_aes_k_axi_top/i_axi2reg/i_axi_lite_to_reg/i_fifo_read/q[63]_i_14__0_n_0
    SLICE_X21Y164        LUT6 (Prop_lut6_I5_O)        0.105     6.648 r  i_kecc_aes_k_axi_top/i_axi2reg/i_axi_lite_to_reg/i_fifo_read/q[63]_i_9/O
                         net (fo=5, estimated)        0.257     6.905    i_kecc_aes_k_axi_top/i_axi2reg/i_axi_lite_to_reg/i_fifo_read/q[63]_i_9_n_0
    SLICE_X25Y164        LUT2 (Prop_lut2_I1_O)        0.105     7.010 r  i_kecc_aes_k_axi_top/i_axi2reg/i_axi_lite_to_reg/i_fifo_read/q[63]_i_4/O
                         net (fo=19, estimated)       0.408     7.418    i_kecc_aes_k_axi_top/i_axi2reg/i_axi_lite_to_reg/i_fifo_read/q[63]_i_4_n_0
    SLICE_X24Y166        LUT4 (Prop_lut4_I1_O)        0.105     7.523 r  i_kecc_aes_k_axi_top/i_axi2reg/i_axi_lite_to_reg/i_fifo_read/q[0]_i_3/O
                         net (fo=60, estimated)       0.654     8.177    i_kecc_aes_k_axi_top/i_axi2reg/i_axi_lite_to_reg/i_fifo_read/q[0]_i_3_n_0
    SLICE_X26Y167        LUT4 (Prop_lut4_I0_O)        0.105     8.282 f  i_kecc_aes_k_axi_top/i_axi2reg/i_axi_lite_to_reg/i_fifo_read/q[63]_i_14/O
                         net (fo=1, estimated)        0.663     8.945    i_kecc_aes_k_axi_top/i_axi2reg/i_axi_lite_to_reg/i_fifo_read/q[63]_i_14_n_0
    SLICE_X32Y169        LUT5 (Prop_lut5_I0_O)        0.105     9.050 r  i_kecc_aes_k_axi_top/i_axi2reg/i_axi_lite_to_reg/i_fifo_read/q[63]_i_5/O
                         net (fo=33, estimated)       0.759     9.809    i_kecc_aes_k_axi_top/i_axi2reg/i_axi_lite_to_reg/i_fifo_read/q[63]_i_5_n_0
    SLICE_X37Y168        LUT6 (Prop_lut6_I3_O)        0.105     9.914 r  i_kecc_aes_k_axi_top/i_axi2reg/i_axi_lite_to_reg/i_fifo_read/wr_data_i_1__5/O
                         net (fo=65, estimated)       0.613    10.527    i_kecc_aes_k_axi_top/i_axi2reg/i_axi_lite_to_reg/i_fifo_read/keccak_data_18_we
    SLICE_X53Y167        LUT2 (Prop_lut2_I0_O)        0.105    10.632 r  i_kecc_aes_k_axi_top/i_axi2reg/i_axi_lite_to_reg/i_fifo_read/q[63]_i_1__17/O
                         net (fo=64, estimated)       0.565    11.197    i_kecc_aes_k_axi_top/kecc_aes_k_axi_reg_top_i/u_keccak_data_18/q_reg[0]_0[0]
    SLICE_X53Y165        FDCE                                         r  i_kecc_aes_k_axi_top/kecc_aes_k_axi_reg_top_i/u_keccak_data_18/q_reg[59]/CE
  -------------------------------------------------------------------    -------------------

                         (clock clk_i rise edge)     10.000    10.000 r  
                                                      0.000    10.000 r  clk_i (IN)
                         net (fo=3396, unset)         0.748    10.748    i_kecc_aes_k_axi_top/kecc_aes_k_axi_reg_top_i/u_keccak_data_18/clk_i
    SLICE_X53Y165        FDCE                                         r  i_kecc_aes_k_axi_top/kecc_aes_k_axi_reg_top_i/u_keccak_data_18/q_reg[59]/C
                         clock pessimism              0.000    10.748    
                         clock uncertainty           -0.035    10.712    
    SLICE_X53Y165        FDCE (Setup_fdce_C_CE)      -0.168    10.544    i_kecc_aes_k_axi_top/kecc_aes_k_axi_reg_top_i/u_keccak_data_18/q_reg[59]
  -------------------------------------------------------------------
                         required time                         10.544    
                         arrival time                         -11.197    
  -------------------------------------------------------------------
                         slack                                 -0.653    

Slack (VIOLATED) :        -0.653ns  (required time - arrival time)
  Source:                 i_kecc_aes_k_axi_top/i_axi2reg/i_axi_to_axi_lite/i_axi_burst_splitter/i_demux_supported_vs_unsupported/gen_demux.gen_aw_id_counter.i_aw_id_counter/gen_counters[23].mst_select_q_reg[23][0]/C
                            (rising edge-triggered cell FDCE clocked by clk_i  {rise@0.000ns fall@5.000ns period=10.000ns})
  Destination:            i_kecc_aes_k_axi_top/kecc_aes_k_axi_reg_top_i/u_keccak_data_18/q_reg[59]/CE
                            (rising edge-triggered cell FDCE clocked by clk_i  {rise@0.000ns fall@5.000ns period=10.000ns})
  Path Group:             clk_i
  Path Type:              Setup (Max at Slow Process Corner)
  Requirement:            10.000ns  (clk_i rise@10.000ns - clk_i rise@0.000ns)
  Data Path Delay:        10.410ns  (logic 2.615ns (25.120%)  route 7.795ns (74.880%))
  Logic Levels:           18  (LUT2=2 LUT4=2 LUT5=3 LUT6=9 MUXF7=1 MUXF8=1)
  Clock Path Skew:        -0.039ns (DCD - SCD + CPR)
    Destination Clock Delay (DCD):    0.748ns = ( 10.748 - 10.000 ) 
    Source Clock Delay      (SCD):    0.787ns
    Clock Pessimism Removal (CPR):    0.000ns
  Clock Uncertainty:      0.035ns  ((TSJ^2 + TIJ^2)^1/2 + DJ) / 2 + PE
    Total System Jitter     (TSJ):    0.071ns
    Total Input Jitter      (TIJ):    0.000ns
    Discrete Jitter          (DJ):    0.000ns
    Phase Error              (PE):    0.000ns

    Location             Delay type                Incr(ns)  Path(ns)    Netlist Resource(s)
  -------------------------------------------------------------------    -------------------
                         (clock clk_i rise edge)      0.000     0.000 r  
                                                      0.000     0.000 r  clk_i (IN)
                         net (fo=3396, unset)         0.787     0.787    i_kecc_aes_k_axi_top/i_axi2reg/i_axi_to_axi_lite/i_axi_burst_splitter/i_demux_supported_vs_unsupported/gen_demux.gen_aw_id_counter.i_aw_id_counter/clk_i
    SLICE_X3Y165         FDCE                                         r  i_kecc_aes_k_axi_top/i_axi2reg/i_axi_to_axi_lite/i_axi_burst_splitter/i_demux_supported_vs_unsupported/gen_demux.gen_aw_id_counter.i_aw_id_counter/gen_counters[23].mst_select_q_reg[23][0]/C
  -------------------------------------------------------------------    -------------------
    SLICE_X3Y165         FDCE (Prop_fdce_C_Q)         0.348     1.135 r  i_kecc_aes_k_axi_top/i_axi2reg/i_axi_to_axi_lite/i_axi_burst_splitter/i_demux_supported_vs_unsupported/gen_demux.gen_aw_id_counter.i_aw_id_counter/gen_counters[23].mst_select_q_reg[23][0]/Q
                         net (fo=2, estimated)        0.670     1.805    i_kecc_aes_k_axi_top/i_axi2reg/i_axi_to_axi_lite/i_axi_burst_splitter/i_demux_supported_vs_unsupported/gen_demux.gen_aw_id_counter.i_aw_id_counter/gen_counters[23].mst_select_q_reg[23]_8
    SLICE_X3Y166         LUT6 (Prop_lut6_I0_O)        0.242     2.047 r  i_kecc_aes_k_axi_top/i_axi2reg/i_axi_to_axi_lite/i_axi_burst_splitter/i_demux_supported_vs_unsupported/gen_demux.gen_aw_id_counter.i_aw_id_counter/axi_rsp_o[aw_ready]_INST_0_i_40/O
                         net (fo=1, routed)           0.000     2.047    i_kecc_aes_k_axi_top/i_axi2reg/i_axi_to_axi_lite/i_axi_burst_splitter/i_demux_supported_vs_unsupported/gen_demux.gen_aw_id_counter.i_aw_id_counter/axi_rsp_o[aw_ready]_INST_0_i_40_n_0
    SLICE_X3Y166         MUXF7 (Prop_muxf7_I1_O)      0.206     2.253 r  i_kecc_aes_k_axi_top/i_axi2reg/i_axi_to_axi_lite/i_axi_burst_splitter/i_demux_supported_vs_unsupported/gen_demux.gen_aw_id_counter.i_aw_id_counter/axi_rsp_o[aw_ready]_INST_0_i_31/O
                         net (fo=1, routed)           0.000     2.253    i_kecc_aes_k_axi_top/i_axi2reg/i_axi_to_axi_lite/i_axi_burst_splitter/i_demux_supported_vs_unsupported/gen_demux.gen_aw_id_counter.i_aw_id_counter/axi_rsp_o[aw_ready]_INST_0_i_31_n_0
    SLICE_X3Y166         MUXF8 (Prop_muxf8_I0_O)      0.085     2.338 r  i_kecc_aes_k_axi_top/i_axi2reg/i_axi_to_axi_lite/i_axi_burst_splitter/i_demux_supported_vs_unsupported/gen_demux.gen_aw_id_counter.i_aw_id_counter/axi_rsp_o[aw_ready]_INST_0_i_21/O
                         net (fo=1, estimated)        0.886     3.224    i_kecc_aes_k_axi_top/i_axi2reg/i_axi_to_axi_lite/i_axi_burst_splitter/i_demux_supported_vs_unsupported/gen_demux.gen_aw_id_counter.i_aw_id_counter/gen_counters[3].i_in_flight_cnt/axi_rsp_o[aw_ready]_INST_0_i_6
    SLICE_X11Y166        LUT6 (Prop_lut6_I1_O)        0.264     3.488 r  i_kecc_aes_k_axi_top/i_axi2reg/i_axi_to_axi_lite/i_axi_burst_splitter/i_demux_supported_vs_unsupported/gen_demux.gen_aw_id_counter.i_aw_id_counter/gen_counters[3].i_in_flight_cnt/axi_rsp_o[aw_ready]_INST_0_i_12/O
                         net (fo=2, estimated)        0.244     3.732    i_kecc_aes_k_axi_top/i_axi2reg/i_axi_to_axi_lite/i_axi_burst_splitter/i_demux_supported_vs_unsupported/gen_demux.gen_aw_id_counter.i_aw_id_counter/gen_counters[3].i_in_flight_cnt/axi_req_i[aw][id]_4_sn_1
    SLICE_X10Y167        LUT6 (Prop_lut6_I1_O)        0.105     3.837 r  i_kecc_aes_k_axi_top/i_axi2reg/i_axi_to_axi_lite/i_axi_burst_splitter/i_demux_supported_vs_unsupported/gen_demux.gen_aw_id_counter.i_aw_id_counter/gen_counters[3].i_in_flight_cnt/status_cnt_q[1]_i_2__3/O
                         net (fo=41, estimated)       0.322     4.159    i_kecc_aes_k_axi_top/i_axi2reg/i_axi_to_axi_lite/i_axi_burst_splitter/i_demux_supported_vs_unsupported/gen_demux.i_w_fifo/status_cnt_q_reg[1]_0
    SLICE_X13Y167        LUT6 (Prop_lut6_I4_O)        0.105     4.264 r  i_kecc_aes_k_axi_top/i_axi2reg/i_axi_to_axi_lite/i_axi_burst_splitter/i_demux_supported_vs_unsupported/gen_demux.i_w_fifo/axi_rsp_o[w_ready]_INST_0_i_6/O
                         net (fo=3, estimated)        0.356     4.620    i_kecc_aes_k_axi_top/i_axi2reg/i_axi_to_axi_lite/i_axi_burst_splitter/i_demux_supported_vs_unsupported/gen_demux.i_w_fifo/axi_rsp_o[w_ready]_INST_0_i_6_n_0
    SLICE_X12Y167        LUT6 (Prop_lut6_I0_O)        0.105     4.725 f  i_kecc_aes_k_axi_top/i_axi2reg/i_axi_to_axi_lite/i_axi_burst_splitter/i_demux_supported_vs_unsupported/gen_demux.i_w_fifo/q[63]_i_27/O
                         net (fo=15, estimated)       0.278     5.003    i_kecc_aes_k_axi_top/i_axi2reg/i_axi_lite_to_reg/i_fifo_write_req/q_reg[0]
    SLICE_X13Y166        LUT5 (Prop_lut5_I0_O)        0.105     5.108 f  i_kecc_aes_k_axi_top/i_axi2reg/i_axi_lite_to_reg/i_fifo_write_req/gen_arbiter.gen_int_rr.rr_q[0]_i_2__0/O
                         net (fo=4, estimated)        0.260     5.368    i_kecc_aes_k_axi_top/i_axi2reg/i_axi_lite_to_reg/i_fifo_read/mem_q_reg[0][error]__0_1
    SLICE_X14Y166        LUT6 (Prop_lut6_I1_O)        0.105     5.473 r  i_kecc_aes_k_axi_top/i_axi2reg/i_axi_lite_to_reg/i_fifo_read/status_cnt_q[1]_i_2__0/O
                         net (fo=43, estimated)       0.410     5.883    i_kecc_aes_k_axi_top/i_axi2reg/i_axi_lite_to_reg/i_fifo_read/write_ready
    SLICE_X17Y165        LUT5 (Prop_lut5_I3_O)        0.105     5.988 f  i_kecc_aes_k_axi_top/i_axi2reg/i_axi_lite_to_reg/i_fifo_read/q[63]_i_16/O
                         net (fo=1, estimated)        0.229     6.217    i_kecc_aes_k_axi_top/i_axi2reg/i_axi_lite_to_reg/i_fifo_read/reg_req_i[addr][0]
    SLICE_X21Y165        LUT6 (Prop_lut6_I5_O)        0.105     6.322 f  i_kecc_aes_k_axi_top/i_axi2reg/i_axi_lite_to_reg/i_fifo_read/q[63]_i_14__0/O
                         net (fo=1, estimated)        0.221     6.543    i_kecc_aes_k_axi_top/i_axi2reg/i_axi_lite_to_reg/i_fifo_read/q[63]_i_14__0_n_0
    SLICE_X21Y164        LUT6 (Prop_lut6_I5_O)        0.105     6.648 f  i_kecc_aes_k_axi_top/i_axi2reg/i_axi_lite_to_reg/i_fifo_read/q[63]_i_9/O
                         net (fo=5, estimated)        0.257     6.905    i_kecc_aes_k_axi_top/i_axi2reg/i_axi_lite_to_reg/i_fifo_read/q[63]_i_9_n_0
    SLICE_X25Y164        LUT2 (Prop_lut2_I1_O)        0.105     7.010 f  i_kecc_aes_k_axi_top/i_axi2reg/i_axi_lite_to_reg/i_fifo_read/q[63]_i_4/O
                         net (fo=19, estimated)       0.408     7.418    i_kecc_aes_k_axi_top/i_axi2reg/i_axi_lite_to_reg/i_fifo_read/q[63]_i_4_n_0
    SLICE_X24Y166        LUT4 (Prop_lut4_I1_O)        0.105     7.523 f  i_kecc_aes_k_axi_top/i_axi2reg/i_axi_lite_to_reg/i_fifo_read/q[0]_i_3/O
                         net (fo=60, estimated)       0.654     8.177    i_kecc_aes_k_axi_top/i_axi2reg/i_axi_lite_to_reg/i_fifo_read/q[0]_i_3_n_0
    SLICE_X26Y167        LUT4 (Prop_lut4_I0_O)        0.105     8.282 r  i_kecc_aes_k_axi_top/i_axi2reg/i_axi_lite_to_reg/i_fifo_read/q[63]_i_14/O
                         net (fo=1, estimated)        0.663     8.945    i_kecc_aes_k_axi_top/i_axi2reg/i_axi_lite_to_reg/i_fifo_read/q[63]_i_14_n_0
    SLICE_X32Y169        LUT5 (Prop_lut5_I0_O)        0.105     9.050 f  i_kecc_aes_k_axi_top/i_axi2reg/i_axi_lite_to_reg/i_fifo_read/q[63]_i_5/O
                         net (fo=33, estimated)       0.759     9.809    i_kecc_aes_k_axi_top/i_axi2reg/i_axi_lite_to_reg/i_fifo_read/q[63]_i_5_n_0
    SLICE_X37Y168        LUT6 (Prop_lut6_I3_O)        0.105     9.914 f  i_kecc_aes_k_axi_top/i_axi2reg/i_axi_lite_to_reg/i_fifo_read/wr_data_i_1__5/O
                         net (fo=65, estimated)       0.613    10.527    i_kecc_aes_k_axi_top/i_axi2reg/i_axi_lite_to_reg/i_fifo_read/keccak_data_18_we
    SLICE_X53Y167        LUT2 (Prop_lut2_I0_O)        0.105    10.632 f  i_kecc_aes_k_axi_top/i_axi2reg/i_axi_lite_to_reg/i_fifo_read/q[63]_i_1__17/O
                         net (fo=64, estimated)       0.565    11.197    i_kecc_aes_k_axi_top/kecc_aes_k_axi_reg_top_i/u_keccak_data_18/q_reg[0]_0[0]
    SLICE_X53Y165        FDCE                                         f  i_kecc_aes_k_axi_top/kecc_aes_k_axi_reg_top_i/u_keccak_data_18/q_reg[59]/CE
  -------------------------------------------------------------------    -------------------

                         (clock clk_i rise edge)     10.000    10.000 r  
                                                      0.000    10.000 r  clk_i (IN)
                         net (fo=3396, unset)         0.748    10.748    i_kecc_aes_k_axi_top/kecc_aes_k_axi_reg_top_i/u_keccak_data_18/clk_i
    SLICE_X53Y165        FDCE                                         r  i_kecc_aes_k_axi_top/kecc_aes_k_axi_reg_top_i/u_keccak_data_18/q_reg[59]/C
                         clock pessimism              0.000    10.748    
                         clock uncertainty           -0.035    10.712    
    SLICE_X53Y165        FDCE (Setup_fdce_C_CE)      -0.168    10.544    i_kecc_aes_k_axi_top/kecc_aes_k_axi_reg_top_i/u_keccak_data_18/q_reg[59]
  -------------------------------------------------------------------
                         required time                         10.544    
                         arrival time                         -11.197    
  -------------------------------------------------------------------
                         slack                                 -0.653    

Slack (VIOLATED) :        -0.653ns  (required time - arrival time)
  Source:                 i_kecc_aes_k_axi_top/i_axi2reg/i_axi_to_axi_lite/i_axi_burst_splitter/i_demux_supported_vs_unsupported/gen_demux.gen_aw_id_counter.i_aw_id_counter/gen_counters[23].mst_select_q_reg[23][0]/C
                            (rising edge-triggered cell FDCE clocked by clk_i  {rise@0.000ns fall@5.000ns period=10.000ns})
  Destination:            i_kecc_aes_k_axi_top/kecc_aes_k_axi_reg_top_i/u_keccak_data_18/q_reg[59]/CE
                            (rising edge-triggered cell FDCE clocked by clk_i  {rise@0.000ns fall@5.000ns period=10.000ns})
  Path Group:             clk_i
  Path Type:              Setup (Max at Slow Process Corner)
  Requirement:            10.000ns  (clk_i rise@10.000ns - clk_i rise@0.000ns)
  Data Path Delay:        10.410ns  (logic 2.615ns (25.120%)  route 7.795ns (74.880%))
  Logic Levels:           18  (LUT2=2 LUT4=2 LUT5=3 LUT6=9 MUXF7=1 MUXF8=1)
  Clock Path Skew:        -0.039ns (DCD - SCD + CPR)
    Destination Clock Delay (DCD):    0.748ns = ( 10.748 - 10.000 ) 
    Source Clock Delay      (SCD):    0.787ns
    Clock Pessimism Removal (CPR):    0.000ns
  Clock Uncertainty:      0.035ns  ((TSJ^2 + TIJ^2)^1/2 + DJ) / 2 + PE
    Total System Jitter     (TSJ):    0.071ns
    Total Input Jitter      (TIJ):    0.000ns
    Discrete Jitter          (DJ):    0.000ns
    Phase Error              (PE):    0.000ns

    Location             Delay type                Incr(ns)  Path(ns)    Netlist Resource(s)
  -------------------------------------------------------------------    -------------------
                         (clock clk_i rise edge)      0.000     0.000 r  
                                                      0.000     0.000 r  clk_i (IN)
                         net (fo=3396, unset)         0.787     0.787    i_kecc_aes_k_axi_top/i_axi2reg/i_axi_to_axi_lite/i_axi_burst_splitter/i_demux_supported_vs_unsupported/gen_demux.gen_aw_id_counter.i_aw_id_counter/clk_i
    SLICE_X3Y165         FDCE                                         r  i_kecc_aes_k_axi_top/i_axi2reg/i_axi_to_axi_lite/i_axi_burst_splitter/i_demux_supported_vs_unsupported/gen_demux.gen_aw_id_counter.i_aw_id_counter/gen_counters[23].mst_select_q_reg[23][0]/C
  -------------------------------------------------------------------    -------------------
    SLICE_X3Y165         FDCE (Prop_fdce_C_Q)         0.348     1.135 f  i_kecc_aes_k_axi_top/i_axi2reg/i_axi_to_axi_lite/i_axi_burst_splitter/i_demux_supported_vs_unsupported/gen_demux.gen_aw_id_counter.i_aw_id_counter/gen_counters[23].mst_select_q_reg[23][0]/Q
                         net (fo=2, estimated)        0.670     1.805    i_kecc_aes_k_axi_top/i_axi2reg/i_axi_to_axi_lite/i_axi_burst_splitter/i_demux_supported_vs_unsupported/gen_demux.gen_aw_id_counter.i_aw_id_counter/gen_counters[23].mst_select_q_reg[23]_8
    SLICE_X3Y166         LUT6 (Prop_lut6_I0_O)        0.242     2.047 f  i_kecc_aes_k_axi_top/i_axi2reg/i_axi_to_axi_lite/i_axi_burst_splitter/i_demux_supported_vs_unsupported/gen_demux.gen_aw_id_counter.i_aw_id_counter/axi_rsp_o[aw_ready]_INST_0_i_40/O
                         net (fo=1, routed)           0.000     2.047    i_kecc_aes_k_axi_top/i_axi2reg/i_axi_to_axi_lite/i_axi_burst_splitter/i_demux_supported_vs_unsupported/gen_demux.gen_aw_id_counter.i_aw_id_counter/axi_rsp_o[aw_ready]_INST_0_i_40_n_0
    SLICE_X3Y166         MUXF7 (Prop_muxf7_I1_O)      0.206     2.253 f  i_kecc_aes_k_axi_top/i_axi2reg/i_axi_to_axi_lite/i_axi_burst_splitter/i_demux_supported_vs_unsupported/gen_demux.gen_aw_id_counter.i_aw_id_counter/axi_rsp_o[aw_ready]_INST_0_i_31/O
                         net (fo=1, routed)           0.000     2.253    i_kecc_aes_k_axi_top/i_axi2reg/i_axi_to_axi_lite/i_axi_burst_splitter/i_demux_supported_vs_unsupported/gen_demux.gen_aw_id_counter.i_aw_id_counter/axi_rsp_o[aw_ready]_INST_0_i_31_n_0
    SLICE_X3Y166         MUXF8 (Prop_muxf8_I0_O)      0.085     2.338 f  i_kecc_aes_k_axi_top/i_axi2reg/i_axi_to_axi_lite/i_axi_burst_splitter/i_demux_supported_vs_unsupported/gen_demux.gen_aw_id_counter.i_aw_id_counter/axi_rsp_o[aw_ready]_INST_0_i_21/O
                         net (fo=1, estimated)        0.886     3.224    i_kecc_aes_k_axi_top/i_axi2reg/i_axi_to_axi_lite/i_axi_burst_splitter/i_demux_supported_vs_unsupported/gen_demux.gen_aw_id_counter.i_aw_id_counter/gen_counters[3].i_in_flight_cnt/axi_rsp_o[aw_ready]_INST_0_i_6
    SLICE_X11Y166        LUT6 (Prop_lut6_I1_O)        0.264     3.488 r  i_kecc_aes_k_axi_top/i_axi2reg/i_axi_to_axi_lite/i_axi_burst_splitter/i_demux_supported_vs_unsupported/gen_demux.gen_aw_id_counter.i_aw_id_counter/gen_counters[3].i_in_flight_cnt/axi_rsp_o[aw_ready]_INST_0_i_12/O
                         net (fo=2, estimated)        0.244     3.732    i_kecc_aes_k_axi_top/i_axi2reg/i_axi_to_axi_lite/i_axi_burst_splitter/i_demux_supported_vs_unsupported/gen_demux.gen_aw_id_counter.i_aw_id_counter/gen_counters[3].i_in_flight_cnt/axi_req_i[aw][id]_4_sn_1
    SLICE_X10Y167        LUT6 (Prop_lut6_I1_O)        0.105     3.837 r  i_kecc_aes_k_axi_top/i_axi2reg/i_axi_to_axi_lite/i_axi_burst_splitter/i_demux_supported_vs_unsupported/gen_demux.gen_aw_id_counter.i_aw_id_counter/gen_counters[3].i_in_flight_cnt/status_cnt_q[1]_i_2__3/O
                         net (fo=41, estimated)       0.322     4.159    i_kecc_aes_k_axi_top/i_axi2reg/i_axi_to_axi_lite/i_axi_burst_splitter/i_demux_supported_vs_unsupported/gen_demux.i_w_fifo/status_cnt_q_reg[1]_0
    SLICE_X13Y167        LUT6 (Prop_lut6_I4_O)        0.105     4.264 r  i_kecc_aes_k_axi_top/i_axi2reg/i_axi_to_axi_lite/i_axi_burst_splitter/i_demux_supported_vs_unsupported/gen_demux.i_w_fifo/axi_rsp_o[w_ready]_INST_0_i_6/O
                         net (fo=3, estimated)        0.356     4.620    i_kecc_aes_k_axi_top/i_axi2reg/i_axi_to_axi_lite/i_axi_burst_splitter/i_demux_supported_vs_unsupported/gen_demux.i_w_fifo/axi_rsp_o[w_ready]_INST_0_i_6_n_0
    SLICE_X12Y167        LUT6 (Prop_lut6_I0_O)        0.105     4.725 f  i_kecc_aes_k_axi_top/i_axi2reg/i_axi_to_axi_lite/i_axi_burst_splitter/i_demux_supported_vs_unsupported/gen_demux.i_w_fifo/q[63]_i_27/O
                         net (fo=15, estimated)       0.278     5.003    i_kecc_aes_k_axi_top/i_axi2reg/i_axi_lite_to_reg/i_fifo_write_req/q_reg[0]
    SLICE_X13Y166        LUT5 (Prop_lut5_I0_O)        0.105     5.108 f  i_kecc_aes_k_axi_top/i_axi2reg/i_axi_lite_to_reg/i_fifo_write_req/gen_arbiter.gen_int_rr.rr_q[0]_i_2__0/O
                         net (fo=4, estimated)        0.260     5.368    i_kecc_aes_k_axi_top/i_axi2reg/i_axi_lite_to_reg/i_fifo_read/mem_q_reg[0][error]__0_1
    SLICE_X14Y166        LUT6 (Prop_lut6_I1_O)        0.105     5.473 r  i_kecc_aes_k_axi_top/i_axi2reg/i_axi_lite_to_reg/i_fifo_read/status_cnt_q[1]_i_2__0/O
                         net (fo=43, estimated)       0.410     5.883    i_kecc_aes_k_axi_top/i_axi2reg/i_axi_lite_to_reg/i_fifo_read/write_ready
    SLICE_X17Y165        LUT5 (Prop_lut5_I3_O)        0.105     5.988 f  i_kecc_aes_k_axi_top/i_axi2reg/i_axi_lite_to_reg/i_fifo_read/q[63]_i_16/O
                         net (fo=1, estimated)        0.229     6.217    i_kecc_aes_k_axi_top/i_axi2reg/i_axi_lite_to_reg/i_fifo_read/reg_req_i[addr][0]
    SLICE_X21Y165        LUT6 (Prop_lut6_I5_O)        0.105     6.322 f  i_kecc_aes_k_axi_top/i_axi2reg/i_axi_lite_to_reg/i_fifo_read/q[63]_i_14__0/O
                         net (fo=1, estimated)        0.221     6.543    i_kecc_aes_k_axi_top/i_axi2reg/i_axi_lite_to_reg/i_fifo_read/q[63]_i_14__0_n_0
    SLICE_X21Y164        LUT6 (Prop_lut6_I5_O)        0.105     6.648 f  i_kecc_aes_k_axi_top/i_axi2reg/i_axi_lite_to_reg/i_fifo_read/q[63]_i_9/O
                         net (fo=5, estimated)        0.257     6.905    i_kecc_aes_k_axi_top/i_axi2reg/i_axi_lite_to_reg/i_fifo_read/q[63]_i_9_n_0
    SLICE_X25Y164        LUT2 (Prop_lut2_I1_O)        0.105     7.010 f  i_kecc_aes_k_axi_top/i_axi2reg/i_axi_lite_to_reg/i_fifo_read/q[63]_i_4/O
                         net (fo=19, estimated)       0.408     7.418    i_kecc_aes_k_axi_top/i_axi2reg/i_axi_lite_to_reg/i_fifo_read/q[63]_i_4_n_0
    SLICE_X24Y166        LUT4 (Prop_lut4_I1_O)        0.105     7.523 f  i_kecc_aes_k_axi_top/i_axi2reg/i_axi_lite_to_reg/i_fifo_read/q[0]_i_3/O
                         net (fo=60, estimated)       0.654     8.177    i_kecc_aes_k_axi_top/i_axi2reg/i_axi_lite_to_reg/i_fifo_read/q[0]_i_3_n_0
    SLICE_X26Y167        LUT4 (Prop_lut4_I0_O)        0.105     8.282 r  i_kecc_aes_k_axi_top/i_axi2reg/i_axi_lite_to_reg/i_fifo_read/q[63]_i_14/O
                         net (fo=1, estimated)        0.663     8.945    i_kecc_aes_k_axi_top/i_axi2reg/i_axi_lite_to_reg/i_fifo_read/q[63]_i_14_n_0
    SLICE_X32Y169        LUT5 (Prop_lut5_I0_O)        0.105     9.050 f  i_kecc_aes_k_axi_top/i_axi2reg/i_axi_lite_to_reg/i_fifo_read/q[63]_i_5/O
                         net (fo=33, estimated)       0.759     9.809    i_kecc_aes_k_axi_top/i_axi2reg/i_axi_lite_to_reg/i_fifo_read/q[63]_i_5_n_0
    SLICE_X37Y168        LUT6 (Prop_lut6_I3_O)        0.105     9.914 f  i_kecc_aes_k_axi_top/i_axi2reg/i_axi_lite_to_reg/i_fifo_read/wr_data_i_1__5/O
                         net (fo=65, estimated)       0.613    10.527    i_kecc_aes_k_axi_top/i_axi2reg/i_axi_lite_to_reg/i_fifo_read/keccak_data_18_we
    SLICE_X53Y167        LUT2 (Prop_lut2_I0_O)        0.105    10.632 f  i_kecc_aes_k_axi_top/i_axi2reg/i_axi_lite_to_reg/i_fifo_read/q[63]_i_1__17/O
                         net (fo=64, estimated)       0.565    11.197    i_kecc_aes_k_axi_top/kecc_aes_k_axi_reg_top_i/u_keccak_data_18/q_reg[0]_0[0]
    SLICE_X53Y165        FDCE                                         f  i_kecc_aes_k_axi_top/kecc_aes_k_axi_reg_top_i/u_keccak_data_18/q_reg[59]/CE
  -------------------------------------------------------------------    -------------------

                         (clock clk_i rise edge)     10.000    10.000 r  
                                                      0.000    10.000 r  clk_i (IN)
                         net (fo=3396, unset)         0.748    10.748    i_kecc_aes_k_axi_top/kecc_aes_k_axi_reg_top_i/u_keccak_data_18/clk_i
    SLICE_X53Y165        FDCE                                         r  i_kecc_aes_k_axi_top/kecc_aes_k_axi_reg_top_i/u_keccak_data_18/q_reg[59]/C
                         clock pessimism              0.000    10.748    
                         clock uncertainty           -0.035    10.712    
    SLICE_X53Y165        FDCE (Setup_fdce_C_CE)      -0.168    10.544    i_kecc_aes_k_axi_top/kecc_aes_k_axi_reg_top_i/u_keccak_data_18/q_reg[59]
  -------------------------------------------------------------------
                         required time                         10.544    
                         arrival time                         -11.197    
  -------------------------------------------------------------------
                         slack                                 -0.653    

Slack (VIOLATED) :        -0.653ns  (required time - arrival time)
  Source:                 i_kecc_aes_k_axi_top/i_axi2reg/i_axi_to_axi_lite/i_axi_burst_splitter/i_demux_supported_vs_unsupported/gen_demux.gen_aw_id_counter.i_aw_id_counter/gen_counters[23].mst_select_q_reg[23][0]/C
                            (rising edge-triggered cell FDCE clocked by clk_i  {rise@0.000ns fall@5.000ns period=10.000ns})
  Destination:            i_kecc_aes_k_axi_top/kecc_aes_k_axi_reg_top_i/u_keccak_data_18/q_reg[59]/CE
                            (rising edge-triggered cell FDCE clocked by clk_i  {rise@0.000ns fall@5.000ns period=10.000ns})
  Path Group:             clk_i
  Path Type:              Setup (Max at Slow Process Corner)
  Requirement:            10.000ns  (clk_i rise@10.000ns - clk_i rise@0.000ns)
  Data Path Delay:        10.410ns  (logic 2.615ns (25.120%)  route 7.795ns (74.880%))
  Logic Levels:           18  (LUT2=2 LUT4=2 LUT5=3 LUT6=9 MUXF7=1 MUXF8=1)
  Clock Path Skew:        -0.039ns (DCD - SCD + CPR)
    Destination Clock Delay (DCD):    0.748ns = ( 10.748 - 10.000 ) 
    Source Clock Delay      (SCD):    0.787ns
    Clock Pessimism Removal (CPR):    0.000ns
  Clock Uncertainty:      0.035ns  ((TSJ^2 + TIJ^2)^1/2 + DJ) / 2 + PE
    Total System Jitter     (TSJ):    0.071ns
    Total Input Jitter      (TIJ):    0.000ns
    Discrete Jitter          (DJ):    0.000ns
    Phase Error              (PE):    0.000ns

    Location             Delay type                Incr(ns)  Path(ns)    Netlist Resource(s)
  -------------------------------------------------------------------    -------------------
                         (clock clk_i rise edge)      0.000     0.000 r  
                                                      0.000     0.000 r  clk_i (IN)
                         net (fo=3396, unset)         0.787     0.787    i_kecc_aes_k_axi_top/i_axi2reg/i_axi_to_axi_lite/i_axi_burst_splitter/i_demux_supported_vs_unsupported/gen_demux.gen_aw_id_counter.i_aw_id_counter/clk_i
    SLICE_X3Y165         FDCE                                         r  i_kecc_aes_k_axi_top/i_axi2reg/i_axi_to_axi_lite/i_axi_burst_splitter/i_demux_supported_vs_unsupported/gen_demux.gen_aw_id_counter.i_aw_id_counter/gen_counters[23].mst_select_q_reg[23][0]/C
  -------------------------------------------------------------------    -------------------
    SLICE_X3Y165         FDCE (Prop_fdce_C_Q)         0.348     1.135 r  i_kecc_aes_k_axi_top/i_axi2reg/i_axi_to_axi_lite/i_axi_burst_splitter/i_demux_supported_vs_unsupported/gen_demux.gen_aw_id_counter.i_aw_id_counter/gen_counters[23].mst_select_q_reg[23][0]/Q
                         net (fo=2, estimated)        0.670     1.805    i_kecc_aes_k_axi_top/i_axi2reg/i_axi_to_axi_lite/i_axi_burst_splitter/i_demux_supported_vs_unsupported/gen_demux.gen_aw_id_counter.i_aw_id_counter/gen_counters[23].mst_select_q_reg[23]_8
    SLICE_X3Y166         LUT6 (Prop_lut6_I0_O)        0.242     2.047 r  i_kecc_aes_k_axi_top/i_axi2reg/i_axi_to_axi_lite/i_axi_burst_splitter/i_demux_supported_vs_unsupported/gen_demux.gen_aw_id_counter.i_aw_id_counter/axi_rsp_o[aw_ready]_INST_0_i_40/O
                         net (fo=1, routed)           0.000     2.047    i_kecc_aes_k_axi_top/i_axi2reg/i_axi_to_axi_lite/i_axi_burst_splitter/i_demux_supported_vs_unsupported/gen_demux.gen_aw_id_counter.i_aw_id_counter/axi_rsp_o[aw_ready]_INST_0_i_40_n_0
    SLICE_X3Y166         MUXF7 (Prop_muxf7_I1_O)      0.206     2.253 r  i_kecc_aes_k_axi_top/i_axi2reg/i_axi_to_axi_lite/i_axi_burst_splitter/i_demux_supported_vs_unsupported/gen_demux.gen_aw_id_counter.i_aw_id_counter/axi_rsp_o[aw_ready]_INST_0_i_31/O
                         net (fo=1, routed)           0.000     2.253    i_kecc_aes_k_axi_top/i_axi2reg/i_axi_to_axi_lite/i_axi_burst_splitter/i_demux_supported_vs_unsupported/gen_demux.gen_aw_id_counter.i_aw_id_counter/axi_rsp_o[aw_ready]_INST_0_i_31_n_0
    SLICE_X3Y166         MUXF8 (Prop_muxf8_I0_O)      0.085     2.338 r  i_kecc_aes_k_axi_top/i_axi2reg/i_axi_to_axi_lite/i_axi_burst_splitter/i_demux_supported_vs_unsupported/gen_demux.gen_aw_id_counter.i_aw_id_counter/axi_rsp_o[aw_ready]_INST_0_i_21/O
                         net (fo=1, estimated)        0.886     3.224    i_kecc_aes_k_axi_top/i_axi2reg/i_axi_to_axi_lite/i_axi_burst_splitter/i_demux_supported_vs_unsupported/gen_demux.gen_aw_id_counter.i_aw_id_counter/gen_counters[3].i_in_flight_cnt/axi_rsp_o[aw_ready]_INST_0_i_6
    SLICE_X11Y166        LUT6 (Prop_lut6_I1_O)        0.264     3.488 f  i_kecc_aes_k_axi_top/i_axi2reg/i_axi_to_axi_lite/i_axi_burst_splitter/i_demux_supported_vs_unsupported/gen_demux.gen_aw_id_counter.i_aw_id_counter/gen_counters[3].i_in_flight_cnt/axi_rsp_o[aw_ready]_INST_0_i_12/O
                         net (fo=2, estimated)        0.244     3.732    i_kecc_aes_k_axi_top/i_axi2reg/i_axi_to_axi_lite/i_axi_burst_splitter/i_demux_supported_vs_unsupported/gen_demux.gen_aw_id_counter.i_aw_id_counter/gen_counters[3].i_in_flight_cnt/axi_req_i[aw][id]_4_sn_1
    SLICE_X10Y167        LUT6 (Prop_lut6_I1_O)        0.105     3.837 f  i_kecc_aes_k_axi_top/i_axi2reg/i_axi_to_axi_lite/i_axi_burst_splitter/i_demux_supported_vs_unsupported/gen_demux.gen_aw_id_counter.i_aw_id_counter/gen_counters[3].i_in_flight_cnt/status_cnt_q[1]_i_2__3/O
                         net (fo=41, estimated)       0.322     4.159    i_kecc_aes_k_axi_top/i_axi2reg/i_axi_to_axi_lite/i_axi_burst_splitter/i_demux_supported_vs_unsupported/gen_demux.i_w_fifo/status_cnt_q_reg[1]_0
    SLICE_X13Y167        LUT6 (Prop_lut6_I4_O)        0.105     4.264 f  i_kecc_aes_k_axi_top/i_axi2reg/i_axi_to_axi_lite/i_axi_burst_splitter/i_demux_supported_vs_unsupported/gen_demux.i_w_fifo/axi_rsp_o[w_ready]_INST_0_i_6/O
                         net (fo=3, estimated)        0.356     4.620    i_kecc_aes_k_axi_top/i_axi2reg/i_axi_to_axi_lite/i_axi_burst_splitter/i_demux_supported_vs_unsupported/gen_demux.i_w_fifo/axi_rsp_o[w_ready]_INST_0_i_6_n_0
    SLICE_X12Y167        LUT6 (Prop_lut6_I0_O)        0.105     4.725 r  i_kecc_aes_k_axi_top/i_axi2reg/i_axi_to_axi_lite/i_axi_burst_splitter/i_demux_supported_vs_unsupported/gen_demux.i_w_fifo/q[63]_i_27/O
                         net (fo=15, estimated)       0.278     5.003    i_kecc_aes_k_axi_top/i_axi2reg/i_axi_lite_to_reg/i_fifo_write_req/q_reg[0]
    SLICE_X13Y166        LUT5 (Prop_lut5_I0_O)        0.105     5.108 r  i_kecc_aes_k_axi_top/i_axi2reg/i_axi_lite_to_reg/i_fifo_write_req/gen_arbiter.gen_int_rr.rr_q[0]_i_2__0/O
                         net (fo=4, estimated)        0.260     5.368    i_kecc_aes_k_axi_top/i_axi2reg/i_axi_lite_to_reg/i_fifo_read/mem_q_reg[0][error]__0_1
    SLICE_X14Y166        LUT6 (Prop_lut6_I1_O)        0.105     5.473 f  i_kecc_aes_k_axi_top/i_axi2reg/i_axi_lite_to_reg/i_fifo_read/status_cnt_q[1]_i_2__0/O
                         net (fo=43, estimated)       0.410     5.883    i_kecc_aes_k_axi_top/i_axi2reg/i_axi_lite_to_reg/i_fifo_read/write_ready
    SLICE_X17Y165        LUT5 (Prop_lut5_I3_O)        0.105     5.988 f  i_kecc_aes_k_axi_top/i_axi2reg/i_axi_lite_to_reg/i_fifo_read/q[63]_i_16/O
                         net (fo=1, estimated)        0.229     6.217    i_kecc_aes_k_axi_top/i_axi2reg/i_axi_lite_to_reg/i_fifo_read/reg_req_i[addr][0]
    SLICE_X21Y165        LUT6 (Prop_lut6_I5_O)        0.105     6.322 f  i_kecc_aes_k_axi_top/i_axi2reg/i_axi_lite_to_reg/i_fifo_read/q[63]_i_14__0/O
                         net (fo=1, estimated)        0.221     6.543    i_kecc_aes_k_axi_top/i_axi2reg/i_axi_lite_to_reg/i_fifo_read/q[63]_i_14__0_n_0
    SLICE_X21Y164        LUT6 (Prop_lut6_I5_O)        0.105     6.648 f  i_kecc_aes_k_axi_top/i_axi2reg/i_axi_lite_to_reg/i_fifo_read/q[63]_i_9/O
                         net (fo=5, estimated)        0.257     6.905    i_kecc_aes_k_axi_top/i_axi2reg/i_axi_lite_to_reg/i_fifo_read/q[63]_i_9_n_0
    SLICE_X25Y164        LUT2 (Prop_lut2_I1_O)        0.105     7.010 f  i_kecc_aes_k_axi_top/i_axi2reg/i_axi_lite_to_reg/i_fifo_read/q[63]_i_4/O
                         net (fo=19, estimated)       0.408     7.418    i_kecc_aes_k_axi_top/i_axi2reg/i_axi_lite_to_reg/i_fifo_read/q[63]_i_4_n_0
    SLICE_X24Y166        LUT4 (Prop_lut4_I1_O)        0.105     7.523 f  i_kecc_aes_k_axi_top/i_axi2reg/i_axi_lite_to_reg/i_fifo_read/q[0]_i_3/O
                         net (fo=60, estimated)       0.654     8.177    i_kecc_aes_k_axi_top/i_axi2reg/i_axi_lite_to_reg/i_fifo_read/q[0]_i_3_n_0
    SLICE_X26Y167        LUT4 (Prop_lut4_I0_O)        0.105     8.282 r  i_kecc_aes_k_axi_top/i_axi2reg/i_axi_lite_to_reg/i_fifo_read/q[63]_i_14/O
                         net (fo=1, estimated)        0.663     8.945    i_kecc_aes_k_axi_top/i_axi2reg/i_axi_lite_to_reg/i_fifo_read/q[63]_i_14_n_0
    SLICE_X32Y169        LUT5 (Prop_lut5_I0_O)        0.105     9.050 f  i_kecc_aes_k_axi_top/i_axi2reg/i_axi_lite_to_reg/i_fifo_read/q[63]_i_5/O
                         net (fo=33, estimated)       0.759     9.809    i_kecc_aes_k_axi_top/i_axi2reg/i_axi_lite_to_reg/i_fifo_read/q[63]_i_5_n_0
    SLICE_X37Y168        LUT6 (Prop_lut6_I3_O)        0.105     9.914 f  i_kecc_aes_k_axi_top/i_axi2reg/i_axi_lite_to_reg/i_fifo_read/wr_data_i_1__5/O
                         net (fo=65, estimated)       0.613    10.527    i_kecc_aes_k_axi_top/i_axi2reg/i_axi_lite_to_reg/i_fifo_read/keccak_data_18_we
    SLICE_X53Y167        LUT2 (Prop_lut2_I0_O)        0.105    10.632 f  i_kecc_aes_k_axi_top/i_axi2reg/i_axi_lite_to_reg/i_fifo_read/q[63]_i_1__17/O
                         net (fo=64, estimated)       0.565    11.197    i_kecc_aes_k_axi_top/kecc_aes_k_axi_reg_top_i/u_keccak_data_18/q_reg[0]_0[0]
    SLICE_X53Y165        FDCE                                         f  i_kecc_aes_k_axi_top/kecc_aes_k_axi_reg_top_i/u_keccak_data_18/q_reg[59]/CE
  -------------------------------------------------------------------    -------------------

                         (clock clk_i rise edge)     10.000    10.000 r  
                                                      0.000    10.000 r  clk_i (IN)
                         net (fo=3396, unset)         0.748    10.748    i_kecc_aes_k_axi_top/kecc_aes_k_axi_reg_top_i/u_keccak_data_18/clk_i
    SLICE_X53Y165        FDCE                                         r  i_kecc_aes_k_axi_top/kecc_aes_k_axi_reg_top_i/u_keccak_data_18/q_reg[59]/C
                         clock pessimism              0.000    10.748    
                         clock uncertainty           -0.035    10.712    
    SLICE_X53Y165        FDCE (Setup_fdce_C_CE)      -0.168    10.544    i_kecc_aes_k_axi_top/kecc_aes_k_axi_reg_top_i/u_keccak_data_18/q_reg[59]
  -------------------------------------------------------------------
                         required time                         10.544    
                         arrival time                         -11.197    
  -------------------------------------------------------------------
                         slack                                 -0.653    

Slack (VIOLATED) :        -0.653ns  (required time - arrival time)
  Source:                 i_kecc_aes_k_axi_top/i_axi2reg/i_axi_to_axi_lite/i_axi_burst_splitter/i_demux_supported_vs_unsupported/gen_demux.gen_aw_id_counter.i_aw_id_counter/gen_counters[23].mst_select_q_reg[23][0]/C
                            (rising edge-triggered cell FDCE clocked by clk_i  {rise@0.000ns fall@5.000ns period=10.000ns})
  Destination:            i_kecc_aes_k_axi_top/kecc_aes_k_axi_reg_top_i/u_keccak_data_18/q_reg[59]/CE
                            (rising edge-triggered cell FDCE clocked by clk_i  {rise@0.000ns fall@5.000ns period=10.000ns})
  Path Group:             clk_i
  Path Type:              Setup (Max at Slow Process Corner)
  Requirement:            10.000ns  (clk_i rise@10.000ns - clk_i rise@0.000ns)
  Data Path Delay:        10.410ns  (logic 2.615ns (25.120%)  route 7.795ns (74.880%))
  Logic Levels:           18  (LUT2=2 LUT4=2 LUT5=3 LUT6=9 MUXF7=1 MUXF8=1)
  Clock Path Skew:        -0.039ns (DCD - SCD + CPR)
    Destination Clock Delay (DCD):    0.748ns = ( 10.748 - 10.000 ) 
    Source Clock Delay      (SCD):    0.787ns
    Clock Pessimism Removal (CPR):    0.000ns
  Clock Uncertainty:      0.035ns  ((TSJ^2 + TIJ^2)^1/2 + DJ) / 2 + PE
    Total System Jitter     (TSJ):    0.071ns
    Total Input Jitter      (TIJ):    0.000ns
    Discrete Jitter          (DJ):    0.000ns
    Phase Error              (PE):    0.000ns

    Location             Delay type                Incr(ns)  Path(ns)    Netlist Resource(s)
  -------------------------------------------------------------------    -------------------
                         (clock clk_i rise edge)      0.000     0.000 r  
                                                      0.000     0.000 r  clk_i (IN)
                         net (fo=3396, unset)         0.787     0.787    i_kecc_aes_k_axi_top/i_axi2reg/i_axi_to_axi_lite/i_axi_burst_splitter/i_demux_supported_vs_unsupported/gen_demux.gen_aw_id_counter.i_aw_id_counter/clk_i
    SLICE_X3Y165         FDCE                                         r  i_kecc_aes_k_axi_top/i_axi2reg/i_axi_to_axi_lite/i_axi_burst_splitter/i_demux_supported_vs_unsupported/gen_demux.gen_aw_id_counter.i_aw_id_counter/gen_counters[23].mst_select_q_reg[23][0]/C
  -------------------------------------------------------------------    -------------------
    SLICE_X3Y165         FDCE (Prop_fdce_C_Q)         0.348     1.135 f  i_kecc_aes_k_axi_top/i_axi2reg/i_axi_to_axi_lite/i_axi_burst_splitter/i_demux_supported_vs_unsupported/gen_demux.gen_aw_id_counter.i_aw_id_counter/gen_counters[23].mst_select_q_reg[23][0]/Q
                         net (fo=2, estimated)        0.670     1.805    i_kecc_aes_k_axi_top/i_axi2reg/i_axi_to_axi_lite/i_axi_burst_splitter/i_demux_supported_vs_unsupported/gen_demux.gen_aw_id_counter.i_aw_id_counter/gen_counters[23].mst_select_q_reg[23]_8
    SLICE_X3Y166         LUT6 (Prop_lut6_I0_O)        0.242     2.047 f  i_kecc_aes_k_axi_top/i_axi2reg/i_axi_to_axi_lite/i_axi_burst_splitter/i_demux_supported_vs_unsupported/gen_demux.gen_aw_id_counter.i_aw_id_counter/axi_rsp_o[aw_ready]_INST_0_i_40/O
                         net (fo=1, routed)           0.000     2.047    i_kecc_aes_k_axi_top/i_axi2reg/i_axi_to_axi_lite/i_axi_burst_splitter/i_demux_supported_vs_unsupported/gen_demux.gen_aw_id_counter.i_aw_id_counter/axi_rsp_o[aw_ready]_INST_0_i_40_n_0
    SLICE_X3Y166         MUXF7 (Prop_muxf7_I1_O)      0.206     2.253 f  i_kecc_aes_k_axi_top/i_axi2reg/i_axi_to_axi_lite/i_axi_burst_splitter/i_demux_supported_vs_unsupported/gen_demux.gen_aw_id_counter.i_aw_id_counter/axi_rsp_o[aw_ready]_INST_0_i_31/O
                         net (fo=1, routed)           0.000     2.253    i_kecc_aes_k_axi_top/i_axi2reg/i_axi_to_axi_lite/i_axi_burst_splitter/i_demux_supported_vs_unsupported/gen_demux.gen_aw_id_counter.i_aw_id_counter/axi_rsp_o[aw_ready]_INST_0_i_31_n_0
    SLICE_X3Y166         MUXF8 (Prop_muxf8_I0_O)      0.085     2.338 f  i_kecc_aes_k_axi_top/i_axi2reg/i_axi_to_axi_lite/i_axi_burst_splitter/i_demux_supported_vs_unsupported/gen_demux.gen_aw_id_counter.i_aw_id_counter/axi_rsp_o[aw_ready]_INST_0_i_21/O
                         net (fo=1, estimated)        0.886     3.224    i_kecc_aes_k_axi_top/i_axi2reg/i_axi_to_axi_lite/i_axi_burst_splitter/i_demux_supported_vs_unsupported/gen_demux.gen_aw_id_counter.i_aw_id_counter/gen_counters[3].i_in_flight_cnt/axi_rsp_o[aw_ready]_INST_0_i_6
    SLICE_X11Y166        LUT6 (Prop_lut6_I1_O)        0.264     3.488 f  i_kecc_aes_k_axi_top/i_axi2reg/i_axi_to_axi_lite/i_axi_burst_splitter/i_demux_supported_vs_unsupported/gen_demux.gen_aw_id_counter.i_aw_id_counter/gen_counters[3].i_in_flight_cnt/axi_rsp_o[aw_ready]_INST_0_i_12/O
                         net (fo=2, estimated)        0.244     3.732    i_kecc_aes_k_axi_top/i_axi2reg/i_axi_to_axi_lite/i_axi_burst_splitter/i_demux_supported_vs_unsupported/gen_demux.gen_aw_id_counter.i_aw_id_counter/gen_counters[3].i_in_flight_cnt/axi_req_i[aw][id]_4_sn_1
    SLICE_X10Y167        LUT6 (Prop_lut6_I1_O)        0.105     3.837 f  i_kecc_aes_k_axi_top/i_axi2reg/i_axi_to_axi_lite/i_axi_burst_splitter/i_demux_supported_vs_unsupported/gen_demux.gen_aw_id_counter.i_aw_id_counter/gen_counters[3].i_in_flight_cnt/status_cnt_q[1]_i_2__3/O
                         net (fo=41, estimated)       0.322     4.159    i_kecc_aes_k_axi_top/i_axi2reg/i_axi_to_axi_lite/i_axi_burst_splitter/i_demux_supported_vs_unsupported/gen_demux.i_w_fifo/status_cnt_q_reg[1]_0
    SLICE_X13Y167        LUT6 (Prop_lut6_I4_O)        0.105     4.264 f  i_kecc_aes_k_axi_top/i_axi2reg/i_axi_to_axi_lite/i_axi_burst_splitter/i_demux_supported_vs_unsupported/gen_demux.i_w_fifo/axi_rsp_o[w_ready]_INST_0_i_6/O
                         net (fo=3, estimated)        0.356     4.620    i_kecc_aes_k_axi_top/i_axi2reg/i_axi_to_axi_lite/i_axi_burst_splitter/i_demux_supported_vs_unsupported/gen_demux.i_w_fifo/axi_rsp_o[w_ready]_INST_0_i_6_n_0
    SLICE_X12Y167        LUT6 (Prop_lut6_I0_O)        0.105     4.725 r  i_kecc_aes_k_axi_top/i_axi2reg/i_axi_to_axi_lite/i_axi_burst_splitter/i_demux_supported_vs_unsupported/gen_demux.i_w_fifo/q[63]_i_27/O
                         net (fo=15, estimated)       0.278     5.003    i_kecc_aes_k_axi_top/i_axi2reg/i_axi_lite_to_reg/i_fifo_write_req/q_reg[0]
    SLICE_X13Y166        LUT5 (Prop_lut5_I0_O)        0.105     5.108 r  i_kecc_aes_k_axi_top/i_axi2reg/i_axi_lite_to_reg/i_fifo_write_req/gen_arbiter.gen_int_rr.rr_q[0]_i_2__0/O
                         net (fo=4, estimated)        0.260     5.368    i_kecc_aes_k_axi_top/i_axi2reg/i_axi_lite_to_reg/i_fifo_read/mem_q_reg[0][error]__0_1
    SLICE_X14Y166        LUT6 (Prop_lut6_I1_O)        0.105     5.473 f  i_kecc_aes_k_axi_top/i_axi2reg/i_axi_lite_to_reg/i_fifo_read/status_cnt_q[1]_i_2__0/O
                         net (fo=43, estimated)       0.410     5.883    i_kecc_aes_k_axi_top/i_axi2reg/i_axi_lite_to_reg/i_fifo_read/write_ready
    SLICE_X17Y165        LUT5 (Prop_lut5_I3_O)        0.105     5.988 f  i_kecc_aes_k_axi_top/i_axi2reg/i_axi_lite_to_reg/i_fifo_read/q[63]_i_16/O
                         net (fo=1, estimated)        0.229     6.217    i_kecc_aes_k_axi_top/i_axi2reg/i_axi_lite_to_reg/i_fifo_read/reg_req_i[addr][0]
    SLICE_X21Y165        LUT6 (Prop_lut6_I5_O)        0.105     6.322 f  i_kecc_aes_k_axi_top/i_axi2reg/i_axi_lite_to_reg/i_fifo_read/q[63]_i_14__0/O
                         net (fo=1, estimated)        0.221     6.543    i_kecc_aes_k_axi_top/i_axi2reg/i_axi_lite_to_reg/i_fifo_read/q[63]_i_14__0_n_0
    SLICE_X21Y164        LUT6 (Prop_lut6_I5_O)        0.105     6.648 f  i_kecc_aes_k_axi_top/i_axi2reg/i_axi_lite_to_reg/i_fifo_read/q[63]_i_9/O
                         net (fo=5, estimated)        0.257     6.905    i_kecc_aes_k_axi_top/i_axi2reg/i_axi_lite_to_reg/i_fifo_read/q[63]_i_9_n_0
    SLICE_X25Y164        LUT2 (Prop_lut2_I1_O)        0.105     7.010 f  i_kecc_aes_k_axi_top/i_axi2reg/i_axi_lite_to_reg/i_fifo_read/q[63]_i_4/O
                         net (fo=19, estimated)       0.408     7.418    i_kecc_aes_k_axi_top/i_axi2reg/i_axi_lite_to_reg/i_fifo_read/q[63]_i_4_n_0
    SLICE_X24Y166        LUT4 (Prop_lut4_I1_O)        0.105     7.523 f  i_kecc_aes_k_axi_top/i_axi2reg/i_axi_lite_to_reg/i_fifo_read/q[0]_i_3/O
                         net (fo=60, estimated)       0.654     8.177    i_kecc_aes_k_axi_top/i_axi2reg/i_axi_lite_to_reg/i_fifo_read/q[0]_i_3_n_0
    SLICE_X26Y167        LUT4 (Prop_lut4_I0_O)        0.105     8.282 r  i_kecc_aes_k_axi_top/i_axi2reg/i_axi_lite_to_reg/i_fifo_read/q[63]_i_14/O
                         net (fo=1, estimated)        0.663     8.945    i_kecc_aes_k_axi_top/i_axi2reg/i_axi_lite_to_reg/i_fifo_read/q[63]_i_14_n_0
    SLICE_X32Y169        LUT5 (Prop_lut5_I0_O)        0.105     9.050 f  i_kecc_aes_k_axi_top/i_axi2reg/i_axi_lite_to_reg/i_fifo_read/q[63]_i_5/O
                         net (fo=33, estimated)       0.759     9.809    i_kecc_aes_k_axi_top/i_axi2reg/i_axi_lite_to_reg/i_fifo_read/q[63]_i_5_n_0
    SLICE_X37Y168        LUT6 (Prop_lut6_I3_O)        0.105     9.914 f  i_kecc_aes_k_axi_top/i_axi2reg/i_axi_lite_to_reg/i_fifo_read/wr_data_i_1__5/O
                         net (fo=65, estimated)       0.613    10.527    i_kecc_aes_k_axi_top/i_axi2reg/i_axi_lite_to_reg/i_fifo_read/keccak_data_18_we
    SLICE_X53Y167        LUT2 (Prop_lut2_I0_O)        0.105    10.632 f  i_kecc_aes_k_axi_top/i_axi2reg/i_axi_lite_to_reg/i_fifo_read/q[63]_i_1__17/O
                         net (fo=64, estimated)       0.565    11.197    i_kecc_aes_k_axi_top/kecc_aes_k_axi_reg_top_i/u_keccak_data_18/q_reg[0]_0[0]
    SLICE_X53Y165        FDCE                                         f  i_kecc_aes_k_axi_top/kecc_aes_k_axi_reg_top_i/u_keccak_data_18/q_reg[59]/CE
  -------------------------------------------------------------------    -------------------

                         (clock clk_i rise edge)     10.000    10.000 r  
                                                      0.000    10.000 r  clk_i (IN)
                         net (fo=3396, unset)         0.748    10.748    i_kecc_aes_k_axi_top/kecc_aes_k_axi_reg_top_i/u_keccak_data_18/clk_i
    SLICE_X53Y165        FDCE                                         r  i_kecc_aes_k_axi_top/kecc_aes_k_axi_reg_top_i/u_keccak_data_18/q_reg[59]/C
                         clock pessimism              0.000    10.748    
                         clock uncertainty           -0.035    10.712    
    SLICE_X53Y165        FDCE (Setup_fdce_C_CE)      -0.168    10.544    i_kecc_aes_k_axi_top/kecc_aes_k_axi_reg_top_i/u_keccak_data_18/q_reg[59]
  -------------------------------------------------------------------
                         required time                         10.544    
                         arrival time                         -11.197    
  -------------------------------------------------------------------
                         slack                                 -0.653    

Slack (VIOLATED) :        -0.653ns  (required time - arrival time)
  Source:                 i_kecc_aes_k_axi_top/i_axi2reg/i_axi_to_axi_lite/i_axi_burst_splitter/i_demux_supported_vs_unsupported/gen_demux.gen_aw_id_counter.i_aw_id_counter/gen_counters[23].mst_select_q_reg[23][0]/C
                            (rising edge-triggered cell FDCE clocked by clk_i  {rise@0.000ns fall@5.000ns period=10.000ns})
  Destination:            i_kecc_aes_k_axi_top/kecc_aes_k_axi_reg_top_i/u_keccak_data_18/q_reg[61]/CE
                            (rising edge-triggered cell FDCE clocked by clk_i  {rise@0.000ns fall@5.000ns period=10.000ns})
  Path Group:             clk_i
  Path Type:              Setup (Max at Slow Process Corner)
  Requirement:            10.000ns  (clk_i rise@10.000ns - clk_i rise@0.000ns)
  Data Path Delay:        10.410ns  (logic 2.615ns (25.120%)  route 7.795ns (74.880%))
  Logic Levels:           18  (LUT2=2 LUT4=2 LUT5=3 LUT6=9 MUXF7=1 MUXF8=1)
  Clock Path Skew:        -0.039ns (DCD - SCD + CPR)
    Destination Clock Delay (DCD):    0.748ns = ( 10.748 - 10.000 ) 
    Source Clock Delay      (SCD):    0.787ns
    Clock Pessimism Removal (CPR):    0.000ns
  Clock Uncertainty:      0.035ns  ((TSJ^2 + TIJ^2)^1/2 + DJ) / 2 + PE
    Total System Jitter     (TSJ):    0.071ns
    Total Input Jitter      (TIJ):    0.000ns
    Discrete Jitter          (DJ):    0.000ns
    Phase Error              (PE):    0.000ns

    Location             Delay type                Incr(ns)  Path(ns)    Netlist Resource(s)
  -------------------------------------------------------------------    -------------------
                         (clock clk_i rise edge)      0.000     0.000 r  
                                                      0.000     0.000 r  clk_i (IN)
                         net (fo=3396, unset)         0.787     0.787    i_kecc_aes_k_axi_top/i_axi2reg/i_axi_to_axi_lite/i_axi_burst_splitter/i_demux_supported_vs_unsupported/gen_demux.gen_aw_id_counter.i_aw_id_counter/clk_i
    SLICE_X3Y165         FDCE                                         r  i_kecc_aes_k_axi_top/i_axi2reg/i_axi_to_axi_lite/i_axi_burst_splitter/i_demux_supported_vs_unsupported/gen_demux.gen_aw_id_counter.i_aw_id_counter/gen_counters[23].mst_select_q_reg[23][0]/C
  -------------------------------------------------------------------    -------------------
    SLICE_X3Y165         FDCE (Prop_fdce_C_Q)         0.348     1.135 r  i_kecc_aes_k_axi_top/i_axi2reg/i_axi_to_axi_lite/i_axi_burst_splitter/i_demux_supported_vs_unsupported/gen_demux.gen_aw_id_counter.i_aw_id_counter/gen_counters[23].mst_select_q_reg[23][0]/Q
                         net (fo=2, estimated)        0.670     1.805    i_kecc_aes_k_axi_top/i_axi2reg/i_axi_to_axi_lite/i_axi_burst_splitter/i_demux_supported_vs_unsupported/gen_demux.gen_aw_id_counter.i_aw_id_counter/gen_counters[23].mst_select_q_reg[23]_8
    SLICE_X3Y166         LUT6 (Prop_lut6_I0_O)        0.242     2.047 r  i_kecc_aes_k_axi_top/i_axi2reg/i_axi_to_axi_lite/i_axi_burst_splitter/i_demux_supported_vs_unsupported/gen_demux.gen_aw_id_counter.i_aw_id_counter/axi_rsp_o[aw_ready]_INST_0_i_40/O
                         net (fo=1, routed)           0.000     2.047    i_kecc_aes_k_axi_top/i_axi2reg/i_axi_to_axi_lite/i_axi_burst_splitter/i_demux_supported_vs_unsupported/gen_demux.gen_aw_id_counter.i_aw_id_counter/axi_rsp_o[aw_ready]_INST_0_i_40_n_0
    SLICE_X3Y166         MUXF7 (Prop_muxf7_I1_O)      0.206     2.253 r  i_kecc_aes_k_axi_top/i_axi2reg/i_axi_to_axi_lite/i_axi_burst_splitter/i_demux_supported_vs_unsupported/gen_demux.gen_aw_id_counter.i_aw_id_counter/axi_rsp_o[aw_ready]_INST_0_i_31/O
                         net (fo=1, routed)           0.000     2.253    i_kecc_aes_k_axi_top/i_axi2reg/i_axi_to_axi_lite/i_axi_burst_splitter/i_demux_supported_vs_unsupported/gen_demux.gen_aw_id_counter.i_aw_id_counter/axi_rsp_o[aw_ready]_INST_0_i_31_n_0
    SLICE_X3Y166         MUXF8 (Prop_muxf8_I0_O)      0.085     2.338 r  i_kecc_aes_k_axi_top/i_axi2reg/i_axi_to_axi_lite/i_axi_burst_splitter/i_demux_supported_vs_unsupported/gen_demux.gen_aw_id_counter.i_aw_id_counter/axi_rsp_o[aw_ready]_INST_0_i_21/O
                         net (fo=1, estimated)        0.886     3.224    i_kecc_aes_k_axi_top/i_axi2reg/i_axi_to_axi_lite/i_axi_burst_splitter/i_demux_supported_vs_unsupported/gen_demux.gen_aw_id_counter.i_aw_id_counter/gen_counters[3].i_in_flight_cnt/axi_rsp_o[aw_ready]_INST_0_i_6
    SLICE_X11Y166        LUT6 (Prop_lut6_I1_O)        0.264     3.488 r  i_kecc_aes_k_axi_top/i_axi2reg/i_axi_to_axi_lite/i_axi_burst_splitter/i_demux_supported_vs_unsupported/gen_demux.gen_aw_id_counter.i_aw_id_counter/gen_counters[3].i_in_flight_cnt/axi_rsp_o[aw_ready]_INST_0_i_12/O
                         net (fo=2, estimated)        0.244     3.732    i_kecc_aes_k_axi_top/i_axi2reg/i_axi_to_axi_lite/i_axi_burst_splitter/i_demux_supported_vs_unsupported/gen_demux.gen_aw_id_counter.i_aw_id_counter/gen_counters[3].i_in_flight_cnt/axi_req_i[aw][id]_4_sn_1
    SLICE_X10Y167        LUT6 (Prop_lut6_I1_O)        0.105     3.837 r  i_kecc_aes_k_axi_top/i_axi2reg/i_axi_to_axi_lite/i_axi_burst_splitter/i_demux_supported_vs_unsupported/gen_demux.gen_aw_id_counter.i_aw_id_counter/gen_counters[3].i_in_flight_cnt/status_cnt_q[1]_i_2__3/O
                         net (fo=41, estimated)       0.322     4.159    i_kecc_aes_k_axi_top/i_axi2reg/i_axi_to_axi_lite/i_axi_burst_splitter/i_demux_supported_vs_unsupported/gen_demux.i_w_fifo/status_cnt_q_reg[1]_0
    SLICE_X13Y167        LUT6 (Prop_lut6_I4_O)        0.105     4.264 r  i_kecc_aes_k_axi_top/i_axi2reg/i_axi_to_axi_lite/i_axi_burst_splitter/i_demux_supported_vs_unsupported/gen_demux.i_w_fifo/axi_rsp_o[w_ready]_INST_0_i_6/O
                         net (fo=3, estimated)        0.356     4.620    i_kecc_aes_k_axi_top/i_axi2reg/i_axi_to_axi_lite/i_axi_burst_splitter/i_demux_supported_vs_unsupported/gen_demux.i_w_fifo/axi_rsp_o[w_ready]_INST_0_i_6_n_0
    SLICE_X12Y167        LUT6 (Prop_lut6_I0_O)        0.105     4.725 f  i_kecc_aes_k_axi_top/i_axi2reg/i_axi_to_axi_lite/i_axi_burst_splitter/i_demux_supported_vs_unsupported/gen_demux.i_w_fifo/q[63]_i_27/O
                         net (fo=15, estimated)       0.278     5.003    i_kecc_aes_k_axi_top/i_axi2reg/i_axi_lite_to_reg/i_fifo_write_req/q_reg[0]
    SLICE_X13Y166        LUT5 (Prop_lut5_I0_O)        0.105     5.108 f  i_kecc_aes_k_axi_top/i_axi2reg/i_axi_lite_to_reg/i_fifo_write_req/gen_arbiter.gen_int_rr.rr_q[0]_i_2__0/O
                         net (fo=4, estimated)        0.260     5.368    i_kecc_aes_k_axi_top/i_axi2reg/i_axi_lite_to_reg/i_fifo_read/mem_q_reg[0][error]__0_1
    SLICE_X14Y166        LUT6 (Prop_lut6_I1_O)        0.105     5.473 r  i_kecc_aes_k_axi_top/i_axi2reg/i_axi_lite_to_reg/i_fifo_read/status_cnt_q[1]_i_2__0/O
                         net (fo=43, estimated)       0.410     5.883    i_kecc_aes_k_axi_top/i_axi2reg/i_axi_lite_to_reg/i_fifo_read/write_ready
    SLICE_X17Y165        LUT5 (Prop_lut5_I3_O)        0.105     5.988 r  i_kecc_aes_k_axi_top/i_axi2reg/i_axi_lite_to_reg/i_fifo_read/q[63]_i_16/O
                         net (fo=1, estimated)        0.229     6.217    i_kecc_aes_k_axi_top/i_axi2reg/i_axi_lite_to_reg/i_fifo_read/reg_req_i[addr][0]
    SLICE_X21Y165        LUT6 (Prop_lut6_I5_O)        0.105     6.322 r  i_kecc_aes_k_axi_top/i_axi2reg/i_axi_lite_to_reg/i_fifo_read/q[63]_i_14__0/O
                         net (fo=1, estimated)        0.221     6.543    i_kecc_aes_k_axi_top/i_axi2reg/i_axi_lite_to_reg/i_fifo_read/q[63]_i_14__0_n_0
    SLICE_X21Y164        LUT6 (Prop_lut6_I5_O)        0.105     6.648 r  i_kecc_aes_k_axi_top/i_axi2reg/i_axi_lite_to_reg/i_fifo_read/q[63]_i_9/O
                         net (fo=5, estimated)        0.257     6.905    i_kecc_aes_k_axi_top/i_axi2reg/i_axi_lite_to_reg/i_fifo_read/q[63]_i_9_n_0
    SLICE_X25Y164        LUT2 (Prop_lut2_I1_O)        0.105     7.010 r  i_kecc_aes_k_axi_top/i_axi2reg/i_axi_lite_to_reg/i_fifo_read/q[63]_i_4/O
                         net (fo=19, estimated)       0.408     7.418    i_kecc_aes_k_axi_top/i_axi2reg/i_axi_lite_to_reg/i_fifo_read/q[63]_i_4_n_0
    SLICE_X24Y166        LUT4 (Prop_lut4_I1_O)        0.105     7.523 r  i_kecc_aes_k_axi_top/i_axi2reg/i_axi_lite_to_reg/i_fifo_read/q[0]_i_3/O
                         net (fo=60, estimated)       0.654     8.177    i_kecc_aes_k_axi_top/i_axi2reg/i_axi_lite_to_reg/i_fifo_read/q[0]_i_3_n_0
    SLICE_X26Y167        LUT4 (Prop_lut4_I0_O)        0.105     8.282 f  i_kecc_aes_k_axi_top/i_axi2reg/i_axi_lite_to_reg/i_fifo_read/q[63]_i_14/O
                         net (fo=1, estimated)        0.663     8.945    i_kecc_aes_k_axi_top/i_axi2reg/i_axi_lite_to_reg/i_fifo_read/q[63]_i_14_n_0
    SLICE_X32Y169        LUT5 (Prop_lut5_I0_O)        0.105     9.050 r  i_kecc_aes_k_axi_top/i_axi2reg/i_axi_lite_to_reg/i_fifo_read/q[63]_i_5/O
                         net (fo=33, estimated)       0.759     9.809    i_kecc_aes_k_axi_top/i_axi2reg/i_axi_lite_to_reg/i_fifo_read/q[63]_i_5_n_0
    SLICE_X37Y168        LUT6 (Prop_lut6_I3_O)        0.105     9.914 r  i_kecc_aes_k_axi_top/i_axi2reg/i_axi_lite_to_reg/i_fifo_read/wr_data_i_1__5/O
                         net (fo=65, estimated)       0.613    10.527    i_kecc_aes_k_axi_top/i_axi2reg/i_axi_lite_to_reg/i_fifo_read/keccak_data_18_we
    SLICE_X53Y167        LUT2 (Prop_lut2_I0_O)        0.105    10.632 r  i_kecc_aes_k_axi_top/i_axi2reg/i_axi_lite_to_reg/i_fifo_read/q[63]_i_1__17/O
                         net (fo=64, estimated)       0.565    11.197    i_kecc_aes_k_axi_top/kecc_aes_k_axi_reg_top_i/u_keccak_data_18/q_reg[0]_0[0]
    SLICE_X53Y165        FDCE                                         r  i_kecc_aes_k_axi_top/kecc_aes_k_axi_reg_top_i/u_keccak_data_18/q_reg[61]/CE
  -------------------------------------------------------------------    -------------------

                         (clock clk_i rise edge)     10.000    10.000 r  
                                                      0.000    10.000 r  clk_i (IN)
                         net (fo=3396, unset)         0.748    10.748    i_kecc_aes_k_axi_top/kecc_aes_k_axi_reg_top_i/u_keccak_data_18/clk_i
    SLICE_X53Y165        FDCE                                         r  i_kecc_aes_k_axi_top/kecc_aes_k_axi_reg_top_i/u_keccak_data_18/q_reg[61]/C
                         clock pessimism              0.000    10.748    
                         clock uncertainty           -0.035    10.712    
    SLICE_X53Y165        FDCE (Setup_fdce_C_CE)      -0.168    10.544    i_kecc_aes_k_axi_top/kecc_aes_k_axi_reg_top_i/u_keccak_data_18/q_reg[61]
  -------------------------------------------------------------------
                         required time                         10.544    
                         arrival time                         -11.197    
  -------------------------------------------------------------------
                         slack                                 -0.653    

Slack (VIOLATED) :        -0.653ns  (required time - arrival time)
  Source:                 i_kecc_aes_k_axi_top/i_axi2reg/i_axi_to_axi_lite/i_axi_burst_splitter/i_demux_supported_vs_unsupported/gen_demux.gen_aw_id_counter.i_aw_id_counter/gen_counters[23].mst_select_q_reg[23][0]/C
                            (rising edge-triggered cell FDCE clocked by clk_i  {rise@0.000ns fall@5.000ns period=10.000ns})
  Destination:            i_kecc_aes_k_axi_top/kecc_aes_k_axi_reg_top_i/u_keccak_data_18/q_reg[61]/CE
                            (rising edge-triggered cell FDCE clocked by clk_i  {rise@0.000ns fall@5.000ns period=10.000ns})
  Path Group:             clk_i
  Path Type:              Setup (Max at Slow Process Corner)
  Requirement:            10.000ns  (clk_i rise@10.000ns - clk_i rise@0.000ns)
  Data Path Delay:        10.410ns  (logic 2.615ns (25.120%)  route 7.795ns (74.880%))
  Logic Levels:           18  (LUT2=2 LUT4=2 LUT5=3 LUT6=9 MUXF7=1 MUXF8=1)
  Clock Path Skew:        -0.039ns (DCD - SCD + CPR)
    Destination Clock Delay (DCD):    0.748ns = ( 10.748 - 10.000 ) 
    Source Clock Delay      (SCD):    0.787ns
    Clock Pessimism Removal (CPR):    0.000ns
  Clock Uncertainty:      0.035ns  ((TSJ^2 + TIJ^2)^1/2 + DJ) / 2 + PE
    Total System Jitter     (TSJ):    0.071ns
    Total Input Jitter      (TIJ):    0.000ns
    Discrete Jitter          (DJ):    0.000ns
    Phase Error              (PE):    0.000ns

    Location             Delay type                Incr(ns)  Path(ns)    Netlist Resource(s)
  -------------------------------------------------------------------    -------------------
                         (clock clk_i rise edge)      0.000     0.000 r  
                                                      0.000     0.000 r  clk_i (IN)
                         net (fo=3396, unset)         0.787     0.787    i_kecc_aes_k_axi_top/i_axi2reg/i_axi_to_axi_lite/i_axi_burst_splitter/i_demux_supported_vs_unsupported/gen_demux.gen_aw_id_counter.i_aw_id_counter/clk_i
    SLICE_X3Y165         FDCE                                         r  i_kecc_aes_k_axi_top/i_axi2reg/i_axi_to_axi_lite/i_axi_burst_splitter/i_demux_supported_vs_unsupported/gen_demux.gen_aw_id_counter.i_aw_id_counter/gen_counters[23].mst_select_q_reg[23][0]/C
  -------------------------------------------------------------------    -------------------
    SLICE_X3Y165         FDCE (Prop_fdce_C_Q)         0.348     1.135 f  i_kecc_aes_k_axi_top/i_axi2reg/i_axi_to_axi_lite/i_axi_burst_splitter/i_demux_supported_vs_unsupported/gen_demux.gen_aw_id_counter.i_aw_id_counter/gen_counters[23].mst_select_q_reg[23][0]/Q
                         net (fo=2, estimated)        0.670     1.805    i_kecc_aes_k_axi_top/i_axi2reg/i_axi_to_axi_lite/i_axi_burst_splitter/i_demux_supported_vs_unsupported/gen_demux.gen_aw_id_counter.i_aw_id_counter/gen_counters[23].mst_select_q_reg[23]_8
    SLICE_X3Y166         LUT6 (Prop_lut6_I0_O)        0.242     2.047 f  i_kecc_aes_k_axi_top/i_axi2reg/i_axi_to_axi_lite/i_axi_burst_splitter/i_demux_supported_vs_unsupported/gen_demux.gen_aw_id_counter.i_aw_id_counter/axi_rsp_o[aw_ready]_INST_0_i_40/O
                         net (fo=1, routed)           0.000     2.047    i_kecc_aes_k_axi_top/i_axi2reg/i_axi_to_axi_lite/i_axi_burst_splitter/i_demux_supported_vs_unsupported/gen_demux.gen_aw_id_counter.i_aw_id_counter/axi_rsp_o[aw_ready]_INST_0_i_40_n_0
    SLICE_X3Y166         MUXF7 (Prop_muxf7_I1_O)      0.206     2.253 f  i_kecc_aes_k_axi_top/i_axi2reg/i_axi_to_axi_lite/i_axi_burst_splitter/i_demux_supported_vs_unsupported/gen_demux.gen_aw_id_counter.i_aw_id_counter/axi_rsp_o[aw_ready]_INST_0_i_31/O
                         net (fo=1, routed)           0.000     2.253    i_kecc_aes_k_axi_top/i_axi2reg/i_axi_to_axi_lite/i_axi_burst_splitter/i_demux_supported_vs_unsupported/gen_demux.gen_aw_id_counter.i_aw_id_counter/axi_rsp_o[aw_ready]_INST_0_i_31_n_0
    SLICE_X3Y166         MUXF8 (Prop_muxf8_I0_O)      0.085     2.338 f  i_kecc_aes_k_axi_top/i_axi2reg/i_axi_to_axi_lite/i_axi_burst_splitter/i_demux_supported_vs_unsupported/gen_demux.gen_aw_id_counter.i_aw_id_counter/axi_rsp_o[aw_ready]_INST_0_i_21/O
                         net (fo=1, estimated)        0.886     3.224    i_kecc_aes_k_axi_top/i_axi2reg/i_axi_to_axi_lite/i_axi_burst_splitter/i_demux_supported_vs_unsupported/gen_demux.gen_aw_id_counter.i_aw_id_counter/gen_counters[3].i_in_flight_cnt/axi_rsp_o[aw_ready]_INST_0_i_6
    SLICE_X11Y166        LUT6 (Prop_lut6_I1_O)        0.264     3.488 r  i_kecc_aes_k_axi_top/i_axi2reg/i_axi_to_axi_lite/i_axi_burst_splitter/i_demux_supported_vs_unsupported/gen_demux.gen_aw_id_counter.i_aw_id_counter/gen_counters[3].i_in_flight_cnt/axi_rsp_o[aw_ready]_INST_0_i_12/O
                         net (fo=2, estimated)        0.244     3.732    i_kecc_aes_k_axi_top/i_axi2reg/i_axi_to_axi_lite/i_axi_burst_splitter/i_demux_supported_vs_unsupported/gen_demux.gen_aw_id_counter.i_aw_id_counter/gen_counters[3].i_in_flight_cnt/axi_req_i[aw][id]_4_sn_1
    SLICE_X10Y167        LUT6 (Prop_lut6_I1_O)        0.105     3.837 r  i_kecc_aes_k_axi_top/i_axi2reg/i_axi_to_axi_lite/i_axi_burst_splitter/i_demux_supported_vs_unsupported/gen_demux.gen_aw_id_counter.i_aw_id_counter/gen_counters[3].i_in_flight_cnt/status_cnt_q[1]_i_2__3/O
                         net (fo=41, estimated)       0.322     4.159    i_kecc_aes_k_axi_top/i_axi2reg/i_axi_to_axi_lite/i_axi_burst_splitter/i_demux_supported_vs_unsupported/gen_demux.i_w_fifo/status_cnt_q_reg[1]_0
    SLICE_X13Y167        LUT6 (Prop_lut6_I4_O)        0.105     4.264 r  i_kecc_aes_k_axi_top/i_axi2reg/i_axi_to_axi_lite/i_axi_burst_splitter/i_demux_supported_vs_unsupported/gen_demux.i_w_fifo/axi_rsp_o[w_ready]_INST_0_i_6/O
                         net (fo=3, estimated)        0.356     4.620    i_kecc_aes_k_axi_top/i_axi2reg/i_axi_to_axi_lite/i_axi_burst_splitter/i_demux_supported_vs_unsupported/gen_demux.i_w_fifo/axi_rsp_o[w_ready]_INST_0_i_6_n_0
    SLICE_X12Y167        LUT6 (Prop_lut6_I0_O)        0.105     4.725 f  i_kecc_aes_k_axi_top/i_axi2reg/i_axi_to_axi_lite/i_axi_burst_splitter/i_demux_supported_vs_unsupported/gen_demux.i_w_fifo/q[63]_i_27/O
                         net (fo=15, estimated)       0.278     5.003    i_kecc_aes_k_axi_top/i_axi2reg/i_axi_lite_to_reg/i_fifo_write_req/q_reg[0]
    SLICE_X13Y166        LUT5 (Prop_lut5_I0_O)        0.105     5.108 f  i_kecc_aes_k_axi_top/i_axi2reg/i_axi_lite_to_reg/i_fifo_write_req/gen_arbiter.gen_int_rr.rr_q[0]_i_2__0/O
                         net (fo=4, estimated)        0.260     5.368    i_kecc_aes_k_axi_top/i_axi2reg/i_axi_lite_to_reg/i_fifo_read/mem_q_reg[0][error]__0_1
    SLICE_X14Y166        LUT6 (Prop_lut6_I1_O)        0.105     5.473 r  i_kecc_aes_k_axi_top/i_axi2reg/i_axi_lite_to_reg/i_fifo_read/status_cnt_q[1]_i_2__0/O
                         net (fo=43, estimated)       0.410     5.883    i_kecc_aes_k_axi_top/i_axi2reg/i_axi_lite_to_reg/i_fifo_read/write_ready
    SLICE_X17Y165        LUT5 (Prop_lut5_I3_O)        0.105     5.988 r  i_kecc_aes_k_axi_top/i_axi2reg/i_axi_lite_to_reg/i_fifo_read/q[63]_i_16/O
                         net (fo=1, estimated)        0.229     6.217    i_kecc_aes_k_axi_top/i_axi2reg/i_axi_lite_to_reg/i_fifo_read/reg_req_i[addr][0]
    SLICE_X21Y165        LUT6 (Prop_lut6_I5_O)        0.105     6.322 r  i_kecc_aes_k_axi_top/i_axi2reg/i_axi_lite_to_reg/i_fifo_read/q[63]_i_14__0/O
                         net (fo=1, estimated)        0.221     6.543    i_kecc_aes_k_axi_top/i_axi2reg/i_axi_lite_to_reg/i_fifo_read/q[63]_i_14__0_n_0
    SLICE_X21Y164        LUT6 (Prop_lut6_I5_O)        0.105     6.648 r  i_kecc_aes_k_axi_top/i_axi2reg/i_axi_lite_to_reg/i_fifo_read/q[63]_i_9/O
                         net (fo=5, estimated)        0.257     6.905    i_kecc_aes_k_axi_top/i_axi2reg/i_axi_lite_to_reg/i_fifo_read/q[63]_i_9_n_0
    SLICE_X25Y164        LUT2 (Prop_lut2_I1_O)        0.105     7.010 r  i_kecc_aes_k_axi_top/i_axi2reg/i_axi_lite_to_reg/i_fifo_read/q[63]_i_4/O
                         net (fo=19, estimated)       0.408     7.418    i_kecc_aes_k_axi_top/i_axi2reg/i_axi_lite_to_reg/i_fifo_read/q[63]_i_4_n_0
    SLICE_X24Y166        LUT4 (Prop_lut4_I1_O)        0.105     7.523 r  i_kecc_aes_k_axi_top/i_axi2reg/i_axi_lite_to_reg/i_fifo_read/q[0]_i_3/O
                         net (fo=60, estimated)       0.654     8.177    i_kecc_aes_k_axi_top/i_axi2reg/i_axi_lite_to_reg/i_fifo_read/q[0]_i_3_n_0
    SLICE_X26Y167        LUT4 (Prop_lut4_I0_O)        0.105     8.282 f  i_kecc_aes_k_axi_top/i_axi2reg/i_axi_lite_to_reg/i_fifo_read/q[63]_i_14/O
                         net (fo=1, estimated)        0.663     8.945    i_kecc_aes_k_axi_top/i_axi2reg/i_axi_lite_to_reg/i_fifo_read/q[63]_i_14_n_0
    SLICE_X32Y169        LUT5 (Prop_lut5_I0_O)        0.105     9.050 r  i_kecc_aes_k_axi_top/i_axi2reg/i_axi_lite_to_reg/i_fifo_read/q[63]_i_5/O
                         net (fo=33, estimated)       0.759     9.809    i_kecc_aes_k_axi_top/i_axi2reg/i_axi_lite_to_reg/i_fifo_read/q[63]_i_5_n_0
    SLICE_X37Y168        LUT6 (Prop_lut6_I3_O)        0.105     9.914 r  i_kecc_aes_k_axi_top/i_axi2reg/i_axi_lite_to_reg/i_fifo_read/wr_data_i_1__5/O
                         net (fo=65, estimated)       0.613    10.527    i_kecc_aes_k_axi_top/i_axi2reg/i_axi_lite_to_reg/i_fifo_read/keccak_data_18_we
    SLICE_X53Y167        LUT2 (Prop_lut2_I0_O)        0.105    10.632 r  i_kecc_aes_k_axi_top/i_axi2reg/i_axi_lite_to_reg/i_fifo_read/q[63]_i_1__17/O
                         net (fo=64, estimated)       0.565    11.197    i_kecc_aes_k_axi_top/kecc_aes_k_axi_reg_top_i/u_keccak_data_18/q_reg[0]_0[0]
    SLICE_X53Y165        FDCE                                         r  i_kecc_aes_k_axi_top/kecc_aes_k_axi_reg_top_i/u_keccak_data_18/q_reg[61]/CE
  -------------------------------------------------------------------    -------------------

                         (clock clk_i rise edge)     10.000    10.000 r  
                                                      0.000    10.000 r  clk_i (IN)
                         net (fo=3396, unset)         0.748    10.748    i_kecc_aes_k_axi_top/kecc_aes_k_axi_reg_top_i/u_keccak_data_18/clk_i
    SLICE_X53Y165        FDCE                                         r  i_kecc_aes_k_axi_top/kecc_aes_k_axi_reg_top_i/u_keccak_data_18/q_reg[61]/C
                         clock pessimism              0.000    10.748    
                         clock uncertainty           -0.035    10.712    
    SLICE_X53Y165        FDCE (Setup_fdce_C_CE)      -0.168    10.544    i_kecc_aes_k_axi_top/kecc_aes_k_axi_reg_top_i/u_keccak_data_18/q_reg[61]
  -------------------------------------------------------------------
                         required time                         10.544    
                         arrival time                         -11.197    
  -------------------------------------------------------------------
                         slack                                 -0.653    

Slack (VIOLATED) :        -0.653ns  (required time - arrival time)
  Source:                 i_kecc_aes_k_axi_top/i_axi2reg/i_axi_to_axi_lite/i_axi_burst_splitter/i_demux_supported_vs_unsupported/gen_demux.gen_aw_id_counter.i_aw_id_counter/gen_counters[23].mst_select_q_reg[23][0]/C
                            (rising edge-triggered cell FDCE clocked by clk_i  {rise@0.000ns fall@5.000ns period=10.000ns})
  Destination:            i_kecc_aes_k_axi_top/kecc_aes_k_axi_reg_top_i/u_keccak_data_18/q_reg[61]/CE
                            (rising edge-triggered cell FDCE clocked by clk_i  {rise@0.000ns fall@5.000ns period=10.000ns})
  Path Group:             clk_i
  Path Type:              Setup (Max at Slow Process Corner)
  Requirement:            10.000ns  (clk_i rise@10.000ns - clk_i rise@0.000ns)
  Data Path Delay:        10.410ns  (logic 2.615ns (25.120%)  route 7.795ns (74.880%))
  Logic Levels:           18  (LUT2=2 LUT4=2 LUT5=3 LUT6=9 MUXF7=1 MUXF8=1)
  Clock Path Skew:        -0.039ns (DCD - SCD + CPR)
    Destination Clock Delay (DCD):    0.748ns = ( 10.748 - 10.000 ) 
    Source Clock Delay      (SCD):    0.787ns
    Clock Pessimism Removal (CPR):    0.000ns
  Clock Uncertainty:      0.035ns  ((TSJ^2 + TIJ^2)^1/2 + DJ) / 2 + PE
    Total System Jitter     (TSJ):    0.071ns
    Total Input Jitter      (TIJ):    0.000ns
    Discrete Jitter          (DJ):    0.000ns
    Phase Error              (PE):    0.000ns

    Location             Delay type                Incr(ns)  Path(ns)    Netlist Resource(s)
  -------------------------------------------------------------------    -------------------
                         (clock clk_i rise edge)      0.000     0.000 r  
                                                      0.000     0.000 r  clk_i (IN)
                         net (fo=3396, unset)         0.787     0.787    i_kecc_aes_k_axi_top/i_axi2reg/i_axi_to_axi_lite/i_axi_burst_splitter/i_demux_supported_vs_unsupported/gen_demux.gen_aw_id_counter.i_aw_id_counter/clk_i
    SLICE_X3Y165         FDCE                                         r  i_kecc_aes_k_axi_top/i_axi2reg/i_axi_to_axi_lite/i_axi_burst_splitter/i_demux_supported_vs_unsupported/gen_demux.gen_aw_id_counter.i_aw_id_counter/gen_counters[23].mst_select_q_reg[23][0]/C
  -------------------------------------------------------------------    -------------------
    SLICE_X3Y165         FDCE (Prop_fdce_C_Q)         0.348     1.135 r  i_kecc_aes_k_axi_top/i_axi2reg/i_axi_to_axi_lite/i_axi_burst_splitter/i_demux_supported_vs_unsupported/gen_demux.gen_aw_id_counter.i_aw_id_counter/gen_counters[23].mst_select_q_reg[23][0]/Q
                         net (fo=2, estimated)        0.670     1.805    i_kecc_aes_k_axi_top/i_axi2reg/i_axi_to_axi_lite/i_axi_burst_splitter/i_demux_supported_vs_unsupported/gen_demux.gen_aw_id_counter.i_aw_id_counter/gen_counters[23].mst_select_q_reg[23]_8
    SLICE_X3Y166         LUT6 (Prop_lut6_I0_O)        0.242     2.047 r  i_kecc_aes_k_axi_top/i_axi2reg/i_axi_to_axi_lite/i_axi_burst_splitter/i_demux_supported_vs_unsupported/gen_demux.gen_aw_id_counter.i_aw_id_counter/axi_rsp_o[aw_ready]_INST_0_i_40/O
                         net (fo=1, routed)           0.000     2.047    i_kecc_aes_k_axi_top/i_axi2reg/i_axi_to_axi_lite/i_axi_burst_splitter/i_demux_supported_vs_unsupported/gen_demux.gen_aw_id_counter.i_aw_id_counter/axi_rsp_o[aw_ready]_INST_0_i_40_n_0
    SLICE_X3Y166         MUXF7 (Prop_muxf7_I1_O)      0.206     2.253 r  i_kecc_aes_k_axi_top/i_axi2reg/i_axi_to_axi_lite/i_axi_burst_splitter/i_demux_supported_vs_unsupported/gen_demux.gen_aw_id_counter.i_aw_id_counter/axi_rsp_o[aw_ready]_INST_0_i_31/O
                         net (fo=1, routed)           0.000     2.253    i_kecc_aes_k_axi_top/i_axi2reg/i_axi_to_axi_lite/i_axi_burst_splitter/i_demux_supported_vs_unsupported/gen_demux.gen_aw_id_counter.i_aw_id_counter/axi_rsp_o[aw_ready]_INST_0_i_31_n_0
    SLICE_X3Y166         MUXF8 (Prop_muxf8_I0_O)      0.085     2.338 r  i_kecc_aes_k_axi_top/i_axi2reg/i_axi_to_axi_lite/i_axi_burst_splitter/i_demux_supported_vs_unsupported/gen_demux.gen_aw_id_counter.i_aw_id_counter/axi_rsp_o[aw_ready]_INST_0_i_21/O
                         net (fo=1, estimated)        0.886     3.224    i_kecc_aes_k_axi_top/i_axi2reg/i_axi_to_axi_lite/i_axi_burst_splitter/i_demux_supported_vs_unsupported/gen_demux.gen_aw_id_counter.i_aw_id_counter/gen_counters[3].i_in_flight_cnt/axi_rsp_o[aw_ready]_INST_0_i_6
    SLICE_X11Y166        LUT6 (Prop_lut6_I1_O)        0.264     3.488 f  i_kecc_aes_k_axi_top/i_axi2reg/i_axi_to_axi_lite/i_axi_burst_splitter/i_demux_supported_vs_unsupported/gen_demux.gen_aw_id_counter.i_aw_id_counter/gen_counters[3].i_in_flight_cnt/axi_rsp_o[aw_ready]_INST_0_i_12/O
                         net (fo=2, estimated)        0.244     3.732    i_kecc_aes_k_axi_top/i_axi2reg/i_axi_to_axi_lite/i_axi_burst_splitter/i_demux_supported_vs_unsupported/gen_demux.gen_aw_id_counter.i_aw_id_counter/gen_counters[3].i_in_flight_cnt/axi_req_i[aw][id]_4_sn_1
    SLICE_X10Y167        LUT6 (Prop_lut6_I1_O)        0.105     3.837 f  i_kecc_aes_k_axi_top/i_axi2reg/i_axi_to_axi_lite/i_axi_burst_splitter/i_demux_supported_vs_unsupported/gen_demux.gen_aw_id_counter.i_aw_id_counter/gen_counters[3].i_in_flight_cnt/status_cnt_q[1]_i_2__3/O
                         net (fo=41, estimated)       0.322     4.159    i_kecc_aes_k_axi_top/i_axi2reg/i_axi_to_axi_lite/i_axi_burst_splitter/i_demux_supported_vs_unsupported/gen_demux.i_w_fifo/status_cnt_q_reg[1]_0
    SLICE_X13Y167        LUT6 (Prop_lut6_I4_O)        0.105     4.264 f  i_kecc_aes_k_axi_top/i_axi2reg/i_axi_to_axi_lite/i_axi_burst_splitter/i_demux_supported_vs_unsupported/gen_demux.i_w_fifo/axi_rsp_o[w_ready]_INST_0_i_6/O
                         net (fo=3, estimated)        0.356     4.620    i_kecc_aes_k_axi_top/i_axi2reg/i_axi_to_axi_lite/i_axi_burst_splitter/i_demux_supported_vs_unsupported/gen_demux.i_w_fifo/axi_rsp_o[w_ready]_INST_0_i_6_n_0
    SLICE_X12Y167        LUT6 (Prop_lut6_I0_O)        0.105     4.725 r  i_kecc_aes_k_axi_top/i_axi2reg/i_axi_to_axi_lite/i_axi_burst_splitter/i_demux_supported_vs_unsupported/gen_demux.i_w_fifo/q[63]_i_27/O
                         net (fo=15, estimated)       0.278     5.003    i_kecc_aes_k_axi_top/i_axi2reg/i_axi_lite_to_reg/i_fifo_write_req/q_reg[0]
    SLICE_X13Y166        LUT5 (Prop_lut5_I0_O)        0.105     5.108 r  i_kecc_aes_k_axi_top/i_axi2reg/i_axi_lite_to_reg/i_fifo_write_req/gen_arbiter.gen_int_rr.rr_q[0]_i_2__0/O
                         net (fo=4, estimated)        0.260     5.368    i_kecc_aes_k_axi_top/i_axi2reg/i_axi_lite_to_reg/i_fifo_read/mem_q_reg[0][error]__0_1
    SLICE_X14Y166        LUT6 (Prop_lut6_I1_O)        0.105     5.473 f  i_kecc_aes_k_axi_top/i_axi2reg/i_axi_lite_to_reg/i_fifo_read/status_cnt_q[1]_i_2__0/O
                         net (fo=43, estimated)       0.410     5.883    i_kecc_aes_k_axi_top/i_axi2reg/i_axi_lite_to_reg/i_fifo_read/write_ready
    SLICE_X17Y165        LUT5 (Prop_lut5_I3_O)        0.105     5.988 r  i_kecc_aes_k_axi_top/i_axi2reg/i_axi_lite_to_reg/i_fifo_read/q[63]_i_16/O
                         net (fo=1, estimated)        0.229     6.217    i_kecc_aes_k_axi_top/i_axi2reg/i_axi_lite_to_reg/i_fifo_read/reg_req_i[addr][0]
    SLICE_X21Y165        LUT6 (Prop_lut6_I5_O)        0.105     6.322 r  i_kecc_aes_k_axi_top/i_axi2reg/i_axi_lite_to_reg/i_fifo_read/q[63]_i_14__0/O
                         net (fo=1, estimated)        0.221     6.543    i_kecc_aes_k_axi_top/i_axi2reg/i_axi_lite_to_reg/i_fifo_read/q[63]_i_14__0_n_0
    SLICE_X21Y164        LUT6 (Prop_lut6_I5_O)        0.105     6.648 r  i_kecc_aes_k_axi_top/i_axi2reg/i_axi_lite_to_reg/i_fifo_read/q[63]_i_9/O
                         net (fo=5, estimated)        0.257     6.905    i_kecc_aes_k_axi_top/i_axi2reg/i_axi_lite_to_reg/i_fifo_read/q[63]_i_9_n_0
    SLICE_X25Y164        LUT2 (Prop_lut2_I1_O)        0.105     7.010 r  i_kecc_aes_k_axi_top/i_axi2reg/i_axi_lite_to_reg/i_fifo_read/q[63]_i_4/O
                         net (fo=19, estimated)       0.408     7.418    i_kecc_aes_k_axi_top/i_axi2reg/i_axi_lite_to_reg/i_fifo_read/q[63]_i_4_n_0
    SLICE_X24Y166        LUT4 (Prop_lut4_I1_O)        0.105     7.523 r  i_kecc_aes_k_axi_top/i_axi2reg/i_axi_lite_to_reg/i_fifo_read/q[0]_i_3/O
                         net (fo=60, estimated)       0.654     8.177    i_kecc_aes_k_axi_top/i_axi2reg/i_axi_lite_to_reg/i_fifo_read/q[0]_i_3_n_0
    SLICE_X26Y167        LUT4 (Prop_lut4_I0_O)        0.105     8.282 f  i_kecc_aes_k_axi_top/i_axi2reg/i_axi_lite_to_reg/i_fifo_read/q[63]_i_14/O
                         net (fo=1, estimated)        0.663     8.945    i_kecc_aes_k_axi_top/i_axi2reg/i_axi_lite_to_reg/i_fifo_read/q[63]_i_14_n_0
    SLICE_X32Y169        LUT5 (Prop_lut5_I0_O)        0.105     9.050 r  i_kecc_aes_k_axi_top/i_axi2reg/i_axi_lite_to_reg/i_fifo_read/q[63]_i_5/O
                         net (fo=33, estimated)       0.759     9.809    i_kecc_aes_k_axi_top/i_axi2reg/i_axi_lite_to_reg/i_fifo_read/q[63]_i_5_n_0
    SLICE_X37Y168        LUT6 (Prop_lut6_I3_O)        0.105     9.914 r  i_kecc_aes_k_axi_top/i_axi2reg/i_axi_lite_to_reg/i_fifo_read/wr_data_i_1__5/O
                         net (fo=65, estimated)       0.613    10.527    i_kecc_aes_k_axi_top/i_axi2reg/i_axi_lite_to_reg/i_fifo_read/keccak_data_18_we
    SLICE_X53Y167        LUT2 (Prop_lut2_I0_O)        0.105    10.632 r  i_kecc_aes_k_axi_top/i_axi2reg/i_axi_lite_to_reg/i_fifo_read/q[63]_i_1__17/O
                         net (fo=64, estimated)       0.565    11.197    i_kecc_aes_k_axi_top/kecc_aes_k_axi_reg_top_i/u_keccak_data_18/q_reg[0]_0[0]
    SLICE_X53Y165        FDCE                                         r  i_kecc_aes_k_axi_top/kecc_aes_k_axi_reg_top_i/u_keccak_data_18/q_reg[61]/CE
  -------------------------------------------------------------------    -------------------

                         (clock clk_i rise edge)     10.000    10.000 r  
                                                      0.000    10.000 r  clk_i (IN)
                         net (fo=3396, unset)         0.748    10.748    i_kecc_aes_k_axi_top/kecc_aes_k_axi_reg_top_i/u_keccak_data_18/clk_i
    SLICE_X53Y165        FDCE                                         r  i_kecc_aes_k_axi_top/kecc_aes_k_axi_reg_top_i/u_keccak_data_18/q_reg[61]/C
                         clock pessimism              0.000    10.748    
                         clock uncertainty           -0.035    10.712    
    SLICE_X53Y165        FDCE (Setup_fdce_C_CE)      -0.168    10.544    i_kecc_aes_k_axi_top/kecc_aes_k_axi_reg_top_i/u_keccak_data_18/q_reg[61]
  -------------------------------------------------------------------
                         required time                         10.544    
                         arrival time                         -11.197    
  -------------------------------------------------------------------
                         slack                                 -0.653    

Slack (VIOLATED) :        -0.653ns  (required time - arrival time)
  Source:                 i_kecc_aes_k_axi_top/i_axi2reg/i_axi_to_axi_lite/i_axi_burst_splitter/i_demux_supported_vs_unsupported/gen_demux.gen_aw_id_counter.i_aw_id_counter/gen_counters[23].mst_select_q_reg[23][0]/C
                            (rising edge-triggered cell FDCE clocked by clk_i  {rise@0.000ns fall@5.000ns period=10.000ns})
  Destination:            i_kecc_aes_k_axi_top/kecc_aes_k_axi_reg_top_i/u_keccak_data_18/q_reg[61]/CE
                            (rising edge-triggered cell FDCE clocked by clk_i  {rise@0.000ns fall@5.000ns period=10.000ns})
  Path Group:             clk_i
  Path Type:              Setup (Max at Slow Process Corner)
  Requirement:            10.000ns  (clk_i rise@10.000ns - clk_i rise@0.000ns)
  Data Path Delay:        10.410ns  (logic 2.615ns (25.120%)  route 7.795ns (74.880%))
  Logic Levels:           18  (LUT2=2 LUT4=2 LUT5=3 LUT6=9 MUXF7=1 MUXF8=1)
  Clock Path Skew:        -0.039ns (DCD - SCD + CPR)
    Destination Clock Delay (DCD):    0.748ns = ( 10.748 - 10.000 ) 
    Source Clock Delay      (SCD):    0.787ns
    Clock Pessimism Removal (CPR):    0.000ns
  Clock Uncertainty:      0.035ns  ((TSJ^2 + TIJ^2)^1/2 + DJ) / 2 + PE
    Total System Jitter     (TSJ):    0.071ns
    Total Input Jitter      (TIJ):    0.000ns
    Discrete Jitter          (DJ):    0.000ns
    Phase Error              (PE):    0.000ns

    Location             Delay type                Incr(ns)  Path(ns)    Netlist Resource(s)
  -------------------------------------------------------------------    -------------------
                         (clock clk_i rise edge)      0.000     0.000 r  
                                                      0.000     0.000 r  clk_i (IN)
                         net (fo=3396, unset)         0.787     0.787    i_kecc_aes_k_axi_top/i_axi2reg/i_axi_to_axi_lite/i_axi_burst_splitter/i_demux_supported_vs_unsupported/gen_demux.gen_aw_id_counter.i_aw_id_counter/clk_i
    SLICE_X3Y165         FDCE                                         r  i_kecc_aes_k_axi_top/i_axi2reg/i_axi_to_axi_lite/i_axi_burst_splitter/i_demux_supported_vs_unsupported/gen_demux.gen_aw_id_counter.i_aw_id_counter/gen_counters[23].mst_select_q_reg[23][0]/C
  -------------------------------------------------------------------    -------------------
    SLICE_X3Y165         FDCE (Prop_fdce_C_Q)         0.348     1.135 f  i_kecc_aes_k_axi_top/i_axi2reg/i_axi_to_axi_lite/i_axi_burst_splitter/i_demux_supported_vs_unsupported/gen_demux.gen_aw_id_counter.i_aw_id_counter/gen_counters[23].mst_select_q_reg[23][0]/Q
                         net (fo=2, estimated)        0.670     1.805    i_kecc_aes_k_axi_top/i_axi2reg/i_axi_to_axi_lite/i_axi_burst_splitter/i_demux_supported_vs_unsupported/gen_demux.gen_aw_id_counter.i_aw_id_counter/gen_counters[23].mst_select_q_reg[23]_8
    SLICE_X3Y166         LUT6 (Prop_lut6_I0_O)        0.242     2.047 f  i_kecc_aes_k_axi_top/i_axi2reg/i_axi_to_axi_lite/i_axi_burst_splitter/i_demux_supported_vs_unsupported/gen_demux.gen_aw_id_counter.i_aw_id_counter/axi_rsp_o[aw_ready]_INST_0_i_40/O
                         net (fo=1, routed)           0.000     2.047    i_kecc_aes_k_axi_top/i_axi2reg/i_axi_to_axi_lite/i_axi_burst_splitter/i_demux_supported_vs_unsupported/gen_demux.gen_aw_id_counter.i_aw_id_counter/axi_rsp_o[aw_ready]_INST_0_i_40_n_0
    SLICE_X3Y166         MUXF7 (Prop_muxf7_I1_O)      0.206     2.253 f  i_kecc_aes_k_axi_top/i_axi2reg/i_axi_to_axi_lite/i_axi_burst_splitter/i_demux_supported_vs_unsupported/gen_demux.gen_aw_id_counter.i_aw_id_counter/axi_rsp_o[aw_ready]_INST_0_i_31/O
                         net (fo=1, routed)           0.000     2.253    i_kecc_aes_k_axi_top/i_axi2reg/i_axi_to_axi_lite/i_axi_burst_splitter/i_demux_supported_vs_unsupported/gen_demux.gen_aw_id_counter.i_aw_id_counter/axi_rsp_o[aw_ready]_INST_0_i_31_n_0
    SLICE_X3Y166         MUXF8 (Prop_muxf8_I0_O)      0.085     2.338 f  i_kecc_aes_k_axi_top/i_axi2reg/i_axi_to_axi_lite/i_axi_burst_splitter/i_demux_supported_vs_unsupported/gen_demux.gen_aw_id_counter.i_aw_id_counter/axi_rsp_o[aw_ready]_INST_0_i_21/O
                         net (fo=1, estimated)        0.886     3.224    i_kecc_aes_k_axi_top/i_axi2reg/i_axi_to_axi_lite/i_axi_burst_splitter/i_demux_supported_vs_unsupported/gen_demux.gen_aw_id_counter.i_aw_id_counter/gen_counters[3].i_in_flight_cnt/axi_rsp_o[aw_ready]_INST_0_i_6
    SLICE_X11Y166        LUT6 (Prop_lut6_I1_O)        0.264     3.488 f  i_kecc_aes_k_axi_top/i_axi2reg/i_axi_to_axi_lite/i_axi_burst_splitter/i_demux_supported_vs_unsupported/gen_demux.gen_aw_id_counter.i_aw_id_counter/gen_counters[3].i_in_flight_cnt/axi_rsp_o[aw_ready]_INST_0_i_12/O
                         net (fo=2, estimated)        0.244     3.732    i_kecc_aes_k_axi_top/i_axi2reg/i_axi_to_axi_lite/i_axi_burst_splitter/i_demux_supported_vs_unsupported/gen_demux.gen_aw_id_counter.i_aw_id_counter/gen_counters[3].i_in_flight_cnt/axi_req_i[aw][id]_4_sn_1
    SLICE_X10Y167        LUT6 (Prop_lut6_I1_O)        0.105     3.837 f  i_kecc_aes_k_axi_top/i_axi2reg/i_axi_to_axi_lite/i_axi_burst_splitter/i_demux_supported_vs_unsupported/gen_demux.gen_aw_id_counter.i_aw_id_counter/gen_counters[3].i_in_flight_cnt/status_cnt_q[1]_i_2__3/O
                         net (fo=41, estimated)       0.322     4.159    i_kecc_aes_k_axi_top/i_axi2reg/i_axi_to_axi_lite/i_axi_burst_splitter/i_demux_supported_vs_unsupported/gen_demux.i_w_fifo/status_cnt_q_reg[1]_0
    SLICE_X13Y167        LUT6 (Prop_lut6_I4_O)        0.105     4.264 f  i_kecc_aes_k_axi_top/i_axi2reg/i_axi_to_axi_lite/i_axi_burst_splitter/i_demux_supported_vs_unsupported/gen_demux.i_w_fifo/axi_rsp_o[w_ready]_INST_0_i_6/O
                         net (fo=3, estimated)        0.356     4.620    i_kecc_aes_k_axi_top/i_axi2reg/i_axi_to_axi_lite/i_axi_burst_splitter/i_demux_supported_vs_unsupported/gen_demux.i_w_fifo/axi_rsp_o[w_ready]_INST_0_i_6_n_0
    SLICE_X12Y167        LUT6 (Prop_lut6_I0_O)        0.105     4.725 r  i_kecc_aes_k_axi_top/i_axi2reg/i_axi_to_axi_lite/i_axi_burst_splitter/i_demux_supported_vs_unsupported/gen_demux.i_w_fifo/q[63]_i_27/O
                         net (fo=15, estimated)       0.278     5.003    i_kecc_aes_k_axi_top/i_axi2reg/i_axi_lite_to_reg/i_fifo_write_req/q_reg[0]
    SLICE_X13Y166        LUT5 (Prop_lut5_I0_O)        0.105     5.108 r  i_kecc_aes_k_axi_top/i_axi2reg/i_axi_lite_to_reg/i_fifo_write_req/gen_arbiter.gen_int_rr.rr_q[0]_i_2__0/O
                         net (fo=4, estimated)        0.260     5.368    i_kecc_aes_k_axi_top/i_axi2reg/i_axi_lite_to_reg/i_fifo_read/mem_q_reg[0][error]__0_1
    SLICE_X14Y166        LUT6 (Prop_lut6_I1_O)        0.105     5.473 f  i_kecc_aes_k_axi_top/i_axi2reg/i_axi_lite_to_reg/i_fifo_read/status_cnt_q[1]_i_2__0/O
                         net (fo=43, estimated)       0.410     5.883    i_kecc_aes_k_axi_top/i_axi2reg/i_axi_lite_to_reg/i_fifo_read/write_ready
    SLICE_X17Y165        LUT5 (Prop_lut5_I3_O)        0.105     5.988 r  i_kecc_aes_k_axi_top/i_axi2reg/i_axi_lite_to_reg/i_fifo_read/q[63]_i_16/O
                         net (fo=1, estimated)        0.229     6.217    i_kecc_aes_k_axi_top/i_axi2reg/i_axi_lite_to_reg/i_fifo_read/reg_req_i[addr][0]
    SLICE_X21Y165        LUT6 (Prop_lut6_I5_O)        0.105     6.322 r  i_kecc_aes_k_axi_top/i_axi2reg/i_axi_lite_to_reg/i_fifo_read/q[63]_i_14__0/O
                         net (fo=1, estimated)        0.221     6.543    i_kecc_aes_k_axi_top/i_axi2reg/i_axi_lite_to_reg/i_fifo_read/q[63]_i_14__0_n_0
    SLICE_X21Y164        LUT6 (Prop_lut6_I5_O)        0.105     6.648 r  i_kecc_aes_k_axi_top/i_axi2reg/i_axi_lite_to_reg/i_fifo_read/q[63]_i_9/O
                         net (fo=5, estimated)        0.257     6.905    i_kecc_aes_k_axi_top/i_axi2reg/i_axi_lite_to_reg/i_fifo_read/q[63]_i_9_n_0
    SLICE_X25Y164        LUT2 (Prop_lut2_I1_O)        0.105     7.010 r  i_kecc_aes_k_axi_top/i_axi2reg/i_axi_lite_to_reg/i_fifo_read/q[63]_i_4/O
                         net (fo=19, estimated)       0.408     7.418    i_kecc_aes_k_axi_top/i_axi2reg/i_axi_lite_to_reg/i_fifo_read/q[63]_i_4_n_0
    SLICE_X24Y166        LUT4 (Prop_lut4_I1_O)        0.105     7.523 r  i_kecc_aes_k_axi_top/i_axi2reg/i_axi_lite_to_reg/i_fifo_read/q[0]_i_3/O
                         net (fo=60, estimated)       0.654     8.177    i_kecc_aes_k_axi_top/i_axi2reg/i_axi_lite_to_reg/i_fifo_read/q[0]_i_3_n_0
    SLICE_X26Y167        LUT4 (Prop_lut4_I0_O)        0.105     8.282 f  i_kecc_aes_k_axi_top/i_axi2reg/i_axi_lite_to_reg/i_fifo_read/q[63]_i_14/O
                         net (fo=1, estimated)        0.663     8.945    i_kecc_aes_k_axi_top/i_axi2reg/i_axi_lite_to_reg/i_fifo_read/q[63]_i_14_n_0
    SLICE_X32Y169        LUT5 (Prop_lut5_I0_O)        0.105     9.050 r  i_kecc_aes_k_axi_top/i_axi2reg/i_axi_lite_to_reg/i_fifo_read/q[63]_i_5/O
                         net (fo=33, estimated)       0.759     9.809    i_kecc_aes_k_axi_top/i_axi2reg/i_axi_lite_to_reg/i_fifo_read/q[63]_i_5_n_0
    SLICE_X37Y168        LUT6 (Prop_lut6_I3_O)        0.105     9.914 r  i_kecc_aes_k_axi_top/i_axi2reg/i_axi_lite_to_reg/i_fifo_read/wr_data_i_1__5/O
                         net (fo=65, estimated)       0.613    10.527    i_kecc_aes_k_axi_top/i_axi2reg/i_axi_lite_to_reg/i_fifo_read/keccak_data_18_we
    SLICE_X53Y167        LUT2 (Prop_lut2_I0_O)        0.105    10.632 r  i_kecc_aes_k_axi_top/i_axi2reg/i_axi_lite_to_reg/i_fifo_read/q[63]_i_1__17/O
                         net (fo=64, estimated)       0.565    11.197    i_kecc_aes_k_axi_top/kecc_aes_k_axi_reg_top_i/u_keccak_data_18/q_reg[0]_0[0]
    SLICE_X53Y165        FDCE                                         r  i_kecc_aes_k_axi_top/kecc_aes_k_axi_reg_top_i/u_keccak_data_18/q_reg[61]/CE
  -------------------------------------------------------------------    -------------------

                         (clock clk_i rise edge)     10.000    10.000 r  
                                                      0.000    10.000 r  clk_i (IN)
                         net (fo=3396, unset)         0.748    10.748    i_kecc_aes_k_axi_top/kecc_aes_k_axi_reg_top_i/u_keccak_data_18/clk_i
    SLICE_X53Y165        FDCE                                         r  i_kecc_aes_k_axi_top/kecc_aes_k_axi_reg_top_i/u_keccak_data_18/q_reg[61]/C
                         clock pessimism              0.000    10.748    
                         clock uncertainty           -0.035    10.712    
    SLICE_X53Y165        FDCE (Setup_fdce_C_CE)      -0.168    10.544    i_kecc_aes_k_axi_top/kecc_aes_k_axi_reg_top_i/u_keccak_data_18/q_reg[61]
  -------------------------------------------------------------------
                         required time                         10.544    
                         arrival time                         -11.197    
  -------------------------------------------------------------------
                         slack                                 -0.653    

Slack (VIOLATED) :        -0.653ns  (required time - arrival time)
  Source:                 i_kecc_aes_k_axi_top/i_axi2reg/i_axi_to_axi_lite/i_axi_burst_splitter/i_demux_supported_vs_unsupported/gen_demux.gen_aw_id_counter.i_aw_id_counter/gen_counters[23].mst_select_q_reg[23][0]/C
                            (rising edge-triggered cell FDCE clocked by clk_i  {rise@0.000ns fall@5.000ns period=10.000ns})
  Destination:            i_kecc_aes_k_axi_top/kecc_aes_k_axi_reg_top_i/u_keccak_data_18/q_reg[61]/CE
                            (rising edge-triggered cell FDCE clocked by clk_i  {rise@0.000ns fall@5.000ns period=10.000ns})
  Path Group:             clk_i
  Path Type:              Setup (Max at Slow Process Corner)
  Requirement:            10.000ns  (clk_i rise@10.000ns - clk_i rise@0.000ns)
  Data Path Delay:        10.410ns  (logic 2.615ns (25.120%)  route 7.795ns (74.880%))
  Logic Levels:           18  (LUT2=2 LUT4=2 LUT5=3 LUT6=9 MUXF7=1 MUXF8=1)
  Clock Path Skew:        -0.039ns (DCD - SCD + CPR)
    Destination Clock Delay (DCD):    0.748ns = ( 10.748 - 10.000 ) 
    Source Clock Delay      (SCD):    0.787ns
    Clock Pessimism Removal (CPR):    0.000ns
  Clock Uncertainty:      0.035ns  ((TSJ^2 + TIJ^2)^1/2 + DJ) / 2 + PE
    Total System Jitter     (TSJ):    0.071ns
    Total Input Jitter      (TIJ):    0.000ns
    Discrete Jitter          (DJ):    0.000ns
    Phase Error              (PE):    0.000ns

    Location             Delay type                Incr(ns)  Path(ns)    Netlist Resource(s)
  -------------------------------------------------------------------    -------------------
                         (clock clk_i rise edge)      0.000     0.000 r  
                                                      0.000     0.000 r  clk_i (IN)
                         net (fo=3396, unset)         0.787     0.787    i_kecc_aes_k_axi_top/i_axi2reg/i_axi_to_axi_lite/i_axi_burst_splitter/i_demux_supported_vs_unsupported/gen_demux.gen_aw_id_counter.i_aw_id_counter/clk_i
    SLICE_X3Y165         FDCE                                         r  i_kecc_aes_k_axi_top/i_axi2reg/i_axi_to_axi_lite/i_axi_burst_splitter/i_demux_supported_vs_unsupported/gen_demux.gen_aw_id_counter.i_aw_id_counter/gen_counters[23].mst_select_q_reg[23][0]/C
  -------------------------------------------------------------------    -------------------
    SLICE_X3Y165         FDCE (Prop_fdce_C_Q)         0.348     1.135 r  i_kecc_aes_k_axi_top/i_axi2reg/i_axi_to_axi_lite/i_axi_burst_splitter/i_demux_supported_vs_unsupported/gen_demux.gen_aw_id_counter.i_aw_id_counter/gen_counters[23].mst_select_q_reg[23][0]/Q
                         net (fo=2, estimated)        0.670     1.805    i_kecc_aes_k_axi_top/i_axi2reg/i_axi_to_axi_lite/i_axi_burst_splitter/i_demux_supported_vs_unsupported/gen_demux.gen_aw_id_counter.i_aw_id_counter/gen_counters[23].mst_select_q_reg[23]_8
    SLICE_X3Y166         LUT6 (Prop_lut6_I0_O)        0.242     2.047 r  i_kecc_aes_k_axi_top/i_axi2reg/i_axi_to_axi_lite/i_axi_burst_splitter/i_demux_supported_vs_unsupported/gen_demux.gen_aw_id_counter.i_aw_id_counter/axi_rsp_o[aw_ready]_INST_0_i_40/O
                         net (fo=1, routed)           0.000     2.047    i_kecc_aes_k_axi_top/i_axi2reg/i_axi_to_axi_lite/i_axi_burst_splitter/i_demux_supported_vs_unsupported/gen_demux.gen_aw_id_counter.i_aw_id_counter/axi_rsp_o[aw_ready]_INST_0_i_40_n_0
    SLICE_X3Y166         MUXF7 (Prop_muxf7_I1_O)      0.206     2.253 r  i_kecc_aes_k_axi_top/i_axi2reg/i_axi_to_axi_lite/i_axi_burst_splitter/i_demux_supported_vs_unsupported/gen_demux.gen_aw_id_counter.i_aw_id_counter/axi_rsp_o[aw_ready]_INST_0_i_31/O
                         net (fo=1, routed)           0.000     2.253    i_kecc_aes_k_axi_top/i_axi2reg/i_axi_to_axi_lite/i_axi_burst_splitter/i_demux_supported_vs_unsupported/gen_demux.gen_aw_id_counter.i_aw_id_counter/axi_rsp_o[aw_ready]_INST_0_i_31_n_0
    SLICE_X3Y166         MUXF8 (Prop_muxf8_I0_O)      0.085     2.338 r  i_kecc_aes_k_axi_top/i_axi2reg/i_axi_to_axi_lite/i_axi_burst_splitter/i_demux_supported_vs_unsupported/gen_demux.gen_aw_id_counter.i_aw_id_counter/axi_rsp_o[aw_ready]_INST_0_i_21/O
                         net (fo=1, estimated)        0.886     3.224    i_kecc_aes_k_axi_top/i_axi2reg/i_axi_to_axi_lite/i_axi_burst_splitter/i_demux_supported_vs_unsupported/gen_demux.gen_aw_id_counter.i_aw_id_counter/gen_counters[3].i_in_flight_cnt/axi_rsp_o[aw_ready]_INST_0_i_6
    SLICE_X11Y166        LUT6 (Prop_lut6_I1_O)        0.264     3.488 r  i_kecc_aes_k_axi_top/i_axi2reg/i_axi_to_axi_lite/i_axi_burst_splitter/i_demux_supported_vs_unsupported/gen_demux.gen_aw_id_counter.i_aw_id_counter/gen_counters[3].i_in_flight_cnt/axi_rsp_o[aw_ready]_INST_0_i_12/O
                         net (fo=2, estimated)        0.244     3.732    i_kecc_aes_k_axi_top/i_axi2reg/i_axi_to_axi_lite/i_axi_burst_splitter/i_demux_supported_vs_unsupported/gen_demux.gen_aw_id_counter.i_aw_id_counter/gen_counters[3].i_in_flight_cnt/axi_req_i[aw][id]_4_sn_1
    SLICE_X10Y167        LUT6 (Prop_lut6_I1_O)        0.105     3.837 r  i_kecc_aes_k_axi_top/i_axi2reg/i_axi_to_axi_lite/i_axi_burst_splitter/i_demux_supported_vs_unsupported/gen_demux.gen_aw_id_counter.i_aw_id_counter/gen_counters[3].i_in_flight_cnt/status_cnt_q[1]_i_2__3/O
                         net (fo=41, estimated)       0.322     4.159    i_kecc_aes_k_axi_top/i_axi2reg/i_axi_to_axi_lite/i_axi_burst_splitter/i_demux_supported_vs_unsupported/gen_demux.i_w_fifo/status_cnt_q_reg[1]_0
    SLICE_X13Y167        LUT6 (Prop_lut6_I4_O)        0.105     4.264 r  i_kecc_aes_k_axi_top/i_axi2reg/i_axi_to_axi_lite/i_axi_burst_splitter/i_demux_supported_vs_unsupported/gen_demux.i_w_fifo/axi_rsp_o[w_ready]_INST_0_i_6/O
                         net (fo=3, estimated)        0.356     4.620    i_kecc_aes_k_axi_top/i_axi2reg/i_axi_to_axi_lite/i_axi_burst_splitter/i_demux_supported_vs_unsupported/gen_demux.i_w_fifo/axi_rsp_o[w_ready]_INST_0_i_6_n_0
    SLICE_X12Y167        LUT6 (Prop_lut6_I0_O)        0.105     4.725 f  i_kecc_aes_k_axi_top/i_axi2reg/i_axi_to_axi_lite/i_axi_burst_splitter/i_demux_supported_vs_unsupported/gen_demux.i_w_fifo/q[63]_i_27/O
                         net (fo=15, estimated)       0.278     5.003    i_kecc_aes_k_axi_top/i_axi2reg/i_axi_lite_to_reg/i_fifo_write_req/q_reg[0]
    SLICE_X13Y166        LUT5 (Prop_lut5_I0_O)        0.105     5.108 f  i_kecc_aes_k_axi_top/i_axi2reg/i_axi_lite_to_reg/i_fifo_write_req/gen_arbiter.gen_int_rr.rr_q[0]_i_2__0/O
                         net (fo=4, estimated)        0.260     5.368    i_kecc_aes_k_axi_top/i_axi2reg/i_axi_lite_to_reg/i_fifo_read/mem_q_reg[0][error]__0_1
    SLICE_X14Y166        LUT6 (Prop_lut6_I1_O)        0.105     5.473 r  i_kecc_aes_k_axi_top/i_axi2reg/i_axi_lite_to_reg/i_fifo_read/status_cnt_q[1]_i_2__0/O
                         net (fo=43, estimated)       0.410     5.883    i_kecc_aes_k_axi_top/i_axi2reg/i_axi_lite_to_reg/i_fifo_read/write_ready
    SLICE_X17Y165        LUT5 (Prop_lut5_I3_O)        0.105     5.988 f  i_kecc_aes_k_axi_top/i_axi2reg/i_axi_lite_to_reg/i_fifo_read/q[63]_i_16/O
                         net (fo=1, estimated)        0.229     6.217    i_kecc_aes_k_axi_top/i_axi2reg/i_axi_lite_to_reg/i_fifo_read/reg_req_i[addr][0]
    SLICE_X21Y165        LUT6 (Prop_lut6_I5_O)        0.105     6.322 f  i_kecc_aes_k_axi_top/i_axi2reg/i_axi_lite_to_reg/i_fifo_read/q[63]_i_14__0/O
                         net (fo=1, estimated)        0.221     6.543    i_kecc_aes_k_axi_top/i_axi2reg/i_axi_lite_to_reg/i_fifo_read/q[63]_i_14__0_n_0
    SLICE_X21Y164        LUT6 (Prop_lut6_I5_O)        0.105     6.648 f  i_kecc_aes_k_axi_top/i_axi2reg/i_axi_lite_to_reg/i_fifo_read/q[63]_i_9/O
                         net (fo=5, estimated)        0.257     6.905    i_kecc_aes_k_axi_top/i_axi2reg/i_axi_lite_to_reg/i_fifo_read/q[63]_i_9_n_0
    SLICE_X25Y164        LUT2 (Prop_lut2_I1_O)        0.105     7.010 f  i_kecc_aes_k_axi_top/i_axi2reg/i_axi_lite_to_reg/i_fifo_read/q[63]_i_4/O
                         net (fo=19, estimated)       0.408     7.418    i_kecc_aes_k_axi_top/i_axi2reg/i_axi_lite_to_reg/i_fifo_read/q[63]_i_4_n_0
    SLICE_X24Y166        LUT4 (Prop_lut4_I1_O)        0.105     7.523 f  i_kecc_aes_k_axi_top/i_axi2reg/i_axi_lite_to_reg/i_fifo_read/q[0]_i_3/O
                         net (fo=60, estimated)       0.654     8.177    i_kecc_aes_k_axi_top/i_axi2reg/i_axi_lite_to_reg/i_fifo_read/q[0]_i_3_n_0
    SLICE_X26Y167        LUT4 (Prop_lut4_I0_O)        0.105     8.282 r  i_kecc_aes_k_axi_top/i_axi2reg/i_axi_lite_to_reg/i_fifo_read/q[63]_i_14/O
                         net (fo=1, estimated)        0.663     8.945    i_kecc_aes_k_axi_top/i_axi2reg/i_axi_lite_to_reg/i_fifo_read/q[63]_i_14_n_0
    SLICE_X32Y169        LUT5 (Prop_lut5_I0_O)        0.105     9.050 f  i_kecc_aes_k_axi_top/i_axi2reg/i_axi_lite_to_reg/i_fifo_read/q[63]_i_5/O
                         net (fo=33, estimated)       0.759     9.809    i_kecc_aes_k_axi_top/i_axi2reg/i_axi_lite_to_reg/i_fifo_read/q[63]_i_5_n_0
    SLICE_X37Y168        LUT6 (Prop_lut6_I3_O)        0.105     9.914 f  i_kecc_aes_k_axi_top/i_axi2reg/i_axi_lite_to_reg/i_fifo_read/wr_data_i_1__5/O
                         net (fo=65, estimated)       0.613    10.527    i_kecc_aes_k_axi_top/i_axi2reg/i_axi_lite_to_reg/i_fifo_read/keccak_data_18_we
    SLICE_X53Y167        LUT2 (Prop_lut2_I0_O)        0.105    10.632 f  i_kecc_aes_k_axi_top/i_axi2reg/i_axi_lite_to_reg/i_fifo_read/q[63]_i_1__17/O
                         net (fo=64, estimated)       0.565    11.197    i_kecc_aes_k_axi_top/kecc_aes_k_axi_reg_top_i/u_keccak_data_18/q_reg[0]_0[0]
    SLICE_X53Y165        FDCE                                         f  i_kecc_aes_k_axi_top/kecc_aes_k_axi_reg_top_i/u_keccak_data_18/q_reg[61]/CE
  -------------------------------------------------------------------    -------------------

                         (clock clk_i rise edge)     10.000    10.000 r  
                                                      0.000    10.000 r  clk_i (IN)
                         net (fo=3396, unset)         0.748    10.748    i_kecc_aes_k_axi_top/kecc_aes_k_axi_reg_top_i/u_keccak_data_18/clk_i
    SLICE_X53Y165        FDCE                                         r  i_kecc_aes_k_axi_top/kecc_aes_k_axi_reg_top_i/u_keccak_data_18/q_reg[61]/C
                         clock pessimism              0.000    10.748    
                         clock uncertainty           -0.035    10.712    
    SLICE_X53Y165        FDCE (Setup_fdce_C_CE)      -0.168    10.544    i_kecc_aes_k_axi_top/kecc_aes_k_axi_reg_top_i/u_keccak_data_18/q_reg[61]
  -------------------------------------------------------------------
                         required time                         10.544    
                         arrival time                         -11.197    
  -------------------------------------------------------------------
                         slack                                 -0.653    

Slack (VIOLATED) :        -0.653ns  (required time - arrival time)
  Source:                 i_kecc_aes_k_axi_top/i_axi2reg/i_axi_to_axi_lite/i_axi_burst_splitter/i_demux_supported_vs_unsupported/gen_demux.gen_aw_id_counter.i_aw_id_counter/gen_counters[23].mst_select_q_reg[23][0]/C
                            (rising edge-triggered cell FDCE clocked by clk_i  {rise@0.000ns fall@5.000ns period=10.000ns})
  Destination:            i_kecc_aes_k_axi_top/kecc_aes_k_axi_reg_top_i/u_keccak_data_18/q_reg[61]/CE
                            (rising edge-triggered cell FDCE clocked by clk_i  {rise@0.000ns fall@5.000ns period=10.000ns})
  Path Group:             clk_i
  Path Type:              Setup (Max at Slow Process Corner)
  Requirement:            10.000ns  (clk_i rise@10.000ns - clk_i rise@0.000ns)
  Data Path Delay:        10.410ns  (logic 2.615ns (25.120%)  route 7.795ns (74.880%))
  Logic Levels:           18  (LUT2=2 LUT4=2 LUT5=3 LUT6=9 MUXF7=1 MUXF8=1)
  Clock Path Skew:        -0.039ns (DCD - SCD + CPR)
    Destination Clock Delay (DCD):    0.748ns = ( 10.748 - 10.000 ) 
    Source Clock Delay      (SCD):    0.787ns
    Clock Pessimism Removal (CPR):    0.000ns
  Clock Uncertainty:      0.035ns  ((TSJ^2 + TIJ^2)^1/2 + DJ) / 2 + PE
    Total System Jitter     (TSJ):    0.071ns
    Total Input Jitter      (TIJ):    0.000ns
    Discrete Jitter          (DJ):    0.000ns
    Phase Error              (PE):    0.000ns

    Location             Delay type                Incr(ns)  Path(ns)    Netlist Resource(s)
  -------------------------------------------------------------------    -------------------
                         (clock clk_i rise edge)      0.000     0.000 r  
                                                      0.000     0.000 r  clk_i (IN)
                         net (fo=3396, unset)         0.787     0.787    i_kecc_aes_k_axi_top/i_axi2reg/i_axi_to_axi_lite/i_axi_burst_splitter/i_demux_supported_vs_unsupported/gen_demux.gen_aw_id_counter.i_aw_id_counter/clk_i
    SLICE_X3Y165         FDCE                                         r  i_kecc_aes_k_axi_top/i_axi2reg/i_axi_to_axi_lite/i_axi_burst_splitter/i_demux_supported_vs_unsupported/gen_demux.gen_aw_id_counter.i_aw_id_counter/gen_counters[23].mst_select_q_reg[23][0]/C
  -------------------------------------------------------------------    -------------------
    SLICE_X3Y165         FDCE (Prop_fdce_C_Q)         0.348     1.135 f  i_kecc_aes_k_axi_top/i_axi2reg/i_axi_to_axi_lite/i_axi_burst_splitter/i_demux_supported_vs_unsupported/gen_demux.gen_aw_id_counter.i_aw_id_counter/gen_counters[23].mst_select_q_reg[23][0]/Q
                         net (fo=2, estimated)        0.670     1.805    i_kecc_aes_k_axi_top/i_axi2reg/i_axi_to_axi_lite/i_axi_burst_splitter/i_demux_supported_vs_unsupported/gen_demux.gen_aw_id_counter.i_aw_id_counter/gen_counters[23].mst_select_q_reg[23]_8
    SLICE_X3Y166         LUT6 (Prop_lut6_I0_O)        0.242     2.047 f  i_kecc_aes_k_axi_top/i_axi2reg/i_axi_to_axi_lite/i_axi_burst_splitter/i_demux_supported_vs_unsupported/gen_demux.gen_aw_id_counter.i_aw_id_counter/axi_rsp_o[aw_ready]_INST_0_i_40/O
                         net (fo=1, routed)           0.000     2.047    i_kecc_aes_k_axi_top/i_axi2reg/i_axi_to_axi_lite/i_axi_burst_splitter/i_demux_supported_vs_unsupported/gen_demux.gen_aw_id_counter.i_aw_id_counter/axi_rsp_o[aw_ready]_INST_0_i_40_n_0
    SLICE_X3Y166         MUXF7 (Prop_muxf7_I1_O)      0.206     2.253 f  i_kecc_aes_k_axi_top/i_axi2reg/i_axi_to_axi_lite/i_axi_burst_splitter/i_demux_supported_vs_unsupported/gen_demux.gen_aw_id_counter.i_aw_id_counter/axi_rsp_o[aw_ready]_INST_0_i_31/O
                         net (fo=1, routed)           0.000     2.253    i_kecc_aes_k_axi_top/i_axi2reg/i_axi_to_axi_lite/i_axi_burst_splitter/i_demux_supported_vs_unsupported/gen_demux.gen_aw_id_counter.i_aw_id_counter/axi_rsp_o[aw_ready]_INST_0_i_31_n_0
    SLICE_X3Y166         MUXF8 (Prop_muxf8_I0_O)      0.085     2.338 f  i_kecc_aes_k_axi_top/i_axi2reg/i_axi_to_axi_lite/i_axi_burst_splitter/i_demux_supported_vs_unsupported/gen_demux.gen_aw_id_counter.i_aw_id_counter/axi_rsp_o[aw_ready]_INST_0_i_21/O
                         net (fo=1, estimated)        0.886     3.224    i_kecc_aes_k_axi_top/i_axi2reg/i_axi_to_axi_lite/i_axi_burst_splitter/i_demux_supported_vs_unsupported/gen_demux.gen_aw_id_counter.i_aw_id_counter/gen_counters[3].i_in_flight_cnt/axi_rsp_o[aw_ready]_INST_0_i_6
    SLICE_X11Y166        LUT6 (Prop_lut6_I1_O)        0.264     3.488 r  i_kecc_aes_k_axi_top/i_axi2reg/i_axi_to_axi_lite/i_axi_burst_splitter/i_demux_supported_vs_unsupported/gen_demux.gen_aw_id_counter.i_aw_id_counter/gen_counters[3].i_in_flight_cnt/axi_rsp_o[aw_ready]_INST_0_i_12/O
                         net (fo=2, estimated)        0.244     3.732    i_kecc_aes_k_axi_top/i_axi2reg/i_axi_to_axi_lite/i_axi_burst_splitter/i_demux_supported_vs_unsupported/gen_demux.gen_aw_id_counter.i_aw_id_counter/gen_counters[3].i_in_flight_cnt/axi_req_i[aw][id]_4_sn_1
    SLICE_X10Y167        LUT6 (Prop_lut6_I1_O)        0.105     3.837 r  i_kecc_aes_k_axi_top/i_axi2reg/i_axi_to_axi_lite/i_axi_burst_splitter/i_demux_supported_vs_unsupported/gen_demux.gen_aw_id_counter.i_aw_id_counter/gen_counters[3].i_in_flight_cnt/status_cnt_q[1]_i_2__3/O
                         net (fo=41, estimated)       0.322     4.159    i_kecc_aes_k_axi_top/i_axi2reg/i_axi_to_axi_lite/i_axi_burst_splitter/i_demux_supported_vs_unsupported/gen_demux.i_w_fifo/status_cnt_q_reg[1]_0
    SLICE_X13Y167        LUT6 (Prop_lut6_I4_O)        0.105     4.264 r  i_kecc_aes_k_axi_top/i_axi2reg/i_axi_to_axi_lite/i_axi_burst_splitter/i_demux_supported_vs_unsupported/gen_demux.i_w_fifo/axi_rsp_o[w_ready]_INST_0_i_6/O
                         net (fo=3, estimated)        0.356     4.620    i_kecc_aes_k_axi_top/i_axi2reg/i_axi_to_axi_lite/i_axi_burst_splitter/i_demux_supported_vs_unsupported/gen_demux.i_w_fifo/axi_rsp_o[w_ready]_INST_0_i_6_n_0
    SLICE_X12Y167        LUT6 (Prop_lut6_I0_O)        0.105     4.725 f  i_kecc_aes_k_axi_top/i_axi2reg/i_axi_to_axi_lite/i_axi_burst_splitter/i_demux_supported_vs_unsupported/gen_demux.i_w_fifo/q[63]_i_27/O
                         net (fo=15, estimated)       0.278     5.003    i_kecc_aes_k_axi_top/i_axi2reg/i_axi_lite_to_reg/i_fifo_write_req/q_reg[0]
    SLICE_X13Y166        LUT5 (Prop_lut5_I0_O)        0.105     5.108 f  i_kecc_aes_k_axi_top/i_axi2reg/i_axi_lite_to_reg/i_fifo_write_req/gen_arbiter.gen_int_rr.rr_q[0]_i_2__0/O
                         net (fo=4, estimated)        0.260     5.368    i_kecc_aes_k_axi_top/i_axi2reg/i_axi_lite_to_reg/i_fifo_read/mem_q_reg[0][error]__0_1
    SLICE_X14Y166        LUT6 (Prop_lut6_I1_O)        0.105     5.473 r  i_kecc_aes_k_axi_top/i_axi2reg/i_axi_lite_to_reg/i_fifo_read/status_cnt_q[1]_i_2__0/O
                         net (fo=43, estimated)       0.410     5.883    i_kecc_aes_k_axi_top/i_axi2reg/i_axi_lite_to_reg/i_fifo_read/write_ready
    SLICE_X17Y165        LUT5 (Prop_lut5_I3_O)        0.105     5.988 f  i_kecc_aes_k_axi_top/i_axi2reg/i_axi_lite_to_reg/i_fifo_read/q[63]_i_16/O
                         net (fo=1, estimated)        0.229     6.217    i_kecc_aes_k_axi_top/i_axi2reg/i_axi_lite_to_reg/i_fifo_read/reg_req_i[addr][0]
    SLICE_X21Y165        LUT6 (Prop_lut6_I5_O)        0.105     6.322 f  i_kecc_aes_k_axi_top/i_axi2reg/i_axi_lite_to_reg/i_fifo_read/q[63]_i_14__0/O
                         net (fo=1, estimated)        0.221     6.543    i_kecc_aes_k_axi_top/i_axi2reg/i_axi_lite_to_reg/i_fifo_read/q[63]_i_14__0_n_0
    SLICE_X21Y164        LUT6 (Prop_lut6_I5_O)        0.105     6.648 f  i_kecc_aes_k_axi_top/i_axi2reg/i_axi_lite_to_reg/i_fifo_read/q[63]_i_9/O
                         net (fo=5, estimated)        0.257     6.905    i_kecc_aes_k_axi_top/i_axi2reg/i_axi_lite_to_reg/i_fifo_read/q[63]_i_9_n_0
    SLICE_X25Y164        LUT2 (Prop_lut2_I1_O)        0.105     7.010 f  i_kecc_aes_k_axi_top/i_axi2reg/i_axi_lite_to_reg/i_fifo_read/q[63]_i_4/O
                         net (fo=19, estimated)       0.408     7.418    i_kecc_aes_k_axi_top/i_axi2reg/i_axi_lite_to_reg/i_fifo_read/q[63]_i_4_n_0
    SLICE_X24Y166        LUT4 (Prop_lut4_I1_O)        0.105     7.523 f  i_kecc_aes_k_axi_top/i_axi2reg/i_axi_lite_to_reg/i_fifo_read/q[0]_i_3/O
                         net (fo=60, estimated)       0.654     8.177    i_kecc_aes_k_axi_top/i_axi2reg/i_axi_lite_to_reg/i_fifo_read/q[0]_i_3_n_0
    SLICE_X26Y167        LUT4 (Prop_lut4_I0_O)        0.105     8.282 r  i_kecc_aes_k_axi_top/i_axi2reg/i_axi_lite_to_reg/i_fifo_read/q[63]_i_14/O
                         net (fo=1, estimated)        0.663     8.945    i_kecc_aes_k_axi_top/i_axi2reg/i_axi_lite_to_reg/i_fifo_read/q[63]_i_14_n_0
    SLICE_X32Y169        LUT5 (Prop_lut5_I0_O)        0.105     9.050 f  i_kecc_aes_k_axi_top/i_axi2reg/i_axi_lite_to_reg/i_fifo_read/q[63]_i_5/O
                         net (fo=33, estimated)       0.759     9.809    i_kecc_aes_k_axi_top/i_axi2reg/i_axi_lite_to_reg/i_fifo_read/q[63]_i_5_n_0
    SLICE_X37Y168        LUT6 (Prop_lut6_I3_O)        0.105     9.914 f  i_kecc_aes_k_axi_top/i_axi2reg/i_axi_lite_to_reg/i_fifo_read/wr_data_i_1__5/O
                         net (fo=65, estimated)       0.613    10.527    i_kecc_aes_k_axi_top/i_axi2reg/i_axi_lite_to_reg/i_fifo_read/keccak_data_18_we
    SLICE_X53Y167        LUT2 (Prop_lut2_I0_O)        0.105    10.632 f  i_kecc_aes_k_axi_top/i_axi2reg/i_axi_lite_to_reg/i_fifo_read/q[63]_i_1__17/O
                         net (fo=64, estimated)       0.565    11.197    i_kecc_aes_k_axi_top/kecc_aes_k_axi_reg_top_i/u_keccak_data_18/q_reg[0]_0[0]
    SLICE_X53Y165        FDCE                                         f  i_kecc_aes_k_axi_top/kecc_aes_k_axi_reg_top_i/u_keccak_data_18/q_reg[61]/CE
  -------------------------------------------------------------------    -------------------

                         (clock clk_i rise edge)     10.000    10.000 r  
                                                      0.000    10.000 r  clk_i (IN)
                         net (fo=3396, unset)         0.748    10.748    i_kecc_aes_k_axi_top/kecc_aes_k_axi_reg_top_i/u_keccak_data_18/clk_i
    SLICE_X53Y165        FDCE                                         r  i_kecc_aes_k_axi_top/kecc_aes_k_axi_reg_top_i/u_keccak_data_18/q_reg[61]/C
                         clock pessimism              0.000    10.748    
                         clock uncertainty           -0.035    10.712    
    SLICE_X53Y165        FDCE (Setup_fdce_C_CE)      -0.168    10.544    i_kecc_aes_k_axi_top/kecc_aes_k_axi_reg_top_i/u_keccak_data_18/q_reg[61]
  -------------------------------------------------------------------
                         required time                         10.544    
                         arrival time                         -11.197    
  -------------------------------------------------------------------
                         slack                                 -0.653    

Slack (VIOLATED) :        -0.653ns  (required time - arrival time)
  Source:                 i_kecc_aes_k_axi_top/i_axi2reg/i_axi_to_axi_lite/i_axi_burst_splitter/i_demux_supported_vs_unsupported/gen_demux.gen_aw_id_counter.i_aw_id_counter/gen_counters[23].mst_select_q_reg[23][0]/C
                            (rising edge-triggered cell FDCE clocked by clk_i  {rise@0.000ns fall@5.000ns period=10.000ns})
  Destination:            i_kecc_aes_k_axi_top/kecc_aes_k_axi_reg_top_i/u_keccak_data_18/q_reg[61]/CE
                            (rising edge-triggered cell FDCE clocked by clk_i  {rise@0.000ns fall@5.000ns period=10.000ns})
  Path Group:             clk_i
  Path Type:              Setup (Max at Slow Process Corner)
  Requirement:            10.000ns  (clk_i rise@10.000ns - clk_i rise@0.000ns)
  Data Path Delay:        10.410ns  (logic 2.615ns (25.120%)  route 7.795ns (74.880%))
  Logic Levels:           18  (LUT2=2 LUT4=2 LUT5=3 LUT6=9 MUXF7=1 MUXF8=1)
  Clock Path Skew:        -0.039ns (DCD - SCD + CPR)
    Destination Clock Delay (DCD):    0.748ns = ( 10.748 - 10.000 ) 
    Source Clock Delay      (SCD):    0.787ns
    Clock Pessimism Removal (CPR):    0.000ns
  Clock Uncertainty:      0.035ns  ((TSJ^2 + TIJ^2)^1/2 + DJ) / 2 + PE
    Total System Jitter     (TSJ):    0.071ns
    Total Input Jitter      (TIJ):    0.000ns
    Discrete Jitter          (DJ):    0.000ns
    Phase Error              (PE):    0.000ns

    Location             Delay type                Incr(ns)  Path(ns)    Netlist Resource(s)
  -------------------------------------------------------------------    -------------------
                         (clock clk_i rise edge)      0.000     0.000 r  
                                                      0.000     0.000 r  clk_i (IN)
                         net (fo=3396, unset)         0.787     0.787    i_kecc_aes_k_axi_top/i_axi2reg/i_axi_to_axi_lite/i_axi_burst_splitter/i_demux_supported_vs_unsupported/gen_demux.gen_aw_id_counter.i_aw_id_counter/clk_i
    SLICE_X3Y165         FDCE                                         r  i_kecc_aes_k_axi_top/i_axi2reg/i_axi_to_axi_lite/i_axi_burst_splitter/i_demux_supported_vs_unsupported/gen_demux.gen_aw_id_counter.i_aw_id_counter/gen_counters[23].mst_select_q_reg[23][0]/C
  -------------------------------------------------------------------    -------------------
    SLICE_X3Y165         FDCE (Prop_fdce_C_Q)         0.348     1.135 r  i_kecc_aes_k_axi_top/i_axi2reg/i_axi_to_axi_lite/i_axi_burst_splitter/i_demux_supported_vs_unsupported/gen_demux.gen_aw_id_counter.i_aw_id_counter/gen_counters[23].mst_select_q_reg[23][0]/Q
                         net (fo=2, estimated)        0.670     1.805    i_kecc_aes_k_axi_top/i_axi2reg/i_axi_to_axi_lite/i_axi_burst_splitter/i_demux_supported_vs_unsupported/gen_demux.gen_aw_id_counter.i_aw_id_counter/gen_counters[23].mst_select_q_reg[23]_8
    SLICE_X3Y166         LUT6 (Prop_lut6_I0_O)        0.242     2.047 r  i_kecc_aes_k_axi_top/i_axi2reg/i_axi_to_axi_lite/i_axi_burst_splitter/i_demux_supported_vs_unsupported/gen_demux.gen_aw_id_counter.i_aw_id_counter/axi_rsp_o[aw_ready]_INST_0_i_40/O
                         net (fo=1, routed)           0.000     2.047    i_kecc_aes_k_axi_top/i_axi2reg/i_axi_to_axi_lite/i_axi_burst_splitter/i_demux_supported_vs_unsupported/gen_demux.gen_aw_id_counter.i_aw_id_counter/axi_rsp_o[aw_ready]_INST_0_i_40_n_0
    SLICE_X3Y166         MUXF7 (Prop_muxf7_I1_O)      0.206     2.253 r  i_kecc_aes_k_axi_top/i_axi2reg/i_axi_to_axi_lite/i_axi_burst_splitter/i_demux_supported_vs_unsupported/gen_demux.gen_aw_id_counter.i_aw_id_counter/axi_rsp_o[aw_ready]_INST_0_i_31/O
                         net (fo=1, routed)           0.000     2.253    i_kecc_aes_k_axi_top/i_axi2reg/i_axi_to_axi_lite/i_axi_burst_splitter/i_demux_supported_vs_unsupported/gen_demux.gen_aw_id_counter.i_aw_id_counter/axi_rsp_o[aw_ready]_INST_0_i_31_n_0
    SLICE_X3Y166         MUXF8 (Prop_muxf8_I0_O)      0.085     2.338 r  i_kecc_aes_k_axi_top/i_axi2reg/i_axi_to_axi_lite/i_axi_burst_splitter/i_demux_supported_vs_unsupported/gen_demux.gen_aw_id_counter.i_aw_id_counter/axi_rsp_o[aw_ready]_INST_0_i_21/O
                         net (fo=1, estimated)        0.886     3.224    i_kecc_aes_k_axi_top/i_axi2reg/i_axi_to_axi_lite/i_axi_burst_splitter/i_demux_supported_vs_unsupported/gen_demux.gen_aw_id_counter.i_aw_id_counter/gen_counters[3].i_in_flight_cnt/axi_rsp_o[aw_ready]_INST_0_i_6
    SLICE_X11Y166        LUT6 (Prop_lut6_I1_O)        0.264     3.488 f  i_kecc_aes_k_axi_top/i_axi2reg/i_axi_to_axi_lite/i_axi_burst_splitter/i_demux_supported_vs_unsupported/gen_demux.gen_aw_id_counter.i_aw_id_counter/gen_counters[3].i_in_flight_cnt/axi_rsp_o[aw_ready]_INST_0_i_12/O
                         net (fo=2, estimated)        0.244     3.732    i_kecc_aes_k_axi_top/i_axi2reg/i_axi_to_axi_lite/i_axi_burst_splitter/i_demux_supported_vs_unsupported/gen_demux.gen_aw_id_counter.i_aw_id_counter/gen_counters[3].i_in_flight_cnt/axi_req_i[aw][id]_4_sn_1
    SLICE_X10Y167        LUT6 (Prop_lut6_I1_O)        0.105     3.837 f  i_kecc_aes_k_axi_top/i_axi2reg/i_axi_to_axi_lite/i_axi_burst_splitter/i_demux_supported_vs_unsupported/gen_demux.gen_aw_id_counter.i_aw_id_counter/gen_counters[3].i_in_flight_cnt/status_cnt_q[1]_i_2__3/O
                         net (fo=41, estimated)       0.322     4.159    i_kecc_aes_k_axi_top/i_axi2reg/i_axi_to_axi_lite/i_axi_burst_splitter/i_demux_supported_vs_unsupported/gen_demux.i_w_fifo/status_cnt_q_reg[1]_0
    SLICE_X13Y167        LUT6 (Prop_lut6_I4_O)        0.105     4.264 f  i_kecc_aes_k_axi_top/i_axi2reg/i_axi_to_axi_lite/i_axi_burst_splitter/i_demux_supported_vs_unsupported/gen_demux.i_w_fifo/axi_rsp_o[w_ready]_INST_0_i_6/O
                         net (fo=3, estimated)        0.356     4.620    i_kecc_aes_k_axi_top/i_axi2reg/i_axi_to_axi_lite/i_axi_burst_splitter/i_demux_supported_vs_unsupported/gen_demux.i_w_fifo/axi_rsp_o[w_ready]_INST_0_i_6_n_0
    SLICE_X12Y167        LUT6 (Prop_lut6_I0_O)        0.105     4.725 r  i_kecc_aes_k_axi_top/i_axi2reg/i_axi_to_axi_lite/i_axi_burst_splitter/i_demux_supported_vs_unsupported/gen_demux.i_w_fifo/q[63]_i_27/O
                         net (fo=15, estimated)       0.278     5.003    i_kecc_aes_k_axi_top/i_axi2reg/i_axi_lite_to_reg/i_fifo_write_req/q_reg[0]
    SLICE_X13Y166        LUT5 (Prop_lut5_I0_O)        0.105     5.108 r  i_kecc_aes_k_axi_top/i_axi2reg/i_axi_lite_to_reg/i_fifo_write_req/gen_arbiter.gen_int_rr.rr_q[0]_i_2__0/O
                         net (fo=4, estimated)        0.260     5.368    i_kecc_aes_k_axi_top/i_axi2reg/i_axi_lite_to_reg/i_fifo_read/mem_q_reg[0][error]__0_1
    SLICE_X14Y166        LUT6 (Prop_lut6_I1_O)        0.105     5.473 f  i_kecc_aes_k_axi_top/i_axi2reg/i_axi_lite_to_reg/i_fifo_read/status_cnt_q[1]_i_2__0/O
                         net (fo=43, estimated)       0.410     5.883    i_kecc_aes_k_axi_top/i_axi2reg/i_axi_lite_to_reg/i_fifo_read/write_ready
    SLICE_X17Y165        LUT5 (Prop_lut5_I3_O)        0.105     5.988 f  i_kecc_aes_k_axi_top/i_axi2reg/i_axi_lite_to_reg/i_fifo_read/q[63]_i_16/O
                         net (fo=1, estimated)        0.229     6.217    i_kecc_aes_k_axi_top/i_axi2reg/i_axi_lite_to_reg/i_fifo_read/reg_req_i[addr][0]
    SLICE_X21Y165        LUT6 (Prop_lut6_I5_O)        0.105     6.322 f  i_kecc_aes_k_axi_top/i_axi2reg/i_axi_lite_to_reg/i_fifo_read/q[63]_i_14__0/O
                         net (fo=1, estimated)        0.221     6.543    i_kecc_aes_k_axi_top/i_axi2reg/i_axi_lite_to_reg/i_fifo_read/q[63]_i_14__0_n_0
    SLICE_X21Y164        LUT6 (Prop_lut6_I5_O)        0.105     6.648 f  i_kecc_aes_k_axi_top/i_axi2reg/i_axi_lite_to_reg/i_fifo_read/q[63]_i_9/O
                         net (fo=5, estimated)        0.257     6.905    i_kecc_aes_k_axi_top/i_axi2reg/i_axi_lite_to_reg/i_fifo_read/q[63]_i_9_n_0
    SLICE_X25Y164        LUT2 (Prop_lut2_I1_O)        0.105     7.010 f  i_kecc_aes_k_axi_top/i_axi2reg/i_axi_lite_to_reg/i_fifo_read/q[63]_i_4/O
                         net (fo=19, estimated)       0.408     7.418    i_kecc_aes_k_axi_top/i_axi2reg/i_axi_lite_to_reg/i_fifo_read/q[63]_i_4_n_0
    SLICE_X24Y166        LUT4 (Prop_lut4_I1_O)        0.105     7.523 f  i_kecc_aes_k_axi_top/i_axi2reg/i_axi_lite_to_reg/i_fifo_read/q[0]_i_3/O
                         net (fo=60, estimated)       0.654     8.177    i_kecc_aes_k_axi_top/i_axi2reg/i_axi_lite_to_reg/i_fifo_read/q[0]_i_3_n_0
    SLICE_X26Y167        LUT4 (Prop_lut4_I0_O)        0.105     8.282 r  i_kecc_aes_k_axi_top/i_axi2reg/i_axi_lite_to_reg/i_fifo_read/q[63]_i_14/O
                         net (fo=1, estimated)        0.663     8.945    i_kecc_aes_k_axi_top/i_axi2reg/i_axi_lite_to_reg/i_fifo_read/q[63]_i_14_n_0
    SLICE_X32Y169        LUT5 (Prop_lut5_I0_O)        0.105     9.050 f  i_kecc_aes_k_axi_top/i_axi2reg/i_axi_lite_to_reg/i_fifo_read/q[63]_i_5/O
                         net (fo=33, estimated)       0.759     9.809    i_kecc_aes_k_axi_top/i_axi2reg/i_axi_lite_to_reg/i_fifo_read/q[63]_i_5_n_0
    SLICE_X37Y168        LUT6 (Prop_lut6_I3_O)        0.105     9.914 f  i_kecc_aes_k_axi_top/i_axi2reg/i_axi_lite_to_reg/i_fifo_read/wr_data_i_1__5/O
                         net (fo=65, estimated)       0.613    10.527    i_kecc_aes_k_axi_top/i_axi2reg/i_axi_lite_to_reg/i_fifo_read/keccak_data_18_we
    SLICE_X53Y167        LUT2 (Prop_lut2_I0_O)        0.105    10.632 f  i_kecc_aes_k_axi_top/i_axi2reg/i_axi_lite_to_reg/i_fifo_read/q[63]_i_1__17/O
                         net (fo=64, estimated)       0.565    11.197    i_kecc_aes_k_axi_top/kecc_aes_k_axi_reg_top_i/u_keccak_data_18/q_reg[0]_0[0]
    SLICE_X53Y165        FDCE                                         f  i_kecc_aes_k_axi_top/kecc_aes_k_axi_reg_top_i/u_keccak_data_18/q_reg[61]/CE
  -------------------------------------------------------------------    -------------------

                         (clock clk_i rise edge)     10.000    10.000 r  
                                                      0.000    10.000 r  clk_i (IN)
                         net (fo=3396, unset)         0.748    10.748    i_kecc_aes_k_axi_top/kecc_aes_k_axi_reg_top_i/u_keccak_data_18/clk_i
    SLICE_X53Y165        FDCE                                         r  i_kecc_aes_k_axi_top/kecc_aes_k_axi_reg_top_i/u_keccak_data_18/q_reg[61]/C
                         clock pessimism              0.000    10.748    
                         clock uncertainty           -0.035    10.712    
    SLICE_X53Y165        FDCE (Setup_fdce_C_CE)      -0.168    10.544    i_kecc_aes_k_axi_top/kecc_aes_k_axi_reg_top_i/u_keccak_data_18/q_reg[61]
  -------------------------------------------------------------------
                         required time                         10.544    
                         arrival time                         -11.197    
  -------------------------------------------------------------------
                         slack                                 -0.653    

Slack (VIOLATED) :        -0.653ns  (required time - arrival time)
  Source:                 i_kecc_aes_k_axi_top/i_axi2reg/i_axi_to_axi_lite/i_axi_burst_splitter/i_demux_supported_vs_unsupported/gen_demux.gen_aw_id_counter.i_aw_id_counter/gen_counters[23].mst_select_q_reg[23][0]/C
                            (rising edge-triggered cell FDCE clocked by clk_i  {rise@0.000ns fall@5.000ns period=10.000ns})
  Destination:            i_kecc_aes_k_axi_top/kecc_aes_k_axi_reg_top_i/u_keccak_data_18/q_reg[61]/CE
                            (rising edge-triggered cell FDCE clocked by clk_i  {rise@0.000ns fall@5.000ns period=10.000ns})
  Path Group:             clk_i
  Path Type:              Setup (Max at Slow Process Corner)
  Requirement:            10.000ns  (clk_i rise@10.000ns - clk_i rise@0.000ns)
  Data Path Delay:        10.410ns  (logic 2.615ns (25.120%)  route 7.795ns (74.880%))
  Logic Levels:           18  (LUT2=2 LUT4=2 LUT5=3 LUT6=9 MUXF7=1 MUXF8=1)
  Clock Path Skew:        -0.039ns (DCD - SCD + CPR)
    Destination Clock Delay (DCD):    0.748ns = ( 10.748 - 10.000 ) 
    Source Clock Delay      (SCD):    0.787ns
    Clock Pessimism Removal (CPR):    0.000ns
  Clock Uncertainty:      0.035ns  ((TSJ^2 + TIJ^2)^1/2 + DJ) / 2 + PE
    Total System Jitter     (TSJ):    0.071ns
    Total Input Jitter      (TIJ):    0.000ns
    Discrete Jitter          (DJ):    0.000ns
    Phase Error              (PE):    0.000ns

    Location             Delay type                Incr(ns)  Path(ns)    Netlist Resource(s)
  -------------------------------------------------------------------    -------------------
                         (clock clk_i rise edge)      0.000     0.000 r  
                                                      0.000     0.000 r  clk_i (IN)
                         net (fo=3396, unset)         0.787     0.787    i_kecc_aes_k_axi_top/i_axi2reg/i_axi_to_axi_lite/i_axi_burst_splitter/i_demux_supported_vs_unsupported/gen_demux.gen_aw_id_counter.i_aw_id_counter/clk_i
    SLICE_X3Y165         FDCE                                         r  i_kecc_aes_k_axi_top/i_axi2reg/i_axi_to_axi_lite/i_axi_burst_splitter/i_demux_supported_vs_unsupported/gen_demux.gen_aw_id_counter.i_aw_id_counter/gen_counters[23].mst_select_q_reg[23][0]/C
  -------------------------------------------------------------------    -------------------
    SLICE_X3Y165         FDCE (Prop_fdce_C_Q)         0.348     1.135 f  i_kecc_aes_k_axi_top/i_axi2reg/i_axi_to_axi_lite/i_axi_burst_splitter/i_demux_supported_vs_unsupported/gen_demux.gen_aw_id_counter.i_aw_id_counter/gen_counters[23].mst_select_q_reg[23][0]/Q
                         net (fo=2, estimated)        0.670     1.805    i_kecc_aes_k_axi_top/i_axi2reg/i_axi_to_axi_lite/i_axi_burst_splitter/i_demux_supported_vs_unsupported/gen_demux.gen_aw_id_counter.i_aw_id_counter/gen_counters[23].mst_select_q_reg[23]_8
    SLICE_X3Y166         LUT6 (Prop_lut6_I0_O)        0.242     2.047 f  i_kecc_aes_k_axi_top/i_axi2reg/i_axi_to_axi_lite/i_axi_burst_splitter/i_demux_supported_vs_unsupported/gen_demux.gen_aw_id_counter.i_aw_id_counter/axi_rsp_o[aw_ready]_INST_0_i_40/O
                         net (fo=1, routed)           0.000     2.047    i_kecc_aes_k_axi_top/i_axi2reg/i_axi_to_axi_lite/i_axi_burst_splitter/i_demux_supported_vs_unsupported/gen_demux.gen_aw_id_counter.i_aw_id_counter/axi_rsp_o[aw_ready]_INST_0_i_40_n_0
    SLICE_X3Y166         MUXF7 (Prop_muxf7_I1_O)      0.206     2.253 f  i_kecc_aes_k_axi_top/i_axi2reg/i_axi_to_axi_lite/i_axi_burst_splitter/i_demux_supported_vs_unsupported/gen_demux.gen_aw_id_counter.i_aw_id_counter/axi_rsp_o[aw_ready]_INST_0_i_31/O
                         net (fo=1, routed)           0.000     2.253    i_kecc_aes_k_axi_top/i_axi2reg/i_axi_to_axi_lite/i_axi_burst_splitter/i_demux_supported_vs_unsupported/gen_demux.gen_aw_id_counter.i_aw_id_counter/axi_rsp_o[aw_ready]_INST_0_i_31_n_0
    SLICE_X3Y166         MUXF8 (Prop_muxf8_I0_O)      0.085     2.338 f  i_kecc_aes_k_axi_top/i_axi2reg/i_axi_to_axi_lite/i_axi_burst_splitter/i_demux_supported_vs_unsupported/gen_demux.gen_aw_id_counter.i_aw_id_counter/axi_rsp_o[aw_ready]_INST_0_i_21/O
                         net (fo=1, estimated)        0.886     3.224    i_kecc_aes_k_axi_top/i_axi2reg/i_axi_to_axi_lite/i_axi_burst_splitter/i_demux_supported_vs_unsupported/gen_demux.gen_aw_id_counter.i_aw_id_counter/gen_counters[3].i_in_flight_cnt/axi_rsp_o[aw_ready]_INST_0_i_6
    SLICE_X11Y166        LUT6 (Prop_lut6_I1_O)        0.264     3.488 f  i_kecc_aes_k_axi_top/i_axi2reg/i_axi_to_axi_lite/i_axi_burst_splitter/i_demux_supported_vs_unsupported/gen_demux.gen_aw_id_counter.i_aw_id_counter/gen_counters[3].i_in_flight_cnt/axi_rsp_o[aw_ready]_INST_0_i_12/O
                         net (fo=2, estimated)        0.244     3.732    i_kecc_aes_k_axi_top/i_axi2reg/i_axi_to_axi_lite/i_axi_burst_splitter/i_demux_supported_vs_unsupported/gen_demux.gen_aw_id_counter.i_aw_id_counter/gen_counters[3].i_in_flight_cnt/axi_req_i[aw][id]_4_sn_1
    SLICE_X10Y167        LUT6 (Prop_lut6_I1_O)        0.105     3.837 f  i_kecc_aes_k_axi_top/i_axi2reg/i_axi_to_axi_lite/i_axi_burst_splitter/i_demux_supported_vs_unsupported/gen_demux.gen_aw_id_counter.i_aw_id_counter/gen_counters[3].i_in_flight_cnt/status_cnt_q[1]_i_2__3/O
                         net (fo=41, estimated)       0.322     4.159    i_kecc_aes_k_axi_top/i_axi2reg/i_axi_to_axi_lite/i_axi_burst_splitter/i_demux_supported_vs_unsupported/gen_demux.i_w_fifo/status_cnt_q_reg[1]_0
    SLICE_X13Y167        LUT6 (Prop_lut6_I4_O)        0.105     4.264 f  i_kecc_aes_k_axi_top/i_axi2reg/i_axi_to_axi_lite/i_axi_burst_splitter/i_demux_supported_vs_unsupported/gen_demux.i_w_fifo/axi_rsp_o[w_ready]_INST_0_i_6/O
                         net (fo=3, estimated)        0.356     4.620    i_kecc_aes_k_axi_top/i_axi2reg/i_axi_to_axi_lite/i_axi_burst_splitter/i_demux_supported_vs_unsupported/gen_demux.i_w_fifo/axi_rsp_o[w_ready]_INST_0_i_6_n_0
    SLICE_X12Y167        LUT6 (Prop_lut6_I0_O)        0.105     4.725 r  i_kecc_aes_k_axi_top/i_axi2reg/i_axi_to_axi_lite/i_axi_burst_splitter/i_demux_supported_vs_unsupported/gen_demux.i_w_fifo/q[63]_i_27/O
                         net (fo=15, estimated)       0.278     5.003    i_kecc_aes_k_axi_top/i_axi2reg/i_axi_lite_to_reg/i_fifo_write_req/q_reg[0]
    SLICE_X13Y166        LUT5 (Prop_lut5_I0_O)        0.105     5.108 r  i_kecc_aes_k_axi_top/i_axi2reg/i_axi_lite_to_reg/i_fifo_write_req/gen_arbiter.gen_int_rr.rr_q[0]_i_2__0/O
                         net (fo=4, estimated)        0.260     5.368    i_kecc_aes_k_axi_top/i_axi2reg/i_axi_lite_to_reg/i_fifo_read/mem_q_reg[0][error]__0_1
    SLICE_X14Y166        LUT6 (Prop_lut6_I1_O)        0.105     5.473 f  i_kecc_aes_k_axi_top/i_axi2reg/i_axi_lite_to_reg/i_fifo_read/status_cnt_q[1]_i_2__0/O
                         net (fo=43, estimated)       0.410     5.883    i_kecc_aes_k_axi_top/i_axi2reg/i_axi_lite_to_reg/i_fifo_read/write_ready
    SLICE_X17Y165        LUT5 (Prop_lut5_I3_O)        0.105     5.988 f  i_kecc_aes_k_axi_top/i_axi2reg/i_axi_lite_to_reg/i_fifo_read/q[63]_i_16/O
                         net (fo=1, estimated)        0.229     6.217    i_kecc_aes_k_axi_top/i_axi2reg/i_axi_lite_to_reg/i_fifo_read/reg_req_i[addr][0]
    SLICE_X21Y165        LUT6 (Prop_lut6_I5_O)        0.105     6.322 f  i_kecc_aes_k_axi_top/i_axi2reg/i_axi_lite_to_reg/i_fifo_read/q[63]_i_14__0/O
                         net (fo=1, estimated)        0.221     6.543    i_kecc_aes_k_axi_top/i_axi2reg/i_axi_lite_to_reg/i_fifo_read/q[63]_i_14__0_n_0
    SLICE_X21Y164        LUT6 (Prop_lut6_I5_O)        0.105     6.648 f  i_kecc_aes_k_axi_top/i_axi2reg/i_axi_lite_to_reg/i_fifo_read/q[63]_i_9/O
                         net (fo=5, estimated)        0.257     6.905    i_kecc_aes_k_axi_top/i_axi2reg/i_axi_lite_to_reg/i_fifo_read/q[63]_i_9_n_0
    SLICE_X25Y164        LUT2 (Prop_lut2_I1_O)        0.105     7.010 f  i_kecc_aes_k_axi_top/i_axi2reg/i_axi_lite_to_reg/i_fifo_read/q[63]_i_4/O
                         net (fo=19, estimated)       0.408     7.418    i_kecc_aes_k_axi_top/i_axi2reg/i_axi_lite_to_reg/i_fifo_read/q[63]_i_4_n_0
    SLICE_X24Y166        LUT4 (Prop_lut4_I1_O)        0.105     7.523 f  i_kecc_aes_k_axi_top/i_axi2reg/i_axi_lite_to_reg/i_fifo_read/q[0]_i_3/O
                         net (fo=60, estimated)       0.654     8.177    i_kecc_aes_k_axi_top/i_axi2reg/i_axi_lite_to_reg/i_fifo_read/q[0]_i_3_n_0
    SLICE_X26Y167        LUT4 (Prop_lut4_I0_O)        0.105     8.282 r  i_kecc_aes_k_axi_top/i_axi2reg/i_axi_lite_to_reg/i_fifo_read/q[63]_i_14/O
                         net (fo=1, estimated)        0.663     8.945    i_kecc_aes_k_axi_top/i_axi2reg/i_axi_lite_to_reg/i_fifo_read/q[63]_i_14_n_0
    SLICE_X32Y169        LUT5 (Prop_lut5_I0_O)        0.105     9.050 f  i_kecc_aes_k_axi_top/i_axi2reg/i_axi_lite_to_reg/i_fifo_read/q[63]_i_5/O
                         net (fo=33, estimated)       0.759     9.809    i_kecc_aes_k_axi_top/i_axi2reg/i_axi_lite_to_reg/i_fifo_read/q[63]_i_5_n_0
    SLICE_X37Y168        LUT6 (Prop_lut6_I3_O)        0.105     9.914 f  i_kecc_aes_k_axi_top/i_axi2reg/i_axi_lite_to_reg/i_fifo_read/wr_data_i_1__5/O
                         net (fo=65, estimated)       0.613    10.527    i_kecc_aes_k_axi_top/i_axi2reg/i_axi_lite_to_reg/i_fifo_read/keccak_data_18_we
    SLICE_X53Y167        LUT2 (Prop_lut2_I0_O)        0.105    10.632 f  i_kecc_aes_k_axi_top/i_axi2reg/i_axi_lite_to_reg/i_fifo_read/q[63]_i_1__17/O
                         net (fo=64, estimated)       0.565    11.197    i_kecc_aes_k_axi_top/kecc_aes_k_axi_reg_top_i/u_keccak_data_18/q_reg[0]_0[0]
    SLICE_X53Y165        FDCE                                         f  i_kecc_aes_k_axi_top/kecc_aes_k_axi_reg_top_i/u_keccak_data_18/q_reg[61]/CE
  -------------------------------------------------------------------    -------------------

                         (clock clk_i rise edge)     10.000    10.000 r  
                                                      0.000    10.000 r  clk_i (IN)
                         net (fo=3396, unset)         0.748    10.748    i_kecc_aes_k_axi_top/kecc_aes_k_axi_reg_top_i/u_keccak_data_18/clk_i
    SLICE_X53Y165        FDCE                                         r  i_kecc_aes_k_axi_top/kecc_aes_k_axi_reg_top_i/u_keccak_data_18/q_reg[61]/C
                         clock pessimism              0.000    10.748    
                         clock uncertainty           -0.035    10.712    
    SLICE_X53Y165        FDCE (Setup_fdce_C_CE)      -0.168    10.544    i_kecc_aes_k_axi_top/kecc_aes_k_axi_reg_top_i/u_keccak_data_18/q_reg[61]
  -------------------------------------------------------------------
                         required time                         10.544    
                         arrival time                         -11.197    
  -------------------------------------------------------------------
                         slack                                 -0.653    

Slack (VIOLATED) :        -0.651ns  (required time - arrival time)
  Source:                 i_kecc_aes_k_axi_top/i_axi2reg/i_axi_to_axi_lite/i_axi_burst_splitter/i_demux_supported_vs_unsupported/gen_demux.gen_aw_id_counter.i_aw_id_counter/gen_counters[22].mst_select_q_reg[22][0]/C
                            (rising edge-triggered cell FDCE clocked by clk_i  {rise@0.000ns fall@5.000ns period=10.000ns})
  Destination:            i_kecc_aes_k_axi_top/kecc_aes_k_axi_reg_top_i/u_keccak_data_18/q_reg[59]/CE
                            (rising edge-triggered cell FDCE clocked by clk_i  {rise@0.000ns fall@5.000ns period=10.000ns})
  Path Group:             clk_i
  Path Type:              Setup (Max at Slow Process Corner)
  Requirement:            10.000ns  (clk_i rise@10.000ns - clk_i rise@0.000ns)
  Data Path Delay:        10.408ns  (logic 2.509ns (24.106%)  route 7.899ns (75.894%))
  Logic Levels:           18  (LUT2=2 LUT4=2 LUT5=3 LUT6=9 MUXF7=1 MUXF8=1)
  Clock Path Skew:        -0.039ns (DCD - SCD + CPR)
    Destination Clock Delay (DCD):    0.748ns = ( 10.748 - 10.000 ) 
    Source Clock Delay      (SCD):    0.787ns
    Clock Pessimism Removal (CPR):    0.000ns
  Clock Uncertainty:      0.035ns  ((TSJ^2 + TIJ^2)^1/2 + DJ) / 2 + PE
    Total System Jitter     (TSJ):    0.071ns
    Total Input Jitter      (TIJ):    0.000ns
    Discrete Jitter          (DJ):    0.000ns
    Phase Error              (PE):    0.000ns

    Location             Delay type                Incr(ns)  Path(ns)    Netlist Resource(s)
  -------------------------------------------------------------------    -------------------
                         (clock clk_i rise edge)      0.000     0.000 r  
                                                      0.000     0.000 r  clk_i (IN)
                         net (fo=3396, unset)         0.787     0.787    i_kecc_aes_k_axi_top/i_axi2reg/i_axi_to_axi_lite/i_axi_burst_splitter/i_demux_supported_vs_unsupported/gen_demux.gen_aw_id_counter.i_aw_id_counter/clk_i
    SLICE_X3Y165         FDCE                                         r  i_kecc_aes_k_axi_top/i_axi2reg/i_axi_to_axi_lite/i_axi_burst_splitter/i_demux_supported_vs_unsupported/gen_demux.gen_aw_id_counter.i_aw_id_counter/gen_counters[22].mst_select_q_reg[22][0]/C
  -------------------------------------------------------------------    -------------------
    SLICE_X3Y165         FDCE (Prop_fdce_C_Q)         0.379     1.166 r  i_kecc_aes_k_axi_top/i_axi2reg/i_axi_to_axi_lite/i_axi_burst_splitter/i_demux_supported_vs_unsupported/gen_demux.gen_aw_id_counter.i_aw_id_counter/gen_counters[22].mst_select_q_reg[22][0]/Q
                         net (fo=2, estimated)        0.774     1.940    i_kecc_aes_k_axi_top/i_axi2reg/i_axi_to_axi_lite/i_axi_burst_splitter/i_demux_supported_vs_unsupported/gen_demux.gen_aw_id_counter.i_aw_id_counter/gen_counters[22].mst_select_q_reg[22]_9
    SLICE_X3Y166         LUT6 (Prop_lut6_I1_O)        0.105     2.045 r  i_kecc_aes_k_axi_top/i_axi2reg/i_axi_to_axi_lite/i_axi_burst_splitter/i_demux_supported_vs_unsupported/gen_demux.gen_aw_id_counter.i_aw_id_counter/axi_rsp_o[aw_ready]_INST_0_i_40/O
                         net (fo=1, routed)           0.000     2.045    i_kecc_aes_k_axi_top/i_axi2reg/i_axi_to_axi_lite/i_axi_burst_splitter/i_demux_supported_vs_unsupported/gen_demux.gen_aw_id_counter.i_aw_id_counter/axi_rsp_o[aw_ready]_INST_0_i_40_n_0
    SLICE_X3Y166         MUXF7 (Prop_muxf7_I1_O)      0.206     2.251 r  i_kecc_aes_k_axi_top/i_axi2reg/i_axi_to_axi_lite/i_axi_burst_splitter/i_demux_supported_vs_unsupported/gen_demux.gen_aw_id_counter.i_aw_id_counter/axi_rsp_o[aw_ready]_INST_0_i_31/O
                         net (fo=1, routed)           0.000     2.251    i_kecc_aes_k_axi_top/i_axi2reg/i_axi_to_axi_lite/i_axi_burst_splitter/i_demux_supported_vs_unsupported/gen_demux.gen_aw_id_counter.i_aw_id_counter/axi_rsp_o[aw_ready]_INST_0_i_31_n_0
    SLICE_X3Y166         MUXF8 (Prop_muxf8_I0_O)      0.085     2.336 r  i_kecc_aes_k_axi_top/i_axi2reg/i_axi_to_axi_lite/i_axi_burst_splitter/i_demux_supported_vs_unsupported/gen_demux.gen_aw_id_counter.i_aw_id_counter/axi_rsp_o[aw_ready]_INST_0_i_21/O
                         net (fo=1, estimated)        0.886     3.222    i_kecc_aes_k_axi_top/i_axi2reg/i_axi_to_axi_lite/i_axi_burst_splitter/i_demux_supported_vs_unsupported/gen_demux.gen_aw_id_counter.i_aw_id_counter/gen_counters[3].i_in_flight_cnt/axi_rsp_o[aw_ready]_INST_0_i_6
    SLICE_X11Y166        LUT6 (Prop_lut6_I1_O)        0.264     3.486 r  i_kecc_aes_k_axi_top/i_axi2reg/i_axi_to_axi_lite/i_axi_burst_splitter/i_demux_supported_vs_unsupported/gen_demux.gen_aw_id_counter.i_aw_id_counter/gen_counters[3].i_in_flight_cnt/axi_rsp_o[aw_ready]_INST_0_i_12/O
                         net (fo=2, estimated)        0.244     3.730    i_kecc_aes_k_axi_top/i_axi2reg/i_axi_to_axi_lite/i_axi_burst_splitter/i_demux_supported_vs_unsupported/gen_demux.gen_aw_id_counter.i_aw_id_counter/gen_counters[3].i_in_flight_cnt/axi_req_i[aw][id]_4_sn_1
    SLICE_X10Y167        LUT6 (Prop_lut6_I1_O)        0.105     3.835 r  i_kecc_aes_k_axi_top/i_axi2reg/i_axi_to_axi_lite/i_axi_burst_splitter/i_demux_supported_vs_unsupported/gen_demux.gen_aw_id_counter.i_aw_id_counter/gen_counters[3].i_in_flight_cnt/status_cnt_q[1]_i_2__3/O
                         net (fo=41, estimated)       0.322     4.157    i_kecc_aes_k_axi_top/i_axi2reg/i_axi_to_axi_lite/i_axi_burst_splitter/i_demux_supported_vs_unsupported/gen_demux.i_w_fifo/status_cnt_q_reg[1]_0
    SLICE_X13Y167        LUT6 (Prop_lut6_I4_O)        0.105     4.262 r  i_kecc_aes_k_axi_top/i_axi2reg/i_axi_to_axi_lite/i_axi_burst_splitter/i_demux_supported_vs_unsupported/gen_demux.i_w_fifo/axi_rsp_o[w_ready]_INST_0_i_6/O
                         net (fo=3, estimated)        0.356     4.618    i_kecc_aes_k_axi_top/i_axi2reg/i_axi_to_axi_lite/i_axi_burst_splitter/i_demux_supported_vs_unsupported/gen_demux.i_w_fifo/axi_rsp_o[w_ready]_INST_0_i_6_n_0
    SLICE_X12Y167        LUT6 (Prop_lut6_I0_O)        0.105     4.723 f  i_kecc_aes_k_axi_top/i_axi2reg/i_axi_to_axi_lite/i_axi_burst_splitter/i_demux_supported_vs_unsupported/gen_demux.i_w_fifo/q[63]_i_27/O
                         net (fo=15, estimated)       0.278     5.001    i_kecc_aes_k_axi_top/i_axi2reg/i_axi_lite_to_reg/i_fifo_write_req/q_reg[0]
    SLICE_X13Y166        LUT5 (Prop_lut5_I0_O)        0.105     5.106 f  i_kecc_aes_k_axi_top/i_axi2reg/i_axi_lite_to_reg/i_fifo_write_req/gen_arbiter.gen_int_rr.rr_q[0]_i_2__0/O
                         net (fo=4, estimated)        0.260     5.366    i_kecc_aes_k_axi_top/i_axi2reg/i_axi_lite_to_reg/i_fifo_read/mem_q_reg[0][error]__0_1
    SLICE_X14Y166        LUT6 (Prop_lut6_I1_O)        0.105     5.471 r  i_kecc_aes_k_axi_top/i_axi2reg/i_axi_lite_to_reg/i_fifo_read/status_cnt_q[1]_i_2__0/O
                         net (fo=43, estimated)       0.410     5.881    i_kecc_aes_k_axi_top/i_axi2reg/i_axi_lite_to_reg/i_fifo_read/write_ready
    SLICE_X17Y165        LUT5 (Prop_lut5_I3_O)        0.105     5.986 r  i_kecc_aes_k_axi_top/i_axi2reg/i_axi_lite_to_reg/i_fifo_read/q[63]_i_16/O
                         net (fo=1, estimated)        0.229     6.215    i_kecc_aes_k_axi_top/i_axi2reg/i_axi_lite_to_reg/i_fifo_read/reg_req_i[addr][0]
    SLICE_X21Y165        LUT6 (Prop_lut6_I5_O)        0.105     6.320 r  i_kecc_aes_k_axi_top/i_axi2reg/i_axi_lite_to_reg/i_fifo_read/q[63]_i_14__0/O
                         net (fo=1, estimated)        0.221     6.541    i_kecc_aes_k_axi_top/i_axi2reg/i_axi_lite_to_reg/i_fifo_read/q[63]_i_14__0_n_0
    SLICE_X21Y164        LUT6 (Prop_lut6_I5_O)        0.105     6.646 r  i_kecc_aes_k_axi_top/i_axi2reg/i_axi_lite_to_reg/i_fifo_read/q[63]_i_9/O
                         net (fo=5, estimated)        0.257     6.903    i_kecc_aes_k_axi_top/i_axi2reg/i_axi_lite_to_reg/i_fifo_read/q[63]_i_9_n_0
    SLICE_X25Y164        LUT2 (Prop_lut2_I1_O)        0.105     7.008 r  i_kecc_aes_k_axi_top/i_axi2reg/i_axi_lite_to_reg/i_fifo_read/q[63]_i_4/O
                         net (fo=19, estimated)       0.408     7.416    i_kecc_aes_k_axi_top/i_axi2reg/i_axi_lite_to_reg/i_fifo_read/q[63]_i_4_n_0
    SLICE_X24Y166        LUT4 (Prop_lut4_I1_O)        0.105     7.521 r  i_kecc_aes_k_axi_top/i_axi2reg/i_axi_lite_to_reg/i_fifo_read/q[0]_i_3/O
                         net (fo=60, estimated)       0.654     8.175    i_kecc_aes_k_axi_top/i_axi2reg/i_axi_lite_to_reg/i_fifo_read/q[0]_i_3_n_0
    SLICE_X26Y167        LUT4 (Prop_lut4_I0_O)        0.105     8.280 f  i_kecc_aes_k_axi_top/i_axi2reg/i_axi_lite_to_reg/i_fifo_read/q[63]_i_14/O
                         net (fo=1, estimated)        0.663     8.943    i_kecc_aes_k_axi_top/i_axi2reg/i_axi_lite_to_reg/i_fifo_read/q[63]_i_14_n_0
    SLICE_X32Y169        LUT5 (Prop_lut5_I0_O)        0.105     9.048 r  i_kecc_aes_k_axi_top/i_axi2reg/i_axi_lite_to_reg/i_fifo_read/q[63]_i_5/O
                         net (fo=33, estimated)       0.759     9.807    i_kecc_aes_k_axi_top/i_axi2reg/i_axi_lite_to_reg/i_fifo_read/q[63]_i_5_n_0
    SLICE_X37Y168        LUT6 (Prop_lut6_I3_O)        0.105     9.912 r  i_kecc_aes_k_axi_top/i_axi2reg/i_axi_lite_to_reg/i_fifo_read/wr_data_i_1__5/O
                         net (fo=65, estimated)       0.613    10.525    i_kecc_aes_k_axi_top/i_axi2reg/i_axi_lite_to_reg/i_fifo_read/keccak_data_18_we
    SLICE_X53Y167        LUT2 (Prop_lut2_I0_O)        0.105    10.630 r  i_kecc_aes_k_axi_top/i_axi2reg/i_axi_lite_to_reg/i_fifo_read/q[63]_i_1__17/O
                         net (fo=64, estimated)       0.565    11.195    i_kecc_aes_k_axi_top/kecc_aes_k_axi_reg_top_i/u_keccak_data_18/q_reg[0]_0[0]
    SLICE_X53Y165        FDCE                                         r  i_kecc_aes_k_axi_top/kecc_aes_k_axi_reg_top_i/u_keccak_data_18/q_reg[59]/CE
  -------------------------------------------------------------------    -------------------

                         (clock clk_i rise edge)     10.000    10.000 r  
                                                      0.000    10.000 r  clk_i (IN)
                         net (fo=3396, unset)         0.748    10.748    i_kecc_aes_k_axi_top/kecc_aes_k_axi_reg_top_i/u_keccak_data_18/clk_i
    SLICE_X53Y165        FDCE                                         r  i_kecc_aes_k_axi_top/kecc_aes_k_axi_reg_top_i/u_keccak_data_18/q_reg[59]/C
                         clock pessimism              0.000    10.748    
                         clock uncertainty           -0.035    10.712    
    SLICE_X53Y165        FDCE (Setup_fdce_C_CE)      -0.168    10.544    i_kecc_aes_k_axi_top/kecc_aes_k_axi_reg_top_i/u_keccak_data_18/q_reg[59]
  -------------------------------------------------------------------
                         required time                         10.544    
                         arrival time                         -11.195    
  -------------------------------------------------------------------
                         slack                                 -0.651    

Slack (VIOLATED) :        -0.651ns  (required time - arrival time)
  Source:                 i_kecc_aes_k_axi_top/i_axi2reg/i_axi_to_axi_lite/i_axi_burst_splitter/i_demux_supported_vs_unsupported/gen_demux.gen_aw_id_counter.i_aw_id_counter/gen_counters[22].mst_select_q_reg[22][0]/C
                            (rising edge-triggered cell FDCE clocked by clk_i  {rise@0.000ns fall@5.000ns period=10.000ns})
  Destination:            i_kecc_aes_k_axi_top/kecc_aes_k_axi_reg_top_i/u_keccak_data_18/q_reg[59]/CE
                            (rising edge-triggered cell FDCE clocked by clk_i  {rise@0.000ns fall@5.000ns period=10.000ns})
  Path Group:             clk_i
  Path Type:              Setup (Max at Slow Process Corner)
  Requirement:            10.000ns  (clk_i rise@10.000ns - clk_i rise@0.000ns)
  Data Path Delay:        10.408ns  (logic 2.509ns (24.106%)  route 7.899ns (75.894%))
  Logic Levels:           18  (LUT2=2 LUT4=2 LUT5=3 LUT6=9 MUXF7=1 MUXF8=1)
  Clock Path Skew:        -0.039ns (DCD - SCD + CPR)
    Destination Clock Delay (DCD):    0.748ns = ( 10.748 - 10.000 ) 
    Source Clock Delay      (SCD):    0.787ns
    Clock Pessimism Removal (CPR):    0.000ns
  Clock Uncertainty:      0.035ns  ((TSJ^2 + TIJ^2)^1/2 + DJ) / 2 + PE
    Total System Jitter     (TSJ):    0.071ns
    Total Input Jitter      (TIJ):    0.000ns
    Discrete Jitter          (DJ):    0.000ns
    Phase Error              (PE):    0.000ns

    Location             Delay type                Incr(ns)  Path(ns)    Netlist Resource(s)
  -------------------------------------------------------------------    -------------------
                         (clock clk_i rise edge)      0.000     0.000 r  
                                                      0.000     0.000 r  clk_i (IN)
                         net (fo=3396, unset)         0.787     0.787    i_kecc_aes_k_axi_top/i_axi2reg/i_axi_to_axi_lite/i_axi_burst_splitter/i_demux_supported_vs_unsupported/gen_demux.gen_aw_id_counter.i_aw_id_counter/clk_i
    SLICE_X3Y165         FDCE                                         r  i_kecc_aes_k_axi_top/i_axi2reg/i_axi_to_axi_lite/i_axi_burst_splitter/i_demux_supported_vs_unsupported/gen_demux.gen_aw_id_counter.i_aw_id_counter/gen_counters[22].mst_select_q_reg[22][0]/C
  -------------------------------------------------------------------    -------------------
    SLICE_X3Y165         FDCE (Prop_fdce_C_Q)         0.379     1.166 f  i_kecc_aes_k_axi_top/i_axi2reg/i_axi_to_axi_lite/i_axi_burst_splitter/i_demux_supported_vs_unsupported/gen_demux.gen_aw_id_counter.i_aw_id_counter/gen_counters[22].mst_select_q_reg[22][0]/Q
                         net (fo=2, estimated)        0.774     1.940    i_kecc_aes_k_axi_top/i_axi2reg/i_axi_to_axi_lite/i_axi_burst_splitter/i_demux_supported_vs_unsupported/gen_demux.gen_aw_id_counter.i_aw_id_counter/gen_counters[22].mst_select_q_reg[22]_9
    SLICE_X3Y166         LUT6 (Prop_lut6_I1_O)        0.105     2.045 f  i_kecc_aes_k_axi_top/i_axi2reg/i_axi_to_axi_lite/i_axi_burst_splitter/i_demux_supported_vs_unsupported/gen_demux.gen_aw_id_counter.i_aw_id_counter/axi_rsp_o[aw_ready]_INST_0_i_40/O
                         net (fo=1, routed)           0.000     2.045    i_kecc_aes_k_axi_top/i_axi2reg/i_axi_to_axi_lite/i_axi_burst_splitter/i_demux_supported_vs_unsupported/gen_demux.gen_aw_id_counter.i_aw_id_counter/axi_rsp_o[aw_ready]_INST_0_i_40_n_0
    SLICE_X3Y166         MUXF7 (Prop_muxf7_I1_O)      0.206     2.251 f  i_kecc_aes_k_axi_top/i_axi2reg/i_axi_to_axi_lite/i_axi_burst_splitter/i_demux_supported_vs_unsupported/gen_demux.gen_aw_id_counter.i_aw_id_counter/axi_rsp_o[aw_ready]_INST_0_i_31/O
                         net (fo=1, routed)           0.000     2.251    i_kecc_aes_k_axi_top/i_axi2reg/i_axi_to_axi_lite/i_axi_burst_splitter/i_demux_supported_vs_unsupported/gen_demux.gen_aw_id_counter.i_aw_id_counter/axi_rsp_o[aw_ready]_INST_0_i_31_n_0
    SLICE_X3Y166         MUXF8 (Prop_muxf8_I0_O)      0.085     2.336 f  i_kecc_aes_k_axi_top/i_axi2reg/i_axi_to_axi_lite/i_axi_burst_splitter/i_demux_supported_vs_unsupported/gen_demux.gen_aw_id_counter.i_aw_id_counter/axi_rsp_o[aw_ready]_INST_0_i_21/O
                         net (fo=1, estimated)        0.886     3.222    i_kecc_aes_k_axi_top/i_axi2reg/i_axi_to_axi_lite/i_axi_burst_splitter/i_demux_supported_vs_unsupported/gen_demux.gen_aw_id_counter.i_aw_id_counter/gen_counters[3].i_in_flight_cnt/axi_rsp_o[aw_ready]_INST_0_i_6
    SLICE_X11Y166        LUT6 (Prop_lut6_I1_O)        0.264     3.486 r  i_kecc_aes_k_axi_top/i_axi2reg/i_axi_to_axi_lite/i_axi_burst_splitter/i_demux_supported_vs_unsupported/gen_demux.gen_aw_id_counter.i_aw_id_counter/gen_counters[3].i_in_flight_cnt/axi_rsp_o[aw_ready]_INST_0_i_12/O
                         net (fo=2, estimated)        0.244     3.730    i_kecc_aes_k_axi_top/i_axi2reg/i_axi_to_axi_lite/i_axi_burst_splitter/i_demux_supported_vs_unsupported/gen_demux.gen_aw_id_counter.i_aw_id_counter/gen_counters[3].i_in_flight_cnt/axi_req_i[aw][id]_4_sn_1
    SLICE_X10Y167        LUT6 (Prop_lut6_I1_O)        0.105     3.835 r  i_kecc_aes_k_axi_top/i_axi2reg/i_axi_to_axi_lite/i_axi_burst_splitter/i_demux_supported_vs_unsupported/gen_demux.gen_aw_id_counter.i_aw_id_counter/gen_counters[3].i_in_flight_cnt/status_cnt_q[1]_i_2__3/O
                         net (fo=41, estimated)       0.322     4.157    i_kecc_aes_k_axi_top/i_axi2reg/i_axi_to_axi_lite/i_axi_burst_splitter/i_demux_supported_vs_unsupported/gen_demux.i_w_fifo/status_cnt_q_reg[1]_0
    SLICE_X13Y167        LUT6 (Prop_lut6_I4_O)        0.105     4.262 r  i_kecc_aes_k_axi_top/i_axi2reg/i_axi_to_axi_lite/i_axi_burst_splitter/i_demux_supported_vs_unsupported/gen_demux.i_w_fifo/axi_rsp_o[w_ready]_INST_0_i_6/O
                         net (fo=3, estimated)        0.356     4.618    i_kecc_aes_k_axi_top/i_axi2reg/i_axi_to_axi_lite/i_axi_burst_splitter/i_demux_supported_vs_unsupported/gen_demux.i_w_fifo/axi_rsp_o[w_ready]_INST_0_i_6_n_0
    SLICE_X12Y167        LUT6 (Prop_lut6_I0_O)        0.105     4.723 f  i_kecc_aes_k_axi_top/i_axi2reg/i_axi_to_axi_lite/i_axi_burst_splitter/i_demux_supported_vs_unsupported/gen_demux.i_w_fifo/q[63]_i_27/O
                         net (fo=15, estimated)       0.278     5.001    i_kecc_aes_k_axi_top/i_axi2reg/i_axi_lite_to_reg/i_fifo_write_req/q_reg[0]
    SLICE_X13Y166        LUT5 (Prop_lut5_I0_O)        0.105     5.106 f  i_kecc_aes_k_axi_top/i_axi2reg/i_axi_lite_to_reg/i_fifo_write_req/gen_arbiter.gen_int_rr.rr_q[0]_i_2__0/O
                         net (fo=4, estimated)        0.260     5.366    i_kecc_aes_k_axi_top/i_axi2reg/i_axi_lite_to_reg/i_fifo_read/mem_q_reg[0][error]__0_1
    SLICE_X14Y166        LUT6 (Prop_lut6_I1_O)        0.105     5.471 r  i_kecc_aes_k_axi_top/i_axi2reg/i_axi_lite_to_reg/i_fifo_read/status_cnt_q[1]_i_2__0/O
                         net (fo=43, estimated)       0.410     5.881    i_kecc_aes_k_axi_top/i_axi2reg/i_axi_lite_to_reg/i_fifo_read/write_ready
    SLICE_X17Y165        LUT5 (Prop_lut5_I3_O)        0.105     5.986 r  i_kecc_aes_k_axi_top/i_axi2reg/i_axi_lite_to_reg/i_fifo_read/q[63]_i_16/O
                         net (fo=1, estimated)        0.229     6.215    i_kecc_aes_k_axi_top/i_axi2reg/i_axi_lite_to_reg/i_fifo_read/reg_req_i[addr][0]
    SLICE_X21Y165        LUT6 (Prop_lut6_I5_O)        0.105     6.320 r  i_kecc_aes_k_axi_top/i_axi2reg/i_axi_lite_to_reg/i_fifo_read/q[63]_i_14__0/O
                         net (fo=1, estimated)        0.221     6.541    i_kecc_aes_k_axi_top/i_axi2reg/i_axi_lite_to_reg/i_fifo_read/q[63]_i_14__0_n_0
    SLICE_X21Y164        LUT6 (Prop_lut6_I5_O)        0.105     6.646 r  i_kecc_aes_k_axi_top/i_axi2reg/i_axi_lite_to_reg/i_fifo_read/q[63]_i_9/O
                         net (fo=5, estimated)        0.257     6.903    i_kecc_aes_k_axi_top/i_axi2reg/i_axi_lite_to_reg/i_fifo_read/q[63]_i_9_n_0
    SLICE_X25Y164        LUT2 (Prop_lut2_I1_O)        0.105     7.008 r  i_kecc_aes_k_axi_top/i_axi2reg/i_axi_lite_to_reg/i_fifo_read/q[63]_i_4/O
                         net (fo=19, estimated)       0.408     7.416    i_kecc_aes_k_axi_top/i_axi2reg/i_axi_lite_to_reg/i_fifo_read/q[63]_i_4_n_0
    SLICE_X24Y166        LUT4 (Prop_lut4_I1_O)        0.105     7.521 r  i_kecc_aes_k_axi_top/i_axi2reg/i_axi_lite_to_reg/i_fifo_read/q[0]_i_3/O
                         net (fo=60, estimated)       0.654     8.175    i_kecc_aes_k_axi_top/i_axi2reg/i_axi_lite_to_reg/i_fifo_read/q[0]_i_3_n_0
    SLICE_X26Y167        LUT4 (Prop_lut4_I0_O)        0.105     8.280 f  i_kecc_aes_k_axi_top/i_axi2reg/i_axi_lite_to_reg/i_fifo_read/q[63]_i_14/O
                         net (fo=1, estimated)        0.663     8.943    i_kecc_aes_k_axi_top/i_axi2reg/i_axi_lite_to_reg/i_fifo_read/q[63]_i_14_n_0
    SLICE_X32Y169        LUT5 (Prop_lut5_I0_O)        0.105     9.048 r  i_kecc_aes_k_axi_top/i_axi2reg/i_axi_lite_to_reg/i_fifo_read/q[63]_i_5/O
                         net (fo=33, estimated)       0.759     9.807    i_kecc_aes_k_axi_top/i_axi2reg/i_axi_lite_to_reg/i_fifo_read/q[63]_i_5_n_0
    SLICE_X37Y168        LUT6 (Prop_lut6_I3_O)        0.105     9.912 r  i_kecc_aes_k_axi_top/i_axi2reg/i_axi_lite_to_reg/i_fifo_read/wr_data_i_1__5/O
                         net (fo=65, estimated)       0.613    10.525    i_kecc_aes_k_axi_top/i_axi2reg/i_axi_lite_to_reg/i_fifo_read/keccak_data_18_we
    SLICE_X53Y167        LUT2 (Prop_lut2_I0_O)        0.105    10.630 r  i_kecc_aes_k_axi_top/i_axi2reg/i_axi_lite_to_reg/i_fifo_read/q[63]_i_1__17/O
                         net (fo=64, estimated)       0.565    11.195    i_kecc_aes_k_axi_top/kecc_aes_k_axi_reg_top_i/u_keccak_data_18/q_reg[0]_0[0]
    SLICE_X53Y165        FDCE                                         r  i_kecc_aes_k_axi_top/kecc_aes_k_axi_reg_top_i/u_keccak_data_18/q_reg[59]/CE
  -------------------------------------------------------------------    -------------------

                         (clock clk_i rise edge)     10.000    10.000 r  
                                                      0.000    10.000 r  clk_i (IN)
                         net (fo=3396, unset)         0.748    10.748    i_kecc_aes_k_axi_top/kecc_aes_k_axi_reg_top_i/u_keccak_data_18/clk_i
    SLICE_X53Y165        FDCE                                         r  i_kecc_aes_k_axi_top/kecc_aes_k_axi_reg_top_i/u_keccak_data_18/q_reg[59]/C
                         clock pessimism              0.000    10.748    
                         clock uncertainty           -0.035    10.712    
    SLICE_X53Y165        FDCE (Setup_fdce_C_CE)      -0.168    10.544    i_kecc_aes_k_axi_top/kecc_aes_k_axi_reg_top_i/u_keccak_data_18/q_reg[59]
  -------------------------------------------------------------------
                         required time                         10.544    
                         arrival time                         -11.195    
  -------------------------------------------------------------------
                         slack                                 -0.651    

Slack (VIOLATED) :        -0.651ns  (required time - arrival time)
  Source:                 i_kecc_aes_k_axi_top/i_axi2reg/i_axi_to_axi_lite/i_axi_burst_splitter/i_demux_supported_vs_unsupported/gen_demux.gen_aw_id_counter.i_aw_id_counter/gen_counters[22].mst_select_q_reg[22][0]/C
                            (rising edge-triggered cell FDCE clocked by clk_i  {rise@0.000ns fall@5.000ns period=10.000ns})
  Destination:            i_kecc_aes_k_axi_top/kecc_aes_k_axi_reg_top_i/u_keccak_data_18/q_reg[59]/CE
                            (rising edge-triggered cell FDCE clocked by clk_i  {rise@0.000ns fall@5.000ns period=10.000ns})
  Path Group:             clk_i
  Path Type:              Setup (Max at Slow Process Corner)
  Requirement:            10.000ns  (clk_i rise@10.000ns - clk_i rise@0.000ns)
  Data Path Delay:        10.408ns  (logic 2.509ns (24.106%)  route 7.899ns (75.894%))
  Logic Levels:           18  (LUT2=2 LUT4=2 LUT5=3 LUT6=9 MUXF7=1 MUXF8=1)
  Clock Path Skew:        -0.039ns (DCD - SCD + CPR)
    Destination Clock Delay (DCD):    0.748ns = ( 10.748 - 10.000 ) 
    Source Clock Delay      (SCD):    0.787ns
    Clock Pessimism Removal (CPR):    0.000ns
  Clock Uncertainty:      0.035ns  ((TSJ^2 + TIJ^2)^1/2 + DJ) / 2 + PE
    Total System Jitter     (TSJ):    0.071ns
    Total Input Jitter      (TIJ):    0.000ns
    Discrete Jitter          (DJ):    0.000ns
    Phase Error              (PE):    0.000ns

    Location             Delay type                Incr(ns)  Path(ns)    Netlist Resource(s)
  -------------------------------------------------------------------    -------------------
                         (clock clk_i rise edge)      0.000     0.000 r  
                                                      0.000     0.000 r  clk_i (IN)
                         net (fo=3396, unset)         0.787     0.787    i_kecc_aes_k_axi_top/i_axi2reg/i_axi_to_axi_lite/i_axi_burst_splitter/i_demux_supported_vs_unsupported/gen_demux.gen_aw_id_counter.i_aw_id_counter/clk_i
    SLICE_X3Y165         FDCE                                         r  i_kecc_aes_k_axi_top/i_axi2reg/i_axi_to_axi_lite/i_axi_burst_splitter/i_demux_supported_vs_unsupported/gen_demux.gen_aw_id_counter.i_aw_id_counter/gen_counters[22].mst_select_q_reg[22][0]/C
  -------------------------------------------------------------------    -------------------
    SLICE_X3Y165         FDCE (Prop_fdce_C_Q)         0.379     1.166 r  i_kecc_aes_k_axi_top/i_axi2reg/i_axi_to_axi_lite/i_axi_burst_splitter/i_demux_supported_vs_unsupported/gen_demux.gen_aw_id_counter.i_aw_id_counter/gen_counters[22].mst_select_q_reg[22][0]/Q
                         net (fo=2, estimated)        0.774     1.940    i_kecc_aes_k_axi_top/i_axi2reg/i_axi_to_axi_lite/i_axi_burst_splitter/i_demux_supported_vs_unsupported/gen_demux.gen_aw_id_counter.i_aw_id_counter/gen_counters[22].mst_select_q_reg[22]_9
    SLICE_X3Y166         LUT6 (Prop_lut6_I1_O)        0.105     2.045 r  i_kecc_aes_k_axi_top/i_axi2reg/i_axi_to_axi_lite/i_axi_burst_splitter/i_demux_supported_vs_unsupported/gen_demux.gen_aw_id_counter.i_aw_id_counter/axi_rsp_o[aw_ready]_INST_0_i_40/O
                         net (fo=1, routed)           0.000     2.045    i_kecc_aes_k_axi_top/i_axi2reg/i_axi_to_axi_lite/i_axi_burst_splitter/i_demux_supported_vs_unsupported/gen_demux.gen_aw_id_counter.i_aw_id_counter/axi_rsp_o[aw_ready]_INST_0_i_40_n_0
    SLICE_X3Y166         MUXF7 (Prop_muxf7_I1_O)      0.206     2.251 r  i_kecc_aes_k_axi_top/i_axi2reg/i_axi_to_axi_lite/i_axi_burst_splitter/i_demux_supported_vs_unsupported/gen_demux.gen_aw_id_counter.i_aw_id_counter/axi_rsp_o[aw_ready]_INST_0_i_31/O
                         net (fo=1, routed)           0.000     2.251    i_kecc_aes_k_axi_top/i_axi2reg/i_axi_to_axi_lite/i_axi_burst_splitter/i_demux_supported_vs_unsupported/gen_demux.gen_aw_id_counter.i_aw_id_counter/axi_rsp_o[aw_ready]_INST_0_i_31_n_0
    SLICE_X3Y166         MUXF8 (Prop_muxf8_I0_O)      0.085     2.336 r  i_kecc_aes_k_axi_top/i_axi2reg/i_axi_to_axi_lite/i_axi_burst_splitter/i_demux_supported_vs_unsupported/gen_demux.gen_aw_id_counter.i_aw_id_counter/axi_rsp_o[aw_ready]_INST_0_i_21/O
                         net (fo=1, estimated)        0.886     3.222    i_kecc_aes_k_axi_top/i_axi2reg/i_axi_to_axi_lite/i_axi_burst_splitter/i_demux_supported_vs_unsupported/gen_demux.gen_aw_id_counter.i_aw_id_counter/gen_counters[3].i_in_flight_cnt/axi_rsp_o[aw_ready]_INST_0_i_6
    SLICE_X11Y166        LUT6 (Prop_lut6_I1_O)        0.264     3.486 f  i_kecc_aes_k_axi_top/i_axi2reg/i_axi_to_axi_lite/i_axi_burst_splitter/i_demux_supported_vs_unsupported/gen_demux.gen_aw_id_counter.i_aw_id_counter/gen_counters[3].i_in_flight_cnt/axi_rsp_o[aw_ready]_INST_0_i_12/O
                         net (fo=2, estimated)        0.244     3.730    i_kecc_aes_k_axi_top/i_axi2reg/i_axi_to_axi_lite/i_axi_burst_splitter/i_demux_supported_vs_unsupported/gen_demux.gen_aw_id_counter.i_aw_id_counter/gen_counters[3].i_in_flight_cnt/axi_req_i[aw][id]_4_sn_1
    SLICE_X10Y167        LUT6 (Prop_lut6_I1_O)        0.105     3.835 f  i_kecc_aes_k_axi_top/i_axi2reg/i_axi_to_axi_lite/i_axi_burst_splitter/i_demux_supported_vs_unsupported/gen_demux.gen_aw_id_counter.i_aw_id_counter/gen_counters[3].i_in_flight_cnt/status_cnt_q[1]_i_2__3/O
                         net (fo=41, estimated)       0.322     4.157    i_kecc_aes_k_axi_top/i_axi2reg/i_axi_to_axi_lite/i_axi_burst_splitter/i_demux_supported_vs_unsupported/gen_demux.i_w_fifo/status_cnt_q_reg[1]_0
    SLICE_X13Y167        LUT6 (Prop_lut6_I4_O)        0.105     4.262 f  i_kecc_aes_k_axi_top/i_axi2reg/i_axi_to_axi_lite/i_axi_burst_splitter/i_demux_supported_vs_unsupported/gen_demux.i_w_fifo/axi_rsp_o[w_ready]_INST_0_i_6/O
                         net (fo=3, estimated)        0.356     4.618    i_kecc_aes_k_axi_top/i_axi2reg/i_axi_to_axi_lite/i_axi_burst_splitter/i_demux_supported_vs_unsupported/gen_demux.i_w_fifo/axi_rsp_o[w_ready]_INST_0_i_6_n_0
    SLICE_X12Y167        LUT6 (Prop_lut6_I0_O)        0.105     4.723 r  i_kecc_aes_k_axi_top/i_axi2reg/i_axi_to_axi_lite/i_axi_burst_splitter/i_demux_supported_vs_unsupported/gen_demux.i_w_fifo/q[63]_i_27/O
                         net (fo=15, estimated)       0.278     5.001    i_kecc_aes_k_axi_top/i_axi2reg/i_axi_lite_to_reg/i_fifo_write_req/q_reg[0]
    SLICE_X13Y166        LUT5 (Prop_lut5_I0_O)        0.105     5.106 r  i_kecc_aes_k_axi_top/i_axi2reg/i_axi_lite_to_reg/i_fifo_write_req/gen_arbiter.gen_int_rr.rr_q[0]_i_2__0/O
                         net (fo=4, estimated)        0.260     5.366    i_kecc_aes_k_axi_top/i_axi2reg/i_axi_lite_to_reg/i_fifo_read/mem_q_reg[0][error]__0_1
    SLICE_X14Y166        LUT6 (Prop_lut6_I1_O)        0.105     5.471 f  i_kecc_aes_k_axi_top/i_axi2reg/i_axi_lite_to_reg/i_fifo_read/status_cnt_q[1]_i_2__0/O
                         net (fo=43, estimated)       0.410     5.881    i_kecc_aes_k_axi_top/i_axi2reg/i_axi_lite_to_reg/i_fifo_read/write_ready
    SLICE_X17Y165        LUT5 (Prop_lut5_I3_O)        0.105     5.986 r  i_kecc_aes_k_axi_top/i_axi2reg/i_axi_lite_to_reg/i_fifo_read/q[63]_i_16/O
                         net (fo=1, estimated)        0.229     6.215    i_kecc_aes_k_axi_top/i_axi2reg/i_axi_lite_to_reg/i_fifo_read/reg_req_i[addr][0]
    SLICE_X21Y165        LUT6 (Prop_lut6_I5_O)        0.105     6.320 r  i_kecc_aes_k_axi_top/i_axi2reg/i_axi_lite_to_reg/i_fifo_read/q[63]_i_14__0/O
                         net (fo=1, estimated)        0.221     6.541    i_kecc_aes_k_axi_top/i_axi2reg/i_axi_lite_to_reg/i_fifo_read/q[63]_i_14__0_n_0
    SLICE_X21Y164        LUT6 (Prop_lut6_I5_O)        0.105     6.646 r  i_kecc_aes_k_axi_top/i_axi2reg/i_axi_lite_to_reg/i_fifo_read/q[63]_i_9/O
                         net (fo=5, estimated)        0.257     6.903    i_kecc_aes_k_axi_top/i_axi2reg/i_axi_lite_to_reg/i_fifo_read/q[63]_i_9_n_0
    SLICE_X25Y164        LUT2 (Prop_lut2_I1_O)        0.105     7.008 r  i_kecc_aes_k_axi_top/i_axi2reg/i_axi_lite_to_reg/i_fifo_read/q[63]_i_4/O
                         net (fo=19, estimated)       0.408     7.416    i_kecc_aes_k_axi_top/i_axi2reg/i_axi_lite_to_reg/i_fifo_read/q[63]_i_4_n_0
    SLICE_X24Y166        LUT4 (Prop_lut4_I1_O)        0.105     7.521 r  i_kecc_aes_k_axi_top/i_axi2reg/i_axi_lite_to_reg/i_fifo_read/q[0]_i_3/O
                         net (fo=60, estimated)       0.654     8.175    i_kecc_aes_k_axi_top/i_axi2reg/i_axi_lite_to_reg/i_fifo_read/q[0]_i_3_n_0
    SLICE_X26Y167        LUT4 (Prop_lut4_I0_O)        0.105     8.280 f  i_kecc_aes_k_axi_top/i_axi2reg/i_axi_lite_to_reg/i_fifo_read/q[63]_i_14/O
                         net (fo=1, estimated)        0.663     8.943    i_kecc_aes_k_axi_top/i_axi2reg/i_axi_lite_to_reg/i_fifo_read/q[63]_i_14_n_0
    SLICE_X32Y169        LUT5 (Prop_lut5_I0_O)        0.105     9.048 r  i_kecc_aes_k_axi_top/i_axi2reg/i_axi_lite_to_reg/i_fifo_read/q[63]_i_5/O
                         net (fo=33, estimated)       0.759     9.807    i_kecc_aes_k_axi_top/i_axi2reg/i_axi_lite_to_reg/i_fifo_read/q[63]_i_5_n_0
    SLICE_X37Y168        LUT6 (Prop_lut6_I3_O)        0.105     9.912 r  i_kecc_aes_k_axi_top/i_axi2reg/i_axi_lite_to_reg/i_fifo_read/wr_data_i_1__5/O
                         net (fo=65, estimated)       0.613    10.525    i_kecc_aes_k_axi_top/i_axi2reg/i_axi_lite_to_reg/i_fifo_read/keccak_data_18_we
    SLICE_X53Y167        LUT2 (Prop_lut2_I0_O)        0.105    10.630 r  i_kecc_aes_k_axi_top/i_axi2reg/i_axi_lite_to_reg/i_fifo_read/q[63]_i_1__17/O
                         net (fo=64, estimated)       0.565    11.195    i_kecc_aes_k_axi_top/kecc_aes_k_axi_reg_top_i/u_keccak_data_18/q_reg[0]_0[0]
    SLICE_X53Y165        FDCE                                         r  i_kecc_aes_k_axi_top/kecc_aes_k_axi_reg_top_i/u_keccak_data_18/q_reg[59]/CE
  -------------------------------------------------------------------    -------------------

                         (clock clk_i rise edge)     10.000    10.000 r  
                                                      0.000    10.000 r  clk_i (IN)
                         net (fo=3396, unset)         0.748    10.748    i_kecc_aes_k_axi_top/kecc_aes_k_axi_reg_top_i/u_keccak_data_18/clk_i
    SLICE_X53Y165        FDCE                                         r  i_kecc_aes_k_axi_top/kecc_aes_k_axi_reg_top_i/u_keccak_data_18/q_reg[59]/C
                         clock pessimism              0.000    10.748    
                         clock uncertainty           -0.035    10.712    
    SLICE_X53Y165        FDCE (Setup_fdce_C_CE)      -0.168    10.544    i_kecc_aes_k_axi_top/kecc_aes_k_axi_reg_top_i/u_keccak_data_18/q_reg[59]
  -------------------------------------------------------------------
                         required time                         10.544    
                         arrival time                         -11.195    
  -------------------------------------------------------------------
                         slack                                 -0.651    

Slack (VIOLATED) :        -0.651ns  (required time - arrival time)
  Source:                 i_kecc_aes_k_axi_top/i_axi2reg/i_axi_to_axi_lite/i_axi_burst_splitter/i_demux_supported_vs_unsupported/gen_demux.gen_aw_id_counter.i_aw_id_counter/gen_counters[22].mst_select_q_reg[22][0]/C
                            (rising edge-triggered cell FDCE clocked by clk_i  {rise@0.000ns fall@5.000ns period=10.000ns})
  Destination:            i_kecc_aes_k_axi_top/kecc_aes_k_axi_reg_top_i/u_keccak_data_18/q_reg[59]/CE
                            (rising edge-triggered cell FDCE clocked by clk_i  {rise@0.000ns fall@5.000ns period=10.000ns})
  Path Group:             clk_i
  Path Type:              Setup (Max at Slow Process Corner)
  Requirement:            10.000ns  (clk_i rise@10.000ns - clk_i rise@0.000ns)
  Data Path Delay:        10.408ns  (logic 2.509ns (24.106%)  route 7.899ns (75.894%))
  Logic Levels:           18  (LUT2=2 LUT4=2 LUT5=3 LUT6=9 MUXF7=1 MUXF8=1)
  Clock Path Skew:        -0.039ns (DCD - SCD + CPR)
    Destination Clock Delay (DCD):    0.748ns = ( 10.748 - 10.000 ) 
    Source Clock Delay      (SCD):    0.787ns
    Clock Pessimism Removal (CPR):    0.000ns
  Clock Uncertainty:      0.035ns  ((TSJ^2 + TIJ^2)^1/2 + DJ) / 2 + PE
    Total System Jitter     (TSJ):    0.071ns
    Total Input Jitter      (TIJ):    0.000ns
    Discrete Jitter          (DJ):    0.000ns
    Phase Error              (PE):    0.000ns

    Location             Delay type                Incr(ns)  Path(ns)    Netlist Resource(s)
  -------------------------------------------------------------------    -------------------
                         (clock clk_i rise edge)      0.000     0.000 r  
                                                      0.000     0.000 r  clk_i (IN)
                         net (fo=3396, unset)         0.787     0.787    i_kecc_aes_k_axi_top/i_axi2reg/i_axi_to_axi_lite/i_axi_burst_splitter/i_demux_supported_vs_unsupported/gen_demux.gen_aw_id_counter.i_aw_id_counter/clk_i
    SLICE_X3Y165         FDCE                                         r  i_kecc_aes_k_axi_top/i_axi2reg/i_axi_to_axi_lite/i_axi_burst_splitter/i_demux_supported_vs_unsupported/gen_demux.gen_aw_id_counter.i_aw_id_counter/gen_counters[22].mst_select_q_reg[22][0]/C
  -------------------------------------------------------------------    -------------------
    SLICE_X3Y165         FDCE (Prop_fdce_C_Q)         0.379     1.166 f  i_kecc_aes_k_axi_top/i_axi2reg/i_axi_to_axi_lite/i_axi_burst_splitter/i_demux_supported_vs_unsupported/gen_demux.gen_aw_id_counter.i_aw_id_counter/gen_counters[22].mst_select_q_reg[22][0]/Q
                         net (fo=2, estimated)        0.774     1.940    i_kecc_aes_k_axi_top/i_axi2reg/i_axi_to_axi_lite/i_axi_burst_splitter/i_demux_supported_vs_unsupported/gen_demux.gen_aw_id_counter.i_aw_id_counter/gen_counters[22].mst_select_q_reg[22]_9
    SLICE_X3Y166         LUT6 (Prop_lut6_I1_O)        0.105     2.045 f  i_kecc_aes_k_axi_top/i_axi2reg/i_axi_to_axi_lite/i_axi_burst_splitter/i_demux_supported_vs_unsupported/gen_demux.gen_aw_id_counter.i_aw_id_counter/axi_rsp_o[aw_ready]_INST_0_i_40/O
                         net (fo=1, routed)           0.000     2.045    i_kecc_aes_k_axi_top/i_axi2reg/i_axi_to_axi_lite/i_axi_burst_splitter/i_demux_supported_vs_unsupported/gen_demux.gen_aw_id_counter.i_aw_id_counter/axi_rsp_o[aw_ready]_INST_0_i_40_n_0
    SLICE_X3Y166         MUXF7 (Prop_muxf7_I1_O)      0.206     2.251 f  i_kecc_aes_k_axi_top/i_axi2reg/i_axi_to_axi_lite/i_axi_burst_splitter/i_demux_supported_vs_unsupported/gen_demux.gen_aw_id_counter.i_aw_id_counter/axi_rsp_o[aw_ready]_INST_0_i_31/O
                         net (fo=1, routed)           0.000     2.251    i_kecc_aes_k_axi_top/i_axi2reg/i_axi_to_axi_lite/i_axi_burst_splitter/i_demux_supported_vs_unsupported/gen_demux.gen_aw_id_counter.i_aw_id_counter/axi_rsp_o[aw_ready]_INST_0_i_31_n_0
    SLICE_X3Y166         MUXF8 (Prop_muxf8_I0_O)      0.085     2.336 f  i_kecc_aes_k_axi_top/i_axi2reg/i_axi_to_axi_lite/i_axi_burst_splitter/i_demux_supported_vs_unsupported/gen_demux.gen_aw_id_counter.i_aw_id_counter/axi_rsp_o[aw_ready]_INST_0_i_21/O
                         net (fo=1, estimated)        0.886     3.222    i_kecc_aes_k_axi_top/i_axi2reg/i_axi_to_axi_lite/i_axi_burst_splitter/i_demux_supported_vs_unsupported/gen_demux.gen_aw_id_counter.i_aw_id_counter/gen_counters[3].i_in_flight_cnt/axi_rsp_o[aw_ready]_INST_0_i_6
    SLICE_X11Y166        LUT6 (Prop_lut6_I1_O)        0.264     3.486 f  i_kecc_aes_k_axi_top/i_axi2reg/i_axi_to_axi_lite/i_axi_burst_splitter/i_demux_supported_vs_unsupported/gen_demux.gen_aw_id_counter.i_aw_id_counter/gen_counters[3].i_in_flight_cnt/axi_rsp_o[aw_ready]_INST_0_i_12/O
                         net (fo=2, estimated)        0.244     3.730    i_kecc_aes_k_axi_top/i_axi2reg/i_axi_to_axi_lite/i_axi_burst_splitter/i_demux_supported_vs_unsupported/gen_demux.gen_aw_id_counter.i_aw_id_counter/gen_counters[3].i_in_flight_cnt/axi_req_i[aw][id]_4_sn_1
    SLICE_X10Y167        LUT6 (Prop_lut6_I1_O)        0.105     3.835 f  i_kecc_aes_k_axi_top/i_axi2reg/i_axi_to_axi_lite/i_axi_burst_splitter/i_demux_supported_vs_unsupported/gen_demux.gen_aw_id_counter.i_aw_id_counter/gen_counters[3].i_in_flight_cnt/status_cnt_q[1]_i_2__3/O
                         net (fo=41, estimated)       0.322     4.157    i_kecc_aes_k_axi_top/i_axi2reg/i_axi_to_axi_lite/i_axi_burst_splitter/i_demux_supported_vs_unsupported/gen_demux.i_w_fifo/status_cnt_q_reg[1]_0
    SLICE_X13Y167        LUT6 (Prop_lut6_I4_O)        0.105     4.262 f  i_kecc_aes_k_axi_top/i_axi2reg/i_axi_to_axi_lite/i_axi_burst_splitter/i_demux_supported_vs_unsupported/gen_demux.i_w_fifo/axi_rsp_o[w_ready]_INST_0_i_6/O
                         net (fo=3, estimated)        0.356     4.618    i_kecc_aes_k_axi_top/i_axi2reg/i_axi_to_axi_lite/i_axi_burst_splitter/i_demux_supported_vs_unsupported/gen_demux.i_w_fifo/axi_rsp_o[w_ready]_INST_0_i_6_n_0
    SLICE_X12Y167        LUT6 (Prop_lut6_I0_O)        0.105     4.723 r  i_kecc_aes_k_axi_top/i_axi2reg/i_axi_to_axi_lite/i_axi_burst_splitter/i_demux_supported_vs_unsupported/gen_demux.i_w_fifo/q[63]_i_27/O
                         net (fo=15, estimated)       0.278     5.001    i_kecc_aes_k_axi_top/i_axi2reg/i_axi_lite_to_reg/i_fifo_write_req/q_reg[0]
    SLICE_X13Y166        LUT5 (Prop_lut5_I0_O)        0.105     5.106 r  i_kecc_aes_k_axi_top/i_axi2reg/i_axi_lite_to_reg/i_fifo_write_req/gen_arbiter.gen_int_rr.rr_q[0]_i_2__0/O
                         net (fo=4, estimated)        0.260     5.366    i_kecc_aes_k_axi_top/i_axi2reg/i_axi_lite_to_reg/i_fifo_read/mem_q_reg[0][error]__0_1
    SLICE_X14Y166        LUT6 (Prop_lut6_I1_O)        0.105     5.471 f  i_kecc_aes_k_axi_top/i_axi2reg/i_axi_lite_to_reg/i_fifo_read/status_cnt_q[1]_i_2__0/O
                         net (fo=43, estimated)       0.410     5.881    i_kecc_aes_k_axi_top/i_axi2reg/i_axi_lite_to_reg/i_fifo_read/write_ready
    SLICE_X17Y165        LUT5 (Prop_lut5_I3_O)        0.105     5.986 r  i_kecc_aes_k_axi_top/i_axi2reg/i_axi_lite_to_reg/i_fifo_read/q[63]_i_16/O
                         net (fo=1, estimated)        0.229     6.215    i_kecc_aes_k_axi_top/i_axi2reg/i_axi_lite_to_reg/i_fifo_read/reg_req_i[addr][0]
    SLICE_X21Y165        LUT6 (Prop_lut6_I5_O)        0.105     6.320 r  i_kecc_aes_k_axi_top/i_axi2reg/i_axi_lite_to_reg/i_fifo_read/q[63]_i_14__0/O
                         net (fo=1, estimated)        0.221     6.541    i_kecc_aes_k_axi_top/i_axi2reg/i_axi_lite_to_reg/i_fifo_read/q[63]_i_14__0_n_0
    SLICE_X21Y164        LUT6 (Prop_lut6_I5_O)        0.105     6.646 r  i_kecc_aes_k_axi_top/i_axi2reg/i_axi_lite_to_reg/i_fifo_read/q[63]_i_9/O
                         net (fo=5, estimated)        0.257     6.903    i_kecc_aes_k_axi_top/i_axi2reg/i_axi_lite_to_reg/i_fifo_read/q[63]_i_9_n_0
    SLICE_X25Y164        LUT2 (Prop_lut2_I1_O)        0.105     7.008 r  i_kecc_aes_k_axi_top/i_axi2reg/i_axi_lite_to_reg/i_fifo_read/q[63]_i_4/O
                         net (fo=19, estimated)       0.408     7.416    i_kecc_aes_k_axi_top/i_axi2reg/i_axi_lite_to_reg/i_fifo_read/q[63]_i_4_n_0
    SLICE_X24Y166        LUT4 (Prop_lut4_I1_O)        0.105     7.521 r  i_kecc_aes_k_axi_top/i_axi2reg/i_axi_lite_to_reg/i_fifo_read/q[0]_i_3/O
                         net (fo=60, estimated)       0.654     8.175    i_kecc_aes_k_axi_top/i_axi2reg/i_axi_lite_to_reg/i_fifo_read/q[0]_i_3_n_0
    SLICE_X26Y167        LUT4 (Prop_lut4_I0_O)        0.105     8.280 f  i_kecc_aes_k_axi_top/i_axi2reg/i_axi_lite_to_reg/i_fifo_read/q[63]_i_14/O
                         net (fo=1, estimated)        0.663     8.943    i_kecc_aes_k_axi_top/i_axi2reg/i_axi_lite_to_reg/i_fifo_read/q[63]_i_14_n_0
    SLICE_X32Y169        LUT5 (Prop_lut5_I0_O)        0.105     9.048 r  i_kecc_aes_k_axi_top/i_axi2reg/i_axi_lite_to_reg/i_fifo_read/q[63]_i_5/O
                         net (fo=33, estimated)       0.759     9.807    i_kecc_aes_k_axi_top/i_axi2reg/i_axi_lite_to_reg/i_fifo_read/q[63]_i_5_n_0
    SLICE_X37Y168        LUT6 (Prop_lut6_I3_O)        0.105     9.912 r  i_kecc_aes_k_axi_top/i_axi2reg/i_axi_lite_to_reg/i_fifo_read/wr_data_i_1__5/O
                         net (fo=65, estimated)       0.613    10.525    i_kecc_aes_k_axi_top/i_axi2reg/i_axi_lite_to_reg/i_fifo_read/keccak_data_18_we
    SLICE_X53Y167        LUT2 (Prop_lut2_I0_O)        0.105    10.630 r  i_kecc_aes_k_axi_top/i_axi2reg/i_axi_lite_to_reg/i_fifo_read/q[63]_i_1__17/O
                         net (fo=64, estimated)       0.565    11.195    i_kecc_aes_k_axi_top/kecc_aes_k_axi_reg_top_i/u_keccak_data_18/q_reg[0]_0[0]
    SLICE_X53Y165        FDCE                                         r  i_kecc_aes_k_axi_top/kecc_aes_k_axi_reg_top_i/u_keccak_data_18/q_reg[59]/CE
  -------------------------------------------------------------------    -------------------

                         (clock clk_i rise edge)     10.000    10.000 r  
                                                      0.000    10.000 r  clk_i (IN)
                         net (fo=3396, unset)         0.748    10.748    i_kecc_aes_k_axi_top/kecc_aes_k_axi_reg_top_i/u_keccak_data_18/clk_i
    SLICE_X53Y165        FDCE                                         r  i_kecc_aes_k_axi_top/kecc_aes_k_axi_reg_top_i/u_keccak_data_18/q_reg[59]/C
                         clock pessimism              0.000    10.748    
                         clock uncertainty           -0.035    10.712    
    SLICE_X53Y165        FDCE (Setup_fdce_C_CE)      -0.168    10.544    i_kecc_aes_k_axi_top/kecc_aes_k_axi_reg_top_i/u_keccak_data_18/q_reg[59]
  -------------------------------------------------------------------
                         required time                         10.544    
                         arrival time                         -11.195    
  -------------------------------------------------------------------
                         slack                                 -0.651    




