Copyright 1986-2022 Xilinx, Inc. All Rights Reserved. Copyright 2022-2024 Advanced Micro Devices, Inc. All Rights Reserved.
-----------------------------------------------------------------------------------------------------------------------------------------------------
| Tool Version : Vivado v.2024.1 (win64) Build 5076996 Wed May 22 18:37:14 MDT 2024
| Date         : Mon Aug 10 14:08:13 2026
| Host         : AlessandraYOGA running 64-bit major release  (build 9200)
| Command      : report_timing -max_paths 20 -nworst 20 -delay_type max -sort_by slack -file reports_v2/kecc_aes_k_axi_synth_top.timing_WORST_20.rpt
| Design       : kecc_aes_k_axi_synth_top
| Device       : 7a100t-ftg256
| Speed File   : -2  PRODUCTION 1.23 2018-06-13
| Design State : Fully Placed
-----------------------------------------------------------------------------------------------------------------------------------------------------

Timing Report

Slack (VIOLATED) :        -1.532ns  (required time - arrival time)
  Source:                 i_kecc_aes_k_axi_top/i_axi2reg/i_axi_to_axi_lite/i_axi_burst_splitter/i_demux_supported_vs_unsupported/gen_demux.gen_aw_id_counter.i_aw_id_counter/gen_counters[19].mst_select_q_reg[19][0]/C
                            (rising edge-triggered cell FDCE clocked by clk_i  {rise@0.000ns fall@5.000ns period=10.000ns})
  Destination:            i_kecc_aes_k_axi_top/kecc_aes_k_axi_reg_top_i/u_keccak_data_18/q_reg[23]/D
                            (rising edge-triggered cell FDCE clocked by clk_i  {rise@0.000ns fall@5.000ns period=10.000ns})
  Path Group:             clk_i
  Path Type:              Setup (Max at Slow Process Corner)
  Requirement:            10.000ns  (clk_i rise@10.000ns - clk_i rise@0.000ns)
  Data Path Delay:        11.254ns  (logic 2.715ns (24.125%)  route 8.539ns (75.875%))
  Logic Levels:           19  (LUT2=1 LUT3=1 LUT4=1 LUT5=9 LUT6=5 MUXF7=1 MUXF8=1)
  Clock Path Skew:        -0.039ns (DCD - SCD + CPR)
    Destination Clock Delay (DCD):    0.748ns = ( 10.748 - 10.000 ) 
    Source Clock Delay      (SCD):    0.787ns
    Clock Pessimism Removal (CPR):    0.000ns
  Clock Uncertainty:      0.035ns  ((TSJ^2 + TIJ^2)^1/2 + DJ) / 2 + PE
    Total System Jitter     (TSJ):    0.071ns
    Total Input Jitter      (TIJ):    0.000ns
    Discrete Jitter          (DJ):    0.000ns
    Phase Error              (PE):    0.000ns

    Location             Delay type                Incr(ns)  Path(ns)    Netlist Resource(s)
  -------------------------------------------------------------------    -------------------
                         (clock clk_i rise edge)      0.000     0.000 r  
                                                      0.000     0.000 r  clk_i (IN)
                         net (fo=6719, unset)         0.787     0.787    i_kecc_aes_k_axi_top/i_axi2reg/i_axi_to_axi_lite/i_axi_burst_splitter/i_demux_supported_vs_unsupported/gen_demux.gen_aw_id_counter.i_aw_id_counter/clk_i
    SLICE_X75Y131        FDCE                                         r  i_kecc_aes_k_axi_top/i_axi2reg/i_axi_to_axi_lite/i_axi_burst_splitter/i_demux_supported_vs_unsupported/gen_demux.gen_aw_id_counter.i_aw_id_counter/gen_counters[19].mst_select_q_reg[19][0]/C
  -------------------------------------------------------------------    -------------------
    SLICE_X75Y131        FDCE (Prop_fdce_C_Q)         0.348     1.135 r  i_kecc_aes_k_axi_top/i_axi2reg/i_axi_to_axi_lite/i_axi_burst_splitter/i_demux_supported_vs_unsupported/gen_demux.gen_aw_id_counter.i_aw_id_counter/gen_counters[19].mst_select_q_reg[19][0]/Q
                         net (fo=2, estimated)        0.689     1.824    i_kecc_aes_k_axi_top/i_axi2reg/i_axi_to_axi_lite/i_axi_burst_splitter/i_demux_supported_vs_unsupported/gen_demux.gen_aw_id_counter.i_aw_id_counter/gen_counters[19].mst_select_q_reg[19]_12
    SLICE_X74Y130        LUT6 (Prop_lut6_I0_O)        0.240     2.064 r  i_kecc_aes_k_axi_top/i_axi2reg/i_axi_to_axi_lite/i_axi_burst_splitter/i_demux_supported_vs_unsupported/gen_demux.gen_aw_id_counter.i_aw_id_counter/i__i_35/O
                         net (fo=1, routed)           0.000     2.064    i_kecc_aes_k_axi_top/i_axi2reg/i_axi_to_axi_lite/i_axi_burst_splitter/i_demux_supported_vs_unsupported/gen_demux.gen_aw_id_counter.i_aw_id_counter/i__i_35_n_0
    SLICE_X74Y130        MUXF7 (Prop_muxf7_I0_O)      0.201     2.265 r  i_kecc_aes_k_axi_top/i_axi2reg/i_axi_to_axi_lite/i_axi_burst_splitter/i_demux_supported_vs_unsupported/gen_demux.gen_aw_id_counter.i_aw_id_counter/i__i_15/O
                         net (fo=1, routed)           0.000     2.265    i_kecc_aes_k_axi_top/i_axi2reg/i_axi_to_axi_lite/i_axi_burst_splitter/i_demux_supported_vs_unsupported/gen_demux.gen_aw_id_counter.i_aw_id_counter/i__i_15_n_0
    SLICE_X74Y130        MUXF8 (Prop_muxf8_I0_O)      0.082     2.347 r  i_kecc_aes_k_axi_top/i_axi2reg/i_axi_to_axi_lite/i_axi_burst_splitter/i_demux_supported_vs_unsupported/gen_demux.gen_aw_id_counter.i_aw_id_counter/i__i_5/O
                         net (fo=1, estimated)        0.898     3.245    i_kecc_aes_k_axi_top/i_axi2reg/i_axi_to_axi_lite/i_axi_burst_splitter/i_demux_supported_vs_unsupported/gen_demux.gen_aw_id_counter.i_aw_id_counter/gen_counters[3].i_in_flight_cnt/i___33
    SLICE_X66Y129        LUT6 (Prop_lut6_I1_O)        0.259     3.504 f  i_kecc_aes_k_axi_top/i_axi2reg/i_axi_to_axi_lite/i_axi_burst_splitter/i_demux_supported_vs_unsupported/gen_demux.gen_aw_id_counter.i_aw_id_counter/gen_counters[3].i_in_flight_cnt/i__i_1__2__0/O
                         net (fo=2, estimated)        0.238     3.742    i_kecc_aes_k_axi_top/i_axi2reg/i_axi_to_axi_lite_n_170
    SLICE_X67Y130        LUT5 (Prop_lut5_I0_O)        0.105     3.847 f  i_kecc_aes_k_axi_top/i_axi2reg/i___80/O
                         net (fo=4, estimated)        0.259     4.106    i_kecc_aes_k_axi_top/i_axi2reg/i_axi_to_axi_lite/i_axi_burst_splitter/i_demux_supported_vs_unsupported/gen_demux.gen_aw_id_counter.i_aw_id_counter/gen_counters[3].i_in_flight_cnt/gen_demux.lock_aw_valid_q_reg_2
    SLICE_X63Y130        LUT5 (Prop_lut5_I2_O)        0.105     4.211 f  i_kecc_aes_k_axi_top/i_axi2reg/i_axi_to_axi_lite/i_axi_burst_splitter/i_demux_supported_vs_unsupported/gen_demux.gen_aw_id_counter.i_aw_id_counter/gen_counters[3].i_in_flight_cnt/i__i_4__6/O
                         net (fo=21, estimated)       0.303     4.514    i_kecc_aes_k_axi_top/i_axi2reg/i_axi_burst_splitter/i_axi_burst_splitter_aw_chan/state_d0
    SLICE_X65Y130        LUT5 (Prop_lut5_I4_O)        0.105     4.619 r  i_kecc_aes_k_axi_top/i_axi2reg/i__i_3__0/O
                         net (fo=2, estimated)        0.240     4.859    i_kecc_aes_k_axi_top/i_axi2reg/i__i_3__0_n_0
    SLICE_X64Y131        LUT5 (Prop_lut5_I2_O)        0.105     4.964 r  i_kecc_aes_k_axi_top/i_axi2reg/i__i_1__2/O
                         net (fo=3, estimated)        0.451     5.415    i_kecc_aes_k_axi_top/i_axi2reg/i__i_1__2_n_0
    SLICE_X61Y131        LUT6 (Prop_lut6_I0_O)        0.105     5.520 r  i_kecc_aes_k_axi_top/i_axi2reg/i__i_2__2/O
                         net (fo=1407, estimated)     0.635     6.155    i_kecc_aes_k_axi_top/i_axi2reg/i__i_2__2_n_0
    SLICE_X57Y135        LUT5 (Prop_lut5_I3_O)        0.105     6.260 r  i_kecc_aes_k_axi_top/i_axi2reg/mem_q[0][data][63]_i_20/O
                         net (fo=16, estimated)       0.707     6.967    i_kecc_aes_k_axi_top/i_axi2reg/i_axi_lite_to_reg/i_fifo_read/reg_req_i[addr][7]
    SLICE_X56Y136        LUT5 (Prop_lut5_I0_O)        0.105     7.072 r  i_kecc_aes_k_axi_top/i_axi2reg/i_axi_lite_to_reg/i_fifo_read/mem_q[0][data][63]_i_24/O
                         net (fo=18, estimated)       0.323     7.395    i_kecc_aes_k_axi_top/i_axi2reg/i_axi_lite_to_reg/i_fifo_read/mem_q[0][data][63]_i_24_n_0
    SLICE_X54Y137        LUT5 (Prop_lut5_I3_O)        0.105     7.500 r  i_kecc_aes_k_axi_top/i_axi2reg/i_axi_lite_to_reg/i_fifo_read/q[63]_i_3__9/O
                         net (fo=126, estimated)      0.423     7.923    i_kecc_aes_k_axi_top/i_axi2reg/i_axi_lite_to_reg/i_fifo_read/q[63]_i_3__9_n_0
    SLICE_X55Y137        LUT2 (Prop_lut2_I0_O)        0.105     8.028 r  i_kecc_aes_k_axi_top/i_axi2reg/i_axi_lite_to_reg/i_fifo_read/mem_q[0][data][63]_i_31/O
                         net (fo=6, estimated)        0.432     8.460    i_kecc_aes_k_axi_top/i_axi2reg/i_axi_lite_to_reg/i_fifo_read/mem_q[0][data][63]_i_31_n_0
    SLICE_X53Y142        LUT6 (Prop_lut6_I5_O)        0.105     8.565 f  i_kecc_aes_k_axi_top/i_axi2reg/i_axi_lite_to_reg/i_fifo_read/mem_q[0][error]_i_17/O
                         net (fo=1, estimated)        0.229     8.794    i_kecc_aes_k_axi_top/i_axi2reg/i_axi_lite_to_reg/i_fifo_read/mem_q[0][error]_i_17_n_0
    SLICE_X52Y143        LUT6 (Prop_lut6_I5_O)        0.105     8.899 f  i_kecc_aes_k_axi_top/i_axi2reg/i_axi_lite_to_reg/i_fifo_read/mem_q[0][error]_i_16/O
                         net (fo=1, estimated)        0.126     9.025    i_kecc_aes_k_axi_top/i_axi2reg/i_axi_lite_to_reg/i_fifo_read/mem_q[0][error]_i_16_n_0
    SLICE_X52Y143        LUT5 (Prop_lut5_I4_O)        0.105     9.130 r  i_kecc_aes_k_axi_top/i_axi2reg/i_axi_lite_to_reg/i_fifo_read/mem_q[0][error]_i_5/O
                         net (fo=22, estimated)       0.318     9.448    i_kecc_aes_k_axi_top/i_axi2reg/i_axi_lite_to_reg/i_fifo_read/mem_q[0][error]_i_5_n_0
    SLICE_X53Y143        LUT4 (Prop_lut4_I3_O)        0.105     9.553 f  i_kecc_aes_k_axi_top/i_axi2reg/i_axi_lite_to_reg/i_fifo_read/mem_q[0][error]_i_1/O
                         net (fo=15, estimated)       0.294     9.847    i_kecc_aes_k_axi_top/i_axi2reg/i_axi_lite_to_reg/i_fifo_read/mem_q[0][error]_i_5_0
    SLICE_X52Y141        LUT5 (Prop_lut5_I3_O)        0.105     9.952 r  i_kecc_aes_k_axi_top/i_axi2reg/i_axi_lite_to_reg/i_fifo_read/q[63]_i_3__20/O
                         net (fo=65, estimated)       1.189    11.141    i_kecc_aes_k_axi_top/i_axi2reg/i_axi_lite_to_reg/i_fifo_write_req/keccak_data_18_we
    SLICE_X36Y142        LUT3 (Prop_lut3_I2_O)        0.115    11.256 r  i_kecc_aes_k_axi_top/i_axi2reg/i_axi_lite_to_reg/i_fifo_write_req/wr_en_data_arb/q[23]_i_1__0/O
                         net (fo=1, estimated)        0.785    12.041    i_kecc_aes_k_axi_top/kecc_aes_k_axi_reg_top_i/u_keccak_data_18/q_reg[63]_0[23]
    SLICE_X34Y142        FDCE                                         r  i_kecc_aes_k_axi_top/kecc_aes_k_axi_reg_top_i/u_keccak_data_18/q_reg[23]/D
  -------------------------------------------------------------------    -------------------

                         (clock clk_i rise edge)     10.000    10.000 r  
                                                      0.000    10.000 r  clk_i (IN)
                         net (fo=6719, unset)         0.748    10.748    i_kecc_aes_k_axi_top/kecc_aes_k_axi_reg_top_i/u_keccak_data_18/clk_i
    SLICE_X34Y142        FDCE                                         r  i_kecc_aes_k_axi_top/kecc_aes_k_axi_reg_top_i/u_keccak_data_18/q_reg[23]/C
                         clock pessimism              0.000    10.748    
                         clock uncertainty           -0.035    10.712    
    SLICE_X34Y142        FDCE (Setup_fdce_C_D)       -0.203    10.509    i_kecc_aes_k_axi_top/kecc_aes_k_axi_reg_top_i/u_keccak_data_18/q_reg[23]
  -------------------------------------------------------------------
                         required time                         10.509    
                         arrival time                         -12.041    
  -------------------------------------------------------------------
                         slack                                 -1.532    

Slack (VIOLATED) :        -1.532ns  (required time - arrival time)
  Source:                 i_kecc_aes_k_axi_top/i_axi2reg/i_axi_to_axi_lite/i_axi_burst_splitter/i_demux_supported_vs_unsupported/gen_demux.gen_aw_id_counter.i_aw_id_counter/gen_counters[19].mst_select_q_reg[19][0]/C
                            (rising edge-triggered cell FDCE clocked by clk_i  {rise@0.000ns fall@5.000ns period=10.000ns})
  Destination:            i_kecc_aes_k_axi_top/kecc_aes_k_axi_reg_top_i/u_keccak_data_18/q_reg[23]/D
                            (rising edge-triggered cell FDCE clocked by clk_i  {rise@0.000ns fall@5.000ns period=10.000ns})
  Path Group:             clk_i
  Path Type:              Setup (Max at Slow Process Corner)
  Requirement:            10.000ns  (clk_i rise@10.000ns - clk_i rise@0.000ns)
  Data Path Delay:        11.254ns  (logic 2.715ns (24.125%)  route 8.539ns (75.875%))
  Logic Levels:           19  (LUT2=1 LUT3=1 LUT4=1 LUT5=9 LUT6=5 MUXF7=1 MUXF8=1)
  Clock Path Skew:        -0.039ns (DCD - SCD + CPR)
    Destination Clock Delay (DCD):    0.748ns = ( 10.748 - 10.000 ) 
    Source Clock Delay      (SCD):    0.787ns
    Clock Pessimism Removal (CPR):    0.000ns
  Clock Uncertainty:      0.035ns  ((TSJ^2 + TIJ^2)^1/2 + DJ) / 2 + PE
    Total System Jitter     (TSJ):    0.071ns
    Total Input Jitter      (TIJ):    0.000ns
    Discrete Jitter          (DJ):    0.000ns
    Phase Error              (PE):    0.000ns

    Location             Delay type                Incr(ns)  Path(ns)    Netlist Resource(s)
  -------------------------------------------------------------------    -------------------
                         (clock clk_i rise edge)      0.000     0.000 r  
                                                      0.000     0.000 r  clk_i (IN)
                         net (fo=6719, unset)         0.787     0.787    i_kecc_aes_k_axi_top/i_axi2reg/i_axi_to_axi_lite/i_axi_burst_splitter/i_demux_supported_vs_unsupported/gen_demux.gen_aw_id_counter.i_aw_id_counter/clk_i
    SLICE_X75Y131        FDCE                                         r  i_kecc_aes_k_axi_top/i_axi2reg/i_axi_to_axi_lite/i_axi_burst_splitter/i_demux_supported_vs_unsupported/gen_demux.gen_aw_id_counter.i_aw_id_counter/gen_counters[19].mst_select_q_reg[19][0]/C
  -------------------------------------------------------------------    -------------------
    SLICE_X75Y131        FDCE (Prop_fdce_C_Q)         0.348     1.135 f  i_kecc_aes_k_axi_top/i_axi2reg/i_axi_to_axi_lite/i_axi_burst_splitter/i_demux_supported_vs_unsupported/gen_demux.gen_aw_id_counter.i_aw_id_counter/gen_counters[19].mst_select_q_reg[19][0]/Q
                         net (fo=2, estimated)        0.689     1.824    i_kecc_aes_k_axi_top/i_axi2reg/i_axi_to_axi_lite/i_axi_burst_splitter/i_demux_supported_vs_unsupported/gen_demux.gen_aw_id_counter.i_aw_id_counter/gen_counters[19].mst_select_q_reg[19]_12
    SLICE_X74Y130        LUT6 (Prop_lut6_I0_O)        0.240     2.064 f  i_kecc_aes_k_axi_top/i_axi2reg/i_axi_to_axi_lite/i_axi_burst_splitter/i_demux_supported_vs_unsupported/gen_demux.gen_aw_id_counter.i_aw_id_counter/i__i_35/O
                         net (fo=1, routed)           0.000     2.064    i_kecc_aes_k_axi_top/i_axi2reg/i_axi_to_axi_lite/i_axi_burst_splitter/i_demux_supported_vs_unsupported/gen_demux.gen_aw_id_counter.i_aw_id_counter/i__i_35_n_0
    SLICE_X74Y130        MUXF7 (Prop_muxf7_I0_O)      0.201     2.265 f  i_kecc_aes_k_axi_top/i_axi2reg/i_axi_to_axi_lite/i_axi_burst_splitter/i_demux_supported_vs_unsupported/gen_demux.gen_aw_id_counter.i_aw_id_counter/i__i_15/O
                         net (fo=1, routed)           0.000     2.265    i_kecc_aes_k_axi_top/i_axi2reg/i_axi_to_axi_lite/i_axi_burst_splitter/i_demux_supported_vs_unsupported/gen_demux.gen_aw_id_counter.i_aw_id_counter/i__i_15_n_0
    SLICE_X74Y130        MUXF8 (Prop_muxf8_I0_O)      0.082     2.347 f  i_kecc_aes_k_axi_top/i_axi2reg/i_axi_to_axi_lite/i_axi_burst_splitter/i_demux_supported_vs_unsupported/gen_demux.gen_aw_id_counter.i_aw_id_counter/i__i_5/O
                         net (fo=1, estimated)        0.898     3.245    i_kecc_aes_k_axi_top/i_axi2reg/i_axi_to_axi_lite/i_axi_burst_splitter/i_demux_supported_vs_unsupported/gen_demux.gen_aw_id_counter.i_aw_id_counter/gen_counters[3].i_in_flight_cnt/i___33
    SLICE_X66Y129        LUT6 (Prop_lut6_I1_O)        0.259     3.504 f  i_kecc_aes_k_axi_top/i_axi2reg/i_axi_to_axi_lite/i_axi_burst_splitter/i_demux_supported_vs_unsupported/gen_demux.gen_aw_id_counter.i_aw_id_counter/gen_counters[3].i_in_flight_cnt/i__i_1__2__0/O
                         net (fo=2, estimated)        0.238     3.742    i_kecc_aes_k_axi_top/i_axi2reg/i_axi_to_axi_lite_n_170
    SLICE_X67Y130        LUT5 (Prop_lut5_I0_O)        0.105     3.847 f  i_kecc_aes_k_axi_top/i_axi2reg/i___80/O
                         net (fo=4, estimated)        0.259     4.106    i_kecc_aes_k_axi_top/i_axi2reg/i_axi_to_axi_lite/i_axi_burst_splitter/i_demux_supported_vs_unsupported/gen_demux.gen_aw_id_counter.i_aw_id_counter/gen_counters[3].i_in_flight_cnt/gen_demux.lock_aw_valid_q_reg_2
    SLICE_X63Y130        LUT5 (Prop_lut5_I2_O)        0.105     4.211 f  i_kecc_aes_k_axi_top/i_axi2reg/i_axi_to_axi_lite/i_axi_burst_splitter/i_demux_supported_vs_unsupported/gen_demux.gen_aw_id_counter.i_aw_id_counter/gen_counters[3].i_in_flight_cnt/i__i_4__6/O
                         net (fo=21, estimated)       0.303     4.514    i_kecc_aes_k_axi_top/i_axi2reg/i_axi_burst_splitter/i_axi_burst_splitter_aw_chan/state_d0
    SLICE_X65Y130        LUT5 (Prop_lut5_I4_O)        0.105     4.619 r  i_kecc_aes_k_axi_top/i_axi2reg/i__i_3__0/O
                         net (fo=2, estimated)        0.240     4.859    i_kecc_aes_k_axi_top/i_axi2reg/i__i_3__0_n_0
    SLICE_X64Y131        LUT5 (Prop_lut5_I2_O)        0.105     4.964 r  i_kecc_aes_k_axi_top/i_axi2reg/i__i_1__2/O
                         net (fo=3, estimated)        0.451     5.415    i_kecc_aes_k_axi_top/i_axi2reg/i__i_1__2_n_0
    SLICE_X61Y131        LUT6 (Prop_lut6_I0_O)        0.105     5.520 r  i_kecc_aes_k_axi_top/i_axi2reg/i__i_2__2/O
                         net (fo=1407, estimated)     0.635     6.155    i_kecc_aes_k_axi_top/i_axi2reg/i__i_2__2_n_0
    SLICE_X57Y135        LUT5 (Prop_lut5_I3_O)        0.105     6.260 r  i_kecc_aes_k_axi_top/i_axi2reg/mem_q[0][data][63]_i_20/O
                         net (fo=16, estimated)       0.707     6.967    i_kecc_aes_k_axi_top/i_axi2reg/i_axi_lite_to_reg/i_fifo_read/reg_req_i[addr][7]
    SLICE_X56Y136        LUT5 (Prop_lut5_I0_O)        0.105     7.072 r  i_kecc_aes_k_axi_top/i_axi2reg/i_axi_lite_to_reg/i_fifo_read/mem_q[0][data][63]_i_24/O
                         net (fo=18, estimated)       0.323     7.395    i_kecc_aes_k_axi_top/i_axi2reg/i_axi_lite_to_reg/i_fifo_read/mem_q[0][data][63]_i_24_n_0
    SLICE_X54Y137        LUT5 (Prop_lut5_I3_O)        0.105     7.500 r  i_kecc_aes_k_axi_top/i_axi2reg/i_axi_lite_to_reg/i_fifo_read/q[63]_i_3__9/O
                         net (fo=126, estimated)      0.423     7.923    i_kecc_aes_k_axi_top/i_axi2reg/i_axi_lite_to_reg/i_fifo_read/q[63]_i_3__9_n_0
    SLICE_X55Y137        LUT2 (Prop_lut2_I0_O)        0.105     8.028 r  i_kecc_aes_k_axi_top/i_axi2reg/i_axi_lite_to_reg/i_fifo_read/mem_q[0][data][63]_i_31/O
                         net (fo=6, estimated)        0.432     8.460    i_kecc_aes_k_axi_top/i_axi2reg/i_axi_lite_to_reg/i_fifo_read/mem_q[0][data][63]_i_31_n_0
    SLICE_X53Y142        LUT6 (Prop_lut6_I5_O)        0.105     8.565 f  i_kecc_aes_k_axi_top/i_axi2reg/i_axi_lite_to_reg/i_fifo_read/mem_q[0][error]_i_17/O
                         net (fo=1, estimated)        0.229     8.794    i_kecc_aes_k_axi_top/i_axi2reg/i_axi_lite_to_reg/i_fifo_read/mem_q[0][error]_i_17_n_0
    SLICE_X52Y143        LUT6 (Prop_lut6_I5_O)        0.105     8.899 f  i_kecc_aes_k_axi_top/i_axi2reg/i_axi_lite_to_reg/i_fifo_read/mem_q[0][error]_i_16/O
                         net (fo=1, estimated)        0.126     9.025    i_kecc_aes_k_axi_top/i_axi2reg/i_axi_lite_to_reg/i_fifo_read/mem_q[0][error]_i_16_n_0
    SLICE_X52Y143        LUT5 (Prop_lut5_I4_O)        0.105     9.130 r  i_kecc_aes_k_axi_top/i_axi2reg/i_axi_lite_to_reg/i_fifo_read/mem_q[0][error]_i_5/O
                         net (fo=22, estimated)       0.318     9.448    i_kecc_aes_k_axi_top/i_axi2reg/i_axi_lite_to_reg/i_fifo_read/mem_q[0][error]_i_5_n_0
    SLICE_X53Y143        LUT4 (Prop_lut4_I3_O)        0.105     9.553 f  i_kecc_aes_k_axi_top/i_axi2reg/i_axi_lite_to_reg/i_fifo_read/mem_q[0][error]_i_1/O
                         net (fo=15, estimated)       0.294     9.847    i_kecc_aes_k_axi_top/i_axi2reg/i_axi_lite_to_reg/i_fifo_read/mem_q[0][error]_i_5_0
    SLICE_X52Y141        LUT5 (Prop_lut5_I3_O)        0.105     9.952 r  i_kecc_aes_k_axi_top/i_axi2reg/i_axi_lite_to_reg/i_fifo_read/q[63]_i_3__20/O
                         net (fo=65, estimated)       1.189    11.141    i_kecc_aes_k_axi_top/i_axi2reg/i_axi_lite_to_reg/i_fifo_write_req/keccak_data_18_we
    SLICE_X36Y142        LUT3 (Prop_lut3_I2_O)        0.115    11.256 r  i_kecc_aes_k_axi_top/i_axi2reg/i_axi_lite_to_reg/i_fifo_write_req/wr_en_data_arb/q[23]_i_1__0/O
                         net (fo=1, estimated)        0.785    12.041    i_kecc_aes_k_axi_top/kecc_aes_k_axi_reg_top_i/u_keccak_data_18/q_reg[63]_0[23]
    SLICE_X34Y142        FDCE                                         r  i_kecc_aes_k_axi_top/kecc_aes_k_axi_reg_top_i/u_keccak_data_18/q_reg[23]/D
  -------------------------------------------------------------------    -------------------

                         (clock clk_i rise edge)     10.000    10.000 r  
                                                      0.000    10.000 r  clk_i (IN)
                         net (fo=6719, unset)         0.748    10.748    i_kecc_aes_k_axi_top/kecc_aes_k_axi_reg_top_i/u_keccak_data_18/clk_i
    SLICE_X34Y142        FDCE                                         r  i_kecc_aes_k_axi_top/kecc_aes_k_axi_reg_top_i/u_keccak_data_18/q_reg[23]/C
                         clock pessimism              0.000    10.748    
                         clock uncertainty           -0.035    10.712    
    SLICE_X34Y142        FDCE (Setup_fdce_C_D)       -0.203    10.509    i_kecc_aes_k_axi_top/kecc_aes_k_axi_reg_top_i/u_keccak_data_18/q_reg[23]
  -------------------------------------------------------------------
                         required time                         10.509    
                         arrival time                         -12.041    
  -------------------------------------------------------------------
                         slack                                 -1.532    

Slack (VIOLATED) :        -1.532ns  (required time - arrival time)
  Source:                 i_kecc_aes_k_axi_top/i_axi2reg/i_axi_to_axi_lite/i_axi_burst_splitter/i_demux_supported_vs_unsupported/gen_demux.gen_aw_id_counter.i_aw_id_counter/gen_counters[19].mst_select_q_reg[19][0]/C
                            (rising edge-triggered cell FDCE clocked by clk_i  {rise@0.000ns fall@5.000ns period=10.000ns})
  Destination:            i_kecc_aes_k_axi_top/kecc_aes_k_axi_reg_top_i/u_keccak_data_18/q_reg[23]/D
                            (rising edge-triggered cell FDCE clocked by clk_i  {rise@0.000ns fall@5.000ns period=10.000ns})
  Path Group:             clk_i
  Path Type:              Setup (Max at Slow Process Corner)
  Requirement:            10.000ns  (clk_i rise@10.000ns - clk_i rise@0.000ns)
  Data Path Delay:        11.254ns  (logic 2.715ns (24.125%)  route 8.539ns (75.875%))
  Logic Levels:           19  (LUT2=1 LUT3=1 LUT4=1 LUT5=9 LUT6=5 MUXF7=1 MUXF8=1)
  Clock Path Skew:        -0.039ns (DCD - SCD + CPR)
    Destination Clock Delay (DCD):    0.748ns = ( 10.748 - 10.000 ) 
    Source Clock Delay      (SCD):    0.787ns
    Clock Pessimism Removal (CPR):    0.000ns
  Clock Uncertainty:      0.035ns  ((TSJ^2 + TIJ^2)^1/2 + DJ) / 2 + PE
    Total System Jitter     (TSJ):    0.071ns
    Total Input Jitter      (TIJ):    0.000ns
    Discrete Jitter          (DJ):    0.000ns
    Phase Error              (PE):    0.000ns

    Location             Delay type                Incr(ns)  Path(ns)    Netlist Resource(s)
  -------------------------------------------------------------------    -------------------
                         (clock clk_i rise edge)      0.000     0.000 r  
                                                      0.000     0.000 r  clk_i (IN)
                         net (fo=6719, unset)         0.787     0.787    i_kecc_aes_k_axi_top/i_axi2reg/i_axi_to_axi_lite/i_axi_burst_splitter/i_demux_supported_vs_unsupported/gen_demux.gen_aw_id_counter.i_aw_id_counter/clk_i
    SLICE_X75Y131        FDCE                                         r  i_kecc_aes_k_axi_top/i_axi2reg/i_axi_to_axi_lite/i_axi_burst_splitter/i_demux_supported_vs_unsupported/gen_demux.gen_aw_id_counter.i_aw_id_counter/gen_counters[19].mst_select_q_reg[19][0]/C
  -------------------------------------------------------------------    -------------------
    SLICE_X75Y131        FDCE (Prop_fdce_C_Q)         0.348     1.135 r  i_kecc_aes_k_axi_top/i_axi2reg/i_axi_to_axi_lite/i_axi_burst_splitter/i_demux_supported_vs_unsupported/gen_demux.gen_aw_id_counter.i_aw_id_counter/gen_counters[19].mst_select_q_reg[19][0]/Q
                         net (fo=2, estimated)        0.689     1.824    i_kecc_aes_k_axi_top/i_axi2reg/i_axi_to_axi_lite/i_axi_burst_splitter/i_demux_supported_vs_unsupported/gen_demux.gen_aw_id_counter.i_aw_id_counter/gen_counters[19].mst_select_q_reg[19]_12
    SLICE_X74Y130        LUT6 (Prop_lut6_I0_O)        0.240     2.064 r  i_kecc_aes_k_axi_top/i_axi2reg/i_axi_to_axi_lite/i_axi_burst_splitter/i_demux_supported_vs_unsupported/gen_demux.gen_aw_id_counter.i_aw_id_counter/i__i_35/O
                         net (fo=1, routed)           0.000     2.064    i_kecc_aes_k_axi_top/i_axi2reg/i_axi_to_axi_lite/i_axi_burst_splitter/i_demux_supported_vs_unsupported/gen_demux.gen_aw_id_counter.i_aw_id_counter/i__i_35_n_0
    SLICE_X74Y130        MUXF7 (Prop_muxf7_I0_O)      0.201     2.265 r  i_kecc_aes_k_axi_top/i_axi2reg/i_axi_to_axi_lite/i_axi_burst_splitter/i_demux_supported_vs_unsupported/gen_demux.gen_aw_id_counter.i_aw_id_counter/i__i_15/O
                         net (fo=1, routed)           0.000     2.265    i_kecc_aes_k_axi_top/i_axi2reg/i_axi_to_axi_lite/i_axi_burst_splitter/i_demux_supported_vs_unsupported/gen_demux.gen_aw_id_counter.i_aw_id_counter/i__i_15_n_0
    SLICE_X74Y130        MUXF8 (Prop_muxf8_I0_O)      0.082     2.347 r  i_kecc_aes_k_axi_top/i_axi2reg/i_axi_to_axi_lite/i_axi_burst_splitter/i_demux_supported_vs_unsupported/gen_demux.gen_aw_id_counter.i_aw_id_counter/i__i_5/O
                         net (fo=1, estimated)        0.898     3.245    i_kecc_aes_k_axi_top/i_axi2reg/i_axi_to_axi_lite/i_axi_burst_splitter/i_demux_supported_vs_unsupported/gen_demux.gen_aw_id_counter.i_aw_id_counter/gen_counters[3].i_in_flight_cnt/i___33
    SLICE_X66Y129        LUT6 (Prop_lut6_I1_O)        0.259     3.504 r  i_kecc_aes_k_axi_top/i_axi2reg/i_axi_to_axi_lite/i_axi_burst_splitter/i_demux_supported_vs_unsupported/gen_demux.gen_aw_id_counter.i_aw_id_counter/gen_counters[3].i_in_flight_cnt/i__i_1__2__0/O
                         net (fo=2, estimated)        0.238     3.742    i_kecc_aes_k_axi_top/i_axi2reg/i_axi_to_axi_lite_n_170
    SLICE_X67Y130        LUT5 (Prop_lut5_I0_O)        0.105     3.847 r  i_kecc_aes_k_axi_top/i_axi2reg/i___80/O
                         net (fo=4, estimated)        0.259     4.106    i_kecc_aes_k_axi_top/i_axi2reg/i_axi_to_axi_lite/i_axi_burst_splitter/i_demux_supported_vs_unsupported/gen_demux.gen_aw_id_counter.i_aw_id_counter/gen_counters[3].i_in_flight_cnt/gen_demux.lock_aw_valid_q_reg_2
    SLICE_X63Y130        LUT5 (Prop_lut5_I2_O)        0.105     4.211 r  i_kecc_aes_k_axi_top/i_axi2reg/i_axi_to_axi_lite/i_axi_burst_splitter/i_demux_supported_vs_unsupported/gen_demux.gen_aw_id_counter.i_aw_id_counter/gen_counters[3].i_in_flight_cnt/i__i_4__6/O
                         net (fo=21, estimated)       0.303     4.514    i_kecc_aes_k_axi_top/i_axi2reg/i_axi_burst_splitter/i_axi_burst_splitter_aw_chan/state_d0
    SLICE_X65Y130        LUT5 (Prop_lut5_I4_O)        0.105     4.619 f  i_kecc_aes_k_axi_top/i_axi2reg/i__i_3__0/O
                         net (fo=2, estimated)        0.240     4.859    i_kecc_aes_k_axi_top/i_axi2reg/i__i_3__0_n_0
    SLICE_X64Y131        LUT5 (Prop_lut5_I2_O)        0.105     4.964 f  i_kecc_aes_k_axi_top/i_axi2reg/i__i_1__2/O
                         net (fo=3, estimated)        0.451     5.415    i_kecc_aes_k_axi_top/i_axi2reg/i__i_1__2_n_0
    SLICE_X61Y131        LUT6 (Prop_lut6_I0_O)        0.105     5.520 f  i_kecc_aes_k_axi_top/i_axi2reg/i__i_2__2/O
                         net (fo=1407, estimated)     0.635     6.155    i_kecc_aes_k_axi_top/i_axi2reg/i__i_2__2_n_0
    SLICE_X57Y135        LUT5 (Prop_lut5_I3_O)        0.105     6.260 r  i_kecc_aes_k_axi_top/i_axi2reg/mem_q[0][data][63]_i_20/O
                         net (fo=16, estimated)       0.707     6.967    i_kecc_aes_k_axi_top/i_axi2reg/i_axi_lite_to_reg/i_fifo_read/reg_req_i[addr][7]
    SLICE_X56Y136        LUT5 (Prop_lut5_I0_O)        0.105     7.072 r  i_kecc_aes_k_axi_top/i_axi2reg/i_axi_lite_to_reg/i_fifo_read/mem_q[0][data][63]_i_24/O
                         net (fo=18, estimated)       0.323     7.395    i_kecc_aes_k_axi_top/i_axi2reg/i_axi_lite_to_reg/i_fifo_read/mem_q[0][data][63]_i_24_n_0
    SLICE_X54Y137        LUT5 (Prop_lut5_I3_O)        0.105     7.500 r  i_kecc_aes_k_axi_top/i_axi2reg/i_axi_lite_to_reg/i_fifo_read/q[63]_i_3__9/O
                         net (fo=126, estimated)      0.423     7.923    i_kecc_aes_k_axi_top/i_axi2reg/i_axi_lite_to_reg/i_fifo_read/q[63]_i_3__9_n_0
    SLICE_X55Y137        LUT2 (Prop_lut2_I0_O)        0.105     8.028 r  i_kecc_aes_k_axi_top/i_axi2reg/i_axi_lite_to_reg/i_fifo_read/mem_q[0][data][63]_i_31/O
                         net (fo=6, estimated)        0.432     8.460    i_kecc_aes_k_axi_top/i_axi2reg/i_axi_lite_to_reg/i_fifo_read/mem_q[0][data][63]_i_31_n_0
    SLICE_X53Y142        LUT6 (Prop_lut6_I5_O)        0.105     8.565 f  i_kecc_aes_k_axi_top/i_axi2reg/i_axi_lite_to_reg/i_fifo_read/mem_q[0][error]_i_17/O
                         net (fo=1, estimated)        0.229     8.794    i_kecc_aes_k_axi_top/i_axi2reg/i_axi_lite_to_reg/i_fifo_read/mem_q[0][error]_i_17_n_0
    SLICE_X52Y143        LUT6 (Prop_lut6_I5_O)        0.105     8.899 f  i_kecc_aes_k_axi_top/i_axi2reg/i_axi_lite_to_reg/i_fifo_read/mem_q[0][error]_i_16/O
                         net (fo=1, estimated)        0.126     9.025    i_kecc_aes_k_axi_top/i_axi2reg/i_axi_lite_to_reg/i_fifo_read/mem_q[0][error]_i_16_n_0
    SLICE_X52Y143        LUT5 (Prop_lut5_I4_O)        0.105     9.130 r  i_kecc_aes_k_axi_top/i_axi2reg/i_axi_lite_to_reg/i_fifo_read/mem_q[0][error]_i_5/O
                         net (fo=22, estimated)       0.318     9.448    i_kecc_aes_k_axi_top/i_axi2reg/i_axi_lite_to_reg/i_fifo_read/mem_q[0][error]_i_5_n_0
    SLICE_X53Y143        LUT4 (Prop_lut4_I3_O)        0.105     9.553 f  i_kecc_aes_k_axi_top/i_axi2reg/i_axi_lite_to_reg/i_fifo_read/mem_q[0][error]_i_1/O
                         net (fo=15, estimated)       0.294     9.847    i_kecc_aes_k_axi_top/i_axi2reg/i_axi_lite_to_reg/i_fifo_read/mem_q[0][error]_i_5_0
    SLICE_X52Y141        LUT5 (Prop_lut5_I3_O)        0.105     9.952 r  i_kecc_aes_k_axi_top/i_axi2reg/i_axi_lite_to_reg/i_fifo_read/q[63]_i_3__20/O
                         net (fo=65, estimated)       1.189    11.141    i_kecc_aes_k_axi_top/i_axi2reg/i_axi_lite_to_reg/i_fifo_write_req/keccak_data_18_we
    SLICE_X36Y142        LUT3 (Prop_lut3_I2_O)        0.115    11.256 r  i_kecc_aes_k_axi_top/i_axi2reg/i_axi_lite_to_reg/i_fifo_write_req/wr_en_data_arb/q[23]_i_1__0/O
                         net (fo=1, estimated)        0.785    12.041    i_kecc_aes_k_axi_top/kecc_aes_k_axi_reg_top_i/u_keccak_data_18/q_reg[63]_0[23]
    SLICE_X34Y142        FDCE                                         r  i_kecc_aes_k_axi_top/kecc_aes_k_axi_reg_top_i/u_keccak_data_18/q_reg[23]/D
  -------------------------------------------------------------------    -------------------

                         (clock clk_i rise edge)     10.000    10.000 r  
                                                      0.000    10.000 r  clk_i (IN)
                         net (fo=6719, unset)         0.748    10.748    i_kecc_aes_k_axi_top/kecc_aes_k_axi_reg_top_i/u_keccak_data_18/clk_i
    SLICE_X34Y142        FDCE                                         r  i_kecc_aes_k_axi_top/kecc_aes_k_axi_reg_top_i/u_keccak_data_18/q_reg[23]/C
                         clock pessimism              0.000    10.748    
                         clock uncertainty           -0.035    10.712    
    SLICE_X34Y142        FDCE (Setup_fdce_C_D)       -0.203    10.509    i_kecc_aes_k_axi_top/kecc_aes_k_axi_reg_top_i/u_keccak_data_18/q_reg[23]
  -------------------------------------------------------------------
                         required time                         10.509    
                         arrival time                         -12.041    
  -------------------------------------------------------------------
                         slack                                 -1.532    

Slack (VIOLATED) :        -1.532ns  (required time - arrival time)
  Source:                 i_kecc_aes_k_axi_top/i_axi2reg/i_axi_to_axi_lite/i_axi_burst_splitter/i_demux_supported_vs_unsupported/gen_demux.gen_aw_id_counter.i_aw_id_counter/gen_counters[19].mst_select_q_reg[19][0]/C
                            (rising edge-triggered cell FDCE clocked by clk_i  {rise@0.000ns fall@5.000ns period=10.000ns})
  Destination:            i_kecc_aes_k_axi_top/kecc_aes_k_axi_reg_top_i/u_keccak_data_18/q_reg[23]/D
                            (rising edge-triggered cell FDCE clocked by clk_i  {rise@0.000ns fall@5.000ns period=10.000ns})
  Path Group:             clk_i
  Path Type:              Setup (Max at Slow Process Corner)
  Requirement:            10.000ns  (clk_i rise@10.000ns - clk_i rise@0.000ns)
  Data Path Delay:        11.254ns  (logic 2.715ns (24.125%)  route 8.539ns (75.875%))
  Logic Levels:           19  (LUT2=1 LUT3=1 LUT4=1 LUT5=9 LUT6=5 MUXF7=1 MUXF8=1)
  Clock Path Skew:        -0.039ns (DCD - SCD + CPR)
    Destination Clock Delay (DCD):    0.748ns = ( 10.748 - 10.000 ) 
    Source Clock Delay      (SCD):    0.787ns
    Clock Pessimism Removal (CPR):    0.000ns
  Clock Uncertainty:      0.035ns  ((TSJ^2 + TIJ^2)^1/2 + DJ) / 2 + PE
    Total System Jitter     (TSJ):    0.071ns
    Total Input Jitter      (TIJ):    0.000ns
    Discrete Jitter          (DJ):    0.000ns
    Phase Error              (PE):    0.000ns

    Location             Delay type                Incr(ns)  Path(ns)    Netlist Resource(s)
  -------------------------------------------------------------------    -------------------
                         (clock clk_i rise edge)      0.000     0.000 r  
                                                      0.000     0.000 r  clk_i (IN)
                         net (fo=6719, unset)         0.787     0.787    i_kecc_aes_k_axi_top/i_axi2reg/i_axi_to_axi_lite/i_axi_burst_splitter/i_demux_supported_vs_unsupported/gen_demux.gen_aw_id_counter.i_aw_id_counter/clk_i
    SLICE_X75Y131        FDCE                                         r  i_kecc_aes_k_axi_top/i_axi2reg/i_axi_to_axi_lite/i_axi_burst_splitter/i_demux_supported_vs_unsupported/gen_demux.gen_aw_id_counter.i_aw_id_counter/gen_counters[19].mst_select_q_reg[19][0]/C
  -------------------------------------------------------------------    -------------------
    SLICE_X75Y131        FDCE (Prop_fdce_C_Q)         0.348     1.135 f  i_kecc_aes_k_axi_top/i_axi2reg/i_axi_to_axi_lite/i_axi_burst_splitter/i_demux_supported_vs_unsupported/gen_demux.gen_aw_id_counter.i_aw_id_counter/gen_counters[19].mst_select_q_reg[19][0]/Q
                         net (fo=2, estimated)        0.689     1.824    i_kecc_aes_k_axi_top/i_axi2reg/i_axi_to_axi_lite/i_axi_burst_splitter/i_demux_supported_vs_unsupported/gen_demux.gen_aw_id_counter.i_aw_id_counter/gen_counters[19].mst_select_q_reg[19]_12
    SLICE_X74Y130        LUT6 (Prop_lut6_I0_O)        0.240     2.064 f  i_kecc_aes_k_axi_top/i_axi2reg/i_axi_to_axi_lite/i_axi_burst_splitter/i_demux_supported_vs_unsupported/gen_demux.gen_aw_id_counter.i_aw_id_counter/i__i_35/O
                         net (fo=1, routed)           0.000     2.064    i_kecc_aes_k_axi_top/i_axi2reg/i_axi_to_axi_lite/i_axi_burst_splitter/i_demux_supported_vs_unsupported/gen_demux.gen_aw_id_counter.i_aw_id_counter/i__i_35_n_0
    SLICE_X74Y130        MUXF7 (Prop_muxf7_I0_O)      0.201     2.265 f  i_kecc_aes_k_axi_top/i_axi2reg/i_axi_to_axi_lite/i_axi_burst_splitter/i_demux_supported_vs_unsupported/gen_demux.gen_aw_id_counter.i_aw_id_counter/i__i_15/O
                         net (fo=1, routed)           0.000     2.265    i_kecc_aes_k_axi_top/i_axi2reg/i_axi_to_axi_lite/i_axi_burst_splitter/i_demux_supported_vs_unsupported/gen_demux.gen_aw_id_counter.i_aw_id_counter/i__i_15_n_0
    SLICE_X74Y130        MUXF8 (Prop_muxf8_I0_O)      0.082     2.347 f  i_kecc_aes_k_axi_top/i_axi2reg/i_axi_to_axi_lite/i_axi_burst_splitter/i_demux_supported_vs_unsupported/gen_demux.gen_aw_id_counter.i_aw_id_counter/i__i_5/O
                         net (fo=1, estimated)        0.898     3.245    i_kecc_aes_k_axi_top/i_axi2reg/i_axi_to_axi_lite/i_axi_burst_splitter/i_demux_supported_vs_unsupported/gen_demux.gen_aw_id_counter.i_aw_id_counter/gen_counters[3].i_in_flight_cnt/i___33
    SLICE_X66Y129        LUT6 (Prop_lut6_I1_O)        0.259     3.504 r  i_kecc_aes_k_axi_top/i_axi2reg/i_axi_to_axi_lite/i_axi_burst_splitter/i_demux_supported_vs_unsupported/gen_demux.gen_aw_id_counter.i_aw_id_counter/gen_counters[3].i_in_flight_cnt/i__i_1__2__0/O
                         net (fo=2, estimated)        0.238     3.742    i_kecc_aes_k_axi_top/i_axi2reg/i_axi_to_axi_lite_n_170
    SLICE_X67Y130        LUT5 (Prop_lut5_I0_O)        0.105     3.847 r  i_kecc_aes_k_axi_top/i_axi2reg/i___80/O
                         net (fo=4, estimated)        0.259     4.106    i_kecc_aes_k_axi_top/i_axi2reg/i_axi_to_axi_lite/i_axi_burst_splitter/i_demux_supported_vs_unsupported/gen_demux.gen_aw_id_counter.i_aw_id_counter/gen_counters[3].i_in_flight_cnt/gen_demux.lock_aw_valid_q_reg_2
    SLICE_X63Y130        LUT5 (Prop_lut5_I2_O)        0.105     4.211 r  i_kecc_aes_k_axi_top/i_axi2reg/i_axi_to_axi_lite/i_axi_burst_splitter/i_demux_supported_vs_unsupported/gen_demux.gen_aw_id_counter.i_aw_id_counter/gen_counters[3].i_in_flight_cnt/i__i_4__6/O
                         net (fo=21, estimated)       0.303     4.514    i_kecc_aes_k_axi_top/i_axi2reg/i_axi_burst_splitter/i_axi_burst_splitter_aw_chan/state_d0
    SLICE_X65Y130        LUT5 (Prop_lut5_I4_O)        0.105     4.619 f  i_kecc_aes_k_axi_top/i_axi2reg/i__i_3__0/O
                         net (fo=2, estimated)        0.240     4.859    i_kecc_aes_k_axi_top/i_axi2reg/i__i_3__0_n_0
    SLICE_X64Y131        LUT5 (Prop_lut5_I2_O)        0.105     4.964 f  i_kecc_aes_k_axi_top/i_axi2reg/i__i_1__2/O
                         net (fo=3, estimated)        0.451     5.415    i_kecc_aes_k_axi_top/i_axi2reg/i__i_1__2_n_0
    SLICE_X61Y131        LUT6 (Prop_lut6_I0_O)        0.105     5.520 f  i_kecc_aes_k_axi_top/i_axi2reg/i__i_2__2/O
                         net (fo=1407, estimated)     0.635     6.155    i_kecc_aes_k_axi_top/i_axi2reg/i__i_2__2_n_0
    SLICE_X57Y135        LUT5 (Prop_lut5_I3_O)        0.105     6.260 r  i_kecc_aes_k_axi_top/i_axi2reg/mem_q[0][data][63]_i_20/O
                         net (fo=16, estimated)       0.707     6.967    i_kecc_aes_k_axi_top/i_axi2reg/i_axi_lite_to_reg/i_fifo_read/reg_req_i[addr][7]
    SLICE_X56Y136        LUT5 (Prop_lut5_I0_O)        0.105     7.072 r  i_kecc_aes_k_axi_top/i_axi2reg/i_axi_lite_to_reg/i_fifo_read/mem_q[0][data][63]_i_24/O
                         net (fo=18, estimated)       0.323     7.395    i_kecc_aes_k_axi_top/i_axi2reg/i_axi_lite_to_reg/i_fifo_read/mem_q[0][data][63]_i_24_n_0
    SLICE_X54Y137        LUT5 (Prop_lut5_I3_O)        0.105     7.500 r  i_kecc_aes_k_axi_top/i_axi2reg/i_axi_lite_to_reg/i_fifo_read/q[63]_i_3__9/O
                         net (fo=126, estimated)      0.423     7.923    i_kecc_aes_k_axi_top/i_axi2reg/i_axi_lite_to_reg/i_fifo_read/q[63]_i_3__9_n_0
    SLICE_X55Y137        LUT2 (Prop_lut2_I0_O)        0.105     8.028 r  i_kecc_aes_k_axi_top/i_axi2reg/i_axi_lite_to_reg/i_fifo_read/mem_q[0][data][63]_i_31/O
                         net (fo=6, estimated)        0.432     8.460    i_kecc_aes_k_axi_top/i_axi2reg/i_axi_lite_to_reg/i_fifo_read/mem_q[0][data][63]_i_31_n_0
    SLICE_X53Y142        LUT6 (Prop_lut6_I5_O)        0.105     8.565 f  i_kecc_aes_k_axi_top/i_axi2reg/i_axi_lite_to_reg/i_fifo_read/mem_q[0][error]_i_17/O
                         net (fo=1, estimated)        0.229     8.794    i_kecc_aes_k_axi_top/i_axi2reg/i_axi_lite_to_reg/i_fifo_read/mem_q[0][error]_i_17_n_0
    SLICE_X52Y143        LUT6 (Prop_lut6_I5_O)        0.105     8.899 f  i_kecc_aes_k_axi_top/i_axi2reg/i_axi_lite_to_reg/i_fifo_read/mem_q[0][error]_i_16/O
                         net (fo=1, estimated)        0.126     9.025    i_kecc_aes_k_axi_top/i_axi2reg/i_axi_lite_to_reg/i_fifo_read/mem_q[0][error]_i_16_n_0
    SLICE_X52Y143        LUT5 (Prop_lut5_I4_O)        0.105     9.130 r  i_kecc_aes_k_axi_top/i_axi2reg/i_axi_lite_to_reg/i_fifo_read/mem_q[0][error]_i_5/O
                         net (fo=22, estimated)       0.318     9.448    i_kecc_aes_k_axi_top/i_axi2reg/i_axi_lite_to_reg/i_fifo_read/mem_q[0][error]_i_5_n_0
    SLICE_X53Y143        LUT4 (Prop_lut4_I3_O)        0.105     9.553 f  i_kecc_aes_k_axi_top/i_axi2reg/i_axi_lite_to_reg/i_fifo_read/mem_q[0][error]_i_1/O
                         net (fo=15, estimated)       0.294     9.847    i_kecc_aes_k_axi_top/i_axi2reg/i_axi_lite_to_reg/i_fifo_read/mem_q[0][error]_i_5_0
    SLICE_X52Y141        LUT5 (Prop_lut5_I3_O)        0.105     9.952 r  i_kecc_aes_k_axi_top/i_axi2reg/i_axi_lite_to_reg/i_fifo_read/q[63]_i_3__20/O
                         net (fo=65, estimated)       1.189    11.141    i_kecc_aes_k_axi_top/i_axi2reg/i_axi_lite_to_reg/i_fifo_write_req/keccak_data_18_we
    SLICE_X36Y142        LUT3 (Prop_lut3_I2_O)        0.115    11.256 r  i_kecc_aes_k_axi_top/i_axi2reg/i_axi_lite_to_reg/i_fifo_write_req/wr_en_data_arb/q[23]_i_1__0/O
                         net (fo=1, estimated)        0.785    12.041    i_kecc_aes_k_axi_top/kecc_aes_k_axi_reg_top_i/u_keccak_data_18/q_reg[63]_0[23]
    SLICE_X34Y142        FDCE                                         r  i_kecc_aes_k_axi_top/kecc_aes_k_axi_reg_top_i/u_keccak_data_18/q_reg[23]/D
  -------------------------------------------------------------------    -------------------

                         (clock clk_i rise edge)     10.000    10.000 r  
                                                      0.000    10.000 r  clk_i (IN)
                         net (fo=6719, unset)         0.748    10.748    i_kecc_aes_k_axi_top/kecc_aes_k_axi_reg_top_i/u_keccak_data_18/clk_i
    SLICE_X34Y142        FDCE                                         r  i_kecc_aes_k_axi_top/kecc_aes_k_axi_reg_top_i/u_keccak_data_18/q_reg[23]/C
                         clock pessimism              0.000    10.748    
                         clock uncertainty           -0.035    10.712    
    SLICE_X34Y142        FDCE (Setup_fdce_C_D)       -0.203    10.509    i_kecc_aes_k_axi_top/kecc_aes_k_axi_reg_top_i/u_keccak_data_18/q_reg[23]
  -------------------------------------------------------------------
                         required time                         10.509    
                         arrival time                         -12.041    
  -------------------------------------------------------------------
                         slack                                 -1.532    

Slack (VIOLATED) :        -1.532ns  (required time - arrival time)
  Source:                 i_kecc_aes_k_axi_top/i_axi2reg/i_axi_to_axi_lite/i_axi_burst_splitter/i_demux_supported_vs_unsupported/gen_demux.gen_aw_id_counter.i_aw_id_counter/gen_counters[19].mst_select_q_reg[19][0]/C
                            (rising edge-triggered cell FDCE clocked by clk_i  {rise@0.000ns fall@5.000ns period=10.000ns})
  Destination:            i_kecc_aes_k_axi_top/kecc_aes_k_axi_reg_top_i/u_keccak_data_18/q_reg[23]/D
                            (rising edge-triggered cell FDCE clocked by clk_i  {rise@0.000ns fall@5.000ns period=10.000ns})
  Path Group:             clk_i
  Path Type:              Setup (Max at Slow Process Corner)
  Requirement:            10.000ns  (clk_i rise@10.000ns - clk_i rise@0.000ns)
  Data Path Delay:        11.254ns  (logic 2.715ns (24.125%)  route 8.539ns (75.875%))
  Logic Levels:           19  (LUT2=1 LUT3=1 LUT4=1 LUT5=9 LUT6=5 MUXF7=1 MUXF8=1)
  Clock Path Skew:        -0.039ns (DCD - SCD + CPR)
    Destination Clock Delay (DCD):    0.748ns = ( 10.748 - 10.000 ) 
    Source Clock Delay      (SCD):    0.787ns
    Clock Pessimism Removal (CPR):    0.000ns
  Clock Uncertainty:      0.035ns  ((TSJ^2 + TIJ^2)^1/2 + DJ) / 2 + PE
    Total System Jitter     (TSJ):    0.071ns
    Total Input Jitter      (TIJ):    0.000ns
    Discrete Jitter          (DJ):    0.000ns
    Phase Error              (PE):    0.000ns

    Location             Delay type                Incr(ns)  Path(ns)    Netlist Resource(s)
  -------------------------------------------------------------------    -------------------
                         (clock clk_i rise edge)      0.000     0.000 r  
                                                      0.000     0.000 r  clk_i (IN)
                         net (fo=6719, unset)         0.787     0.787    i_kecc_aes_k_axi_top/i_axi2reg/i_axi_to_axi_lite/i_axi_burst_splitter/i_demux_supported_vs_unsupported/gen_demux.gen_aw_id_counter.i_aw_id_counter/clk_i
    SLICE_X75Y131        FDCE                                         r  i_kecc_aes_k_axi_top/i_axi2reg/i_axi_to_axi_lite/i_axi_burst_splitter/i_demux_supported_vs_unsupported/gen_demux.gen_aw_id_counter.i_aw_id_counter/gen_counters[19].mst_select_q_reg[19][0]/C
  -------------------------------------------------------------------    -------------------
    SLICE_X75Y131        FDCE (Prop_fdce_C_Q)         0.348     1.135 r  i_kecc_aes_k_axi_top/i_axi2reg/i_axi_to_axi_lite/i_axi_burst_splitter/i_demux_supported_vs_unsupported/gen_demux.gen_aw_id_counter.i_aw_id_counter/gen_counters[19].mst_select_q_reg[19][0]/Q
                         net (fo=2, estimated)        0.689     1.824    i_kecc_aes_k_axi_top/i_axi2reg/i_axi_to_axi_lite/i_axi_burst_splitter/i_demux_supported_vs_unsupported/gen_demux.gen_aw_id_counter.i_aw_id_counter/gen_counters[19].mst_select_q_reg[19]_12
    SLICE_X74Y130        LUT6 (Prop_lut6_I0_O)        0.240     2.064 r  i_kecc_aes_k_axi_top/i_axi2reg/i_axi_to_axi_lite/i_axi_burst_splitter/i_demux_supported_vs_unsupported/gen_demux.gen_aw_id_counter.i_aw_id_counter/i__i_35/O
                         net (fo=1, routed)           0.000     2.064    i_kecc_aes_k_axi_top/i_axi2reg/i_axi_to_axi_lite/i_axi_burst_splitter/i_demux_supported_vs_unsupported/gen_demux.gen_aw_id_counter.i_aw_id_counter/i__i_35_n_0
    SLICE_X74Y130        MUXF7 (Prop_muxf7_I0_O)      0.201     2.265 r  i_kecc_aes_k_axi_top/i_axi2reg/i_axi_to_axi_lite/i_axi_burst_splitter/i_demux_supported_vs_unsupported/gen_demux.gen_aw_id_counter.i_aw_id_counter/i__i_15/O
                         net (fo=1, routed)           0.000     2.265    i_kecc_aes_k_axi_top/i_axi2reg/i_axi_to_axi_lite/i_axi_burst_splitter/i_demux_supported_vs_unsupported/gen_demux.gen_aw_id_counter.i_aw_id_counter/i__i_15_n_0
    SLICE_X74Y130        MUXF8 (Prop_muxf8_I0_O)      0.082     2.347 r  i_kecc_aes_k_axi_top/i_axi2reg/i_axi_to_axi_lite/i_axi_burst_splitter/i_demux_supported_vs_unsupported/gen_demux.gen_aw_id_counter.i_aw_id_counter/i__i_5/O
                         net (fo=1, estimated)        0.898     3.245    i_kecc_aes_k_axi_top/i_axi2reg/i_axi_to_axi_lite/i_axi_burst_splitter/i_demux_supported_vs_unsupported/gen_demux.gen_aw_id_counter.i_aw_id_counter/gen_counters[3].i_in_flight_cnt/i___33
    SLICE_X66Y129        LUT6 (Prop_lut6_I1_O)        0.259     3.504 f  i_kecc_aes_k_axi_top/i_axi2reg/i_axi_to_axi_lite/i_axi_burst_splitter/i_demux_supported_vs_unsupported/gen_demux.gen_aw_id_counter.i_aw_id_counter/gen_counters[3].i_in_flight_cnt/i__i_1__2__0/O
                         net (fo=2, estimated)        0.238     3.742    i_kecc_aes_k_axi_top/i_axi2reg/i_axi_to_axi_lite_n_170
    SLICE_X67Y130        LUT5 (Prop_lut5_I0_O)        0.105     3.847 f  i_kecc_aes_k_axi_top/i_axi2reg/i___80/O
                         net (fo=4, estimated)        0.259     4.106    i_kecc_aes_k_axi_top/i_axi2reg/i_axi_to_axi_lite/i_axi_burst_splitter/i_demux_supported_vs_unsupported/gen_demux.gen_aw_id_counter.i_aw_id_counter/gen_counters[3].i_in_flight_cnt/gen_demux.lock_aw_valid_q_reg_2
    SLICE_X63Y130        LUT5 (Prop_lut5_I2_O)        0.105     4.211 f  i_kecc_aes_k_axi_top/i_axi2reg/i_axi_to_axi_lite/i_axi_burst_splitter/i_demux_supported_vs_unsupported/gen_demux.gen_aw_id_counter.i_aw_id_counter/gen_counters[3].i_in_flight_cnt/i__i_4__6/O
                         net (fo=21, estimated)       0.303     4.514    i_kecc_aes_k_axi_top/i_axi2reg/i_axi_burst_splitter/i_axi_burst_splitter_aw_chan/state_d0
    SLICE_X65Y130        LUT5 (Prop_lut5_I4_O)        0.105     4.619 r  i_kecc_aes_k_axi_top/i_axi2reg/i__i_3__0/O
                         net (fo=2, estimated)        0.240     4.859    i_kecc_aes_k_axi_top/i_axi2reg/i__i_3__0_n_0
    SLICE_X64Y131        LUT5 (Prop_lut5_I2_O)        0.105     4.964 r  i_kecc_aes_k_axi_top/i_axi2reg/i__i_1__2/O
                         net (fo=3, estimated)        0.451     5.415    i_kecc_aes_k_axi_top/i_axi2reg/i__i_1__2_n_0
    SLICE_X61Y131        LUT6 (Prop_lut6_I0_O)        0.105     5.520 r  i_kecc_aes_k_axi_top/i_axi2reg/i__i_2__2/O
                         net (fo=1407, estimated)     0.635     6.155    i_kecc_aes_k_axi_top/i_axi2reg/i__i_2__2_n_0
    SLICE_X57Y135        LUT5 (Prop_lut5_I3_O)        0.105     6.260 f  i_kecc_aes_k_axi_top/i_axi2reg/mem_q[0][data][63]_i_20/O
                         net (fo=16, estimated)       0.707     6.967    i_kecc_aes_k_axi_top/i_axi2reg/i_axi_lite_to_reg/i_fifo_read/reg_req_i[addr][7]
    SLICE_X56Y136        LUT5 (Prop_lut5_I0_O)        0.105     7.072 f  i_kecc_aes_k_axi_top/i_axi2reg/i_axi_lite_to_reg/i_fifo_read/mem_q[0][data][63]_i_24/O
                         net (fo=18, estimated)       0.323     7.395    i_kecc_aes_k_axi_top/i_axi2reg/i_axi_lite_to_reg/i_fifo_read/mem_q[0][data][63]_i_24_n_0
    SLICE_X54Y137        LUT5 (Prop_lut5_I3_O)        0.105     7.500 f  i_kecc_aes_k_axi_top/i_axi2reg/i_axi_lite_to_reg/i_fifo_read/q[63]_i_3__9/O
                         net (fo=126, estimated)      0.423     7.923    i_kecc_aes_k_axi_top/i_axi2reg/i_axi_lite_to_reg/i_fifo_read/q[63]_i_3__9_n_0
    SLICE_X55Y137        LUT2 (Prop_lut2_I0_O)        0.105     8.028 f  i_kecc_aes_k_axi_top/i_axi2reg/i_axi_lite_to_reg/i_fifo_read/mem_q[0][data][63]_i_31/O
                         net (fo=6, estimated)        0.432     8.460    i_kecc_aes_k_axi_top/i_axi2reg/i_axi_lite_to_reg/i_fifo_read/mem_q[0][data][63]_i_31_n_0
    SLICE_X53Y142        LUT6 (Prop_lut6_I5_O)        0.105     8.565 r  i_kecc_aes_k_axi_top/i_axi2reg/i_axi_lite_to_reg/i_fifo_read/mem_q[0][error]_i_17/O
                         net (fo=1, estimated)        0.229     8.794    i_kecc_aes_k_axi_top/i_axi2reg/i_axi_lite_to_reg/i_fifo_read/mem_q[0][error]_i_17_n_0
    SLICE_X52Y143        LUT6 (Prop_lut6_I5_O)        0.105     8.899 r  i_kecc_aes_k_axi_top/i_axi2reg/i_axi_lite_to_reg/i_fifo_read/mem_q[0][error]_i_16/O
                         net (fo=1, estimated)        0.126     9.025    i_kecc_aes_k_axi_top/i_axi2reg/i_axi_lite_to_reg/i_fifo_read/mem_q[0][error]_i_16_n_0
    SLICE_X52Y143        LUT5 (Prop_lut5_I4_O)        0.105     9.130 f  i_kecc_aes_k_axi_top/i_axi2reg/i_axi_lite_to_reg/i_fifo_read/mem_q[0][error]_i_5/O
                         net (fo=22, estimated)       0.318     9.448    i_kecc_aes_k_axi_top/i_axi2reg/i_axi_lite_to_reg/i_fifo_read/mem_q[0][error]_i_5_n_0
    SLICE_X53Y143        LUT4 (Prop_lut4_I3_O)        0.105     9.553 f  i_kecc_aes_k_axi_top/i_axi2reg/i_axi_lite_to_reg/i_fifo_read/mem_q[0][error]_i_1/O
                         net (fo=15, estimated)       0.294     9.847    i_kecc_aes_k_axi_top/i_axi2reg/i_axi_lite_to_reg/i_fifo_read/mem_q[0][error]_i_5_0
    SLICE_X52Y141        LUT5 (Prop_lut5_I3_O)        0.105     9.952 r  i_kecc_aes_k_axi_top/i_axi2reg/i_axi_lite_to_reg/i_fifo_read/q[63]_i_3__20/O
                         net (fo=65, estimated)       1.189    11.141    i_kecc_aes_k_axi_top/i_axi2reg/i_axi_lite_to_reg/i_fifo_write_req/keccak_data_18_we
    SLICE_X36Y142        LUT3 (Prop_lut3_I2_O)        0.115    11.256 r  i_kecc_aes_k_axi_top/i_axi2reg/i_axi_lite_to_reg/i_fifo_write_req/wr_en_data_arb/q[23]_i_1__0/O
                         net (fo=1, estimated)        0.785    12.041    i_kecc_aes_k_axi_top/kecc_aes_k_axi_reg_top_i/u_keccak_data_18/q_reg[63]_0[23]
    SLICE_X34Y142        FDCE                                         r  i_kecc_aes_k_axi_top/kecc_aes_k_axi_reg_top_i/u_keccak_data_18/q_reg[23]/D
  -------------------------------------------------------------------    -------------------

                         (clock clk_i rise edge)     10.000    10.000 r  
                                                      0.000    10.000 r  clk_i (IN)
                         net (fo=6719, unset)         0.748    10.748    i_kecc_aes_k_axi_top/kecc_aes_k_axi_reg_top_i/u_keccak_data_18/clk_i
    SLICE_X34Y142        FDCE                                         r  i_kecc_aes_k_axi_top/kecc_aes_k_axi_reg_top_i/u_keccak_data_18/q_reg[23]/C
                         clock pessimism              0.000    10.748    
                         clock uncertainty           -0.035    10.712    
    SLICE_X34Y142        FDCE (Setup_fdce_C_D)       -0.203    10.509    i_kecc_aes_k_axi_top/kecc_aes_k_axi_reg_top_i/u_keccak_data_18/q_reg[23]
  -------------------------------------------------------------------
                         required time                         10.509    
                         arrival time                         -12.041    
  -------------------------------------------------------------------
                         slack                                 -1.532    

Slack (VIOLATED) :        -1.532ns  (required time - arrival time)
  Source:                 i_kecc_aes_k_axi_top/i_axi2reg/i_axi_to_axi_lite/i_axi_burst_splitter/i_demux_supported_vs_unsupported/gen_demux.gen_aw_id_counter.i_aw_id_counter/gen_counters[19].mst_select_q_reg[19][0]/C
                            (rising edge-triggered cell FDCE clocked by clk_i  {rise@0.000ns fall@5.000ns period=10.000ns})
  Destination:            i_kecc_aes_k_axi_top/kecc_aes_k_axi_reg_top_i/u_keccak_data_18/q_reg[23]/D
                            (rising edge-triggered cell FDCE clocked by clk_i  {rise@0.000ns fall@5.000ns period=10.000ns})
  Path Group:             clk_i
  Path Type:              Setup (Max at Slow Process Corner)
  Requirement:            10.000ns  (clk_i rise@10.000ns - clk_i rise@0.000ns)
  Data Path Delay:        11.254ns  (logic 2.715ns (24.125%)  route 8.539ns (75.875%))
  Logic Levels:           19  (LUT2=1 LUT3=1 LUT4=1 LUT5=9 LUT6=5 MUXF7=1 MUXF8=1)
  Clock Path Skew:        -0.039ns (DCD - SCD + CPR)
    Destination Clock Delay (DCD):    0.748ns = ( 10.748 - 10.000 ) 
    Source Clock Delay      (SCD):    0.787ns
    Clock Pessimism Removal (CPR):    0.000ns
  Clock Uncertainty:      0.035ns  ((TSJ^2 + TIJ^2)^1/2 + DJ) / 2 + PE
    Total System Jitter     (TSJ):    0.071ns
    Total Input Jitter      (TIJ):    0.000ns
    Discrete Jitter          (DJ):    0.000ns
    Phase Error              (PE):    0.000ns

    Location             Delay type                Incr(ns)  Path(ns)    Netlist Resource(s)
  -------------------------------------------------------------------    -------------------
                         (clock clk_i rise edge)      0.000     0.000 r  
                                                      0.000     0.000 r  clk_i (IN)
                         net (fo=6719, unset)         0.787     0.787    i_kecc_aes_k_axi_top/i_axi2reg/i_axi_to_axi_lite/i_axi_burst_splitter/i_demux_supported_vs_unsupported/gen_demux.gen_aw_id_counter.i_aw_id_counter/clk_i
    SLICE_X75Y131        FDCE                                         r  i_kecc_aes_k_axi_top/i_axi2reg/i_axi_to_axi_lite/i_axi_burst_splitter/i_demux_supported_vs_unsupported/gen_demux.gen_aw_id_counter.i_aw_id_counter/gen_counters[19].mst_select_q_reg[19][0]/C
  -------------------------------------------------------------------    -------------------
    SLICE_X75Y131        FDCE (Prop_fdce_C_Q)         0.348     1.135 f  i_kecc_aes_k_axi_top/i_axi2reg/i_axi_to_axi_lite/i_axi_burst_splitter/i_demux_supported_vs_unsupported/gen_demux.gen_aw_id_counter.i_aw_id_counter/gen_counters[19].mst_select_q_reg[19][0]/Q
                         net (fo=2, estimated)        0.689     1.824    i_kecc_aes_k_axi_top/i_axi2reg/i_axi_to_axi_lite/i_axi_burst_splitter/i_demux_supported_vs_unsupported/gen_demux.gen_aw_id_counter.i_aw_id_counter/gen_counters[19].mst_select_q_reg[19]_12
    SLICE_X74Y130        LUT6 (Prop_lut6_I0_O)        0.240     2.064 f  i_kecc_aes_k_axi_top/i_axi2reg/i_axi_to_axi_lite/i_axi_burst_splitter/i_demux_supported_vs_unsupported/gen_demux.gen_aw_id_counter.i_aw_id_counter/i__i_35/O
                         net (fo=1, routed)           0.000     2.064    i_kecc_aes_k_axi_top/i_axi2reg/i_axi_to_axi_lite/i_axi_burst_splitter/i_demux_supported_vs_unsupported/gen_demux.gen_aw_id_counter.i_aw_id_counter/i__i_35_n_0
    SLICE_X74Y130        MUXF7 (Prop_muxf7_I0_O)      0.201     2.265 f  i_kecc_aes_k_axi_top/i_axi2reg/i_axi_to_axi_lite/i_axi_burst_splitter/i_demux_supported_vs_unsupported/gen_demux.gen_aw_id_counter.i_aw_id_counter/i__i_15/O
                         net (fo=1, routed)           0.000     2.265    i_kecc_aes_k_axi_top/i_axi2reg/i_axi_to_axi_lite/i_axi_burst_splitter/i_demux_supported_vs_unsupported/gen_demux.gen_aw_id_counter.i_aw_id_counter/i__i_15_n_0
    SLICE_X74Y130        MUXF8 (Prop_muxf8_I0_O)      0.082     2.347 f  i_kecc_aes_k_axi_top/i_axi2reg/i_axi_to_axi_lite/i_axi_burst_splitter/i_demux_supported_vs_unsupported/gen_demux.gen_aw_id_counter.i_aw_id_counter/i__i_5/O
                         net (fo=1, estimated)        0.898     3.245    i_kecc_aes_k_axi_top/i_axi2reg/i_axi_to_axi_lite/i_axi_burst_splitter/i_demux_supported_vs_unsupported/gen_demux.gen_aw_id_counter.i_aw_id_counter/gen_counters[3].i_in_flight_cnt/i___33
    SLICE_X66Y129        LUT6 (Prop_lut6_I1_O)        0.259     3.504 f  i_kecc_aes_k_axi_top/i_axi2reg/i_axi_to_axi_lite/i_axi_burst_splitter/i_demux_supported_vs_unsupported/gen_demux.gen_aw_id_counter.i_aw_id_counter/gen_counters[3].i_in_flight_cnt/i__i_1__2__0/O
                         net (fo=2, estimated)        0.238     3.742    i_kecc_aes_k_axi_top/i_axi2reg/i_axi_to_axi_lite_n_170
    SLICE_X67Y130        LUT5 (Prop_lut5_I0_O)        0.105     3.847 f  i_kecc_aes_k_axi_top/i_axi2reg/i___80/O
                         net (fo=4, estimated)        0.259     4.106    i_kecc_aes_k_axi_top/i_axi2reg/i_axi_to_axi_lite/i_axi_burst_splitter/i_demux_supported_vs_unsupported/gen_demux.gen_aw_id_counter.i_aw_id_counter/gen_counters[3].i_in_flight_cnt/gen_demux.lock_aw_valid_q_reg_2
    SLICE_X63Y130        LUT5 (Prop_lut5_I2_O)        0.105     4.211 f  i_kecc_aes_k_axi_top/i_axi2reg/i_axi_to_axi_lite/i_axi_burst_splitter/i_demux_supported_vs_unsupported/gen_demux.gen_aw_id_counter.i_aw_id_counter/gen_counters[3].i_in_flight_cnt/i__i_4__6/O
                         net (fo=21, estimated)       0.303     4.514    i_kecc_aes_k_axi_top/i_axi2reg/i_axi_burst_splitter/i_axi_burst_splitter_aw_chan/state_d0
    SLICE_X65Y130        LUT5 (Prop_lut5_I4_O)        0.105     4.619 r  i_kecc_aes_k_axi_top/i_axi2reg/i__i_3__0/O
                         net (fo=2, estimated)        0.240     4.859    i_kecc_aes_k_axi_top/i_axi2reg/i__i_3__0_n_0
    SLICE_X64Y131        LUT5 (Prop_lut5_I2_O)        0.105     4.964 r  i_kecc_aes_k_axi_top/i_axi2reg/i__i_1__2/O
                         net (fo=3, estimated)        0.451     5.415    i_kecc_aes_k_axi_top/i_axi2reg/i__i_1__2_n_0
    SLICE_X61Y131        LUT6 (Prop_lut6_I0_O)        0.105     5.520 r  i_kecc_aes_k_axi_top/i_axi2reg/i__i_2__2/O
                         net (fo=1407, estimated)     0.635     6.155    i_kecc_aes_k_axi_top/i_axi2reg/i__i_2__2_n_0
    SLICE_X57Y135        LUT5 (Prop_lut5_I3_O)        0.105     6.260 f  i_kecc_aes_k_axi_top/i_axi2reg/mem_q[0][data][63]_i_20/O
                         net (fo=16, estimated)       0.707     6.967    i_kecc_aes_k_axi_top/i_axi2reg/i_axi_lite_to_reg/i_fifo_read/reg_req_i[addr][7]
    SLICE_X56Y136        LUT5 (Prop_lut5_I0_O)        0.105     7.072 f  i_kecc_aes_k_axi_top/i_axi2reg/i_axi_lite_to_reg/i_fifo_read/mem_q[0][data][63]_i_24/O
                         net (fo=18, estimated)       0.323     7.395    i_kecc_aes_k_axi_top/i_axi2reg/i_axi_lite_to_reg/i_fifo_read/mem_q[0][data][63]_i_24_n_0
    SLICE_X54Y137        LUT5 (Prop_lut5_I3_O)        0.105     7.500 f  i_kecc_aes_k_axi_top/i_axi2reg/i_axi_lite_to_reg/i_fifo_read/q[63]_i_3__9/O
                         net (fo=126, estimated)      0.423     7.923    i_kecc_aes_k_axi_top/i_axi2reg/i_axi_lite_to_reg/i_fifo_read/q[63]_i_3__9_n_0
    SLICE_X55Y137        LUT2 (Prop_lut2_I0_O)        0.105     8.028 f  i_kecc_aes_k_axi_top/i_axi2reg/i_axi_lite_to_reg/i_fifo_read/mem_q[0][data][63]_i_31/O
                         net (fo=6, estimated)        0.432     8.460    i_kecc_aes_k_axi_top/i_axi2reg/i_axi_lite_to_reg/i_fifo_read/mem_q[0][data][63]_i_31_n_0
    SLICE_X53Y142        LUT6 (Prop_lut6_I5_O)        0.105     8.565 r  i_kecc_aes_k_axi_top/i_axi2reg/i_axi_lite_to_reg/i_fifo_read/mem_q[0][error]_i_17/O
                         net (fo=1, estimated)        0.229     8.794    i_kecc_aes_k_axi_top/i_axi2reg/i_axi_lite_to_reg/i_fifo_read/mem_q[0][error]_i_17_n_0
    SLICE_X52Y143        LUT6 (Prop_lut6_I5_O)        0.105     8.899 r  i_kecc_aes_k_axi_top/i_axi2reg/i_axi_lite_to_reg/i_fifo_read/mem_q[0][error]_i_16/O
                         net (fo=1, estimated)        0.126     9.025    i_kecc_aes_k_axi_top/i_axi2reg/i_axi_lite_to_reg/i_fifo_read/mem_q[0][error]_i_16_n_0
    SLICE_X52Y143        LUT5 (Prop_lut5_I4_O)        0.105     9.130 f  i_kecc_aes_k_axi_top/i_axi2reg/i_axi_lite_to_reg/i_fifo_read/mem_q[0][error]_i_5/O
                         net (fo=22, estimated)       0.318     9.448    i_kecc_aes_k_axi_top/i_axi2reg/i_axi_lite_to_reg/i_fifo_read/mem_q[0][error]_i_5_n_0
    SLICE_X53Y143        LUT4 (Prop_lut4_I3_O)        0.105     9.553 f  i_kecc_aes_k_axi_top/i_axi2reg/i_axi_lite_to_reg/i_fifo_read/mem_q[0][error]_i_1/O
                         net (fo=15, estimated)       0.294     9.847    i_kecc_aes_k_axi_top/i_axi2reg/i_axi_lite_to_reg/i_fifo_read/mem_q[0][error]_i_5_0
    SLICE_X52Y141        LUT5 (Prop_lut5_I3_O)        0.105     9.952 r  i_kecc_aes_k_axi_top/i_axi2reg/i_axi_lite_to_reg/i_fifo_read/q[63]_i_3__20/O
                         net (fo=65, estimated)       1.189    11.141    i_kecc_aes_k_axi_top/i_axi2reg/i_axi_lite_to_reg/i_fifo_write_req/keccak_data_18_we
    SLICE_X36Y142        LUT3 (Prop_lut3_I2_O)        0.115    11.256 r  i_kecc_aes_k_axi_top/i_axi2reg/i_axi_lite_to_reg/i_fifo_write_req/wr_en_data_arb/q[23]_i_1__0/O
                         net (fo=1, estimated)        0.785    12.041    i_kecc_aes_k_axi_top/kecc_aes_k_axi_reg_top_i/u_keccak_data_18/q_reg[63]_0[23]
    SLICE_X34Y142        FDCE                                         r  i_kecc_aes_k_axi_top/kecc_aes_k_axi_reg_top_i/u_keccak_data_18/q_reg[23]/D
  -------------------------------------------------------------------    -------------------

                         (clock clk_i rise edge)     10.000    10.000 r  
                                                      0.000    10.000 r  clk_i (IN)
                         net (fo=6719, unset)         0.748    10.748    i_kecc_aes_k_axi_top/kecc_aes_k_axi_reg_top_i/u_keccak_data_18/clk_i
    SLICE_X34Y142        FDCE                                         r  i_kecc_aes_k_axi_top/kecc_aes_k_axi_reg_top_i/u_keccak_data_18/q_reg[23]/C
                         clock pessimism              0.000    10.748    
                         clock uncertainty           -0.035    10.712    
    SLICE_X34Y142        FDCE (Setup_fdce_C_D)       -0.203    10.509    i_kecc_aes_k_axi_top/kecc_aes_k_axi_reg_top_i/u_keccak_data_18/q_reg[23]
  -------------------------------------------------------------------
                         required time                         10.509    
                         arrival time                         -12.041    
  -------------------------------------------------------------------
                         slack                                 -1.532    

Slack (VIOLATED) :        -1.532ns  (required time - arrival time)
  Source:                 i_kecc_aes_k_axi_top/i_axi2reg/i_axi_to_axi_lite/i_axi_burst_splitter/i_demux_supported_vs_unsupported/gen_demux.gen_aw_id_counter.i_aw_id_counter/gen_counters[19].mst_select_q_reg[19][0]/C
                            (rising edge-triggered cell FDCE clocked by clk_i  {rise@0.000ns fall@5.000ns period=10.000ns})
  Destination:            i_kecc_aes_k_axi_top/kecc_aes_k_axi_reg_top_i/u_keccak_data_18/q_reg[23]/D
                            (rising edge-triggered cell FDCE clocked by clk_i  {rise@0.000ns fall@5.000ns period=10.000ns})
  Path Group:             clk_i
  Path Type:              Setup (Max at Slow Process Corner)
  Requirement:            10.000ns  (clk_i rise@10.000ns - clk_i rise@0.000ns)
  Data Path Delay:        11.254ns  (logic 2.715ns (24.125%)  route 8.539ns (75.875%))
  Logic Levels:           19  (LUT2=1 LUT3=1 LUT4=1 LUT5=9 LUT6=5 MUXF7=1 MUXF8=1)
  Clock Path Skew:        -0.039ns (DCD - SCD + CPR)
    Destination Clock Delay (DCD):    0.748ns = ( 10.748 - 10.000 ) 
    Source Clock Delay      (SCD):    0.787ns
    Clock Pessimism Removal (CPR):    0.000ns
  Clock Uncertainty:      0.035ns  ((TSJ^2 + TIJ^2)^1/2 + DJ) / 2 + PE
    Total System Jitter     (TSJ):    0.071ns
    Total Input Jitter      (TIJ):    0.000ns
    Discrete Jitter          (DJ):    0.000ns
    Phase Error              (PE):    0.000ns

    Location             Delay type                Incr(ns)  Path(ns)    Netlist Resource(s)
  -------------------------------------------------------------------    -------------------
                         (clock clk_i rise edge)      0.000     0.000 r  
                                                      0.000     0.000 r  clk_i (IN)
                         net (fo=6719, unset)         0.787     0.787    i_kecc_aes_k_axi_top/i_axi2reg/i_axi_to_axi_lite/i_axi_burst_splitter/i_demux_supported_vs_unsupported/gen_demux.gen_aw_id_counter.i_aw_id_counter/clk_i
    SLICE_X75Y131        FDCE                                         r  i_kecc_aes_k_axi_top/i_axi2reg/i_axi_to_axi_lite/i_axi_burst_splitter/i_demux_supported_vs_unsupported/gen_demux.gen_aw_id_counter.i_aw_id_counter/gen_counters[19].mst_select_q_reg[19][0]/C
  -------------------------------------------------------------------    -------------------
    SLICE_X75Y131        FDCE (Prop_fdce_C_Q)         0.348     1.135 r  i_kecc_aes_k_axi_top/i_axi2reg/i_axi_to_axi_lite/i_axi_burst_splitter/i_demux_supported_vs_unsupported/gen_demux.gen_aw_id_counter.i_aw_id_counter/gen_counters[19].mst_select_q_reg[19][0]/Q
                         net (fo=2, estimated)        0.689     1.824    i_kecc_aes_k_axi_top/i_axi2reg/i_axi_to_axi_lite/i_axi_burst_splitter/i_demux_supported_vs_unsupported/gen_demux.gen_aw_id_counter.i_aw_id_counter/gen_counters[19].mst_select_q_reg[19]_12
    SLICE_X74Y130        LUT6 (Prop_lut6_I0_O)        0.240     2.064 r  i_kecc_aes_k_axi_top/i_axi2reg/i_axi_to_axi_lite/i_axi_burst_splitter/i_demux_supported_vs_unsupported/gen_demux.gen_aw_id_counter.i_aw_id_counter/i__i_35/O
                         net (fo=1, routed)           0.000     2.064    i_kecc_aes_k_axi_top/i_axi2reg/i_axi_to_axi_lite/i_axi_burst_splitter/i_demux_supported_vs_unsupported/gen_demux.gen_aw_id_counter.i_aw_id_counter/i__i_35_n_0
    SLICE_X74Y130        MUXF7 (Prop_muxf7_I0_O)      0.201     2.265 r  i_kecc_aes_k_axi_top/i_axi2reg/i_axi_to_axi_lite/i_axi_burst_splitter/i_demux_supported_vs_unsupported/gen_demux.gen_aw_id_counter.i_aw_id_counter/i__i_15/O
                         net (fo=1, routed)           0.000     2.265    i_kecc_aes_k_axi_top/i_axi2reg/i_axi_to_axi_lite/i_axi_burst_splitter/i_demux_supported_vs_unsupported/gen_demux.gen_aw_id_counter.i_aw_id_counter/i__i_15_n_0
    SLICE_X74Y130        MUXF8 (Prop_muxf8_I0_O)      0.082     2.347 r  i_kecc_aes_k_axi_top/i_axi2reg/i_axi_to_axi_lite/i_axi_burst_splitter/i_demux_supported_vs_unsupported/gen_demux.gen_aw_id_counter.i_aw_id_counter/i__i_5/O
                         net (fo=1, estimated)        0.898     3.245    i_kecc_aes_k_axi_top/i_axi2reg/i_axi_to_axi_lite/i_axi_burst_splitter/i_demux_supported_vs_unsupported/gen_demux.gen_aw_id_counter.i_aw_id_counter/gen_counters[3].i_in_flight_cnt/i___33
    SLICE_X66Y129        LUT6 (Prop_lut6_I1_O)        0.259     3.504 r  i_kecc_aes_k_axi_top/i_axi2reg/i_axi_to_axi_lite/i_axi_burst_splitter/i_demux_supported_vs_unsupported/gen_demux.gen_aw_id_counter.i_aw_id_counter/gen_counters[3].i_in_flight_cnt/i__i_1__2__0/O
                         net (fo=2, estimated)        0.238     3.742    i_kecc_aes_k_axi_top/i_axi2reg/i_axi_to_axi_lite_n_170
    SLICE_X67Y130        LUT5 (Prop_lut5_I0_O)        0.105     3.847 r  i_kecc_aes_k_axi_top/i_axi2reg/i___80/O
                         net (fo=4, estimated)        0.259     4.106    i_kecc_aes_k_axi_top/i_axi2reg/i_axi_to_axi_lite/i_axi_burst_splitter/i_demux_supported_vs_unsupported/gen_demux.gen_aw_id_counter.i_aw_id_counter/gen_counters[3].i_in_flight_cnt/gen_demux.lock_aw_valid_q_reg_2
    SLICE_X63Y130        LUT5 (Prop_lut5_I2_O)        0.105     4.211 r  i_kecc_aes_k_axi_top/i_axi2reg/i_axi_to_axi_lite/i_axi_burst_splitter/i_demux_supported_vs_unsupported/gen_demux.gen_aw_id_counter.i_aw_id_counter/gen_counters[3].i_in_flight_cnt/i__i_4__6/O
                         net (fo=21, estimated)       0.303     4.514    i_kecc_aes_k_axi_top/i_axi2reg/i_axi_burst_splitter/i_axi_burst_splitter_aw_chan/state_d0
    SLICE_X65Y130        LUT5 (Prop_lut5_I4_O)        0.105     4.619 f  i_kecc_aes_k_axi_top/i_axi2reg/i__i_3__0/O
                         net (fo=2, estimated)        0.240     4.859    i_kecc_aes_k_axi_top/i_axi2reg/i__i_3__0_n_0
    SLICE_X64Y131        LUT5 (Prop_lut5_I2_O)        0.105     4.964 f  i_kecc_aes_k_axi_top/i_axi2reg/i__i_1__2/O
                         net (fo=3, estimated)        0.451     5.415    i_kecc_aes_k_axi_top/i_axi2reg/i__i_1__2_n_0
    SLICE_X61Y131        LUT6 (Prop_lut6_I0_O)        0.105     5.520 f  i_kecc_aes_k_axi_top/i_axi2reg/i__i_2__2/O
                         net (fo=1407, estimated)     0.635     6.155    i_kecc_aes_k_axi_top/i_axi2reg/i__i_2__2_n_0
    SLICE_X57Y135        LUT5 (Prop_lut5_I3_O)        0.105     6.260 f  i_kecc_aes_k_axi_top/i_axi2reg/mem_q[0][data][63]_i_20/O
                         net (fo=16, estimated)       0.707     6.967    i_kecc_aes_k_axi_top/i_axi2reg/i_axi_lite_to_reg/i_fifo_read/reg_req_i[addr][7]
    SLICE_X56Y136        LUT5 (Prop_lut5_I0_O)        0.105     7.072 f  i_kecc_aes_k_axi_top/i_axi2reg/i_axi_lite_to_reg/i_fifo_read/mem_q[0][data][63]_i_24/O
                         net (fo=18, estimated)       0.323     7.395    i_kecc_aes_k_axi_top/i_axi2reg/i_axi_lite_to_reg/i_fifo_read/mem_q[0][data][63]_i_24_n_0
    SLICE_X54Y137        LUT5 (Prop_lut5_I3_O)        0.105     7.500 f  i_kecc_aes_k_axi_top/i_axi2reg/i_axi_lite_to_reg/i_fifo_read/q[63]_i_3__9/O
                         net (fo=126, estimated)      0.423     7.923    i_kecc_aes_k_axi_top/i_axi2reg/i_axi_lite_to_reg/i_fifo_read/q[63]_i_3__9_n_0
    SLICE_X55Y137        LUT2 (Prop_lut2_I0_O)        0.105     8.028 f  i_kecc_aes_k_axi_top/i_axi2reg/i_axi_lite_to_reg/i_fifo_read/mem_q[0][data][63]_i_31/O
                         net (fo=6, estimated)        0.432     8.460    i_kecc_aes_k_axi_top/i_axi2reg/i_axi_lite_to_reg/i_fifo_read/mem_q[0][data][63]_i_31_n_0
    SLICE_X53Y142        LUT6 (Prop_lut6_I5_O)        0.105     8.565 r  i_kecc_aes_k_axi_top/i_axi2reg/i_axi_lite_to_reg/i_fifo_read/mem_q[0][error]_i_17/O
                         net (fo=1, estimated)        0.229     8.794    i_kecc_aes_k_axi_top/i_axi2reg/i_axi_lite_to_reg/i_fifo_read/mem_q[0][error]_i_17_n_0
    SLICE_X52Y143        LUT6 (Prop_lut6_I5_O)        0.105     8.899 r  i_kecc_aes_k_axi_top/i_axi2reg/i_axi_lite_to_reg/i_fifo_read/mem_q[0][error]_i_16/O
                         net (fo=1, estimated)        0.126     9.025    i_kecc_aes_k_axi_top/i_axi2reg/i_axi_lite_to_reg/i_fifo_read/mem_q[0][error]_i_16_n_0
    SLICE_X52Y143        LUT5 (Prop_lut5_I4_O)        0.105     9.130 f  i_kecc_aes_k_axi_top/i_axi2reg/i_axi_lite_to_reg/i_fifo_read/mem_q[0][error]_i_5/O
                         net (fo=22, estimated)       0.318     9.448    i_kecc_aes_k_axi_top/i_axi2reg/i_axi_lite_to_reg/i_fifo_read/mem_q[0][error]_i_5_n_0
    SLICE_X53Y143        LUT4 (Prop_lut4_I3_O)        0.105     9.553 f  i_kecc_aes_k_axi_top/i_axi2reg/i_axi_lite_to_reg/i_fifo_read/mem_q[0][error]_i_1/O
                         net (fo=15, estimated)       0.294     9.847    i_kecc_aes_k_axi_top/i_axi2reg/i_axi_lite_to_reg/i_fifo_read/mem_q[0][error]_i_5_0
    SLICE_X52Y141        LUT5 (Prop_lut5_I3_O)        0.105     9.952 r  i_kecc_aes_k_axi_top/i_axi2reg/i_axi_lite_to_reg/i_fifo_read/q[63]_i_3__20/O
                         net (fo=65, estimated)       1.189    11.141    i_kecc_aes_k_axi_top/i_axi2reg/i_axi_lite_to_reg/i_fifo_write_req/keccak_data_18_we
    SLICE_X36Y142        LUT3 (Prop_lut3_I2_O)        0.115    11.256 r  i_kecc_aes_k_axi_top/i_axi2reg/i_axi_lite_to_reg/i_fifo_write_req/wr_en_data_arb/q[23]_i_1__0/O
                         net (fo=1, estimated)        0.785    12.041    i_kecc_aes_k_axi_top/kecc_aes_k_axi_reg_top_i/u_keccak_data_18/q_reg[63]_0[23]
    SLICE_X34Y142        FDCE                                         r  i_kecc_aes_k_axi_top/kecc_aes_k_axi_reg_top_i/u_keccak_data_18/q_reg[23]/D
  -------------------------------------------------------------------    -------------------

                         (clock clk_i rise edge)     10.000    10.000 r  
                                                      0.000    10.000 r  clk_i (IN)
                         net (fo=6719, unset)         0.748    10.748    i_kecc_aes_k_axi_top/kecc_aes_k_axi_reg_top_i/u_keccak_data_18/clk_i
    SLICE_X34Y142        FDCE                                         r  i_kecc_aes_k_axi_top/kecc_aes_k_axi_reg_top_i/u_keccak_data_18/q_reg[23]/C
                         clock pessimism              0.000    10.748    
                         clock uncertainty           -0.035    10.712    
    SLICE_X34Y142        FDCE (Setup_fdce_C_D)       -0.203    10.509    i_kecc_aes_k_axi_top/kecc_aes_k_axi_reg_top_i/u_keccak_data_18/q_reg[23]
  -------------------------------------------------------------------
                         required time                         10.509    
                         arrival time                         -12.041    
  -------------------------------------------------------------------
                         slack                                 -1.532    

Slack (VIOLATED) :        -1.532ns  (required time - arrival time)
  Source:                 i_kecc_aes_k_axi_top/i_axi2reg/i_axi_to_axi_lite/i_axi_burst_splitter/i_demux_supported_vs_unsupported/gen_demux.gen_aw_id_counter.i_aw_id_counter/gen_counters[19].mst_select_q_reg[19][0]/C
                            (rising edge-triggered cell FDCE clocked by clk_i  {rise@0.000ns fall@5.000ns period=10.000ns})
  Destination:            i_kecc_aes_k_axi_top/kecc_aes_k_axi_reg_top_i/u_keccak_data_18/q_reg[23]/D
                            (rising edge-triggered cell FDCE clocked by clk_i  {rise@0.000ns fall@5.000ns period=10.000ns})
  Path Group:             clk_i
  Path Type:              Setup (Max at Slow Process Corner)
  Requirement:            10.000ns  (clk_i rise@10.000ns - clk_i rise@0.000ns)
  Data Path Delay:        11.254ns  (logic 2.715ns (24.125%)  route 8.539ns (75.875%))
  Logic Levels:           19  (LUT2=1 LUT3=1 LUT4=1 LUT5=9 LUT6=5 MUXF7=1 MUXF8=1)
  Clock Path Skew:        -0.039ns (DCD - SCD + CPR)
    Destination Clock Delay (DCD):    0.748ns = ( 10.748 - 10.000 ) 
    Source Clock Delay      (SCD):    0.787ns
    Clock Pessimism Removal (CPR):    0.000ns
  Clock Uncertainty:      0.035ns  ((TSJ^2 + TIJ^2)^1/2 + DJ) / 2 + PE
    Total System Jitter     (TSJ):    0.071ns
    Total Input Jitter      (TIJ):    0.000ns
    Discrete Jitter          (DJ):    0.000ns
    Phase Error              (PE):    0.000ns

    Location             Delay type                Incr(ns)  Path(ns)    Netlist Resource(s)
  -------------------------------------------------------------------    -------------------
                         (clock clk_i rise edge)      0.000     0.000 r  
                                                      0.000     0.000 r  clk_i (IN)
                         net (fo=6719, unset)         0.787     0.787    i_kecc_aes_k_axi_top/i_axi2reg/i_axi_to_axi_lite/i_axi_burst_splitter/i_demux_supported_vs_unsupported/gen_demux.gen_aw_id_counter.i_aw_id_counter/clk_i
    SLICE_X75Y131        FDCE                                         r  i_kecc_aes_k_axi_top/i_axi2reg/i_axi_to_axi_lite/i_axi_burst_splitter/i_demux_supported_vs_unsupported/gen_demux.gen_aw_id_counter.i_aw_id_counter/gen_counters[19].mst_select_q_reg[19][0]/C
  -------------------------------------------------------------------    -------------------
    SLICE_X75Y131        FDCE (Prop_fdce_C_Q)         0.348     1.135 f  i_kecc_aes_k_axi_top/i_axi2reg/i_axi_to_axi_lite/i_axi_burst_splitter/i_demux_supported_vs_unsupported/gen_demux.gen_aw_id_counter.i_aw_id_counter/gen_counters[19].mst_select_q_reg[19][0]/Q
                         net (fo=2, estimated)        0.689     1.824    i_kecc_aes_k_axi_top/i_axi2reg/i_axi_to_axi_lite/i_axi_burst_splitter/i_demux_supported_vs_unsupported/gen_demux.gen_aw_id_counter.i_aw_id_counter/gen_counters[19].mst_select_q_reg[19]_12
    SLICE_X74Y130        LUT6 (Prop_lut6_I0_O)        0.240     2.064 f  i_kecc_aes_k_axi_top/i_axi2reg/i_axi_to_axi_lite/i_axi_burst_splitter/i_demux_supported_vs_unsupported/gen_demux.gen_aw_id_counter.i_aw_id_counter/i__i_35/O
                         net (fo=1, routed)           0.000     2.064    i_kecc_aes_k_axi_top/i_axi2reg/i_axi_to_axi_lite/i_axi_burst_splitter/i_demux_supported_vs_unsupported/gen_demux.gen_aw_id_counter.i_aw_id_counter/i__i_35_n_0
    SLICE_X74Y130        MUXF7 (Prop_muxf7_I0_O)      0.201     2.265 f  i_kecc_aes_k_axi_top/i_axi2reg/i_axi_to_axi_lite/i_axi_burst_splitter/i_demux_supported_vs_unsupported/gen_demux.gen_aw_id_counter.i_aw_id_counter/i__i_15/O
                         net (fo=1, routed)           0.000     2.265    i_kecc_aes_k_axi_top/i_axi2reg/i_axi_to_axi_lite/i_axi_burst_splitter/i_demux_supported_vs_unsupported/gen_demux.gen_aw_id_counter.i_aw_id_counter/i__i_15_n_0
    SLICE_X74Y130        MUXF8 (Prop_muxf8_I0_O)      0.082     2.347 f  i_kecc_aes_k_axi_top/i_axi2reg/i_axi_to_axi_lite/i_axi_burst_splitter/i_demux_supported_vs_unsupported/gen_demux.gen_aw_id_counter.i_aw_id_counter/i__i_5/O
                         net (fo=1, estimated)        0.898     3.245    i_kecc_aes_k_axi_top/i_axi2reg/i_axi_to_axi_lite/i_axi_burst_splitter/i_demux_supported_vs_unsupported/gen_demux.gen_aw_id_counter.i_aw_id_counter/gen_counters[3].i_in_flight_cnt/i___33
    SLICE_X66Y129        LUT6 (Prop_lut6_I1_O)        0.259     3.504 r  i_kecc_aes_k_axi_top/i_axi2reg/i_axi_to_axi_lite/i_axi_burst_splitter/i_demux_supported_vs_unsupported/gen_demux.gen_aw_id_counter.i_aw_id_counter/gen_counters[3].i_in_flight_cnt/i__i_1__2__0/O
                         net (fo=2, estimated)        0.238     3.742    i_kecc_aes_k_axi_top/i_axi2reg/i_axi_to_axi_lite_n_170
    SLICE_X67Y130        LUT5 (Prop_lut5_I0_O)        0.105     3.847 r  i_kecc_aes_k_axi_top/i_axi2reg/i___80/O
                         net (fo=4, estimated)        0.259     4.106    i_kecc_aes_k_axi_top/i_axi2reg/i_axi_to_axi_lite/i_axi_burst_splitter/i_demux_supported_vs_unsupported/gen_demux.gen_aw_id_counter.i_aw_id_counter/gen_counters[3].i_in_flight_cnt/gen_demux.lock_aw_valid_q_reg_2
    SLICE_X63Y130        LUT5 (Prop_lut5_I2_O)        0.105     4.211 r  i_kecc_aes_k_axi_top/i_axi2reg/i_axi_to_axi_lite/i_axi_burst_splitter/i_demux_supported_vs_unsupported/gen_demux.gen_aw_id_counter.i_aw_id_counter/gen_counters[3].i_in_flight_cnt/i__i_4__6/O
                         net (fo=21, estimated)       0.303     4.514    i_kecc_aes_k_axi_top/i_axi2reg/i_axi_burst_splitter/i_axi_burst_splitter_aw_chan/state_d0
    SLICE_X65Y130        LUT5 (Prop_lut5_I4_O)        0.105     4.619 f  i_kecc_aes_k_axi_top/i_axi2reg/i__i_3__0/O
                         net (fo=2, estimated)        0.240     4.859    i_kecc_aes_k_axi_top/i_axi2reg/i__i_3__0_n_0
    SLICE_X64Y131        LUT5 (Prop_lut5_I2_O)        0.105     4.964 f  i_kecc_aes_k_axi_top/i_axi2reg/i__i_1__2/O
                         net (fo=3, estimated)        0.451     5.415    i_kecc_aes_k_axi_top/i_axi2reg/i__i_1__2_n_0
    SLICE_X61Y131        LUT6 (Prop_lut6_I0_O)        0.105     5.520 f  i_kecc_aes_k_axi_top/i_axi2reg/i__i_2__2/O
                         net (fo=1407, estimated)     0.635     6.155    i_kecc_aes_k_axi_top/i_axi2reg/i__i_2__2_n_0
    SLICE_X57Y135        LUT5 (Prop_lut5_I3_O)        0.105     6.260 f  i_kecc_aes_k_axi_top/i_axi2reg/mem_q[0][data][63]_i_20/O
                         net (fo=16, estimated)       0.707     6.967    i_kecc_aes_k_axi_top/i_axi2reg/i_axi_lite_to_reg/i_fifo_read/reg_req_i[addr][7]
    SLICE_X56Y136        LUT5 (Prop_lut5_I0_O)        0.105     7.072 f  i_kecc_aes_k_axi_top/i_axi2reg/i_axi_lite_to_reg/i_fifo_read/mem_q[0][data][63]_i_24/O
                         net (fo=18, estimated)       0.323     7.395    i_kecc_aes_k_axi_top/i_axi2reg/i_axi_lite_to_reg/i_fifo_read/mem_q[0][data][63]_i_24_n_0
    SLICE_X54Y137        LUT5 (Prop_lut5_I3_O)        0.105     7.500 f  i_kecc_aes_k_axi_top/i_axi2reg/i_axi_lite_to_reg/i_fifo_read/q[63]_i_3__9/O
                         net (fo=126, estimated)      0.423     7.923    i_kecc_aes_k_axi_top/i_axi2reg/i_axi_lite_to_reg/i_fifo_read/q[63]_i_3__9_n_0
    SLICE_X55Y137        LUT2 (Prop_lut2_I0_O)        0.105     8.028 f  i_kecc_aes_k_axi_top/i_axi2reg/i_axi_lite_to_reg/i_fifo_read/mem_q[0][data][63]_i_31/O
                         net (fo=6, estimated)        0.432     8.460    i_kecc_aes_k_axi_top/i_axi2reg/i_axi_lite_to_reg/i_fifo_read/mem_q[0][data][63]_i_31_n_0
    SLICE_X53Y142        LUT6 (Prop_lut6_I5_O)        0.105     8.565 r  i_kecc_aes_k_axi_top/i_axi2reg/i_axi_lite_to_reg/i_fifo_read/mem_q[0][error]_i_17/O
                         net (fo=1, estimated)        0.229     8.794    i_kecc_aes_k_axi_top/i_axi2reg/i_axi_lite_to_reg/i_fifo_read/mem_q[0][error]_i_17_n_0
    SLICE_X52Y143        LUT6 (Prop_lut6_I5_O)        0.105     8.899 r  i_kecc_aes_k_axi_top/i_axi2reg/i_axi_lite_to_reg/i_fifo_read/mem_q[0][error]_i_16/O
                         net (fo=1, estimated)        0.126     9.025    i_kecc_aes_k_axi_top/i_axi2reg/i_axi_lite_to_reg/i_fifo_read/mem_q[0][error]_i_16_n_0
    SLICE_X52Y143        LUT5 (Prop_lut5_I4_O)        0.105     9.130 f  i_kecc_aes_k_axi_top/i_axi2reg/i_axi_lite_to_reg/i_fifo_read/mem_q[0][error]_i_5/O
                         net (fo=22, estimated)       0.318     9.448    i_kecc_aes_k_axi_top/i_axi2reg/i_axi_lite_to_reg/i_fifo_read/mem_q[0][error]_i_5_n_0
    SLICE_X53Y143        LUT4 (Prop_lut4_I3_O)        0.105     9.553 f  i_kecc_aes_k_axi_top/i_axi2reg/i_axi_lite_to_reg/i_fifo_read/mem_q[0][error]_i_1/O
                         net (fo=15, estimated)       0.294     9.847    i_kecc_aes_k_axi_top/i_axi2reg/i_axi_lite_to_reg/i_fifo_read/mem_q[0][error]_i_5_0
    SLICE_X52Y141        LUT5 (Prop_lut5_I3_O)        0.105     9.952 r  i_kecc_aes_k_axi_top/i_axi2reg/i_axi_lite_to_reg/i_fifo_read/q[63]_i_3__20/O
                         net (fo=65, estimated)       1.189    11.141    i_kecc_aes_k_axi_top/i_axi2reg/i_axi_lite_to_reg/i_fifo_write_req/keccak_data_18_we
    SLICE_X36Y142        LUT3 (Prop_lut3_I2_O)        0.115    11.256 r  i_kecc_aes_k_axi_top/i_axi2reg/i_axi_lite_to_reg/i_fifo_write_req/wr_en_data_arb/q[23]_i_1__0/O
                         net (fo=1, estimated)        0.785    12.041    i_kecc_aes_k_axi_top/kecc_aes_k_axi_reg_top_i/u_keccak_data_18/q_reg[63]_0[23]
    SLICE_X34Y142        FDCE                                         r  i_kecc_aes_k_axi_top/kecc_aes_k_axi_reg_top_i/u_keccak_data_18/q_reg[23]/D
  -------------------------------------------------------------------    -------------------

                         (clock clk_i rise edge)     10.000    10.000 r  
                                                      0.000    10.000 r  clk_i (IN)
                         net (fo=6719, unset)         0.748    10.748    i_kecc_aes_k_axi_top/kecc_aes_k_axi_reg_top_i/u_keccak_data_18/clk_i
    SLICE_X34Y142        FDCE                                         r  i_kecc_aes_k_axi_top/kecc_aes_k_axi_reg_top_i/u_keccak_data_18/q_reg[23]/C
                         clock pessimism              0.000    10.748    
                         clock uncertainty           -0.035    10.712    
    SLICE_X34Y142        FDCE (Setup_fdce_C_D)       -0.203    10.509    i_kecc_aes_k_axi_top/kecc_aes_k_axi_reg_top_i/u_keccak_data_18/q_reg[23]
  -------------------------------------------------------------------
                         required time                         10.509    
                         arrival time                         -12.041    
  -------------------------------------------------------------------
                         slack                                 -1.532    

Slack (VIOLATED) :        -1.532ns  (required time - arrival time)
  Source:                 i_kecc_aes_k_axi_top/i_axi2reg/i_axi_to_axi_lite/i_axi_burst_splitter/i_demux_supported_vs_unsupported/gen_demux.gen_aw_id_counter.i_aw_id_counter/gen_counters[19].mst_select_q_reg[19][0]/C
                            (rising edge-triggered cell FDCE clocked by clk_i  {rise@0.000ns fall@5.000ns period=10.000ns})
  Destination:            i_kecc_aes_k_axi_top/kecc_aes_k_axi_reg_top_i/u_keccak_data_18/q_reg[23]/D
                            (rising edge-triggered cell FDCE clocked by clk_i  {rise@0.000ns fall@5.000ns period=10.000ns})
  Path Group:             clk_i
  Path Type:              Setup (Max at Slow Process Corner)
  Requirement:            10.000ns  (clk_i rise@10.000ns - clk_i rise@0.000ns)
  Data Path Delay:        11.254ns  (logic 2.715ns (24.125%)  route 8.539ns (75.875%))
  Logic Levels:           19  (LUT2=1 LUT3=1 LUT4=1 LUT5=9 LUT6=5 MUXF7=1 MUXF8=1)
  Clock Path Skew:        -0.039ns (DCD - SCD + CPR)
    Destination Clock Delay (DCD):    0.748ns = ( 10.748 - 10.000 ) 
    Source Clock Delay      (SCD):    0.787ns
    Clock Pessimism Removal (CPR):    0.000ns
  Clock Uncertainty:      0.035ns  ((TSJ^2 + TIJ^2)^1/2 + DJ) / 2 + PE
    Total System Jitter     (TSJ):    0.071ns
    Total Input Jitter      (TIJ):    0.000ns
    Discrete Jitter          (DJ):    0.000ns
    Phase Error              (PE):    0.000ns

    Location             Delay type                Incr(ns)  Path(ns)    Netlist Resource(s)
  -------------------------------------------------------------------    -------------------
                         (clock clk_i rise edge)      0.000     0.000 r  
                                                      0.000     0.000 r  clk_i (IN)
                         net (fo=6719, unset)         0.787     0.787    i_kecc_aes_k_axi_top/i_axi2reg/i_axi_to_axi_lite/i_axi_burst_splitter/i_demux_supported_vs_unsupported/gen_demux.gen_aw_id_counter.i_aw_id_counter/clk_i
    SLICE_X75Y131        FDCE                                         r  i_kecc_aes_k_axi_top/i_axi2reg/i_axi_to_axi_lite/i_axi_burst_splitter/i_demux_supported_vs_unsupported/gen_demux.gen_aw_id_counter.i_aw_id_counter/gen_counters[19].mst_select_q_reg[19][0]/C
  -------------------------------------------------------------------    -------------------
    SLICE_X75Y131        FDCE (Prop_fdce_C_Q)         0.348     1.135 r  i_kecc_aes_k_axi_top/i_axi2reg/i_axi_to_axi_lite/i_axi_burst_splitter/i_demux_supported_vs_unsupported/gen_demux.gen_aw_id_counter.i_aw_id_counter/gen_counters[19].mst_select_q_reg[19][0]/Q
                         net (fo=2, estimated)        0.689     1.824    i_kecc_aes_k_axi_top/i_axi2reg/i_axi_to_axi_lite/i_axi_burst_splitter/i_demux_supported_vs_unsupported/gen_demux.gen_aw_id_counter.i_aw_id_counter/gen_counters[19].mst_select_q_reg[19]_12
    SLICE_X74Y130        LUT6 (Prop_lut6_I0_O)        0.240     2.064 r  i_kecc_aes_k_axi_top/i_axi2reg/i_axi_to_axi_lite/i_axi_burst_splitter/i_demux_supported_vs_unsupported/gen_demux.gen_aw_id_counter.i_aw_id_counter/i__i_35/O
                         net (fo=1, routed)           0.000     2.064    i_kecc_aes_k_axi_top/i_axi2reg/i_axi_to_axi_lite/i_axi_burst_splitter/i_demux_supported_vs_unsupported/gen_demux.gen_aw_id_counter.i_aw_id_counter/i__i_35_n_0
    SLICE_X74Y130        MUXF7 (Prop_muxf7_I0_O)      0.201     2.265 r  i_kecc_aes_k_axi_top/i_axi2reg/i_axi_to_axi_lite/i_axi_burst_splitter/i_demux_supported_vs_unsupported/gen_demux.gen_aw_id_counter.i_aw_id_counter/i__i_15/O
                         net (fo=1, routed)           0.000     2.265    i_kecc_aes_k_axi_top/i_axi2reg/i_axi_to_axi_lite/i_axi_burst_splitter/i_demux_supported_vs_unsupported/gen_demux.gen_aw_id_counter.i_aw_id_counter/i__i_15_n_0
    SLICE_X74Y130        MUXF8 (Prop_muxf8_I0_O)      0.082     2.347 r  i_kecc_aes_k_axi_top/i_axi2reg/i_axi_to_axi_lite/i_axi_burst_splitter/i_demux_supported_vs_unsupported/gen_demux.gen_aw_id_counter.i_aw_id_counter/i__i_5/O
                         net (fo=1, estimated)        0.898     3.245    i_kecc_aes_k_axi_top/i_axi2reg/i_axi_to_axi_lite/i_axi_burst_splitter/i_demux_supported_vs_unsupported/gen_demux.gen_aw_id_counter.i_aw_id_counter/gen_counters[3].i_in_flight_cnt/i___33
    SLICE_X66Y129        LUT6 (Prop_lut6_I1_O)        0.259     3.504 f  i_kecc_aes_k_axi_top/i_axi2reg/i_axi_to_axi_lite/i_axi_burst_splitter/i_demux_supported_vs_unsupported/gen_demux.gen_aw_id_counter.i_aw_id_counter/gen_counters[3].i_in_flight_cnt/i__i_1__2__0/O
                         net (fo=2, estimated)        0.238     3.742    i_kecc_aes_k_axi_top/i_axi2reg/i_axi_to_axi_lite_n_170
    SLICE_X67Y130        LUT5 (Prop_lut5_I0_O)        0.105     3.847 f  i_kecc_aes_k_axi_top/i_axi2reg/i___80/O
                         net (fo=4, estimated)        0.259     4.106    i_kecc_aes_k_axi_top/i_axi2reg/i_axi_to_axi_lite/i_axi_burst_splitter/i_demux_supported_vs_unsupported/gen_demux.gen_aw_id_counter.i_aw_id_counter/gen_counters[3].i_in_flight_cnt/gen_demux.lock_aw_valid_q_reg_2
    SLICE_X63Y130        LUT5 (Prop_lut5_I2_O)        0.105     4.211 f  i_kecc_aes_k_axi_top/i_axi2reg/i_axi_to_axi_lite/i_axi_burst_splitter/i_demux_supported_vs_unsupported/gen_demux.gen_aw_id_counter.i_aw_id_counter/gen_counters[3].i_in_flight_cnt/i__i_4__6/O
                         net (fo=21, estimated)       0.303     4.514    i_kecc_aes_k_axi_top/i_axi2reg/i_axi_burst_splitter/i_axi_burst_splitter_aw_chan/state_d0
    SLICE_X65Y130        LUT5 (Prop_lut5_I4_O)        0.105     4.619 r  i_kecc_aes_k_axi_top/i_axi2reg/i__i_3__0/O
                         net (fo=2, estimated)        0.240     4.859    i_kecc_aes_k_axi_top/i_axi2reg/i__i_3__0_n_0
    SLICE_X64Y131        LUT5 (Prop_lut5_I2_O)        0.105     4.964 r  i_kecc_aes_k_axi_top/i_axi2reg/i__i_1__2/O
                         net (fo=3, estimated)        0.451     5.415    i_kecc_aes_k_axi_top/i_axi2reg/i__i_1__2_n_0
    SLICE_X61Y131        LUT6 (Prop_lut6_I0_O)        0.105     5.520 r  i_kecc_aes_k_axi_top/i_axi2reg/i__i_2__2/O
                         net (fo=1407, estimated)     0.635     6.155    i_kecc_aes_k_axi_top/i_axi2reg/i__i_2__2_n_0
    SLICE_X57Y135        LUT5 (Prop_lut5_I3_O)        0.105     6.260 r  i_kecc_aes_k_axi_top/i_axi2reg/mem_q[0][data][63]_i_20/O
                         net (fo=16, estimated)       0.707     6.967    i_kecc_aes_k_axi_top/i_axi2reg/i_axi_lite_to_reg/i_fifo_read/reg_req_i[addr][7]
    SLICE_X56Y136        LUT5 (Prop_lut5_I0_O)        0.105     7.072 r  i_kecc_aes_k_axi_top/i_axi2reg/i_axi_lite_to_reg/i_fifo_read/mem_q[0][data][63]_i_24/O
                         net (fo=18, estimated)       0.323     7.395    i_kecc_aes_k_axi_top/i_axi2reg/i_axi_lite_to_reg/i_fifo_read/mem_q[0][data][63]_i_24_n_0
    SLICE_X54Y137        LUT5 (Prop_lut5_I3_O)        0.105     7.500 r  i_kecc_aes_k_axi_top/i_axi2reg/i_axi_lite_to_reg/i_fifo_read/q[63]_i_3__9/O
                         net (fo=126, estimated)      0.423     7.923    i_kecc_aes_k_axi_top/i_axi2reg/i_axi_lite_to_reg/i_fifo_read/q[63]_i_3__9_n_0
    SLICE_X55Y137        LUT2 (Prop_lut2_I0_O)        0.105     8.028 r  i_kecc_aes_k_axi_top/i_axi2reg/i_axi_lite_to_reg/i_fifo_read/mem_q[0][data][63]_i_31/O
                         net (fo=6, estimated)        0.432     8.460    i_kecc_aes_k_axi_top/i_axi2reg/i_axi_lite_to_reg/i_fifo_read/mem_q[0][data][63]_i_31_n_0
    SLICE_X53Y142        LUT6 (Prop_lut6_I5_O)        0.105     8.565 f  i_kecc_aes_k_axi_top/i_axi2reg/i_axi_lite_to_reg/i_fifo_read/mem_q[0][error]_i_17/O
                         net (fo=1, estimated)        0.229     8.794    i_kecc_aes_k_axi_top/i_axi2reg/i_axi_lite_to_reg/i_fifo_read/mem_q[0][error]_i_17_n_0
    SLICE_X52Y143        LUT6 (Prop_lut6_I5_O)        0.105     8.899 f  i_kecc_aes_k_axi_top/i_axi2reg/i_axi_lite_to_reg/i_fifo_read/mem_q[0][error]_i_16/O
                         net (fo=1, estimated)        0.126     9.025    i_kecc_aes_k_axi_top/i_axi2reg/i_axi_lite_to_reg/i_fifo_read/mem_q[0][error]_i_16_n_0
    SLICE_X52Y143        LUT5 (Prop_lut5_I4_O)        0.105     9.130 r  i_kecc_aes_k_axi_top/i_axi2reg/i_axi_lite_to_reg/i_fifo_read/mem_q[0][error]_i_5/O
                         net (fo=22, estimated)       0.318     9.448    i_kecc_aes_k_axi_top/i_axi2reg/i_axi_lite_to_reg/i_fifo_read/mem_q[0][error]_i_5_n_0
    SLICE_X53Y143        LUT4 (Prop_lut4_I3_O)        0.105     9.553 r  i_kecc_aes_k_axi_top/i_axi2reg/i_axi_lite_to_reg/i_fifo_read/mem_q[0][error]_i_1/O
                         net (fo=15, estimated)       0.294     9.847    i_kecc_aes_k_axi_top/i_axi2reg/i_axi_lite_to_reg/i_fifo_read/mem_q[0][error]_i_5_0
    SLICE_X52Y141        LUT5 (Prop_lut5_I3_O)        0.105     9.952 f  i_kecc_aes_k_axi_top/i_axi2reg/i_axi_lite_to_reg/i_fifo_read/q[63]_i_3__20/O
                         net (fo=65, estimated)       1.189    11.141    i_kecc_aes_k_axi_top/i_axi2reg/i_axi_lite_to_reg/i_fifo_write_req/keccak_data_18_we
    SLICE_X36Y142        LUT3 (Prop_lut3_I2_O)        0.115    11.256 r  i_kecc_aes_k_axi_top/i_axi2reg/i_axi_lite_to_reg/i_fifo_write_req/wr_en_data_arb/q[23]_i_1__0/O
                         net (fo=1, estimated)        0.785    12.041    i_kecc_aes_k_axi_top/kecc_aes_k_axi_reg_top_i/u_keccak_data_18/q_reg[63]_0[23]
    SLICE_X34Y142        FDCE                                         r  i_kecc_aes_k_axi_top/kecc_aes_k_axi_reg_top_i/u_keccak_data_18/q_reg[23]/D
  -------------------------------------------------------------------    -------------------

                         (clock clk_i rise edge)     10.000    10.000 r  
                                                      0.000    10.000 r  clk_i (IN)
                         net (fo=6719, unset)         0.748    10.748    i_kecc_aes_k_axi_top/kecc_aes_k_axi_reg_top_i/u_keccak_data_18/clk_i
    SLICE_X34Y142        FDCE                                         r  i_kecc_aes_k_axi_top/kecc_aes_k_axi_reg_top_i/u_keccak_data_18/q_reg[23]/C
                         clock pessimism              0.000    10.748    
                         clock uncertainty           -0.035    10.712    
    SLICE_X34Y142        FDCE (Setup_fdce_C_D)       -0.203    10.509    i_kecc_aes_k_axi_top/kecc_aes_k_axi_reg_top_i/u_keccak_data_18/q_reg[23]
  -------------------------------------------------------------------
                         required time                         10.509    
                         arrival time                         -12.041    
  -------------------------------------------------------------------
                         slack                                 -1.532    

Slack (VIOLATED) :        -1.532ns  (required time - arrival time)
  Source:                 i_kecc_aes_k_axi_top/i_axi2reg/i_axi_to_axi_lite/i_axi_burst_splitter/i_demux_supported_vs_unsupported/gen_demux.gen_aw_id_counter.i_aw_id_counter/gen_counters[19].mst_select_q_reg[19][0]/C
                            (rising edge-triggered cell FDCE clocked by clk_i  {rise@0.000ns fall@5.000ns period=10.000ns})
  Destination:            i_kecc_aes_k_axi_top/kecc_aes_k_axi_reg_top_i/u_keccak_data_18/q_reg[23]/D
                            (rising edge-triggered cell FDCE clocked by clk_i  {rise@0.000ns fall@5.000ns period=10.000ns})
  Path Group:             clk_i
  Path Type:              Setup (Max at Slow Process Corner)
  Requirement:            10.000ns  (clk_i rise@10.000ns - clk_i rise@0.000ns)
  Data Path Delay:        11.254ns  (logic 2.715ns (24.125%)  route 8.539ns (75.875%))
  Logic Levels:           19  (LUT2=1 LUT3=1 LUT4=1 LUT5=9 LUT6=5 MUXF7=1 MUXF8=1)
  Clock Path Skew:        -0.039ns (DCD - SCD + CPR)
    Destination Clock Delay (DCD):    0.748ns = ( 10.748 - 10.000 ) 
    Source Clock Delay      (SCD):    0.787ns
    Clock Pessimism Removal (CPR):    0.000ns
  Clock Uncertainty:      0.035ns  ((TSJ^2 + TIJ^2)^1/2 + DJ) / 2 + PE
    Total System Jitter     (TSJ):    0.071ns
    Total Input Jitter      (TIJ):    0.000ns
    Discrete Jitter          (DJ):    0.000ns
    Phase Error              (PE):    0.000ns

    Location             Delay type                Incr(ns)  Path(ns)    Netlist Resource(s)
  -------------------------------------------------------------------    -------------------
                         (clock clk_i rise edge)      0.000     0.000 r  
                                                      0.000     0.000 r  clk_i (IN)
                         net (fo=6719, unset)         0.787     0.787    i_kecc_aes_k_axi_top/i_axi2reg/i_axi_to_axi_lite/i_axi_burst_splitter/i_demux_supported_vs_unsupported/gen_demux.gen_aw_id_counter.i_aw_id_counter/clk_i
    SLICE_X75Y131        FDCE                                         r  i_kecc_aes_k_axi_top/i_axi2reg/i_axi_to_axi_lite/i_axi_burst_splitter/i_demux_supported_vs_unsupported/gen_demux.gen_aw_id_counter.i_aw_id_counter/gen_counters[19].mst_select_q_reg[19][0]/C
  -------------------------------------------------------------------    -------------------
    SLICE_X75Y131        FDCE (Prop_fdce_C_Q)         0.348     1.135 f  i_kecc_aes_k_axi_top/i_axi2reg/i_axi_to_axi_lite/i_axi_burst_splitter/i_demux_supported_vs_unsupported/gen_demux.gen_aw_id_counter.i_aw_id_counter/gen_counters[19].mst_select_q_reg[19][0]/Q
                         net (fo=2, estimated)        0.689     1.824    i_kecc_aes_k_axi_top/i_axi2reg/i_axi_to_axi_lite/i_axi_burst_splitter/i_demux_supported_vs_unsupported/gen_demux.gen_aw_id_counter.i_aw_id_counter/gen_counters[19].mst_select_q_reg[19]_12
    SLICE_X74Y130        LUT6 (Prop_lut6_I0_O)        0.240     2.064 f  i_kecc_aes_k_axi_top/i_axi2reg/i_axi_to_axi_lite/i_axi_burst_splitter/i_demux_supported_vs_unsupported/gen_demux.gen_aw_id_counter.i_aw_id_counter/i__i_35/O
                         net (fo=1, routed)           0.000     2.064    i_kecc_aes_k_axi_top/i_axi2reg/i_axi_to_axi_lite/i_axi_burst_splitter/i_demux_supported_vs_unsupported/gen_demux.gen_aw_id_counter.i_aw_id_counter/i__i_35_n_0
    SLICE_X74Y130        MUXF7 (Prop_muxf7_I0_O)      0.201     2.265 f  i_kecc_aes_k_axi_top/i_axi2reg/i_axi_to_axi_lite/i_axi_burst_splitter/i_demux_supported_vs_unsupported/gen_demux.gen_aw_id_counter.i_aw_id_counter/i__i_15/O
                         net (fo=1, routed)           0.000     2.265    i_kecc_aes_k_axi_top/i_axi2reg/i_axi_to_axi_lite/i_axi_burst_splitter/i_demux_supported_vs_unsupported/gen_demux.gen_aw_id_counter.i_aw_id_counter/i__i_15_n_0
    SLICE_X74Y130        MUXF8 (Prop_muxf8_I0_O)      0.082     2.347 f  i_kecc_aes_k_axi_top/i_axi2reg/i_axi_to_axi_lite/i_axi_burst_splitter/i_demux_supported_vs_unsupported/gen_demux.gen_aw_id_counter.i_aw_id_counter/i__i_5/O
                         net (fo=1, estimated)        0.898     3.245    i_kecc_aes_k_axi_top/i_axi2reg/i_axi_to_axi_lite/i_axi_burst_splitter/i_demux_supported_vs_unsupported/gen_demux.gen_aw_id_counter.i_aw_id_counter/gen_counters[3].i_in_flight_cnt/i___33
    SLICE_X66Y129        LUT6 (Prop_lut6_I1_O)        0.259     3.504 f  i_kecc_aes_k_axi_top/i_axi2reg/i_axi_to_axi_lite/i_axi_burst_splitter/i_demux_supported_vs_unsupported/gen_demux.gen_aw_id_counter.i_aw_id_counter/gen_counters[3].i_in_flight_cnt/i__i_1__2__0/O
                         net (fo=2, estimated)        0.238     3.742    i_kecc_aes_k_axi_top/i_axi2reg/i_axi_to_axi_lite_n_170
    SLICE_X67Y130        LUT5 (Prop_lut5_I0_O)        0.105     3.847 f  i_kecc_aes_k_axi_top/i_axi2reg/i___80/O
                         net (fo=4, estimated)        0.259     4.106    i_kecc_aes_k_axi_top/i_axi2reg/i_axi_to_axi_lite/i_axi_burst_splitter/i_demux_supported_vs_unsupported/gen_demux.gen_aw_id_counter.i_aw_id_counter/gen_counters[3].i_in_flight_cnt/gen_demux.lock_aw_valid_q_reg_2
    SLICE_X63Y130        LUT5 (Prop_lut5_I2_O)        0.105     4.211 f  i_kecc_aes_k_axi_top/i_axi2reg/i_axi_to_axi_lite/i_axi_burst_splitter/i_demux_supported_vs_unsupported/gen_demux.gen_aw_id_counter.i_aw_id_counter/gen_counters[3].i_in_flight_cnt/i__i_4__6/O
                         net (fo=21, estimated)       0.303     4.514    i_kecc_aes_k_axi_top/i_axi2reg/i_axi_burst_splitter/i_axi_burst_splitter_aw_chan/state_d0
    SLICE_X65Y130        LUT5 (Prop_lut5_I4_O)        0.105     4.619 r  i_kecc_aes_k_axi_top/i_axi2reg/i__i_3__0/O
                         net (fo=2, estimated)        0.240     4.859    i_kecc_aes_k_axi_top/i_axi2reg/i__i_3__0_n_0
    SLICE_X64Y131        LUT5 (Prop_lut5_I2_O)        0.105     4.964 r  i_kecc_aes_k_axi_top/i_axi2reg/i__i_1__2/O
                         net (fo=3, estimated)        0.451     5.415    i_kecc_aes_k_axi_top/i_axi2reg/i__i_1__2_n_0
    SLICE_X61Y131        LUT6 (Prop_lut6_I0_O)        0.105     5.520 r  i_kecc_aes_k_axi_top/i_axi2reg/i__i_2__2/O
                         net (fo=1407, estimated)     0.635     6.155    i_kecc_aes_k_axi_top/i_axi2reg/i__i_2__2_n_0
    SLICE_X57Y135        LUT5 (Prop_lut5_I3_O)        0.105     6.260 r  i_kecc_aes_k_axi_top/i_axi2reg/mem_q[0][data][63]_i_20/O
                         net (fo=16, estimated)       0.707     6.967    i_kecc_aes_k_axi_top/i_axi2reg/i_axi_lite_to_reg/i_fifo_read/reg_req_i[addr][7]
    SLICE_X56Y136        LUT5 (Prop_lut5_I0_O)        0.105     7.072 r  i_kecc_aes_k_axi_top/i_axi2reg/i_axi_lite_to_reg/i_fifo_read/mem_q[0][data][63]_i_24/O
                         net (fo=18, estimated)       0.323     7.395    i_kecc_aes_k_axi_top/i_axi2reg/i_axi_lite_to_reg/i_fifo_read/mem_q[0][data][63]_i_24_n_0
    SLICE_X54Y137        LUT5 (Prop_lut5_I3_O)        0.105     7.500 r  i_kecc_aes_k_axi_top/i_axi2reg/i_axi_lite_to_reg/i_fifo_read/q[63]_i_3__9/O
                         net (fo=126, estimated)      0.423     7.923    i_kecc_aes_k_axi_top/i_axi2reg/i_axi_lite_to_reg/i_fifo_read/q[63]_i_3__9_n_0
    SLICE_X55Y137        LUT2 (Prop_lut2_I0_O)        0.105     8.028 r  i_kecc_aes_k_axi_top/i_axi2reg/i_axi_lite_to_reg/i_fifo_read/mem_q[0][data][63]_i_31/O
                         net (fo=6, estimated)        0.432     8.460    i_kecc_aes_k_axi_top/i_axi2reg/i_axi_lite_to_reg/i_fifo_read/mem_q[0][data][63]_i_31_n_0
    SLICE_X53Y142        LUT6 (Prop_lut6_I5_O)        0.105     8.565 f  i_kecc_aes_k_axi_top/i_axi2reg/i_axi_lite_to_reg/i_fifo_read/mem_q[0][error]_i_17/O
                         net (fo=1, estimated)        0.229     8.794    i_kecc_aes_k_axi_top/i_axi2reg/i_axi_lite_to_reg/i_fifo_read/mem_q[0][error]_i_17_n_0
    SLICE_X52Y143        LUT6 (Prop_lut6_I5_O)        0.105     8.899 f  i_kecc_aes_k_axi_top/i_axi2reg/i_axi_lite_to_reg/i_fifo_read/mem_q[0][error]_i_16/O
                         net (fo=1, estimated)        0.126     9.025    i_kecc_aes_k_axi_top/i_axi2reg/i_axi_lite_to_reg/i_fifo_read/mem_q[0][error]_i_16_n_0
    SLICE_X52Y143        LUT5 (Prop_lut5_I4_O)        0.105     9.130 r  i_kecc_aes_k_axi_top/i_axi2reg/i_axi_lite_to_reg/i_fifo_read/mem_q[0][error]_i_5/O
                         net (fo=22, estimated)       0.318     9.448    i_kecc_aes_k_axi_top/i_axi2reg/i_axi_lite_to_reg/i_fifo_read/mem_q[0][error]_i_5_n_0
    SLICE_X53Y143        LUT4 (Prop_lut4_I3_O)        0.105     9.553 r  i_kecc_aes_k_axi_top/i_axi2reg/i_axi_lite_to_reg/i_fifo_read/mem_q[0][error]_i_1/O
                         net (fo=15, estimated)       0.294     9.847    i_kecc_aes_k_axi_top/i_axi2reg/i_axi_lite_to_reg/i_fifo_read/mem_q[0][error]_i_5_0
    SLICE_X52Y141        LUT5 (Prop_lut5_I3_O)        0.105     9.952 f  i_kecc_aes_k_axi_top/i_axi2reg/i_axi_lite_to_reg/i_fifo_read/q[63]_i_3__20/O
                         net (fo=65, estimated)       1.189    11.141    i_kecc_aes_k_axi_top/i_axi2reg/i_axi_lite_to_reg/i_fifo_write_req/keccak_data_18_we
    SLICE_X36Y142        LUT3 (Prop_lut3_I2_O)        0.115    11.256 r  i_kecc_aes_k_axi_top/i_axi2reg/i_axi_lite_to_reg/i_fifo_write_req/wr_en_data_arb/q[23]_i_1__0/O
                         net (fo=1, estimated)        0.785    12.041    i_kecc_aes_k_axi_top/kecc_aes_k_axi_reg_top_i/u_keccak_data_18/q_reg[63]_0[23]
    SLICE_X34Y142        FDCE                                         r  i_kecc_aes_k_axi_top/kecc_aes_k_axi_reg_top_i/u_keccak_data_18/q_reg[23]/D
  -------------------------------------------------------------------    -------------------

                         (clock clk_i rise edge)     10.000    10.000 r  
                                                      0.000    10.000 r  clk_i (IN)
                         net (fo=6719, unset)         0.748    10.748    i_kecc_aes_k_axi_top/kecc_aes_k_axi_reg_top_i/u_keccak_data_18/clk_i
    SLICE_X34Y142        FDCE                                         r  i_kecc_aes_k_axi_top/kecc_aes_k_axi_reg_top_i/u_keccak_data_18/q_reg[23]/C
                         clock pessimism              0.000    10.748    
                         clock uncertainty           -0.035    10.712    
    SLICE_X34Y142        FDCE (Setup_fdce_C_D)       -0.203    10.509    i_kecc_aes_k_axi_top/kecc_aes_k_axi_reg_top_i/u_keccak_data_18/q_reg[23]
  -------------------------------------------------------------------
                         required time                         10.509    
                         arrival time                         -12.041    
  -------------------------------------------------------------------
                         slack                                 -1.532    

Slack (VIOLATED) :        -1.532ns  (required time - arrival time)
  Source:                 i_kecc_aes_k_axi_top/i_axi2reg/i_axi_to_axi_lite/i_axi_burst_splitter/i_demux_supported_vs_unsupported/gen_demux.gen_aw_id_counter.i_aw_id_counter/gen_counters[19].mst_select_q_reg[19][0]/C
                            (rising edge-triggered cell FDCE clocked by clk_i  {rise@0.000ns fall@5.000ns period=10.000ns})
  Destination:            i_kecc_aes_k_axi_top/kecc_aes_k_axi_reg_top_i/u_keccak_data_18/q_reg[23]/D
                            (rising edge-triggered cell FDCE clocked by clk_i  {rise@0.000ns fall@5.000ns period=10.000ns})
  Path Group:             clk_i
  Path Type:              Setup (Max at Slow Process Corner)
  Requirement:            10.000ns  (clk_i rise@10.000ns - clk_i rise@0.000ns)
  Data Path Delay:        11.254ns  (logic 2.715ns (24.125%)  route 8.539ns (75.875%))
  Logic Levels:           19  (LUT2=1 LUT3=1 LUT4=1 LUT5=9 LUT6=5 MUXF7=1 MUXF8=1)
  Clock Path Skew:        -0.039ns (DCD - SCD + CPR)
    Destination Clock Delay (DCD):    0.748ns = ( 10.748 - 10.000 ) 
    Source Clock Delay      (SCD):    0.787ns
    Clock Pessimism Removal (CPR):    0.000ns
  Clock Uncertainty:      0.035ns  ((TSJ^2 + TIJ^2)^1/2 + DJ) / 2 + PE
    Total System Jitter     (TSJ):    0.071ns
    Total Input Jitter      (TIJ):    0.000ns
    Discrete Jitter          (DJ):    0.000ns
    Phase Error              (PE):    0.000ns

    Location             Delay type                Incr(ns)  Path(ns)    Netlist Resource(s)
  -------------------------------------------------------------------    -------------------
                         (clock clk_i rise edge)      0.000     0.000 r  
                                                      0.000     0.000 r  clk_i (IN)
                         net (fo=6719, unset)         0.787     0.787    i_kecc_aes_k_axi_top/i_axi2reg/i_axi_to_axi_lite/i_axi_burst_splitter/i_demux_supported_vs_unsupported/gen_demux.gen_aw_id_counter.i_aw_id_counter/clk_i
    SLICE_X75Y131        FDCE                                         r  i_kecc_aes_k_axi_top/i_axi2reg/i_axi_to_axi_lite/i_axi_burst_splitter/i_demux_supported_vs_unsupported/gen_demux.gen_aw_id_counter.i_aw_id_counter/gen_counters[19].mst_select_q_reg[19][0]/C
  -------------------------------------------------------------------    -------------------
    SLICE_X75Y131        FDCE (Prop_fdce_C_Q)         0.348     1.135 r  i_kecc_aes_k_axi_top/i_axi2reg/i_axi_to_axi_lite/i_axi_burst_splitter/i_demux_supported_vs_unsupported/gen_demux.gen_aw_id_counter.i_aw_id_counter/gen_counters[19].mst_select_q_reg[19][0]/Q
                         net (fo=2, estimated)        0.689     1.824    i_kecc_aes_k_axi_top/i_axi2reg/i_axi_to_axi_lite/i_axi_burst_splitter/i_demux_supported_vs_unsupported/gen_demux.gen_aw_id_counter.i_aw_id_counter/gen_counters[19].mst_select_q_reg[19]_12
    SLICE_X74Y130        LUT6 (Prop_lut6_I0_O)        0.240     2.064 r  i_kecc_aes_k_axi_top/i_axi2reg/i_axi_to_axi_lite/i_axi_burst_splitter/i_demux_supported_vs_unsupported/gen_demux.gen_aw_id_counter.i_aw_id_counter/i__i_35/O
                         net (fo=1, routed)           0.000     2.064    i_kecc_aes_k_axi_top/i_axi2reg/i_axi_to_axi_lite/i_axi_burst_splitter/i_demux_supported_vs_unsupported/gen_demux.gen_aw_id_counter.i_aw_id_counter/i__i_35_n_0
    SLICE_X74Y130        MUXF7 (Prop_muxf7_I0_O)      0.201     2.265 r  i_kecc_aes_k_axi_top/i_axi2reg/i_axi_to_axi_lite/i_axi_burst_splitter/i_demux_supported_vs_unsupported/gen_demux.gen_aw_id_counter.i_aw_id_counter/i__i_15/O
                         net (fo=1, routed)           0.000     2.265    i_kecc_aes_k_axi_top/i_axi2reg/i_axi_to_axi_lite/i_axi_burst_splitter/i_demux_supported_vs_unsupported/gen_demux.gen_aw_id_counter.i_aw_id_counter/i__i_15_n_0
    SLICE_X74Y130        MUXF8 (Prop_muxf8_I0_O)      0.082     2.347 r  i_kecc_aes_k_axi_top/i_axi2reg/i_axi_to_axi_lite/i_axi_burst_splitter/i_demux_supported_vs_unsupported/gen_demux.gen_aw_id_counter.i_aw_id_counter/i__i_5/O
                         net (fo=1, estimated)        0.898     3.245    i_kecc_aes_k_axi_top/i_axi2reg/i_axi_to_axi_lite/i_axi_burst_splitter/i_demux_supported_vs_unsupported/gen_demux.gen_aw_id_counter.i_aw_id_counter/gen_counters[3].i_in_flight_cnt/i___33
    SLICE_X66Y129        LUT6 (Prop_lut6_I1_O)        0.259     3.504 r  i_kecc_aes_k_axi_top/i_axi2reg/i_axi_to_axi_lite/i_axi_burst_splitter/i_demux_supported_vs_unsupported/gen_demux.gen_aw_id_counter.i_aw_id_counter/gen_counters[3].i_in_flight_cnt/i__i_1__2__0/O
                         net (fo=2, estimated)        0.238     3.742    i_kecc_aes_k_axi_top/i_axi2reg/i_axi_to_axi_lite_n_170
    SLICE_X67Y130        LUT5 (Prop_lut5_I0_O)        0.105     3.847 r  i_kecc_aes_k_axi_top/i_axi2reg/i___80/O
                         net (fo=4, estimated)        0.259     4.106    i_kecc_aes_k_axi_top/i_axi2reg/i_axi_to_axi_lite/i_axi_burst_splitter/i_demux_supported_vs_unsupported/gen_demux.gen_aw_id_counter.i_aw_id_counter/gen_counters[3].i_in_flight_cnt/gen_demux.lock_aw_valid_q_reg_2
    SLICE_X63Y130        LUT5 (Prop_lut5_I2_O)        0.105     4.211 r  i_kecc_aes_k_axi_top/i_axi2reg/i_axi_to_axi_lite/i_axi_burst_splitter/i_demux_supported_vs_unsupported/gen_demux.gen_aw_id_counter.i_aw_id_counter/gen_counters[3].i_in_flight_cnt/i__i_4__6/O
                         net (fo=21, estimated)       0.303     4.514    i_kecc_aes_k_axi_top/i_axi2reg/i_axi_burst_splitter/i_axi_burst_splitter_aw_chan/state_d0
    SLICE_X65Y130        LUT5 (Prop_lut5_I4_O)        0.105     4.619 f  i_kecc_aes_k_axi_top/i_axi2reg/i__i_3__0/O
                         net (fo=2, estimated)        0.240     4.859    i_kecc_aes_k_axi_top/i_axi2reg/i__i_3__0_n_0
    SLICE_X64Y131        LUT5 (Prop_lut5_I2_O)        0.105     4.964 f  i_kecc_aes_k_axi_top/i_axi2reg/i__i_1__2/O
                         net (fo=3, estimated)        0.451     5.415    i_kecc_aes_k_axi_top/i_axi2reg/i__i_1__2_n_0
    SLICE_X61Y131        LUT6 (Prop_lut6_I0_O)        0.105     5.520 f  i_kecc_aes_k_axi_top/i_axi2reg/i__i_2__2/O
                         net (fo=1407, estimated)     0.635     6.155    i_kecc_aes_k_axi_top/i_axi2reg/i__i_2__2_n_0
    SLICE_X57Y135        LUT5 (Prop_lut5_I3_O)        0.105     6.260 r  i_kecc_aes_k_axi_top/i_axi2reg/mem_q[0][data][63]_i_20/O
                         net (fo=16, estimated)       0.707     6.967    i_kecc_aes_k_axi_top/i_axi2reg/i_axi_lite_to_reg/i_fifo_read/reg_req_i[addr][7]
    SLICE_X56Y136        LUT5 (Prop_lut5_I0_O)        0.105     7.072 r  i_kecc_aes_k_axi_top/i_axi2reg/i_axi_lite_to_reg/i_fifo_read/mem_q[0][data][63]_i_24/O
                         net (fo=18, estimated)       0.323     7.395    i_kecc_aes_k_axi_top/i_axi2reg/i_axi_lite_to_reg/i_fifo_read/mem_q[0][data][63]_i_24_n_0
    SLICE_X54Y137        LUT5 (Prop_lut5_I3_O)        0.105     7.500 r  i_kecc_aes_k_axi_top/i_axi2reg/i_axi_lite_to_reg/i_fifo_read/q[63]_i_3__9/O
                         net (fo=126, estimated)      0.423     7.923    i_kecc_aes_k_axi_top/i_axi2reg/i_axi_lite_to_reg/i_fifo_read/q[63]_i_3__9_n_0
    SLICE_X55Y137        LUT2 (Prop_lut2_I0_O)        0.105     8.028 r  i_kecc_aes_k_axi_top/i_axi2reg/i_axi_lite_to_reg/i_fifo_read/mem_q[0][data][63]_i_31/O
                         net (fo=6, estimated)        0.432     8.460    i_kecc_aes_k_axi_top/i_axi2reg/i_axi_lite_to_reg/i_fifo_read/mem_q[0][data][63]_i_31_n_0
    SLICE_X53Y142        LUT6 (Prop_lut6_I5_O)        0.105     8.565 f  i_kecc_aes_k_axi_top/i_axi2reg/i_axi_lite_to_reg/i_fifo_read/mem_q[0][error]_i_17/O
                         net (fo=1, estimated)        0.229     8.794    i_kecc_aes_k_axi_top/i_axi2reg/i_axi_lite_to_reg/i_fifo_read/mem_q[0][error]_i_17_n_0
    SLICE_X52Y143        LUT6 (Prop_lut6_I5_O)        0.105     8.899 f  i_kecc_aes_k_axi_top/i_axi2reg/i_axi_lite_to_reg/i_fifo_read/mem_q[0][error]_i_16/O
                         net (fo=1, estimated)        0.126     9.025    i_kecc_aes_k_axi_top/i_axi2reg/i_axi_lite_to_reg/i_fifo_read/mem_q[0][error]_i_16_n_0
    SLICE_X52Y143        LUT5 (Prop_lut5_I4_O)        0.105     9.130 r  i_kecc_aes_k_axi_top/i_axi2reg/i_axi_lite_to_reg/i_fifo_read/mem_q[0][error]_i_5/O
                         net (fo=22, estimated)       0.318     9.448    i_kecc_aes_k_axi_top/i_axi2reg/i_axi_lite_to_reg/i_fifo_read/mem_q[0][error]_i_5_n_0
    SLICE_X53Y143        LUT4 (Prop_lut4_I3_O)        0.105     9.553 r  i_kecc_aes_k_axi_top/i_axi2reg/i_axi_lite_to_reg/i_fifo_read/mem_q[0][error]_i_1/O
                         net (fo=15, estimated)       0.294     9.847    i_kecc_aes_k_axi_top/i_axi2reg/i_axi_lite_to_reg/i_fifo_read/mem_q[0][error]_i_5_0
    SLICE_X52Y141        LUT5 (Prop_lut5_I3_O)        0.105     9.952 f  i_kecc_aes_k_axi_top/i_axi2reg/i_axi_lite_to_reg/i_fifo_read/q[63]_i_3__20/O
                         net (fo=65, estimated)       1.189    11.141    i_kecc_aes_k_axi_top/i_axi2reg/i_axi_lite_to_reg/i_fifo_write_req/keccak_data_18_we
    SLICE_X36Y142        LUT3 (Prop_lut3_I2_O)        0.115    11.256 r  i_kecc_aes_k_axi_top/i_axi2reg/i_axi_lite_to_reg/i_fifo_write_req/wr_en_data_arb/q[23]_i_1__0/O
                         net (fo=1, estimated)        0.785    12.041    i_kecc_aes_k_axi_top/kecc_aes_k_axi_reg_top_i/u_keccak_data_18/q_reg[63]_0[23]
    SLICE_X34Y142        FDCE                                         r  i_kecc_aes_k_axi_top/kecc_aes_k_axi_reg_top_i/u_keccak_data_18/q_reg[23]/D
  -------------------------------------------------------------------    -------------------

                         (clock clk_i rise edge)     10.000    10.000 r  
                                                      0.000    10.000 r  clk_i (IN)
                         net (fo=6719, unset)         0.748    10.748    i_kecc_aes_k_axi_top/kecc_aes_k_axi_reg_top_i/u_keccak_data_18/clk_i
    SLICE_X34Y142        FDCE                                         r  i_kecc_aes_k_axi_top/kecc_aes_k_axi_reg_top_i/u_keccak_data_18/q_reg[23]/C
                         clock pessimism              0.000    10.748    
                         clock uncertainty           -0.035    10.712    
    SLICE_X34Y142        FDCE (Setup_fdce_C_D)       -0.203    10.509    i_kecc_aes_k_axi_top/kecc_aes_k_axi_reg_top_i/u_keccak_data_18/q_reg[23]
  -------------------------------------------------------------------
                         required time                         10.509    
                         arrival time                         -12.041    
  -------------------------------------------------------------------
                         slack                                 -1.532    

Slack (VIOLATED) :        -1.532ns  (required time - arrival time)
  Source:                 i_kecc_aes_k_axi_top/i_axi2reg/i_axi_to_axi_lite/i_axi_burst_splitter/i_demux_supported_vs_unsupported/gen_demux.gen_aw_id_counter.i_aw_id_counter/gen_counters[19].mst_select_q_reg[19][0]/C
                            (rising edge-triggered cell FDCE clocked by clk_i  {rise@0.000ns fall@5.000ns period=10.000ns})
  Destination:            i_kecc_aes_k_axi_top/kecc_aes_k_axi_reg_top_i/u_keccak_data_18/q_reg[23]/D
                            (rising edge-triggered cell FDCE clocked by clk_i  {rise@0.000ns fall@5.000ns period=10.000ns})
  Path Group:             clk_i
  Path Type:              Setup (Max at Slow Process Corner)
  Requirement:            10.000ns  (clk_i rise@10.000ns - clk_i rise@0.000ns)
  Data Path Delay:        11.254ns  (logic 2.715ns (24.125%)  route 8.539ns (75.875%))
  Logic Levels:           19  (LUT2=1 LUT3=1 LUT4=1 LUT5=9 LUT6=5 MUXF7=1 MUXF8=1)
  Clock Path Skew:        -0.039ns (DCD - SCD + CPR)
    Destination Clock Delay (DCD):    0.748ns = ( 10.748 - 10.000 ) 
    Source Clock Delay      (SCD):    0.787ns
    Clock Pessimism Removal (CPR):    0.000ns
  Clock Uncertainty:      0.035ns  ((TSJ^2 + TIJ^2)^1/2 + DJ) / 2 + PE
    Total System Jitter     (TSJ):    0.071ns
    Total Input Jitter      (TIJ):    0.000ns
    Discrete Jitter          (DJ):    0.000ns
    Phase Error              (PE):    0.000ns

    Location             Delay type                Incr(ns)  Path(ns)    Netlist Resource(s)
  -------------------------------------------------------------------    -------------------
                         (clock clk_i rise edge)      0.000     0.000 r  
                                                      0.000     0.000 r  clk_i (IN)
                         net (fo=6719, unset)         0.787     0.787    i_kecc_aes_k_axi_top/i_axi2reg/i_axi_to_axi_lite/i_axi_burst_splitter/i_demux_supported_vs_unsupported/gen_demux.gen_aw_id_counter.i_aw_id_counter/clk_i
    SLICE_X75Y131        FDCE                                         r  i_kecc_aes_k_axi_top/i_axi2reg/i_axi_to_axi_lite/i_axi_burst_splitter/i_demux_supported_vs_unsupported/gen_demux.gen_aw_id_counter.i_aw_id_counter/gen_counters[19].mst_select_q_reg[19][0]/C
  -------------------------------------------------------------------    -------------------
    SLICE_X75Y131        FDCE (Prop_fdce_C_Q)         0.348     1.135 f  i_kecc_aes_k_axi_top/i_axi2reg/i_axi_to_axi_lite/i_axi_burst_splitter/i_demux_supported_vs_unsupported/gen_demux.gen_aw_id_counter.i_aw_id_counter/gen_counters[19].mst_select_q_reg[19][0]/Q
                         net (fo=2, estimated)        0.689     1.824    i_kecc_aes_k_axi_top/i_axi2reg/i_axi_to_axi_lite/i_axi_burst_splitter/i_demux_supported_vs_unsupported/gen_demux.gen_aw_id_counter.i_aw_id_counter/gen_counters[19].mst_select_q_reg[19]_12
    SLICE_X74Y130        LUT6 (Prop_lut6_I0_O)        0.240     2.064 f  i_kecc_aes_k_axi_top/i_axi2reg/i_axi_to_axi_lite/i_axi_burst_splitter/i_demux_supported_vs_unsupported/gen_demux.gen_aw_id_counter.i_aw_id_counter/i__i_35/O
                         net (fo=1, routed)           0.000     2.064    i_kecc_aes_k_axi_top/i_axi2reg/i_axi_to_axi_lite/i_axi_burst_splitter/i_demux_supported_vs_unsupported/gen_demux.gen_aw_id_counter.i_aw_id_counter/i__i_35_n_0
    SLICE_X74Y130        MUXF7 (Prop_muxf7_I0_O)      0.201     2.265 f  i_kecc_aes_k_axi_top/i_axi2reg/i_axi_to_axi_lite/i_axi_burst_splitter/i_demux_supported_vs_unsupported/gen_demux.gen_aw_id_counter.i_aw_id_counter/i__i_15/O
                         net (fo=1, routed)           0.000     2.265    i_kecc_aes_k_axi_top/i_axi2reg/i_axi_to_axi_lite/i_axi_burst_splitter/i_demux_supported_vs_unsupported/gen_demux.gen_aw_id_counter.i_aw_id_counter/i__i_15_n_0
    SLICE_X74Y130        MUXF8 (Prop_muxf8_I0_O)      0.082     2.347 f  i_kecc_aes_k_axi_top/i_axi2reg/i_axi_to_axi_lite/i_axi_burst_splitter/i_demux_supported_vs_unsupported/gen_demux.gen_aw_id_counter.i_aw_id_counter/i__i_5/O
                         net (fo=1, estimated)        0.898     3.245    i_kecc_aes_k_axi_top/i_axi2reg/i_axi_to_axi_lite/i_axi_burst_splitter/i_demux_supported_vs_unsupported/gen_demux.gen_aw_id_counter.i_aw_id_counter/gen_counters[3].i_in_flight_cnt/i___33
    SLICE_X66Y129        LUT6 (Prop_lut6_I1_O)        0.259     3.504 r  i_kecc_aes_k_axi_top/i_axi2reg/i_axi_to_axi_lite/i_axi_burst_splitter/i_demux_supported_vs_unsupported/gen_demux.gen_aw_id_counter.i_aw_id_counter/gen_counters[3].i_in_flight_cnt/i__i_1__2__0/O
                         net (fo=2, estimated)        0.238     3.742    i_kecc_aes_k_axi_top/i_axi2reg/i_axi_to_axi_lite_n_170
    SLICE_X67Y130        LUT5 (Prop_lut5_I0_O)        0.105     3.847 r  i_kecc_aes_k_axi_top/i_axi2reg/i___80/O
                         net (fo=4, estimated)        0.259     4.106    i_kecc_aes_k_axi_top/i_axi2reg/i_axi_to_axi_lite/i_axi_burst_splitter/i_demux_supported_vs_unsupported/gen_demux.gen_aw_id_counter.i_aw_id_counter/gen_counters[3].i_in_flight_cnt/gen_demux.lock_aw_valid_q_reg_2
    SLICE_X63Y130        LUT5 (Prop_lut5_I2_O)        0.105     4.211 r  i_kecc_aes_k_axi_top/i_axi2reg/i_axi_to_axi_lite/i_axi_burst_splitter/i_demux_supported_vs_unsupported/gen_demux.gen_aw_id_counter.i_aw_id_counter/gen_counters[3].i_in_flight_cnt/i__i_4__6/O
                         net (fo=21, estimated)       0.303     4.514    i_kecc_aes_k_axi_top/i_axi2reg/i_axi_burst_splitter/i_axi_burst_splitter_aw_chan/state_d0
    SLICE_X65Y130        LUT5 (Prop_lut5_I4_O)        0.105     4.619 f  i_kecc_aes_k_axi_top/i_axi2reg/i__i_3__0/O
                         net (fo=2, estimated)        0.240     4.859    i_kecc_aes_k_axi_top/i_axi2reg/i__i_3__0_n_0
    SLICE_X64Y131        LUT5 (Prop_lut5_I2_O)        0.105     4.964 f  i_kecc_aes_k_axi_top/i_axi2reg/i__i_1__2/O
                         net (fo=3, estimated)        0.451     5.415    i_kecc_aes_k_axi_top/i_axi2reg/i__i_1__2_n_0
    SLICE_X61Y131        LUT6 (Prop_lut6_I0_O)        0.105     5.520 f  i_kecc_aes_k_axi_top/i_axi2reg/i__i_2__2/O
                         net (fo=1407, estimated)     0.635     6.155    i_kecc_aes_k_axi_top/i_axi2reg/i__i_2__2_n_0
    SLICE_X57Y135        LUT5 (Prop_lut5_I3_O)        0.105     6.260 r  i_kecc_aes_k_axi_top/i_axi2reg/mem_q[0][data][63]_i_20/O
                         net (fo=16, estimated)       0.707     6.967    i_kecc_aes_k_axi_top/i_axi2reg/i_axi_lite_to_reg/i_fifo_read/reg_req_i[addr][7]
    SLICE_X56Y136        LUT5 (Prop_lut5_I0_O)        0.105     7.072 r  i_kecc_aes_k_axi_top/i_axi2reg/i_axi_lite_to_reg/i_fifo_read/mem_q[0][data][63]_i_24/O
                         net (fo=18, estimated)       0.323     7.395    i_kecc_aes_k_axi_top/i_axi2reg/i_axi_lite_to_reg/i_fifo_read/mem_q[0][data][63]_i_24_n_0
    SLICE_X54Y137        LUT5 (Prop_lut5_I3_O)        0.105     7.500 r  i_kecc_aes_k_axi_top/i_axi2reg/i_axi_lite_to_reg/i_fifo_read/q[63]_i_3__9/O
                         net (fo=126, estimated)      0.423     7.923    i_kecc_aes_k_axi_top/i_axi2reg/i_axi_lite_to_reg/i_fifo_read/q[63]_i_3__9_n_0
    SLICE_X55Y137        LUT2 (Prop_lut2_I0_O)        0.105     8.028 r  i_kecc_aes_k_axi_top/i_axi2reg/i_axi_lite_to_reg/i_fifo_read/mem_q[0][data][63]_i_31/O
                         net (fo=6, estimated)        0.432     8.460    i_kecc_aes_k_axi_top/i_axi2reg/i_axi_lite_to_reg/i_fifo_read/mem_q[0][data][63]_i_31_n_0
    SLICE_X53Y142        LUT6 (Prop_lut6_I5_O)        0.105     8.565 f  i_kecc_aes_k_axi_top/i_axi2reg/i_axi_lite_to_reg/i_fifo_read/mem_q[0][error]_i_17/O
                         net (fo=1, estimated)        0.229     8.794    i_kecc_aes_k_axi_top/i_axi2reg/i_axi_lite_to_reg/i_fifo_read/mem_q[0][error]_i_17_n_0
    SLICE_X52Y143        LUT6 (Prop_lut6_I5_O)        0.105     8.899 f  i_kecc_aes_k_axi_top/i_axi2reg/i_axi_lite_to_reg/i_fifo_read/mem_q[0][error]_i_16/O
                         net (fo=1, estimated)        0.126     9.025    i_kecc_aes_k_axi_top/i_axi2reg/i_axi_lite_to_reg/i_fifo_read/mem_q[0][error]_i_16_n_0
    SLICE_X52Y143        LUT5 (Prop_lut5_I4_O)        0.105     9.130 r  i_kecc_aes_k_axi_top/i_axi2reg/i_axi_lite_to_reg/i_fifo_read/mem_q[0][error]_i_5/O
                         net (fo=22, estimated)       0.318     9.448    i_kecc_aes_k_axi_top/i_axi2reg/i_axi_lite_to_reg/i_fifo_read/mem_q[0][error]_i_5_n_0
    SLICE_X53Y143        LUT4 (Prop_lut4_I3_O)        0.105     9.553 r  i_kecc_aes_k_axi_top/i_axi2reg/i_axi_lite_to_reg/i_fifo_read/mem_q[0][error]_i_1/O
                         net (fo=15, estimated)       0.294     9.847    i_kecc_aes_k_axi_top/i_axi2reg/i_axi_lite_to_reg/i_fifo_read/mem_q[0][error]_i_5_0
    SLICE_X52Y141        LUT5 (Prop_lut5_I3_O)        0.105     9.952 f  i_kecc_aes_k_axi_top/i_axi2reg/i_axi_lite_to_reg/i_fifo_read/q[63]_i_3__20/O
                         net (fo=65, estimated)       1.189    11.141    i_kecc_aes_k_axi_top/i_axi2reg/i_axi_lite_to_reg/i_fifo_write_req/keccak_data_18_we
    SLICE_X36Y142        LUT3 (Prop_lut3_I2_O)        0.115    11.256 r  i_kecc_aes_k_axi_top/i_axi2reg/i_axi_lite_to_reg/i_fifo_write_req/wr_en_data_arb/q[23]_i_1__0/O
                         net (fo=1, estimated)        0.785    12.041    i_kecc_aes_k_axi_top/kecc_aes_k_axi_reg_top_i/u_keccak_data_18/q_reg[63]_0[23]
    SLICE_X34Y142        FDCE                                         r  i_kecc_aes_k_axi_top/kecc_aes_k_axi_reg_top_i/u_keccak_data_18/q_reg[23]/D
  -------------------------------------------------------------------    -------------------

                         (clock clk_i rise edge)     10.000    10.000 r  
                                                      0.000    10.000 r  clk_i (IN)
                         net (fo=6719, unset)         0.748    10.748    i_kecc_aes_k_axi_top/kecc_aes_k_axi_reg_top_i/u_keccak_data_18/clk_i
    SLICE_X34Y142        FDCE                                         r  i_kecc_aes_k_axi_top/kecc_aes_k_axi_reg_top_i/u_keccak_data_18/q_reg[23]/C
                         clock pessimism              0.000    10.748    
                         clock uncertainty           -0.035    10.712    
    SLICE_X34Y142        FDCE (Setup_fdce_C_D)       -0.203    10.509    i_kecc_aes_k_axi_top/kecc_aes_k_axi_reg_top_i/u_keccak_data_18/q_reg[23]
  -------------------------------------------------------------------
                         required time                         10.509    
                         arrival time                         -12.041    
  -------------------------------------------------------------------
                         slack                                 -1.532    

Slack (VIOLATED) :        -1.532ns  (required time - arrival time)
  Source:                 i_kecc_aes_k_axi_top/i_axi2reg/i_axi_to_axi_lite/i_axi_burst_splitter/i_demux_supported_vs_unsupported/gen_demux.gen_aw_id_counter.i_aw_id_counter/gen_counters[19].mst_select_q_reg[19][0]/C
                            (rising edge-triggered cell FDCE clocked by clk_i  {rise@0.000ns fall@5.000ns period=10.000ns})
  Destination:            i_kecc_aes_k_axi_top/kecc_aes_k_axi_reg_top_i/u_keccak_data_18/q_reg[23]/D
                            (rising edge-triggered cell FDCE clocked by clk_i  {rise@0.000ns fall@5.000ns period=10.000ns})
  Path Group:             clk_i
  Path Type:              Setup (Max at Slow Process Corner)
  Requirement:            10.000ns  (clk_i rise@10.000ns - clk_i rise@0.000ns)
  Data Path Delay:        11.254ns  (logic 2.715ns (24.125%)  route 8.539ns (75.875%))
  Logic Levels:           19  (LUT2=1 LUT3=1 LUT4=1 LUT5=9 LUT6=5 MUXF7=1 MUXF8=1)
  Clock Path Skew:        -0.039ns (DCD - SCD + CPR)
    Destination Clock Delay (DCD):    0.748ns = ( 10.748 - 10.000 ) 
    Source Clock Delay      (SCD):    0.787ns
    Clock Pessimism Removal (CPR):    0.000ns
  Clock Uncertainty:      0.035ns  ((TSJ^2 + TIJ^2)^1/2 + DJ) / 2 + PE
    Total System Jitter     (TSJ):    0.071ns
    Total Input Jitter      (TIJ):    0.000ns
    Discrete Jitter          (DJ):    0.000ns
    Phase Error              (PE):    0.000ns

    Location             Delay type                Incr(ns)  Path(ns)    Netlist Resource(s)
  -------------------------------------------------------------------    -------------------
                         (clock clk_i rise edge)      0.000     0.000 r  
                                                      0.000     0.000 r  clk_i (IN)
                         net (fo=6719, unset)         0.787     0.787    i_kecc_aes_k_axi_top/i_axi2reg/i_axi_to_axi_lite/i_axi_burst_splitter/i_demux_supported_vs_unsupported/gen_demux.gen_aw_id_counter.i_aw_id_counter/clk_i
    SLICE_X75Y131        FDCE                                         r  i_kecc_aes_k_axi_top/i_axi2reg/i_axi_to_axi_lite/i_axi_burst_splitter/i_demux_supported_vs_unsupported/gen_demux.gen_aw_id_counter.i_aw_id_counter/gen_counters[19].mst_select_q_reg[19][0]/C
  -------------------------------------------------------------------    -------------------
    SLICE_X75Y131        FDCE (Prop_fdce_C_Q)         0.348     1.135 r  i_kecc_aes_k_axi_top/i_axi2reg/i_axi_to_axi_lite/i_axi_burst_splitter/i_demux_supported_vs_unsupported/gen_demux.gen_aw_id_counter.i_aw_id_counter/gen_counters[19].mst_select_q_reg[19][0]/Q
                         net (fo=2, estimated)        0.689     1.824    i_kecc_aes_k_axi_top/i_axi2reg/i_axi_to_axi_lite/i_axi_burst_splitter/i_demux_supported_vs_unsupported/gen_demux.gen_aw_id_counter.i_aw_id_counter/gen_counters[19].mst_select_q_reg[19]_12
    SLICE_X74Y130        LUT6 (Prop_lut6_I0_O)        0.240     2.064 r  i_kecc_aes_k_axi_top/i_axi2reg/i_axi_to_axi_lite/i_axi_burst_splitter/i_demux_supported_vs_unsupported/gen_demux.gen_aw_id_counter.i_aw_id_counter/i__i_35/O
                         net (fo=1, routed)           0.000     2.064    i_kecc_aes_k_axi_top/i_axi2reg/i_axi_to_axi_lite/i_axi_burst_splitter/i_demux_supported_vs_unsupported/gen_demux.gen_aw_id_counter.i_aw_id_counter/i__i_35_n_0
    SLICE_X74Y130        MUXF7 (Prop_muxf7_I0_O)      0.201     2.265 r  i_kecc_aes_k_axi_top/i_axi2reg/i_axi_to_axi_lite/i_axi_burst_splitter/i_demux_supported_vs_unsupported/gen_demux.gen_aw_id_counter.i_aw_id_counter/i__i_15/O
                         net (fo=1, routed)           0.000     2.265    i_kecc_aes_k_axi_top/i_axi2reg/i_axi_to_axi_lite/i_axi_burst_splitter/i_demux_supported_vs_unsupported/gen_demux.gen_aw_id_counter.i_aw_id_counter/i__i_15_n_0
    SLICE_X74Y130        MUXF8 (Prop_muxf8_I0_O)      0.082     2.347 r  i_kecc_aes_k_axi_top/i_axi2reg/i_axi_to_axi_lite/i_axi_burst_splitter/i_demux_supported_vs_unsupported/gen_demux.gen_aw_id_counter.i_aw_id_counter/i__i_5/O
                         net (fo=1, estimated)        0.898     3.245    i_kecc_aes_k_axi_top/i_axi2reg/i_axi_to_axi_lite/i_axi_burst_splitter/i_demux_supported_vs_unsupported/gen_demux.gen_aw_id_counter.i_aw_id_counter/gen_counters[3].i_in_flight_cnt/i___33
    SLICE_X66Y129        LUT6 (Prop_lut6_I1_O)        0.259     3.504 f  i_kecc_aes_k_axi_top/i_axi2reg/i_axi_to_axi_lite/i_axi_burst_splitter/i_demux_supported_vs_unsupported/gen_demux.gen_aw_id_counter.i_aw_id_counter/gen_counters[3].i_in_flight_cnt/i__i_1__2__0/O
                         net (fo=2, estimated)        0.238     3.742    i_kecc_aes_k_axi_top/i_axi2reg/i_axi_to_axi_lite_n_170
    SLICE_X67Y130        LUT5 (Prop_lut5_I0_O)        0.105     3.847 f  i_kecc_aes_k_axi_top/i_axi2reg/i___80/O
                         net (fo=4, estimated)        0.259     4.106    i_kecc_aes_k_axi_top/i_axi2reg/i_axi_to_axi_lite/i_axi_burst_splitter/i_demux_supported_vs_unsupported/gen_demux.gen_aw_id_counter.i_aw_id_counter/gen_counters[3].i_in_flight_cnt/gen_demux.lock_aw_valid_q_reg_2
    SLICE_X63Y130        LUT5 (Prop_lut5_I2_O)        0.105     4.211 f  i_kecc_aes_k_axi_top/i_axi2reg/i_axi_to_axi_lite/i_axi_burst_splitter/i_demux_supported_vs_unsupported/gen_demux.gen_aw_id_counter.i_aw_id_counter/gen_counters[3].i_in_flight_cnt/i__i_4__6/O
                         net (fo=21, estimated)       0.303     4.514    i_kecc_aes_k_axi_top/i_axi2reg/i_axi_burst_splitter/i_axi_burst_splitter_aw_chan/state_d0
    SLICE_X65Y130        LUT5 (Prop_lut5_I4_O)        0.105     4.619 r  i_kecc_aes_k_axi_top/i_axi2reg/i__i_3__0/O
                         net (fo=2, estimated)        0.240     4.859    i_kecc_aes_k_axi_top/i_axi2reg/i__i_3__0_n_0
    SLICE_X64Y131        LUT5 (Prop_lut5_I2_O)        0.105     4.964 r  i_kecc_aes_k_axi_top/i_axi2reg/i__i_1__2/O
                         net (fo=3, estimated)        0.451     5.415    i_kecc_aes_k_axi_top/i_axi2reg/i__i_1__2_n_0
    SLICE_X61Y131        LUT6 (Prop_lut6_I0_O)        0.105     5.520 r  i_kecc_aes_k_axi_top/i_axi2reg/i__i_2__2/O
                         net (fo=1407, estimated)     0.635     6.155    i_kecc_aes_k_axi_top/i_axi2reg/i__i_2__2_n_0
    SLICE_X57Y135        LUT5 (Prop_lut5_I3_O)        0.105     6.260 f  i_kecc_aes_k_axi_top/i_axi2reg/mem_q[0][data][63]_i_20/O
                         net (fo=16, estimated)       0.707     6.967    i_kecc_aes_k_axi_top/i_axi2reg/i_axi_lite_to_reg/i_fifo_read/reg_req_i[addr][7]
    SLICE_X56Y136        LUT5 (Prop_lut5_I0_O)        0.105     7.072 f  i_kecc_aes_k_axi_top/i_axi2reg/i_axi_lite_to_reg/i_fifo_read/mem_q[0][data][63]_i_24/O
                         net (fo=18, estimated)       0.323     7.395    i_kecc_aes_k_axi_top/i_axi2reg/i_axi_lite_to_reg/i_fifo_read/mem_q[0][data][63]_i_24_n_0
    SLICE_X54Y137        LUT5 (Prop_lut5_I3_O)        0.105     7.500 f  i_kecc_aes_k_axi_top/i_axi2reg/i_axi_lite_to_reg/i_fifo_read/q[63]_i_3__9/O
                         net (fo=126, estimated)      0.423     7.923    i_kecc_aes_k_axi_top/i_axi2reg/i_axi_lite_to_reg/i_fifo_read/q[63]_i_3__9_n_0
    SLICE_X55Y137        LUT2 (Prop_lut2_I0_O)        0.105     8.028 f  i_kecc_aes_k_axi_top/i_axi2reg/i_axi_lite_to_reg/i_fifo_read/mem_q[0][data][63]_i_31/O
                         net (fo=6, estimated)        0.432     8.460    i_kecc_aes_k_axi_top/i_axi2reg/i_axi_lite_to_reg/i_fifo_read/mem_q[0][data][63]_i_31_n_0
    SLICE_X53Y142        LUT6 (Prop_lut6_I5_O)        0.105     8.565 r  i_kecc_aes_k_axi_top/i_axi2reg/i_axi_lite_to_reg/i_fifo_read/mem_q[0][error]_i_17/O
                         net (fo=1, estimated)        0.229     8.794    i_kecc_aes_k_axi_top/i_axi2reg/i_axi_lite_to_reg/i_fifo_read/mem_q[0][error]_i_17_n_0
    SLICE_X52Y143        LUT6 (Prop_lut6_I5_O)        0.105     8.899 r  i_kecc_aes_k_axi_top/i_axi2reg/i_axi_lite_to_reg/i_fifo_read/mem_q[0][error]_i_16/O
                         net (fo=1, estimated)        0.126     9.025    i_kecc_aes_k_axi_top/i_axi2reg/i_axi_lite_to_reg/i_fifo_read/mem_q[0][error]_i_16_n_0
    SLICE_X52Y143        LUT5 (Prop_lut5_I4_O)        0.105     9.130 f  i_kecc_aes_k_axi_top/i_axi2reg/i_axi_lite_to_reg/i_fifo_read/mem_q[0][error]_i_5/O
                         net (fo=22, estimated)       0.318     9.448    i_kecc_aes_k_axi_top/i_axi2reg/i_axi_lite_to_reg/i_fifo_read/mem_q[0][error]_i_5_n_0
    SLICE_X53Y143        LUT4 (Prop_lut4_I3_O)        0.105     9.553 r  i_kecc_aes_k_axi_top/i_axi2reg/i_axi_lite_to_reg/i_fifo_read/mem_q[0][error]_i_1/O
                         net (fo=15, estimated)       0.294     9.847    i_kecc_aes_k_axi_top/i_axi2reg/i_axi_lite_to_reg/i_fifo_read/mem_q[0][error]_i_5_0
    SLICE_X52Y141        LUT5 (Prop_lut5_I3_O)        0.105     9.952 f  i_kecc_aes_k_axi_top/i_axi2reg/i_axi_lite_to_reg/i_fifo_read/q[63]_i_3__20/O
                         net (fo=65, estimated)       1.189    11.141    i_kecc_aes_k_axi_top/i_axi2reg/i_axi_lite_to_reg/i_fifo_write_req/keccak_data_18_we
    SLICE_X36Y142        LUT3 (Prop_lut3_I2_O)        0.115    11.256 r  i_kecc_aes_k_axi_top/i_axi2reg/i_axi_lite_to_reg/i_fifo_write_req/wr_en_data_arb/q[23]_i_1__0/O
                         net (fo=1, estimated)        0.785    12.041    i_kecc_aes_k_axi_top/kecc_aes_k_axi_reg_top_i/u_keccak_data_18/q_reg[63]_0[23]
    SLICE_X34Y142        FDCE                                         r  i_kecc_aes_k_axi_top/kecc_aes_k_axi_reg_top_i/u_keccak_data_18/q_reg[23]/D
  -------------------------------------------------------------------    -------------------

                         (clock clk_i rise edge)     10.000    10.000 r  
                                                      0.000    10.000 r  clk_i (IN)
                         net (fo=6719, unset)         0.748    10.748    i_kecc_aes_k_axi_top/kecc_aes_k_axi_reg_top_i/u_keccak_data_18/clk_i
    SLICE_X34Y142        FDCE                                         r  i_kecc_aes_k_axi_top/kecc_aes_k_axi_reg_top_i/u_keccak_data_18/q_reg[23]/C
                         clock pessimism              0.000    10.748    
                         clock uncertainty           -0.035    10.712    
    SLICE_X34Y142        FDCE (Setup_fdce_C_D)       -0.203    10.509    i_kecc_aes_k_axi_top/kecc_aes_k_axi_reg_top_i/u_keccak_data_18/q_reg[23]
  -------------------------------------------------------------------
                         required time                         10.509    
                         arrival time                         -12.041    
  -------------------------------------------------------------------
                         slack                                 -1.532    

Slack (VIOLATED) :        -1.532ns  (required time - arrival time)
  Source:                 i_kecc_aes_k_axi_top/i_axi2reg/i_axi_to_axi_lite/i_axi_burst_splitter/i_demux_supported_vs_unsupported/gen_demux.gen_aw_id_counter.i_aw_id_counter/gen_counters[19].mst_select_q_reg[19][0]/C
                            (rising edge-triggered cell FDCE clocked by clk_i  {rise@0.000ns fall@5.000ns period=10.000ns})
  Destination:            i_kecc_aes_k_axi_top/kecc_aes_k_axi_reg_top_i/u_keccak_data_18/q_reg[23]/D
                            (rising edge-triggered cell FDCE clocked by clk_i  {rise@0.000ns fall@5.000ns period=10.000ns})
  Path Group:             clk_i
  Path Type:              Setup (Max at Slow Process Corner)
  Requirement:            10.000ns  (clk_i rise@10.000ns - clk_i rise@0.000ns)
  Data Path Delay:        11.254ns  (logic 2.715ns (24.125%)  route 8.539ns (75.875%))
  Logic Levels:           19  (LUT2=1 LUT3=1 LUT4=1 LUT5=9 LUT6=5 MUXF7=1 MUXF8=1)
  Clock Path Skew:        -0.039ns (DCD - SCD + CPR)
    Destination Clock Delay (DCD):    0.748ns = ( 10.748 - 10.000 ) 
    Source Clock Delay      (SCD):    0.787ns
    Clock Pessimism Removal (CPR):    0.000ns
  Clock Uncertainty:      0.035ns  ((TSJ^2 + TIJ^2)^1/2 + DJ) / 2 + PE
    Total System Jitter     (TSJ):    0.071ns
    Total Input Jitter      (TIJ):    0.000ns
    Discrete Jitter          (DJ):    0.000ns
    Phase Error              (PE):    0.000ns

    Location             Delay type                Incr(ns)  Path(ns)    Netlist Resource(s)
  -------------------------------------------------------------------    -------------------
                         (clock clk_i rise edge)      0.000     0.000 r  
                                                      0.000     0.000 r  clk_i (IN)
                         net (fo=6719, unset)         0.787     0.787    i_kecc_aes_k_axi_top/i_axi2reg/i_axi_to_axi_lite/i_axi_burst_splitter/i_demux_supported_vs_unsupported/gen_demux.gen_aw_id_counter.i_aw_id_counter/clk_i
    SLICE_X75Y131        FDCE                                         r  i_kecc_aes_k_axi_top/i_axi2reg/i_axi_to_axi_lite/i_axi_burst_splitter/i_demux_supported_vs_unsupported/gen_demux.gen_aw_id_counter.i_aw_id_counter/gen_counters[19].mst_select_q_reg[19][0]/C
  -------------------------------------------------------------------    -------------------
    SLICE_X75Y131        FDCE (Prop_fdce_C_Q)         0.348     1.135 f  i_kecc_aes_k_axi_top/i_axi2reg/i_axi_to_axi_lite/i_axi_burst_splitter/i_demux_supported_vs_unsupported/gen_demux.gen_aw_id_counter.i_aw_id_counter/gen_counters[19].mst_select_q_reg[19][0]/Q
                         net (fo=2, estimated)        0.689     1.824    i_kecc_aes_k_axi_top/i_axi2reg/i_axi_to_axi_lite/i_axi_burst_splitter/i_demux_supported_vs_unsupported/gen_demux.gen_aw_id_counter.i_aw_id_counter/gen_counters[19].mst_select_q_reg[19]_12
    SLICE_X74Y130        LUT6 (Prop_lut6_I0_O)        0.240     2.064 f  i_kecc_aes_k_axi_top/i_axi2reg/i_axi_to_axi_lite/i_axi_burst_splitter/i_demux_supported_vs_unsupported/gen_demux.gen_aw_id_counter.i_aw_id_counter/i__i_35/O
                         net (fo=1, routed)           0.000     2.064    i_kecc_aes_k_axi_top/i_axi2reg/i_axi_to_axi_lite/i_axi_burst_splitter/i_demux_supported_vs_unsupported/gen_demux.gen_aw_id_counter.i_aw_id_counter/i__i_35_n_0
    SLICE_X74Y130        MUXF7 (Prop_muxf7_I0_O)      0.201     2.265 f  i_kecc_aes_k_axi_top/i_axi2reg/i_axi_to_axi_lite/i_axi_burst_splitter/i_demux_supported_vs_unsupported/gen_demux.gen_aw_id_counter.i_aw_id_counter/i__i_15/O
                         net (fo=1, routed)           0.000     2.265    i_kecc_aes_k_axi_top/i_axi2reg/i_axi_to_axi_lite/i_axi_burst_splitter/i_demux_supported_vs_unsupported/gen_demux.gen_aw_id_counter.i_aw_id_counter/i__i_15_n_0
    SLICE_X74Y130        MUXF8 (Prop_muxf8_I0_O)      0.082     2.347 f  i_kecc_aes_k_axi_top/i_axi2reg/i_axi_to_axi_lite/i_axi_burst_splitter/i_demux_supported_vs_unsupported/gen_demux.gen_aw_id_counter.i_aw_id_counter/i__i_5/O
                         net (fo=1, estimated)        0.898     3.245    i_kecc_aes_k_axi_top/i_axi2reg/i_axi_to_axi_lite/i_axi_burst_splitter/i_demux_supported_vs_unsupported/gen_demux.gen_aw_id_counter.i_aw_id_counter/gen_counters[3].i_in_flight_cnt/i___33
    SLICE_X66Y129        LUT6 (Prop_lut6_I1_O)        0.259     3.504 f  i_kecc_aes_k_axi_top/i_axi2reg/i_axi_to_axi_lite/i_axi_burst_splitter/i_demux_supported_vs_unsupported/gen_demux.gen_aw_id_counter.i_aw_id_counter/gen_counters[3].i_in_flight_cnt/i__i_1__2__0/O
                         net (fo=2, estimated)        0.238     3.742    i_kecc_aes_k_axi_top/i_axi2reg/i_axi_to_axi_lite_n_170
    SLICE_X67Y130        LUT5 (Prop_lut5_I0_O)        0.105     3.847 f  i_kecc_aes_k_axi_top/i_axi2reg/i___80/O
                         net (fo=4, estimated)        0.259     4.106    i_kecc_aes_k_axi_top/i_axi2reg/i_axi_to_axi_lite/i_axi_burst_splitter/i_demux_supported_vs_unsupported/gen_demux.gen_aw_id_counter.i_aw_id_counter/gen_counters[3].i_in_flight_cnt/gen_demux.lock_aw_valid_q_reg_2
    SLICE_X63Y130        LUT5 (Prop_lut5_I2_O)        0.105     4.211 f  i_kecc_aes_k_axi_top/i_axi2reg/i_axi_to_axi_lite/i_axi_burst_splitter/i_demux_supported_vs_unsupported/gen_demux.gen_aw_id_counter.i_aw_id_counter/gen_counters[3].i_in_flight_cnt/i__i_4__6/O
                         net (fo=21, estimated)       0.303     4.514    i_kecc_aes_k_axi_top/i_axi2reg/i_axi_burst_splitter/i_axi_burst_splitter_aw_chan/state_d0
    SLICE_X65Y130        LUT5 (Prop_lut5_I4_O)        0.105     4.619 r  i_kecc_aes_k_axi_top/i_axi2reg/i__i_3__0/O
                         net (fo=2, estimated)        0.240     4.859    i_kecc_aes_k_axi_top/i_axi2reg/i__i_3__0_n_0
    SLICE_X64Y131        LUT5 (Prop_lut5_I2_O)        0.105     4.964 r  i_kecc_aes_k_axi_top/i_axi2reg/i__i_1__2/O
                         net (fo=3, estimated)        0.451     5.415    i_kecc_aes_k_axi_top/i_axi2reg/i__i_1__2_n_0
    SLICE_X61Y131        LUT6 (Prop_lut6_I0_O)        0.105     5.520 r  i_kecc_aes_k_axi_top/i_axi2reg/i__i_2__2/O
                         net (fo=1407, estimated)     0.635     6.155    i_kecc_aes_k_axi_top/i_axi2reg/i__i_2__2_n_0
    SLICE_X57Y135        LUT5 (Prop_lut5_I3_O)        0.105     6.260 f  i_kecc_aes_k_axi_top/i_axi2reg/mem_q[0][data][63]_i_20/O
                         net (fo=16, estimated)       0.707     6.967    i_kecc_aes_k_axi_top/i_axi2reg/i_axi_lite_to_reg/i_fifo_read/reg_req_i[addr][7]
    SLICE_X56Y136        LUT5 (Prop_lut5_I0_O)        0.105     7.072 f  i_kecc_aes_k_axi_top/i_axi2reg/i_axi_lite_to_reg/i_fifo_read/mem_q[0][data][63]_i_24/O
                         net (fo=18, estimated)       0.323     7.395    i_kecc_aes_k_axi_top/i_axi2reg/i_axi_lite_to_reg/i_fifo_read/mem_q[0][data][63]_i_24_n_0
    SLICE_X54Y137        LUT5 (Prop_lut5_I3_O)        0.105     7.500 f  i_kecc_aes_k_axi_top/i_axi2reg/i_axi_lite_to_reg/i_fifo_read/q[63]_i_3__9/O
                         net (fo=126, estimated)      0.423     7.923    i_kecc_aes_k_axi_top/i_axi2reg/i_axi_lite_to_reg/i_fifo_read/q[63]_i_3__9_n_0
    SLICE_X55Y137        LUT2 (Prop_lut2_I0_O)        0.105     8.028 f  i_kecc_aes_k_axi_top/i_axi2reg/i_axi_lite_to_reg/i_fifo_read/mem_q[0][data][63]_i_31/O
                         net (fo=6, estimated)        0.432     8.460    i_kecc_aes_k_axi_top/i_axi2reg/i_axi_lite_to_reg/i_fifo_read/mem_q[0][data][63]_i_31_n_0
    SLICE_X53Y142        LUT6 (Prop_lut6_I5_O)        0.105     8.565 r  i_kecc_aes_k_axi_top/i_axi2reg/i_axi_lite_to_reg/i_fifo_read/mem_q[0][error]_i_17/O
                         net (fo=1, estimated)        0.229     8.794    i_kecc_aes_k_axi_top/i_axi2reg/i_axi_lite_to_reg/i_fifo_read/mem_q[0][error]_i_17_n_0
    SLICE_X52Y143        LUT6 (Prop_lut6_I5_O)        0.105     8.899 r  i_kecc_aes_k_axi_top/i_axi2reg/i_axi_lite_to_reg/i_fifo_read/mem_q[0][error]_i_16/O
                         net (fo=1, estimated)        0.126     9.025    i_kecc_aes_k_axi_top/i_axi2reg/i_axi_lite_to_reg/i_fifo_read/mem_q[0][error]_i_16_n_0
    SLICE_X52Y143        LUT5 (Prop_lut5_I4_O)        0.105     9.130 f  i_kecc_aes_k_axi_top/i_axi2reg/i_axi_lite_to_reg/i_fifo_read/mem_q[0][error]_i_5/O
                         net (fo=22, estimated)       0.318     9.448    i_kecc_aes_k_axi_top/i_axi2reg/i_axi_lite_to_reg/i_fifo_read/mem_q[0][error]_i_5_n_0
    SLICE_X53Y143        LUT4 (Prop_lut4_I3_O)        0.105     9.553 r  i_kecc_aes_k_axi_top/i_axi2reg/i_axi_lite_to_reg/i_fifo_read/mem_q[0][error]_i_1/O
                         net (fo=15, estimated)       0.294     9.847    i_kecc_aes_k_axi_top/i_axi2reg/i_axi_lite_to_reg/i_fifo_read/mem_q[0][error]_i_5_0
    SLICE_X52Y141        LUT5 (Prop_lut5_I3_O)        0.105     9.952 f  i_kecc_aes_k_axi_top/i_axi2reg/i_axi_lite_to_reg/i_fifo_read/q[63]_i_3__20/O
                         net (fo=65, estimated)       1.189    11.141    i_kecc_aes_k_axi_top/i_axi2reg/i_axi_lite_to_reg/i_fifo_write_req/keccak_data_18_we
    SLICE_X36Y142        LUT3 (Prop_lut3_I2_O)        0.115    11.256 r  i_kecc_aes_k_axi_top/i_axi2reg/i_axi_lite_to_reg/i_fifo_write_req/wr_en_data_arb/q[23]_i_1__0/O
                         net (fo=1, estimated)        0.785    12.041    i_kecc_aes_k_axi_top/kecc_aes_k_axi_reg_top_i/u_keccak_data_18/q_reg[63]_0[23]
    SLICE_X34Y142        FDCE                                         r  i_kecc_aes_k_axi_top/kecc_aes_k_axi_reg_top_i/u_keccak_data_18/q_reg[23]/D
  -------------------------------------------------------------------    -------------------

                         (clock clk_i rise edge)     10.000    10.000 r  
                                                      0.000    10.000 r  clk_i (IN)
                         net (fo=6719, unset)         0.748    10.748    i_kecc_aes_k_axi_top/kecc_aes_k_axi_reg_top_i/u_keccak_data_18/clk_i
    SLICE_X34Y142        FDCE                                         r  i_kecc_aes_k_axi_top/kecc_aes_k_axi_reg_top_i/u_keccak_data_18/q_reg[23]/C
                         clock pessimism              0.000    10.748    
                         clock uncertainty           -0.035    10.712    
    SLICE_X34Y142        FDCE (Setup_fdce_C_D)       -0.203    10.509    i_kecc_aes_k_axi_top/kecc_aes_k_axi_reg_top_i/u_keccak_data_18/q_reg[23]
  -------------------------------------------------------------------
                         required time                         10.509    
                         arrival time                         -12.041    
  -------------------------------------------------------------------
                         slack                                 -1.532    

Slack (VIOLATED) :        -1.532ns  (required time - arrival time)
  Source:                 i_kecc_aes_k_axi_top/i_axi2reg/i_axi_to_axi_lite/i_axi_burst_splitter/i_demux_supported_vs_unsupported/gen_demux.gen_aw_id_counter.i_aw_id_counter/gen_counters[19].mst_select_q_reg[19][0]/C
                            (rising edge-triggered cell FDCE clocked by clk_i  {rise@0.000ns fall@5.000ns period=10.000ns})
  Destination:            i_kecc_aes_k_axi_top/kecc_aes_k_axi_reg_top_i/u_keccak_data_18/q_reg[23]/D
                            (rising edge-triggered cell FDCE clocked by clk_i  {rise@0.000ns fall@5.000ns period=10.000ns})
  Path Group:             clk_i
  Path Type:              Setup (Max at Slow Process Corner)
  Requirement:            10.000ns  (clk_i rise@10.000ns - clk_i rise@0.000ns)
  Data Path Delay:        11.254ns  (logic 2.715ns (24.125%)  route 8.539ns (75.875%))
  Logic Levels:           19  (LUT2=1 LUT3=1 LUT4=1 LUT5=9 LUT6=5 MUXF7=1 MUXF8=1)
  Clock Path Skew:        -0.039ns (DCD - SCD + CPR)
    Destination Clock Delay (DCD):    0.748ns = ( 10.748 - 10.000 ) 
    Source Clock Delay      (SCD):    0.787ns
    Clock Pessimism Removal (CPR):    0.000ns
  Clock Uncertainty:      0.035ns  ((TSJ^2 + TIJ^2)^1/2 + DJ) / 2 + PE
    Total System Jitter     (TSJ):    0.071ns
    Total Input Jitter      (TIJ):    0.000ns
    Discrete Jitter          (DJ):    0.000ns
    Phase Error              (PE):    0.000ns

    Location             Delay type                Incr(ns)  Path(ns)    Netlist Resource(s)
  -------------------------------------------------------------------    -------------------
                         (clock clk_i rise edge)      0.000     0.000 r  
                                                      0.000     0.000 r  clk_i (IN)
                         net (fo=6719, unset)         0.787     0.787    i_kecc_aes_k_axi_top/i_axi2reg/i_axi_to_axi_lite/i_axi_burst_splitter/i_demux_supported_vs_unsupported/gen_demux.gen_aw_id_counter.i_aw_id_counter/clk_i
    SLICE_X75Y131        FDCE                                         r  i_kecc_aes_k_axi_top/i_axi2reg/i_axi_to_axi_lite/i_axi_burst_splitter/i_demux_supported_vs_unsupported/gen_demux.gen_aw_id_counter.i_aw_id_counter/gen_counters[19].mst_select_q_reg[19][0]/C
  -------------------------------------------------------------------    -------------------
    SLICE_X75Y131        FDCE (Prop_fdce_C_Q)         0.348     1.135 r  i_kecc_aes_k_axi_top/i_axi2reg/i_axi_to_axi_lite/i_axi_burst_splitter/i_demux_supported_vs_unsupported/gen_demux.gen_aw_id_counter.i_aw_id_counter/gen_counters[19].mst_select_q_reg[19][0]/Q
                         net (fo=2, estimated)        0.689     1.824    i_kecc_aes_k_axi_top/i_axi2reg/i_axi_to_axi_lite/i_axi_burst_splitter/i_demux_supported_vs_unsupported/gen_demux.gen_aw_id_counter.i_aw_id_counter/gen_counters[19].mst_select_q_reg[19]_12
    SLICE_X74Y130        LUT6 (Prop_lut6_I0_O)        0.240     2.064 r  i_kecc_aes_k_axi_top/i_axi2reg/i_axi_to_axi_lite/i_axi_burst_splitter/i_demux_supported_vs_unsupported/gen_demux.gen_aw_id_counter.i_aw_id_counter/i__i_35/O
                         net (fo=1, routed)           0.000     2.064    i_kecc_aes_k_axi_top/i_axi2reg/i_axi_to_axi_lite/i_axi_burst_splitter/i_demux_supported_vs_unsupported/gen_demux.gen_aw_id_counter.i_aw_id_counter/i__i_35_n_0
    SLICE_X74Y130        MUXF7 (Prop_muxf7_I0_O)      0.201     2.265 r  i_kecc_aes_k_axi_top/i_axi2reg/i_axi_to_axi_lite/i_axi_burst_splitter/i_demux_supported_vs_unsupported/gen_demux.gen_aw_id_counter.i_aw_id_counter/i__i_15/O
                         net (fo=1, routed)           0.000     2.265    i_kecc_aes_k_axi_top/i_axi2reg/i_axi_to_axi_lite/i_axi_burst_splitter/i_demux_supported_vs_unsupported/gen_demux.gen_aw_id_counter.i_aw_id_counter/i__i_15_n_0
    SLICE_X74Y130        MUXF8 (Prop_muxf8_I0_O)      0.082     2.347 r  i_kecc_aes_k_axi_top/i_axi2reg/i_axi_to_axi_lite/i_axi_burst_splitter/i_demux_supported_vs_unsupported/gen_demux.gen_aw_id_counter.i_aw_id_counter/i__i_5/O
                         net (fo=1, estimated)        0.898     3.245    i_kecc_aes_k_axi_top/i_axi2reg/i_axi_to_axi_lite/i_axi_burst_splitter/i_demux_supported_vs_unsupported/gen_demux.gen_aw_id_counter.i_aw_id_counter/gen_counters[3].i_in_flight_cnt/i___33
    SLICE_X66Y129        LUT6 (Prop_lut6_I1_O)        0.259     3.504 r  i_kecc_aes_k_axi_top/i_axi2reg/i_axi_to_axi_lite/i_axi_burst_splitter/i_demux_supported_vs_unsupported/gen_demux.gen_aw_id_counter.i_aw_id_counter/gen_counters[3].i_in_flight_cnt/i__i_1__2__0/O
                         net (fo=2, estimated)        0.238     3.742    i_kecc_aes_k_axi_top/i_axi2reg/i_axi_to_axi_lite_n_170
    SLICE_X67Y130        LUT5 (Prop_lut5_I0_O)        0.105     3.847 r  i_kecc_aes_k_axi_top/i_axi2reg/i___80/O
                         net (fo=4, estimated)        0.259     4.106    i_kecc_aes_k_axi_top/i_axi2reg/i_axi_to_axi_lite/i_axi_burst_splitter/i_demux_supported_vs_unsupported/gen_demux.gen_aw_id_counter.i_aw_id_counter/gen_counters[3].i_in_flight_cnt/gen_demux.lock_aw_valid_q_reg_2
    SLICE_X63Y130        LUT5 (Prop_lut5_I2_O)        0.105     4.211 r  i_kecc_aes_k_axi_top/i_axi2reg/i_axi_to_axi_lite/i_axi_burst_splitter/i_demux_supported_vs_unsupported/gen_demux.gen_aw_id_counter.i_aw_id_counter/gen_counters[3].i_in_flight_cnt/i__i_4__6/O
                         net (fo=21, estimated)       0.303     4.514    i_kecc_aes_k_axi_top/i_axi2reg/i_axi_burst_splitter/i_axi_burst_splitter_aw_chan/state_d0
    SLICE_X65Y130        LUT5 (Prop_lut5_I4_O)        0.105     4.619 f  i_kecc_aes_k_axi_top/i_axi2reg/i__i_3__0/O
                         net (fo=2, estimated)        0.240     4.859    i_kecc_aes_k_axi_top/i_axi2reg/i__i_3__0_n_0
    SLICE_X64Y131        LUT5 (Prop_lut5_I2_O)        0.105     4.964 f  i_kecc_aes_k_axi_top/i_axi2reg/i__i_1__2/O
                         net (fo=3, estimated)        0.451     5.415    i_kecc_aes_k_axi_top/i_axi2reg/i__i_1__2_n_0
    SLICE_X61Y131        LUT6 (Prop_lut6_I0_O)        0.105     5.520 f  i_kecc_aes_k_axi_top/i_axi2reg/i__i_2__2/O
                         net (fo=1407, estimated)     0.635     6.155    i_kecc_aes_k_axi_top/i_axi2reg/i__i_2__2_n_0
    SLICE_X57Y135        LUT5 (Prop_lut5_I3_O)        0.105     6.260 f  i_kecc_aes_k_axi_top/i_axi2reg/mem_q[0][data][63]_i_20/O
                         net (fo=16, estimated)       0.707     6.967    i_kecc_aes_k_axi_top/i_axi2reg/i_axi_lite_to_reg/i_fifo_read/reg_req_i[addr][7]
    SLICE_X56Y136        LUT5 (Prop_lut5_I0_O)        0.105     7.072 f  i_kecc_aes_k_axi_top/i_axi2reg/i_axi_lite_to_reg/i_fifo_read/mem_q[0][data][63]_i_24/O
                         net (fo=18, estimated)       0.323     7.395    i_kecc_aes_k_axi_top/i_axi2reg/i_axi_lite_to_reg/i_fifo_read/mem_q[0][data][63]_i_24_n_0
    SLICE_X54Y137        LUT5 (Prop_lut5_I3_O)        0.105     7.500 f  i_kecc_aes_k_axi_top/i_axi2reg/i_axi_lite_to_reg/i_fifo_read/q[63]_i_3__9/O
                         net (fo=126, estimated)      0.423     7.923    i_kecc_aes_k_axi_top/i_axi2reg/i_axi_lite_to_reg/i_fifo_read/q[63]_i_3__9_n_0
    SLICE_X55Y137        LUT2 (Prop_lut2_I0_O)        0.105     8.028 f  i_kecc_aes_k_axi_top/i_axi2reg/i_axi_lite_to_reg/i_fifo_read/mem_q[0][data][63]_i_31/O
                         net (fo=6, estimated)        0.432     8.460    i_kecc_aes_k_axi_top/i_axi2reg/i_axi_lite_to_reg/i_fifo_read/mem_q[0][data][63]_i_31_n_0
    SLICE_X53Y142        LUT6 (Prop_lut6_I5_O)        0.105     8.565 r  i_kecc_aes_k_axi_top/i_axi2reg/i_axi_lite_to_reg/i_fifo_read/mem_q[0][error]_i_17/O
                         net (fo=1, estimated)        0.229     8.794    i_kecc_aes_k_axi_top/i_axi2reg/i_axi_lite_to_reg/i_fifo_read/mem_q[0][error]_i_17_n_0
    SLICE_X52Y143        LUT6 (Prop_lut6_I5_O)        0.105     8.899 r  i_kecc_aes_k_axi_top/i_axi2reg/i_axi_lite_to_reg/i_fifo_read/mem_q[0][error]_i_16/O
                         net (fo=1, estimated)        0.126     9.025    i_kecc_aes_k_axi_top/i_axi2reg/i_axi_lite_to_reg/i_fifo_read/mem_q[0][error]_i_16_n_0
    SLICE_X52Y143        LUT5 (Prop_lut5_I4_O)        0.105     9.130 f  i_kecc_aes_k_axi_top/i_axi2reg/i_axi_lite_to_reg/i_fifo_read/mem_q[0][error]_i_5/O
                         net (fo=22, estimated)       0.318     9.448    i_kecc_aes_k_axi_top/i_axi2reg/i_axi_lite_to_reg/i_fifo_read/mem_q[0][error]_i_5_n_0
    SLICE_X53Y143        LUT4 (Prop_lut4_I3_O)        0.105     9.553 r  i_kecc_aes_k_axi_top/i_axi2reg/i_axi_lite_to_reg/i_fifo_read/mem_q[0][error]_i_1/O
                         net (fo=15, estimated)       0.294     9.847    i_kecc_aes_k_axi_top/i_axi2reg/i_axi_lite_to_reg/i_fifo_read/mem_q[0][error]_i_5_0
    SLICE_X52Y141        LUT5 (Prop_lut5_I3_O)        0.105     9.952 f  i_kecc_aes_k_axi_top/i_axi2reg/i_axi_lite_to_reg/i_fifo_read/q[63]_i_3__20/O
                         net (fo=65, estimated)       1.189    11.141    i_kecc_aes_k_axi_top/i_axi2reg/i_axi_lite_to_reg/i_fifo_write_req/keccak_data_18_we
    SLICE_X36Y142        LUT3 (Prop_lut3_I2_O)        0.115    11.256 r  i_kecc_aes_k_axi_top/i_axi2reg/i_axi_lite_to_reg/i_fifo_write_req/wr_en_data_arb/q[23]_i_1__0/O
                         net (fo=1, estimated)        0.785    12.041    i_kecc_aes_k_axi_top/kecc_aes_k_axi_reg_top_i/u_keccak_data_18/q_reg[63]_0[23]
    SLICE_X34Y142        FDCE                                         r  i_kecc_aes_k_axi_top/kecc_aes_k_axi_reg_top_i/u_keccak_data_18/q_reg[23]/D
  -------------------------------------------------------------------    -------------------

                         (clock clk_i rise edge)     10.000    10.000 r  
                                                      0.000    10.000 r  clk_i (IN)
                         net (fo=6719, unset)         0.748    10.748    i_kecc_aes_k_axi_top/kecc_aes_k_axi_reg_top_i/u_keccak_data_18/clk_i
    SLICE_X34Y142        FDCE                                         r  i_kecc_aes_k_axi_top/kecc_aes_k_axi_reg_top_i/u_keccak_data_18/q_reg[23]/C
                         clock pessimism              0.000    10.748    
                         clock uncertainty           -0.035    10.712    
    SLICE_X34Y142        FDCE (Setup_fdce_C_D)       -0.203    10.509    i_kecc_aes_k_axi_top/kecc_aes_k_axi_reg_top_i/u_keccak_data_18/q_reg[23]
  -------------------------------------------------------------------
                         required time                         10.509    
                         arrival time                         -12.041    
  -------------------------------------------------------------------
                         slack                                 -1.532    

Slack (VIOLATED) :        -1.532ns  (required time - arrival time)
  Source:                 i_kecc_aes_k_axi_top/i_axi2reg/i_axi_to_axi_lite/i_axi_burst_splitter/i_demux_supported_vs_unsupported/gen_demux.gen_aw_id_counter.i_aw_id_counter/gen_counters[19].mst_select_q_reg[19][0]/C
                            (rising edge-triggered cell FDCE clocked by clk_i  {rise@0.000ns fall@5.000ns period=10.000ns})
  Destination:            i_kecc_aes_k_axi_top/kecc_aes_k_axi_reg_top_i/u_keccak_data_18/q_reg[23]/D
                            (rising edge-triggered cell FDCE clocked by clk_i  {rise@0.000ns fall@5.000ns period=10.000ns})
  Path Group:             clk_i
  Path Type:              Setup (Max at Slow Process Corner)
  Requirement:            10.000ns  (clk_i rise@10.000ns - clk_i rise@0.000ns)
  Data Path Delay:        11.254ns  (logic 2.715ns (24.125%)  route 8.539ns (75.875%))
  Logic Levels:           19  (LUT2=1 LUT3=1 LUT4=1 LUT5=9 LUT6=5 MUXF7=1 MUXF8=1)
  Clock Path Skew:        -0.039ns (DCD - SCD + CPR)
    Destination Clock Delay (DCD):    0.748ns = ( 10.748 - 10.000 ) 
    Source Clock Delay      (SCD):    0.787ns
    Clock Pessimism Removal (CPR):    0.000ns
  Clock Uncertainty:      0.035ns  ((TSJ^2 + TIJ^2)^1/2 + DJ) / 2 + PE
    Total System Jitter     (TSJ):    0.071ns
    Total Input Jitter      (TIJ):    0.000ns
    Discrete Jitter          (DJ):    0.000ns
    Phase Error              (PE):    0.000ns

    Location             Delay type                Incr(ns)  Path(ns)    Netlist Resource(s)
  -------------------------------------------------------------------    -------------------
                         (clock clk_i rise edge)      0.000     0.000 r  
                                                      0.000     0.000 r  clk_i (IN)
                         net (fo=6719, unset)         0.787     0.787    i_kecc_aes_k_axi_top/i_axi2reg/i_axi_to_axi_lite/i_axi_burst_splitter/i_demux_supported_vs_unsupported/gen_demux.gen_aw_id_counter.i_aw_id_counter/clk_i
    SLICE_X75Y131        FDCE                                         r  i_kecc_aes_k_axi_top/i_axi2reg/i_axi_to_axi_lite/i_axi_burst_splitter/i_demux_supported_vs_unsupported/gen_demux.gen_aw_id_counter.i_aw_id_counter/gen_counters[19].mst_select_q_reg[19][0]/C
  -------------------------------------------------------------------    -------------------
    SLICE_X75Y131        FDCE (Prop_fdce_C_Q)         0.348     1.135 f  i_kecc_aes_k_axi_top/i_axi2reg/i_axi_to_axi_lite/i_axi_burst_splitter/i_demux_supported_vs_unsupported/gen_demux.gen_aw_id_counter.i_aw_id_counter/gen_counters[19].mst_select_q_reg[19][0]/Q
                         net (fo=2, estimated)        0.689     1.824    i_kecc_aes_k_axi_top/i_axi2reg/i_axi_to_axi_lite/i_axi_burst_splitter/i_demux_supported_vs_unsupported/gen_demux.gen_aw_id_counter.i_aw_id_counter/gen_counters[19].mst_select_q_reg[19]_12
    SLICE_X74Y130        LUT6 (Prop_lut6_I0_O)        0.240     2.064 f  i_kecc_aes_k_axi_top/i_axi2reg/i_axi_to_axi_lite/i_axi_burst_splitter/i_demux_supported_vs_unsupported/gen_demux.gen_aw_id_counter.i_aw_id_counter/i__i_35/O
                         net (fo=1, routed)           0.000     2.064    i_kecc_aes_k_axi_top/i_axi2reg/i_axi_to_axi_lite/i_axi_burst_splitter/i_demux_supported_vs_unsupported/gen_demux.gen_aw_id_counter.i_aw_id_counter/i__i_35_n_0
    SLICE_X74Y130        MUXF7 (Prop_muxf7_I0_O)      0.201     2.265 f  i_kecc_aes_k_axi_top/i_axi2reg/i_axi_to_axi_lite/i_axi_burst_splitter/i_demux_supported_vs_unsupported/gen_demux.gen_aw_id_counter.i_aw_id_counter/i__i_15/O
                         net (fo=1, routed)           0.000     2.265    i_kecc_aes_k_axi_top/i_axi2reg/i_axi_to_axi_lite/i_axi_burst_splitter/i_demux_supported_vs_unsupported/gen_demux.gen_aw_id_counter.i_aw_id_counter/i__i_15_n_0
    SLICE_X74Y130        MUXF8 (Prop_muxf8_I0_O)      0.082     2.347 f  i_kecc_aes_k_axi_top/i_axi2reg/i_axi_to_axi_lite/i_axi_burst_splitter/i_demux_supported_vs_unsupported/gen_demux.gen_aw_id_counter.i_aw_id_counter/i__i_5/O
                         net (fo=1, estimated)        0.898     3.245    i_kecc_aes_k_axi_top/i_axi2reg/i_axi_to_axi_lite/i_axi_burst_splitter/i_demux_supported_vs_unsupported/gen_demux.gen_aw_id_counter.i_aw_id_counter/gen_counters[3].i_in_flight_cnt/i___33
    SLICE_X66Y129        LUT6 (Prop_lut6_I1_O)        0.259     3.504 r  i_kecc_aes_k_axi_top/i_axi2reg/i_axi_to_axi_lite/i_axi_burst_splitter/i_demux_supported_vs_unsupported/gen_demux.gen_aw_id_counter.i_aw_id_counter/gen_counters[3].i_in_flight_cnt/i__i_1__2__0/O
                         net (fo=2, estimated)        0.238     3.742    i_kecc_aes_k_axi_top/i_axi2reg/i_axi_to_axi_lite_n_170
    SLICE_X67Y130        LUT5 (Prop_lut5_I0_O)        0.105     3.847 r  i_kecc_aes_k_axi_top/i_axi2reg/i___80/O
                         net (fo=4, estimated)        0.259     4.106    i_kecc_aes_k_axi_top/i_axi2reg/i_axi_to_axi_lite/i_axi_burst_splitter/i_demux_supported_vs_unsupported/gen_demux.gen_aw_id_counter.i_aw_id_counter/gen_counters[3].i_in_flight_cnt/gen_demux.lock_aw_valid_q_reg_2
    SLICE_X63Y130        LUT5 (Prop_lut5_I2_O)        0.105     4.211 r  i_kecc_aes_k_axi_top/i_axi2reg/i_axi_to_axi_lite/i_axi_burst_splitter/i_demux_supported_vs_unsupported/gen_demux.gen_aw_id_counter.i_aw_id_counter/gen_counters[3].i_in_flight_cnt/i__i_4__6/O
                         net (fo=21, estimated)       0.303     4.514    i_kecc_aes_k_axi_top/i_axi2reg/i_axi_burst_splitter/i_axi_burst_splitter_aw_chan/state_d0
    SLICE_X65Y130        LUT5 (Prop_lut5_I4_O)        0.105     4.619 f  i_kecc_aes_k_axi_top/i_axi2reg/i__i_3__0/O
                         net (fo=2, estimated)        0.240     4.859    i_kecc_aes_k_axi_top/i_axi2reg/i__i_3__0_n_0
    SLICE_X64Y131        LUT5 (Prop_lut5_I2_O)        0.105     4.964 f  i_kecc_aes_k_axi_top/i_axi2reg/i__i_1__2/O
                         net (fo=3, estimated)        0.451     5.415    i_kecc_aes_k_axi_top/i_axi2reg/i__i_1__2_n_0
    SLICE_X61Y131        LUT6 (Prop_lut6_I0_O)        0.105     5.520 f  i_kecc_aes_k_axi_top/i_axi2reg/i__i_2__2/O
                         net (fo=1407, estimated)     0.635     6.155    i_kecc_aes_k_axi_top/i_axi2reg/i__i_2__2_n_0
    SLICE_X57Y135        LUT5 (Prop_lut5_I3_O)        0.105     6.260 f  i_kecc_aes_k_axi_top/i_axi2reg/mem_q[0][data][63]_i_20/O
                         net (fo=16, estimated)       0.707     6.967    i_kecc_aes_k_axi_top/i_axi2reg/i_axi_lite_to_reg/i_fifo_read/reg_req_i[addr][7]
    SLICE_X56Y136        LUT5 (Prop_lut5_I0_O)        0.105     7.072 f  i_kecc_aes_k_axi_top/i_axi2reg/i_axi_lite_to_reg/i_fifo_read/mem_q[0][data][63]_i_24/O
                         net (fo=18, estimated)       0.323     7.395    i_kecc_aes_k_axi_top/i_axi2reg/i_axi_lite_to_reg/i_fifo_read/mem_q[0][data][63]_i_24_n_0
    SLICE_X54Y137        LUT5 (Prop_lut5_I3_O)        0.105     7.500 f  i_kecc_aes_k_axi_top/i_axi2reg/i_axi_lite_to_reg/i_fifo_read/q[63]_i_3__9/O
                         net (fo=126, estimated)      0.423     7.923    i_kecc_aes_k_axi_top/i_axi2reg/i_axi_lite_to_reg/i_fifo_read/q[63]_i_3__9_n_0
    SLICE_X55Y137        LUT2 (Prop_lut2_I0_O)        0.105     8.028 f  i_kecc_aes_k_axi_top/i_axi2reg/i_axi_lite_to_reg/i_fifo_read/mem_q[0][data][63]_i_31/O
                         net (fo=6, estimated)        0.432     8.460    i_kecc_aes_k_axi_top/i_axi2reg/i_axi_lite_to_reg/i_fifo_read/mem_q[0][data][63]_i_31_n_0
    SLICE_X53Y142        LUT6 (Prop_lut6_I5_O)        0.105     8.565 r  i_kecc_aes_k_axi_top/i_axi2reg/i_axi_lite_to_reg/i_fifo_read/mem_q[0][error]_i_17/O
                         net (fo=1, estimated)        0.229     8.794    i_kecc_aes_k_axi_top/i_axi2reg/i_axi_lite_to_reg/i_fifo_read/mem_q[0][error]_i_17_n_0
    SLICE_X52Y143        LUT6 (Prop_lut6_I5_O)        0.105     8.899 r  i_kecc_aes_k_axi_top/i_axi2reg/i_axi_lite_to_reg/i_fifo_read/mem_q[0][error]_i_16/O
                         net (fo=1, estimated)        0.126     9.025    i_kecc_aes_k_axi_top/i_axi2reg/i_axi_lite_to_reg/i_fifo_read/mem_q[0][error]_i_16_n_0
    SLICE_X52Y143        LUT5 (Prop_lut5_I4_O)        0.105     9.130 f  i_kecc_aes_k_axi_top/i_axi2reg/i_axi_lite_to_reg/i_fifo_read/mem_q[0][error]_i_5/O
                         net (fo=22, estimated)       0.318     9.448    i_kecc_aes_k_axi_top/i_axi2reg/i_axi_lite_to_reg/i_fifo_read/mem_q[0][error]_i_5_n_0
    SLICE_X53Y143        LUT4 (Prop_lut4_I3_O)        0.105     9.553 r  i_kecc_aes_k_axi_top/i_axi2reg/i_axi_lite_to_reg/i_fifo_read/mem_q[0][error]_i_1/O
                         net (fo=15, estimated)       0.294     9.847    i_kecc_aes_k_axi_top/i_axi2reg/i_axi_lite_to_reg/i_fifo_read/mem_q[0][error]_i_5_0
    SLICE_X52Y141        LUT5 (Prop_lut5_I3_O)        0.105     9.952 f  i_kecc_aes_k_axi_top/i_axi2reg/i_axi_lite_to_reg/i_fifo_read/q[63]_i_3__20/O
                         net (fo=65, estimated)       1.189    11.141    i_kecc_aes_k_axi_top/i_axi2reg/i_axi_lite_to_reg/i_fifo_write_req/keccak_data_18_we
    SLICE_X36Y142        LUT3 (Prop_lut3_I2_O)        0.115    11.256 r  i_kecc_aes_k_axi_top/i_axi2reg/i_axi_lite_to_reg/i_fifo_write_req/wr_en_data_arb/q[23]_i_1__0/O
                         net (fo=1, estimated)        0.785    12.041    i_kecc_aes_k_axi_top/kecc_aes_k_axi_reg_top_i/u_keccak_data_18/q_reg[63]_0[23]
    SLICE_X34Y142        FDCE                                         r  i_kecc_aes_k_axi_top/kecc_aes_k_axi_reg_top_i/u_keccak_data_18/q_reg[23]/D
  -------------------------------------------------------------------    -------------------

                         (clock clk_i rise edge)     10.000    10.000 r  
                                                      0.000    10.000 r  clk_i (IN)
                         net (fo=6719, unset)         0.748    10.748    i_kecc_aes_k_axi_top/kecc_aes_k_axi_reg_top_i/u_keccak_data_18/clk_i
    SLICE_X34Y142        FDCE                                         r  i_kecc_aes_k_axi_top/kecc_aes_k_axi_reg_top_i/u_keccak_data_18/q_reg[23]/C
                         clock pessimism              0.000    10.748    
                         clock uncertainty           -0.035    10.712    
    SLICE_X34Y142        FDCE (Setup_fdce_C_D)       -0.203    10.509    i_kecc_aes_k_axi_top/kecc_aes_k_axi_reg_top_i/u_keccak_data_18/q_reg[23]
  -------------------------------------------------------------------
                         required time                         10.509    
                         arrival time                         -12.041    
  -------------------------------------------------------------------
                         slack                                 -1.532    

Slack (VIOLATED) :        -1.532ns  (required time - arrival time)
  Source:                 i_kecc_aes_k_axi_top/i_axi2reg/i_axi_to_axi_lite/i_axi_burst_splitter/i_demux_supported_vs_unsupported/gen_demux.gen_aw_id_counter.i_aw_id_counter/gen_counters[19].mst_select_q_reg[19][0]/C
                            (rising edge-triggered cell FDCE clocked by clk_i  {rise@0.000ns fall@5.000ns period=10.000ns})
  Destination:            i_kecc_aes_k_axi_top/kecc_aes_k_axi_reg_top_i/u_keccak_data_18/q_reg[23]/D
                            (rising edge-triggered cell FDCE clocked by clk_i  {rise@0.000ns fall@5.000ns period=10.000ns})
  Path Group:             clk_i
  Path Type:              Setup (Max at Slow Process Corner)
  Requirement:            10.000ns  (clk_i rise@10.000ns - clk_i rise@0.000ns)
  Data Path Delay:        11.254ns  (logic 2.715ns (24.125%)  route 8.539ns (75.875%))
  Logic Levels:           19  (LUT2=1 LUT3=1 LUT4=1 LUT5=9 LUT6=5 MUXF7=1 MUXF8=1)
  Clock Path Skew:        -0.039ns (DCD - SCD + CPR)
    Destination Clock Delay (DCD):    0.748ns = ( 10.748 - 10.000 ) 
    Source Clock Delay      (SCD):    0.787ns
    Clock Pessimism Removal (CPR):    0.000ns
  Clock Uncertainty:      0.035ns  ((TSJ^2 + TIJ^2)^1/2 + DJ) / 2 + PE
    Total System Jitter     (TSJ):    0.071ns
    Total Input Jitter      (TIJ):    0.000ns
    Discrete Jitter          (DJ):    0.000ns
    Phase Error              (PE):    0.000ns

    Location             Delay type                Incr(ns)  Path(ns)    Netlist Resource(s)
  -------------------------------------------------------------------    -------------------
                         (clock clk_i rise edge)      0.000     0.000 r  
                                                      0.000     0.000 r  clk_i (IN)
                         net (fo=6719, unset)         0.787     0.787    i_kecc_aes_k_axi_top/i_axi2reg/i_axi_to_axi_lite/i_axi_burst_splitter/i_demux_supported_vs_unsupported/gen_demux.gen_aw_id_counter.i_aw_id_counter/clk_i
    SLICE_X75Y131        FDCE                                         r  i_kecc_aes_k_axi_top/i_axi2reg/i_axi_to_axi_lite/i_axi_burst_splitter/i_demux_supported_vs_unsupported/gen_demux.gen_aw_id_counter.i_aw_id_counter/gen_counters[19].mst_select_q_reg[19][0]/C
  -------------------------------------------------------------------    -------------------
    SLICE_X75Y131        FDCE (Prop_fdce_C_Q)         0.348     1.135 r  i_kecc_aes_k_axi_top/i_axi2reg/i_axi_to_axi_lite/i_axi_burst_splitter/i_demux_supported_vs_unsupported/gen_demux.gen_aw_id_counter.i_aw_id_counter/gen_counters[19].mst_select_q_reg[19][0]/Q
                         net (fo=2, estimated)        0.689     1.824    i_kecc_aes_k_axi_top/i_axi2reg/i_axi_to_axi_lite/i_axi_burst_splitter/i_demux_supported_vs_unsupported/gen_demux.gen_aw_id_counter.i_aw_id_counter/gen_counters[19].mst_select_q_reg[19]_12
    SLICE_X74Y130        LUT6 (Prop_lut6_I0_O)        0.240     2.064 r  i_kecc_aes_k_axi_top/i_axi2reg/i_axi_to_axi_lite/i_axi_burst_splitter/i_demux_supported_vs_unsupported/gen_demux.gen_aw_id_counter.i_aw_id_counter/i__i_35/O
                         net (fo=1, routed)           0.000     2.064    i_kecc_aes_k_axi_top/i_axi2reg/i_axi_to_axi_lite/i_axi_burst_splitter/i_demux_supported_vs_unsupported/gen_demux.gen_aw_id_counter.i_aw_id_counter/i__i_35_n_0
    SLICE_X74Y130        MUXF7 (Prop_muxf7_I0_O)      0.201     2.265 r  i_kecc_aes_k_axi_top/i_axi2reg/i_axi_to_axi_lite/i_axi_burst_splitter/i_demux_supported_vs_unsupported/gen_demux.gen_aw_id_counter.i_aw_id_counter/i__i_15/O
                         net (fo=1, routed)           0.000     2.265    i_kecc_aes_k_axi_top/i_axi2reg/i_axi_to_axi_lite/i_axi_burst_splitter/i_demux_supported_vs_unsupported/gen_demux.gen_aw_id_counter.i_aw_id_counter/i__i_15_n_0
    SLICE_X74Y130        MUXF8 (Prop_muxf8_I0_O)      0.082     2.347 r  i_kecc_aes_k_axi_top/i_axi2reg/i_axi_to_axi_lite/i_axi_burst_splitter/i_demux_supported_vs_unsupported/gen_demux.gen_aw_id_counter.i_aw_id_counter/i__i_5/O
                         net (fo=1, estimated)        0.898     3.245    i_kecc_aes_k_axi_top/i_axi2reg/i_axi_to_axi_lite/i_axi_burst_splitter/i_demux_supported_vs_unsupported/gen_demux.gen_aw_id_counter.i_aw_id_counter/gen_counters[3].i_in_flight_cnt/i___33
    SLICE_X66Y129        LUT6 (Prop_lut6_I1_O)        0.259     3.504 f  i_kecc_aes_k_axi_top/i_axi2reg/i_axi_to_axi_lite/i_axi_burst_splitter/i_demux_supported_vs_unsupported/gen_demux.gen_aw_id_counter.i_aw_id_counter/gen_counters[3].i_in_flight_cnt/i__i_1__2__0/O
                         net (fo=2, estimated)        0.238     3.742    i_kecc_aes_k_axi_top/i_axi2reg/i_axi_to_axi_lite_n_170
    SLICE_X67Y130        LUT5 (Prop_lut5_I0_O)        0.105     3.847 f  i_kecc_aes_k_axi_top/i_axi2reg/i___80/O
                         net (fo=4, estimated)        0.259     4.106    i_kecc_aes_k_axi_top/i_axi2reg/i_axi_to_axi_lite/i_axi_burst_splitter/i_demux_supported_vs_unsupported/gen_demux.gen_aw_id_counter.i_aw_id_counter/gen_counters[3].i_in_flight_cnt/gen_demux.lock_aw_valid_q_reg_2
    SLICE_X63Y130        LUT5 (Prop_lut5_I2_O)        0.105     4.211 f  i_kecc_aes_k_axi_top/i_axi2reg/i_axi_to_axi_lite/i_axi_burst_splitter/i_demux_supported_vs_unsupported/gen_demux.gen_aw_id_counter.i_aw_id_counter/gen_counters[3].i_in_flight_cnt/i__i_4__6/O
                         net (fo=21, estimated)       0.303     4.514    i_kecc_aes_k_axi_top/i_axi2reg/i_axi_burst_splitter/i_axi_burst_splitter_aw_chan/state_d0
    SLICE_X65Y130        LUT5 (Prop_lut5_I4_O)        0.105     4.619 r  i_kecc_aes_k_axi_top/i_axi2reg/i__i_3__0/O
                         net (fo=2, estimated)        0.240     4.859    i_kecc_aes_k_axi_top/i_axi2reg/i__i_3__0_n_0
    SLICE_X64Y131        LUT5 (Prop_lut5_I2_O)        0.105     4.964 r  i_kecc_aes_k_axi_top/i_axi2reg/i__i_1__2/O
                         net (fo=3, estimated)        0.451     5.415    i_kecc_aes_k_axi_top/i_axi2reg/i__i_1__2_n_0
    SLICE_X61Y131        LUT6 (Prop_lut6_I0_O)        0.105     5.520 r  i_kecc_aes_k_axi_top/i_axi2reg/i__i_2__2/O
                         net (fo=1407, estimated)     0.635     6.155    i_kecc_aes_k_axi_top/i_axi2reg/i__i_2__2_n_0
    SLICE_X57Y135        LUT5 (Prop_lut5_I3_O)        0.105     6.260 r  i_kecc_aes_k_axi_top/i_axi2reg/mem_q[0][data][63]_i_20/O
                         net (fo=16, estimated)       0.707     6.967    i_kecc_aes_k_axi_top/i_axi2reg/i_axi_lite_to_reg/i_fifo_read/reg_req_i[addr][7]
    SLICE_X56Y136        LUT5 (Prop_lut5_I0_O)        0.105     7.072 r  i_kecc_aes_k_axi_top/i_axi2reg/i_axi_lite_to_reg/i_fifo_read/mem_q[0][data][63]_i_24/O
                         net (fo=18, estimated)       0.323     7.395    i_kecc_aes_k_axi_top/i_axi2reg/i_axi_lite_to_reg/i_fifo_read/mem_q[0][data][63]_i_24_n_0
    SLICE_X54Y137        LUT5 (Prop_lut5_I3_O)        0.105     7.500 r  i_kecc_aes_k_axi_top/i_axi2reg/i_axi_lite_to_reg/i_fifo_read/q[63]_i_3__9/O
                         net (fo=126, estimated)      0.423     7.923    i_kecc_aes_k_axi_top/i_axi2reg/i_axi_lite_to_reg/i_fifo_read/q[63]_i_3__9_n_0
    SLICE_X55Y137        LUT2 (Prop_lut2_I0_O)        0.105     8.028 r  i_kecc_aes_k_axi_top/i_axi2reg/i_axi_lite_to_reg/i_fifo_read/mem_q[0][data][63]_i_31/O
                         net (fo=6, estimated)        0.432     8.460    i_kecc_aes_k_axi_top/i_axi2reg/i_axi_lite_to_reg/i_fifo_read/mem_q[0][data][63]_i_31_n_0
    SLICE_X53Y142        LUT6 (Prop_lut6_I5_O)        0.105     8.565 f  i_kecc_aes_k_axi_top/i_axi2reg/i_axi_lite_to_reg/i_fifo_read/mem_q[0][error]_i_17/O
                         net (fo=1, estimated)        0.229     8.794    i_kecc_aes_k_axi_top/i_axi2reg/i_axi_lite_to_reg/i_fifo_read/mem_q[0][error]_i_17_n_0
    SLICE_X52Y143        LUT6 (Prop_lut6_I5_O)        0.105     8.899 f  i_kecc_aes_k_axi_top/i_axi2reg/i_axi_lite_to_reg/i_fifo_read/mem_q[0][error]_i_16/O
                         net (fo=1, estimated)        0.126     9.025    i_kecc_aes_k_axi_top/i_axi2reg/i_axi_lite_to_reg/i_fifo_read/mem_q[0][error]_i_16_n_0
    SLICE_X52Y143        LUT5 (Prop_lut5_I4_O)        0.105     9.130 r  i_kecc_aes_k_axi_top/i_axi2reg/i_axi_lite_to_reg/i_fifo_read/mem_q[0][error]_i_5/O
                         net (fo=22, estimated)       0.318     9.448    i_kecc_aes_k_axi_top/i_axi2reg/i_axi_lite_to_reg/i_fifo_read/mem_q[0][error]_i_5_n_0
    SLICE_X53Y143        LUT4 (Prop_lut4_I3_O)        0.105     9.553 f  i_kecc_aes_k_axi_top/i_axi2reg/i_axi_lite_to_reg/i_fifo_read/mem_q[0][error]_i_1/O
                         net (fo=15, estimated)       0.294     9.847    i_kecc_aes_k_axi_top/i_axi2reg/i_axi_lite_to_reg/i_fifo_read/mem_q[0][error]_i_5_0
    SLICE_X52Y141        LUT5 (Prop_lut5_I3_O)        0.105     9.952 r  i_kecc_aes_k_axi_top/i_axi2reg/i_axi_lite_to_reg/i_fifo_read/q[63]_i_3__20/O
                         net (fo=65, estimated)       1.189    11.141    i_kecc_aes_k_axi_top/i_axi2reg/i_axi_lite_to_reg/i_fifo_write_req/keccak_data_18_we
    SLICE_X36Y142        LUT3 (Prop_lut3_I2_O)        0.115    11.256 f  i_kecc_aes_k_axi_top/i_axi2reg/i_axi_lite_to_reg/i_fifo_write_req/wr_en_data_arb/q[23]_i_1__0/O
                         net (fo=1, estimated)        0.785    12.041    i_kecc_aes_k_axi_top/kecc_aes_k_axi_reg_top_i/u_keccak_data_18/q_reg[63]_0[23]
    SLICE_X34Y142        FDCE                                         f  i_kecc_aes_k_axi_top/kecc_aes_k_axi_reg_top_i/u_keccak_data_18/q_reg[23]/D
  -------------------------------------------------------------------    -------------------

                         (clock clk_i rise edge)     10.000    10.000 r  
                                                      0.000    10.000 r  clk_i (IN)
                         net (fo=6719, unset)         0.748    10.748    i_kecc_aes_k_axi_top/kecc_aes_k_axi_reg_top_i/u_keccak_data_18/clk_i
    SLICE_X34Y142        FDCE                                         r  i_kecc_aes_k_axi_top/kecc_aes_k_axi_reg_top_i/u_keccak_data_18/q_reg[23]/C
                         clock pessimism              0.000    10.748    
                         clock uncertainty           -0.035    10.712    
    SLICE_X34Y142        FDCE (Setup_fdce_C_D)       -0.203    10.509    i_kecc_aes_k_axi_top/kecc_aes_k_axi_reg_top_i/u_keccak_data_18/q_reg[23]
  -------------------------------------------------------------------
                         required time                         10.509    
                         arrival time                         -12.041    
  -------------------------------------------------------------------
                         slack                                 -1.532    

Slack (VIOLATED) :        -1.532ns  (required time - arrival time)
  Source:                 i_kecc_aes_k_axi_top/i_axi2reg/i_axi_to_axi_lite/i_axi_burst_splitter/i_demux_supported_vs_unsupported/gen_demux.gen_aw_id_counter.i_aw_id_counter/gen_counters[19].mst_select_q_reg[19][0]/C
                            (rising edge-triggered cell FDCE clocked by clk_i  {rise@0.000ns fall@5.000ns period=10.000ns})
  Destination:            i_kecc_aes_k_axi_top/kecc_aes_k_axi_reg_top_i/u_keccak_data_18/q_reg[23]/D
                            (rising edge-triggered cell FDCE clocked by clk_i  {rise@0.000ns fall@5.000ns period=10.000ns})
  Path Group:             clk_i
  Path Type:              Setup (Max at Slow Process Corner)
  Requirement:            10.000ns  (clk_i rise@10.000ns - clk_i rise@0.000ns)
  Data Path Delay:        11.254ns  (logic 2.715ns (24.125%)  route 8.539ns (75.875%))
  Logic Levels:           19  (LUT2=1 LUT3=1 LUT4=1 LUT5=9 LUT6=5 MUXF7=1 MUXF8=1)
  Clock Path Skew:        -0.039ns (DCD - SCD + CPR)
    Destination Clock Delay (DCD):    0.748ns = ( 10.748 - 10.000 ) 
    Source Clock Delay      (SCD):    0.787ns
    Clock Pessimism Removal (CPR):    0.000ns
  Clock Uncertainty:      0.035ns  ((TSJ^2 + TIJ^2)^1/2 + DJ) / 2 + PE
    Total System Jitter     (TSJ):    0.071ns
    Total Input Jitter      (TIJ):    0.000ns
    Discrete Jitter          (DJ):    0.000ns
    Phase Error              (PE):    0.000ns

    Location             Delay type                Incr(ns)  Path(ns)    Netlist Resource(s)
  -------------------------------------------------------------------    -------------------
                         (clock clk_i rise edge)      0.000     0.000 r  
                                                      0.000     0.000 r  clk_i (IN)
                         net (fo=6719, unset)         0.787     0.787    i_kecc_aes_k_axi_top/i_axi2reg/i_axi_to_axi_lite/i_axi_burst_splitter/i_demux_supported_vs_unsupported/gen_demux.gen_aw_id_counter.i_aw_id_counter/clk_i
    SLICE_X75Y131        FDCE                                         r  i_kecc_aes_k_axi_top/i_axi2reg/i_axi_to_axi_lite/i_axi_burst_splitter/i_demux_supported_vs_unsupported/gen_demux.gen_aw_id_counter.i_aw_id_counter/gen_counters[19].mst_select_q_reg[19][0]/C
  -------------------------------------------------------------------    -------------------
    SLICE_X75Y131        FDCE (Prop_fdce_C_Q)         0.348     1.135 f  i_kecc_aes_k_axi_top/i_axi2reg/i_axi_to_axi_lite/i_axi_burst_splitter/i_demux_supported_vs_unsupported/gen_demux.gen_aw_id_counter.i_aw_id_counter/gen_counters[19].mst_select_q_reg[19][0]/Q
                         net (fo=2, estimated)        0.689     1.824    i_kecc_aes_k_axi_top/i_axi2reg/i_axi_to_axi_lite/i_axi_burst_splitter/i_demux_supported_vs_unsupported/gen_demux.gen_aw_id_counter.i_aw_id_counter/gen_counters[19].mst_select_q_reg[19]_12
    SLICE_X74Y130        LUT6 (Prop_lut6_I0_O)        0.240     2.064 f  i_kecc_aes_k_axi_top/i_axi2reg/i_axi_to_axi_lite/i_axi_burst_splitter/i_demux_supported_vs_unsupported/gen_demux.gen_aw_id_counter.i_aw_id_counter/i__i_35/O
                         net (fo=1, routed)           0.000     2.064    i_kecc_aes_k_axi_top/i_axi2reg/i_axi_to_axi_lite/i_axi_burst_splitter/i_demux_supported_vs_unsupported/gen_demux.gen_aw_id_counter.i_aw_id_counter/i__i_35_n_0
    SLICE_X74Y130        MUXF7 (Prop_muxf7_I0_O)      0.201     2.265 f  i_kecc_aes_k_axi_top/i_axi2reg/i_axi_to_axi_lite/i_axi_burst_splitter/i_demux_supported_vs_unsupported/gen_demux.gen_aw_id_counter.i_aw_id_counter/i__i_15/O
                         net (fo=1, routed)           0.000     2.265    i_kecc_aes_k_axi_top/i_axi2reg/i_axi_to_axi_lite/i_axi_burst_splitter/i_demux_supported_vs_unsupported/gen_demux.gen_aw_id_counter.i_aw_id_counter/i__i_15_n_0
    SLICE_X74Y130        MUXF8 (Prop_muxf8_I0_O)      0.082     2.347 f  i_kecc_aes_k_axi_top/i_axi2reg/i_axi_to_axi_lite/i_axi_burst_splitter/i_demux_supported_vs_unsupported/gen_demux.gen_aw_id_counter.i_aw_id_counter/i__i_5/O
                         net (fo=1, estimated)        0.898     3.245    i_kecc_aes_k_axi_top/i_axi2reg/i_axi_to_axi_lite/i_axi_burst_splitter/i_demux_supported_vs_unsupported/gen_demux.gen_aw_id_counter.i_aw_id_counter/gen_counters[3].i_in_flight_cnt/i___33
    SLICE_X66Y129        LUT6 (Prop_lut6_I1_O)        0.259     3.504 f  i_kecc_aes_k_axi_top/i_axi2reg/i_axi_to_axi_lite/i_axi_burst_splitter/i_demux_supported_vs_unsupported/gen_demux.gen_aw_id_counter.i_aw_id_counter/gen_counters[3].i_in_flight_cnt/i__i_1__2__0/O
                         net (fo=2, estimated)        0.238     3.742    i_kecc_aes_k_axi_top/i_axi2reg/i_axi_to_axi_lite_n_170
    SLICE_X67Y130        LUT5 (Prop_lut5_I0_O)        0.105     3.847 f  i_kecc_aes_k_axi_top/i_axi2reg/i___80/O
                         net (fo=4, estimated)        0.259     4.106    i_kecc_aes_k_axi_top/i_axi2reg/i_axi_to_axi_lite/i_axi_burst_splitter/i_demux_supported_vs_unsupported/gen_demux.gen_aw_id_counter.i_aw_id_counter/gen_counters[3].i_in_flight_cnt/gen_demux.lock_aw_valid_q_reg_2
    SLICE_X63Y130        LUT5 (Prop_lut5_I2_O)        0.105     4.211 f  i_kecc_aes_k_axi_top/i_axi2reg/i_axi_to_axi_lite/i_axi_burst_splitter/i_demux_supported_vs_unsupported/gen_demux.gen_aw_id_counter.i_aw_id_counter/gen_counters[3].i_in_flight_cnt/i__i_4__6/O
                         net (fo=21, estimated)       0.303     4.514    i_kecc_aes_k_axi_top/i_axi2reg/i_axi_burst_splitter/i_axi_burst_splitter_aw_chan/state_d0
    SLICE_X65Y130        LUT5 (Prop_lut5_I4_O)        0.105     4.619 r  i_kecc_aes_k_axi_top/i_axi2reg/i__i_3__0/O
                         net (fo=2, estimated)        0.240     4.859    i_kecc_aes_k_axi_top/i_axi2reg/i__i_3__0_n_0
    SLICE_X64Y131        LUT5 (Prop_lut5_I2_O)        0.105     4.964 r  i_kecc_aes_k_axi_top/i_axi2reg/i__i_1__2/O
                         net (fo=3, estimated)        0.451     5.415    i_kecc_aes_k_axi_top/i_axi2reg/i__i_1__2_n_0
    SLICE_X61Y131        LUT6 (Prop_lut6_I0_O)        0.105     5.520 r  i_kecc_aes_k_axi_top/i_axi2reg/i__i_2__2/O
                         net (fo=1407, estimated)     0.635     6.155    i_kecc_aes_k_axi_top/i_axi2reg/i__i_2__2_n_0
    SLICE_X57Y135        LUT5 (Prop_lut5_I3_O)        0.105     6.260 r  i_kecc_aes_k_axi_top/i_axi2reg/mem_q[0][data][63]_i_20/O
                         net (fo=16, estimated)       0.707     6.967    i_kecc_aes_k_axi_top/i_axi2reg/i_axi_lite_to_reg/i_fifo_read/reg_req_i[addr][7]
    SLICE_X56Y136        LUT5 (Prop_lut5_I0_O)        0.105     7.072 r  i_kecc_aes_k_axi_top/i_axi2reg/i_axi_lite_to_reg/i_fifo_read/mem_q[0][data][63]_i_24/O
                         net (fo=18, estimated)       0.323     7.395    i_kecc_aes_k_axi_top/i_axi2reg/i_axi_lite_to_reg/i_fifo_read/mem_q[0][data][63]_i_24_n_0
    SLICE_X54Y137        LUT5 (Prop_lut5_I3_O)        0.105     7.500 r  i_kecc_aes_k_axi_top/i_axi2reg/i_axi_lite_to_reg/i_fifo_read/q[63]_i_3__9/O
                         net (fo=126, estimated)      0.423     7.923    i_kecc_aes_k_axi_top/i_axi2reg/i_axi_lite_to_reg/i_fifo_read/q[63]_i_3__9_n_0
    SLICE_X55Y137        LUT2 (Prop_lut2_I0_O)        0.105     8.028 r  i_kecc_aes_k_axi_top/i_axi2reg/i_axi_lite_to_reg/i_fifo_read/mem_q[0][data][63]_i_31/O
                         net (fo=6, estimated)        0.432     8.460    i_kecc_aes_k_axi_top/i_axi2reg/i_axi_lite_to_reg/i_fifo_read/mem_q[0][data][63]_i_31_n_0
    SLICE_X53Y142        LUT6 (Prop_lut6_I5_O)        0.105     8.565 f  i_kecc_aes_k_axi_top/i_axi2reg/i_axi_lite_to_reg/i_fifo_read/mem_q[0][error]_i_17/O
                         net (fo=1, estimated)        0.229     8.794    i_kecc_aes_k_axi_top/i_axi2reg/i_axi_lite_to_reg/i_fifo_read/mem_q[0][error]_i_17_n_0
    SLICE_X52Y143        LUT6 (Prop_lut6_I5_O)        0.105     8.899 f  i_kecc_aes_k_axi_top/i_axi2reg/i_axi_lite_to_reg/i_fifo_read/mem_q[0][error]_i_16/O
                         net (fo=1, estimated)        0.126     9.025    i_kecc_aes_k_axi_top/i_axi2reg/i_axi_lite_to_reg/i_fifo_read/mem_q[0][error]_i_16_n_0
    SLICE_X52Y143        LUT5 (Prop_lut5_I4_O)        0.105     9.130 r  i_kecc_aes_k_axi_top/i_axi2reg/i_axi_lite_to_reg/i_fifo_read/mem_q[0][error]_i_5/O
                         net (fo=22, estimated)       0.318     9.448    i_kecc_aes_k_axi_top/i_axi2reg/i_axi_lite_to_reg/i_fifo_read/mem_q[0][error]_i_5_n_0
    SLICE_X53Y143        LUT4 (Prop_lut4_I3_O)        0.105     9.553 f  i_kecc_aes_k_axi_top/i_axi2reg/i_axi_lite_to_reg/i_fifo_read/mem_q[0][error]_i_1/O
                         net (fo=15, estimated)       0.294     9.847    i_kecc_aes_k_axi_top/i_axi2reg/i_axi_lite_to_reg/i_fifo_read/mem_q[0][error]_i_5_0
    SLICE_X52Y141        LUT5 (Prop_lut5_I3_O)        0.105     9.952 r  i_kecc_aes_k_axi_top/i_axi2reg/i_axi_lite_to_reg/i_fifo_read/q[63]_i_3__20/O
                         net (fo=65, estimated)       1.189    11.141    i_kecc_aes_k_axi_top/i_axi2reg/i_axi_lite_to_reg/i_fifo_write_req/keccak_data_18_we
    SLICE_X36Y142        LUT3 (Prop_lut3_I2_O)        0.115    11.256 f  i_kecc_aes_k_axi_top/i_axi2reg/i_axi_lite_to_reg/i_fifo_write_req/wr_en_data_arb/q[23]_i_1__0/O
                         net (fo=1, estimated)        0.785    12.041    i_kecc_aes_k_axi_top/kecc_aes_k_axi_reg_top_i/u_keccak_data_18/q_reg[63]_0[23]
    SLICE_X34Y142        FDCE                                         f  i_kecc_aes_k_axi_top/kecc_aes_k_axi_reg_top_i/u_keccak_data_18/q_reg[23]/D
  -------------------------------------------------------------------    -------------------

                         (clock clk_i rise edge)     10.000    10.000 r  
                                                      0.000    10.000 r  clk_i (IN)
                         net (fo=6719, unset)         0.748    10.748    i_kecc_aes_k_axi_top/kecc_aes_k_axi_reg_top_i/u_keccak_data_18/clk_i
    SLICE_X34Y142        FDCE                                         r  i_kecc_aes_k_axi_top/kecc_aes_k_axi_reg_top_i/u_keccak_data_18/q_reg[23]/C
                         clock pessimism              0.000    10.748    
                         clock uncertainty           -0.035    10.712    
    SLICE_X34Y142        FDCE (Setup_fdce_C_D)       -0.203    10.509    i_kecc_aes_k_axi_top/kecc_aes_k_axi_reg_top_i/u_keccak_data_18/q_reg[23]
  -------------------------------------------------------------------
                         required time                         10.509    
                         arrival time                         -12.041    
  -------------------------------------------------------------------
                         slack                                 -1.532    

Slack (VIOLATED) :        -1.532ns  (required time - arrival time)
  Source:                 i_kecc_aes_k_axi_top/i_axi2reg/i_axi_to_axi_lite/i_axi_burst_splitter/i_demux_supported_vs_unsupported/gen_demux.gen_aw_id_counter.i_aw_id_counter/gen_counters[19].mst_select_q_reg[19][0]/C
                            (rising edge-triggered cell FDCE clocked by clk_i  {rise@0.000ns fall@5.000ns period=10.000ns})
  Destination:            i_kecc_aes_k_axi_top/kecc_aes_k_axi_reg_top_i/u_keccak_data_18/q_reg[23]/D
                            (rising edge-triggered cell FDCE clocked by clk_i  {rise@0.000ns fall@5.000ns period=10.000ns})
  Path Group:             clk_i
  Path Type:              Setup (Max at Slow Process Corner)
  Requirement:            10.000ns  (clk_i rise@10.000ns - clk_i rise@0.000ns)
  Data Path Delay:        11.254ns  (logic 2.715ns (24.125%)  route 8.539ns (75.875%))
  Logic Levels:           19  (LUT2=1 LUT3=1 LUT4=1 LUT5=9 LUT6=5 MUXF7=1 MUXF8=1)
  Clock Path Skew:        -0.039ns (DCD - SCD + CPR)
    Destination Clock Delay (DCD):    0.748ns = ( 10.748 - 10.000 ) 
    Source Clock Delay      (SCD):    0.787ns
    Clock Pessimism Removal (CPR):    0.000ns
  Clock Uncertainty:      0.035ns  ((TSJ^2 + TIJ^2)^1/2 + DJ) / 2 + PE
    Total System Jitter     (TSJ):    0.071ns
    Total Input Jitter      (TIJ):    0.000ns
    Discrete Jitter          (DJ):    0.000ns
    Phase Error              (PE):    0.000ns

    Location             Delay type                Incr(ns)  Path(ns)    Netlist Resource(s)
  -------------------------------------------------------------------    -------------------
                         (clock clk_i rise edge)      0.000     0.000 r  
                                                      0.000     0.000 r  clk_i (IN)
                         net (fo=6719, unset)         0.787     0.787    i_kecc_aes_k_axi_top/i_axi2reg/i_axi_to_axi_lite/i_axi_burst_splitter/i_demux_supported_vs_unsupported/gen_demux.gen_aw_id_counter.i_aw_id_counter/clk_i
    SLICE_X75Y131        FDCE                                         r  i_kecc_aes_k_axi_top/i_axi2reg/i_axi_to_axi_lite/i_axi_burst_splitter/i_demux_supported_vs_unsupported/gen_demux.gen_aw_id_counter.i_aw_id_counter/gen_counters[19].mst_select_q_reg[19][0]/C
  -------------------------------------------------------------------    -------------------
    SLICE_X75Y131        FDCE (Prop_fdce_C_Q)         0.348     1.135 r  i_kecc_aes_k_axi_top/i_axi2reg/i_axi_to_axi_lite/i_axi_burst_splitter/i_demux_supported_vs_unsupported/gen_demux.gen_aw_id_counter.i_aw_id_counter/gen_counters[19].mst_select_q_reg[19][0]/Q
                         net (fo=2, estimated)        0.689     1.824    i_kecc_aes_k_axi_top/i_axi2reg/i_axi_to_axi_lite/i_axi_burst_splitter/i_demux_supported_vs_unsupported/gen_demux.gen_aw_id_counter.i_aw_id_counter/gen_counters[19].mst_select_q_reg[19]_12
    SLICE_X74Y130        LUT6 (Prop_lut6_I0_O)        0.240     2.064 r  i_kecc_aes_k_axi_top/i_axi2reg/i_axi_to_axi_lite/i_axi_burst_splitter/i_demux_supported_vs_unsupported/gen_demux.gen_aw_id_counter.i_aw_id_counter/i__i_35/O
                         net (fo=1, routed)           0.000     2.064    i_kecc_aes_k_axi_top/i_axi2reg/i_axi_to_axi_lite/i_axi_burst_splitter/i_demux_supported_vs_unsupported/gen_demux.gen_aw_id_counter.i_aw_id_counter/i__i_35_n_0
    SLICE_X74Y130        MUXF7 (Prop_muxf7_I0_O)      0.201     2.265 r  i_kecc_aes_k_axi_top/i_axi2reg/i_axi_to_axi_lite/i_axi_burst_splitter/i_demux_supported_vs_unsupported/gen_demux.gen_aw_id_counter.i_aw_id_counter/i__i_15/O
                         net (fo=1, routed)           0.000     2.265    i_kecc_aes_k_axi_top/i_axi2reg/i_axi_to_axi_lite/i_axi_burst_splitter/i_demux_supported_vs_unsupported/gen_demux.gen_aw_id_counter.i_aw_id_counter/i__i_15_n_0
    SLICE_X74Y130        MUXF8 (Prop_muxf8_I0_O)      0.082     2.347 r  i_kecc_aes_k_axi_top/i_axi2reg/i_axi_to_axi_lite/i_axi_burst_splitter/i_demux_supported_vs_unsupported/gen_demux.gen_aw_id_counter.i_aw_id_counter/i__i_5/O
                         net (fo=1, estimated)        0.898     3.245    i_kecc_aes_k_axi_top/i_axi2reg/i_axi_to_axi_lite/i_axi_burst_splitter/i_demux_supported_vs_unsupported/gen_demux.gen_aw_id_counter.i_aw_id_counter/gen_counters[3].i_in_flight_cnt/i___33
    SLICE_X66Y129        LUT6 (Prop_lut6_I1_O)        0.259     3.504 f  i_kecc_aes_k_axi_top/i_axi2reg/i_axi_to_axi_lite/i_axi_burst_splitter/i_demux_supported_vs_unsupported/gen_demux.gen_aw_id_counter.i_aw_id_counter/gen_counters[3].i_in_flight_cnt/i__i_1__2__0/O
                         net (fo=2, estimated)        0.238     3.742    i_kecc_aes_k_axi_top/i_axi2reg/i_axi_to_axi_lite_n_170
    SLICE_X67Y130        LUT5 (Prop_lut5_I0_O)        0.105     3.847 f  i_kecc_aes_k_axi_top/i_axi2reg/i___80/O
                         net (fo=4, estimated)        0.259     4.106    i_kecc_aes_k_axi_top/i_axi2reg/i_axi_to_axi_lite/i_axi_burst_splitter/i_demux_supported_vs_unsupported/gen_demux.gen_aw_id_counter.i_aw_id_counter/gen_counters[3].i_in_flight_cnt/gen_demux.lock_aw_valid_q_reg_2
    SLICE_X63Y130        LUT5 (Prop_lut5_I2_O)        0.105     4.211 f  i_kecc_aes_k_axi_top/i_axi2reg/i_axi_to_axi_lite/i_axi_burst_splitter/i_demux_supported_vs_unsupported/gen_demux.gen_aw_id_counter.i_aw_id_counter/gen_counters[3].i_in_flight_cnt/i__i_4__6/O
                         net (fo=21, estimated)       0.303     4.514    i_kecc_aes_k_axi_top/i_axi2reg/i_axi_burst_splitter/i_axi_burst_splitter_aw_chan/state_d0
    SLICE_X65Y130        LUT5 (Prop_lut5_I4_O)        0.105     4.619 r  i_kecc_aes_k_axi_top/i_axi2reg/i__i_3__0/O
                         net (fo=2, estimated)        0.240     4.859    i_kecc_aes_k_axi_top/i_axi2reg/i__i_3__0_n_0
    SLICE_X64Y131        LUT5 (Prop_lut5_I2_O)        0.105     4.964 r  i_kecc_aes_k_axi_top/i_axi2reg/i__i_1__2/O
                         net (fo=3, estimated)        0.451     5.415    i_kecc_aes_k_axi_top/i_axi2reg/i__i_1__2_n_0
    SLICE_X61Y131        LUT6 (Prop_lut6_I0_O)        0.105     5.520 r  i_kecc_aes_k_axi_top/i_axi2reg/i__i_2__2/O
                         net (fo=1407, estimated)     0.635     6.155    i_kecc_aes_k_axi_top/i_axi2reg/i__i_2__2_n_0
    SLICE_X57Y135        LUT5 (Prop_lut5_I3_O)        0.105     6.260 r  i_kecc_aes_k_axi_top/i_axi2reg/mem_q[0][data][63]_i_20/O
                         net (fo=16, estimated)       0.707     6.967    i_kecc_aes_k_axi_top/i_axi2reg/i_axi_lite_to_reg/i_fifo_read/reg_req_i[addr][7]
    SLICE_X56Y136        LUT5 (Prop_lut5_I0_O)        0.105     7.072 r  i_kecc_aes_k_axi_top/i_axi2reg/i_axi_lite_to_reg/i_fifo_read/mem_q[0][data][63]_i_24/O
                         net (fo=18, estimated)       0.323     7.395    i_kecc_aes_k_axi_top/i_axi2reg/i_axi_lite_to_reg/i_fifo_read/mem_q[0][data][63]_i_24_n_0
    SLICE_X54Y137        LUT5 (Prop_lut5_I3_O)        0.105     7.500 r  i_kecc_aes_k_axi_top/i_axi2reg/i_axi_lite_to_reg/i_fifo_read/q[63]_i_3__9/O
                         net (fo=126, estimated)      0.423     7.923    i_kecc_aes_k_axi_top/i_axi2reg/i_axi_lite_to_reg/i_fifo_read/q[63]_i_3__9_n_0
    SLICE_X55Y137        LUT2 (Prop_lut2_I0_O)        0.105     8.028 r  i_kecc_aes_k_axi_top/i_axi2reg/i_axi_lite_to_reg/i_fifo_read/mem_q[0][data][63]_i_31/O
                         net (fo=6, estimated)        0.432     8.460    i_kecc_aes_k_axi_top/i_axi2reg/i_axi_lite_to_reg/i_fifo_read/mem_q[0][data][63]_i_31_n_0
    SLICE_X53Y142        LUT6 (Prop_lut6_I5_O)        0.105     8.565 f  i_kecc_aes_k_axi_top/i_axi2reg/i_axi_lite_to_reg/i_fifo_read/mem_q[0][error]_i_17/O
                         net (fo=1, estimated)        0.229     8.794    i_kecc_aes_k_axi_top/i_axi2reg/i_axi_lite_to_reg/i_fifo_read/mem_q[0][error]_i_17_n_0
    SLICE_X52Y143        LUT6 (Prop_lut6_I5_O)        0.105     8.899 f  i_kecc_aes_k_axi_top/i_axi2reg/i_axi_lite_to_reg/i_fifo_read/mem_q[0][error]_i_16/O
                         net (fo=1, estimated)        0.126     9.025    i_kecc_aes_k_axi_top/i_axi2reg/i_axi_lite_to_reg/i_fifo_read/mem_q[0][error]_i_16_n_0
    SLICE_X52Y143        LUT5 (Prop_lut5_I4_O)        0.105     9.130 r  i_kecc_aes_k_axi_top/i_axi2reg/i_axi_lite_to_reg/i_fifo_read/mem_q[0][error]_i_5/O
                         net (fo=22, estimated)       0.318     9.448    i_kecc_aes_k_axi_top/i_axi2reg/i_axi_lite_to_reg/i_fifo_read/mem_q[0][error]_i_5_n_0
    SLICE_X53Y143        LUT4 (Prop_lut4_I3_O)        0.105     9.553 r  i_kecc_aes_k_axi_top/i_axi2reg/i_axi_lite_to_reg/i_fifo_read/mem_q[0][error]_i_1/O
                         net (fo=15, estimated)       0.294     9.847    i_kecc_aes_k_axi_top/i_axi2reg/i_axi_lite_to_reg/i_fifo_read/mem_q[0][error]_i_5_0
    SLICE_X52Y141        LUT5 (Prop_lut5_I3_O)        0.105     9.952 f  i_kecc_aes_k_axi_top/i_axi2reg/i_axi_lite_to_reg/i_fifo_read/q[63]_i_3__20/O
                         net (fo=65, estimated)       1.189    11.141    i_kecc_aes_k_axi_top/i_axi2reg/i_axi_lite_to_reg/i_fifo_write_req/keccak_data_18_we
    SLICE_X36Y142        LUT3 (Prop_lut3_I2_O)        0.115    11.256 f  i_kecc_aes_k_axi_top/i_axi2reg/i_axi_lite_to_reg/i_fifo_write_req/wr_en_data_arb/q[23]_i_1__0/O
                         net (fo=1, estimated)        0.785    12.041    i_kecc_aes_k_axi_top/kecc_aes_k_axi_reg_top_i/u_keccak_data_18/q_reg[63]_0[23]
    SLICE_X34Y142        FDCE                                         f  i_kecc_aes_k_axi_top/kecc_aes_k_axi_reg_top_i/u_keccak_data_18/q_reg[23]/D
  -------------------------------------------------------------------    -------------------

                         (clock clk_i rise edge)     10.000    10.000 r  
                                                      0.000    10.000 r  clk_i (IN)
                         net (fo=6719, unset)         0.748    10.748    i_kecc_aes_k_axi_top/kecc_aes_k_axi_reg_top_i/u_keccak_data_18/clk_i
    SLICE_X34Y142        FDCE                                         r  i_kecc_aes_k_axi_top/kecc_aes_k_axi_reg_top_i/u_keccak_data_18/q_reg[23]/C
                         clock pessimism              0.000    10.748    
                         clock uncertainty           -0.035    10.712    
    SLICE_X34Y142        FDCE (Setup_fdce_C_D)       -0.203    10.509    i_kecc_aes_k_axi_top/kecc_aes_k_axi_reg_top_i/u_keccak_data_18/q_reg[23]
  -------------------------------------------------------------------
                         required time                         10.509    
                         arrival time                         -12.041    
  -------------------------------------------------------------------
                         slack                                 -1.532    

Slack (VIOLATED) :        -1.532ns  (required time - arrival time)
  Source:                 i_kecc_aes_k_axi_top/i_axi2reg/i_axi_to_axi_lite/i_axi_burst_splitter/i_demux_supported_vs_unsupported/gen_demux.gen_aw_id_counter.i_aw_id_counter/gen_counters[19].mst_select_q_reg[19][0]/C
                            (rising edge-triggered cell FDCE clocked by clk_i  {rise@0.000ns fall@5.000ns period=10.000ns})
  Destination:            i_kecc_aes_k_axi_top/kecc_aes_k_axi_reg_top_i/u_keccak_data_18/q_reg[23]/D
                            (rising edge-triggered cell FDCE clocked by clk_i  {rise@0.000ns fall@5.000ns period=10.000ns})
  Path Group:             clk_i
  Path Type:              Setup (Max at Slow Process Corner)
  Requirement:            10.000ns  (clk_i rise@10.000ns - clk_i rise@0.000ns)
  Data Path Delay:        11.254ns  (logic 2.715ns (24.125%)  route 8.539ns (75.875%))
  Logic Levels:           19  (LUT2=1 LUT3=1 LUT4=1 LUT5=9 LUT6=5 MUXF7=1 MUXF8=1)
  Clock Path Skew:        -0.039ns (DCD - SCD + CPR)
    Destination Clock Delay (DCD):    0.748ns = ( 10.748 - 10.000 ) 
    Source Clock Delay      (SCD):    0.787ns
    Clock Pessimism Removal (CPR):    0.000ns
  Clock Uncertainty:      0.035ns  ((TSJ^2 + TIJ^2)^1/2 + DJ) / 2 + PE
    Total System Jitter     (TSJ):    0.071ns
    Total Input Jitter      (TIJ):    0.000ns
    Discrete Jitter          (DJ):    0.000ns
    Phase Error              (PE):    0.000ns

    Location             Delay type                Incr(ns)  Path(ns)    Netlist Resource(s)
  -------------------------------------------------------------------    -------------------
                         (clock clk_i rise edge)      0.000     0.000 r  
                                                      0.000     0.000 r  clk_i (IN)
                         net (fo=6719, unset)         0.787     0.787    i_kecc_aes_k_axi_top/i_axi2reg/i_axi_to_axi_lite/i_axi_burst_splitter/i_demux_supported_vs_unsupported/gen_demux.gen_aw_id_counter.i_aw_id_counter/clk_i
    SLICE_X75Y131        FDCE                                         r  i_kecc_aes_k_axi_top/i_axi2reg/i_axi_to_axi_lite/i_axi_burst_splitter/i_demux_supported_vs_unsupported/gen_demux.gen_aw_id_counter.i_aw_id_counter/gen_counters[19].mst_select_q_reg[19][0]/C
  -------------------------------------------------------------------    -------------------
    SLICE_X75Y131        FDCE (Prop_fdce_C_Q)         0.348     1.135 f  i_kecc_aes_k_axi_top/i_axi2reg/i_axi_to_axi_lite/i_axi_burst_splitter/i_demux_supported_vs_unsupported/gen_demux.gen_aw_id_counter.i_aw_id_counter/gen_counters[19].mst_select_q_reg[19][0]/Q
                         net (fo=2, estimated)        0.689     1.824    i_kecc_aes_k_axi_top/i_axi2reg/i_axi_to_axi_lite/i_axi_burst_splitter/i_demux_supported_vs_unsupported/gen_demux.gen_aw_id_counter.i_aw_id_counter/gen_counters[19].mst_select_q_reg[19]_12
    SLICE_X74Y130        LUT6 (Prop_lut6_I0_O)        0.240     2.064 f  i_kecc_aes_k_axi_top/i_axi2reg/i_axi_to_axi_lite/i_axi_burst_splitter/i_demux_supported_vs_unsupported/gen_demux.gen_aw_id_counter.i_aw_id_counter/i__i_35/O
                         net (fo=1, routed)           0.000     2.064    i_kecc_aes_k_axi_top/i_axi2reg/i_axi_to_axi_lite/i_axi_burst_splitter/i_demux_supported_vs_unsupported/gen_demux.gen_aw_id_counter.i_aw_id_counter/i__i_35_n_0
    SLICE_X74Y130        MUXF7 (Prop_muxf7_I0_O)      0.201     2.265 f  i_kecc_aes_k_axi_top/i_axi2reg/i_axi_to_axi_lite/i_axi_burst_splitter/i_demux_supported_vs_unsupported/gen_demux.gen_aw_id_counter.i_aw_id_counter/i__i_15/O
                         net (fo=1, routed)           0.000     2.265    i_kecc_aes_k_axi_top/i_axi2reg/i_axi_to_axi_lite/i_axi_burst_splitter/i_demux_supported_vs_unsupported/gen_demux.gen_aw_id_counter.i_aw_id_counter/i__i_15_n_0
    SLICE_X74Y130        MUXF8 (Prop_muxf8_I0_O)      0.082     2.347 f  i_kecc_aes_k_axi_top/i_axi2reg/i_axi_to_axi_lite/i_axi_burst_splitter/i_demux_supported_vs_unsupported/gen_demux.gen_aw_id_counter.i_aw_id_counter/i__i_5/O
                         net (fo=1, estimated)        0.898     3.245    i_kecc_aes_k_axi_top/i_axi2reg/i_axi_to_axi_lite/i_axi_burst_splitter/i_demux_supported_vs_unsupported/gen_demux.gen_aw_id_counter.i_aw_id_counter/gen_counters[3].i_in_flight_cnt/i___33
    SLICE_X66Y129        LUT6 (Prop_lut6_I1_O)        0.259     3.504 f  i_kecc_aes_k_axi_top/i_axi2reg/i_axi_to_axi_lite/i_axi_burst_splitter/i_demux_supported_vs_unsupported/gen_demux.gen_aw_id_counter.i_aw_id_counter/gen_counters[3].i_in_flight_cnt/i__i_1__2__0/O
                         net (fo=2, estimated)        0.238     3.742    i_kecc_aes_k_axi_top/i_axi2reg/i_axi_to_axi_lite_n_170
    SLICE_X67Y130        LUT5 (Prop_lut5_I0_O)        0.105     3.847 f  i_kecc_aes_k_axi_top/i_axi2reg/i___80/O
                         net (fo=4, estimated)        0.259     4.106    i_kecc_aes_k_axi_top/i_axi2reg/i_axi_to_axi_lite/i_axi_burst_splitter/i_demux_supported_vs_unsupported/gen_demux.gen_aw_id_counter.i_aw_id_counter/gen_counters[3].i_in_flight_cnt/gen_demux.lock_aw_valid_q_reg_2
    SLICE_X63Y130        LUT5 (Prop_lut5_I2_O)        0.105     4.211 f  i_kecc_aes_k_axi_top/i_axi2reg/i_axi_to_axi_lite/i_axi_burst_splitter/i_demux_supported_vs_unsupported/gen_demux.gen_aw_id_counter.i_aw_id_counter/gen_counters[3].i_in_flight_cnt/i__i_4__6/O
                         net (fo=21, estimated)       0.303     4.514    i_kecc_aes_k_axi_top/i_axi2reg/i_axi_burst_splitter/i_axi_burst_splitter_aw_chan/state_d0
    SLICE_X65Y130        LUT5 (Prop_lut5_I4_O)        0.105     4.619 r  i_kecc_aes_k_axi_top/i_axi2reg/i__i_3__0/O
                         net (fo=2, estimated)        0.240     4.859    i_kecc_aes_k_axi_top/i_axi2reg/i__i_3__0_n_0
    SLICE_X64Y131        LUT5 (Prop_lut5_I2_O)        0.105     4.964 r  i_kecc_aes_k_axi_top/i_axi2reg/i__i_1__2/O
                         net (fo=3, estimated)        0.451     5.415    i_kecc_aes_k_axi_top/i_axi2reg/i__i_1__2_n_0
    SLICE_X61Y131        LUT6 (Prop_lut6_I0_O)        0.105     5.520 r  i_kecc_aes_k_axi_top/i_axi2reg/i__i_2__2/O
                         net (fo=1407, estimated)     0.635     6.155    i_kecc_aes_k_axi_top/i_axi2reg/i__i_2__2_n_0
    SLICE_X57Y135        LUT5 (Prop_lut5_I3_O)        0.105     6.260 r  i_kecc_aes_k_axi_top/i_axi2reg/mem_q[0][data][63]_i_20/O
                         net (fo=16, estimated)       0.707     6.967    i_kecc_aes_k_axi_top/i_axi2reg/i_axi_lite_to_reg/i_fifo_read/reg_req_i[addr][7]
    SLICE_X56Y136        LUT5 (Prop_lut5_I0_O)        0.105     7.072 r  i_kecc_aes_k_axi_top/i_axi2reg/i_axi_lite_to_reg/i_fifo_read/mem_q[0][data][63]_i_24/O
                         net (fo=18, estimated)       0.323     7.395    i_kecc_aes_k_axi_top/i_axi2reg/i_axi_lite_to_reg/i_fifo_read/mem_q[0][data][63]_i_24_n_0
    SLICE_X54Y137        LUT5 (Prop_lut5_I3_O)        0.105     7.500 r  i_kecc_aes_k_axi_top/i_axi2reg/i_axi_lite_to_reg/i_fifo_read/q[63]_i_3__9/O
                         net (fo=126, estimated)      0.423     7.923    i_kecc_aes_k_axi_top/i_axi2reg/i_axi_lite_to_reg/i_fifo_read/q[63]_i_3__9_n_0
    SLICE_X55Y137        LUT2 (Prop_lut2_I0_O)        0.105     8.028 r  i_kecc_aes_k_axi_top/i_axi2reg/i_axi_lite_to_reg/i_fifo_read/mem_q[0][data][63]_i_31/O
                         net (fo=6, estimated)        0.432     8.460    i_kecc_aes_k_axi_top/i_axi2reg/i_axi_lite_to_reg/i_fifo_read/mem_q[0][data][63]_i_31_n_0
    SLICE_X53Y142        LUT6 (Prop_lut6_I5_O)        0.105     8.565 f  i_kecc_aes_k_axi_top/i_axi2reg/i_axi_lite_to_reg/i_fifo_read/mem_q[0][error]_i_17/O
                         net (fo=1, estimated)        0.229     8.794    i_kecc_aes_k_axi_top/i_axi2reg/i_axi_lite_to_reg/i_fifo_read/mem_q[0][error]_i_17_n_0
    SLICE_X52Y143        LUT6 (Prop_lut6_I5_O)        0.105     8.899 f  i_kecc_aes_k_axi_top/i_axi2reg/i_axi_lite_to_reg/i_fifo_read/mem_q[0][error]_i_16/O
                         net (fo=1, estimated)        0.126     9.025    i_kecc_aes_k_axi_top/i_axi2reg/i_axi_lite_to_reg/i_fifo_read/mem_q[0][error]_i_16_n_0
    SLICE_X52Y143        LUT5 (Prop_lut5_I4_O)        0.105     9.130 r  i_kecc_aes_k_axi_top/i_axi2reg/i_axi_lite_to_reg/i_fifo_read/mem_q[0][error]_i_5/O
                         net (fo=22, estimated)       0.318     9.448    i_kecc_aes_k_axi_top/i_axi2reg/i_axi_lite_to_reg/i_fifo_read/mem_q[0][error]_i_5_n_0
    SLICE_X53Y143        LUT4 (Prop_lut4_I3_O)        0.105     9.553 r  i_kecc_aes_k_axi_top/i_axi2reg/i_axi_lite_to_reg/i_fifo_read/mem_q[0][error]_i_1/O
                         net (fo=15, estimated)       0.294     9.847    i_kecc_aes_k_axi_top/i_axi2reg/i_axi_lite_to_reg/i_fifo_read/mem_q[0][error]_i_5_0
    SLICE_X52Y141        LUT5 (Prop_lut5_I3_O)        0.105     9.952 f  i_kecc_aes_k_axi_top/i_axi2reg/i_axi_lite_to_reg/i_fifo_read/q[63]_i_3__20/O
                         net (fo=65, estimated)       1.189    11.141    i_kecc_aes_k_axi_top/i_axi2reg/i_axi_lite_to_reg/i_fifo_write_req/keccak_data_18_we
    SLICE_X36Y142        LUT3 (Prop_lut3_I2_O)        0.115    11.256 f  i_kecc_aes_k_axi_top/i_axi2reg/i_axi_lite_to_reg/i_fifo_write_req/wr_en_data_arb/q[23]_i_1__0/O
                         net (fo=1, estimated)        0.785    12.041    i_kecc_aes_k_axi_top/kecc_aes_k_axi_reg_top_i/u_keccak_data_18/q_reg[63]_0[23]
    SLICE_X34Y142        FDCE                                         f  i_kecc_aes_k_axi_top/kecc_aes_k_axi_reg_top_i/u_keccak_data_18/q_reg[23]/D
  -------------------------------------------------------------------    -------------------

                         (clock clk_i rise edge)     10.000    10.000 r  
                                                      0.000    10.000 r  clk_i (IN)
                         net (fo=6719, unset)         0.748    10.748    i_kecc_aes_k_axi_top/kecc_aes_k_axi_reg_top_i/u_keccak_data_18/clk_i
    SLICE_X34Y142        FDCE                                         r  i_kecc_aes_k_axi_top/kecc_aes_k_axi_reg_top_i/u_keccak_data_18/q_reg[23]/C
                         clock pessimism              0.000    10.748    
                         clock uncertainty           -0.035    10.712    
    SLICE_X34Y142        FDCE (Setup_fdce_C_D)       -0.203    10.509    i_kecc_aes_k_axi_top/kecc_aes_k_axi_reg_top_i/u_keccak_data_18/q_reg[23]
  -------------------------------------------------------------------
                         required time                         10.509    
                         arrival time                         -12.041    
  -------------------------------------------------------------------
                         slack                                 -1.532    




