Copyright 1986-2022 Xilinx, Inc. All Rights Reserved. Copyright 2022-2024 Advanced Micro Devices, Inc. All Rights Reserved.
--------------------------------------------------------------------------------------------------------------------------------------------------------
| Tool Version : Vivado v.2024.1 (win64) Build 5076996 Wed May 22 18:37:14 MDT 2024
| Date         : Mon Aug 10 20:12:55 2026
| Host         : AlessandraYOGA running 64-bit major release  (build 9200)
| Command      : report_timing -max_paths 20 -nworst 20 -delay_type max -sort_by slack -file reports_v5_bp/kecc_aes_k_axi_synth_top.timing_WORST_20.rpt
| Design       : kecc_aes_k_axi_synth_top
| Device       : 7a100t-ftg256
| Speed File   : -2  PRODUCTION 1.23 2018-06-13
| Design State : Fully Placed
--------------------------------------------------------------------------------------------------------------------------------------------------------

Timing Report

Slack (VIOLATED) :        -0.851ns  (required time - arrival time)
  Source:                 i_kecc_aes_k_axi_top/i_axi2reg/i_axi_to_axi_lite/i_axi_burst_splitter/i_demux_supported_vs_unsupported/gen_demux.gen_aw_id_counter.i_aw_id_counter/gen_counters[30].mst_select_q_reg[30][0]/C
                            (rising edge-triggered cell FDCE clocked by clk_i  {rise@0.000ns fall@5.000ns period=10.000ns})
  Destination:            i_kecc_aes_k_axi_top/i_axi2reg/i_axi_lite_to_reg/i_fifo_read_resp/mem_q_reg[1][data][28]/D
                            (rising edge-triggered cell FDCE clocked by clk_i  {rise@0.000ns fall@5.000ns period=10.000ns})
  Path Group:             clk_i
  Path Type:              Setup (Max at Slow Process Corner)
  Requirement:            10.000ns  (clk_i rise@10.000ns - clk_i rise@0.000ns)
  Data Path Delay:        10.704ns  (logic 2.716ns (25.374%)  route 7.988ns (74.626%))
  Logic Levels:           18  (LUT2=1 LUT3=2 LUT4=1 LUT5=2 LUT6=10 MUXF7=1 MUXF8=1)
  Clock Path Skew:        -0.039ns (DCD - SCD + CPR)
    Destination Clock Delay (DCD):    0.748ns = ( 10.748 - 10.000 ) 
    Source Clock Delay      (SCD):    0.787ns
    Clock Pessimism Removal (CPR):    0.000ns
  Clock Uncertainty:      0.035ns  ((TSJ^2 + TIJ^2)^1/2 + DJ) / 2 + PE
    Total System Jitter     (TSJ):    0.071ns
    Total Input Jitter      (TIJ):    0.000ns
    Discrete Jitter          (DJ):    0.000ns
    Phase Error              (PE):    0.000ns

    Location             Delay type                Incr(ns)  Path(ns)    Netlist Resource(s)
  -------------------------------------------------------------------    -------------------
                         (clock clk_i rise edge)      0.000     0.000 r  
                                                      0.000     0.000 r  clk_i (IN)
                         net (fo=3368, unset)         0.787     0.787    i_kecc_aes_k_axi_top/i_axi2reg/i_axi_to_axi_lite/i_axi_burst_splitter/i_demux_supported_vs_unsupported/gen_demux.gen_aw_id_counter.i_aw_id_counter/clk_i
    SLICE_X34Y95         FDCE                                         r  i_kecc_aes_k_axi_top/i_axi2reg/i_axi_to_axi_lite/i_axi_burst_splitter/i_demux_supported_vs_unsupported/gen_demux.gen_aw_id_counter.i_aw_id_counter/gen_counters[30].mst_select_q_reg[30][0]/C
  -------------------------------------------------------------------    -------------------
    SLICE_X34Y95         FDCE (Prop_fdce_C_Q)         0.433     1.220 r  i_kecc_aes_k_axi_top/i_axi2reg/i_axi_to_axi_lite/i_axi_burst_splitter/i_demux_supported_vs_unsupported/gen_demux.gen_aw_id_counter.i_aw_id_counter/gen_counters[30].mst_select_q_reg[30][0]/Q
                         net (fo=2, estimated)        0.773     1.993    i_kecc_aes_k_axi_top/i_axi2reg/i_axi_to_axi_lite/i_axi_burst_splitter/i_demux_supported_vs_unsupported/gen_demux.gen_aw_id_counter.i_aw_id_counter/gen_counters[30].mst_select_q_reg[30]_1
    SLICE_X36Y94         LUT6 (Prop_lut6_I1_O)        0.105     2.098 r  i_kecc_aes_k_axi_top/i_axi2reg/i_axi_to_axi_lite/i_axi_burst_splitter/i_demux_supported_vs_unsupported/gen_demux.gen_aw_id_counter.i_aw_id_counter/axi_rsp_o[aw_ready]_INST_0_i_42/O
                         net (fo=1, routed)           0.000     2.098    i_kecc_aes_k_axi_top/i_axi2reg/i_axi_to_axi_lite/i_axi_burst_splitter/i_demux_supported_vs_unsupported/gen_demux.gen_aw_id_counter.i_aw_id_counter/axi_rsp_o[aw_ready]_INST_0_i_42_n_0
    SLICE_X36Y94         MUXF7 (Prop_muxf7_I1_O)      0.182     2.280 r  i_kecc_aes_k_axi_top/i_axi2reg/i_axi_to_axi_lite/i_axi_burst_splitter/i_demux_supported_vs_unsupported/gen_demux.gen_aw_id_counter.i_aw_id_counter/axi_rsp_o[aw_ready]_INST_0_i_32/O
                         net (fo=1, routed)           0.000     2.280    i_kecc_aes_k_axi_top/i_axi2reg/i_axi_to_axi_lite/i_axi_burst_splitter/i_demux_supported_vs_unsupported/gen_demux.gen_aw_id_counter.i_aw_id_counter/axi_rsp_o[aw_ready]_INST_0_i_32_n_0
    SLICE_X36Y94         MUXF8 (Prop_muxf8_I1_O)      0.079     2.359 r  i_kecc_aes_k_axi_top/i_axi2reg/i_axi_to_axi_lite/i_axi_burst_splitter/i_demux_supported_vs_unsupported/gen_demux.gen_aw_id_counter.i_aw_id_counter/axi_rsp_o[aw_ready]_INST_0_i_21/O
                         net (fo=1, estimated)        0.683     3.042    i_kecc_aes_k_axi_top/i_axi2reg/i_axi_to_axi_lite/i_axi_burst_splitter/i_demux_supported_vs_unsupported/gen_demux.gen_aw_id_counter.i_aw_id_counter/gen_counters[3].i_in_flight_cnt/axi_rsp_o[aw_ready]_INST_0_i_6
    SLICE_X34Y95         LUT6 (Prop_lut6_I1_O)        0.264     3.306 r  i_kecc_aes_k_axi_top/i_axi2reg/i_axi_to_axi_lite/i_axi_burst_splitter/i_demux_supported_vs_unsupported/gen_demux.gen_aw_id_counter.i_aw_id_counter/gen_counters[3].i_in_flight_cnt/axi_rsp_o[aw_ready]_INST_0_i_12/O
                         net (fo=2, estimated)        0.247     3.553    i_kecc_aes_k_axi_top/i_axi2reg/i_axi_to_axi_lite/i_axi_burst_splitter/i_demux_supported_vs_unsupported/gen_demux.gen_aw_id_counter.i_aw_id_counter/gen_counters[3].i_in_flight_cnt/axi_req_i[aw][id]_4_sn_1
    SLICE_X36Y95         LUT6 (Prop_lut6_I1_O)        0.105     3.658 r  i_kecc_aes_k_axi_top/i_axi2reg/i_axi_to_axi_lite/i_axi_burst_splitter/i_demux_supported_vs_unsupported/gen_demux.gen_aw_id_counter.i_aw_id_counter/gen_counters[3].i_in_flight_cnt/status_cnt_q[1]_i_2__3/O
                         net (fo=41, estimated)       0.331     3.989    i_kecc_aes_k_axi_top/i_axi2reg/i_axi_to_axi_lite/i_axi_burst_splitter/i_demux_supported_vs_unsupported/gen_demux.i_w_fifo/status_cnt_q_reg[1]_0
    SLICE_X38Y95         LUT6 (Prop_lut6_I4_O)        0.105     4.094 r  i_kecc_aes_k_axi_top/i_axi2reg/i_axi_to_axi_lite/i_axi_burst_splitter/i_demux_supported_vs_unsupported/gen_demux.i_w_fifo/axi_rsp_o[w_ready]_INST_0_i_6/O
                         net (fo=3, estimated)        0.350     4.444    i_kecc_aes_k_axi_top/i_axi2reg/i_axi_to_axi_lite/i_axi_burst_splitter/i_demux_supported_vs_unsupported/gen_demux.i_w_fifo/axi_rsp_o[w_ready]_INST_0_i_6_n_0
    SLICE_X40Y96         LUT6 (Prop_lut6_I0_O)        0.105     4.549 f  i_kecc_aes_k_axi_top/i_axi2reg/i_axi_to_axi_lite/i_axi_burst_splitter/i_demux_supported_vs_unsupported/gen_demux.i_w_fifo/q[63]_i_27/O
                         net (fo=15, estimated)       0.290     4.839    i_kecc_aes_k_axi_top/i_axi2reg/i_axi_lite_to_reg/i_fifo_write_req/q_reg[0]
    SLICE_X43Y96         LUT5 (Prop_lut5_I0_O)        0.105     4.944 f  i_kecc_aes_k_axi_top/i_axi2reg/i_axi_lite_to_reg/i_fifo_write_req/gen_arbiter.gen_int_rr.rr_q[0]_i_2__0/O
                         net (fo=4, estimated)        0.259     5.203    i_kecc_aes_k_axi_top/i_axi2reg/i_axi_lite_to_reg/i_fifo_read/mem_q_reg[0][error]__0_1
    SLICE_X45Y97         LUT6 (Prop_lut6_I1_O)        0.105     5.308 r  i_kecc_aes_k_axi_top/i_axi2reg/i_axi_lite_to_reg/i_fifo_read/status_cnt_q[1]_i_2__0/O
                         net (fo=43, estimated)       0.404     5.712    i_kecc_aes_k_axi_top/i_axi2reg/i_axi_lite_to_reg/i_fifo_read/write_ready
    SLICE_X45Y99         LUT5 (Prop_lut5_I3_O)        0.105     5.817 r  i_kecc_aes_k_axi_top/i_axi2reg/i_axi_lite_to_reg/i_fifo_read/q[63]_i_16/O
                         net (fo=1, estimated)        0.257     6.074    i_kecc_aes_k_axi_top/i_axi2reg/i_axi_lite_to_reg/i_fifo_read/reg_req_i[addr][0]
    SLICE_X46Y100        LUT6 (Prop_lut6_I5_O)        0.105     6.179 r  i_kecc_aes_k_axi_top/i_axi2reg/i_axi_lite_to_reg/i_fifo_read/q[63]_i_14__0/O
                         net (fo=1, estimated)        0.123     6.302    i_kecc_aes_k_axi_top/i_axi2reg/i_axi_lite_to_reg/i_fifo_read/q[63]_i_14__0_n_0
    SLICE_X46Y100        LUT6 (Prop_lut6_I5_O)        0.105     6.407 r  i_kecc_aes_k_axi_top/i_axi2reg/i_axi_lite_to_reg/i_fifo_read/q[63]_i_9/O
                         net (fo=5, estimated)        0.159     6.566    i_kecc_aes_k_axi_top/i_axi2reg/i_axi_lite_to_reg/i_fifo_read/q[63]_i_9_n_0
    SLICE_X46Y100        LUT2 (Prop_lut2_I1_O)        0.105     6.671 r  i_kecc_aes_k_axi_top/i_axi2reg/i_axi_lite_to_reg/i_fifo_read/q[63]_i_4/O
                         net (fo=19, estimated)       0.698     7.369    i_kecc_aes_k_axi_top/i_axi2reg/i_axi_lite_to_reg/i_fifo_read/q[63]_i_4_n_0
    SLICE_X46Y110        LUT4 (Prop_lut4_I1_O)        0.105     7.474 r  i_kecc_aes_k_axi_top/i_axi2reg/i_axi_lite_to_reg/i_fifo_read/wr_data_i_3__6/O
                         net (fo=35, estimated)       0.550     8.024    i_kecc_aes_k_axi_top/i_axi2reg/i_axi_lite_to_reg/i_fifo_read/read_pointer_q_reg[0]_32
    SLICE_X52Y110        LUT3 (Prop_lut3_I2_O)        0.105     8.129 r  i_kecc_aes_k_axi_top/i_axi2reg/i_axi_lite_to_reg/i_fifo_read/wr_data_i_2__16/O
                         net (fo=65, estimated)       0.487     8.616    i_kecc_aes_k_axi_top/i_axi2reg/i_axi_lite_to_reg/i_fifo_read/wr_data_i_2__16_n_0
    SLICE_X58Y112        LUT6 (Prop_lut6_I3_O)        0.105     8.721 r  i_kecc_aes_k_axi_top/i_axi2reg/i_axi_lite_to_reg/i_fifo_read/mem_q[0][data][28]_i_14/O
                         net (fo=1, estimated)        0.927     9.648    i_kecc_aes_k_axi_top/i_axi2reg/i_axi_lite_to_reg/i_fifo_read/mem_q[0][data][28]_i_14_n_0
    SLICE_X55Y111        LUT3 (Prop_lut3_I0_O)        0.119     9.767 r  i_kecc_aes_k_axi_top/i_axi2reg/i_axi_lite_to_reg/i_fifo_read/mem_q[0][data][28]_i_5/O
                         net (fo=1, estimated)        0.775    10.542    i_kecc_aes_k_axi_top/i_axi2reg/i_axi_lite_to_reg/i_fifo_read/mem_q[0][data][28]_i_5_n_0
    SLICE_X50Y112        LUT6 (Prop_lut6_I3_O)        0.274    10.816 r  i_kecc_aes_k_axi_top/i_axi2reg/i_axi_lite_to_reg/i_fifo_read/mem_q[0][data][28]_i_1/O
                         net (fo=2, estimated)        0.675    11.491    i_kecc_aes_k_axi_top/i_axi2reg/i_axi_lite_to_reg/i_fifo_read_resp/D[28]
    SLICE_X51Y112        FDCE                                         r  i_kecc_aes_k_axi_top/i_axi2reg/i_axi_lite_to_reg/i_fifo_read_resp/mem_q_reg[1][data][28]/D
  -------------------------------------------------------------------    -------------------

                         (clock clk_i rise edge)     10.000    10.000 r  
                                                      0.000    10.000 r  clk_i (IN)
                         net (fo=3368, unset)         0.748    10.748    i_kecc_aes_k_axi_top/i_axi2reg/i_axi_lite_to_reg/i_fifo_read_resp/clk_i
    SLICE_X51Y112        FDCE                                         r  i_kecc_aes_k_axi_top/i_axi2reg/i_axi_lite_to_reg/i_fifo_read_resp/mem_q_reg[1][data][28]/C
                         clock pessimism              0.000    10.748    
                         clock uncertainty           -0.035    10.712    
    SLICE_X51Y112        FDCE (Setup_fdce_C_D)       -0.072    10.640    i_kecc_aes_k_axi_top/i_axi2reg/i_axi_lite_to_reg/i_fifo_read_resp/mem_q_reg[1][data][28]
  -------------------------------------------------------------------
                         required time                         10.640    
                         arrival time                         -11.491    
  -------------------------------------------------------------------
                         slack                                 -0.851    

Slack (VIOLATED) :        -0.851ns  (required time - arrival time)
  Source:                 i_kecc_aes_k_axi_top/i_axi2reg/i_axi_to_axi_lite/i_axi_burst_splitter/i_demux_supported_vs_unsupported/gen_demux.gen_aw_id_counter.i_aw_id_counter/gen_counters[30].mst_select_q_reg[30][0]/C
                            (rising edge-triggered cell FDCE clocked by clk_i  {rise@0.000ns fall@5.000ns period=10.000ns})
  Destination:            i_kecc_aes_k_axi_top/i_axi2reg/i_axi_lite_to_reg/i_fifo_read_resp/mem_q_reg[1][data][28]/D
                            (rising edge-triggered cell FDCE clocked by clk_i  {rise@0.000ns fall@5.000ns period=10.000ns})
  Path Group:             clk_i
  Path Type:              Setup (Max at Slow Process Corner)
  Requirement:            10.000ns  (clk_i rise@10.000ns - clk_i rise@0.000ns)
  Data Path Delay:        10.704ns  (logic 2.716ns (25.374%)  route 7.988ns (74.626%))
  Logic Levels:           18  (LUT2=1 LUT3=2 LUT4=1 LUT5=2 LUT6=10 MUXF7=1 MUXF8=1)
  Clock Path Skew:        -0.039ns (DCD - SCD + CPR)
    Destination Clock Delay (DCD):    0.748ns = ( 10.748 - 10.000 ) 
    Source Clock Delay      (SCD):    0.787ns
    Clock Pessimism Removal (CPR):    0.000ns
  Clock Uncertainty:      0.035ns  ((TSJ^2 + TIJ^2)^1/2 + DJ) / 2 + PE
    Total System Jitter     (TSJ):    0.071ns
    Total Input Jitter      (TIJ):    0.000ns
    Discrete Jitter          (DJ):    0.000ns
    Phase Error              (PE):    0.000ns

    Location             Delay type                Incr(ns)  Path(ns)    Netlist Resource(s)
  -------------------------------------------------------------------    -------------------
                         (clock clk_i rise edge)      0.000     0.000 r  
                                                      0.000     0.000 r  clk_i (IN)
                         net (fo=3368, unset)         0.787     0.787    i_kecc_aes_k_axi_top/i_axi2reg/i_axi_to_axi_lite/i_axi_burst_splitter/i_demux_supported_vs_unsupported/gen_demux.gen_aw_id_counter.i_aw_id_counter/clk_i
    SLICE_X34Y95         FDCE                                         r  i_kecc_aes_k_axi_top/i_axi2reg/i_axi_to_axi_lite/i_axi_burst_splitter/i_demux_supported_vs_unsupported/gen_demux.gen_aw_id_counter.i_aw_id_counter/gen_counters[30].mst_select_q_reg[30][0]/C
  -------------------------------------------------------------------    -------------------
    SLICE_X34Y95         FDCE (Prop_fdce_C_Q)         0.433     1.220 f  i_kecc_aes_k_axi_top/i_axi2reg/i_axi_to_axi_lite/i_axi_burst_splitter/i_demux_supported_vs_unsupported/gen_demux.gen_aw_id_counter.i_aw_id_counter/gen_counters[30].mst_select_q_reg[30][0]/Q
                         net (fo=2, estimated)        0.773     1.993    i_kecc_aes_k_axi_top/i_axi2reg/i_axi_to_axi_lite/i_axi_burst_splitter/i_demux_supported_vs_unsupported/gen_demux.gen_aw_id_counter.i_aw_id_counter/gen_counters[30].mst_select_q_reg[30]_1
    SLICE_X36Y94         LUT6 (Prop_lut6_I1_O)        0.105     2.098 f  i_kecc_aes_k_axi_top/i_axi2reg/i_axi_to_axi_lite/i_axi_burst_splitter/i_demux_supported_vs_unsupported/gen_demux.gen_aw_id_counter.i_aw_id_counter/axi_rsp_o[aw_ready]_INST_0_i_42/O
                         net (fo=1, routed)           0.000     2.098    i_kecc_aes_k_axi_top/i_axi2reg/i_axi_to_axi_lite/i_axi_burst_splitter/i_demux_supported_vs_unsupported/gen_demux.gen_aw_id_counter.i_aw_id_counter/axi_rsp_o[aw_ready]_INST_0_i_42_n_0
    SLICE_X36Y94         MUXF7 (Prop_muxf7_I1_O)      0.182     2.280 f  i_kecc_aes_k_axi_top/i_axi2reg/i_axi_to_axi_lite/i_axi_burst_splitter/i_demux_supported_vs_unsupported/gen_demux.gen_aw_id_counter.i_aw_id_counter/axi_rsp_o[aw_ready]_INST_0_i_32/O
                         net (fo=1, routed)           0.000     2.280    i_kecc_aes_k_axi_top/i_axi2reg/i_axi_to_axi_lite/i_axi_burst_splitter/i_demux_supported_vs_unsupported/gen_demux.gen_aw_id_counter.i_aw_id_counter/axi_rsp_o[aw_ready]_INST_0_i_32_n_0
    SLICE_X36Y94         MUXF8 (Prop_muxf8_I1_O)      0.079     2.359 f  i_kecc_aes_k_axi_top/i_axi2reg/i_axi_to_axi_lite/i_axi_burst_splitter/i_demux_supported_vs_unsupported/gen_demux.gen_aw_id_counter.i_aw_id_counter/axi_rsp_o[aw_ready]_INST_0_i_21/O
                         net (fo=1, estimated)        0.683     3.042    i_kecc_aes_k_axi_top/i_axi2reg/i_axi_to_axi_lite/i_axi_burst_splitter/i_demux_supported_vs_unsupported/gen_demux.gen_aw_id_counter.i_aw_id_counter/gen_counters[3].i_in_flight_cnt/axi_rsp_o[aw_ready]_INST_0_i_6
    SLICE_X34Y95         LUT6 (Prop_lut6_I1_O)        0.264     3.306 r  i_kecc_aes_k_axi_top/i_axi2reg/i_axi_to_axi_lite/i_axi_burst_splitter/i_demux_supported_vs_unsupported/gen_demux.gen_aw_id_counter.i_aw_id_counter/gen_counters[3].i_in_flight_cnt/axi_rsp_o[aw_ready]_INST_0_i_12/O
                         net (fo=2, estimated)        0.247     3.553    i_kecc_aes_k_axi_top/i_axi2reg/i_axi_to_axi_lite/i_axi_burst_splitter/i_demux_supported_vs_unsupported/gen_demux.gen_aw_id_counter.i_aw_id_counter/gen_counters[3].i_in_flight_cnt/axi_req_i[aw][id]_4_sn_1
    SLICE_X36Y95         LUT6 (Prop_lut6_I1_O)        0.105     3.658 r  i_kecc_aes_k_axi_top/i_axi2reg/i_axi_to_axi_lite/i_axi_burst_splitter/i_demux_supported_vs_unsupported/gen_demux.gen_aw_id_counter.i_aw_id_counter/gen_counters[3].i_in_flight_cnt/status_cnt_q[1]_i_2__3/O
                         net (fo=41, estimated)       0.331     3.989    i_kecc_aes_k_axi_top/i_axi2reg/i_axi_to_axi_lite/i_axi_burst_splitter/i_demux_supported_vs_unsupported/gen_demux.i_w_fifo/status_cnt_q_reg[1]_0
    SLICE_X38Y95         LUT6 (Prop_lut6_I4_O)        0.105     4.094 r  i_kecc_aes_k_axi_top/i_axi2reg/i_axi_to_axi_lite/i_axi_burst_splitter/i_demux_supported_vs_unsupported/gen_demux.i_w_fifo/axi_rsp_o[w_ready]_INST_0_i_6/O
                         net (fo=3, estimated)        0.350     4.444    i_kecc_aes_k_axi_top/i_axi2reg/i_axi_to_axi_lite/i_axi_burst_splitter/i_demux_supported_vs_unsupported/gen_demux.i_w_fifo/axi_rsp_o[w_ready]_INST_0_i_6_n_0
    SLICE_X40Y96         LUT6 (Prop_lut6_I0_O)        0.105     4.549 f  i_kecc_aes_k_axi_top/i_axi2reg/i_axi_to_axi_lite/i_axi_burst_splitter/i_demux_supported_vs_unsupported/gen_demux.i_w_fifo/q[63]_i_27/O
                         net (fo=15, estimated)       0.290     4.839    i_kecc_aes_k_axi_top/i_axi2reg/i_axi_lite_to_reg/i_fifo_write_req/q_reg[0]
    SLICE_X43Y96         LUT5 (Prop_lut5_I0_O)        0.105     4.944 f  i_kecc_aes_k_axi_top/i_axi2reg/i_axi_lite_to_reg/i_fifo_write_req/gen_arbiter.gen_int_rr.rr_q[0]_i_2__0/O
                         net (fo=4, estimated)        0.259     5.203    i_kecc_aes_k_axi_top/i_axi2reg/i_axi_lite_to_reg/i_fifo_read/mem_q_reg[0][error]__0_1
    SLICE_X45Y97         LUT6 (Prop_lut6_I1_O)        0.105     5.308 r  i_kecc_aes_k_axi_top/i_axi2reg/i_axi_lite_to_reg/i_fifo_read/status_cnt_q[1]_i_2__0/O
                         net (fo=43, estimated)       0.404     5.712    i_kecc_aes_k_axi_top/i_axi2reg/i_axi_lite_to_reg/i_fifo_read/write_ready
    SLICE_X45Y99         LUT5 (Prop_lut5_I3_O)        0.105     5.817 r  i_kecc_aes_k_axi_top/i_axi2reg/i_axi_lite_to_reg/i_fifo_read/q[63]_i_16/O
                         net (fo=1, estimated)        0.257     6.074    i_kecc_aes_k_axi_top/i_axi2reg/i_axi_lite_to_reg/i_fifo_read/reg_req_i[addr][0]
    SLICE_X46Y100        LUT6 (Prop_lut6_I5_O)        0.105     6.179 r  i_kecc_aes_k_axi_top/i_axi2reg/i_axi_lite_to_reg/i_fifo_read/q[63]_i_14__0/O
                         net (fo=1, estimated)        0.123     6.302    i_kecc_aes_k_axi_top/i_axi2reg/i_axi_lite_to_reg/i_fifo_read/q[63]_i_14__0_n_0
    SLICE_X46Y100        LUT6 (Prop_lut6_I5_O)        0.105     6.407 r  i_kecc_aes_k_axi_top/i_axi2reg/i_axi_lite_to_reg/i_fifo_read/q[63]_i_9/O
                         net (fo=5, estimated)        0.159     6.566    i_kecc_aes_k_axi_top/i_axi2reg/i_axi_lite_to_reg/i_fifo_read/q[63]_i_9_n_0
    SLICE_X46Y100        LUT2 (Prop_lut2_I1_O)        0.105     6.671 r  i_kecc_aes_k_axi_top/i_axi2reg/i_axi_lite_to_reg/i_fifo_read/q[63]_i_4/O
                         net (fo=19, estimated)       0.698     7.369    i_kecc_aes_k_axi_top/i_axi2reg/i_axi_lite_to_reg/i_fifo_read/q[63]_i_4_n_0
    SLICE_X46Y110        LUT4 (Prop_lut4_I1_O)        0.105     7.474 r  i_kecc_aes_k_axi_top/i_axi2reg/i_axi_lite_to_reg/i_fifo_read/wr_data_i_3__6/O
                         net (fo=35, estimated)       0.550     8.024    i_kecc_aes_k_axi_top/i_axi2reg/i_axi_lite_to_reg/i_fifo_read/read_pointer_q_reg[0]_32
    SLICE_X52Y110        LUT3 (Prop_lut3_I2_O)        0.105     8.129 r  i_kecc_aes_k_axi_top/i_axi2reg/i_axi_lite_to_reg/i_fifo_read/wr_data_i_2__16/O
                         net (fo=65, estimated)       0.487     8.616    i_kecc_aes_k_axi_top/i_axi2reg/i_axi_lite_to_reg/i_fifo_read/wr_data_i_2__16_n_0
    SLICE_X58Y112        LUT6 (Prop_lut6_I3_O)        0.105     8.721 r  i_kecc_aes_k_axi_top/i_axi2reg/i_axi_lite_to_reg/i_fifo_read/mem_q[0][data][28]_i_14/O
                         net (fo=1, estimated)        0.927     9.648    i_kecc_aes_k_axi_top/i_axi2reg/i_axi_lite_to_reg/i_fifo_read/mem_q[0][data][28]_i_14_n_0
    SLICE_X55Y111        LUT3 (Prop_lut3_I0_O)        0.119     9.767 r  i_kecc_aes_k_axi_top/i_axi2reg/i_axi_lite_to_reg/i_fifo_read/mem_q[0][data][28]_i_5/O
                         net (fo=1, estimated)        0.775    10.542    i_kecc_aes_k_axi_top/i_axi2reg/i_axi_lite_to_reg/i_fifo_read/mem_q[0][data][28]_i_5_n_0
    SLICE_X50Y112        LUT6 (Prop_lut6_I3_O)        0.274    10.816 r  i_kecc_aes_k_axi_top/i_axi2reg/i_axi_lite_to_reg/i_fifo_read/mem_q[0][data][28]_i_1/O
                         net (fo=2, estimated)        0.675    11.491    i_kecc_aes_k_axi_top/i_axi2reg/i_axi_lite_to_reg/i_fifo_read_resp/D[28]
    SLICE_X51Y112        FDCE                                         r  i_kecc_aes_k_axi_top/i_axi2reg/i_axi_lite_to_reg/i_fifo_read_resp/mem_q_reg[1][data][28]/D
  -------------------------------------------------------------------    -------------------

                         (clock clk_i rise edge)     10.000    10.000 r  
                                                      0.000    10.000 r  clk_i (IN)
                         net (fo=3368, unset)         0.748    10.748    i_kecc_aes_k_axi_top/i_axi2reg/i_axi_lite_to_reg/i_fifo_read_resp/clk_i
    SLICE_X51Y112        FDCE                                         r  i_kecc_aes_k_axi_top/i_axi2reg/i_axi_lite_to_reg/i_fifo_read_resp/mem_q_reg[1][data][28]/C
                         clock pessimism              0.000    10.748    
                         clock uncertainty           -0.035    10.712    
    SLICE_X51Y112        FDCE (Setup_fdce_C_D)       -0.072    10.640    i_kecc_aes_k_axi_top/i_axi2reg/i_axi_lite_to_reg/i_fifo_read_resp/mem_q_reg[1][data][28]
  -------------------------------------------------------------------
                         required time                         10.640    
                         arrival time                         -11.491    
  -------------------------------------------------------------------
                         slack                                 -0.851    

Slack (VIOLATED) :        -0.851ns  (required time - arrival time)
  Source:                 i_kecc_aes_k_axi_top/i_axi2reg/i_axi_to_axi_lite/i_axi_burst_splitter/i_demux_supported_vs_unsupported/gen_demux.gen_aw_id_counter.i_aw_id_counter/gen_counters[30].mst_select_q_reg[30][0]/C
                            (rising edge-triggered cell FDCE clocked by clk_i  {rise@0.000ns fall@5.000ns period=10.000ns})
  Destination:            i_kecc_aes_k_axi_top/i_axi2reg/i_axi_lite_to_reg/i_fifo_read_resp/mem_q_reg[1][data][28]/D
                            (rising edge-triggered cell FDCE clocked by clk_i  {rise@0.000ns fall@5.000ns period=10.000ns})
  Path Group:             clk_i
  Path Type:              Setup (Max at Slow Process Corner)
  Requirement:            10.000ns  (clk_i rise@10.000ns - clk_i rise@0.000ns)
  Data Path Delay:        10.704ns  (logic 2.716ns (25.374%)  route 7.988ns (74.626%))
  Logic Levels:           18  (LUT2=1 LUT3=2 LUT4=1 LUT5=2 LUT6=10 MUXF7=1 MUXF8=1)
  Clock Path Skew:        -0.039ns (DCD - SCD + CPR)
    Destination Clock Delay (DCD):    0.748ns = ( 10.748 - 10.000 ) 
    Source Clock Delay      (SCD):    0.787ns
    Clock Pessimism Removal (CPR):    0.000ns
  Clock Uncertainty:      0.035ns  ((TSJ^2 + TIJ^2)^1/2 + DJ) / 2 + PE
    Total System Jitter     (TSJ):    0.071ns
    Total Input Jitter      (TIJ):    0.000ns
    Discrete Jitter          (DJ):    0.000ns
    Phase Error              (PE):    0.000ns

    Location             Delay type                Incr(ns)  Path(ns)    Netlist Resource(s)
  -------------------------------------------------------------------    -------------------
                         (clock clk_i rise edge)      0.000     0.000 r  
                                                      0.000     0.000 r  clk_i (IN)
                         net (fo=3368, unset)         0.787     0.787    i_kecc_aes_k_axi_top/i_axi2reg/i_axi_to_axi_lite/i_axi_burst_splitter/i_demux_supported_vs_unsupported/gen_demux.gen_aw_id_counter.i_aw_id_counter/clk_i
    SLICE_X34Y95         FDCE                                         r  i_kecc_aes_k_axi_top/i_axi2reg/i_axi_to_axi_lite/i_axi_burst_splitter/i_demux_supported_vs_unsupported/gen_demux.gen_aw_id_counter.i_aw_id_counter/gen_counters[30].mst_select_q_reg[30][0]/C
  -------------------------------------------------------------------    -------------------
    SLICE_X34Y95         FDCE (Prop_fdce_C_Q)         0.433     1.220 r  i_kecc_aes_k_axi_top/i_axi2reg/i_axi_to_axi_lite/i_axi_burst_splitter/i_demux_supported_vs_unsupported/gen_demux.gen_aw_id_counter.i_aw_id_counter/gen_counters[30].mst_select_q_reg[30][0]/Q
                         net (fo=2, estimated)        0.773     1.993    i_kecc_aes_k_axi_top/i_axi2reg/i_axi_to_axi_lite/i_axi_burst_splitter/i_demux_supported_vs_unsupported/gen_demux.gen_aw_id_counter.i_aw_id_counter/gen_counters[30].mst_select_q_reg[30]_1
    SLICE_X36Y94         LUT6 (Prop_lut6_I1_O)        0.105     2.098 r  i_kecc_aes_k_axi_top/i_axi2reg/i_axi_to_axi_lite/i_axi_burst_splitter/i_demux_supported_vs_unsupported/gen_demux.gen_aw_id_counter.i_aw_id_counter/axi_rsp_o[aw_ready]_INST_0_i_42/O
                         net (fo=1, routed)           0.000     2.098    i_kecc_aes_k_axi_top/i_axi2reg/i_axi_to_axi_lite/i_axi_burst_splitter/i_demux_supported_vs_unsupported/gen_demux.gen_aw_id_counter.i_aw_id_counter/axi_rsp_o[aw_ready]_INST_0_i_42_n_0
    SLICE_X36Y94         MUXF7 (Prop_muxf7_I1_O)      0.182     2.280 r  i_kecc_aes_k_axi_top/i_axi2reg/i_axi_to_axi_lite/i_axi_burst_splitter/i_demux_supported_vs_unsupported/gen_demux.gen_aw_id_counter.i_aw_id_counter/axi_rsp_o[aw_ready]_INST_0_i_32/O
                         net (fo=1, routed)           0.000     2.280    i_kecc_aes_k_axi_top/i_axi2reg/i_axi_to_axi_lite/i_axi_burst_splitter/i_demux_supported_vs_unsupported/gen_demux.gen_aw_id_counter.i_aw_id_counter/axi_rsp_o[aw_ready]_INST_0_i_32_n_0
    SLICE_X36Y94         MUXF8 (Prop_muxf8_I1_O)      0.079     2.359 r  i_kecc_aes_k_axi_top/i_axi2reg/i_axi_to_axi_lite/i_axi_burst_splitter/i_demux_supported_vs_unsupported/gen_demux.gen_aw_id_counter.i_aw_id_counter/axi_rsp_o[aw_ready]_INST_0_i_21/O
                         net (fo=1, estimated)        0.683     3.042    i_kecc_aes_k_axi_top/i_axi2reg/i_axi_to_axi_lite/i_axi_burst_splitter/i_demux_supported_vs_unsupported/gen_demux.gen_aw_id_counter.i_aw_id_counter/gen_counters[3].i_in_flight_cnt/axi_rsp_o[aw_ready]_INST_0_i_6
    SLICE_X34Y95         LUT6 (Prop_lut6_I1_O)        0.264     3.306 f  i_kecc_aes_k_axi_top/i_axi2reg/i_axi_to_axi_lite/i_axi_burst_splitter/i_demux_supported_vs_unsupported/gen_demux.gen_aw_id_counter.i_aw_id_counter/gen_counters[3].i_in_flight_cnt/axi_rsp_o[aw_ready]_INST_0_i_12/O
                         net (fo=2, estimated)        0.247     3.553    i_kecc_aes_k_axi_top/i_axi2reg/i_axi_to_axi_lite/i_axi_burst_splitter/i_demux_supported_vs_unsupported/gen_demux.gen_aw_id_counter.i_aw_id_counter/gen_counters[3].i_in_flight_cnt/axi_req_i[aw][id]_4_sn_1
    SLICE_X36Y95         LUT6 (Prop_lut6_I1_O)        0.105     3.658 f  i_kecc_aes_k_axi_top/i_axi2reg/i_axi_to_axi_lite/i_axi_burst_splitter/i_demux_supported_vs_unsupported/gen_demux.gen_aw_id_counter.i_aw_id_counter/gen_counters[3].i_in_flight_cnt/status_cnt_q[1]_i_2__3/O
                         net (fo=41, estimated)       0.331     3.989    i_kecc_aes_k_axi_top/i_axi2reg/i_axi_to_axi_lite/i_axi_burst_splitter/i_demux_supported_vs_unsupported/gen_demux.i_w_fifo/status_cnt_q_reg[1]_0
    SLICE_X38Y95         LUT6 (Prop_lut6_I4_O)        0.105     4.094 f  i_kecc_aes_k_axi_top/i_axi2reg/i_axi_to_axi_lite/i_axi_burst_splitter/i_demux_supported_vs_unsupported/gen_demux.i_w_fifo/axi_rsp_o[w_ready]_INST_0_i_6/O
                         net (fo=3, estimated)        0.350     4.444    i_kecc_aes_k_axi_top/i_axi2reg/i_axi_to_axi_lite/i_axi_burst_splitter/i_demux_supported_vs_unsupported/gen_demux.i_w_fifo/axi_rsp_o[w_ready]_INST_0_i_6_n_0
    SLICE_X40Y96         LUT6 (Prop_lut6_I0_O)        0.105     4.549 r  i_kecc_aes_k_axi_top/i_axi2reg/i_axi_to_axi_lite/i_axi_burst_splitter/i_demux_supported_vs_unsupported/gen_demux.i_w_fifo/q[63]_i_27/O
                         net (fo=15, estimated)       0.290     4.839    i_kecc_aes_k_axi_top/i_axi2reg/i_axi_lite_to_reg/i_fifo_write_req/q_reg[0]
    SLICE_X43Y96         LUT5 (Prop_lut5_I0_O)        0.105     4.944 r  i_kecc_aes_k_axi_top/i_axi2reg/i_axi_lite_to_reg/i_fifo_write_req/gen_arbiter.gen_int_rr.rr_q[0]_i_2__0/O
                         net (fo=4, estimated)        0.259     5.203    i_kecc_aes_k_axi_top/i_axi2reg/i_axi_lite_to_reg/i_fifo_read/mem_q_reg[0][error]__0_1
    SLICE_X45Y97         LUT6 (Prop_lut6_I1_O)        0.105     5.308 f  i_kecc_aes_k_axi_top/i_axi2reg/i_axi_lite_to_reg/i_fifo_read/status_cnt_q[1]_i_2__0/O
                         net (fo=43, estimated)       0.404     5.712    i_kecc_aes_k_axi_top/i_axi2reg/i_axi_lite_to_reg/i_fifo_read/write_ready
    SLICE_X45Y99         LUT5 (Prop_lut5_I3_O)        0.105     5.817 r  i_kecc_aes_k_axi_top/i_axi2reg/i_axi_lite_to_reg/i_fifo_read/q[63]_i_16/O
                         net (fo=1, estimated)        0.257     6.074    i_kecc_aes_k_axi_top/i_axi2reg/i_axi_lite_to_reg/i_fifo_read/reg_req_i[addr][0]
    SLICE_X46Y100        LUT6 (Prop_lut6_I5_O)        0.105     6.179 r  i_kecc_aes_k_axi_top/i_axi2reg/i_axi_lite_to_reg/i_fifo_read/q[63]_i_14__0/O
                         net (fo=1, estimated)        0.123     6.302    i_kecc_aes_k_axi_top/i_axi2reg/i_axi_lite_to_reg/i_fifo_read/q[63]_i_14__0_n_0
    SLICE_X46Y100        LUT6 (Prop_lut6_I5_O)        0.105     6.407 r  i_kecc_aes_k_axi_top/i_axi2reg/i_axi_lite_to_reg/i_fifo_read/q[63]_i_9/O
                         net (fo=5, estimated)        0.159     6.566    i_kecc_aes_k_axi_top/i_axi2reg/i_axi_lite_to_reg/i_fifo_read/q[63]_i_9_n_0
    SLICE_X46Y100        LUT2 (Prop_lut2_I1_O)        0.105     6.671 r  i_kecc_aes_k_axi_top/i_axi2reg/i_axi_lite_to_reg/i_fifo_read/q[63]_i_4/O
                         net (fo=19, estimated)       0.698     7.369    i_kecc_aes_k_axi_top/i_axi2reg/i_axi_lite_to_reg/i_fifo_read/q[63]_i_4_n_0
    SLICE_X46Y110        LUT4 (Prop_lut4_I1_O)        0.105     7.474 r  i_kecc_aes_k_axi_top/i_axi2reg/i_axi_lite_to_reg/i_fifo_read/wr_data_i_3__6/O
                         net (fo=35, estimated)       0.550     8.024    i_kecc_aes_k_axi_top/i_axi2reg/i_axi_lite_to_reg/i_fifo_read/read_pointer_q_reg[0]_32
    SLICE_X52Y110        LUT3 (Prop_lut3_I2_O)        0.105     8.129 r  i_kecc_aes_k_axi_top/i_axi2reg/i_axi_lite_to_reg/i_fifo_read/wr_data_i_2__16/O
                         net (fo=65, estimated)       0.487     8.616    i_kecc_aes_k_axi_top/i_axi2reg/i_axi_lite_to_reg/i_fifo_read/wr_data_i_2__16_n_0
    SLICE_X58Y112        LUT6 (Prop_lut6_I3_O)        0.105     8.721 r  i_kecc_aes_k_axi_top/i_axi2reg/i_axi_lite_to_reg/i_fifo_read/mem_q[0][data][28]_i_14/O
                         net (fo=1, estimated)        0.927     9.648    i_kecc_aes_k_axi_top/i_axi2reg/i_axi_lite_to_reg/i_fifo_read/mem_q[0][data][28]_i_14_n_0
    SLICE_X55Y111        LUT3 (Prop_lut3_I0_O)        0.119     9.767 r  i_kecc_aes_k_axi_top/i_axi2reg/i_axi_lite_to_reg/i_fifo_read/mem_q[0][data][28]_i_5/O
                         net (fo=1, estimated)        0.775    10.542    i_kecc_aes_k_axi_top/i_axi2reg/i_axi_lite_to_reg/i_fifo_read/mem_q[0][data][28]_i_5_n_0
    SLICE_X50Y112        LUT6 (Prop_lut6_I3_O)        0.274    10.816 r  i_kecc_aes_k_axi_top/i_axi2reg/i_axi_lite_to_reg/i_fifo_read/mem_q[0][data][28]_i_1/O
                         net (fo=2, estimated)        0.675    11.491    i_kecc_aes_k_axi_top/i_axi2reg/i_axi_lite_to_reg/i_fifo_read_resp/D[28]
    SLICE_X51Y112        FDCE                                         r  i_kecc_aes_k_axi_top/i_axi2reg/i_axi_lite_to_reg/i_fifo_read_resp/mem_q_reg[1][data][28]/D
  -------------------------------------------------------------------    -------------------

                         (clock clk_i rise edge)     10.000    10.000 r  
                                                      0.000    10.000 r  clk_i (IN)
                         net (fo=3368, unset)         0.748    10.748    i_kecc_aes_k_axi_top/i_axi2reg/i_axi_lite_to_reg/i_fifo_read_resp/clk_i
    SLICE_X51Y112        FDCE                                         r  i_kecc_aes_k_axi_top/i_axi2reg/i_axi_lite_to_reg/i_fifo_read_resp/mem_q_reg[1][data][28]/C
                         clock pessimism              0.000    10.748    
                         clock uncertainty           -0.035    10.712    
    SLICE_X51Y112        FDCE (Setup_fdce_C_D)       -0.072    10.640    i_kecc_aes_k_axi_top/i_axi2reg/i_axi_lite_to_reg/i_fifo_read_resp/mem_q_reg[1][data][28]
  -------------------------------------------------------------------
                         required time                         10.640    
                         arrival time                         -11.491    
  -------------------------------------------------------------------
                         slack                                 -0.851    

Slack (VIOLATED) :        -0.851ns  (required time - arrival time)
  Source:                 i_kecc_aes_k_axi_top/i_axi2reg/i_axi_to_axi_lite/i_axi_burst_splitter/i_demux_supported_vs_unsupported/gen_demux.gen_aw_id_counter.i_aw_id_counter/gen_counters[30].mst_select_q_reg[30][0]/C
                            (rising edge-triggered cell FDCE clocked by clk_i  {rise@0.000ns fall@5.000ns period=10.000ns})
  Destination:            i_kecc_aes_k_axi_top/i_axi2reg/i_axi_lite_to_reg/i_fifo_read_resp/mem_q_reg[1][data][28]/D
                            (rising edge-triggered cell FDCE clocked by clk_i  {rise@0.000ns fall@5.000ns period=10.000ns})
  Path Group:             clk_i
  Path Type:              Setup (Max at Slow Process Corner)
  Requirement:            10.000ns  (clk_i rise@10.000ns - clk_i rise@0.000ns)
  Data Path Delay:        10.704ns  (logic 2.716ns (25.374%)  route 7.988ns (74.626%))
  Logic Levels:           18  (LUT2=1 LUT3=2 LUT4=1 LUT5=2 LUT6=10 MUXF7=1 MUXF8=1)
  Clock Path Skew:        -0.039ns (DCD - SCD + CPR)
    Destination Clock Delay (DCD):    0.748ns = ( 10.748 - 10.000 ) 
    Source Clock Delay      (SCD):    0.787ns
    Clock Pessimism Removal (CPR):    0.000ns
  Clock Uncertainty:      0.035ns  ((TSJ^2 + TIJ^2)^1/2 + DJ) / 2 + PE
    Total System Jitter     (TSJ):    0.071ns
    Total Input Jitter      (TIJ):    0.000ns
    Discrete Jitter          (DJ):    0.000ns
    Phase Error              (PE):    0.000ns

    Location             Delay type                Incr(ns)  Path(ns)    Netlist Resource(s)
  -------------------------------------------------------------------    -------------------
                         (clock clk_i rise edge)      0.000     0.000 r  
                                                      0.000     0.000 r  clk_i (IN)
                         net (fo=3368, unset)         0.787     0.787    i_kecc_aes_k_axi_top/i_axi2reg/i_axi_to_axi_lite/i_axi_burst_splitter/i_demux_supported_vs_unsupported/gen_demux.gen_aw_id_counter.i_aw_id_counter/clk_i
    SLICE_X34Y95         FDCE                                         r  i_kecc_aes_k_axi_top/i_axi2reg/i_axi_to_axi_lite/i_axi_burst_splitter/i_demux_supported_vs_unsupported/gen_demux.gen_aw_id_counter.i_aw_id_counter/gen_counters[30].mst_select_q_reg[30][0]/C
  -------------------------------------------------------------------    -------------------
    SLICE_X34Y95         FDCE (Prop_fdce_C_Q)         0.433     1.220 f  i_kecc_aes_k_axi_top/i_axi2reg/i_axi_to_axi_lite/i_axi_burst_splitter/i_demux_supported_vs_unsupported/gen_demux.gen_aw_id_counter.i_aw_id_counter/gen_counters[30].mst_select_q_reg[30][0]/Q
                         net (fo=2, estimated)        0.773     1.993    i_kecc_aes_k_axi_top/i_axi2reg/i_axi_to_axi_lite/i_axi_burst_splitter/i_demux_supported_vs_unsupported/gen_demux.gen_aw_id_counter.i_aw_id_counter/gen_counters[30].mst_select_q_reg[30]_1
    SLICE_X36Y94         LUT6 (Prop_lut6_I1_O)        0.105     2.098 f  i_kecc_aes_k_axi_top/i_axi2reg/i_axi_to_axi_lite/i_axi_burst_splitter/i_demux_supported_vs_unsupported/gen_demux.gen_aw_id_counter.i_aw_id_counter/axi_rsp_o[aw_ready]_INST_0_i_42/O
                         net (fo=1, routed)           0.000     2.098    i_kecc_aes_k_axi_top/i_axi2reg/i_axi_to_axi_lite/i_axi_burst_splitter/i_demux_supported_vs_unsupported/gen_demux.gen_aw_id_counter.i_aw_id_counter/axi_rsp_o[aw_ready]_INST_0_i_42_n_0
    SLICE_X36Y94         MUXF7 (Prop_muxf7_I1_O)      0.182     2.280 f  i_kecc_aes_k_axi_top/i_axi2reg/i_axi_to_axi_lite/i_axi_burst_splitter/i_demux_supported_vs_unsupported/gen_demux.gen_aw_id_counter.i_aw_id_counter/axi_rsp_o[aw_ready]_INST_0_i_32/O
                         net (fo=1, routed)           0.000     2.280    i_kecc_aes_k_axi_top/i_axi2reg/i_axi_to_axi_lite/i_axi_burst_splitter/i_demux_supported_vs_unsupported/gen_demux.gen_aw_id_counter.i_aw_id_counter/axi_rsp_o[aw_ready]_INST_0_i_32_n_0
    SLICE_X36Y94         MUXF8 (Prop_muxf8_I1_O)      0.079     2.359 f  i_kecc_aes_k_axi_top/i_axi2reg/i_axi_to_axi_lite/i_axi_burst_splitter/i_demux_supported_vs_unsupported/gen_demux.gen_aw_id_counter.i_aw_id_counter/axi_rsp_o[aw_ready]_INST_0_i_21/O
                         net (fo=1, estimated)        0.683     3.042    i_kecc_aes_k_axi_top/i_axi2reg/i_axi_to_axi_lite/i_axi_burst_splitter/i_demux_supported_vs_unsupported/gen_demux.gen_aw_id_counter.i_aw_id_counter/gen_counters[3].i_in_flight_cnt/axi_rsp_o[aw_ready]_INST_0_i_6
    SLICE_X34Y95         LUT6 (Prop_lut6_I1_O)        0.264     3.306 f  i_kecc_aes_k_axi_top/i_axi2reg/i_axi_to_axi_lite/i_axi_burst_splitter/i_demux_supported_vs_unsupported/gen_demux.gen_aw_id_counter.i_aw_id_counter/gen_counters[3].i_in_flight_cnt/axi_rsp_o[aw_ready]_INST_0_i_12/O
                         net (fo=2, estimated)        0.247     3.553    i_kecc_aes_k_axi_top/i_axi2reg/i_axi_to_axi_lite/i_axi_burst_splitter/i_demux_supported_vs_unsupported/gen_demux.gen_aw_id_counter.i_aw_id_counter/gen_counters[3].i_in_flight_cnt/axi_req_i[aw][id]_4_sn_1
    SLICE_X36Y95         LUT6 (Prop_lut6_I1_O)        0.105     3.658 f  i_kecc_aes_k_axi_top/i_axi2reg/i_axi_to_axi_lite/i_axi_burst_splitter/i_demux_supported_vs_unsupported/gen_demux.gen_aw_id_counter.i_aw_id_counter/gen_counters[3].i_in_flight_cnt/status_cnt_q[1]_i_2__3/O
                         net (fo=41, estimated)       0.331     3.989    i_kecc_aes_k_axi_top/i_axi2reg/i_axi_to_axi_lite/i_axi_burst_splitter/i_demux_supported_vs_unsupported/gen_demux.i_w_fifo/status_cnt_q_reg[1]_0
    SLICE_X38Y95         LUT6 (Prop_lut6_I4_O)        0.105     4.094 f  i_kecc_aes_k_axi_top/i_axi2reg/i_axi_to_axi_lite/i_axi_burst_splitter/i_demux_supported_vs_unsupported/gen_demux.i_w_fifo/axi_rsp_o[w_ready]_INST_0_i_6/O
                         net (fo=3, estimated)        0.350     4.444    i_kecc_aes_k_axi_top/i_axi2reg/i_axi_to_axi_lite/i_axi_burst_splitter/i_demux_supported_vs_unsupported/gen_demux.i_w_fifo/axi_rsp_o[w_ready]_INST_0_i_6_n_0
    SLICE_X40Y96         LUT6 (Prop_lut6_I0_O)        0.105     4.549 r  i_kecc_aes_k_axi_top/i_axi2reg/i_axi_to_axi_lite/i_axi_burst_splitter/i_demux_supported_vs_unsupported/gen_demux.i_w_fifo/q[63]_i_27/O
                         net (fo=15, estimated)       0.290     4.839    i_kecc_aes_k_axi_top/i_axi2reg/i_axi_lite_to_reg/i_fifo_write_req/q_reg[0]
    SLICE_X43Y96         LUT5 (Prop_lut5_I0_O)        0.105     4.944 r  i_kecc_aes_k_axi_top/i_axi2reg/i_axi_lite_to_reg/i_fifo_write_req/gen_arbiter.gen_int_rr.rr_q[0]_i_2__0/O
                         net (fo=4, estimated)        0.259     5.203    i_kecc_aes_k_axi_top/i_axi2reg/i_axi_lite_to_reg/i_fifo_read/mem_q_reg[0][error]__0_1
    SLICE_X45Y97         LUT6 (Prop_lut6_I1_O)        0.105     5.308 f  i_kecc_aes_k_axi_top/i_axi2reg/i_axi_lite_to_reg/i_fifo_read/status_cnt_q[1]_i_2__0/O
                         net (fo=43, estimated)       0.404     5.712    i_kecc_aes_k_axi_top/i_axi2reg/i_axi_lite_to_reg/i_fifo_read/write_ready
    SLICE_X45Y99         LUT5 (Prop_lut5_I3_O)        0.105     5.817 r  i_kecc_aes_k_axi_top/i_axi2reg/i_axi_lite_to_reg/i_fifo_read/q[63]_i_16/O
                         net (fo=1, estimated)        0.257     6.074    i_kecc_aes_k_axi_top/i_axi2reg/i_axi_lite_to_reg/i_fifo_read/reg_req_i[addr][0]
    SLICE_X46Y100        LUT6 (Prop_lut6_I5_O)        0.105     6.179 r  i_kecc_aes_k_axi_top/i_axi2reg/i_axi_lite_to_reg/i_fifo_read/q[63]_i_14__0/O
                         net (fo=1, estimated)        0.123     6.302    i_kecc_aes_k_axi_top/i_axi2reg/i_axi_lite_to_reg/i_fifo_read/q[63]_i_14__0_n_0
    SLICE_X46Y100        LUT6 (Prop_lut6_I5_O)        0.105     6.407 r  i_kecc_aes_k_axi_top/i_axi2reg/i_axi_lite_to_reg/i_fifo_read/q[63]_i_9/O
                         net (fo=5, estimated)        0.159     6.566    i_kecc_aes_k_axi_top/i_axi2reg/i_axi_lite_to_reg/i_fifo_read/q[63]_i_9_n_0
    SLICE_X46Y100        LUT2 (Prop_lut2_I1_O)        0.105     6.671 r  i_kecc_aes_k_axi_top/i_axi2reg/i_axi_lite_to_reg/i_fifo_read/q[63]_i_4/O
                         net (fo=19, estimated)       0.698     7.369    i_kecc_aes_k_axi_top/i_axi2reg/i_axi_lite_to_reg/i_fifo_read/q[63]_i_4_n_0
    SLICE_X46Y110        LUT4 (Prop_lut4_I1_O)        0.105     7.474 r  i_kecc_aes_k_axi_top/i_axi2reg/i_axi_lite_to_reg/i_fifo_read/wr_data_i_3__6/O
                         net (fo=35, estimated)       0.550     8.024    i_kecc_aes_k_axi_top/i_axi2reg/i_axi_lite_to_reg/i_fifo_read/read_pointer_q_reg[0]_32
    SLICE_X52Y110        LUT3 (Prop_lut3_I2_O)        0.105     8.129 r  i_kecc_aes_k_axi_top/i_axi2reg/i_axi_lite_to_reg/i_fifo_read/wr_data_i_2__16/O
                         net (fo=65, estimated)       0.487     8.616    i_kecc_aes_k_axi_top/i_axi2reg/i_axi_lite_to_reg/i_fifo_read/wr_data_i_2__16_n_0
    SLICE_X58Y112        LUT6 (Prop_lut6_I3_O)        0.105     8.721 r  i_kecc_aes_k_axi_top/i_axi2reg/i_axi_lite_to_reg/i_fifo_read/mem_q[0][data][28]_i_14/O
                         net (fo=1, estimated)        0.927     9.648    i_kecc_aes_k_axi_top/i_axi2reg/i_axi_lite_to_reg/i_fifo_read/mem_q[0][data][28]_i_14_n_0
    SLICE_X55Y111        LUT3 (Prop_lut3_I0_O)        0.119     9.767 r  i_kecc_aes_k_axi_top/i_axi2reg/i_axi_lite_to_reg/i_fifo_read/mem_q[0][data][28]_i_5/O
                         net (fo=1, estimated)        0.775    10.542    i_kecc_aes_k_axi_top/i_axi2reg/i_axi_lite_to_reg/i_fifo_read/mem_q[0][data][28]_i_5_n_0
    SLICE_X50Y112        LUT6 (Prop_lut6_I3_O)        0.274    10.816 r  i_kecc_aes_k_axi_top/i_axi2reg/i_axi_lite_to_reg/i_fifo_read/mem_q[0][data][28]_i_1/O
                         net (fo=2, estimated)        0.675    11.491    i_kecc_aes_k_axi_top/i_axi2reg/i_axi_lite_to_reg/i_fifo_read_resp/D[28]
    SLICE_X51Y112        FDCE                                         r  i_kecc_aes_k_axi_top/i_axi2reg/i_axi_lite_to_reg/i_fifo_read_resp/mem_q_reg[1][data][28]/D
  -------------------------------------------------------------------    -------------------

                         (clock clk_i rise edge)     10.000    10.000 r  
                                                      0.000    10.000 r  clk_i (IN)
                         net (fo=3368, unset)         0.748    10.748    i_kecc_aes_k_axi_top/i_axi2reg/i_axi_lite_to_reg/i_fifo_read_resp/clk_i
    SLICE_X51Y112        FDCE                                         r  i_kecc_aes_k_axi_top/i_axi2reg/i_axi_lite_to_reg/i_fifo_read_resp/mem_q_reg[1][data][28]/C
                         clock pessimism              0.000    10.748    
                         clock uncertainty           -0.035    10.712    
    SLICE_X51Y112        FDCE (Setup_fdce_C_D)       -0.072    10.640    i_kecc_aes_k_axi_top/i_axi2reg/i_axi_lite_to_reg/i_fifo_read_resp/mem_q_reg[1][data][28]
  -------------------------------------------------------------------
                         required time                         10.640    
                         arrival time                         -11.491    
  -------------------------------------------------------------------
                         slack                                 -0.851    

Slack (VIOLATED) :        -0.851ns  (required time - arrival time)
  Source:                 i_kecc_aes_k_axi_top/i_axi2reg/i_axi_to_axi_lite/i_axi_burst_splitter/i_demux_supported_vs_unsupported/gen_demux.gen_aw_id_counter.i_aw_id_counter/gen_counters[30].mst_select_q_reg[30][0]/C
                            (rising edge-triggered cell FDCE clocked by clk_i  {rise@0.000ns fall@5.000ns period=10.000ns})
  Destination:            i_kecc_aes_k_axi_top/i_axi2reg/i_axi_lite_to_reg/i_fifo_read_resp/mem_q_reg[1][data][28]/D
                            (rising edge-triggered cell FDCE clocked by clk_i  {rise@0.000ns fall@5.000ns period=10.000ns})
  Path Group:             clk_i
  Path Type:              Setup (Max at Slow Process Corner)
  Requirement:            10.000ns  (clk_i rise@10.000ns - clk_i rise@0.000ns)
  Data Path Delay:        10.704ns  (logic 2.716ns (25.374%)  route 7.988ns (74.626%))
  Logic Levels:           18  (LUT2=1 LUT3=2 LUT4=1 LUT5=2 LUT6=10 MUXF7=1 MUXF8=1)
  Clock Path Skew:        -0.039ns (DCD - SCD + CPR)
    Destination Clock Delay (DCD):    0.748ns = ( 10.748 - 10.000 ) 
    Source Clock Delay      (SCD):    0.787ns
    Clock Pessimism Removal (CPR):    0.000ns
  Clock Uncertainty:      0.035ns  ((TSJ^2 + TIJ^2)^1/2 + DJ) / 2 + PE
    Total System Jitter     (TSJ):    0.071ns
    Total Input Jitter      (TIJ):    0.000ns
    Discrete Jitter          (DJ):    0.000ns
    Phase Error              (PE):    0.000ns

    Location             Delay type                Incr(ns)  Path(ns)    Netlist Resource(s)
  -------------------------------------------------------------------    -------------------
                         (clock clk_i rise edge)      0.000     0.000 r  
                                                      0.000     0.000 r  clk_i (IN)
                         net (fo=3368, unset)         0.787     0.787    i_kecc_aes_k_axi_top/i_axi2reg/i_axi_to_axi_lite/i_axi_burst_splitter/i_demux_supported_vs_unsupported/gen_demux.gen_aw_id_counter.i_aw_id_counter/clk_i
    SLICE_X34Y95         FDCE                                         r  i_kecc_aes_k_axi_top/i_axi2reg/i_axi_to_axi_lite/i_axi_burst_splitter/i_demux_supported_vs_unsupported/gen_demux.gen_aw_id_counter.i_aw_id_counter/gen_counters[30].mst_select_q_reg[30][0]/C
  -------------------------------------------------------------------    -------------------
    SLICE_X34Y95         FDCE (Prop_fdce_C_Q)         0.433     1.220 r  i_kecc_aes_k_axi_top/i_axi2reg/i_axi_to_axi_lite/i_axi_burst_splitter/i_demux_supported_vs_unsupported/gen_demux.gen_aw_id_counter.i_aw_id_counter/gen_counters[30].mst_select_q_reg[30][0]/Q
                         net (fo=2, estimated)        0.773     1.993    i_kecc_aes_k_axi_top/i_axi2reg/i_axi_to_axi_lite/i_axi_burst_splitter/i_demux_supported_vs_unsupported/gen_demux.gen_aw_id_counter.i_aw_id_counter/gen_counters[30].mst_select_q_reg[30]_1
    SLICE_X36Y94         LUT6 (Prop_lut6_I1_O)        0.105     2.098 r  i_kecc_aes_k_axi_top/i_axi2reg/i_axi_to_axi_lite/i_axi_burst_splitter/i_demux_supported_vs_unsupported/gen_demux.gen_aw_id_counter.i_aw_id_counter/axi_rsp_o[aw_ready]_INST_0_i_42/O
                         net (fo=1, routed)           0.000     2.098    i_kecc_aes_k_axi_top/i_axi2reg/i_axi_to_axi_lite/i_axi_burst_splitter/i_demux_supported_vs_unsupported/gen_demux.gen_aw_id_counter.i_aw_id_counter/axi_rsp_o[aw_ready]_INST_0_i_42_n_0
    SLICE_X36Y94         MUXF7 (Prop_muxf7_I1_O)      0.182     2.280 r  i_kecc_aes_k_axi_top/i_axi2reg/i_axi_to_axi_lite/i_axi_burst_splitter/i_demux_supported_vs_unsupported/gen_demux.gen_aw_id_counter.i_aw_id_counter/axi_rsp_o[aw_ready]_INST_0_i_32/O
                         net (fo=1, routed)           0.000     2.280    i_kecc_aes_k_axi_top/i_axi2reg/i_axi_to_axi_lite/i_axi_burst_splitter/i_demux_supported_vs_unsupported/gen_demux.gen_aw_id_counter.i_aw_id_counter/axi_rsp_o[aw_ready]_INST_0_i_32_n_0
    SLICE_X36Y94         MUXF8 (Prop_muxf8_I1_O)      0.079     2.359 r  i_kecc_aes_k_axi_top/i_axi2reg/i_axi_to_axi_lite/i_axi_burst_splitter/i_demux_supported_vs_unsupported/gen_demux.gen_aw_id_counter.i_aw_id_counter/axi_rsp_o[aw_ready]_INST_0_i_21/O
                         net (fo=1, estimated)        0.683     3.042    i_kecc_aes_k_axi_top/i_axi2reg/i_axi_to_axi_lite/i_axi_burst_splitter/i_demux_supported_vs_unsupported/gen_demux.gen_aw_id_counter.i_aw_id_counter/gen_counters[3].i_in_flight_cnt/axi_rsp_o[aw_ready]_INST_0_i_6
    SLICE_X34Y95         LUT6 (Prop_lut6_I1_O)        0.264     3.306 r  i_kecc_aes_k_axi_top/i_axi2reg/i_axi_to_axi_lite/i_axi_burst_splitter/i_demux_supported_vs_unsupported/gen_demux.gen_aw_id_counter.i_aw_id_counter/gen_counters[3].i_in_flight_cnt/axi_rsp_o[aw_ready]_INST_0_i_12/O
                         net (fo=2, estimated)        0.247     3.553    i_kecc_aes_k_axi_top/i_axi2reg/i_axi_to_axi_lite/i_axi_burst_splitter/i_demux_supported_vs_unsupported/gen_demux.gen_aw_id_counter.i_aw_id_counter/gen_counters[3].i_in_flight_cnt/axi_req_i[aw][id]_4_sn_1
    SLICE_X36Y95         LUT6 (Prop_lut6_I1_O)        0.105     3.658 r  i_kecc_aes_k_axi_top/i_axi2reg/i_axi_to_axi_lite/i_axi_burst_splitter/i_demux_supported_vs_unsupported/gen_demux.gen_aw_id_counter.i_aw_id_counter/gen_counters[3].i_in_flight_cnt/status_cnt_q[1]_i_2__3/O
                         net (fo=41, estimated)       0.331     3.989    i_kecc_aes_k_axi_top/i_axi2reg/i_axi_to_axi_lite/i_axi_burst_splitter/i_demux_supported_vs_unsupported/gen_demux.i_w_fifo/status_cnt_q_reg[1]_0
    SLICE_X38Y95         LUT6 (Prop_lut6_I4_O)        0.105     4.094 r  i_kecc_aes_k_axi_top/i_axi2reg/i_axi_to_axi_lite/i_axi_burst_splitter/i_demux_supported_vs_unsupported/gen_demux.i_w_fifo/axi_rsp_o[w_ready]_INST_0_i_6/O
                         net (fo=3, estimated)        0.350     4.444    i_kecc_aes_k_axi_top/i_axi2reg/i_axi_to_axi_lite/i_axi_burst_splitter/i_demux_supported_vs_unsupported/gen_demux.i_w_fifo/axi_rsp_o[w_ready]_INST_0_i_6_n_0
    SLICE_X40Y96         LUT6 (Prop_lut6_I0_O)        0.105     4.549 f  i_kecc_aes_k_axi_top/i_axi2reg/i_axi_to_axi_lite/i_axi_burst_splitter/i_demux_supported_vs_unsupported/gen_demux.i_w_fifo/q[63]_i_27/O
                         net (fo=15, estimated)       0.290     4.839    i_kecc_aes_k_axi_top/i_axi2reg/i_axi_lite_to_reg/i_fifo_write_req/q_reg[0]
    SLICE_X43Y96         LUT5 (Prop_lut5_I0_O)        0.105     4.944 f  i_kecc_aes_k_axi_top/i_axi2reg/i_axi_lite_to_reg/i_fifo_write_req/gen_arbiter.gen_int_rr.rr_q[0]_i_2__0/O
                         net (fo=4, estimated)        0.259     5.203    i_kecc_aes_k_axi_top/i_axi2reg/i_axi_lite_to_reg/i_fifo_read/mem_q_reg[0][error]__0_1
    SLICE_X45Y97         LUT6 (Prop_lut6_I1_O)        0.105     5.308 r  i_kecc_aes_k_axi_top/i_axi2reg/i_axi_lite_to_reg/i_fifo_read/status_cnt_q[1]_i_2__0/O
                         net (fo=43, estimated)       0.404     5.712    i_kecc_aes_k_axi_top/i_axi2reg/i_axi_lite_to_reg/i_fifo_read/write_ready
    SLICE_X45Y99         LUT5 (Prop_lut5_I3_O)        0.105     5.817 f  i_kecc_aes_k_axi_top/i_axi2reg/i_axi_lite_to_reg/i_fifo_read/q[63]_i_16/O
                         net (fo=1, estimated)        0.257     6.074    i_kecc_aes_k_axi_top/i_axi2reg/i_axi_lite_to_reg/i_fifo_read/reg_req_i[addr][0]
    SLICE_X46Y100        LUT6 (Prop_lut6_I5_O)        0.105     6.179 f  i_kecc_aes_k_axi_top/i_axi2reg/i_axi_lite_to_reg/i_fifo_read/q[63]_i_14__0/O
                         net (fo=1, estimated)        0.123     6.302    i_kecc_aes_k_axi_top/i_axi2reg/i_axi_lite_to_reg/i_fifo_read/q[63]_i_14__0_n_0
    SLICE_X46Y100        LUT6 (Prop_lut6_I5_O)        0.105     6.407 f  i_kecc_aes_k_axi_top/i_axi2reg/i_axi_lite_to_reg/i_fifo_read/q[63]_i_9/O
                         net (fo=5, estimated)        0.159     6.566    i_kecc_aes_k_axi_top/i_axi2reg/i_axi_lite_to_reg/i_fifo_read/q[63]_i_9_n_0
    SLICE_X46Y100        LUT2 (Prop_lut2_I1_O)        0.105     6.671 f  i_kecc_aes_k_axi_top/i_axi2reg/i_axi_lite_to_reg/i_fifo_read/q[63]_i_4/O
                         net (fo=19, estimated)       0.698     7.369    i_kecc_aes_k_axi_top/i_axi2reg/i_axi_lite_to_reg/i_fifo_read/q[63]_i_4_n_0
    SLICE_X46Y110        LUT4 (Prop_lut4_I1_O)        0.105     7.474 f  i_kecc_aes_k_axi_top/i_axi2reg/i_axi_lite_to_reg/i_fifo_read/wr_data_i_3__6/O
                         net (fo=35, estimated)       0.550     8.024    i_kecc_aes_k_axi_top/i_axi2reg/i_axi_lite_to_reg/i_fifo_read/read_pointer_q_reg[0]_32
    SLICE_X52Y110        LUT3 (Prop_lut3_I2_O)        0.105     8.129 f  i_kecc_aes_k_axi_top/i_axi2reg/i_axi_lite_to_reg/i_fifo_read/wr_data_i_2__16/O
                         net (fo=65, estimated)       0.487     8.616    i_kecc_aes_k_axi_top/i_axi2reg/i_axi_lite_to_reg/i_fifo_read/wr_data_i_2__16_n_0
    SLICE_X58Y112        LUT6 (Prop_lut6_I3_O)        0.105     8.721 r  i_kecc_aes_k_axi_top/i_axi2reg/i_axi_lite_to_reg/i_fifo_read/mem_q[0][data][28]_i_14/O
                         net (fo=1, estimated)        0.927     9.648    i_kecc_aes_k_axi_top/i_axi2reg/i_axi_lite_to_reg/i_fifo_read/mem_q[0][data][28]_i_14_n_0
    SLICE_X55Y111        LUT3 (Prop_lut3_I0_O)        0.119     9.767 r  i_kecc_aes_k_axi_top/i_axi2reg/i_axi_lite_to_reg/i_fifo_read/mem_q[0][data][28]_i_5/O
                         net (fo=1, estimated)        0.775    10.542    i_kecc_aes_k_axi_top/i_axi2reg/i_axi_lite_to_reg/i_fifo_read/mem_q[0][data][28]_i_5_n_0
    SLICE_X50Y112        LUT6 (Prop_lut6_I3_O)        0.274    10.816 r  i_kecc_aes_k_axi_top/i_axi2reg/i_axi_lite_to_reg/i_fifo_read/mem_q[0][data][28]_i_1/O
                         net (fo=2, estimated)        0.675    11.491    i_kecc_aes_k_axi_top/i_axi2reg/i_axi_lite_to_reg/i_fifo_read_resp/D[28]
    SLICE_X51Y112        FDCE                                         r  i_kecc_aes_k_axi_top/i_axi2reg/i_axi_lite_to_reg/i_fifo_read_resp/mem_q_reg[1][data][28]/D
  -------------------------------------------------------------------    -------------------

                         (clock clk_i rise edge)     10.000    10.000 r  
                                                      0.000    10.000 r  clk_i (IN)
                         net (fo=3368, unset)         0.748    10.748    i_kecc_aes_k_axi_top/i_axi2reg/i_axi_lite_to_reg/i_fifo_read_resp/clk_i
    SLICE_X51Y112        FDCE                                         r  i_kecc_aes_k_axi_top/i_axi2reg/i_axi_lite_to_reg/i_fifo_read_resp/mem_q_reg[1][data][28]/C
                         clock pessimism              0.000    10.748    
                         clock uncertainty           -0.035    10.712    
    SLICE_X51Y112        FDCE (Setup_fdce_C_D)       -0.072    10.640    i_kecc_aes_k_axi_top/i_axi2reg/i_axi_lite_to_reg/i_fifo_read_resp/mem_q_reg[1][data][28]
  -------------------------------------------------------------------
                         required time                         10.640    
                         arrival time                         -11.491    
  -------------------------------------------------------------------
                         slack                                 -0.851    

Slack (VIOLATED) :        -0.851ns  (required time - arrival time)
  Source:                 i_kecc_aes_k_axi_top/i_axi2reg/i_axi_to_axi_lite/i_axi_burst_splitter/i_demux_supported_vs_unsupported/gen_demux.gen_aw_id_counter.i_aw_id_counter/gen_counters[30].mst_select_q_reg[30][0]/C
                            (rising edge-triggered cell FDCE clocked by clk_i  {rise@0.000ns fall@5.000ns period=10.000ns})
  Destination:            i_kecc_aes_k_axi_top/i_axi2reg/i_axi_lite_to_reg/i_fifo_read_resp/mem_q_reg[1][data][28]/D
                            (rising edge-triggered cell FDCE clocked by clk_i  {rise@0.000ns fall@5.000ns period=10.000ns})
  Path Group:             clk_i
  Path Type:              Setup (Max at Slow Process Corner)
  Requirement:            10.000ns  (clk_i rise@10.000ns - clk_i rise@0.000ns)
  Data Path Delay:        10.704ns  (logic 2.716ns (25.374%)  route 7.988ns (74.626%))
  Logic Levels:           18  (LUT2=1 LUT3=2 LUT4=1 LUT5=2 LUT6=10 MUXF7=1 MUXF8=1)
  Clock Path Skew:        -0.039ns (DCD - SCD + CPR)
    Destination Clock Delay (DCD):    0.748ns = ( 10.748 - 10.000 ) 
    Source Clock Delay      (SCD):    0.787ns
    Clock Pessimism Removal (CPR):    0.000ns
  Clock Uncertainty:      0.035ns  ((TSJ^2 + TIJ^2)^1/2 + DJ) / 2 + PE
    Total System Jitter     (TSJ):    0.071ns
    Total Input Jitter      (TIJ):    0.000ns
    Discrete Jitter          (DJ):    0.000ns
    Phase Error              (PE):    0.000ns

    Location             Delay type                Incr(ns)  Path(ns)    Netlist Resource(s)
  -------------------------------------------------------------------    -------------------
                         (clock clk_i rise edge)      0.000     0.000 r  
                                                      0.000     0.000 r  clk_i (IN)
                         net (fo=3368, unset)         0.787     0.787    i_kecc_aes_k_axi_top/i_axi2reg/i_axi_to_axi_lite/i_axi_burst_splitter/i_demux_supported_vs_unsupported/gen_demux.gen_aw_id_counter.i_aw_id_counter/clk_i
    SLICE_X34Y95         FDCE                                         r  i_kecc_aes_k_axi_top/i_axi2reg/i_axi_to_axi_lite/i_axi_burst_splitter/i_demux_supported_vs_unsupported/gen_demux.gen_aw_id_counter.i_aw_id_counter/gen_counters[30].mst_select_q_reg[30][0]/C
  -------------------------------------------------------------------    -------------------
    SLICE_X34Y95         FDCE (Prop_fdce_C_Q)         0.433     1.220 f  i_kecc_aes_k_axi_top/i_axi2reg/i_axi_to_axi_lite/i_axi_burst_splitter/i_demux_supported_vs_unsupported/gen_demux.gen_aw_id_counter.i_aw_id_counter/gen_counters[30].mst_select_q_reg[30][0]/Q
                         net (fo=2, estimated)        0.773     1.993    i_kecc_aes_k_axi_top/i_axi2reg/i_axi_to_axi_lite/i_axi_burst_splitter/i_demux_supported_vs_unsupported/gen_demux.gen_aw_id_counter.i_aw_id_counter/gen_counters[30].mst_select_q_reg[30]_1
    SLICE_X36Y94         LUT6 (Prop_lut6_I1_O)        0.105     2.098 f  i_kecc_aes_k_axi_top/i_axi2reg/i_axi_to_axi_lite/i_axi_burst_splitter/i_demux_supported_vs_unsupported/gen_demux.gen_aw_id_counter.i_aw_id_counter/axi_rsp_o[aw_ready]_INST_0_i_42/O
                         net (fo=1, routed)           0.000     2.098    i_kecc_aes_k_axi_top/i_axi2reg/i_axi_to_axi_lite/i_axi_burst_splitter/i_demux_supported_vs_unsupported/gen_demux.gen_aw_id_counter.i_aw_id_counter/axi_rsp_o[aw_ready]_INST_0_i_42_n_0
    SLICE_X36Y94         MUXF7 (Prop_muxf7_I1_O)      0.182     2.280 f  i_kecc_aes_k_axi_top/i_axi2reg/i_axi_to_axi_lite/i_axi_burst_splitter/i_demux_supported_vs_unsupported/gen_demux.gen_aw_id_counter.i_aw_id_counter/axi_rsp_o[aw_ready]_INST_0_i_32/O
                         net (fo=1, routed)           0.000     2.280    i_kecc_aes_k_axi_top/i_axi2reg/i_axi_to_axi_lite/i_axi_burst_splitter/i_demux_supported_vs_unsupported/gen_demux.gen_aw_id_counter.i_aw_id_counter/axi_rsp_o[aw_ready]_INST_0_i_32_n_0
    SLICE_X36Y94         MUXF8 (Prop_muxf8_I1_O)      0.079     2.359 f  i_kecc_aes_k_axi_top/i_axi2reg/i_axi_to_axi_lite/i_axi_burst_splitter/i_demux_supported_vs_unsupported/gen_demux.gen_aw_id_counter.i_aw_id_counter/axi_rsp_o[aw_ready]_INST_0_i_21/O
                         net (fo=1, estimated)        0.683     3.042    i_kecc_aes_k_axi_top/i_axi2reg/i_axi_to_axi_lite/i_axi_burst_splitter/i_demux_supported_vs_unsupported/gen_demux.gen_aw_id_counter.i_aw_id_counter/gen_counters[3].i_in_flight_cnt/axi_rsp_o[aw_ready]_INST_0_i_6
    SLICE_X34Y95         LUT6 (Prop_lut6_I1_O)        0.264     3.306 r  i_kecc_aes_k_axi_top/i_axi2reg/i_axi_to_axi_lite/i_axi_burst_splitter/i_demux_supported_vs_unsupported/gen_demux.gen_aw_id_counter.i_aw_id_counter/gen_counters[3].i_in_flight_cnt/axi_rsp_o[aw_ready]_INST_0_i_12/O
                         net (fo=2, estimated)        0.247     3.553    i_kecc_aes_k_axi_top/i_axi2reg/i_axi_to_axi_lite/i_axi_burst_splitter/i_demux_supported_vs_unsupported/gen_demux.gen_aw_id_counter.i_aw_id_counter/gen_counters[3].i_in_flight_cnt/axi_req_i[aw][id]_4_sn_1
    SLICE_X36Y95         LUT6 (Prop_lut6_I1_O)        0.105     3.658 r  i_kecc_aes_k_axi_top/i_axi2reg/i_axi_to_axi_lite/i_axi_burst_splitter/i_demux_supported_vs_unsupported/gen_demux.gen_aw_id_counter.i_aw_id_counter/gen_counters[3].i_in_flight_cnt/status_cnt_q[1]_i_2__3/O
                         net (fo=41, estimated)       0.331     3.989    i_kecc_aes_k_axi_top/i_axi2reg/i_axi_to_axi_lite/i_axi_burst_splitter/i_demux_supported_vs_unsupported/gen_demux.i_w_fifo/status_cnt_q_reg[1]_0
    SLICE_X38Y95         LUT6 (Prop_lut6_I4_O)        0.105     4.094 r  i_kecc_aes_k_axi_top/i_axi2reg/i_axi_to_axi_lite/i_axi_burst_splitter/i_demux_supported_vs_unsupported/gen_demux.i_w_fifo/axi_rsp_o[w_ready]_INST_0_i_6/O
                         net (fo=3, estimated)        0.350     4.444    i_kecc_aes_k_axi_top/i_axi2reg/i_axi_to_axi_lite/i_axi_burst_splitter/i_demux_supported_vs_unsupported/gen_demux.i_w_fifo/axi_rsp_o[w_ready]_INST_0_i_6_n_0
    SLICE_X40Y96         LUT6 (Prop_lut6_I0_O)        0.105     4.549 f  i_kecc_aes_k_axi_top/i_axi2reg/i_axi_to_axi_lite/i_axi_burst_splitter/i_demux_supported_vs_unsupported/gen_demux.i_w_fifo/q[63]_i_27/O
                         net (fo=15, estimated)       0.290     4.839    i_kecc_aes_k_axi_top/i_axi2reg/i_axi_lite_to_reg/i_fifo_write_req/q_reg[0]
    SLICE_X43Y96         LUT5 (Prop_lut5_I0_O)        0.105     4.944 f  i_kecc_aes_k_axi_top/i_axi2reg/i_axi_lite_to_reg/i_fifo_write_req/gen_arbiter.gen_int_rr.rr_q[0]_i_2__0/O
                         net (fo=4, estimated)        0.259     5.203    i_kecc_aes_k_axi_top/i_axi2reg/i_axi_lite_to_reg/i_fifo_read/mem_q_reg[0][error]__0_1
    SLICE_X45Y97         LUT6 (Prop_lut6_I1_O)        0.105     5.308 r  i_kecc_aes_k_axi_top/i_axi2reg/i_axi_lite_to_reg/i_fifo_read/status_cnt_q[1]_i_2__0/O
                         net (fo=43, estimated)       0.404     5.712    i_kecc_aes_k_axi_top/i_axi2reg/i_axi_lite_to_reg/i_fifo_read/write_ready
    SLICE_X45Y99         LUT5 (Prop_lut5_I3_O)        0.105     5.817 f  i_kecc_aes_k_axi_top/i_axi2reg/i_axi_lite_to_reg/i_fifo_read/q[63]_i_16/O
                         net (fo=1, estimated)        0.257     6.074    i_kecc_aes_k_axi_top/i_axi2reg/i_axi_lite_to_reg/i_fifo_read/reg_req_i[addr][0]
    SLICE_X46Y100        LUT6 (Prop_lut6_I5_O)        0.105     6.179 f  i_kecc_aes_k_axi_top/i_axi2reg/i_axi_lite_to_reg/i_fifo_read/q[63]_i_14__0/O
                         net (fo=1, estimated)        0.123     6.302    i_kecc_aes_k_axi_top/i_axi2reg/i_axi_lite_to_reg/i_fifo_read/q[63]_i_14__0_n_0
    SLICE_X46Y100        LUT6 (Prop_lut6_I5_O)        0.105     6.407 f  i_kecc_aes_k_axi_top/i_axi2reg/i_axi_lite_to_reg/i_fifo_read/q[63]_i_9/O
                         net (fo=5, estimated)        0.159     6.566    i_kecc_aes_k_axi_top/i_axi2reg/i_axi_lite_to_reg/i_fifo_read/q[63]_i_9_n_0
    SLICE_X46Y100        LUT2 (Prop_lut2_I1_O)        0.105     6.671 f  i_kecc_aes_k_axi_top/i_axi2reg/i_axi_lite_to_reg/i_fifo_read/q[63]_i_4/O
                         net (fo=19, estimated)       0.698     7.369    i_kecc_aes_k_axi_top/i_axi2reg/i_axi_lite_to_reg/i_fifo_read/q[63]_i_4_n_0
    SLICE_X46Y110        LUT4 (Prop_lut4_I1_O)        0.105     7.474 f  i_kecc_aes_k_axi_top/i_axi2reg/i_axi_lite_to_reg/i_fifo_read/wr_data_i_3__6/O
                         net (fo=35, estimated)       0.550     8.024    i_kecc_aes_k_axi_top/i_axi2reg/i_axi_lite_to_reg/i_fifo_read/read_pointer_q_reg[0]_32
    SLICE_X52Y110        LUT3 (Prop_lut3_I2_O)        0.105     8.129 f  i_kecc_aes_k_axi_top/i_axi2reg/i_axi_lite_to_reg/i_fifo_read/wr_data_i_2__16/O
                         net (fo=65, estimated)       0.487     8.616    i_kecc_aes_k_axi_top/i_axi2reg/i_axi_lite_to_reg/i_fifo_read/wr_data_i_2__16_n_0
    SLICE_X58Y112        LUT6 (Prop_lut6_I3_O)        0.105     8.721 r  i_kecc_aes_k_axi_top/i_axi2reg/i_axi_lite_to_reg/i_fifo_read/mem_q[0][data][28]_i_14/O
                         net (fo=1, estimated)        0.927     9.648    i_kecc_aes_k_axi_top/i_axi2reg/i_axi_lite_to_reg/i_fifo_read/mem_q[0][data][28]_i_14_n_0
    SLICE_X55Y111        LUT3 (Prop_lut3_I0_O)        0.119     9.767 r  i_kecc_aes_k_axi_top/i_axi2reg/i_axi_lite_to_reg/i_fifo_read/mem_q[0][data][28]_i_5/O
                         net (fo=1, estimated)        0.775    10.542    i_kecc_aes_k_axi_top/i_axi2reg/i_axi_lite_to_reg/i_fifo_read/mem_q[0][data][28]_i_5_n_0
    SLICE_X50Y112        LUT6 (Prop_lut6_I3_O)        0.274    10.816 r  i_kecc_aes_k_axi_top/i_axi2reg/i_axi_lite_to_reg/i_fifo_read/mem_q[0][data][28]_i_1/O
                         net (fo=2, estimated)        0.675    11.491    i_kecc_aes_k_axi_top/i_axi2reg/i_axi_lite_to_reg/i_fifo_read_resp/D[28]
    SLICE_X51Y112        FDCE                                         r  i_kecc_aes_k_axi_top/i_axi2reg/i_axi_lite_to_reg/i_fifo_read_resp/mem_q_reg[1][data][28]/D
  -------------------------------------------------------------------    -------------------

                         (clock clk_i rise edge)     10.000    10.000 r  
                                                      0.000    10.000 r  clk_i (IN)
                         net (fo=3368, unset)         0.748    10.748    i_kecc_aes_k_axi_top/i_axi2reg/i_axi_lite_to_reg/i_fifo_read_resp/clk_i
    SLICE_X51Y112        FDCE                                         r  i_kecc_aes_k_axi_top/i_axi2reg/i_axi_lite_to_reg/i_fifo_read_resp/mem_q_reg[1][data][28]/C
                         clock pessimism              0.000    10.748    
                         clock uncertainty           -0.035    10.712    
    SLICE_X51Y112        FDCE (Setup_fdce_C_D)       -0.072    10.640    i_kecc_aes_k_axi_top/i_axi2reg/i_axi_lite_to_reg/i_fifo_read_resp/mem_q_reg[1][data][28]
  -------------------------------------------------------------------
                         required time                         10.640    
                         arrival time                         -11.491    
  -------------------------------------------------------------------
                         slack                                 -0.851    

Slack (VIOLATED) :        -0.851ns  (required time - arrival time)
  Source:                 i_kecc_aes_k_axi_top/i_axi2reg/i_axi_to_axi_lite/i_axi_burst_splitter/i_demux_supported_vs_unsupported/gen_demux.gen_aw_id_counter.i_aw_id_counter/gen_counters[30].mst_select_q_reg[30][0]/C
                            (rising edge-triggered cell FDCE clocked by clk_i  {rise@0.000ns fall@5.000ns period=10.000ns})
  Destination:            i_kecc_aes_k_axi_top/i_axi2reg/i_axi_lite_to_reg/i_fifo_read_resp/mem_q_reg[1][data][28]/D
                            (rising edge-triggered cell FDCE clocked by clk_i  {rise@0.000ns fall@5.000ns period=10.000ns})
  Path Group:             clk_i
  Path Type:              Setup (Max at Slow Process Corner)
  Requirement:            10.000ns  (clk_i rise@10.000ns - clk_i rise@0.000ns)
  Data Path Delay:        10.704ns  (logic 2.716ns (25.374%)  route 7.988ns (74.626%))
  Logic Levels:           18  (LUT2=1 LUT3=2 LUT4=1 LUT5=2 LUT6=10 MUXF7=1 MUXF8=1)
  Clock Path Skew:        -0.039ns (DCD - SCD + CPR)
    Destination Clock Delay (DCD):    0.748ns = ( 10.748 - 10.000 ) 
    Source Clock Delay      (SCD):    0.787ns
    Clock Pessimism Removal (CPR):    0.000ns
  Clock Uncertainty:      0.035ns  ((TSJ^2 + TIJ^2)^1/2 + DJ) / 2 + PE
    Total System Jitter     (TSJ):    0.071ns
    Total Input Jitter      (TIJ):    0.000ns
    Discrete Jitter          (DJ):    0.000ns
    Phase Error              (PE):    0.000ns

    Location             Delay type                Incr(ns)  Path(ns)    Netlist Resource(s)
  -------------------------------------------------------------------    -------------------
                         (clock clk_i rise edge)      0.000     0.000 r  
                                                      0.000     0.000 r  clk_i (IN)
                         net (fo=3368, unset)         0.787     0.787    i_kecc_aes_k_axi_top/i_axi2reg/i_axi_to_axi_lite/i_axi_burst_splitter/i_demux_supported_vs_unsupported/gen_demux.gen_aw_id_counter.i_aw_id_counter/clk_i
    SLICE_X34Y95         FDCE                                         r  i_kecc_aes_k_axi_top/i_axi2reg/i_axi_to_axi_lite/i_axi_burst_splitter/i_demux_supported_vs_unsupported/gen_demux.gen_aw_id_counter.i_aw_id_counter/gen_counters[30].mst_select_q_reg[30][0]/C
  -------------------------------------------------------------------    -------------------
    SLICE_X34Y95         FDCE (Prop_fdce_C_Q)         0.433     1.220 r  i_kecc_aes_k_axi_top/i_axi2reg/i_axi_to_axi_lite/i_axi_burst_splitter/i_demux_supported_vs_unsupported/gen_demux.gen_aw_id_counter.i_aw_id_counter/gen_counters[30].mst_select_q_reg[30][0]/Q
                         net (fo=2, estimated)        0.773     1.993    i_kecc_aes_k_axi_top/i_axi2reg/i_axi_to_axi_lite/i_axi_burst_splitter/i_demux_supported_vs_unsupported/gen_demux.gen_aw_id_counter.i_aw_id_counter/gen_counters[30].mst_select_q_reg[30]_1
    SLICE_X36Y94         LUT6 (Prop_lut6_I1_O)        0.105     2.098 r  i_kecc_aes_k_axi_top/i_axi2reg/i_axi_to_axi_lite/i_axi_burst_splitter/i_demux_supported_vs_unsupported/gen_demux.gen_aw_id_counter.i_aw_id_counter/axi_rsp_o[aw_ready]_INST_0_i_42/O
                         net (fo=1, routed)           0.000     2.098    i_kecc_aes_k_axi_top/i_axi2reg/i_axi_to_axi_lite/i_axi_burst_splitter/i_demux_supported_vs_unsupported/gen_demux.gen_aw_id_counter.i_aw_id_counter/axi_rsp_o[aw_ready]_INST_0_i_42_n_0
    SLICE_X36Y94         MUXF7 (Prop_muxf7_I1_O)      0.182     2.280 r  i_kecc_aes_k_axi_top/i_axi2reg/i_axi_to_axi_lite/i_axi_burst_splitter/i_demux_supported_vs_unsupported/gen_demux.gen_aw_id_counter.i_aw_id_counter/axi_rsp_o[aw_ready]_INST_0_i_32/O
                         net (fo=1, routed)           0.000     2.280    i_kecc_aes_k_axi_top/i_axi2reg/i_axi_to_axi_lite/i_axi_burst_splitter/i_demux_supported_vs_unsupported/gen_demux.gen_aw_id_counter.i_aw_id_counter/axi_rsp_o[aw_ready]_INST_0_i_32_n_0
    SLICE_X36Y94         MUXF8 (Prop_muxf8_I1_O)      0.079     2.359 r  i_kecc_aes_k_axi_top/i_axi2reg/i_axi_to_axi_lite/i_axi_burst_splitter/i_demux_supported_vs_unsupported/gen_demux.gen_aw_id_counter.i_aw_id_counter/axi_rsp_o[aw_ready]_INST_0_i_21/O
                         net (fo=1, estimated)        0.683     3.042    i_kecc_aes_k_axi_top/i_axi2reg/i_axi_to_axi_lite/i_axi_burst_splitter/i_demux_supported_vs_unsupported/gen_demux.gen_aw_id_counter.i_aw_id_counter/gen_counters[3].i_in_flight_cnt/axi_rsp_o[aw_ready]_INST_0_i_6
    SLICE_X34Y95         LUT6 (Prop_lut6_I1_O)        0.264     3.306 f  i_kecc_aes_k_axi_top/i_axi2reg/i_axi_to_axi_lite/i_axi_burst_splitter/i_demux_supported_vs_unsupported/gen_demux.gen_aw_id_counter.i_aw_id_counter/gen_counters[3].i_in_flight_cnt/axi_rsp_o[aw_ready]_INST_0_i_12/O
                         net (fo=2, estimated)        0.247     3.553    i_kecc_aes_k_axi_top/i_axi2reg/i_axi_to_axi_lite/i_axi_burst_splitter/i_demux_supported_vs_unsupported/gen_demux.gen_aw_id_counter.i_aw_id_counter/gen_counters[3].i_in_flight_cnt/axi_req_i[aw][id]_4_sn_1
    SLICE_X36Y95         LUT6 (Prop_lut6_I1_O)        0.105     3.658 f  i_kecc_aes_k_axi_top/i_axi2reg/i_axi_to_axi_lite/i_axi_burst_splitter/i_demux_supported_vs_unsupported/gen_demux.gen_aw_id_counter.i_aw_id_counter/gen_counters[3].i_in_flight_cnt/status_cnt_q[1]_i_2__3/O
                         net (fo=41, estimated)       0.331     3.989    i_kecc_aes_k_axi_top/i_axi2reg/i_axi_to_axi_lite/i_axi_burst_splitter/i_demux_supported_vs_unsupported/gen_demux.i_w_fifo/status_cnt_q_reg[1]_0
    SLICE_X38Y95         LUT6 (Prop_lut6_I4_O)        0.105     4.094 f  i_kecc_aes_k_axi_top/i_axi2reg/i_axi_to_axi_lite/i_axi_burst_splitter/i_demux_supported_vs_unsupported/gen_demux.i_w_fifo/axi_rsp_o[w_ready]_INST_0_i_6/O
                         net (fo=3, estimated)        0.350     4.444    i_kecc_aes_k_axi_top/i_axi2reg/i_axi_to_axi_lite/i_axi_burst_splitter/i_demux_supported_vs_unsupported/gen_demux.i_w_fifo/axi_rsp_o[w_ready]_INST_0_i_6_n_0
    SLICE_X40Y96         LUT6 (Prop_lut6_I0_O)        0.105     4.549 r  i_kecc_aes_k_axi_top/i_axi2reg/i_axi_to_axi_lite/i_axi_burst_splitter/i_demux_supported_vs_unsupported/gen_demux.i_w_fifo/q[63]_i_27/O
                         net (fo=15, estimated)       0.290     4.839    i_kecc_aes_k_axi_top/i_axi2reg/i_axi_lite_to_reg/i_fifo_write_req/q_reg[0]
    SLICE_X43Y96         LUT5 (Prop_lut5_I0_O)        0.105     4.944 r  i_kecc_aes_k_axi_top/i_axi2reg/i_axi_lite_to_reg/i_fifo_write_req/gen_arbiter.gen_int_rr.rr_q[0]_i_2__0/O
                         net (fo=4, estimated)        0.259     5.203    i_kecc_aes_k_axi_top/i_axi2reg/i_axi_lite_to_reg/i_fifo_read/mem_q_reg[0][error]__0_1
    SLICE_X45Y97         LUT6 (Prop_lut6_I1_O)        0.105     5.308 f  i_kecc_aes_k_axi_top/i_axi2reg/i_axi_lite_to_reg/i_fifo_read/status_cnt_q[1]_i_2__0/O
                         net (fo=43, estimated)       0.404     5.712    i_kecc_aes_k_axi_top/i_axi2reg/i_axi_lite_to_reg/i_fifo_read/write_ready
    SLICE_X45Y99         LUT5 (Prop_lut5_I3_O)        0.105     5.817 f  i_kecc_aes_k_axi_top/i_axi2reg/i_axi_lite_to_reg/i_fifo_read/q[63]_i_16/O
                         net (fo=1, estimated)        0.257     6.074    i_kecc_aes_k_axi_top/i_axi2reg/i_axi_lite_to_reg/i_fifo_read/reg_req_i[addr][0]
    SLICE_X46Y100        LUT6 (Prop_lut6_I5_O)        0.105     6.179 f  i_kecc_aes_k_axi_top/i_axi2reg/i_axi_lite_to_reg/i_fifo_read/q[63]_i_14__0/O
                         net (fo=1, estimated)        0.123     6.302    i_kecc_aes_k_axi_top/i_axi2reg/i_axi_lite_to_reg/i_fifo_read/q[63]_i_14__0_n_0
    SLICE_X46Y100        LUT6 (Prop_lut6_I5_O)        0.105     6.407 f  i_kecc_aes_k_axi_top/i_axi2reg/i_axi_lite_to_reg/i_fifo_read/q[63]_i_9/O
                         net (fo=5, estimated)        0.159     6.566    i_kecc_aes_k_axi_top/i_axi2reg/i_axi_lite_to_reg/i_fifo_read/q[63]_i_9_n_0
    SLICE_X46Y100        LUT2 (Prop_lut2_I1_O)        0.105     6.671 f  i_kecc_aes_k_axi_top/i_axi2reg/i_axi_lite_to_reg/i_fifo_read/q[63]_i_4/O
                         net (fo=19, estimated)       0.698     7.369    i_kecc_aes_k_axi_top/i_axi2reg/i_axi_lite_to_reg/i_fifo_read/q[63]_i_4_n_0
    SLICE_X46Y110        LUT4 (Prop_lut4_I1_O)        0.105     7.474 f  i_kecc_aes_k_axi_top/i_axi2reg/i_axi_lite_to_reg/i_fifo_read/wr_data_i_3__6/O
                         net (fo=35, estimated)       0.550     8.024    i_kecc_aes_k_axi_top/i_axi2reg/i_axi_lite_to_reg/i_fifo_read/read_pointer_q_reg[0]_32
    SLICE_X52Y110        LUT3 (Prop_lut3_I2_O)        0.105     8.129 f  i_kecc_aes_k_axi_top/i_axi2reg/i_axi_lite_to_reg/i_fifo_read/wr_data_i_2__16/O
                         net (fo=65, estimated)       0.487     8.616    i_kecc_aes_k_axi_top/i_axi2reg/i_axi_lite_to_reg/i_fifo_read/wr_data_i_2__16_n_0
    SLICE_X58Y112        LUT6 (Prop_lut6_I3_O)        0.105     8.721 r  i_kecc_aes_k_axi_top/i_axi2reg/i_axi_lite_to_reg/i_fifo_read/mem_q[0][data][28]_i_14/O
                         net (fo=1, estimated)        0.927     9.648    i_kecc_aes_k_axi_top/i_axi2reg/i_axi_lite_to_reg/i_fifo_read/mem_q[0][data][28]_i_14_n_0
    SLICE_X55Y111        LUT3 (Prop_lut3_I0_O)        0.119     9.767 r  i_kecc_aes_k_axi_top/i_axi2reg/i_axi_lite_to_reg/i_fifo_read/mem_q[0][data][28]_i_5/O
                         net (fo=1, estimated)        0.775    10.542    i_kecc_aes_k_axi_top/i_axi2reg/i_axi_lite_to_reg/i_fifo_read/mem_q[0][data][28]_i_5_n_0
    SLICE_X50Y112        LUT6 (Prop_lut6_I3_O)        0.274    10.816 r  i_kecc_aes_k_axi_top/i_axi2reg/i_axi_lite_to_reg/i_fifo_read/mem_q[0][data][28]_i_1/O
                         net (fo=2, estimated)        0.675    11.491    i_kecc_aes_k_axi_top/i_axi2reg/i_axi_lite_to_reg/i_fifo_read_resp/D[28]
    SLICE_X51Y112        FDCE                                         r  i_kecc_aes_k_axi_top/i_axi2reg/i_axi_lite_to_reg/i_fifo_read_resp/mem_q_reg[1][data][28]/D
  -------------------------------------------------------------------    -------------------

                         (clock clk_i rise edge)     10.000    10.000 r  
                                                      0.000    10.000 r  clk_i (IN)
                         net (fo=3368, unset)         0.748    10.748    i_kecc_aes_k_axi_top/i_axi2reg/i_axi_lite_to_reg/i_fifo_read_resp/clk_i
    SLICE_X51Y112        FDCE                                         r  i_kecc_aes_k_axi_top/i_axi2reg/i_axi_lite_to_reg/i_fifo_read_resp/mem_q_reg[1][data][28]/C
                         clock pessimism              0.000    10.748    
                         clock uncertainty           -0.035    10.712    
    SLICE_X51Y112        FDCE (Setup_fdce_C_D)       -0.072    10.640    i_kecc_aes_k_axi_top/i_axi2reg/i_axi_lite_to_reg/i_fifo_read_resp/mem_q_reg[1][data][28]
  -------------------------------------------------------------------
                         required time                         10.640    
                         arrival time                         -11.491    
  -------------------------------------------------------------------
                         slack                                 -0.851    

Slack (VIOLATED) :        -0.851ns  (required time - arrival time)
  Source:                 i_kecc_aes_k_axi_top/i_axi2reg/i_axi_to_axi_lite/i_axi_burst_splitter/i_demux_supported_vs_unsupported/gen_demux.gen_aw_id_counter.i_aw_id_counter/gen_counters[30].mst_select_q_reg[30][0]/C
                            (rising edge-triggered cell FDCE clocked by clk_i  {rise@0.000ns fall@5.000ns period=10.000ns})
  Destination:            i_kecc_aes_k_axi_top/i_axi2reg/i_axi_lite_to_reg/i_fifo_read_resp/mem_q_reg[1][data][28]/D
                            (rising edge-triggered cell FDCE clocked by clk_i  {rise@0.000ns fall@5.000ns period=10.000ns})
  Path Group:             clk_i
  Path Type:              Setup (Max at Slow Process Corner)
  Requirement:            10.000ns  (clk_i rise@10.000ns - clk_i rise@0.000ns)
  Data Path Delay:        10.704ns  (logic 2.716ns (25.374%)  route 7.988ns (74.626%))
  Logic Levels:           18  (LUT2=1 LUT3=2 LUT4=1 LUT5=2 LUT6=10 MUXF7=1 MUXF8=1)
  Clock Path Skew:        -0.039ns (DCD - SCD + CPR)
    Destination Clock Delay (DCD):    0.748ns = ( 10.748 - 10.000 ) 
    Source Clock Delay      (SCD):    0.787ns
    Clock Pessimism Removal (CPR):    0.000ns
  Clock Uncertainty:      0.035ns  ((TSJ^2 + TIJ^2)^1/2 + DJ) / 2 + PE
    Total System Jitter     (TSJ):    0.071ns
    Total Input Jitter      (TIJ):    0.000ns
    Discrete Jitter          (DJ):    0.000ns
    Phase Error              (PE):    0.000ns

    Location             Delay type                Incr(ns)  Path(ns)    Netlist Resource(s)
  -------------------------------------------------------------------    -------------------
                         (clock clk_i rise edge)      0.000     0.000 r  
                                                      0.000     0.000 r  clk_i (IN)
                         net (fo=3368, unset)         0.787     0.787    i_kecc_aes_k_axi_top/i_axi2reg/i_axi_to_axi_lite/i_axi_burst_splitter/i_demux_supported_vs_unsupported/gen_demux.gen_aw_id_counter.i_aw_id_counter/clk_i
    SLICE_X34Y95         FDCE                                         r  i_kecc_aes_k_axi_top/i_axi2reg/i_axi_to_axi_lite/i_axi_burst_splitter/i_demux_supported_vs_unsupported/gen_demux.gen_aw_id_counter.i_aw_id_counter/gen_counters[30].mst_select_q_reg[30][0]/C
  -------------------------------------------------------------------    -------------------
    SLICE_X34Y95         FDCE (Prop_fdce_C_Q)         0.433     1.220 f  i_kecc_aes_k_axi_top/i_axi2reg/i_axi_to_axi_lite/i_axi_burst_splitter/i_demux_supported_vs_unsupported/gen_demux.gen_aw_id_counter.i_aw_id_counter/gen_counters[30].mst_select_q_reg[30][0]/Q
                         net (fo=2, estimated)        0.773     1.993    i_kecc_aes_k_axi_top/i_axi2reg/i_axi_to_axi_lite/i_axi_burst_splitter/i_demux_supported_vs_unsupported/gen_demux.gen_aw_id_counter.i_aw_id_counter/gen_counters[30].mst_select_q_reg[30]_1
    SLICE_X36Y94         LUT6 (Prop_lut6_I1_O)        0.105     2.098 f  i_kecc_aes_k_axi_top/i_axi2reg/i_axi_to_axi_lite/i_axi_burst_splitter/i_demux_supported_vs_unsupported/gen_demux.gen_aw_id_counter.i_aw_id_counter/axi_rsp_o[aw_ready]_INST_0_i_42/O
                         net (fo=1, routed)           0.000     2.098    i_kecc_aes_k_axi_top/i_axi2reg/i_axi_to_axi_lite/i_axi_burst_splitter/i_demux_supported_vs_unsupported/gen_demux.gen_aw_id_counter.i_aw_id_counter/axi_rsp_o[aw_ready]_INST_0_i_42_n_0
    SLICE_X36Y94         MUXF7 (Prop_muxf7_I1_O)      0.182     2.280 f  i_kecc_aes_k_axi_top/i_axi2reg/i_axi_to_axi_lite/i_axi_burst_splitter/i_demux_supported_vs_unsupported/gen_demux.gen_aw_id_counter.i_aw_id_counter/axi_rsp_o[aw_ready]_INST_0_i_32/O
                         net (fo=1, routed)           0.000     2.280    i_kecc_aes_k_axi_top/i_axi2reg/i_axi_to_axi_lite/i_axi_burst_splitter/i_demux_supported_vs_unsupported/gen_demux.gen_aw_id_counter.i_aw_id_counter/axi_rsp_o[aw_ready]_INST_0_i_32_n_0
    SLICE_X36Y94         MUXF8 (Prop_muxf8_I1_O)      0.079     2.359 f  i_kecc_aes_k_axi_top/i_axi2reg/i_axi_to_axi_lite/i_axi_burst_splitter/i_demux_supported_vs_unsupported/gen_demux.gen_aw_id_counter.i_aw_id_counter/axi_rsp_o[aw_ready]_INST_0_i_21/O
                         net (fo=1, estimated)        0.683     3.042    i_kecc_aes_k_axi_top/i_axi2reg/i_axi_to_axi_lite/i_axi_burst_splitter/i_demux_supported_vs_unsupported/gen_demux.gen_aw_id_counter.i_aw_id_counter/gen_counters[3].i_in_flight_cnt/axi_rsp_o[aw_ready]_INST_0_i_6
    SLICE_X34Y95         LUT6 (Prop_lut6_I1_O)        0.264     3.306 f  i_kecc_aes_k_axi_top/i_axi2reg/i_axi_to_axi_lite/i_axi_burst_splitter/i_demux_supported_vs_unsupported/gen_demux.gen_aw_id_counter.i_aw_id_counter/gen_counters[3].i_in_flight_cnt/axi_rsp_o[aw_ready]_INST_0_i_12/O
                         net (fo=2, estimated)        0.247     3.553    i_kecc_aes_k_axi_top/i_axi2reg/i_axi_to_axi_lite/i_axi_burst_splitter/i_demux_supported_vs_unsupported/gen_demux.gen_aw_id_counter.i_aw_id_counter/gen_counters[3].i_in_flight_cnt/axi_req_i[aw][id]_4_sn_1
    SLICE_X36Y95         LUT6 (Prop_lut6_I1_O)        0.105     3.658 f  i_kecc_aes_k_axi_top/i_axi2reg/i_axi_to_axi_lite/i_axi_burst_splitter/i_demux_supported_vs_unsupported/gen_demux.gen_aw_id_counter.i_aw_id_counter/gen_counters[3].i_in_flight_cnt/status_cnt_q[1]_i_2__3/O
                         net (fo=41, estimated)       0.331     3.989    i_kecc_aes_k_axi_top/i_axi2reg/i_axi_to_axi_lite/i_axi_burst_splitter/i_demux_supported_vs_unsupported/gen_demux.i_w_fifo/status_cnt_q_reg[1]_0
    SLICE_X38Y95         LUT6 (Prop_lut6_I4_O)        0.105     4.094 f  i_kecc_aes_k_axi_top/i_axi2reg/i_axi_to_axi_lite/i_axi_burst_splitter/i_demux_supported_vs_unsupported/gen_demux.i_w_fifo/axi_rsp_o[w_ready]_INST_0_i_6/O
                         net (fo=3, estimated)        0.350     4.444    i_kecc_aes_k_axi_top/i_axi2reg/i_axi_to_axi_lite/i_axi_burst_splitter/i_demux_supported_vs_unsupported/gen_demux.i_w_fifo/axi_rsp_o[w_ready]_INST_0_i_6_n_0
    SLICE_X40Y96         LUT6 (Prop_lut6_I0_O)        0.105     4.549 r  i_kecc_aes_k_axi_top/i_axi2reg/i_axi_to_axi_lite/i_axi_burst_splitter/i_demux_supported_vs_unsupported/gen_demux.i_w_fifo/q[63]_i_27/O
                         net (fo=15, estimated)       0.290     4.839    i_kecc_aes_k_axi_top/i_axi2reg/i_axi_lite_to_reg/i_fifo_write_req/q_reg[0]
    SLICE_X43Y96         LUT5 (Prop_lut5_I0_O)        0.105     4.944 r  i_kecc_aes_k_axi_top/i_axi2reg/i_axi_lite_to_reg/i_fifo_write_req/gen_arbiter.gen_int_rr.rr_q[0]_i_2__0/O
                         net (fo=4, estimated)        0.259     5.203    i_kecc_aes_k_axi_top/i_axi2reg/i_axi_lite_to_reg/i_fifo_read/mem_q_reg[0][error]__0_1
    SLICE_X45Y97         LUT6 (Prop_lut6_I1_O)        0.105     5.308 f  i_kecc_aes_k_axi_top/i_axi2reg/i_axi_lite_to_reg/i_fifo_read/status_cnt_q[1]_i_2__0/O
                         net (fo=43, estimated)       0.404     5.712    i_kecc_aes_k_axi_top/i_axi2reg/i_axi_lite_to_reg/i_fifo_read/write_ready
    SLICE_X45Y99         LUT5 (Prop_lut5_I3_O)        0.105     5.817 f  i_kecc_aes_k_axi_top/i_axi2reg/i_axi_lite_to_reg/i_fifo_read/q[63]_i_16/O
                         net (fo=1, estimated)        0.257     6.074    i_kecc_aes_k_axi_top/i_axi2reg/i_axi_lite_to_reg/i_fifo_read/reg_req_i[addr][0]
    SLICE_X46Y100        LUT6 (Prop_lut6_I5_O)        0.105     6.179 f  i_kecc_aes_k_axi_top/i_axi2reg/i_axi_lite_to_reg/i_fifo_read/q[63]_i_14__0/O
                         net (fo=1, estimated)        0.123     6.302    i_kecc_aes_k_axi_top/i_axi2reg/i_axi_lite_to_reg/i_fifo_read/q[63]_i_14__0_n_0
    SLICE_X46Y100        LUT6 (Prop_lut6_I5_O)        0.105     6.407 f  i_kecc_aes_k_axi_top/i_axi2reg/i_axi_lite_to_reg/i_fifo_read/q[63]_i_9/O
                         net (fo=5, estimated)        0.159     6.566    i_kecc_aes_k_axi_top/i_axi2reg/i_axi_lite_to_reg/i_fifo_read/q[63]_i_9_n_0
    SLICE_X46Y100        LUT2 (Prop_lut2_I1_O)        0.105     6.671 f  i_kecc_aes_k_axi_top/i_axi2reg/i_axi_lite_to_reg/i_fifo_read/q[63]_i_4/O
                         net (fo=19, estimated)       0.698     7.369    i_kecc_aes_k_axi_top/i_axi2reg/i_axi_lite_to_reg/i_fifo_read/q[63]_i_4_n_0
    SLICE_X46Y110        LUT4 (Prop_lut4_I1_O)        0.105     7.474 f  i_kecc_aes_k_axi_top/i_axi2reg/i_axi_lite_to_reg/i_fifo_read/wr_data_i_3__6/O
                         net (fo=35, estimated)       0.550     8.024    i_kecc_aes_k_axi_top/i_axi2reg/i_axi_lite_to_reg/i_fifo_read/read_pointer_q_reg[0]_32
    SLICE_X52Y110        LUT3 (Prop_lut3_I2_O)        0.105     8.129 f  i_kecc_aes_k_axi_top/i_axi2reg/i_axi_lite_to_reg/i_fifo_read/wr_data_i_2__16/O
                         net (fo=65, estimated)       0.487     8.616    i_kecc_aes_k_axi_top/i_axi2reg/i_axi_lite_to_reg/i_fifo_read/wr_data_i_2__16_n_0
    SLICE_X58Y112        LUT6 (Prop_lut6_I3_O)        0.105     8.721 r  i_kecc_aes_k_axi_top/i_axi2reg/i_axi_lite_to_reg/i_fifo_read/mem_q[0][data][28]_i_14/O
                         net (fo=1, estimated)        0.927     9.648    i_kecc_aes_k_axi_top/i_axi2reg/i_axi_lite_to_reg/i_fifo_read/mem_q[0][data][28]_i_14_n_0
    SLICE_X55Y111        LUT3 (Prop_lut3_I0_O)        0.119     9.767 r  i_kecc_aes_k_axi_top/i_axi2reg/i_axi_lite_to_reg/i_fifo_read/mem_q[0][data][28]_i_5/O
                         net (fo=1, estimated)        0.775    10.542    i_kecc_aes_k_axi_top/i_axi2reg/i_axi_lite_to_reg/i_fifo_read/mem_q[0][data][28]_i_5_n_0
    SLICE_X50Y112        LUT6 (Prop_lut6_I3_O)        0.274    10.816 r  i_kecc_aes_k_axi_top/i_axi2reg/i_axi_lite_to_reg/i_fifo_read/mem_q[0][data][28]_i_1/O
                         net (fo=2, estimated)        0.675    11.491    i_kecc_aes_k_axi_top/i_axi2reg/i_axi_lite_to_reg/i_fifo_read_resp/D[28]
    SLICE_X51Y112        FDCE                                         r  i_kecc_aes_k_axi_top/i_axi2reg/i_axi_lite_to_reg/i_fifo_read_resp/mem_q_reg[1][data][28]/D
  -------------------------------------------------------------------    -------------------

                         (clock clk_i rise edge)     10.000    10.000 r  
                                                      0.000    10.000 r  clk_i (IN)
                         net (fo=3368, unset)         0.748    10.748    i_kecc_aes_k_axi_top/i_axi2reg/i_axi_lite_to_reg/i_fifo_read_resp/clk_i
    SLICE_X51Y112        FDCE                                         r  i_kecc_aes_k_axi_top/i_axi2reg/i_axi_lite_to_reg/i_fifo_read_resp/mem_q_reg[1][data][28]/C
                         clock pessimism              0.000    10.748    
                         clock uncertainty           -0.035    10.712    
    SLICE_X51Y112        FDCE (Setup_fdce_C_D)       -0.072    10.640    i_kecc_aes_k_axi_top/i_axi2reg/i_axi_lite_to_reg/i_fifo_read_resp/mem_q_reg[1][data][28]
  -------------------------------------------------------------------
                         required time                         10.640    
                         arrival time                         -11.491    
  -------------------------------------------------------------------
                         slack                                 -0.851    

Slack (VIOLATED) :        -0.851ns  (required time - arrival time)
  Source:                 i_kecc_aes_k_axi_top/i_axi2reg/i_axi_to_axi_lite/i_axi_burst_splitter/i_demux_supported_vs_unsupported/gen_demux.gen_aw_id_counter.i_aw_id_counter/gen_counters[30].mst_select_q_reg[30][0]/C
                            (rising edge-triggered cell FDCE clocked by clk_i  {rise@0.000ns fall@5.000ns period=10.000ns})
  Destination:            i_kecc_aes_k_axi_top/i_axi2reg/i_axi_lite_to_reg/i_fifo_read_resp/mem_q_reg[1][data][28]/D
                            (rising edge-triggered cell FDCE clocked by clk_i  {rise@0.000ns fall@5.000ns period=10.000ns})
  Path Group:             clk_i
  Path Type:              Setup (Max at Slow Process Corner)
  Requirement:            10.000ns  (clk_i rise@10.000ns - clk_i rise@0.000ns)
  Data Path Delay:        10.704ns  (logic 2.716ns (25.374%)  route 7.988ns (74.626%))
  Logic Levels:           18  (LUT2=1 LUT3=2 LUT4=1 LUT5=2 LUT6=10 MUXF7=1 MUXF8=1)
  Clock Path Skew:        -0.039ns (DCD - SCD + CPR)
    Destination Clock Delay (DCD):    0.748ns = ( 10.748 - 10.000 ) 
    Source Clock Delay      (SCD):    0.787ns
    Clock Pessimism Removal (CPR):    0.000ns
  Clock Uncertainty:      0.035ns  ((TSJ^2 + TIJ^2)^1/2 + DJ) / 2 + PE
    Total System Jitter     (TSJ):    0.071ns
    Total Input Jitter      (TIJ):    0.000ns
    Discrete Jitter          (DJ):    0.000ns
    Phase Error              (PE):    0.000ns

    Location             Delay type                Incr(ns)  Path(ns)    Netlist Resource(s)
  -------------------------------------------------------------------    -------------------
                         (clock clk_i rise edge)      0.000     0.000 r  
                                                      0.000     0.000 r  clk_i (IN)
                         net (fo=3368, unset)         0.787     0.787    i_kecc_aes_k_axi_top/i_axi2reg/i_axi_to_axi_lite/i_axi_burst_splitter/i_demux_supported_vs_unsupported/gen_demux.gen_aw_id_counter.i_aw_id_counter/clk_i
    SLICE_X34Y95         FDCE                                         r  i_kecc_aes_k_axi_top/i_axi2reg/i_axi_to_axi_lite/i_axi_burst_splitter/i_demux_supported_vs_unsupported/gen_demux.gen_aw_id_counter.i_aw_id_counter/gen_counters[30].mst_select_q_reg[30][0]/C
  -------------------------------------------------------------------    -------------------
    SLICE_X34Y95         FDCE (Prop_fdce_C_Q)         0.433     1.220 r  i_kecc_aes_k_axi_top/i_axi2reg/i_axi_to_axi_lite/i_axi_burst_splitter/i_demux_supported_vs_unsupported/gen_demux.gen_aw_id_counter.i_aw_id_counter/gen_counters[30].mst_select_q_reg[30][0]/Q
                         net (fo=2, estimated)        0.773     1.993    i_kecc_aes_k_axi_top/i_axi2reg/i_axi_to_axi_lite/i_axi_burst_splitter/i_demux_supported_vs_unsupported/gen_demux.gen_aw_id_counter.i_aw_id_counter/gen_counters[30].mst_select_q_reg[30]_1
    SLICE_X36Y94         LUT6 (Prop_lut6_I1_O)        0.105     2.098 r  i_kecc_aes_k_axi_top/i_axi2reg/i_axi_to_axi_lite/i_axi_burst_splitter/i_demux_supported_vs_unsupported/gen_demux.gen_aw_id_counter.i_aw_id_counter/axi_rsp_o[aw_ready]_INST_0_i_42/O
                         net (fo=1, routed)           0.000     2.098    i_kecc_aes_k_axi_top/i_axi2reg/i_axi_to_axi_lite/i_axi_burst_splitter/i_demux_supported_vs_unsupported/gen_demux.gen_aw_id_counter.i_aw_id_counter/axi_rsp_o[aw_ready]_INST_0_i_42_n_0
    SLICE_X36Y94         MUXF7 (Prop_muxf7_I1_O)      0.182     2.280 r  i_kecc_aes_k_axi_top/i_axi2reg/i_axi_to_axi_lite/i_axi_burst_splitter/i_demux_supported_vs_unsupported/gen_demux.gen_aw_id_counter.i_aw_id_counter/axi_rsp_o[aw_ready]_INST_0_i_32/O
                         net (fo=1, routed)           0.000     2.280    i_kecc_aes_k_axi_top/i_axi2reg/i_axi_to_axi_lite/i_axi_burst_splitter/i_demux_supported_vs_unsupported/gen_demux.gen_aw_id_counter.i_aw_id_counter/axi_rsp_o[aw_ready]_INST_0_i_32_n_0
    SLICE_X36Y94         MUXF8 (Prop_muxf8_I1_O)      0.079     2.359 r  i_kecc_aes_k_axi_top/i_axi2reg/i_axi_to_axi_lite/i_axi_burst_splitter/i_demux_supported_vs_unsupported/gen_demux.gen_aw_id_counter.i_aw_id_counter/axi_rsp_o[aw_ready]_INST_0_i_21/O
                         net (fo=1, estimated)        0.683     3.042    i_kecc_aes_k_axi_top/i_axi2reg/i_axi_to_axi_lite/i_axi_burst_splitter/i_demux_supported_vs_unsupported/gen_demux.gen_aw_id_counter.i_aw_id_counter/gen_counters[3].i_in_flight_cnt/axi_rsp_o[aw_ready]_INST_0_i_6
    SLICE_X34Y95         LUT6 (Prop_lut6_I1_O)        0.264     3.306 r  i_kecc_aes_k_axi_top/i_axi2reg/i_axi_to_axi_lite/i_axi_burst_splitter/i_demux_supported_vs_unsupported/gen_demux.gen_aw_id_counter.i_aw_id_counter/gen_counters[3].i_in_flight_cnt/axi_rsp_o[aw_ready]_INST_0_i_12/O
                         net (fo=2, estimated)        0.247     3.553    i_kecc_aes_k_axi_top/i_axi2reg/i_axi_to_axi_lite/i_axi_burst_splitter/i_demux_supported_vs_unsupported/gen_demux.gen_aw_id_counter.i_aw_id_counter/gen_counters[3].i_in_flight_cnt/axi_req_i[aw][id]_4_sn_1
    SLICE_X36Y95         LUT6 (Prop_lut6_I1_O)        0.105     3.658 r  i_kecc_aes_k_axi_top/i_axi2reg/i_axi_to_axi_lite/i_axi_burst_splitter/i_demux_supported_vs_unsupported/gen_demux.gen_aw_id_counter.i_aw_id_counter/gen_counters[3].i_in_flight_cnt/status_cnt_q[1]_i_2__3/O
                         net (fo=41, estimated)       0.331     3.989    i_kecc_aes_k_axi_top/i_axi2reg/i_axi_to_axi_lite/i_axi_burst_splitter/i_demux_supported_vs_unsupported/gen_demux.i_w_fifo/status_cnt_q_reg[1]_0
    SLICE_X38Y95         LUT6 (Prop_lut6_I4_O)        0.105     4.094 r  i_kecc_aes_k_axi_top/i_axi2reg/i_axi_to_axi_lite/i_axi_burst_splitter/i_demux_supported_vs_unsupported/gen_demux.i_w_fifo/axi_rsp_o[w_ready]_INST_0_i_6/O
                         net (fo=3, estimated)        0.350     4.444    i_kecc_aes_k_axi_top/i_axi2reg/i_axi_to_axi_lite/i_axi_burst_splitter/i_demux_supported_vs_unsupported/gen_demux.i_w_fifo/axi_rsp_o[w_ready]_INST_0_i_6_n_0
    SLICE_X40Y96         LUT6 (Prop_lut6_I0_O)        0.105     4.549 f  i_kecc_aes_k_axi_top/i_axi2reg/i_axi_to_axi_lite/i_axi_burst_splitter/i_demux_supported_vs_unsupported/gen_demux.i_w_fifo/q[63]_i_27/O
                         net (fo=15, estimated)       0.290     4.839    i_kecc_aes_k_axi_top/i_axi2reg/i_axi_lite_to_reg/i_fifo_write_req/q_reg[0]
    SLICE_X43Y96         LUT5 (Prop_lut5_I0_O)        0.105     4.944 f  i_kecc_aes_k_axi_top/i_axi2reg/i_axi_lite_to_reg/i_fifo_write_req/gen_arbiter.gen_int_rr.rr_q[0]_i_2__0/O
                         net (fo=4, estimated)        0.259     5.203    i_kecc_aes_k_axi_top/i_axi2reg/i_axi_lite_to_reg/i_fifo_read/mem_q_reg[0][error]__0_1
    SLICE_X45Y97         LUT6 (Prop_lut6_I1_O)        0.105     5.308 r  i_kecc_aes_k_axi_top/i_axi2reg/i_axi_lite_to_reg/i_fifo_read/status_cnt_q[1]_i_2__0/O
                         net (fo=43, estimated)       0.404     5.712    i_kecc_aes_k_axi_top/i_axi2reg/i_axi_lite_to_reg/i_fifo_read/write_ready
    SLICE_X45Y99         LUT5 (Prop_lut5_I3_O)        0.105     5.817 r  i_kecc_aes_k_axi_top/i_axi2reg/i_axi_lite_to_reg/i_fifo_read/q[63]_i_16/O
                         net (fo=1, estimated)        0.257     6.074    i_kecc_aes_k_axi_top/i_axi2reg/i_axi_lite_to_reg/i_fifo_read/reg_req_i[addr][0]
    SLICE_X46Y100        LUT6 (Prop_lut6_I5_O)        0.105     6.179 r  i_kecc_aes_k_axi_top/i_axi2reg/i_axi_lite_to_reg/i_fifo_read/q[63]_i_14__0/O
                         net (fo=1, estimated)        0.123     6.302    i_kecc_aes_k_axi_top/i_axi2reg/i_axi_lite_to_reg/i_fifo_read/q[63]_i_14__0_n_0
    SLICE_X46Y100        LUT6 (Prop_lut6_I5_O)        0.105     6.407 r  i_kecc_aes_k_axi_top/i_axi2reg/i_axi_lite_to_reg/i_fifo_read/q[63]_i_9/O
                         net (fo=5, estimated)        0.159     6.566    i_kecc_aes_k_axi_top/i_axi2reg/i_axi_lite_to_reg/i_fifo_read/q[63]_i_9_n_0
    SLICE_X46Y100        LUT2 (Prop_lut2_I1_O)        0.105     6.671 r  i_kecc_aes_k_axi_top/i_axi2reg/i_axi_lite_to_reg/i_fifo_read/q[63]_i_4/O
                         net (fo=19, estimated)       0.698     7.369    i_kecc_aes_k_axi_top/i_axi2reg/i_axi_lite_to_reg/i_fifo_read/q[63]_i_4_n_0
    SLICE_X46Y110        LUT4 (Prop_lut4_I1_O)        0.105     7.474 r  i_kecc_aes_k_axi_top/i_axi2reg/i_axi_lite_to_reg/i_fifo_read/wr_data_i_3__6/O
                         net (fo=35, estimated)       0.550     8.024    i_kecc_aes_k_axi_top/i_axi2reg/i_axi_lite_to_reg/i_fifo_read/read_pointer_q_reg[0]_32
    SLICE_X52Y110        LUT3 (Prop_lut3_I2_O)        0.105     8.129 r  i_kecc_aes_k_axi_top/i_axi2reg/i_axi_lite_to_reg/i_fifo_read/wr_data_i_2__16/O
                         net (fo=65, estimated)       0.487     8.616    i_kecc_aes_k_axi_top/i_axi2reg/i_axi_lite_to_reg/i_fifo_read/wr_data_i_2__16_n_0
    SLICE_X58Y112        LUT6 (Prop_lut6_I3_O)        0.105     8.721 f  i_kecc_aes_k_axi_top/i_axi2reg/i_axi_lite_to_reg/i_fifo_read/mem_q[0][data][28]_i_14/O
                         net (fo=1, estimated)        0.927     9.648    i_kecc_aes_k_axi_top/i_axi2reg/i_axi_lite_to_reg/i_fifo_read/mem_q[0][data][28]_i_14_n_0
    SLICE_X55Y111        LUT3 (Prop_lut3_I0_O)        0.119     9.767 f  i_kecc_aes_k_axi_top/i_axi2reg/i_axi_lite_to_reg/i_fifo_read/mem_q[0][data][28]_i_5/O
                         net (fo=1, estimated)        0.775    10.542    i_kecc_aes_k_axi_top/i_axi2reg/i_axi_lite_to_reg/i_fifo_read/mem_q[0][data][28]_i_5_n_0
    SLICE_X50Y112        LUT6 (Prop_lut6_I3_O)        0.274    10.816 f  i_kecc_aes_k_axi_top/i_axi2reg/i_axi_lite_to_reg/i_fifo_read/mem_q[0][data][28]_i_1/O
                         net (fo=2, estimated)        0.675    11.491    i_kecc_aes_k_axi_top/i_axi2reg/i_axi_lite_to_reg/i_fifo_read_resp/D[28]
    SLICE_X51Y112        FDCE                                         f  i_kecc_aes_k_axi_top/i_axi2reg/i_axi_lite_to_reg/i_fifo_read_resp/mem_q_reg[1][data][28]/D
  -------------------------------------------------------------------    -------------------

                         (clock clk_i rise edge)     10.000    10.000 r  
                                                      0.000    10.000 r  clk_i (IN)
                         net (fo=3368, unset)         0.748    10.748    i_kecc_aes_k_axi_top/i_axi2reg/i_axi_lite_to_reg/i_fifo_read_resp/clk_i
    SLICE_X51Y112        FDCE                                         r  i_kecc_aes_k_axi_top/i_axi2reg/i_axi_lite_to_reg/i_fifo_read_resp/mem_q_reg[1][data][28]/C
                         clock pessimism              0.000    10.748    
                         clock uncertainty           -0.035    10.712    
    SLICE_X51Y112        FDCE (Setup_fdce_C_D)       -0.072    10.640    i_kecc_aes_k_axi_top/i_axi2reg/i_axi_lite_to_reg/i_fifo_read_resp/mem_q_reg[1][data][28]
  -------------------------------------------------------------------
                         required time                         10.640    
                         arrival time                         -11.491    
  -------------------------------------------------------------------
                         slack                                 -0.851    

Slack (VIOLATED) :        -0.851ns  (required time - arrival time)
  Source:                 i_kecc_aes_k_axi_top/i_axi2reg/i_axi_to_axi_lite/i_axi_burst_splitter/i_demux_supported_vs_unsupported/gen_demux.gen_aw_id_counter.i_aw_id_counter/gen_counters[30].mst_select_q_reg[30][0]/C
                            (rising edge-triggered cell FDCE clocked by clk_i  {rise@0.000ns fall@5.000ns period=10.000ns})
  Destination:            i_kecc_aes_k_axi_top/i_axi2reg/i_axi_lite_to_reg/i_fifo_read_resp/mem_q_reg[1][data][28]/D
                            (rising edge-triggered cell FDCE clocked by clk_i  {rise@0.000ns fall@5.000ns period=10.000ns})
  Path Group:             clk_i
  Path Type:              Setup (Max at Slow Process Corner)
  Requirement:            10.000ns  (clk_i rise@10.000ns - clk_i rise@0.000ns)
  Data Path Delay:        10.704ns  (logic 2.716ns (25.374%)  route 7.988ns (74.626%))
  Logic Levels:           18  (LUT2=1 LUT3=2 LUT4=1 LUT5=2 LUT6=10 MUXF7=1 MUXF8=1)
  Clock Path Skew:        -0.039ns (DCD - SCD + CPR)
    Destination Clock Delay (DCD):    0.748ns = ( 10.748 - 10.000 ) 
    Source Clock Delay      (SCD):    0.787ns
    Clock Pessimism Removal (CPR):    0.000ns
  Clock Uncertainty:      0.035ns  ((TSJ^2 + TIJ^2)^1/2 + DJ) / 2 + PE
    Total System Jitter     (TSJ):    0.071ns
    Total Input Jitter      (TIJ):    0.000ns
    Discrete Jitter          (DJ):    0.000ns
    Phase Error              (PE):    0.000ns

    Location             Delay type                Incr(ns)  Path(ns)    Netlist Resource(s)
  -------------------------------------------------------------------    -------------------
                         (clock clk_i rise edge)      0.000     0.000 r  
                                                      0.000     0.000 r  clk_i (IN)
                         net (fo=3368, unset)         0.787     0.787    i_kecc_aes_k_axi_top/i_axi2reg/i_axi_to_axi_lite/i_axi_burst_splitter/i_demux_supported_vs_unsupported/gen_demux.gen_aw_id_counter.i_aw_id_counter/clk_i
    SLICE_X34Y95         FDCE                                         r  i_kecc_aes_k_axi_top/i_axi2reg/i_axi_to_axi_lite/i_axi_burst_splitter/i_demux_supported_vs_unsupported/gen_demux.gen_aw_id_counter.i_aw_id_counter/gen_counters[30].mst_select_q_reg[30][0]/C
  -------------------------------------------------------------------    -------------------
    SLICE_X34Y95         FDCE (Prop_fdce_C_Q)         0.433     1.220 f  i_kecc_aes_k_axi_top/i_axi2reg/i_axi_to_axi_lite/i_axi_burst_splitter/i_demux_supported_vs_unsupported/gen_demux.gen_aw_id_counter.i_aw_id_counter/gen_counters[30].mst_select_q_reg[30][0]/Q
                         net (fo=2, estimated)        0.773     1.993    i_kecc_aes_k_axi_top/i_axi2reg/i_axi_to_axi_lite/i_axi_burst_splitter/i_demux_supported_vs_unsupported/gen_demux.gen_aw_id_counter.i_aw_id_counter/gen_counters[30].mst_select_q_reg[30]_1
    SLICE_X36Y94         LUT6 (Prop_lut6_I1_O)        0.105     2.098 f  i_kecc_aes_k_axi_top/i_axi2reg/i_axi_to_axi_lite/i_axi_burst_splitter/i_demux_supported_vs_unsupported/gen_demux.gen_aw_id_counter.i_aw_id_counter/axi_rsp_o[aw_ready]_INST_0_i_42/O
                         net (fo=1, routed)           0.000     2.098    i_kecc_aes_k_axi_top/i_axi2reg/i_axi_to_axi_lite/i_axi_burst_splitter/i_demux_supported_vs_unsupported/gen_demux.gen_aw_id_counter.i_aw_id_counter/axi_rsp_o[aw_ready]_INST_0_i_42_n_0
    SLICE_X36Y94         MUXF7 (Prop_muxf7_I1_O)      0.182     2.280 f  i_kecc_aes_k_axi_top/i_axi2reg/i_axi_to_axi_lite/i_axi_burst_splitter/i_demux_supported_vs_unsupported/gen_demux.gen_aw_id_counter.i_aw_id_counter/axi_rsp_o[aw_ready]_INST_0_i_32/O
                         net (fo=1, routed)           0.000     2.280    i_kecc_aes_k_axi_top/i_axi2reg/i_axi_to_axi_lite/i_axi_burst_splitter/i_demux_supported_vs_unsupported/gen_demux.gen_aw_id_counter.i_aw_id_counter/axi_rsp_o[aw_ready]_INST_0_i_32_n_0
    SLICE_X36Y94         MUXF8 (Prop_muxf8_I1_O)      0.079     2.359 f  i_kecc_aes_k_axi_top/i_axi2reg/i_axi_to_axi_lite/i_axi_burst_splitter/i_demux_supported_vs_unsupported/gen_demux.gen_aw_id_counter.i_aw_id_counter/axi_rsp_o[aw_ready]_INST_0_i_21/O
                         net (fo=1, estimated)        0.683     3.042    i_kecc_aes_k_axi_top/i_axi2reg/i_axi_to_axi_lite/i_axi_burst_splitter/i_demux_supported_vs_unsupported/gen_demux.gen_aw_id_counter.i_aw_id_counter/gen_counters[3].i_in_flight_cnt/axi_rsp_o[aw_ready]_INST_0_i_6
    SLICE_X34Y95         LUT6 (Prop_lut6_I1_O)        0.264     3.306 r  i_kecc_aes_k_axi_top/i_axi2reg/i_axi_to_axi_lite/i_axi_burst_splitter/i_demux_supported_vs_unsupported/gen_demux.gen_aw_id_counter.i_aw_id_counter/gen_counters[3].i_in_flight_cnt/axi_rsp_o[aw_ready]_INST_0_i_12/O
                         net (fo=2, estimated)        0.247     3.553    i_kecc_aes_k_axi_top/i_axi2reg/i_axi_to_axi_lite/i_axi_burst_splitter/i_demux_supported_vs_unsupported/gen_demux.gen_aw_id_counter.i_aw_id_counter/gen_counters[3].i_in_flight_cnt/axi_req_i[aw][id]_4_sn_1
    SLICE_X36Y95         LUT6 (Prop_lut6_I1_O)        0.105     3.658 r  i_kecc_aes_k_axi_top/i_axi2reg/i_axi_to_axi_lite/i_axi_burst_splitter/i_demux_supported_vs_unsupported/gen_demux.gen_aw_id_counter.i_aw_id_counter/gen_counters[3].i_in_flight_cnt/status_cnt_q[1]_i_2__3/O
                         net (fo=41, estimated)       0.331     3.989    i_kecc_aes_k_axi_top/i_axi2reg/i_axi_to_axi_lite/i_axi_burst_splitter/i_demux_supported_vs_unsupported/gen_demux.i_w_fifo/status_cnt_q_reg[1]_0
    SLICE_X38Y95         LUT6 (Prop_lut6_I4_O)        0.105     4.094 r  i_kecc_aes_k_axi_top/i_axi2reg/i_axi_to_axi_lite/i_axi_burst_splitter/i_demux_supported_vs_unsupported/gen_demux.i_w_fifo/axi_rsp_o[w_ready]_INST_0_i_6/O
                         net (fo=3, estimated)        0.350     4.444    i_kecc_aes_k_axi_top/i_axi2reg/i_axi_to_axi_lite/i_axi_burst_splitter/i_demux_supported_vs_unsupported/gen_demux.i_w_fifo/axi_rsp_o[w_ready]_INST_0_i_6_n_0
    SLICE_X40Y96         LUT6 (Prop_lut6_I0_O)        0.105     4.549 f  i_kecc_aes_k_axi_top/i_axi2reg/i_axi_to_axi_lite/i_axi_burst_splitter/i_demux_supported_vs_unsupported/gen_demux.i_w_fifo/q[63]_i_27/O
                         net (fo=15, estimated)       0.290     4.839    i_kecc_aes_k_axi_top/i_axi2reg/i_axi_lite_to_reg/i_fifo_write_req/q_reg[0]
    SLICE_X43Y96         LUT5 (Prop_lut5_I0_O)        0.105     4.944 f  i_kecc_aes_k_axi_top/i_axi2reg/i_axi_lite_to_reg/i_fifo_write_req/gen_arbiter.gen_int_rr.rr_q[0]_i_2__0/O
                         net (fo=4, estimated)        0.259     5.203    i_kecc_aes_k_axi_top/i_axi2reg/i_axi_lite_to_reg/i_fifo_read/mem_q_reg[0][error]__0_1
    SLICE_X45Y97         LUT6 (Prop_lut6_I1_O)        0.105     5.308 r  i_kecc_aes_k_axi_top/i_axi2reg/i_axi_lite_to_reg/i_fifo_read/status_cnt_q[1]_i_2__0/O
                         net (fo=43, estimated)       0.404     5.712    i_kecc_aes_k_axi_top/i_axi2reg/i_axi_lite_to_reg/i_fifo_read/write_ready
    SLICE_X45Y99         LUT5 (Prop_lut5_I3_O)        0.105     5.817 r  i_kecc_aes_k_axi_top/i_axi2reg/i_axi_lite_to_reg/i_fifo_read/q[63]_i_16/O
                         net (fo=1, estimated)        0.257     6.074    i_kecc_aes_k_axi_top/i_axi2reg/i_axi_lite_to_reg/i_fifo_read/reg_req_i[addr][0]
    SLICE_X46Y100        LUT6 (Prop_lut6_I5_O)        0.105     6.179 r  i_kecc_aes_k_axi_top/i_axi2reg/i_axi_lite_to_reg/i_fifo_read/q[63]_i_14__0/O
                         net (fo=1, estimated)        0.123     6.302    i_kecc_aes_k_axi_top/i_axi2reg/i_axi_lite_to_reg/i_fifo_read/q[63]_i_14__0_n_0
    SLICE_X46Y100        LUT6 (Prop_lut6_I5_O)        0.105     6.407 r  i_kecc_aes_k_axi_top/i_axi2reg/i_axi_lite_to_reg/i_fifo_read/q[63]_i_9/O
                         net (fo=5, estimated)        0.159     6.566    i_kecc_aes_k_axi_top/i_axi2reg/i_axi_lite_to_reg/i_fifo_read/q[63]_i_9_n_0
    SLICE_X46Y100        LUT2 (Prop_lut2_I1_O)        0.105     6.671 r  i_kecc_aes_k_axi_top/i_axi2reg/i_axi_lite_to_reg/i_fifo_read/q[63]_i_4/O
                         net (fo=19, estimated)       0.698     7.369    i_kecc_aes_k_axi_top/i_axi2reg/i_axi_lite_to_reg/i_fifo_read/q[63]_i_4_n_0
    SLICE_X46Y110        LUT4 (Prop_lut4_I1_O)        0.105     7.474 r  i_kecc_aes_k_axi_top/i_axi2reg/i_axi_lite_to_reg/i_fifo_read/wr_data_i_3__6/O
                         net (fo=35, estimated)       0.550     8.024    i_kecc_aes_k_axi_top/i_axi2reg/i_axi_lite_to_reg/i_fifo_read/read_pointer_q_reg[0]_32
    SLICE_X52Y110        LUT3 (Prop_lut3_I2_O)        0.105     8.129 r  i_kecc_aes_k_axi_top/i_axi2reg/i_axi_lite_to_reg/i_fifo_read/wr_data_i_2__16/O
                         net (fo=65, estimated)       0.487     8.616    i_kecc_aes_k_axi_top/i_axi2reg/i_axi_lite_to_reg/i_fifo_read/wr_data_i_2__16_n_0
    SLICE_X58Y112        LUT6 (Prop_lut6_I3_O)        0.105     8.721 f  i_kecc_aes_k_axi_top/i_axi2reg/i_axi_lite_to_reg/i_fifo_read/mem_q[0][data][28]_i_14/O
                         net (fo=1, estimated)        0.927     9.648    i_kecc_aes_k_axi_top/i_axi2reg/i_axi_lite_to_reg/i_fifo_read/mem_q[0][data][28]_i_14_n_0
    SLICE_X55Y111        LUT3 (Prop_lut3_I0_O)        0.119     9.767 f  i_kecc_aes_k_axi_top/i_axi2reg/i_axi_lite_to_reg/i_fifo_read/mem_q[0][data][28]_i_5/O
                         net (fo=1, estimated)        0.775    10.542    i_kecc_aes_k_axi_top/i_axi2reg/i_axi_lite_to_reg/i_fifo_read/mem_q[0][data][28]_i_5_n_0
    SLICE_X50Y112        LUT6 (Prop_lut6_I3_O)        0.274    10.816 f  i_kecc_aes_k_axi_top/i_axi2reg/i_axi_lite_to_reg/i_fifo_read/mem_q[0][data][28]_i_1/O
                         net (fo=2, estimated)        0.675    11.491    i_kecc_aes_k_axi_top/i_axi2reg/i_axi_lite_to_reg/i_fifo_read_resp/D[28]
    SLICE_X51Y112        FDCE                                         f  i_kecc_aes_k_axi_top/i_axi2reg/i_axi_lite_to_reg/i_fifo_read_resp/mem_q_reg[1][data][28]/D
  -------------------------------------------------------------------    -------------------

                         (clock clk_i rise edge)     10.000    10.000 r  
                                                      0.000    10.000 r  clk_i (IN)
                         net (fo=3368, unset)         0.748    10.748    i_kecc_aes_k_axi_top/i_axi2reg/i_axi_lite_to_reg/i_fifo_read_resp/clk_i
    SLICE_X51Y112        FDCE                                         r  i_kecc_aes_k_axi_top/i_axi2reg/i_axi_lite_to_reg/i_fifo_read_resp/mem_q_reg[1][data][28]/C
                         clock pessimism              0.000    10.748    
                         clock uncertainty           -0.035    10.712    
    SLICE_X51Y112        FDCE (Setup_fdce_C_D)       -0.072    10.640    i_kecc_aes_k_axi_top/i_axi2reg/i_axi_lite_to_reg/i_fifo_read_resp/mem_q_reg[1][data][28]
  -------------------------------------------------------------------
                         required time                         10.640    
                         arrival time                         -11.491    
  -------------------------------------------------------------------
                         slack                                 -0.851    

Slack (VIOLATED) :        -0.851ns  (required time - arrival time)
  Source:                 i_kecc_aes_k_axi_top/i_axi2reg/i_axi_to_axi_lite/i_axi_burst_splitter/i_demux_supported_vs_unsupported/gen_demux.gen_aw_id_counter.i_aw_id_counter/gen_counters[30].mst_select_q_reg[30][0]/C
                            (rising edge-triggered cell FDCE clocked by clk_i  {rise@0.000ns fall@5.000ns period=10.000ns})
  Destination:            i_kecc_aes_k_axi_top/i_axi2reg/i_axi_lite_to_reg/i_fifo_read_resp/mem_q_reg[1][data][28]/D
                            (rising edge-triggered cell FDCE clocked by clk_i  {rise@0.000ns fall@5.000ns period=10.000ns})
  Path Group:             clk_i
  Path Type:              Setup (Max at Slow Process Corner)
  Requirement:            10.000ns  (clk_i rise@10.000ns - clk_i rise@0.000ns)
  Data Path Delay:        10.704ns  (logic 2.716ns (25.374%)  route 7.988ns (74.626%))
  Logic Levels:           18  (LUT2=1 LUT3=2 LUT4=1 LUT5=2 LUT6=10 MUXF7=1 MUXF8=1)
  Clock Path Skew:        -0.039ns (DCD - SCD + CPR)
    Destination Clock Delay (DCD):    0.748ns = ( 10.748 - 10.000 ) 
    Source Clock Delay      (SCD):    0.787ns
    Clock Pessimism Removal (CPR):    0.000ns
  Clock Uncertainty:      0.035ns  ((TSJ^2 + TIJ^2)^1/2 + DJ) / 2 + PE
    Total System Jitter     (TSJ):    0.071ns
    Total Input Jitter      (TIJ):    0.000ns
    Discrete Jitter          (DJ):    0.000ns
    Phase Error              (PE):    0.000ns

    Location             Delay type                Incr(ns)  Path(ns)    Netlist Resource(s)
  -------------------------------------------------------------------    -------------------
                         (clock clk_i rise edge)      0.000     0.000 r  
                                                      0.000     0.000 r  clk_i (IN)
                         net (fo=3368, unset)         0.787     0.787    i_kecc_aes_k_axi_top/i_axi2reg/i_axi_to_axi_lite/i_axi_burst_splitter/i_demux_supported_vs_unsupported/gen_demux.gen_aw_id_counter.i_aw_id_counter/clk_i
    SLICE_X34Y95         FDCE                                         r  i_kecc_aes_k_axi_top/i_axi2reg/i_axi_to_axi_lite/i_axi_burst_splitter/i_demux_supported_vs_unsupported/gen_demux.gen_aw_id_counter.i_aw_id_counter/gen_counters[30].mst_select_q_reg[30][0]/C
  -------------------------------------------------------------------    -------------------
    SLICE_X34Y95         FDCE (Prop_fdce_C_Q)         0.433     1.220 r  i_kecc_aes_k_axi_top/i_axi2reg/i_axi_to_axi_lite/i_axi_burst_splitter/i_demux_supported_vs_unsupported/gen_demux.gen_aw_id_counter.i_aw_id_counter/gen_counters[30].mst_select_q_reg[30][0]/Q
                         net (fo=2, estimated)        0.773     1.993    i_kecc_aes_k_axi_top/i_axi2reg/i_axi_to_axi_lite/i_axi_burst_splitter/i_demux_supported_vs_unsupported/gen_demux.gen_aw_id_counter.i_aw_id_counter/gen_counters[30].mst_select_q_reg[30]_1
    SLICE_X36Y94         LUT6 (Prop_lut6_I1_O)        0.105     2.098 r  i_kecc_aes_k_axi_top/i_axi2reg/i_axi_to_axi_lite/i_axi_burst_splitter/i_demux_supported_vs_unsupported/gen_demux.gen_aw_id_counter.i_aw_id_counter/axi_rsp_o[aw_ready]_INST_0_i_42/O
                         net (fo=1, routed)           0.000     2.098    i_kecc_aes_k_axi_top/i_axi2reg/i_axi_to_axi_lite/i_axi_burst_splitter/i_demux_supported_vs_unsupported/gen_demux.gen_aw_id_counter.i_aw_id_counter/axi_rsp_o[aw_ready]_INST_0_i_42_n_0
    SLICE_X36Y94         MUXF7 (Prop_muxf7_I1_O)      0.182     2.280 r  i_kecc_aes_k_axi_top/i_axi2reg/i_axi_to_axi_lite/i_axi_burst_splitter/i_demux_supported_vs_unsupported/gen_demux.gen_aw_id_counter.i_aw_id_counter/axi_rsp_o[aw_ready]_INST_0_i_32/O
                         net (fo=1, routed)           0.000     2.280    i_kecc_aes_k_axi_top/i_axi2reg/i_axi_to_axi_lite/i_axi_burst_splitter/i_demux_supported_vs_unsupported/gen_demux.gen_aw_id_counter.i_aw_id_counter/axi_rsp_o[aw_ready]_INST_0_i_32_n_0
    SLICE_X36Y94         MUXF8 (Prop_muxf8_I1_O)      0.079     2.359 r  i_kecc_aes_k_axi_top/i_axi2reg/i_axi_to_axi_lite/i_axi_burst_splitter/i_demux_supported_vs_unsupported/gen_demux.gen_aw_id_counter.i_aw_id_counter/axi_rsp_o[aw_ready]_INST_0_i_21/O
                         net (fo=1, estimated)        0.683     3.042    i_kecc_aes_k_axi_top/i_axi2reg/i_axi_to_axi_lite/i_axi_burst_splitter/i_demux_supported_vs_unsupported/gen_demux.gen_aw_id_counter.i_aw_id_counter/gen_counters[3].i_in_flight_cnt/axi_rsp_o[aw_ready]_INST_0_i_6
    SLICE_X34Y95         LUT6 (Prop_lut6_I1_O)        0.264     3.306 f  i_kecc_aes_k_axi_top/i_axi2reg/i_axi_to_axi_lite/i_axi_burst_splitter/i_demux_supported_vs_unsupported/gen_demux.gen_aw_id_counter.i_aw_id_counter/gen_counters[3].i_in_flight_cnt/axi_rsp_o[aw_ready]_INST_0_i_12/O
                         net (fo=2, estimated)        0.247     3.553    i_kecc_aes_k_axi_top/i_axi2reg/i_axi_to_axi_lite/i_axi_burst_splitter/i_demux_supported_vs_unsupported/gen_demux.gen_aw_id_counter.i_aw_id_counter/gen_counters[3].i_in_flight_cnt/axi_req_i[aw][id]_4_sn_1
    SLICE_X36Y95         LUT6 (Prop_lut6_I1_O)        0.105     3.658 f  i_kecc_aes_k_axi_top/i_axi2reg/i_axi_to_axi_lite/i_axi_burst_splitter/i_demux_supported_vs_unsupported/gen_demux.gen_aw_id_counter.i_aw_id_counter/gen_counters[3].i_in_flight_cnt/status_cnt_q[1]_i_2__3/O
                         net (fo=41, estimated)       0.331     3.989    i_kecc_aes_k_axi_top/i_axi2reg/i_axi_to_axi_lite/i_axi_burst_splitter/i_demux_supported_vs_unsupported/gen_demux.i_w_fifo/status_cnt_q_reg[1]_0
    SLICE_X38Y95         LUT6 (Prop_lut6_I4_O)        0.105     4.094 f  i_kecc_aes_k_axi_top/i_axi2reg/i_axi_to_axi_lite/i_axi_burst_splitter/i_demux_supported_vs_unsupported/gen_demux.i_w_fifo/axi_rsp_o[w_ready]_INST_0_i_6/O
                         net (fo=3, estimated)        0.350     4.444    i_kecc_aes_k_axi_top/i_axi2reg/i_axi_to_axi_lite/i_axi_burst_splitter/i_demux_supported_vs_unsupported/gen_demux.i_w_fifo/axi_rsp_o[w_ready]_INST_0_i_6_n_0
    SLICE_X40Y96         LUT6 (Prop_lut6_I0_O)        0.105     4.549 r  i_kecc_aes_k_axi_top/i_axi2reg/i_axi_to_axi_lite/i_axi_burst_splitter/i_demux_supported_vs_unsupported/gen_demux.i_w_fifo/q[63]_i_27/O
                         net (fo=15, estimated)       0.290     4.839    i_kecc_aes_k_axi_top/i_axi2reg/i_axi_lite_to_reg/i_fifo_write_req/q_reg[0]
    SLICE_X43Y96         LUT5 (Prop_lut5_I0_O)        0.105     4.944 r  i_kecc_aes_k_axi_top/i_axi2reg/i_axi_lite_to_reg/i_fifo_write_req/gen_arbiter.gen_int_rr.rr_q[0]_i_2__0/O
                         net (fo=4, estimated)        0.259     5.203    i_kecc_aes_k_axi_top/i_axi2reg/i_axi_lite_to_reg/i_fifo_read/mem_q_reg[0][error]__0_1
    SLICE_X45Y97         LUT6 (Prop_lut6_I1_O)        0.105     5.308 f  i_kecc_aes_k_axi_top/i_axi2reg/i_axi_lite_to_reg/i_fifo_read/status_cnt_q[1]_i_2__0/O
                         net (fo=43, estimated)       0.404     5.712    i_kecc_aes_k_axi_top/i_axi2reg/i_axi_lite_to_reg/i_fifo_read/write_ready
    SLICE_X45Y99         LUT5 (Prop_lut5_I3_O)        0.105     5.817 r  i_kecc_aes_k_axi_top/i_axi2reg/i_axi_lite_to_reg/i_fifo_read/q[63]_i_16/O
                         net (fo=1, estimated)        0.257     6.074    i_kecc_aes_k_axi_top/i_axi2reg/i_axi_lite_to_reg/i_fifo_read/reg_req_i[addr][0]
    SLICE_X46Y100        LUT6 (Prop_lut6_I5_O)        0.105     6.179 r  i_kecc_aes_k_axi_top/i_axi2reg/i_axi_lite_to_reg/i_fifo_read/q[63]_i_14__0/O
                         net (fo=1, estimated)        0.123     6.302    i_kecc_aes_k_axi_top/i_axi2reg/i_axi_lite_to_reg/i_fifo_read/q[63]_i_14__0_n_0
    SLICE_X46Y100        LUT6 (Prop_lut6_I5_O)        0.105     6.407 r  i_kecc_aes_k_axi_top/i_axi2reg/i_axi_lite_to_reg/i_fifo_read/q[63]_i_9/O
                         net (fo=5, estimated)        0.159     6.566    i_kecc_aes_k_axi_top/i_axi2reg/i_axi_lite_to_reg/i_fifo_read/q[63]_i_9_n_0
    SLICE_X46Y100        LUT2 (Prop_lut2_I1_O)        0.105     6.671 r  i_kecc_aes_k_axi_top/i_axi2reg/i_axi_lite_to_reg/i_fifo_read/q[63]_i_4/O
                         net (fo=19, estimated)       0.698     7.369    i_kecc_aes_k_axi_top/i_axi2reg/i_axi_lite_to_reg/i_fifo_read/q[63]_i_4_n_0
    SLICE_X46Y110        LUT4 (Prop_lut4_I1_O)        0.105     7.474 r  i_kecc_aes_k_axi_top/i_axi2reg/i_axi_lite_to_reg/i_fifo_read/wr_data_i_3__6/O
                         net (fo=35, estimated)       0.550     8.024    i_kecc_aes_k_axi_top/i_axi2reg/i_axi_lite_to_reg/i_fifo_read/read_pointer_q_reg[0]_32
    SLICE_X52Y110        LUT3 (Prop_lut3_I2_O)        0.105     8.129 r  i_kecc_aes_k_axi_top/i_axi2reg/i_axi_lite_to_reg/i_fifo_read/wr_data_i_2__16/O
                         net (fo=65, estimated)       0.487     8.616    i_kecc_aes_k_axi_top/i_axi2reg/i_axi_lite_to_reg/i_fifo_read/wr_data_i_2__16_n_0
    SLICE_X58Y112        LUT6 (Prop_lut6_I3_O)        0.105     8.721 f  i_kecc_aes_k_axi_top/i_axi2reg/i_axi_lite_to_reg/i_fifo_read/mem_q[0][data][28]_i_14/O
                         net (fo=1, estimated)        0.927     9.648    i_kecc_aes_k_axi_top/i_axi2reg/i_axi_lite_to_reg/i_fifo_read/mem_q[0][data][28]_i_14_n_0
    SLICE_X55Y111        LUT3 (Prop_lut3_I0_O)        0.119     9.767 f  i_kecc_aes_k_axi_top/i_axi2reg/i_axi_lite_to_reg/i_fifo_read/mem_q[0][data][28]_i_5/O
                         net (fo=1, estimated)        0.775    10.542    i_kecc_aes_k_axi_top/i_axi2reg/i_axi_lite_to_reg/i_fifo_read/mem_q[0][data][28]_i_5_n_0
    SLICE_X50Y112        LUT6 (Prop_lut6_I3_O)        0.274    10.816 f  i_kecc_aes_k_axi_top/i_axi2reg/i_axi_lite_to_reg/i_fifo_read/mem_q[0][data][28]_i_1/O
                         net (fo=2, estimated)        0.675    11.491    i_kecc_aes_k_axi_top/i_axi2reg/i_axi_lite_to_reg/i_fifo_read_resp/D[28]
    SLICE_X51Y112        FDCE                                         f  i_kecc_aes_k_axi_top/i_axi2reg/i_axi_lite_to_reg/i_fifo_read_resp/mem_q_reg[1][data][28]/D
  -------------------------------------------------------------------    -------------------

                         (clock clk_i rise edge)     10.000    10.000 r  
                                                      0.000    10.000 r  clk_i (IN)
                         net (fo=3368, unset)         0.748    10.748    i_kecc_aes_k_axi_top/i_axi2reg/i_axi_lite_to_reg/i_fifo_read_resp/clk_i
    SLICE_X51Y112        FDCE                                         r  i_kecc_aes_k_axi_top/i_axi2reg/i_axi_lite_to_reg/i_fifo_read_resp/mem_q_reg[1][data][28]/C
                         clock pessimism              0.000    10.748    
                         clock uncertainty           -0.035    10.712    
    SLICE_X51Y112        FDCE (Setup_fdce_C_D)       -0.072    10.640    i_kecc_aes_k_axi_top/i_axi2reg/i_axi_lite_to_reg/i_fifo_read_resp/mem_q_reg[1][data][28]
  -------------------------------------------------------------------
                         required time                         10.640    
                         arrival time                         -11.491    
  -------------------------------------------------------------------
                         slack                                 -0.851    

Slack (VIOLATED) :        -0.851ns  (required time - arrival time)
  Source:                 i_kecc_aes_k_axi_top/i_axi2reg/i_axi_to_axi_lite/i_axi_burst_splitter/i_demux_supported_vs_unsupported/gen_demux.gen_aw_id_counter.i_aw_id_counter/gen_counters[30].mst_select_q_reg[30][0]/C
                            (rising edge-triggered cell FDCE clocked by clk_i  {rise@0.000ns fall@5.000ns period=10.000ns})
  Destination:            i_kecc_aes_k_axi_top/i_axi2reg/i_axi_lite_to_reg/i_fifo_read_resp/mem_q_reg[1][data][28]/D
                            (rising edge-triggered cell FDCE clocked by clk_i  {rise@0.000ns fall@5.000ns period=10.000ns})
  Path Group:             clk_i
  Path Type:              Setup (Max at Slow Process Corner)
  Requirement:            10.000ns  (clk_i rise@10.000ns - clk_i rise@0.000ns)
  Data Path Delay:        10.704ns  (logic 2.716ns (25.374%)  route 7.988ns (74.626%))
  Logic Levels:           18  (LUT2=1 LUT3=2 LUT4=1 LUT5=2 LUT6=10 MUXF7=1 MUXF8=1)
  Clock Path Skew:        -0.039ns (DCD - SCD + CPR)
    Destination Clock Delay (DCD):    0.748ns = ( 10.748 - 10.000 ) 
    Source Clock Delay      (SCD):    0.787ns
    Clock Pessimism Removal (CPR):    0.000ns
  Clock Uncertainty:      0.035ns  ((TSJ^2 + TIJ^2)^1/2 + DJ) / 2 + PE
    Total System Jitter     (TSJ):    0.071ns
    Total Input Jitter      (TIJ):    0.000ns
    Discrete Jitter          (DJ):    0.000ns
    Phase Error              (PE):    0.000ns

    Location             Delay type                Incr(ns)  Path(ns)    Netlist Resource(s)
  -------------------------------------------------------------------    -------------------
                         (clock clk_i rise edge)      0.000     0.000 r  
                                                      0.000     0.000 r  clk_i (IN)
                         net (fo=3368, unset)         0.787     0.787    i_kecc_aes_k_axi_top/i_axi2reg/i_axi_to_axi_lite/i_axi_burst_splitter/i_demux_supported_vs_unsupported/gen_demux.gen_aw_id_counter.i_aw_id_counter/clk_i
    SLICE_X34Y95         FDCE                                         r  i_kecc_aes_k_axi_top/i_axi2reg/i_axi_to_axi_lite/i_axi_burst_splitter/i_demux_supported_vs_unsupported/gen_demux.gen_aw_id_counter.i_aw_id_counter/gen_counters[30].mst_select_q_reg[30][0]/C
  -------------------------------------------------------------------    -------------------
    SLICE_X34Y95         FDCE (Prop_fdce_C_Q)         0.433     1.220 f  i_kecc_aes_k_axi_top/i_axi2reg/i_axi_to_axi_lite/i_axi_burst_splitter/i_demux_supported_vs_unsupported/gen_demux.gen_aw_id_counter.i_aw_id_counter/gen_counters[30].mst_select_q_reg[30][0]/Q
                         net (fo=2, estimated)        0.773     1.993    i_kecc_aes_k_axi_top/i_axi2reg/i_axi_to_axi_lite/i_axi_burst_splitter/i_demux_supported_vs_unsupported/gen_demux.gen_aw_id_counter.i_aw_id_counter/gen_counters[30].mst_select_q_reg[30]_1
    SLICE_X36Y94         LUT6 (Prop_lut6_I1_O)        0.105     2.098 f  i_kecc_aes_k_axi_top/i_axi2reg/i_axi_to_axi_lite/i_axi_burst_splitter/i_demux_supported_vs_unsupported/gen_demux.gen_aw_id_counter.i_aw_id_counter/axi_rsp_o[aw_ready]_INST_0_i_42/O
                         net (fo=1, routed)           0.000     2.098    i_kecc_aes_k_axi_top/i_axi2reg/i_axi_to_axi_lite/i_axi_burst_splitter/i_demux_supported_vs_unsupported/gen_demux.gen_aw_id_counter.i_aw_id_counter/axi_rsp_o[aw_ready]_INST_0_i_42_n_0
    SLICE_X36Y94         MUXF7 (Prop_muxf7_I1_O)      0.182     2.280 f  i_kecc_aes_k_axi_top/i_axi2reg/i_axi_to_axi_lite/i_axi_burst_splitter/i_demux_supported_vs_unsupported/gen_demux.gen_aw_id_counter.i_aw_id_counter/axi_rsp_o[aw_ready]_INST_0_i_32/O
                         net (fo=1, routed)           0.000     2.280    i_kecc_aes_k_axi_top/i_axi2reg/i_axi_to_axi_lite/i_axi_burst_splitter/i_demux_supported_vs_unsupported/gen_demux.gen_aw_id_counter.i_aw_id_counter/axi_rsp_o[aw_ready]_INST_0_i_32_n_0
    SLICE_X36Y94         MUXF8 (Prop_muxf8_I1_O)      0.079     2.359 f  i_kecc_aes_k_axi_top/i_axi2reg/i_axi_to_axi_lite/i_axi_burst_splitter/i_demux_supported_vs_unsupported/gen_demux.gen_aw_id_counter.i_aw_id_counter/axi_rsp_o[aw_ready]_INST_0_i_21/O
                         net (fo=1, estimated)        0.683     3.042    i_kecc_aes_k_axi_top/i_axi2reg/i_axi_to_axi_lite/i_axi_burst_splitter/i_demux_supported_vs_unsupported/gen_demux.gen_aw_id_counter.i_aw_id_counter/gen_counters[3].i_in_flight_cnt/axi_rsp_o[aw_ready]_INST_0_i_6
    SLICE_X34Y95         LUT6 (Prop_lut6_I1_O)        0.264     3.306 f  i_kecc_aes_k_axi_top/i_axi2reg/i_axi_to_axi_lite/i_axi_burst_splitter/i_demux_supported_vs_unsupported/gen_demux.gen_aw_id_counter.i_aw_id_counter/gen_counters[3].i_in_flight_cnt/axi_rsp_o[aw_ready]_INST_0_i_12/O
                         net (fo=2, estimated)        0.247     3.553    i_kecc_aes_k_axi_top/i_axi2reg/i_axi_to_axi_lite/i_axi_burst_splitter/i_demux_supported_vs_unsupported/gen_demux.gen_aw_id_counter.i_aw_id_counter/gen_counters[3].i_in_flight_cnt/axi_req_i[aw][id]_4_sn_1
    SLICE_X36Y95         LUT6 (Prop_lut6_I1_O)        0.105     3.658 f  i_kecc_aes_k_axi_top/i_axi2reg/i_axi_to_axi_lite/i_axi_burst_splitter/i_demux_supported_vs_unsupported/gen_demux.gen_aw_id_counter.i_aw_id_counter/gen_counters[3].i_in_flight_cnt/status_cnt_q[1]_i_2__3/O
                         net (fo=41, estimated)       0.331     3.989    i_kecc_aes_k_axi_top/i_axi2reg/i_axi_to_axi_lite/i_axi_burst_splitter/i_demux_supported_vs_unsupported/gen_demux.i_w_fifo/status_cnt_q_reg[1]_0
    SLICE_X38Y95         LUT6 (Prop_lut6_I4_O)        0.105     4.094 f  i_kecc_aes_k_axi_top/i_axi2reg/i_axi_to_axi_lite/i_axi_burst_splitter/i_demux_supported_vs_unsupported/gen_demux.i_w_fifo/axi_rsp_o[w_ready]_INST_0_i_6/O
                         net (fo=3, estimated)        0.350     4.444    i_kecc_aes_k_axi_top/i_axi2reg/i_axi_to_axi_lite/i_axi_burst_splitter/i_demux_supported_vs_unsupported/gen_demux.i_w_fifo/axi_rsp_o[w_ready]_INST_0_i_6_n_0
    SLICE_X40Y96         LUT6 (Prop_lut6_I0_O)        0.105     4.549 r  i_kecc_aes_k_axi_top/i_axi2reg/i_axi_to_axi_lite/i_axi_burst_splitter/i_demux_supported_vs_unsupported/gen_demux.i_w_fifo/q[63]_i_27/O
                         net (fo=15, estimated)       0.290     4.839    i_kecc_aes_k_axi_top/i_axi2reg/i_axi_lite_to_reg/i_fifo_write_req/q_reg[0]
    SLICE_X43Y96         LUT5 (Prop_lut5_I0_O)        0.105     4.944 r  i_kecc_aes_k_axi_top/i_axi2reg/i_axi_lite_to_reg/i_fifo_write_req/gen_arbiter.gen_int_rr.rr_q[0]_i_2__0/O
                         net (fo=4, estimated)        0.259     5.203    i_kecc_aes_k_axi_top/i_axi2reg/i_axi_lite_to_reg/i_fifo_read/mem_q_reg[0][error]__0_1
    SLICE_X45Y97         LUT6 (Prop_lut6_I1_O)        0.105     5.308 f  i_kecc_aes_k_axi_top/i_axi2reg/i_axi_lite_to_reg/i_fifo_read/status_cnt_q[1]_i_2__0/O
                         net (fo=43, estimated)       0.404     5.712    i_kecc_aes_k_axi_top/i_axi2reg/i_axi_lite_to_reg/i_fifo_read/write_ready
    SLICE_X45Y99         LUT5 (Prop_lut5_I3_O)        0.105     5.817 r  i_kecc_aes_k_axi_top/i_axi2reg/i_axi_lite_to_reg/i_fifo_read/q[63]_i_16/O
                         net (fo=1, estimated)        0.257     6.074    i_kecc_aes_k_axi_top/i_axi2reg/i_axi_lite_to_reg/i_fifo_read/reg_req_i[addr][0]
    SLICE_X46Y100        LUT6 (Prop_lut6_I5_O)        0.105     6.179 r  i_kecc_aes_k_axi_top/i_axi2reg/i_axi_lite_to_reg/i_fifo_read/q[63]_i_14__0/O
                         net (fo=1, estimated)        0.123     6.302    i_kecc_aes_k_axi_top/i_axi2reg/i_axi_lite_to_reg/i_fifo_read/q[63]_i_14__0_n_0
    SLICE_X46Y100        LUT6 (Prop_lut6_I5_O)        0.105     6.407 r  i_kecc_aes_k_axi_top/i_axi2reg/i_axi_lite_to_reg/i_fifo_read/q[63]_i_9/O
                         net (fo=5, estimated)        0.159     6.566    i_kecc_aes_k_axi_top/i_axi2reg/i_axi_lite_to_reg/i_fifo_read/q[63]_i_9_n_0
    SLICE_X46Y100        LUT2 (Prop_lut2_I1_O)        0.105     6.671 r  i_kecc_aes_k_axi_top/i_axi2reg/i_axi_lite_to_reg/i_fifo_read/q[63]_i_4/O
                         net (fo=19, estimated)       0.698     7.369    i_kecc_aes_k_axi_top/i_axi2reg/i_axi_lite_to_reg/i_fifo_read/q[63]_i_4_n_0
    SLICE_X46Y110        LUT4 (Prop_lut4_I1_O)        0.105     7.474 r  i_kecc_aes_k_axi_top/i_axi2reg/i_axi_lite_to_reg/i_fifo_read/wr_data_i_3__6/O
                         net (fo=35, estimated)       0.550     8.024    i_kecc_aes_k_axi_top/i_axi2reg/i_axi_lite_to_reg/i_fifo_read/read_pointer_q_reg[0]_32
    SLICE_X52Y110        LUT3 (Prop_lut3_I2_O)        0.105     8.129 r  i_kecc_aes_k_axi_top/i_axi2reg/i_axi_lite_to_reg/i_fifo_read/wr_data_i_2__16/O
                         net (fo=65, estimated)       0.487     8.616    i_kecc_aes_k_axi_top/i_axi2reg/i_axi_lite_to_reg/i_fifo_read/wr_data_i_2__16_n_0
    SLICE_X58Y112        LUT6 (Prop_lut6_I3_O)        0.105     8.721 f  i_kecc_aes_k_axi_top/i_axi2reg/i_axi_lite_to_reg/i_fifo_read/mem_q[0][data][28]_i_14/O
                         net (fo=1, estimated)        0.927     9.648    i_kecc_aes_k_axi_top/i_axi2reg/i_axi_lite_to_reg/i_fifo_read/mem_q[0][data][28]_i_14_n_0
    SLICE_X55Y111        LUT3 (Prop_lut3_I0_O)        0.119     9.767 f  i_kecc_aes_k_axi_top/i_axi2reg/i_axi_lite_to_reg/i_fifo_read/mem_q[0][data][28]_i_5/O
                         net (fo=1, estimated)        0.775    10.542    i_kecc_aes_k_axi_top/i_axi2reg/i_axi_lite_to_reg/i_fifo_read/mem_q[0][data][28]_i_5_n_0
    SLICE_X50Y112        LUT6 (Prop_lut6_I3_O)        0.274    10.816 f  i_kecc_aes_k_axi_top/i_axi2reg/i_axi_lite_to_reg/i_fifo_read/mem_q[0][data][28]_i_1/O
                         net (fo=2, estimated)        0.675    11.491    i_kecc_aes_k_axi_top/i_axi2reg/i_axi_lite_to_reg/i_fifo_read_resp/D[28]
    SLICE_X51Y112        FDCE                                         f  i_kecc_aes_k_axi_top/i_axi2reg/i_axi_lite_to_reg/i_fifo_read_resp/mem_q_reg[1][data][28]/D
  -------------------------------------------------------------------    -------------------

                         (clock clk_i rise edge)     10.000    10.000 r  
                                                      0.000    10.000 r  clk_i (IN)
                         net (fo=3368, unset)         0.748    10.748    i_kecc_aes_k_axi_top/i_axi2reg/i_axi_lite_to_reg/i_fifo_read_resp/clk_i
    SLICE_X51Y112        FDCE                                         r  i_kecc_aes_k_axi_top/i_axi2reg/i_axi_lite_to_reg/i_fifo_read_resp/mem_q_reg[1][data][28]/C
                         clock pessimism              0.000    10.748    
                         clock uncertainty           -0.035    10.712    
    SLICE_X51Y112        FDCE (Setup_fdce_C_D)       -0.072    10.640    i_kecc_aes_k_axi_top/i_axi2reg/i_axi_lite_to_reg/i_fifo_read_resp/mem_q_reg[1][data][28]
  -------------------------------------------------------------------
                         required time                         10.640    
                         arrival time                         -11.491    
  -------------------------------------------------------------------
                         slack                                 -0.851    

Slack (VIOLATED) :        -0.851ns  (required time - arrival time)
  Source:                 i_kecc_aes_k_axi_top/i_axi2reg/i_axi_to_axi_lite/i_axi_burst_splitter/i_demux_supported_vs_unsupported/gen_demux.gen_aw_id_counter.i_aw_id_counter/gen_counters[30].mst_select_q_reg[30][0]/C
                            (rising edge-triggered cell FDCE clocked by clk_i  {rise@0.000ns fall@5.000ns period=10.000ns})
  Destination:            i_kecc_aes_k_axi_top/i_axi2reg/i_axi_lite_to_reg/i_fifo_read_resp/mem_q_reg[1][data][28]/D
                            (rising edge-triggered cell FDCE clocked by clk_i  {rise@0.000ns fall@5.000ns period=10.000ns})
  Path Group:             clk_i
  Path Type:              Setup (Max at Slow Process Corner)
  Requirement:            10.000ns  (clk_i rise@10.000ns - clk_i rise@0.000ns)
  Data Path Delay:        10.704ns  (logic 2.716ns (25.374%)  route 7.988ns (74.626%))
  Logic Levels:           18  (LUT2=1 LUT3=2 LUT4=1 LUT5=2 LUT6=10 MUXF7=1 MUXF8=1)
  Clock Path Skew:        -0.039ns (DCD - SCD + CPR)
    Destination Clock Delay (DCD):    0.748ns = ( 10.748 - 10.000 ) 
    Source Clock Delay      (SCD):    0.787ns
    Clock Pessimism Removal (CPR):    0.000ns
  Clock Uncertainty:      0.035ns  ((TSJ^2 + TIJ^2)^1/2 + DJ) / 2 + PE
    Total System Jitter     (TSJ):    0.071ns
    Total Input Jitter      (TIJ):    0.000ns
    Discrete Jitter          (DJ):    0.000ns
    Phase Error              (PE):    0.000ns

    Location             Delay type                Incr(ns)  Path(ns)    Netlist Resource(s)
  -------------------------------------------------------------------    -------------------
                         (clock clk_i rise edge)      0.000     0.000 r  
                                                      0.000     0.000 r  clk_i (IN)
                         net (fo=3368, unset)         0.787     0.787    i_kecc_aes_k_axi_top/i_axi2reg/i_axi_to_axi_lite/i_axi_burst_splitter/i_demux_supported_vs_unsupported/gen_demux.gen_aw_id_counter.i_aw_id_counter/clk_i
    SLICE_X34Y95         FDCE                                         r  i_kecc_aes_k_axi_top/i_axi2reg/i_axi_to_axi_lite/i_axi_burst_splitter/i_demux_supported_vs_unsupported/gen_demux.gen_aw_id_counter.i_aw_id_counter/gen_counters[30].mst_select_q_reg[30][0]/C
  -------------------------------------------------------------------    -------------------
    SLICE_X34Y95         FDCE (Prop_fdce_C_Q)         0.433     1.220 r  i_kecc_aes_k_axi_top/i_axi2reg/i_axi_to_axi_lite/i_axi_burst_splitter/i_demux_supported_vs_unsupported/gen_demux.gen_aw_id_counter.i_aw_id_counter/gen_counters[30].mst_select_q_reg[30][0]/Q
                         net (fo=2, estimated)        0.773     1.993    i_kecc_aes_k_axi_top/i_axi2reg/i_axi_to_axi_lite/i_axi_burst_splitter/i_demux_supported_vs_unsupported/gen_demux.gen_aw_id_counter.i_aw_id_counter/gen_counters[30].mst_select_q_reg[30]_1
    SLICE_X36Y94         LUT6 (Prop_lut6_I1_O)        0.105     2.098 r  i_kecc_aes_k_axi_top/i_axi2reg/i_axi_to_axi_lite/i_axi_burst_splitter/i_demux_supported_vs_unsupported/gen_demux.gen_aw_id_counter.i_aw_id_counter/axi_rsp_o[aw_ready]_INST_0_i_42/O
                         net (fo=1, routed)           0.000     2.098    i_kecc_aes_k_axi_top/i_axi2reg/i_axi_to_axi_lite/i_axi_burst_splitter/i_demux_supported_vs_unsupported/gen_demux.gen_aw_id_counter.i_aw_id_counter/axi_rsp_o[aw_ready]_INST_0_i_42_n_0
    SLICE_X36Y94         MUXF7 (Prop_muxf7_I1_O)      0.182     2.280 r  i_kecc_aes_k_axi_top/i_axi2reg/i_axi_to_axi_lite/i_axi_burst_splitter/i_demux_supported_vs_unsupported/gen_demux.gen_aw_id_counter.i_aw_id_counter/axi_rsp_o[aw_ready]_INST_0_i_32/O
                         net (fo=1, routed)           0.000     2.280    i_kecc_aes_k_axi_top/i_axi2reg/i_axi_to_axi_lite/i_axi_burst_splitter/i_demux_supported_vs_unsupported/gen_demux.gen_aw_id_counter.i_aw_id_counter/axi_rsp_o[aw_ready]_INST_0_i_32_n_0
    SLICE_X36Y94         MUXF8 (Prop_muxf8_I1_O)      0.079     2.359 r  i_kecc_aes_k_axi_top/i_axi2reg/i_axi_to_axi_lite/i_axi_burst_splitter/i_demux_supported_vs_unsupported/gen_demux.gen_aw_id_counter.i_aw_id_counter/axi_rsp_o[aw_ready]_INST_0_i_21/O
                         net (fo=1, estimated)        0.683     3.042    i_kecc_aes_k_axi_top/i_axi2reg/i_axi_to_axi_lite/i_axi_burst_splitter/i_demux_supported_vs_unsupported/gen_demux.gen_aw_id_counter.i_aw_id_counter/gen_counters[3].i_in_flight_cnt/axi_rsp_o[aw_ready]_INST_0_i_6
    SLICE_X34Y95         LUT6 (Prop_lut6_I1_O)        0.264     3.306 r  i_kecc_aes_k_axi_top/i_axi2reg/i_axi_to_axi_lite/i_axi_burst_splitter/i_demux_supported_vs_unsupported/gen_demux.gen_aw_id_counter.i_aw_id_counter/gen_counters[3].i_in_flight_cnt/axi_rsp_o[aw_ready]_INST_0_i_12/O
                         net (fo=2, estimated)        0.247     3.553    i_kecc_aes_k_axi_top/i_axi2reg/i_axi_to_axi_lite/i_axi_burst_splitter/i_demux_supported_vs_unsupported/gen_demux.gen_aw_id_counter.i_aw_id_counter/gen_counters[3].i_in_flight_cnt/axi_req_i[aw][id]_4_sn_1
    SLICE_X36Y95         LUT6 (Prop_lut6_I1_O)        0.105     3.658 r  i_kecc_aes_k_axi_top/i_axi2reg/i_axi_to_axi_lite/i_axi_burst_splitter/i_demux_supported_vs_unsupported/gen_demux.gen_aw_id_counter.i_aw_id_counter/gen_counters[3].i_in_flight_cnt/status_cnt_q[1]_i_2__3/O
                         net (fo=41, estimated)       0.331     3.989    i_kecc_aes_k_axi_top/i_axi2reg/i_axi_to_axi_lite/i_axi_burst_splitter/i_demux_supported_vs_unsupported/gen_demux.i_w_fifo/status_cnt_q_reg[1]_0
    SLICE_X38Y95         LUT6 (Prop_lut6_I4_O)        0.105     4.094 r  i_kecc_aes_k_axi_top/i_axi2reg/i_axi_to_axi_lite/i_axi_burst_splitter/i_demux_supported_vs_unsupported/gen_demux.i_w_fifo/axi_rsp_o[w_ready]_INST_0_i_6/O
                         net (fo=3, estimated)        0.350     4.444    i_kecc_aes_k_axi_top/i_axi2reg/i_axi_to_axi_lite/i_axi_burst_splitter/i_demux_supported_vs_unsupported/gen_demux.i_w_fifo/axi_rsp_o[w_ready]_INST_0_i_6_n_0
    SLICE_X40Y96         LUT6 (Prop_lut6_I0_O)        0.105     4.549 f  i_kecc_aes_k_axi_top/i_axi2reg/i_axi_to_axi_lite/i_axi_burst_splitter/i_demux_supported_vs_unsupported/gen_demux.i_w_fifo/q[63]_i_27/O
                         net (fo=15, estimated)       0.290     4.839    i_kecc_aes_k_axi_top/i_axi2reg/i_axi_lite_to_reg/i_fifo_write_req/q_reg[0]
    SLICE_X43Y96         LUT5 (Prop_lut5_I0_O)        0.105     4.944 f  i_kecc_aes_k_axi_top/i_axi2reg/i_axi_lite_to_reg/i_fifo_write_req/gen_arbiter.gen_int_rr.rr_q[0]_i_2__0/O
                         net (fo=4, estimated)        0.259     5.203    i_kecc_aes_k_axi_top/i_axi2reg/i_axi_lite_to_reg/i_fifo_read/mem_q_reg[0][error]__0_1
    SLICE_X45Y97         LUT6 (Prop_lut6_I1_O)        0.105     5.308 r  i_kecc_aes_k_axi_top/i_axi2reg/i_axi_lite_to_reg/i_fifo_read/status_cnt_q[1]_i_2__0/O
                         net (fo=43, estimated)       0.404     5.712    i_kecc_aes_k_axi_top/i_axi2reg/i_axi_lite_to_reg/i_fifo_read/write_ready
    SLICE_X45Y99         LUT5 (Prop_lut5_I3_O)        0.105     5.817 f  i_kecc_aes_k_axi_top/i_axi2reg/i_axi_lite_to_reg/i_fifo_read/q[63]_i_16/O
                         net (fo=1, estimated)        0.257     6.074    i_kecc_aes_k_axi_top/i_axi2reg/i_axi_lite_to_reg/i_fifo_read/reg_req_i[addr][0]
    SLICE_X46Y100        LUT6 (Prop_lut6_I5_O)        0.105     6.179 f  i_kecc_aes_k_axi_top/i_axi2reg/i_axi_lite_to_reg/i_fifo_read/q[63]_i_14__0/O
                         net (fo=1, estimated)        0.123     6.302    i_kecc_aes_k_axi_top/i_axi2reg/i_axi_lite_to_reg/i_fifo_read/q[63]_i_14__0_n_0
    SLICE_X46Y100        LUT6 (Prop_lut6_I5_O)        0.105     6.407 f  i_kecc_aes_k_axi_top/i_axi2reg/i_axi_lite_to_reg/i_fifo_read/q[63]_i_9/O
                         net (fo=5, estimated)        0.159     6.566    i_kecc_aes_k_axi_top/i_axi2reg/i_axi_lite_to_reg/i_fifo_read/q[63]_i_9_n_0
    SLICE_X46Y100        LUT2 (Prop_lut2_I1_O)        0.105     6.671 f  i_kecc_aes_k_axi_top/i_axi2reg/i_axi_lite_to_reg/i_fifo_read/q[63]_i_4/O
                         net (fo=19, estimated)       0.698     7.369    i_kecc_aes_k_axi_top/i_axi2reg/i_axi_lite_to_reg/i_fifo_read/q[63]_i_4_n_0
    SLICE_X46Y110        LUT4 (Prop_lut4_I1_O)        0.105     7.474 f  i_kecc_aes_k_axi_top/i_axi2reg/i_axi_lite_to_reg/i_fifo_read/wr_data_i_3__6/O
                         net (fo=35, estimated)       0.550     8.024    i_kecc_aes_k_axi_top/i_axi2reg/i_axi_lite_to_reg/i_fifo_read/read_pointer_q_reg[0]_32
    SLICE_X52Y110        LUT3 (Prop_lut3_I2_O)        0.105     8.129 f  i_kecc_aes_k_axi_top/i_axi2reg/i_axi_lite_to_reg/i_fifo_read/wr_data_i_2__16/O
                         net (fo=65, estimated)       0.487     8.616    i_kecc_aes_k_axi_top/i_axi2reg/i_axi_lite_to_reg/i_fifo_read/wr_data_i_2__16_n_0
    SLICE_X58Y112        LUT6 (Prop_lut6_I3_O)        0.105     8.721 f  i_kecc_aes_k_axi_top/i_axi2reg/i_axi_lite_to_reg/i_fifo_read/mem_q[0][data][28]_i_14/O
                         net (fo=1, estimated)        0.927     9.648    i_kecc_aes_k_axi_top/i_axi2reg/i_axi_lite_to_reg/i_fifo_read/mem_q[0][data][28]_i_14_n_0
    SLICE_X55Y111        LUT3 (Prop_lut3_I0_O)        0.119     9.767 f  i_kecc_aes_k_axi_top/i_axi2reg/i_axi_lite_to_reg/i_fifo_read/mem_q[0][data][28]_i_5/O
                         net (fo=1, estimated)        0.775    10.542    i_kecc_aes_k_axi_top/i_axi2reg/i_axi_lite_to_reg/i_fifo_read/mem_q[0][data][28]_i_5_n_0
    SLICE_X50Y112        LUT6 (Prop_lut6_I3_O)        0.274    10.816 f  i_kecc_aes_k_axi_top/i_axi2reg/i_axi_lite_to_reg/i_fifo_read/mem_q[0][data][28]_i_1/O
                         net (fo=2, estimated)        0.675    11.491    i_kecc_aes_k_axi_top/i_axi2reg/i_axi_lite_to_reg/i_fifo_read_resp/D[28]
    SLICE_X51Y112        FDCE                                         f  i_kecc_aes_k_axi_top/i_axi2reg/i_axi_lite_to_reg/i_fifo_read_resp/mem_q_reg[1][data][28]/D
  -------------------------------------------------------------------    -------------------

                         (clock clk_i rise edge)     10.000    10.000 r  
                                                      0.000    10.000 r  clk_i (IN)
                         net (fo=3368, unset)         0.748    10.748    i_kecc_aes_k_axi_top/i_axi2reg/i_axi_lite_to_reg/i_fifo_read_resp/clk_i
    SLICE_X51Y112        FDCE                                         r  i_kecc_aes_k_axi_top/i_axi2reg/i_axi_lite_to_reg/i_fifo_read_resp/mem_q_reg[1][data][28]/C
                         clock pessimism              0.000    10.748    
                         clock uncertainty           -0.035    10.712    
    SLICE_X51Y112        FDCE (Setup_fdce_C_D)       -0.072    10.640    i_kecc_aes_k_axi_top/i_axi2reg/i_axi_lite_to_reg/i_fifo_read_resp/mem_q_reg[1][data][28]
  -------------------------------------------------------------------
                         required time                         10.640    
                         arrival time                         -11.491    
  -------------------------------------------------------------------
                         slack                                 -0.851    

Slack (VIOLATED) :        -0.851ns  (required time - arrival time)
  Source:                 i_kecc_aes_k_axi_top/i_axi2reg/i_axi_to_axi_lite/i_axi_burst_splitter/i_demux_supported_vs_unsupported/gen_demux.gen_aw_id_counter.i_aw_id_counter/gen_counters[30].mst_select_q_reg[30][0]/C
                            (rising edge-triggered cell FDCE clocked by clk_i  {rise@0.000ns fall@5.000ns period=10.000ns})
  Destination:            i_kecc_aes_k_axi_top/i_axi2reg/i_axi_lite_to_reg/i_fifo_read_resp/mem_q_reg[1][data][28]/D
                            (rising edge-triggered cell FDCE clocked by clk_i  {rise@0.000ns fall@5.000ns period=10.000ns})
  Path Group:             clk_i
  Path Type:              Setup (Max at Slow Process Corner)
  Requirement:            10.000ns  (clk_i rise@10.000ns - clk_i rise@0.000ns)
  Data Path Delay:        10.704ns  (logic 2.716ns (25.374%)  route 7.988ns (74.626%))
  Logic Levels:           18  (LUT2=1 LUT3=2 LUT4=1 LUT5=2 LUT6=10 MUXF7=1 MUXF8=1)
  Clock Path Skew:        -0.039ns (DCD - SCD + CPR)
    Destination Clock Delay (DCD):    0.748ns = ( 10.748 - 10.000 ) 
    Source Clock Delay      (SCD):    0.787ns
    Clock Pessimism Removal (CPR):    0.000ns
  Clock Uncertainty:      0.035ns  ((TSJ^2 + TIJ^2)^1/2 + DJ) / 2 + PE
    Total System Jitter     (TSJ):    0.071ns
    Total Input Jitter      (TIJ):    0.000ns
    Discrete Jitter          (DJ):    0.000ns
    Phase Error              (PE):    0.000ns

    Location             Delay type                Incr(ns)  Path(ns)    Netlist Resource(s)
  -------------------------------------------------------------------    -------------------
                         (clock clk_i rise edge)      0.000     0.000 r  
                                                      0.000     0.000 r  clk_i (IN)
                         net (fo=3368, unset)         0.787     0.787    i_kecc_aes_k_axi_top/i_axi2reg/i_axi_to_axi_lite/i_axi_burst_splitter/i_demux_supported_vs_unsupported/gen_demux.gen_aw_id_counter.i_aw_id_counter/clk_i
    SLICE_X34Y95         FDCE                                         r  i_kecc_aes_k_axi_top/i_axi2reg/i_axi_to_axi_lite/i_axi_burst_splitter/i_demux_supported_vs_unsupported/gen_demux.gen_aw_id_counter.i_aw_id_counter/gen_counters[30].mst_select_q_reg[30][0]/C
  -------------------------------------------------------------------    -------------------
    SLICE_X34Y95         FDCE (Prop_fdce_C_Q)         0.433     1.220 f  i_kecc_aes_k_axi_top/i_axi2reg/i_axi_to_axi_lite/i_axi_burst_splitter/i_demux_supported_vs_unsupported/gen_demux.gen_aw_id_counter.i_aw_id_counter/gen_counters[30].mst_select_q_reg[30][0]/Q
                         net (fo=2, estimated)        0.773     1.993    i_kecc_aes_k_axi_top/i_axi2reg/i_axi_to_axi_lite/i_axi_burst_splitter/i_demux_supported_vs_unsupported/gen_demux.gen_aw_id_counter.i_aw_id_counter/gen_counters[30].mst_select_q_reg[30]_1
    SLICE_X36Y94         LUT6 (Prop_lut6_I1_O)        0.105     2.098 f  i_kecc_aes_k_axi_top/i_axi2reg/i_axi_to_axi_lite/i_axi_burst_splitter/i_demux_supported_vs_unsupported/gen_demux.gen_aw_id_counter.i_aw_id_counter/axi_rsp_o[aw_ready]_INST_0_i_42/O
                         net (fo=1, routed)           0.000     2.098    i_kecc_aes_k_axi_top/i_axi2reg/i_axi_to_axi_lite/i_axi_burst_splitter/i_demux_supported_vs_unsupported/gen_demux.gen_aw_id_counter.i_aw_id_counter/axi_rsp_o[aw_ready]_INST_0_i_42_n_0
    SLICE_X36Y94         MUXF7 (Prop_muxf7_I1_O)      0.182     2.280 f  i_kecc_aes_k_axi_top/i_axi2reg/i_axi_to_axi_lite/i_axi_burst_splitter/i_demux_supported_vs_unsupported/gen_demux.gen_aw_id_counter.i_aw_id_counter/axi_rsp_o[aw_ready]_INST_0_i_32/O
                         net (fo=1, routed)           0.000     2.280    i_kecc_aes_k_axi_top/i_axi2reg/i_axi_to_axi_lite/i_axi_burst_splitter/i_demux_supported_vs_unsupported/gen_demux.gen_aw_id_counter.i_aw_id_counter/axi_rsp_o[aw_ready]_INST_0_i_32_n_0
    SLICE_X36Y94         MUXF8 (Prop_muxf8_I1_O)      0.079     2.359 f  i_kecc_aes_k_axi_top/i_axi2reg/i_axi_to_axi_lite/i_axi_burst_splitter/i_demux_supported_vs_unsupported/gen_demux.gen_aw_id_counter.i_aw_id_counter/axi_rsp_o[aw_ready]_INST_0_i_21/O
                         net (fo=1, estimated)        0.683     3.042    i_kecc_aes_k_axi_top/i_axi2reg/i_axi_to_axi_lite/i_axi_burst_splitter/i_demux_supported_vs_unsupported/gen_demux.gen_aw_id_counter.i_aw_id_counter/gen_counters[3].i_in_flight_cnt/axi_rsp_o[aw_ready]_INST_0_i_6
    SLICE_X34Y95         LUT6 (Prop_lut6_I1_O)        0.264     3.306 r  i_kecc_aes_k_axi_top/i_axi2reg/i_axi_to_axi_lite/i_axi_burst_splitter/i_demux_supported_vs_unsupported/gen_demux.gen_aw_id_counter.i_aw_id_counter/gen_counters[3].i_in_flight_cnt/axi_rsp_o[aw_ready]_INST_0_i_12/O
                         net (fo=2, estimated)        0.247     3.553    i_kecc_aes_k_axi_top/i_axi2reg/i_axi_to_axi_lite/i_axi_burst_splitter/i_demux_supported_vs_unsupported/gen_demux.gen_aw_id_counter.i_aw_id_counter/gen_counters[3].i_in_flight_cnt/axi_req_i[aw][id]_4_sn_1
    SLICE_X36Y95         LUT6 (Prop_lut6_I1_O)        0.105     3.658 r  i_kecc_aes_k_axi_top/i_axi2reg/i_axi_to_axi_lite/i_axi_burst_splitter/i_demux_supported_vs_unsupported/gen_demux.gen_aw_id_counter.i_aw_id_counter/gen_counters[3].i_in_flight_cnt/status_cnt_q[1]_i_2__3/O
                         net (fo=41, estimated)       0.331     3.989    i_kecc_aes_k_axi_top/i_axi2reg/i_axi_to_axi_lite/i_axi_burst_splitter/i_demux_supported_vs_unsupported/gen_demux.i_w_fifo/status_cnt_q_reg[1]_0
    SLICE_X38Y95         LUT6 (Prop_lut6_I4_O)        0.105     4.094 r  i_kecc_aes_k_axi_top/i_axi2reg/i_axi_to_axi_lite/i_axi_burst_splitter/i_demux_supported_vs_unsupported/gen_demux.i_w_fifo/axi_rsp_o[w_ready]_INST_0_i_6/O
                         net (fo=3, estimated)        0.350     4.444    i_kecc_aes_k_axi_top/i_axi2reg/i_axi_to_axi_lite/i_axi_burst_splitter/i_demux_supported_vs_unsupported/gen_demux.i_w_fifo/axi_rsp_o[w_ready]_INST_0_i_6_n_0
    SLICE_X40Y96         LUT6 (Prop_lut6_I0_O)        0.105     4.549 f  i_kecc_aes_k_axi_top/i_axi2reg/i_axi_to_axi_lite/i_axi_burst_splitter/i_demux_supported_vs_unsupported/gen_demux.i_w_fifo/q[63]_i_27/O
                         net (fo=15, estimated)       0.290     4.839    i_kecc_aes_k_axi_top/i_axi2reg/i_axi_lite_to_reg/i_fifo_write_req/q_reg[0]
    SLICE_X43Y96         LUT5 (Prop_lut5_I0_O)        0.105     4.944 f  i_kecc_aes_k_axi_top/i_axi2reg/i_axi_lite_to_reg/i_fifo_write_req/gen_arbiter.gen_int_rr.rr_q[0]_i_2__0/O
                         net (fo=4, estimated)        0.259     5.203    i_kecc_aes_k_axi_top/i_axi2reg/i_axi_lite_to_reg/i_fifo_read/mem_q_reg[0][error]__0_1
    SLICE_X45Y97         LUT6 (Prop_lut6_I1_O)        0.105     5.308 r  i_kecc_aes_k_axi_top/i_axi2reg/i_axi_lite_to_reg/i_fifo_read/status_cnt_q[1]_i_2__0/O
                         net (fo=43, estimated)       0.404     5.712    i_kecc_aes_k_axi_top/i_axi2reg/i_axi_lite_to_reg/i_fifo_read/write_ready
    SLICE_X45Y99         LUT5 (Prop_lut5_I3_O)        0.105     5.817 f  i_kecc_aes_k_axi_top/i_axi2reg/i_axi_lite_to_reg/i_fifo_read/q[63]_i_16/O
                         net (fo=1, estimated)        0.257     6.074    i_kecc_aes_k_axi_top/i_axi2reg/i_axi_lite_to_reg/i_fifo_read/reg_req_i[addr][0]
    SLICE_X46Y100        LUT6 (Prop_lut6_I5_O)        0.105     6.179 f  i_kecc_aes_k_axi_top/i_axi2reg/i_axi_lite_to_reg/i_fifo_read/q[63]_i_14__0/O
                         net (fo=1, estimated)        0.123     6.302    i_kecc_aes_k_axi_top/i_axi2reg/i_axi_lite_to_reg/i_fifo_read/q[63]_i_14__0_n_0
    SLICE_X46Y100        LUT6 (Prop_lut6_I5_O)        0.105     6.407 f  i_kecc_aes_k_axi_top/i_axi2reg/i_axi_lite_to_reg/i_fifo_read/q[63]_i_9/O
                         net (fo=5, estimated)        0.159     6.566    i_kecc_aes_k_axi_top/i_axi2reg/i_axi_lite_to_reg/i_fifo_read/q[63]_i_9_n_0
    SLICE_X46Y100        LUT2 (Prop_lut2_I1_O)        0.105     6.671 f  i_kecc_aes_k_axi_top/i_axi2reg/i_axi_lite_to_reg/i_fifo_read/q[63]_i_4/O
                         net (fo=19, estimated)       0.698     7.369    i_kecc_aes_k_axi_top/i_axi2reg/i_axi_lite_to_reg/i_fifo_read/q[63]_i_4_n_0
    SLICE_X46Y110        LUT4 (Prop_lut4_I1_O)        0.105     7.474 f  i_kecc_aes_k_axi_top/i_axi2reg/i_axi_lite_to_reg/i_fifo_read/wr_data_i_3__6/O
                         net (fo=35, estimated)       0.550     8.024    i_kecc_aes_k_axi_top/i_axi2reg/i_axi_lite_to_reg/i_fifo_read/read_pointer_q_reg[0]_32
    SLICE_X52Y110        LUT3 (Prop_lut3_I2_O)        0.105     8.129 f  i_kecc_aes_k_axi_top/i_axi2reg/i_axi_lite_to_reg/i_fifo_read/wr_data_i_2__16/O
                         net (fo=65, estimated)       0.487     8.616    i_kecc_aes_k_axi_top/i_axi2reg/i_axi_lite_to_reg/i_fifo_read/wr_data_i_2__16_n_0
    SLICE_X58Y112        LUT6 (Prop_lut6_I3_O)        0.105     8.721 f  i_kecc_aes_k_axi_top/i_axi2reg/i_axi_lite_to_reg/i_fifo_read/mem_q[0][data][28]_i_14/O
                         net (fo=1, estimated)        0.927     9.648    i_kecc_aes_k_axi_top/i_axi2reg/i_axi_lite_to_reg/i_fifo_read/mem_q[0][data][28]_i_14_n_0
    SLICE_X55Y111        LUT3 (Prop_lut3_I0_O)        0.119     9.767 f  i_kecc_aes_k_axi_top/i_axi2reg/i_axi_lite_to_reg/i_fifo_read/mem_q[0][data][28]_i_5/O
                         net (fo=1, estimated)        0.775    10.542    i_kecc_aes_k_axi_top/i_axi2reg/i_axi_lite_to_reg/i_fifo_read/mem_q[0][data][28]_i_5_n_0
    SLICE_X50Y112        LUT6 (Prop_lut6_I3_O)        0.274    10.816 f  i_kecc_aes_k_axi_top/i_axi2reg/i_axi_lite_to_reg/i_fifo_read/mem_q[0][data][28]_i_1/O
                         net (fo=2, estimated)        0.675    11.491    i_kecc_aes_k_axi_top/i_axi2reg/i_axi_lite_to_reg/i_fifo_read_resp/D[28]
    SLICE_X51Y112        FDCE                                         f  i_kecc_aes_k_axi_top/i_axi2reg/i_axi_lite_to_reg/i_fifo_read_resp/mem_q_reg[1][data][28]/D
  -------------------------------------------------------------------    -------------------

                         (clock clk_i rise edge)     10.000    10.000 r  
                                                      0.000    10.000 r  clk_i (IN)
                         net (fo=3368, unset)         0.748    10.748    i_kecc_aes_k_axi_top/i_axi2reg/i_axi_lite_to_reg/i_fifo_read_resp/clk_i
    SLICE_X51Y112        FDCE                                         r  i_kecc_aes_k_axi_top/i_axi2reg/i_axi_lite_to_reg/i_fifo_read_resp/mem_q_reg[1][data][28]/C
                         clock pessimism              0.000    10.748    
                         clock uncertainty           -0.035    10.712    
    SLICE_X51Y112        FDCE (Setup_fdce_C_D)       -0.072    10.640    i_kecc_aes_k_axi_top/i_axi2reg/i_axi_lite_to_reg/i_fifo_read_resp/mem_q_reg[1][data][28]
  -------------------------------------------------------------------
                         required time                         10.640    
                         arrival time                         -11.491    
  -------------------------------------------------------------------
                         slack                                 -0.851    

Slack (VIOLATED) :        -0.851ns  (required time - arrival time)
  Source:                 i_kecc_aes_k_axi_top/i_axi2reg/i_axi_to_axi_lite/i_axi_burst_splitter/i_demux_supported_vs_unsupported/gen_demux.gen_aw_id_counter.i_aw_id_counter/gen_counters[30].mst_select_q_reg[30][0]/C
                            (rising edge-triggered cell FDCE clocked by clk_i  {rise@0.000ns fall@5.000ns period=10.000ns})
  Destination:            i_kecc_aes_k_axi_top/i_axi2reg/i_axi_lite_to_reg/i_fifo_read_resp/mem_q_reg[1][data][28]/D
                            (rising edge-triggered cell FDCE clocked by clk_i  {rise@0.000ns fall@5.000ns period=10.000ns})
  Path Group:             clk_i
  Path Type:              Setup (Max at Slow Process Corner)
  Requirement:            10.000ns  (clk_i rise@10.000ns - clk_i rise@0.000ns)
  Data Path Delay:        10.704ns  (logic 2.716ns (25.374%)  route 7.988ns (74.626%))
  Logic Levels:           18  (LUT2=1 LUT3=2 LUT4=1 LUT5=2 LUT6=10 MUXF7=1 MUXF8=1)
  Clock Path Skew:        -0.039ns (DCD - SCD + CPR)
    Destination Clock Delay (DCD):    0.748ns = ( 10.748 - 10.000 ) 
    Source Clock Delay      (SCD):    0.787ns
    Clock Pessimism Removal (CPR):    0.000ns
  Clock Uncertainty:      0.035ns  ((TSJ^2 + TIJ^2)^1/2 + DJ) / 2 + PE
    Total System Jitter     (TSJ):    0.071ns
    Total Input Jitter      (TIJ):    0.000ns
    Discrete Jitter          (DJ):    0.000ns
    Phase Error              (PE):    0.000ns

    Location             Delay type                Incr(ns)  Path(ns)    Netlist Resource(s)
  -------------------------------------------------------------------    -------------------
                         (clock clk_i rise edge)      0.000     0.000 r  
                                                      0.000     0.000 r  clk_i (IN)
                         net (fo=3368, unset)         0.787     0.787    i_kecc_aes_k_axi_top/i_axi2reg/i_axi_to_axi_lite/i_axi_burst_splitter/i_demux_supported_vs_unsupported/gen_demux.gen_aw_id_counter.i_aw_id_counter/clk_i
    SLICE_X34Y95         FDCE                                         r  i_kecc_aes_k_axi_top/i_axi2reg/i_axi_to_axi_lite/i_axi_burst_splitter/i_demux_supported_vs_unsupported/gen_demux.gen_aw_id_counter.i_aw_id_counter/gen_counters[30].mst_select_q_reg[30][0]/C
  -------------------------------------------------------------------    -------------------
    SLICE_X34Y95         FDCE (Prop_fdce_C_Q)         0.433     1.220 r  i_kecc_aes_k_axi_top/i_axi2reg/i_axi_to_axi_lite/i_axi_burst_splitter/i_demux_supported_vs_unsupported/gen_demux.gen_aw_id_counter.i_aw_id_counter/gen_counters[30].mst_select_q_reg[30][0]/Q
                         net (fo=2, estimated)        0.773     1.993    i_kecc_aes_k_axi_top/i_axi2reg/i_axi_to_axi_lite/i_axi_burst_splitter/i_demux_supported_vs_unsupported/gen_demux.gen_aw_id_counter.i_aw_id_counter/gen_counters[30].mst_select_q_reg[30]_1
    SLICE_X36Y94         LUT6 (Prop_lut6_I1_O)        0.105     2.098 r  i_kecc_aes_k_axi_top/i_axi2reg/i_axi_to_axi_lite/i_axi_burst_splitter/i_demux_supported_vs_unsupported/gen_demux.gen_aw_id_counter.i_aw_id_counter/axi_rsp_o[aw_ready]_INST_0_i_42/O
                         net (fo=1, routed)           0.000     2.098    i_kecc_aes_k_axi_top/i_axi2reg/i_axi_to_axi_lite/i_axi_burst_splitter/i_demux_supported_vs_unsupported/gen_demux.gen_aw_id_counter.i_aw_id_counter/axi_rsp_o[aw_ready]_INST_0_i_42_n_0
    SLICE_X36Y94         MUXF7 (Prop_muxf7_I1_O)      0.182     2.280 r  i_kecc_aes_k_axi_top/i_axi2reg/i_axi_to_axi_lite/i_axi_burst_splitter/i_demux_supported_vs_unsupported/gen_demux.gen_aw_id_counter.i_aw_id_counter/axi_rsp_o[aw_ready]_INST_0_i_32/O
                         net (fo=1, routed)           0.000     2.280    i_kecc_aes_k_axi_top/i_axi2reg/i_axi_to_axi_lite/i_axi_burst_splitter/i_demux_supported_vs_unsupported/gen_demux.gen_aw_id_counter.i_aw_id_counter/axi_rsp_o[aw_ready]_INST_0_i_32_n_0
    SLICE_X36Y94         MUXF8 (Prop_muxf8_I1_O)      0.079     2.359 r  i_kecc_aes_k_axi_top/i_axi2reg/i_axi_to_axi_lite/i_axi_burst_splitter/i_demux_supported_vs_unsupported/gen_demux.gen_aw_id_counter.i_aw_id_counter/axi_rsp_o[aw_ready]_INST_0_i_21/O
                         net (fo=1, estimated)        0.683     3.042    i_kecc_aes_k_axi_top/i_axi2reg/i_axi_to_axi_lite/i_axi_burst_splitter/i_demux_supported_vs_unsupported/gen_demux.gen_aw_id_counter.i_aw_id_counter/gen_counters[3].i_in_flight_cnt/axi_rsp_o[aw_ready]_INST_0_i_6
    SLICE_X34Y95         LUT6 (Prop_lut6_I1_O)        0.264     3.306 f  i_kecc_aes_k_axi_top/i_axi2reg/i_axi_to_axi_lite/i_axi_burst_splitter/i_demux_supported_vs_unsupported/gen_demux.gen_aw_id_counter.i_aw_id_counter/gen_counters[3].i_in_flight_cnt/axi_rsp_o[aw_ready]_INST_0_i_12/O
                         net (fo=2, estimated)        0.247     3.553    i_kecc_aes_k_axi_top/i_axi2reg/i_axi_to_axi_lite/i_axi_burst_splitter/i_demux_supported_vs_unsupported/gen_demux.gen_aw_id_counter.i_aw_id_counter/gen_counters[3].i_in_flight_cnt/axi_req_i[aw][id]_4_sn_1
    SLICE_X36Y95         LUT6 (Prop_lut6_I1_O)        0.105     3.658 f  i_kecc_aes_k_axi_top/i_axi2reg/i_axi_to_axi_lite/i_axi_burst_splitter/i_demux_supported_vs_unsupported/gen_demux.gen_aw_id_counter.i_aw_id_counter/gen_counters[3].i_in_flight_cnt/status_cnt_q[1]_i_2__3/O
                         net (fo=41, estimated)       0.331     3.989    i_kecc_aes_k_axi_top/i_axi2reg/i_axi_to_axi_lite/i_axi_burst_splitter/i_demux_supported_vs_unsupported/gen_demux.i_w_fifo/status_cnt_q_reg[1]_0
    SLICE_X38Y95         LUT6 (Prop_lut6_I4_O)        0.105     4.094 f  i_kecc_aes_k_axi_top/i_axi2reg/i_axi_to_axi_lite/i_axi_burst_splitter/i_demux_supported_vs_unsupported/gen_demux.i_w_fifo/axi_rsp_o[w_ready]_INST_0_i_6/O
                         net (fo=3, estimated)        0.350     4.444    i_kecc_aes_k_axi_top/i_axi2reg/i_axi_to_axi_lite/i_axi_burst_splitter/i_demux_supported_vs_unsupported/gen_demux.i_w_fifo/axi_rsp_o[w_ready]_INST_0_i_6_n_0
    SLICE_X40Y96         LUT6 (Prop_lut6_I0_O)        0.105     4.549 r  i_kecc_aes_k_axi_top/i_axi2reg/i_axi_to_axi_lite/i_axi_burst_splitter/i_demux_supported_vs_unsupported/gen_demux.i_w_fifo/q[63]_i_27/O
                         net (fo=15, estimated)       0.290     4.839    i_kecc_aes_k_axi_top/i_axi2reg/i_axi_lite_to_reg/i_fifo_write_req/q_reg[0]
    SLICE_X43Y96         LUT5 (Prop_lut5_I0_O)        0.105     4.944 r  i_kecc_aes_k_axi_top/i_axi2reg/i_axi_lite_to_reg/i_fifo_write_req/gen_arbiter.gen_int_rr.rr_q[0]_i_2__0/O
                         net (fo=4, estimated)        0.259     5.203    i_kecc_aes_k_axi_top/i_axi2reg/i_axi_lite_to_reg/i_fifo_read/mem_q_reg[0][error]__0_1
    SLICE_X45Y97         LUT6 (Prop_lut6_I1_O)        0.105     5.308 f  i_kecc_aes_k_axi_top/i_axi2reg/i_axi_lite_to_reg/i_fifo_read/status_cnt_q[1]_i_2__0/O
                         net (fo=43, estimated)       0.404     5.712    i_kecc_aes_k_axi_top/i_axi2reg/i_axi_lite_to_reg/i_fifo_read/write_ready
    SLICE_X45Y99         LUT5 (Prop_lut5_I3_O)        0.105     5.817 f  i_kecc_aes_k_axi_top/i_axi2reg/i_axi_lite_to_reg/i_fifo_read/q[63]_i_16/O
                         net (fo=1, estimated)        0.257     6.074    i_kecc_aes_k_axi_top/i_axi2reg/i_axi_lite_to_reg/i_fifo_read/reg_req_i[addr][0]
    SLICE_X46Y100        LUT6 (Prop_lut6_I5_O)        0.105     6.179 f  i_kecc_aes_k_axi_top/i_axi2reg/i_axi_lite_to_reg/i_fifo_read/q[63]_i_14__0/O
                         net (fo=1, estimated)        0.123     6.302    i_kecc_aes_k_axi_top/i_axi2reg/i_axi_lite_to_reg/i_fifo_read/q[63]_i_14__0_n_0
    SLICE_X46Y100        LUT6 (Prop_lut6_I5_O)        0.105     6.407 f  i_kecc_aes_k_axi_top/i_axi2reg/i_axi_lite_to_reg/i_fifo_read/q[63]_i_9/O
                         net (fo=5, estimated)        0.159     6.566    i_kecc_aes_k_axi_top/i_axi2reg/i_axi_lite_to_reg/i_fifo_read/q[63]_i_9_n_0
    SLICE_X46Y100        LUT2 (Prop_lut2_I1_O)        0.105     6.671 f  i_kecc_aes_k_axi_top/i_axi2reg/i_axi_lite_to_reg/i_fifo_read/q[63]_i_4/O
                         net (fo=19, estimated)       0.698     7.369    i_kecc_aes_k_axi_top/i_axi2reg/i_axi_lite_to_reg/i_fifo_read/q[63]_i_4_n_0
    SLICE_X46Y110        LUT4 (Prop_lut4_I1_O)        0.105     7.474 f  i_kecc_aes_k_axi_top/i_axi2reg/i_axi_lite_to_reg/i_fifo_read/wr_data_i_3__6/O
                         net (fo=35, estimated)       0.550     8.024    i_kecc_aes_k_axi_top/i_axi2reg/i_axi_lite_to_reg/i_fifo_read/read_pointer_q_reg[0]_32
    SLICE_X52Y110        LUT3 (Prop_lut3_I2_O)        0.105     8.129 f  i_kecc_aes_k_axi_top/i_axi2reg/i_axi_lite_to_reg/i_fifo_read/wr_data_i_2__16/O
                         net (fo=65, estimated)       0.487     8.616    i_kecc_aes_k_axi_top/i_axi2reg/i_axi_lite_to_reg/i_fifo_read/wr_data_i_2__16_n_0
    SLICE_X58Y112        LUT6 (Prop_lut6_I3_O)        0.105     8.721 f  i_kecc_aes_k_axi_top/i_axi2reg/i_axi_lite_to_reg/i_fifo_read/mem_q[0][data][28]_i_14/O
                         net (fo=1, estimated)        0.927     9.648    i_kecc_aes_k_axi_top/i_axi2reg/i_axi_lite_to_reg/i_fifo_read/mem_q[0][data][28]_i_14_n_0
    SLICE_X55Y111        LUT3 (Prop_lut3_I0_O)        0.119     9.767 f  i_kecc_aes_k_axi_top/i_axi2reg/i_axi_lite_to_reg/i_fifo_read/mem_q[0][data][28]_i_5/O
                         net (fo=1, estimated)        0.775    10.542    i_kecc_aes_k_axi_top/i_axi2reg/i_axi_lite_to_reg/i_fifo_read/mem_q[0][data][28]_i_5_n_0
    SLICE_X50Y112        LUT6 (Prop_lut6_I3_O)        0.274    10.816 f  i_kecc_aes_k_axi_top/i_axi2reg/i_axi_lite_to_reg/i_fifo_read/mem_q[0][data][28]_i_1/O
                         net (fo=2, estimated)        0.675    11.491    i_kecc_aes_k_axi_top/i_axi2reg/i_axi_lite_to_reg/i_fifo_read_resp/D[28]
    SLICE_X51Y112        FDCE                                         f  i_kecc_aes_k_axi_top/i_axi2reg/i_axi_lite_to_reg/i_fifo_read_resp/mem_q_reg[1][data][28]/D
  -------------------------------------------------------------------    -------------------

                         (clock clk_i rise edge)     10.000    10.000 r  
                                                      0.000    10.000 r  clk_i (IN)
                         net (fo=3368, unset)         0.748    10.748    i_kecc_aes_k_axi_top/i_axi2reg/i_axi_lite_to_reg/i_fifo_read_resp/clk_i
    SLICE_X51Y112        FDCE                                         r  i_kecc_aes_k_axi_top/i_axi2reg/i_axi_lite_to_reg/i_fifo_read_resp/mem_q_reg[1][data][28]/C
                         clock pessimism              0.000    10.748    
                         clock uncertainty           -0.035    10.712    
    SLICE_X51Y112        FDCE (Setup_fdce_C_D)       -0.072    10.640    i_kecc_aes_k_axi_top/i_axi2reg/i_axi_lite_to_reg/i_fifo_read_resp/mem_q_reg[1][data][28]
  -------------------------------------------------------------------
                         required time                         10.640    
                         arrival time                         -11.491    
  -------------------------------------------------------------------
                         slack                                 -0.851    

Slack (VIOLATED) :        -0.851ns  (required time - arrival time)
  Source:                 i_kecc_aes_k_axi_top/i_axi2reg/i_axi_to_axi_lite/i_axi_burst_splitter/i_demux_supported_vs_unsupported/gen_demux.gen_aw_id_counter.i_aw_id_counter/gen_counters[30].mst_select_q_reg[30][0]/C
                            (rising edge-triggered cell FDCE clocked by clk_i  {rise@0.000ns fall@5.000ns period=10.000ns})
  Destination:            i_kecc_aes_k_axi_top/i_axi2reg/i_axi_lite_to_reg/i_fifo_read_resp/mem_q_reg[1][data][28]/D
                            (rising edge-triggered cell FDCE clocked by clk_i  {rise@0.000ns fall@5.000ns period=10.000ns})
  Path Group:             clk_i
  Path Type:              Setup (Max at Slow Process Corner)
  Requirement:            10.000ns  (clk_i rise@10.000ns - clk_i rise@0.000ns)
  Data Path Delay:        10.704ns  (logic 2.716ns (25.374%)  route 7.988ns (74.626%))
  Logic Levels:           18  (LUT2=1 LUT3=2 LUT4=1 LUT5=2 LUT6=10 MUXF7=1 MUXF8=1)
  Clock Path Skew:        -0.039ns (DCD - SCD + CPR)
    Destination Clock Delay (DCD):    0.748ns = ( 10.748 - 10.000 ) 
    Source Clock Delay      (SCD):    0.787ns
    Clock Pessimism Removal (CPR):    0.000ns
  Clock Uncertainty:      0.035ns  ((TSJ^2 + TIJ^2)^1/2 + DJ) / 2 + PE
    Total System Jitter     (TSJ):    0.071ns
    Total Input Jitter      (TIJ):    0.000ns
    Discrete Jitter          (DJ):    0.000ns
    Phase Error              (PE):    0.000ns

    Location             Delay type                Incr(ns)  Path(ns)    Netlist Resource(s)
  -------------------------------------------------------------------    -------------------
                         (clock clk_i rise edge)      0.000     0.000 r  
                                                      0.000     0.000 r  clk_i (IN)
                         net (fo=3368, unset)         0.787     0.787    i_kecc_aes_k_axi_top/i_axi2reg/i_axi_to_axi_lite/i_axi_burst_splitter/i_demux_supported_vs_unsupported/gen_demux.gen_aw_id_counter.i_aw_id_counter/clk_i
    SLICE_X34Y95         FDCE                                         r  i_kecc_aes_k_axi_top/i_axi2reg/i_axi_to_axi_lite/i_axi_burst_splitter/i_demux_supported_vs_unsupported/gen_demux.gen_aw_id_counter.i_aw_id_counter/gen_counters[30].mst_select_q_reg[30][0]/C
  -------------------------------------------------------------------    -------------------
    SLICE_X34Y95         FDCE (Prop_fdce_C_Q)         0.433     1.220 f  i_kecc_aes_k_axi_top/i_axi2reg/i_axi_to_axi_lite/i_axi_burst_splitter/i_demux_supported_vs_unsupported/gen_demux.gen_aw_id_counter.i_aw_id_counter/gen_counters[30].mst_select_q_reg[30][0]/Q
                         net (fo=2, estimated)        0.773     1.993    i_kecc_aes_k_axi_top/i_axi2reg/i_axi_to_axi_lite/i_axi_burst_splitter/i_demux_supported_vs_unsupported/gen_demux.gen_aw_id_counter.i_aw_id_counter/gen_counters[30].mst_select_q_reg[30]_1
    SLICE_X36Y94         LUT6 (Prop_lut6_I1_O)        0.105     2.098 f  i_kecc_aes_k_axi_top/i_axi2reg/i_axi_to_axi_lite/i_axi_burst_splitter/i_demux_supported_vs_unsupported/gen_demux.gen_aw_id_counter.i_aw_id_counter/axi_rsp_o[aw_ready]_INST_0_i_42/O
                         net (fo=1, routed)           0.000     2.098    i_kecc_aes_k_axi_top/i_axi2reg/i_axi_to_axi_lite/i_axi_burst_splitter/i_demux_supported_vs_unsupported/gen_demux.gen_aw_id_counter.i_aw_id_counter/axi_rsp_o[aw_ready]_INST_0_i_42_n_0
    SLICE_X36Y94         MUXF7 (Prop_muxf7_I1_O)      0.182     2.280 f  i_kecc_aes_k_axi_top/i_axi2reg/i_axi_to_axi_lite/i_axi_burst_splitter/i_demux_supported_vs_unsupported/gen_demux.gen_aw_id_counter.i_aw_id_counter/axi_rsp_o[aw_ready]_INST_0_i_32/O
                         net (fo=1, routed)           0.000     2.280    i_kecc_aes_k_axi_top/i_axi2reg/i_axi_to_axi_lite/i_axi_burst_splitter/i_demux_supported_vs_unsupported/gen_demux.gen_aw_id_counter.i_aw_id_counter/axi_rsp_o[aw_ready]_INST_0_i_32_n_0
    SLICE_X36Y94         MUXF8 (Prop_muxf8_I1_O)      0.079     2.359 f  i_kecc_aes_k_axi_top/i_axi2reg/i_axi_to_axi_lite/i_axi_burst_splitter/i_demux_supported_vs_unsupported/gen_demux.gen_aw_id_counter.i_aw_id_counter/axi_rsp_o[aw_ready]_INST_0_i_21/O
                         net (fo=1, estimated)        0.683     3.042    i_kecc_aes_k_axi_top/i_axi2reg/i_axi_to_axi_lite/i_axi_burst_splitter/i_demux_supported_vs_unsupported/gen_demux.gen_aw_id_counter.i_aw_id_counter/gen_counters[3].i_in_flight_cnt/axi_rsp_o[aw_ready]_INST_0_i_6
    SLICE_X34Y95         LUT6 (Prop_lut6_I1_O)        0.264     3.306 f  i_kecc_aes_k_axi_top/i_axi2reg/i_axi_to_axi_lite/i_axi_burst_splitter/i_demux_supported_vs_unsupported/gen_demux.gen_aw_id_counter.i_aw_id_counter/gen_counters[3].i_in_flight_cnt/axi_rsp_o[aw_ready]_INST_0_i_12/O
                         net (fo=2, estimated)        0.247     3.553    i_kecc_aes_k_axi_top/i_axi2reg/i_axi_to_axi_lite/i_axi_burst_splitter/i_demux_supported_vs_unsupported/gen_demux.gen_aw_id_counter.i_aw_id_counter/gen_counters[3].i_in_flight_cnt/axi_req_i[aw][id]_4_sn_1
    SLICE_X36Y95         LUT6 (Prop_lut6_I1_O)        0.105     3.658 f  i_kecc_aes_k_axi_top/i_axi2reg/i_axi_to_axi_lite/i_axi_burst_splitter/i_demux_supported_vs_unsupported/gen_demux.gen_aw_id_counter.i_aw_id_counter/gen_counters[3].i_in_flight_cnt/status_cnt_q[1]_i_2__3/O
                         net (fo=41, estimated)       0.331     3.989    i_kecc_aes_k_axi_top/i_axi2reg/i_axi_to_axi_lite/i_axi_burst_splitter/i_demux_supported_vs_unsupported/gen_demux.i_w_fifo/status_cnt_q_reg[1]_0
    SLICE_X38Y95         LUT6 (Prop_lut6_I4_O)        0.105     4.094 f  i_kecc_aes_k_axi_top/i_axi2reg/i_axi_to_axi_lite/i_axi_burst_splitter/i_demux_supported_vs_unsupported/gen_demux.i_w_fifo/axi_rsp_o[w_ready]_INST_0_i_6/O
                         net (fo=3, estimated)        0.350     4.444    i_kecc_aes_k_axi_top/i_axi2reg/i_axi_to_axi_lite/i_axi_burst_splitter/i_demux_supported_vs_unsupported/gen_demux.i_w_fifo/axi_rsp_o[w_ready]_INST_0_i_6_n_0
    SLICE_X40Y96         LUT6 (Prop_lut6_I0_O)        0.105     4.549 r  i_kecc_aes_k_axi_top/i_axi2reg/i_axi_to_axi_lite/i_axi_burst_splitter/i_demux_supported_vs_unsupported/gen_demux.i_w_fifo/q[63]_i_27/O
                         net (fo=15, estimated)       0.290     4.839    i_kecc_aes_k_axi_top/i_axi2reg/i_axi_lite_to_reg/i_fifo_write_req/q_reg[0]
    SLICE_X43Y96         LUT5 (Prop_lut5_I0_O)        0.105     4.944 r  i_kecc_aes_k_axi_top/i_axi2reg/i_axi_lite_to_reg/i_fifo_write_req/gen_arbiter.gen_int_rr.rr_q[0]_i_2__0/O
                         net (fo=4, estimated)        0.259     5.203    i_kecc_aes_k_axi_top/i_axi2reg/i_axi_lite_to_reg/i_fifo_read/mem_q_reg[0][error]__0_1
    SLICE_X45Y97         LUT6 (Prop_lut6_I1_O)        0.105     5.308 f  i_kecc_aes_k_axi_top/i_axi2reg/i_axi_lite_to_reg/i_fifo_read/status_cnt_q[1]_i_2__0/O
                         net (fo=43, estimated)       0.404     5.712    i_kecc_aes_k_axi_top/i_axi2reg/i_axi_lite_to_reg/i_fifo_read/write_ready
    SLICE_X45Y99         LUT5 (Prop_lut5_I3_O)        0.105     5.817 f  i_kecc_aes_k_axi_top/i_axi2reg/i_axi_lite_to_reg/i_fifo_read/q[63]_i_16/O
                         net (fo=1, estimated)        0.257     6.074    i_kecc_aes_k_axi_top/i_axi2reg/i_axi_lite_to_reg/i_fifo_read/reg_req_i[addr][0]
    SLICE_X46Y100        LUT6 (Prop_lut6_I5_O)        0.105     6.179 f  i_kecc_aes_k_axi_top/i_axi2reg/i_axi_lite_to_reg/i_fifo_read/q[63]_i_14__0/O
                         net (fo=1, estimated)        0.123     6.302    i_kecc_aes_k_axi_top/i_axi2reg/i_axi_lite_to_reg/i_fifo_read/q[63]_i_14__0_n_0
    SLICE_X46Y100        LUT6 (Prop_lut6_I5_O)        0.105     6.407 f  i_kecc_aes_k_axi_top/i_axi2reg/i_axi_lite_to_reg/i_fifo_read/q[63]_i_9/O
                         net (fo=5, estimated)        0.159     6.566    i_kecc_aes_k_axi_top/i_axi2reg/i_axi_lite_to_reg/i_fifo_read/q[63]_i_9_n_0
    SLICE_X46Y100        LUT2 (Prop_lut2_I1_O)        0.105     6.671 f  i_kecc_aes_k_axi_top/i_axi2reg/i_axi_lite_to_reg/i_fifo_read/q[63]_i_4/O
                         net (fo=19, estimated)       0.698     7.369    i_kecc_aes_k_axi_top/i_axi2reg/i_axi_lite_to_reg/i_fifo_read/q[63]_i_4_n_0
    SLICE_X46Y110        LUT4 (Prop_lut4_I1_O)        0.105     7.474 f  i_kecc_aes_k_axi_top/i_axi2reg/i_axi_lite_to_reg/i_fifo_read/wr_data_i_3__6/O
                         net (fo=35, estimated)       0.550     8.024    i_kecc_aes_k_axi_top/i_axi2reg/i_axi_lite_to_reg/i_fifo_read/read_pointer_q_reg[0]_32
    SLICE_X52Y110        LUT3 (Prop_lut3_I2_O)        0.105     8.129 f  i_kecc_aes_k_axi_top/i_axi2reg/i_axi_lite_to_reg/i_fifo_read/wr_data_i_2__16/O
                         net (fo=65, estimated)       0.487     8.616    i_kecc_aes_k_axi_top/i_axi2reg/i_axi_lite_to_reg/i_fifo_read/wr_data_i_2__16_n_0
    SLICE_X58Y112        LUT6 (Prop_lut6_I3_O)        0.105     8.721 f  i_kecc_aes_k_axi_top/i_axi2reg/i_axi_lite_to_reg/i_fifo_read/mem_q[0][data][28]_i_14/O
                         net (fo=1, estimated)        0.927     9.648    i_kecc_aes_k_axi_top/i_axi2reg/i_axi_lite_to_reg/i_fifo_read/mem_q[0][data][28]_i_14_n_0
    SLICE_X55Y111        LUT3 (Prop_lut3_I0_O)        0.119     9.767 f  i_kecc_aes_k_axi_top/i_axi2reg/i_axi_lite_to_reg/i_fifo_read/mem_q[0][data][28]_i_5/O
                         net (fo=1, estimated)        0.775    10.542    i_kecc_aes_k_axi_top/i_axi2reg/i_axi_lite_to_reg/i_fifo_read/mem_q[0][data][28]_i_5_n_0
    SLICE_X50Y112        LUT6 (Prop_lut6_I3_O)        0.274    10.816 f  i_kecc_aes_k_axi_top/i_axi2reg/i_axi_lite_to_reg/i_fifo_read/mem_q[0][data][28]_i_1/O
                         net (fo=2, estimated)        0.675    11.491    i_kecc_aes_k_axi_top/i_axi2reg/i_axi_lite_to_reg/i_fifo_read_resp/D[28]
    SLICE_X51Y112        FDCE                                         f  i_kecc_aes_k_axi_top/i_axi2reg/i_axi_lite_to_reg/i_fifo_read_resp/mem_q_reg[1][data][28]/D
  -------------------------------------------------------------------    -------------------

                         (clock clk_i rise edge)     10.000    10.000 r  
                                                      0.000    10.000 r  clk_i (IN)
                         net (fo=3368, unset)         0.748    10.748    i_kecc_aes_k_axi_top/i_axi2reg/i_axi_lite_to_reg/i_fifo_read_resp/clk_i
    SLICE_X51Y112        FDCE                                         r  i_kecc_aes_k_axi_top/i_axi2reg/i_axi_lite_to_reg/i_fifo_read_resp/mem_q_reg[1][data][28]/C
                         clock pessimism              0.000    10.748    
                         clock uncertainty           -0.035    10.712    
    SLICE_X51Y112        FDCE (Setup_fdce_C_D)       -0.072    10.640    i_kecc_aes_k_axi_top/i_axi2reg/i_axi_lite_to_reg/i_fifo_read_resp/mem_q_reg[1][data][28]
  -------------------------------------------------------------------
                         required time                         10.640    
                         arrival time                         -11.491    
  -------------------------------------------------------------------
                         slack                                 -0.851    

Slack (VIOLATED) :        -0.850ns  (required time - arrival time)
  Source:                 i_kecc_aes_k_axi_top/i_axi2reg/i_axi_to_axi_lite/i_axi_burst_splitter/i_demux_supported_vs_unsupported/gen_demux.gen_aw_id_counter.i_aw_id_counter/gen_counters[31].mst_select_q_reg[31][0]/C
                            (rising edge-triggered cell FDCE clocked by clk_i  {rise@0.000ns fall@5.000ns period=10.000ns})
  Destination:            i_kecc_aes_k_axi_top/i_axi2reg/i_axi_lite_to_reg/i_fifo_read_resp/mem_q_reg[1][data][28]/D
                            (rising edge-triggered cell FDCE clocked by clk_i  {rise@0.000ns fall@5.000ns period=10.000ns})
  Path Group:             clk_i
  Path Type:              Setup (Max at Slow Process Corner)
  Requirement:            10.000ns  (clk_i rise@10.000ns - clk_i rise@0.000ns)
  Data Path Delay:        10.703ns  (logic 2.808ns (26.236%)  route 7.895ns (73.764%))
  Logic Levels:           18  (LUT2=1 LUT3=2 LUT4=1 LUT5=2 LUT6=10 MUXF7=1 MUXF8=1)
  Clock Path Skew:        -0.039ns (DCD - SCD + CPR)
    Destination Clock Delay (DCD):    0.748ns = ( 10.748 - 10.000 ) 
    Source Clock Delay      (SCD):    0.787ns
    Clock Pessimism Removal (CPR):    0.000ns
  Clock Uncertainty:      0.035ns  ((TSJ^2 + TIJ^2)^1/2 + DJ) / 2 + PE
    Total System Jitter     (TSJ):    0.071ns
    Total Input Jitter      (TIJ):    0.000ns
    Discrete Jitter          (DJ):    0.000ns
    Phase Error              (PE):    0.000ns

    Location             Delay type                Incr(ns)  Path(ns)    Netlist Resource(s)
  -------------------------------------------------------------------    -------------------
                         (clock clk_i rise edge)      0.000     0.000 r  
                                                      0.000     0.000 r  clk_i (IN)
                         net (fo=3368, unset)         0.787     0.787    i_kecc_aes_k_axi_top/i_axi2reg/i_axi_to_axi_lite/i_axi_burst_splitter/i_demux_supported_vs_unsupported/gen_demux.gen_aw_id_counter.i_aw_id_counter/clk_i
    SLICE_X34Y95         FDCE                                         r  i_kecc_aes_k_axi_top/i_axi2reg/i_axi_to_axi_lite/i_axi_burst_splitter/i_demux_supported_vs_unsupported/gen_demux.gen_aw_id_counter.i_aw_id_counter/gen_counters[31].mst_select_q_reg[31][0]/C
  -------------------------------------------------------------------    -------------------
    SLICE_X34Y95         FDCE (Prop_fdce_C_Q)         0.398     1.185 r  i_kecc_aes_k_axi_top/i_axi2reg/i_axi_to_axi_lite/i_axi_burst_splitter/i_demux_supported_vs_unsupported/gen_demux.gen_aw_id_counter.i_aw_id_counter/gen_counters[31].mst_select_q_reg[31][0]/Q
                         net (fo=2, estimated)        0.680     1.865    i_kecc_aes_k_axi_top/i_axi2reg/i_axi_to_axi_lite/i_axi_burst_splitter/i_demux_supported_vs_unsupported/gen_demux.gen_aw_id_counter.i_aw_id_counter/gen_counters[31].mst_select_q_reg[31]_0
    SLICE_X36Y94         LUT6 (Prop_lut6_I0_O)        0.232     2.097 r  i_kecc_aes_k_axi_top/i_axi2reg/i_axi_to_axi_lite/i_axi_burst_splitter/i_demux_supported_vs_unsupported/gen_demux.gen_aw_id_counter.i_aw_id_counter/axi_rsp_o[aw_ready]_INST_0_i_42/O
                         net (fo=1, routed)           0.000     2.097    i_kecc_aes_k_axi_top/i_axi2reg/i_axi_to_axi_lite/i_axi_burst_splitter/i_demux_supported_vs_unsupported/gen_demux.gen_aw_id_counter.i_aw_id_counter/axi_rsp_o[aw_ready]_INST_0_i_42_n_0
    SLICE_X36Y94         MUXF7 (Prop_muxf7_I1_O)      0.182     2.279 r  i_kecc_aes_k_axi_top/i_axi2reg/i_axi_to_axi_lite/i_axi_burst_splitter/i_demux_supported_vs_unsupported/gen_demux.gen_aw_id_counter.i_aw_id_counter/axi_rsp_o[aw_ready]_INST_0_i_32/O
                         net (fo=1, routed)           0.000     2.279    i_kecc_aes_k_axi_top/i_axi2reg/i_axi_to_axi_lite/i_axi_burst_splitter/i_demux_supported_vs_unsupported/gen_demux.gen_aw_id_counter.i_aw_id_counter/axi_rsp_o[aw_ready]_INST_0_i_32_n_0
    SLICE_X36Y94         MUXF8 (Prop_muxf8_I1_O)      0.079     2.358 r  i_kecc_aes_k_axi_top/i_axi2reg/i_axi_to_axi_lite/i_axi_burst_splitter/i_demux_supported_vs_unsupported/gen_demux.gen_aw_id_counter.i_aw_id_counter/axi_rsp_o[aw_ready]_INST_0_i_21/O
                         net (fo=1, estimated)        0.683     3.041    i_kecc_aes_k_axi_top/i_axi2reg/i_axi_to_axi_lite/i_axi_burst_splitter/i_demux_supported_vs_unsupported/gen_demux.gen_aw_id_counter.i_aw_id_counter/gen_counters[3].i_in_flight_cnt/axi_rsp_o[aw_ready]_INST_0_i_6
    SLICE_X34Y95         LUT6 (Prop_lut6_I1_O)        0.264     3.305 r  i_kecc_aes_k_axi_top/i_axi2reg/i_axi_to_axi_lite/i_axi_burst_splitter/i_demux_supported_vs_unsupported/gen_demux.gen_aw_id_counter.i_aw_id_counter/gen_counters[3].i_in_flight_cnt/axi_rsp_o[aw_ready]_INST_0_i_12/O
                         net (fo=2, estimated)        0.247     3.552    i_kecc_aes_k_axi_top/i_axi2reg/i_axi_to_axi_lite/i_axi_burst_splitter/i_demux_supported_vs_unsupported/gen_demux.gen_aw_id_counter.i_aw_id_counter/gen_counters[3].i_in_flight_cnt/axi_req_i[aw][id]_4_sn_1
    SLICE_X36Y95         LUT6 (Prop_lut6_I1_O)        0.105     3.657 r  i_kecc_aes_k_axi_top/i_axi2reg/i_axi_to_axi_lite/i_axi_burst_splitter/i_demux_supported_vs_unsupported/gen_demux.gen_aw_id_counter.i_aw_id_counter/gen_counters[3].i_in_flight_cnt/status_cnt_q[1]_i_2__3/O
                         net (fo=41, estimated)       0.331     3.988    i_kecc_aes_k_axi_top/i_axi2reg/i_axi_to_axi_lite/i_axi_burst_splitter/i_demux_supported_vs_unsupported/gen_demux.i_w_fifo/status_cnt_q_reg[1]_0
    SLICE_X38Y95         LUT6 (Prop_lut6_I4_O)        0.105     4.093 r  i_kecc_aes_k_axi_top/i_axi2reg/i_axi_to_axi_lite/i_axi_burst_splitter/i_demux_supported_vs_unsupported/gen_demux.i_w_fifo/axi_rsp_o[w_ready]_INST_0_i_6/O
                         net (fo=3, estimated)        0.350     4.443    i_kecc_aes_k_axi_top/i_axi2reg/i_axi_to_axi_lite/i_axi_burst_splitter/i_demux_supported_vs_unsupported/gen_demux.i_w_fifo/axi_rsp_o[w_ready]_INST_0_i_6_n_0
    SLICE_X40Y96         LUT6 (Prop_lut6_I0_O)        0.105     4.548 f  i_kecc_aes_k_axi_top/i_axi2reg/i_axi_to_axi_lite/i_axi_burst_splitter/i_demux_supported_vs_unsupported/gen_demux.i_w_fifo/q[63]_i_27/O
                         net (fo=15, estimated)       0.290     4.838    i_kecc_aes_k_axi_top/i_axi2reg/i_axi_lite_to_reg/i_fifo_write_req/q_reg[0]
    SLICE_X43Y96         LUT5 (Prop_lut5_I0_O)        0.105     4.943 f  i_kecc_aes_k_axi_top/i_axi2reg/i_axi_lite_to_reg/i_fifo_write_req/gen_arbiter.gen_int_rr.rr_q[0]_i_2__0/O
                         net (fo=4, estimated)        0.259     5.202    i_kecc_aes_k_axi_top/i_axi2reg/i_axi_lite_to_reg/i_fifo_read/mem_q_reg[0][error]__0_1
    SLICE_X45Y97         LUT6 (Prop_lut6_I1_O)        0.105     5.307 r  i_kecc_aes_k_axi_top/i_axi2reg/i_axi_lite_to_reg/i_fifo_read/status_cnt_q[1]_i_2__0/O
                         net (fo=43, estimated)       0.404     5.711    i_kecc_aes_k_axi_top/i_axi2reg/i_axi_lite_to_reg/i_fifo_read/write_ready
    SLICE_X45Y99         LUT5 (Prop_lut5_I3_O)        0.105     5.816 r  i_kecc_aes_k_axi_top/i_axi2reg/i_axi_lite_to_reg/i_fifo_read/q[63]_i_16/O
                         net (fo=1, estimated)        0.257     6.073    i_kecc_aes_k_axi_top/i_axi2reg/i_axi_lite_to_reg/i_fifo_read/reg_req_i[addr][0]
    SLICE_X46Y100        LUT6 (Prop_lut6_I5_O)        0.105     6.178 r  i_kecc_aes_k_axi_top/i_axi2reg/i_axi_lite_to_reg/i_fifo_read/q[63]_i_14__0/O
                         net (fo=1, estimated)        0.123     6.301    i_kecc_aes_k_axi_top/i_axi2reg/i_axi_lite_to_reg/i_fifo_read/q[63]_i_14__0_n_0
    SLICE_X46Y100        LUT6 (Prop_lut6_I5_O)        0.105     6.406 r  i_kecc_aes_k_axi_top/i_axi2reg/i_axi_lite_to_reg/i_fifo_read/q[63]_i_9/O
                         net (fo=5, estimated)        0.159     6.565    i_kecc_aes_k_axi_top/i_axi2reg/i_axi_lite_to_reg/i_fifo_read/q[63]_i_9_n_0
    SLICE_X46Y100        LUT2 (Prop_lut2_I1_O)        0.105     6.670 r  i_kecc_aes_k_axi_top/i_axi2reg/i_axi_lite_to_reg/i_fifo_read/q[63]_i_4/O
                         net (fo=19, estimated)       0.698     7.368    i_kecc_aes_k_axi_top/i_axi2reg/i_axi_lite_to_reg/i_fifo_read/q[63]_i_4_n_0
    SLICE_X46Y110        LUT4 (Prop_lut4_I1_O)        0.105     7.473 r  i_kecc_aes_k_axi_top/i_axi2reg/i_axi_lite_to_reg/i_fifo_read/wr_data_i_3__6/O
                         net (fo=35, estimated)       0.550     8.023    i_kecc_aes_k_axi_top/i_axi2reg/i_axi_lite_to_reg/i_fifo_read/read_pointer_q_reg[0]_32
    SLICE_X52Y110        LUT3 (Prop_lut3_I2_O)        0.105     8.128 r  i_kecc_aes_k_axi_top/i_axi2reg/i_axi_lite_to_reg/i_fifo_read/wr_data_i_2__16/O
                         net (fo=65, estimated)       0.487     8.615    i_kecc_aes_k_axi_top/i_axi2reg/i_axi_lite_to_reg/i_fifo_read/wr_data_i_2__16_n_0
    SLICE_X58Y112        LUT6 (Prop_lut6_I3_O)        0.105     8.720 r  i_kecc_aes_k_axi_top/i_axi2reg/i_axi_lite_to_reg/i_fifo_read/mem_q[0][data][28]_i_14/O
                         net (fo=1, estimated)        0.927     9.647    i_kecc_aes_k_axi_top/i_axi2reg/i_axi_lite_to_reg/i_fifo_read/mem_q[0][data][28]_i_14_n_0
    SLICE_X55Y111        LUT3 (Prop_lut3_I0_O)        0.119     9.766 r  i_kecc_aes_k_axi_top/i_axi2reg/i_axi_lite_to_reg/i_fifo_read/mem_q[0][data][28]_i_5/O
                         net (fo=1, estimated)        0.775    10.541    i_kecc_aes_k_axi_top/i_axi2reg/i_axi_lite_to_reg/i_fifo_read/mem_q[0][data][28]_i_5_n_0
    SLICE_X50Y112        LUT6 (Prop_lut6_I3_O)        0.274    10.815 r  i_kecc_aes_k_axi_top/i_axi2reg/i_axi_lite_to_reg/i_fifo_read/mem_q[0][data][28]_i_1/O
                         net (fo=2, estimated)        0.675    11.490    i_kecc_aes_k_axi_top/i_axi2reg/i_axi_lite_to_reg/i_fifo_read_resp/D[28]
    SLICE_X51Y112        FDCE                                         r  i_kecc_aes_k_axi_top/i_axi2reg/i_axi_lite_to_reg/i_fifo_read_resp/mem_q_reg[1][data][28]/D
  -------------------------------------------------------------------    -------------------

                         (clock clk_i rise edge)     10.000    10.000 r  
                                                      0.000    10.000 r  clk_i (IN)
                         net (fo=3368, unset)         0.748    10.748    i_kecc_aes_k_axi_top/i_axi2reg/i_axi_lite_to_reg/i_fifo_read_resp/clk_i
    SLICE_X51Y112        FDCE                                         r  i_kecc_aes_k_axi_top/i_axi2reg/i_axi_lite_to_reg/i_fifo_read_resp/mem_q_reg[1][data][28]/C
                         clock pessimism              0.000    10.748    
                         clock uncertainty           -0.035    10.712    
    SLICE_X51Y112        FDCE (Setup_fdce_C_D)       -0.072    10.640    i_kecc_aes_k_axi_top/i_axi2reg/i_axi_lite_to_reg/i_fifo_read_resp/mem_q_reg[1][data][28]
  -------------------------------------------------------------------
                         required time                         10.640    
                         arrival time                         -11.490    
  -------------------------------------------------------------------
                         slack                                 -0.850    

Slack (VIOLATED) :        -0.850ns  (required time - arrival time)
  Source:                 i_kecc_aes_k_axi_top/i_axi2reg/i_axi_to_axi_lite/i_axi_burst_splitter/i_demux_supported_vs_unsupported/gen_demux.gen_aw_id_counter.i_aw_id_counter/gen_counters[31].mst_select_q_reg[31][0]/C
                            (rising edge-triggered cell FDCE clocked by clk_i  {rise@0.000ns fall@5.000ns period=10.000ns})
  Destination:            i_kecc_aes_k_axi_top/i_axi2reg/i_axi_lite_to_reg/i_fifo_read_resp/mem_q_reg[1][data][28]/D
                            (rising edge-triggered cell FDCE clocked by clk_i  {rise@0.000ns fall@5.000ns period=10.000ns})
  Path Group:             clk_i
  Path Type:              Setup (Max at Slow Process Corner)
  Requirement:            10.000ns  (clk_i rise@10.000ns - clk_i rise@0.000ns)
  Data Path Delay:        10.703ns  (logic 2.808ns (26.236%)  route 7.895ns (73.764%))
  Logic Levels:           18  (LUT2=1 LUT3=2 LUT4=1 LUT5=2 LUT6=10 MUXF7=1 MUXF8=1)
  Clock Path Skew:        -0.039ns (DCD - SCD + CPR)
    Destination Clock Delay (DCD):    0.748ns = ( 10.748 - 10.000 ) 
    Source Clock Delay      (SCD):    0.787ns
    Clock Pessimism Removal (CPR):    0.000ns
  Clock Uncertainty:      0.035ns  ((TSJ^2 + TIJ^2)^1/2 + DJ) / 2 + PE
    Total System Jitter     (TSJ):    0.071ns
    Total Input Jitter      (TIJ):    0.000ns
    Discrete Jitter          (DJ):    0.000ns
    Phase Error              (PE):    0.000ns

    Location             Delay type                Incr(ns)  Path(ns)    Netlist Resource(s)
  -------------------------------------------------------------------    -------------------
                         (clock clk_i rise edge)      0.000     0.000 r  
                                                      0.000     0.000 r  clk_i (IN)
                         net (fo=3368, unset)         0.787     0.787    i_kecc_aes_k_axi_top/i_axi2reg/i_axi_to_axi_lite/i_axi_burst_splitter/i_demux_supported_vs_unsupported/gen_demux.gen_aw_id_counter.i_aw_id_counter/clk_i
    SLICE_X34Y95         FDCE                                         r  i_kecc_aes_k_axi_top/i_axi2reg/i_axi_to_axi_lite/i_axi_burst_splitter/i_demux_supported_vs_unsupported/gen_demux.gen_aw_id_counter.i_aw_id_counter/gen_counters[31].mst_select_q_reg[31][0]/C
  -------------------------------------------------------------------    -------------------
    SLICE_X34Y95         FDCE (Prop_fdce_C_Q)         0.398     1.185 r  i_kecc_aes_k_axi_top/i_axi2reg/i_axi_to_axi_lite/i_axi_burst_splitter/i_demux_supported_vs_unsupported/gen_demux.gen_aw_id_counter.i_aw_id_counter/gen_counters[31].mst_select_q_reg[31][0]/Q
                         net (fo=2, estimated)        0.680     1.865    i_kecc_aes_k_axi_top/i_axi2reg/i_axi_to_axi_lite/i_axi_burst_splitter/i_demux_supported_vs_unsupported/gen_demux.gen_aw_id_counter.i_aw_id_counter/gen_counters[31].mst_select_q_reg[31]_0
    SLICE_X36Y94         LUT6 (Prop_lut6_I0_O)        0.232     2.097 r  i_kecc_aes_k_axi_top/i_axi2reg/i_axi_to_axi_lite/i_axi_burst_splitter/i_demux_supported_vs_unsupported/gen_demux.gen_aw_id_counter.i_aw_id_counter/axi_rsp_o[aw_ready]_INST_0_i_42/O
                         net (fo=1, routed)           0.000     2.097    i_kecc_aes_k_axi_top/i_axi2reg/i_axi_to_axi_lite/i_axi_burst_splitter/i_demux_supported_vs_unsupported/gen_demux.gen_aw_id_counter.i_aw_id_counter/axi_rsp_o[aw_ready]_INST_0_i_42_n_0
    SLICE_X36Y94         MUXF7 (Prop_muxf7_I1_O)      0.182     2.279 r  i_kecc_aes_k_axi_top/i_axi2reg/i_axi_to_axi_lite/i_axi_burst_splitter/i_demux_supported_vs_unsupported/gen_demux.gen_aw_id_counter.i_aw_id_counter/axi_rsp_o[aw_ready]_INST_0_i_32/O
                         net (fo=1, routed)           0.000     2.279    i_kecc_aes_k_axi_top/i_axi2reg/i_axi_to_axi_lite/i_axi_burst_splitter/i_demux_supported_vs_unsupported/gen_demux.gen_aw_id_counter.i_aw_id_counter/axi_rsp_o[aw_ready]_INST_0_i_32_n_0
    SLICE_X36Y94         MUXF8 (Prop_muxf8_I1_O)      0.079     2.358 r  i_kecc_aes_k_axi_top/i_axi2reg/i_axi_to_axi_lite/i_axi_burst_splitter/i_demux_supported_vs_unsupported/gen_demux.gen_aw_id_counter.i_aw_id_counter/axi_rsp_o[aw_ready]_INST_0_i_21/O
                         net (fo=1, estimated)        0.683     3.041    i_kecc_aes_k_axi_top/i_axi2reg/i_axi_to_axi_lite/i_axi_burst_splitter/i_demux_supported_vs_unsupported/gen_demux.gen_aw_id_counter.i_aw_id_counter/gen_counters[3].i_in_flight_cnt/axi_rsp_o[aw_ready]_INST_0_i_6
    SLICE_X34Y95         LUT6 (Prop_lut6_I1_O)        0.264     3.305 f  i_kecc_aes_k_axi_top/i_axi2reg/i_axi_to_axi_lite/i_axi_burst_splitter/i_demux_supported_vs_unsupported/gen_demux.gen_aw_id_counter.i_aw_id_counter/gen_counters[3].i_in_flight_cnt/axi_rsp_o[aw_ready]_INST_0_i_12/O
                         net (fo=2, estimated)        0.247     3.552    i_kecc_aes_k_axi_top/i_axi2reg/i_axi_to_axi_lite/i_axi_burst_splitter/i_demux_supported_vs_unsupported/gen_demux.gen_aw_id_counter.i_aw_id_counter/gen_counters[3].i_in_flight_cnt/axi_req_i[aw][id]_4_sn_1
    SLICE_X36Y95         LUT6 (Prop_lut6_I1_O)        0.105     3.657 f  i_kecc_aes_k_axi_top/i_axi2reg/i_axi_to_axi_lite/i_axi_burst_splitter/i_demux_supported_vs_unsupported/gen_demux.gen_aw_id_counter.i_aw_id_counter/gen_counters[3].i_in_flight_cnt/status_cnt_q[1]_i_2__3/O
                         net (fo=41, estimated)       0.331     3.988    i_kecc_aes_k_axi_top/i_axi2reg/i_axi_to_axi_lite/i_axi_burst_splitter/i_demux_supported_vs_unsupported/gen_demux.i_w_fifo/status_cnt_q_reg[1]_0
    SLICE_X38Y95         LUT6 (Prop_lut6_I4_O)        0.105     4.093 f  i_kecc_aes_k_axi_top/i_axi2reg/i_axi_to_axi_lite/i_axi_burst_splitter/i_demux_supported_vs_unsupported/gen_demux.i_w_fifo/axi_rsp_o[w_ready]_INST_0_i_6/O
                         net (fo=3, estimated)        0.350     4.443    i_kecc_aes_k_axi_top/i_axi2reg/i_axi_to_axi_lite/i_axi_burst_splitter/i_demux_supported_vs_unsupported/gen_demux.i_w_fifo/axi_rsp_o[w_ready]_INST_0_i_6_n_0
    SLICE_X40Y96         LUT6 (Prop_lut6_I0_O)        0.105     4.548 r  i_kecc_aes_k_axi_top/i_axi2reg/i_axi_to_axi_lite/i_axi_burst_splitter/i_demux_supported_vs_unsupported/gen_demux.i_w_fifo/q[63]_i_27/O
                         net (fo=15, estimated)       0.290     4.838    i_kecc_aes_k_axi_top/i_axi2reg/i_axi_lite_to_reg/i_fifo_write_req/q_reg[0]
    SLICE_X43Y96         LUT5 (Prop_lut5_I0_O)        0.105     4.943 r  i_kecc_aes_k_axi_top/i_axi2reg/i_axi_lite_to_reg/i_fifo_write_req/gen_arbiter.gen_int_rr.rr_q[0]_i_2__0/O
                         net (fo=4, estimated)        0.259     5.202    i_kecc_aes_k_axi_top/i_axi2reg/i_axi_lite_to_reg/i_fifo_read/mem_q_reg[0][error]__0_1
    SLICE_X45Y97         LUT6 (Prop_lut6_I1_O)        0.105     5.307 f  i_kecc_aes_k_axi_top/i_axi2reg/i_axi_lite_to_reg/i_fifo_read/status_cnt_q[1]_i_2__0/O
                         net (fo=43, estimated)       0.404     5.711    i_kecc_aes_k_axi_top/i_axi2reg/i_axi_lite_to_reg/i_fifo_read/write_ready
    SLICE_X45Y99         LUT5 (Prop_lut5_I3_O)        0.105     5.816 r  i_kecc_aes_k_axi_top/i_axi2reg/i_axi_lite_to_reg/i_fifo_read/q[63]_i_16/O
                         net (fo=1, estimated)        0.257     6.073    i_kecc_aes_k_axi_top/i_axi2reg/i_axi_lite_to_reg/i_fifo_read/reg_req_i[addr][0]
    SLICE_X46Y100        LUT6 (Prop_lut6_I5_O)        0.105     6.178 r  i_kecc_aes_k_axi_top/i_axi2reg/i_axi_lite_to_reg/i_fifo_read/q[63]_i_14__0/O
                         net (fo=1, estimated)        0.123     6.301    i_kecc_aes_k_axi_top/i_axi2reg/i_axi_lite_to_reg/i_fifo_read/q[63]_i_14__0_n_0
    SLICE_X46Y100        LUT6 (Prop_lut6_I5_O)        0.105     6.406 r  i_kecc_aes_k_axi_top/i_axi2reg/i_axi_lite_to_reg/i_fifo_read/q[63]_i_9/O
                         net (fo=5, estimated)        0.159     6.565    i_kecc_aes_k_axi_top/i_axi2reg/i_axi_lite_to_reg/i_fifo_read/q[63]_i_9_n_0
    SLICE_X46Y100        LUT2 (Prop_lut2_I1_O)        0.105     6.670 r  i_kecc_aes_k_axi_top/i_axi2reg/i_axi_lite_to_reg/i_fifo_read/q[63]_i_4/O
                         net (fo=19, estimated)       0.698     7.368    i_kecc_aes_k_axi_top/i_axi2reg/i_axi_lite_to_reg/i_fifo_read/q[63]_i_4_n_0
    SLICE_X46Y110        LUT4 (Prop_lut4_I1_O)        0.105     7.473 r  i_kecc_aes_k_axi_top/i_axi2reg/i_axi_lite_to_reg/i_fifo_read/wr_data_i_3__6/O
                         net (fo=35, estimated)       0.550     8.023    i_kecc_aes_k_axi_top/i_axi2reg/i_axi_lite_to_reg/i_fifo_read/read_pointer_q_reg[0]_32
    SLICE_X52Y110        LUT3 (Prop_lut3_I2_O)        0.105     8.128 r  i_kecc_aes_k_axi_top/i_axi2reg/i_axi_lite_to_reg/i_fifo_read/wr_data_i_2__16/O
                         net (fo=65, estimated)       0.487     8.615    i_kecc_aes_k_axi_top/i_axi2reg/i_axi_lite_to_reg/i_fifo_read/wr_data_i_2__16_n_0
    SLICE_X58Y112        LUT6 (Prop_lut6_I3_O)        0.105     8.720 r  i_kecc_aes_k_axi_top/i_axi2reg/i_axi_lite_to_reg/i_fifo_read/mem_q[0][data][28]_i_14/O
                         net (fo=1, estimated)        0.927     9.647    i_kecc_aes_k_axi_top/i_axi2reg/i_axi_lite_to_reg/i_fifo_read/mem_q[0][data][28]_i_14_n_0
    SLICE_X55Y111        LUT3 (Prop_lut3_I0_O)        0.119     9.766 r  i_kecc_aes_k_axi_top/i_axi2reg/i_axi_lite_to_reg/i_fifo_read/mem_q[0][data][28]_i_5/O
                         net (fo=1, estimated)        0.775    10.541    i_kecc_aes_k_axi_top/i_axi2reg/i_axi_lite_to_reg/i_fifo_read/mem_q[0][data][28]_i_5_n_0
    SLICE_X50Y112        LUT6 (Prop_lut6_I3_O)        0.274    10.815 r  i_kecc_aes_k_axi_top/i_axi2reg/i_axi_lite_to_reg/i_fifo_read/mem_q[0][data][28]_i_1/O
                         net (fo=2, estimated)        0.675    11.490    i_kecc_aes_k_axi_top/i_axi2reg/i_axi_lite_to_reg/i_fifo_read_resp/D[28]
    SLICE_X51Y112        FDCE                                         r  i_kecc_aes_k_axi_top/i_axi2reg/i_axi_lite_to_reg/i_fifo_read_resp/mem_q_reg[1][data][28]/D
  -------------------------------------------------------------------    -------------------

                         (clock clk_i rise edge)     10.000    10.000 r  
                                                      0.000    10.000 r  clk_i (IN)
                         net (fo=3368, unset)         0.748    10.748    i_kecc_aes_k_axi_top/i_axi2reg/i_axi_lite_to_reg/i_fifo_read_resp/clk_i
    SLICE_X51Y112        FDCE                                         r  i_kecc_aes_k_axi_top/i_axi2reg/i_axi_lite_to_reg/i_fifo_read_resp/mem_q_reg[1][data][28]/C
                         clock pessimism              0.000    10.748    
                         clock uncertainty           -0.035    10.712    
    SLICE_X51Y112        FDCE (Setup_fdce_C_D)       -0.072    10.640    i_kecc_aes_k_axi_top/i_axi2reg/i_axi_lite_to_reg/i_fifo_read_resp/mem_q_reg[1][data][28]
  -------------------------------------------------------------------
                         required time                         10.640    
                         arrival time                         -11.490    
  -------------------------------------------------------------------
                         slack                                 -0.850    

Slack (VIOLATED) :        -0.850ns  (required time - arrival time)
  Source:                 i_kecc_aes_k_axi_top/i_axi2reg/i_axi_to_axi_lite/i_axi_burst_splitter/i_demux_supported_vs_unsupported/gen_demux.gen_aw_id_counter.i_aw_id_counter/gen_counters[31].mst_select_q_reg[31][0]/C
                            (rising edge-triggered cell FDCE clocked by clk_i  {rise@0.000ns fall@5.000ns period=10.000ns})
  Destination:            i_kecc_aes_k_axi_top/i_axi2reg/i_axi_lite_to_reg/i_fifo_read_resp/mem_q_reg[1][data][28]/D
                            (rising edge-triggered cell FDCE clocked by clk_i  {rise@0.000ns fall@5.000ns period=10.000ns})
  Path Group:             clk_i
  Path Type:              Setup (Max at Slow Process Corner)
  Requirement:            10.000ns  (clk_i rise@10.000ns - clk_i rise@0.000ns)
  Data Path Delay:        10.703ns  (logic 2.808ns (26.236%)  route 7.895ns (73.764%))
  Logic Levels:           18  (LUT2=1 LUT3=2 LUT4=1 LUT5=2 LUT6=10 MUXF7=1 MUXF8=1)
  Clock Path Skew:        -0.039ns (DCD - SCD + CPR)
    Destination Clock Delay (DCD):    0.748ns = ( 10.748 - 10.000 ) 
    Source Clock Delay      (SCD):    0.787ns
    Clock Pessimism Removal (CPR):    0.000ns
  Clock Uncertainty:      0.035ns  ((TSJ^2 + TIJ^2)^1/2 + DJ) / 2 + PE
    Total System Jitter     (TSJ):    0.071ns
    Total Input Jitter      (TIJ):    0.000ns
    Discrete Jitter          (DJ):    0.000ns
    Phase Error              (PE):    0.000ns

    Location             Delay type                Incr(ns)  Path(ns)    Netlist Resource(s)
  -------------------------------------------------------------------    -------------------
                         (clock clk_i rise edge)      0.000     0.000 r  
                                                      0.000     0.000 r  clk_i (IN)
                         net (fo=3368, unset)         0.787     0.787    i_kecc_aes_k_axi_top/i_axi2reg/i_axi_to_axi_lite/i_axi_burst_splitter/i_demux_supported_vs_unsupported/gen_demux.gen_aw_id_counter.i_aw_id_counter/clk_i
    SLICE_X34Y95         FDCE                                         r  i_kecc_aes_k_axi_top/i_axi2reg/i_axi_to_axi_lite/i_axi_burst_splitter/i_demux_supported_vs_unsupported/gen_demux.gen_aw_id_counter.i_aw_id_counter/gen_counters[31].mst_select_q_reg[31][0]/C
  -------------------------------------------------------------------    -------------------
    SLICE_X34Y95         FDCE (Prop_fdce_C_Q)         0.398     1.185 r  i_kecc_aes_k_axi_top/i_axi2reg/i_axi_to_axi_lite/i_axi_burst_splitter/i_demux_supported_vs_unsupported/gen_demux.gen_aw_id_counter.i_aw_id_counter/gen_counters[31].mst_select_q_reg[31][0]/Q
                         net (fo=2, estimated)        0.680     1.865    i_kecc_aes_k_axi_top/i_axi2reg/i_axi_to_axi_lite/i_axi_burst_splitter/i_demux_supported_vs_unsupported/gen_demux.gen_aw_id_counter.i_aw_id_counter/gen_counters[31].mst_select_q_reg[31]_0
    SLICE_X36Y94         LUT6 (Prop_lut6_I0_O)        0.232     2.097 r  i_kecc_aes_k_axi_top/i_axi2reg/i_axi_to_axi_lite/i_axi_burst_splitter/i_demux_supported_vs_unsupported/gen_demux.gen_aw_id_counter.i_aw_id_counter/axi_rsp_o[aw_ready]_INST_0_i_42/O
                         net (fo=1, routed)           0.000     2.097    i_kecc_aes_k_axi_top/i_axi2reg/i_axi_to_axi_lite/i_axi_burst_splitter/i_demux_supported_vs_unsupported/gen_demux.gen_aw_id_counter.i_aw_id_counter/axi_rsp_o[aw_ready]_INST_0_i_42_n_0
    SLICE_X36Y94         MUXF7 (Prop_muxf7_I1_O)      0.182     2.279 r  i_kecc_aes_k_axi_top/i_axi2reg/i_axi_to_axi_lite/i_axi_burst_splitter/i_demux_supported_vs_unsupported/gen_demux.gen_aw_id_counter.i_aw_id_counter/axi_rsp_o[aw_ready]_INST_0_i_32/O
                         net (fo=1, routed)           0.000     2.279    i_kecc_aes_k_axi_top/i_axi2reg/i_axi_to_axi_lite/i_axi_burst_splitter/i_demux_supported_vs_unsupported/gen_demux.gen_aw_id_counter.i_aw_id_counter/axi_rsp_o[aw_ready]_INST_0_i_32_n_0
    SLICE_X36Y94         MUXF8 (Prop_muxf8_I1_O)      0.079     2.358 r  i_kecc_aes_k_axi_top/i_axi2reg/i_axi_to_axi_lite/i_axi_burst_splitter/i_demux_supported_vs_unsupported/gen_demux.gen_aw_id_counter.i_aw_id_counter/axi_rsp_o[aw_ready]_INST_0_i_21/O
                         net (fo=1, estimated)        0.683     3.041    i_kecc_aes_k_axi_top/i_axi2reg/i_axi_to_axi_lite/i_axi_burst_splitter/i_demux_supported_vs_unsupported/gen_demux.gen_aw_id_counter.i_aw_id_counter/gen_counters[3].i_in_flight_cnt/axi_rsp_o[aw_ready]_INST_0_i_6
    SLICE_X34Y95         LUT6 (Prop_lut6_I1_O)        0.264     3.305 r  i_kecc_aes_k_axi_top/i_axi2reg/i_axi_to_axi_lite/i_axi_burst_splitter/i_demux_supported_vs_unsupported/gen_demux.gen_aw_id_counter.i_aw_id_counter/gen_counters[3].i_in_flight_cnt/axi_rsp_o[aw_ready]_INST_0_i_12/O
                         net (fo=2, estimated)        0.247     3.552    i_kecc_aes_k_axi_top/i_axi2reg/i_axi_to_axi_lite/i_axi_burst_splitter/i_demux_supported_vs_unsupported/gen_demux.gen_aw_id_counter.i_aw_id_counter/gen_counters[3].i_in_flight_cnt/axi_req_i[aw][id]_4_sn_1
    SLICE_X36Y95         LUT6 (Prop_lut6_I1_O)        0.105     3.657 r  i_kecc_aes_k_axi_top/i_axi2reg/i_axi_to_axi_lite/i_axi_burst_splitter/i_demux_supported_vs_unsupported/gen_demux.gen_aw_id_counter.i_aw_id_counter/gen_counters[3].i_in_flight_cnt/status_cnt_q[1]_i_2__3/O
                         net (fo=41, estimated)       0.331     3.988    i_kecc_aes_k_axi_top/i_axi2reg/i_axi_to_axi_lite/i_axi_burst_splitter/i_demux_supported_vs_unsupported/gen_demux.i_w_fifo/status_cnt_q_reg[1]_0
    SLICE_X38Y95         LUT6 (Prop_lut6_I4_O)        0.105     4.093 r  i_kecc_aes_k_axi_top/i_axi2reg/i_axi_to_axi_lite/i_axi_burst_splitter/i_demux_supported_vs_unsupported/gen_demux.i_w_fifo/axi_rsp_o[w_ready]_INST_0_i_6/O
                         net (fo=3, estimated)        0.350     4.443    i_kecc_aes_k_axi_top/i_axi2reg/i_axi_to_axi_lite/i_axi_burst_splitter/i_demux_supported_vs_unsupported/gen_demux.i_w_fifo/axi_rsp_o[w_ready]_INST_0_i_6_n_0
    SLICE_X40Y96         LUT6 (Prop_lut6_I0_O)        0.105     4.548 f  i_kecc_aes_k_axi_top/i_axi2reg/i_axi_to_axi_lite/i_axi_burst_splitter/i_demux_supported_vs_unsupported/gen_demux.i_w_fifo/q[63]_i_27/O
                         net (fo=15, estimated)       0.290     4.838    i_kecc_aes_k_axi_top/i_axi2reg/i_axi_lite_to_reg/i_fifo_write_req/q_reg[0]
    SLICE_X43Y96         LUT5 (Prop_lut5_I0_O)        0.105     4.943 f  i_kecc_aes_k_axi_top/i_axi2reg/i_axi_lite_to_reg/i_fifo_write_req/gen_arbiter.gen_int_rr.rr_q[0]_i_2__0/O
                         net (fo=4, estimated)        0.259     5.202    i_kecc_aes_k_axi_top/i_axi2reg/i_axi_lite_to_reg/i_fifo_read/mem_q_reg[0][error]__0_1
    SLICE_X45Y97         LUT6 (Prop_lut6_I1_O)        0.105     5.307 r  i_kecc_aes_k_axi_top/i_axi2reg/i_axi_lite_to_reg/i_fifo_read/status_cnt_q[1]_i_2__0/O
                         net (fo=43, estimated)       0.404     5.711    i_kecc_aes_k_axi_top/i_axi2reg/i_axi_lite_to_reg/i_fifo_read/write_ready
    SLICE_X45Y99         LUT5 (Prop_lut5_I3_O)        0.105     5.816 f  i_kecc_aes_k_axi_top/i_axi2reg/i_axi_lite_to_reg/i_fifo_read/q[63]_i_16/O
                         net (fo=1, estimated)        0.257     6.073    i_kecc_aes_k_axi_top/i_axi2reg/i_axi_lite_to_reg/i_fifo_read/reg_req_i[addr][0]
    SLICE_X46Y100        LUT6 (Prop_lut6_I5_O)        0.105     6.178 f  i_kecc_aes_k_axi_top/i_axi2reg/i_axi_lite_to_reg/i_fifo_read/q[63]_i_14__0/O
                         net (fo=1, estimated)        0.123     6.301    i_kecc_aes_k_axi_top/i_axi2reg/i_axi_lite_to_reg/i_fifo_read/q[63]_i_14__0_n_0
    SLICE_X46Y100        LUT6 (Prop_lut6_I5_O)        0.105     6.406 f  i_kecc_aes_k_axi_top/i_axi2reg/i_axi_lite_to_reg/i_fifo_read/q[63]_i_9/O
                         net (fo=5, estimated)        0.159     6.565    i_kecc_aes_k_axi_top/i_axi2reg/i_axi_lite_to_reg/i_fifo_read/q[63]_i_9_n_0
    SLICE_X46Y100        LUT2 (Prop_lut2_I1_O)        0.105     6.670 f  i_kecc_aes_k_axi_top/i_axi2reg/i_axi_lite_to_reg/i_fifo_read/q[63]_i_4/O
                         net (fo=19, estimated)       0.698     7.368    i_kecc_aes_k_axi_top/i_axi2reg/i_axi_lite_to_reg/i_fifo_read/q[63]_i_4_n_0
    SLICE_X46Y110        LUT4 (Prop_lut4_I1_O)        0.105     7.473 f  i_kecc_aes_k_axi_top/i_axi2reg/i_axi_lite_to_reg/i_fifo_read/wr_data_i_3__6/O
                         net (fo=35, estimated)       0.550     8.023    i_kecc_aes_k_axi_top/i_axi2reg/i_axi_lite_to_reg/i_fifo_read/read_pointer_q_reg[0]_32
    SLICE_X52Y110        LUT3 (Prop_lut3_I2_O)        0.105     8.128 f  i_kecc_aes_k_axi_top/i_axi2reg/i_axi_lite_to_reg/i_fifo_read/wr_data_i_2__16/O
                         net (fo=65, estimated)       0.487     8.615    i_kecc_aes_k_axi_top/i_axi2reg/i_axi_lite_to_reg/i_fifo_read/wr_data_i_2__16_n_0
    SLICE_X58Y112        LUT6 (Prop_lut6_I3_O)        0.105     8.720 r  i_kecc_aes_k_axi_top/i_axi2reg/i_axi_lite_to_reg/i_fifo_read/mem_q[0][data][28]_i_14/O
                         net (fo=1, estimated)        0.927     9.647    i_kecc_aes_k_axi_top/i_axi2reg/i_axi_lite_to_reg/i_fifo_read/mem_q[0][data][28]_i_14_n_0
    SLICE_X55Y111        LUT3 (Prop_lut3_I0_O)        0.119     9.766 r  i_kecc_aes_k_axi_top/i_axi2reg/i_axi_lite_to_reg/i_fifo_read/mem_q[0][data][28]_i_5/O
                         net (fo=1, estimated)        0.775    10.541    i_kecc_aes_k_axi_top/i_axi2reg/i_axi_lite_to_reg/i_fifo_read/mem_q[0][data][28]_i_5_n_0
    SLICE_X50Y112        LUT6 (Prop_lut6_I3_O)        0.274    10.815 r  i_kecc_aes_k_axi_top/i_axi2reg/i_axi_lite_to_reg/i_fifo_read/mem_q[0][data][28]_i_1/O
                         net (fo=2, estimated)        0.675    11.490    i_kecc_aes_k_axi_top/i_axi2reg/i_axi_lite_to_reg/i_fifo_read_resp/D[28]
    SLICE_X51Y112        FDCE                                         r  i_kecc_aes_k_axi_top/i_axi2reg/i_axi_lite_to_reg/i_fifo_read_resp/mem_q_reg[1][data][28]/D
  -------------------------------------------------------------------    -------------------

                         (clock clk_i rise edge)     10.000    10.000 r  
                                                      0.000    10.000 r  clk_i (IN)
                         net (fo=3368, unset)         0.748    10.748    i_kecc_aes_k_axi_top/i_axi2reg/i_axi_lite_to_reg/i_fifo_read_resp/clk_i
    SLICE_X51Y112        FDCE                                         r  i_kecc_aes_k_axi_top/i_axi2reg/i_axi_lite_to_reg/i_fifo_read_resp/mem_q_reg[1][data][28]/C
                         clock pessimism              0.000    10.748    
                         clock uncertainty           -0.035    10.712    
    SLICE_X51Y112        FDCE (Setup_fdce_C_D)       -0.072    10.640    i_kecc_aes_k_axi_top/i_axi2reg/i_axi_lite_to_reg/i_fifo_read_resp/mem_q_reg[1][data][28]
  -------------------------------------------------------------------
                         required time                         10.640    
                         arrival time                         -11.490    
  -------------------------------------------------------------------
                         slack                                 -0.850    

Slack (VIOLATED) :        -0.850ns  (required time - arrival time)
  Source:                 i_kecc_aes_k_axi_top/i_axi2reg/i_axi_to_axi_lite/i_axi_burst_splitter/i_demux_supported_vs_unsupported/gen_demux.gen_aw_id_counter.i_aw_id_counter/gen_counters[31].mst_select_q_reg[31][0]/C
                            (rising edge-triggered cell FDCE clocked by clk_i  {rise@0.000ns fall@5.000ns period=10.000ns})
  Destination:            i_kecc_aes_k_axi_top/i_axi2reg/i_axi_lite_to_reg/i_fifo_read_resp/mem_q_reg[1][data][28]/D
                            (rising edge-triggered cell FDCE clocked by clk_i  {rise@0.000ns fall@5.000ns period=10.000ns})
  Path Group:             clk_i
  Path Type:              Setup (Max at Slow Process Corner)
  Requirement:            10.000ns  (clk_i rise@10.000ns - clk_i rise@0.000ns)
  Data Path Delay:        10.703ns  (logic 2.808ns (26.236%)  route 7.895ns (73.764%))
  Logic Levels:           18  (LUT2=1 LUT3=2 LUT4=1 LUT5=2 LUT6=10 MUXF7=1 MUXF8=1)
  Clock Path Skew:        -0.039ns (DCD - SCD + CPR)
    Destination Clock Delay (DCD):    0.748ns = ( 10.748 - 10.000 ) 
    Source Clock Delay      (SCD):    0.787ns
    Clock Pessimism Removal (CPR):    0.000ns
  Clock Uncertainty:      0.035ns  ((TSJ^2 + TIJ^2)^1/2 + DJ) / 2 + PE
    Total System Jitter     (TSJ):    0.071ns
    Total Input Jitter      (TIJ):    0.000ns
    Discrete Jitter          (DJ):    0.000ns
    Phase Error              (PE):    0.000ns

    Location             Delay type                Incr(ns)  Path(ns)    Netlist Resource(s)
  -------------------------------------------------------------------    -------------------
                         (clock clk_i rise edge)      0.000     0.000 r  
                                                      0.000     0.000 r  clk_i (IN)
                         net (fo=3368, unset)         0.787     0.787    i_kecc_aes_k_axi_top/i_axi2reg/i_axi_to_axi_lite/i_axi_burst_splitter/i_demux_supported_vs_unsupported/gen_demux.gen_aw_id_counter.i_aw_id_counter/clk_i
    SLICE_X34Y95         FDCE                                         r  i_kecc_aes_k_axi_top/i_axi2reg/i_axi_to_axi_lite/i_axi_burst_splitter/i_demux_supported_vs_unsupported/gen_demux.gen_aw_id_counter.i_aw_id_counter/gen_counters[31].mst_select_q_reg[31][0]/C
  -------------------------------------------------------------------    -------------------
    SLICE_X34Y95         FDCE (Prop_fdce_C_Q)         0.398     1.185 r  i_kecc_aes_k_axi_top/i_axi2reg/i_axi_to_axi_lite/i_axi_burst_splitter/i_demux_supported_vs_unsupported/gen_demux.gen_aw_id_counter.i_aw_id_counter/gen_counters[31].mst_select_q_reg[31][0]/Q
                         net (fo=2, estimated)        0.680     1.865    i_kecc_aes_k_axi_top/i_axi2reg/i_axi_to_axi_lite/i_axi_burst_splitter/i_demux_supported_vs_unsupported/gen_demux.gen_aw_id_counter.i_aw_id_counter/gen_counters[31].mst_select_q_reg[31]_0
    SLICE_X36Y94         LUT6 (Prop_lut6_I0_O)        0.232     2.097 r  i_kecc_aes_k_axi_top/i_axi2reg/i_axi_to_axi_lite/i_axi_burst_splitter/i_demux_supported_vs_unsupported/gen_demux.gen_aw_id_counter.i_aw_id_counter/axi_rsp_o[aw_ready]_INST_0_i_42/O
                         net (fo=1, routed)           0.000     2.097    i_kecc_aes_k_axi_top/i_axi2reg/i_axi_to_axi_lite/i_axi_burst_splitter/i_demux_supported_vs_unsupported/gen_demux.gen_aw_id_counter.i_aw_id_counter/axi_rsp_o[aw_ready]_INST_0_i_42_n_0
    SLICE_X36Y94         MUXF7 (Prop_muxf7_I1_O)      0.182     2.279 r  i_kecc_aes_k_axi_top/i_axi2reg/i_axi_to_axi_lite/i_axi_burst_splitter/i_demux_supported_vs_unsupported/gen_demux.gen_aw_id_counter.i_aw_id_counter/axi_rsp_o[aw_ready]_INST_0_i_32/O
                         net (fo=1, routed)           0.000     2.279    i_kecc_aes_k_axi_top/i_axi2reg/i_axi_to_axi_lite/i_axi_burst_splitter/i_demux_supported_vs_unsupported/gen_demux.gen_aw_id_counter.i_aw_id_counter/axi_rsp_o[aw_ready]_INST_0_i_32_n_0
    SLICE_X36Y94         MUXF8 (Prop_muxf8_I1_O)      0.079     2.358 r  i_kecc_aes_k_axi_top/i_axi2reg/i_axi_to_axi_lite/i_axi_burst_splitter/i_demux_supported_vs_unsupported/gen_demux.gen_aw_id_counter.i_aw_id_counter/axi_rsp_o[aw_ready]_INST_0_i_21/O
                         net (fo=1, estimated)        0.683     3.041    i_kecc_aes_k_axi_top/i_axi2reg/i_axi_to_axi_lite/i_axi_burst_splitter/i_demux_supported_vs_unsupported/gen_demux.gen_aw_id_counter.i_aw_id_counter/gen_counters[3].i_in_flight_cnt/axi_rsp_o[aw_ready]_INST_0_i_6
    SLICE_X34Y95         LUT6 (Prop_lut6_I1_O)        0.264     3.305 f  i_kecc_aes_k_axi_top/i_axi2reg/i_axi_to_axi_lite/i_axi_burst_splitter/i_demux_supported_vs_unsupported/gen_demux.gen_aw_id_counter.i_aw_id_counter/gen_counters[3].i_in_flight_cnt/axi_rsp_o[aw_ready]_INST_0_i_12/O
                         net (fo=2, estimated)        0.247     3.552    i_kecc_aes_k_axi_top/i_axi2reg/i_axi_to_axi_lite/i_axi_burst_splitter/i_demux_supported_vs_unsupported/gen_demux.gen_aw_id_counter.i_aw_id_counter/gen_counters[3].i_in_flight_cnt/axi_req_i[aw][id]_4_sn_1
    SLICE_X36Y95         LUT6 (Prop_lut6_I1_O)        0.105     3.657 f  i_kecc_aes_k_axi_top/i_axi2reg/i_axi_to_axi_lite/i_axi_burst_splitter/i_demux_supported_vs_unsupported/gen_demux.gen_aw_id_counter.i_aw_id_counter/gen_counters[3].i_in_flight_cnt/status_cnt_q[1]_i_2__3/O
                         net (fo=41, estimated)       0.331     3.988    i_kecc_aes_k_axi_top/i_axi2reg/i_axi_to_axi_lite/i_axi_burst_splitter/i_demux_supported_vs_unsupported/gen_demux.i_w_fifo/status_cnt_q_reg[1]_0
    SLICE_X38Y95         LUT6 (Prop_lut6_I4_O)        0.105     4.093 f  i_kecc_aes_k_axi_top/i_axi2reg/i_axi_to_axi_lite/i_axi_burst_splitter/i_demux_supported_vs_unsupported/gen_demux.i_w_fifo/axi_rsp_o[w_ready]_INST_0_i_6/O
                         net (fo=3, estimated)        0.350     4.443    i_kecc_aes_k_axi_top/i_axi2reg/i_axi_to_axi_lite/i_axi_burst_splitter/i_demux_supported_vs_unsupported/gen_demux.i_w_fifo/axi_rsp_o[w_ready]_INST_0_i_6_n_0
    SLICE_X40Y96         LUT6 (Prop_lut6_I0_O)        0.105     4.548 r  i_kecc_aes_k_axi_top/i_axi2reg/i_axi_to_axi_lite/i_axi_burst_splitter/i_demux_supported_vs_unsupported/gen_demux.i_w_fifo/q[63]_i_27/O
                         net (fo=15, estimated)       0.290     4.838    i_kecc_aes_k_axi_top/i_axi2reg/i_axi_lite_to_reg/i_fifo_write_req/q_reg[0]
    SLICE_X43Y96         LUT5 (Prop_lut5_I0_O)        0.105     4.943 r  i_kecc_aes_k_axi_top/i_axi2reg/i_axi_lite_to_reg/i_fifo_write_req/gen_arbiter.gen_int_rr.rr_q[0]_i_2__0/O
                         net (fo=4, estimated)        0.259     5.202    i_kecc_aes_k_axi_top/i_axi2reg/i_axi_lite_to_reg/i_fifo_read/mem_q_reg[0][error]__0_1
    SLICE_X45Y97         LUT6 (Prop_lut6_I1_O)        0.105     5.307 f  i_kecc_aes_k_axi_top/i_axi2reg/i_axi_lite_to_reg/i_fifo_read/status_cnt_q[1]_i_2__0/O
                         net (fo=43, estimated)       0.404     5.711    i_kecc_aes_k_axi_top/i_axi2reg/i_axi_lite_to_reg/i_fifo_read/write_ready
    SLICE_X45Y99         LUT5 (Prop_lut5_I3_O)        0.105     5.816 f  i_kecc_aes_k_axi_top/i_axi2reg/i_axi_lite_to_reg/i_fifo_read/q[63]_i_16/O
                         net (fo=1, estimated)        0.257     6.073    i_kecc_aes_k_axi_top/i_axi2reg/i_axi_lite_to_reg/i_fifo_read/reg_req_i[addr][0]
    SLICE_X46Y100        LUT6 (Prop_lut6_I5_O)        0.105     6.178 f  i_kecc_aes_k_axi_top/i_axi2reg/i_axi_lite_to_reg/i_fifo_read/q[63]_i_14__0/O
                         net (fo=1, estimated)        0.123     6.301    i_kecc_aes_k_axi_top/i_axi2reg/i_axi_lite_to_reg/i_fifo_read/q[63]_i_14__0_n_0
    SLICE_X46Y100        LUT6 (Prop_lut6_I5_O)        0.105     6.406 f  i_kecc_aes_k_axi_top/i_axi2reg/i_axi_lite_to_reg/i_fifo_read/q[63]_i_9/O
                         net (fo=5, estimated)        0.159     6.565    i_kecc_aes_k_axi_top/i_axi2reg/i_axi_lite_to_reg/i_fifo_read/q[63]_i_9_n_0
    SLICE_X46Y100        LUT2 (Prop_lut2_I1_O)        0.105     6.670 f  i_kecc_aes_k_axi_top/i_axi2reg/i_axi_lite_to_reg/i_fifo_read/q[63]_i_4/O
                         net (fo=19, estimated)       0.698     7.368    i_kecc_aes_k_axi_top/i_axi2reg/i_axi_lite_to_reg/i_fifo_read/q[63]_i_4_n_0
    SLICE_X46Y110        LUT4 (Prop_lut4_I1_O)        0.105     7.473 f  i_kecc_aes_k_axi_top/i_axi2reg/i_axi_lite_to_reg/i_fifo_read/wr_data_i_3__6/O
                         net (fo=35, estimated)       0.550     8.023    i_kecc_aes_k_axi_top/i_axi2reg/i_axi_lite_to_reg/i_fifo_read/read_pointer_q_reg[0]_32
    SLICE_X52Y110        LUT3 (Prop_lut3_I2_O)        0.105     8.128 f  i_kecc_aes_k_axi_top/i_axi2reg/i_axi_lite_to_reg/i_fifo_read/wr_data_i_2__16/O
                         net (fo=65, estimated)       0.487     8.615    i_kecc_aes_k_axi_top/i_axi2reg/i_axi_lite_to_reg/i_fifo_read/wr_data_i_2__16_n_0
    SLICE_X58Y112        LUT6 (Prop_lut6_I3_O)        0.105     8.720 r  i_kecc_aes_k_axi_top/i_axi2reg/i_axi_lite_to_reg/i_fifo_read/mem_q[0][data][28]_i_14/O
                         net (fo=1, estimated)        0.927     9.647    i_kecc_aes_k_axi_top/i_axi2reg/i_axi_lite_to_reg/i_fifo_read/mem_q[0][data][28]_i_14_n_0
    SLICE_X55Y111        LUT3 (Prop_lut3_I0_O)        0.119     9.766 r  i_kecc_aes_k_axi_top/i_axi2reg/i_axi_lite_to_reg/i_fifo_read/mem_q[0][data][28]_i_5/O
                         net (fo=1, estimated)        0.775    10.541    i_kecc_aes_k_axi_top/i_axi2reg/i_axi_lite_to_reg/i_fifo_read/mem_q[0][data][28]_i_5_n_0
    SLICE_X50Y112        LUT6 (Prop_lut6_I3_O)        0.274    10.815 r  i_kecc_aes_k_axi_top/i_axi2reg/i_axi_lite_to_reg/i_fifo_read/mem_q[0][data][28]_i_1/O
                         net (fo=2, estimated)        0.675    11.490    i_kecc_aes_k_axi_top/i_axi2reg/i_axi_lite_to_reg/i_fifo_read_resp/D[28]
    SLICE_X51Y112        FDCE                                         r  i_kecc_aes_k_axi_top/i_axi2reg/i_axi_lite_to_reg/i_fifo_read_resp/mem_q_reg[1][data][28]/D
  -------------------------------------------------------------------    -------------------

                         (clock clk_i rise edge)     10.000    10.000 r  
                                                      0.000    10.000 r  clk_i (IN)
                         net (fo=3368, unset)         0.748    10.748    i_kecc_aes_k_axi_top/i_axi2reg/i_axi_lite_to_reg/i_fifo_read_resp/clk_i
    SLICE_X51Y112        FDCE                                         r  i_kecc_aes_k_axi_top/i_axi2reg/i_axi_lite_to_reg/i_fifo_read_resp/mem_q_reg[1][data][28]/C
                         clock pessimism              0.000    10.748    
                         clock uncertainty           -0.035    10.712    
    SLICE_X51Y112        FDCE (Setup_fdce_C_D)       -0.072    10.640    i_kecc_aes_k_axi_top/i_axi2reg/i_axi_lite_to_reg/i_fifo_read_resp/mem_q_reg[1][data][28]
  -------------------------------------------------------------------
                         required time                         10.640    
                         arrival time                         -11.490    
  -------------------------------------------------------------------
                         slack                                 -0.850    




