Copyright 1986-2022 Xilinx, Inc. All Rights Reserved. Copyright 2022-2024 Advanced Micro Devices, Inc. All Rights Reserved.
--------------------------------------------------------------------------------------------------------------------------------------------------------
| Tool Version : Vivado v.2024.1 (win64) Build 5076996 Wed May 22 18:37:14 MDT 2024
| Date         : Mon Aug 10 14:56:01 2026
| Host         : AlessandraYOGA running 64-bit major release  (build 9200)
| Command      : report_timing -max_paths 20 -nworst 20 -delay_type max -sort_by slack -file reports_v4_bp/kecc_aes_k_axi_synth_top.timing_WORST_20.rpt
| Design       : kecc_aes_k_axi_synth_top
| Device       : 7a100t-ftg256
| Speed File   : -2  PRODUCTION 1.23 2018-06-13
| Design State : Fully Placed
--------------------------------------------------------------------------------------------------------------------------------------------------------

Timing Report

Slack (VIOLATED) :        -1.125ns  (required time - arrival time)
  Source:                 i_kecc_aes_k_axi_top/i_axi2reg/i_axi_to_axi_lite/i_axi_burst_splitter/i_demux_supported_vs_unsupported/gen_demux.gen_ar_id_counter.i_ar_id_counter/gen_counters[18].i_in_flight_cnt/counter_q_reg[0]/C
                            (rising edge-triggered cell FDCE clocked by clk_i  {rise@0.000ns fall@5.000ns period=10.000ns})
  Destination:            i_kecc_aes_k_axi_top/i_axi2reg/i_axi_to_axi_lite/i_axi_burst_splitter/i_demux_supported_vs_unsupported/gen_demux.gen_aw_id_counter.i_aw_id_counter/gen_counters[2].i_in_flight_cnt/counter_q_reg[0]/D
                            (rising edge-triggered cell FDCE clocked by clk_i  {rise@0.000ns fall@5.000ns period=10.000ns})
  Path Group:             clk_i
  Path Type:              Setup (Max at Slow Process Corner)
  Requirement:            10.000ns  (clk_i rise@10.000ns - clk_i rise@0.000ns)
  Data Path Delay:        11.082ns  (logic 2.323ns (20.962%)  route 8.759ns (79.038%))
  Logic Levels:           18  (LUT3=1 LUT4=2 LUT5=3 LUT6=12)
  Clock Path Skew:        -0.039ns (DCD - SCD + CPR)
    Destination Clock Delay (DCD):    0.748ns = ( 10.748 - 10.000 ) 
    Source Clock Delay      (SCD):    0.787ns
    Clock Pessimism Removal (CPR):    0.000ns
  Clock Uncertainty:      0.035ns  ((TSJ^2 + TIJ^2)^1/2 + DJ) / 2 + PE
    Total System Jitter     (TSJ):    0.071ns
    Total Input Jitter      (TIJ):    0.000ns
    Discrete Jitter          (DJ):    0.000ns
    Phase Error              (PE):    0.000ns

    Location             Delay type                Incr(ns)  Path(ns)    Netlist Resource(s)
  -------------------------------------------------------------------    -------------------
                         (clock clk_i rise edge)      0.000     0.000 r  
                                                      0.000     0.000 r  clk_i (IN)
                         net (fo=4814, unset)         0.787     0.787    i_kecc_aes_k_axi_top/i_axi2reg/i_axi_to_axi_lite/i_axi_burst_splitter/i_demux_supported_vs_unsupported/gen_demux.gen_ar_id_counter.i_ar_id_counter/gen_counters[18].i_in_flight_cnt/clk_i
    SLICE_X12Y128        FDCE                                         r  i_kecc_aes_k_axi_top/i_axi2reg/i_axi_to_axi_lite/i_axi_burst_splitter/i_demux_supported_vs_unsupported/gen_demux.gen_ar_id_counter.i_ar_id_counter/gen_counters[18].i_in_flight_cnt/counter_q_reg[0]/C
  -------------------------------------------------------------------    -------------------
    SLICE_X12Y128        FDCE (Prop_fdce_C_Q)         0.433     1.220 f  i_kecc_aes_k_axi_top/i_axi2reg/i_axi_to_axi_lite/i_axi_burst_splitter/i_demux_supported_vs_unsupported/gen_demux.gen_ar_id_counter.i_ar_id_counter/gen_counters[18].i_in_flight_cnt/counter_q_reg[0]/Q
                         net (fo=4, estimated)        0.531     1.751    i_kecc_aes_k_axi_top/i_axi2reg/i_axi_to_axi_lite/i_axi_burst_splitter/i_demux_supported_vs_unsupported/gen_demux.gen_ar_id_counter.i_ar_id_counter/gen_counters[18].i_in_flight_cnt/counter_q_reg[0]_0
    SLICE_X13Y127        LUT4 (Prop_lut4_I0_O)        0.105     1.856 f  i_kecc_aes_k_axi_top/i_axi2reg/i_axi_to_axi_lite/i_axi_burst_splitter/i_demux_supported_vs_unsupported/gen_demux.gen_ar_id_counter.i_ar_id_counter/gen_counters[18].i_in_flight_cnt/axi_rsp_o[ar_ready]_INST_0_i_35/O
                         net (fo=1, estimated)        0.509     2.365    i_kecc_aes_k_axi_top/i_axi2reg/i_axi_to_axi_lite/i_axi_burst_splitter/i_demux_supported_vs_unsupported/gen_demux.gen_ar_id_counter.i_ar_id_counter/gen_counters[18].i_in_flight_cnt/axi_rsp_o[ar_ready]_INST_0_i_35_n_0
    SLICE_X13Y128        LUT4 (Prop_lut4_I0_O)        0.105     2.470 f  i_kecc_aes_k_axi_top/i_axi2reg/i_axi_to_axi_lite/i_axi_burst_splitter/i_demux_supported_vs_unsupported/gen_demux.gen_ar_id_counter.i_ar_id_counter/gen_counters[18].i_in_flight_cnt/axi_rsp_o[ar_ready]_INST_0_i_18/O
                         net (fo=1, estimated)        0.522     2.992    i_kecc_aes_k_axi_top/i_axi2reg/i_axi_to_axi_lite/i_axi_burst_splitter/i_demux_supported_vs_unsupported/gen_demux.gen_ar_id_counter.i_ar_id_counter/gen_counters[9].i_in_flight_cnt/gen_demux.lock_ar_valid_q_reg_5
    SLICE_X13Y138        LUT6 (Prop_lut6_I5_O)        0.105     3.097 f  i_kecc_aes_k_axi_top/i_axi2reg/i_axi_to_axi_lite/i_axi_burst_splitter/i_demux_supported_vs_unsupported/gen_demux.gen_ar_id_counter.i_ar_id_counter/gen_counters[9].i_in_flight_cnt/axi_rsp_o[ar_ready]_INST_0_i_5/O
                         net (fo=6, estimated)        0.626     3.723    i_kecc_aes_k_axi_top/i_axi2reg/i_axi_burst_splitter/i_demux_supported_vs_unsupported/gen_demux.ar_id_cnt_full
    SLICE_X14Y139        LUT6 (Prop_lut6_I3_O)        0.105     3.828 r  i_kecc_aes_k_axi_top/i_axi2reg/i___33/O
                         net (fo=41, estimated)       0.313     4.141    i_kecc_aes_k_axi_top/i_axi2reg/i_axi_to_axi_lite/i_axi_burst_splitter/i_demux_supported_vs_unsupported/gen_demux.i_w_fifo/write_pointer_q_reg[0]_0
    SLICE_X14Y140        LUT6 (Prop_lut6_I1_O)        0.105     4.246 r  i_kecc_aes_k_axi_top/i_axi2reg/i_axi_to_axi_lite/i_axi_burst_splitter/i_demux_supported_vs_unsupported/gen_demux.i_w_fifo/i__i_2__0__0/O
                         net (fo=2, estimated)        0.936     5.182    i_kecc_aes_k_axi_top/i_axi2reg/axi_lite_req[w_valid]
    SLICE_X33Y130        LUT6 (Prop_lut6_I4_O)        0.105     5.287 r  i_kecc_aes_k_axi_top/i_axi2reg/i__i_1__4/O
                         net (fo=31, estimated)       0.311     5.598    i_kecc_aes_k_axi_top/i_axi2reg/i_axi_to_axi_lite/i_axi_burst_splitter/i_demux_supported_vs_unsupported/gen_demux.gen_aw_id_counter.i_aw_id_counter/gen_counters[3].i_in_flight_cnt/splitted_resp[aw_ready]
    SLICE_X32Y128        LUT6 (Prop_lut6_I3_O)        0.105     5.703 r  i_kecc_aes_k_axi_top/i_axi2reg/i_axi_to_axi_lite/i_axi_burst_splitter/i_demux_supported_vs_unsupported/gen_demux.gen_aw_id_counter.i_aw_id_counter/gen_counters[3].i_in_flight_cnt/i__i_3__6/O
                         net (fo=1, estimated)        0.231     5.934    i_kecc_aes_k_axi_top/i_axi2reg/i_axi_to_axi_lite_n_112
    SLICE_X37Y128        LUT6 (Prop_lut6_I3_O)        0.105     6.039 r  i_kecc_aes_k_axi_top/i_axi2reg/i___29/O
                         net (fo=41, estimated)       0.341     6.380    i_kecc_aes_k_axi_top/i_axi2reg/i_axi_to_axi_lite/i_axi_to_axi_lite_id_reflect/i_aw_id_fifo/i__i_2__4_0
    SLICE_X36Y128        LUT5 (Prop_lut5_I2_O)        0.105     6.485 r  i_kecc_aes_k_axi_top/i_axi2reg/i_axi_to_axi_lite/i_axi_to_axi_lite_id_reflect/i_aw_id_fifo/i__i_2__3__0/O
                         net (fo=1, estimated)        0.658     7.143    i_kecc_aes_k_axi_top/i_axi2reg/i_axi_to_axi_lite/i_axi_to_axi_lite_id_reflect/i_aw_id_fifo/i__i_2__3__0_n_0
    SLICE_X35Y128        LUT6 (Prop_lut6_I0_O)        0.105     7.248 r  i_kecc_aes_k_axi_top/i_axi2reg/i_axi_to_axi_lite/i_axi_to_axi_lite_id_reflect/i_aw_id_fifo/i__i_1__9/O
                         net (fo=22, estimated)       0.179     7.427    i_kecc_aes_k_axi_top/i_axi2reg/i_axi_to_axi_lite/i_axi_burst_splitter/i_axi_burst_splitter_aw_chan/i_axi_burst_splitter_counters/i_idq/gen_ht_ffs[1].head_tail_q_reg[1][free]__0_1
    SLICE_X35Y128        LUT6 (Prop_lut6_I5_O)        0.105     7.532 r  i_kecc_aes_k_axi_top/i_axi2reg/i_axi_to_axi_lite/i_axi_burst_splitter/i_axi_burst_splitter_aw_chan/i_axi_burst_splitter_counters/i_idq/i__i_1__7__0/O
                         net (fo=25, estimated)       0.511     8.043    i_kecc_aes_k_axi_top/i_axi2reg/i_axi_to_axi_lite/i_axi_burst_splitter/i_axi_burst_splitter_aw_chan/i_axi_burst_splitter_counters/i_idq/gen_ht_ffs[0].head_tail_q_reg[0][free]_0
    SLICE_X33Y127        LUT5 (Prop_lut5_I3_O)        0.105     8.148 f  i_kecc_aes_k_axi_top/i_axi2reg/i_axi_to_axi_lite/i_axi_burst_splitter/i_axi_burst_splitter_aw_chan/i_axi_burst_splitter_counters/i_idq/i__i_6__2/O
                         net (fo=4, estimated)        0.576     8.724    i_kecc_aes_k_axi_top/i_axi2reg/i_axi_to_axi_lite/i_axi_burst_splitter/i_axi_burst_splitter_aw_chan/i_axi_burst_splitter_counters/i_idq/counter_q_reg[4]
    SLICE_X33Y127        LUT6 (Prop_lut6_I0_O)        0.105     8.829 f  i_kecc_aes_k_axi_top/i_axi2reg/i_axi_to_axi_lite/i_axi_burst_splitter/i_axi_burst_splitter_aw_chan/i_axi_burst_splitter_counters/i_idq/i__i_2__13/O
                         net (fo=5, estimated)        0.575     9.404    i_kecc_aes_k_axi_top/i_axi2reg/i_axi_to_axi_lite/i_axi_burst_splitter/i_axi_burst_splitter_aw_chan/i_axi_burst_splitter_counters/i_idq/counter_q_reg[4]_0
    SLICE_X33Y127        LUT6 (Prop_lut6_I0_O)        0.105     9.509 f  i_kecc_aes_k_axi_top/i_axi2reg/i_axi_to_axi_lite/i_axi_burst_splitter/i_axi_burst_splitter_aw_chan/i_axi_burst_splitter_counters/i_idq/axi_rsp_o[b][resp][1]_INST_0_i_4/O
                         net (fo=1, estimated)        0.232     9.741    i_kecc_aes_k_axi_top/i_axi2reg/i_axi_to_axi_lite/i_axi_burst_splitter/i_demux_supported_vs_unsupported/gen_demux.i_b_mux/read_pointer_q_reg[0]
    SLICE_X31Y128        LUT6 (Prop_lut6_I2_O)        0.105     9.846 r  i_kecc_aes_k_axi_top/i_axi2reg/i_axi_to_axi_lite/i_axi_burst_splitter/i_demux_supported_vs_unsupported/gen_demux.i_b_mux/axi_rsp_o[b][resp][1]_INST_0_i_2/O
                         net (fo=14, estimated)       0.389    10.235    i_kecc_aes_k_axi_top/i_axi2reg/i_axi_to_axi_lite/i_axi_burst_splitter/i_err_slv/i_b_fifo/read_pointer_q_reg[0]_1
    SLICE_X30Y128        LUT6 (Prop_lut6_I3_O)        0.105    10.340 r  i_kecc_aes_k_axi_top/i_axi2reg/i_axi_to_axi_lite/i_axi_burst_splitter/i_err_slv/i_b_fifo/axi_rsp_o[b][id][2]_INST_0_i_1/O
                         net (fo=9, estimated)        0.631    10.971    i_kecc_aes_k_axi_top/i_axi2reg/filtered_resp[b][id][2]
    SLICE_X28Y130        LUT3 (Prop_lut3_I0_O)        0.105    11.076 r  i_kecc_aes_k_axi_top/i_axi2reg/i___16/O
                         net (fo=8, estimated)        0.688    11.764    i_kecc_aes_k_axi_top/i_axi2reg/i_axi_to_axi_lite/i_axi_burst_splitter/i_demux_supported_vs_unsupported/gen_demux.gen_aw_id_counter.i_aw_id_counter/gen_counters[2].i_in_flight_cnt/counter_q_reg[1]_1
    SLICE_X15Y135        LUT5 (Prop_lut5_I1_O)        0.105    11.869 r  i_kecc_aes_k_axi_top/i_axi2reg/i_axi_to_axi_lite/i_axi_burst_splitter/i_demux_supported_vs_unsupported/gen_demux.gen_aw_id_counter.i_aw_id_counter/gen_counters[2].i_in_flight_cnt/counter_q[0]_i_1/O
                         net (fo=1, routed)           0.000    11.869    i_kecc_aes_k_axi_top/i_axi2reg/i_axi_to_axi_lite/i_axi_burst_splitter/i_demux_supported_vs_unsupported/gen_demux.gen_aw_id_counter.i_aw_id_counter/gen_counters[2].i_in_flight_cnt/counter_q[0]_i_1_n_0
    SLICE_X15Y135        FDCE                                         r  i_kecc_aes_k_axi_top/i_axi2reg/i_axi_to_axi_lite/i_axi_burst_splitter/i_demux_supported_vs_unsupported/gen_demux.gen_aw_id_counter.i_aw_id_counter/gen_counters[2].i_in_flight_cnt/counter_q_reg[0]/D
  -------------------------------------------------------------------    -------------------

                         (clock clk_i rise edge)     10.000    10.000 r  
                                                      0.000    10.000 r  clk_i (IN)
                         net (fo=4814, unset)         0.748    10.748    i_kecc_aes_k_axi_top/i_axi2reg/i_axi_to_axi_lite/i_axi_burst_splitter/i_demux_supported_vs_unsupported/gen_demux.gen_aw_id_counter.i_aw_id_counter/gen_counters[2].i_in_flight_cnt/clk_i
    SLICE_X15Y135        FDCE                                         r  i_kecc_aes_k_axi_top/i_axi2reg/i_axi_to_axi_lite/i_axi_burst_splitter/i_demux_supported_vs_unsupported/gen_demux.gen_aw_id_counter.i_aw_id_counter/gen_counters[2].i_in_flight_cnt/counter_q_reg[0]/C
                         clock pessimism              0.000    10.748    
                         clock uncertainty           -0.035    10.712    
    SLICE_X15Y135        FDCE (Setup_fdce_C_D)        0.032    10.744    i_kecc_aes_k_axi_top/i_axi2reg/i_axi_to_axi_lite/i_axi_burst_splitter/i_demux_supported_vs_unsupported/gen_demux.gen_aw_id_counter.i_aw_id_counter/gen_counters[2].i_in_flight_cnt/counter_q_reg[0]
  -------------------------------------------------------------------
                         required time                         10.744    
                         arrival time                         -11.869    
  -------------------------------------------------------------------
                         slack                                 -1.125    

Slack (VIOLATED) :        -1.125ns  (required time - arrival time)
  Source:                 i_kecc_aes_k_axi_top/i_axi2reg/i_axi_to_axi_lite/i_axi_burst_splitter/i_demux_supported_vs_unsupported/gen_demux.gen_ar_id_counter.i_ar_id_counter/gen_counters[18].i_in_flight_cnt/counter_q_reg[0]/C
                            (rising edge-triggered cell FDCE clocked by clk_i  {rise@0.000ns fall@5.000ns period=10.000ns})
  Destination:            i_kecc_aes_k_axi_top/i_axi2reg/i_axi_to_axi_lite/i_axi_burst_splitter/i_demux_supported_vs_unsupported/gen_demux.gen_aw_id_counter.i_aw_id_counter/gen_counters[2].i_in_flight_cnt/counter_q_reg[0]/D
                            (rising edge-triggered cell FDCE clocked by clk_i  {rise@0.000ns fall@5.000ns period=10.000ns})
  Path Group:             clk_i
  Path Type:              Setup (Max at Slow Process Corner)
  Requirement:            10.000ns  (clk_i rise@10.000ns - clk_i rise@0.000ns)
  Data Path Delay:        11.082ns  (logic 2.323ns (20.962%)  route 8.759ns (79.038%))
  Logic Levels:           18  (LUT3=1 LUT4=2 LUT5=3 LUT6=12)
  Clock Path Skew:        -0.039ns (DCD - SCD + CPR)
    Destination Clock Delay (DCD):    0.748ns = ( 10.748 - 10.000 ) 
    Source Clock Delay      (SCD):    0.787ns
    Clock Pessimism Removal (CPR):    0.000ns
  Clock Uncertainty:      0.035ns  ((TSJ^2 + TIJ^2)^1/2 + DJ) / 2 + PE
    Total System Jitter     (TSJ):    0.071ns
    Total Input Jitter      (TIJ):    0.000ns
    Discrete Jitter          (DJ):    0.000ns
    Phase Error              (PE):    0.000ns

    Location             Delay type                Incr(ns)  Path(ns)    Netlist Resource(s)
  -------------------------------------------------------------------    -------------------
                         (clock clk_i rise edge)      0.000     0.000 r  
                                                      0.000     0.000 r  clk_i (IN)
                         net (fo=4814, unset)         0.787     0.787    i_kecc_aes_k_axi_top/i_axi2reg/i_axi_to_axi_lite/i_axi_burst_splitter/i_demux_supported_vs_unsupported/gen_demux.gen_ar_id_counter.i_ar_id_counter/gen_counters[18].i_in_flight_cnt/clk_i
    SLICE_X12Y128        FDCE                                         r  i_kecc_aes_k_axi_top/i_axi2reg/i_axi_to_axi_lite/i_axi_burst_splitter/i_demux_supported_vs_unsupported/gen_demux.gen_ar_id_counter.i_ar_id_counter/gen_counters[18].i_in_flight_cnt/counter_q_reg[0]/C
  -------------------------------------------------------------------    -------------------
    SLICE_X12Y128        FDCE (Prop_fdce_C_Q)         0.433     1.220 r  i_kecc_aes_k_axi_top/i_axi2reg/i_axi_to_axi_lite/i_axi_burst_splitter/i_demux_supported_vs_unsupported/gen_demux.gen_ar_id_counter.i_ar_id_counter/gen_counters[18].i_in_flight_cnt/counter_q_reg[0]/Q
                         net (fo=4, estimated)        0.531     1.751    i_kecc_aes_k_axi_top/i_axi2reg/i_axi_to_axi_lite/i_axi_burst_splitter/i_demux_supported_vs_unsupported/gen_demux.gen_ar_id_counter.i_ar_id_counter/gen_counters[18].i_in_flight_cnt/counter_q_reg[0]_0
    SLICE_X13Y127        LUT4 (Prop_lut4_I0_O)        0.105     1.856 r  i_kecc_aes_k_axi_top/i_axi2reg/i_axi_to_axi_lite/i_axi_burst_splitter/i_demux_supported_vs_unsupported/gen_demux.gen_ar_id_counter.i_ar_id_counter/gen_counters[18].i_in_flight_cnt/axi_rsp_o[ar_ready]_INST_0_i_35/O
                         net (fo=1, estimated)        0.509     2.365    i_kecc_aes_k_axi_top/i_axi2reg/i_axi_to_axi_lite/i_axi_burst_splitter/i_demux_supported_vs_unsupported/gen_demux.gen_ar_id_counter.i_ar_id_counter/gen_counters[18].i_in_flight_cnt/axi_rsp_o[ar_ready]_INST_0_i_35_n_0
    SLICE_X13Y128        LUT4 (Prop_lut4_I0_O)        0.105     2.470 r  i_kecc_aes_k_axi_top/i_axi2reg/i_axi_to_axi_lite/i_axi_burst_splitter/i_demux_supported_vs_unsupported/gen_demux.gen_ar_id_counter.i_ar_id_counter/gen_counters[18].i_in_flight_cnt/axi_rsp_o[ar_ready]_INST_0_i_18/O
                         net (fo=1, estimated)        0.522     2.992    i_kecc_aes_k_axi_top/i_axi2reg/i_axi_to_axi_lite/i_axi_burst_splitter/i_demux_supported_vs_unsupported/gen_demux.gen_ar_id_counter.i_ar_id_counter/gen_counters[9].i_in_flight_cnt/gen_demux.lock_ar_valid_q_reg_5
    SLICE_X13Y138        LUT6 (Prop_lut6_I5_O)        0.105     3.097 r  i_kecc_aes_k_axi_top/i_axi2reg/i_axi_to_axi_lite/i_axi_burst_splitter/i_demux_supported_vs_unsupported/gen_demux.gen_ar_id_counter.i_ar_id_counter/gen_counters[9].i_in_flight_cnt/axi_rsp_o[ar_ready]_INST_0_i_5/O
                         net (fo=6, estimated)        0.626     3.723    i_kecc_aes_k_axi_top/i_axi2reg/i_axi_burst_splitter/i_demux_supported_vs_unsupported/gen_demux.ar_id_cnt_full
    SLICE_X14Y139        LUT6 (Prop_lut6_I3_O)        0.105     3.828 f  i_kecc_aes_k_axi_top/i_axi2reg/i___33/O
                         net (fo=41, estimated)       0.313     4.141    i_kecc_aes_k_axi_top/i_axi2reg/i_axi_to_axi_lite/i_axi_burst_splitter/i_demux_supported_vs_unsupported/gen_demux.i_w_fifo/write_pointer_q_reg[0]_0
    SLICE_X14Y140        LUT6 (Prop_lut6_I1_O)        0.105     4.246 f  i_kecc_aes_k_axi_top/i_axi2reg/i_axi_to_axi_lite/i_axi_burst_splitter/i_demux_supported_vs_unsupported/gen_demux.i_w_fifo/i__i_2__0__0/O
                         net (fo=2, estimated)        0.936     5.182    i_kecc_aes_k_axi_top/i_axi2reg/axi_lite_req[w_valid]
    SLICE_X33Y130        LUT6 (Prop_lut6_I4_O)        0.105     5.287 f  i_kecc_aes_k_axi_top/i_axi2reg/i__i_1__4/O
                         net (fo=31, estimated)       0.311     5.598    i_kecc_aes_k_axi_top/i_axi2reg/i_axi_to_axi_lite/i_axi_burst_splitter/i_demux_supported_vs_unsupported/gen_demux.gen_aw_id_counter.i_aw_id_counter/gen_counters[3].i_in_flight_cnt/splitted_resp[aw_ready]
    SLICE_X32Y128        LUT6 (Prop_lut6_I3_O)        0.105     5.703 f  i_kecc_aes_k_axi_top/i_axi2reg/i_axi_to_axi_lite/i_axi_burst_splitter/i_demux_supported_vs_unsupported/gen_demux.gen_aw_id_counter.i_aw_id_counter/gen_counters[3].i_in_flight_cnt/i__i_3__6/O
                         net (fo=1, estimated)        0.231     5.934    i_kecc_aes_k_axi_top/i_axi2reg/i_axi_to_axi_lite_n_112
    SLICE_X37Y128        LUT6 (Prop_lut6_I3_O)        0.105     6.039 f  i_kecc_aes_k_axi_top/i_axi2reg/i___29/O
                         net (fo=41, estimated)       0.341     6.380    i_kecc_aes_k_axi_top/i_axi2reg/i_axi_to_axi_lite/i_axi_to_axi_lite_id_reflect/i_aw_id_fifo/i__i_2__4_0
    SLICE_X36Y128        LUT5 (Prop_lut5_I2_O)        0.105     6.485 r  i_kecc_aes_k_axi_top/i_axi2reg/i_axi_to_axi_lite/i_axi_to_axi_lite_id_reflect/i_aw_id_fifo/i__i_2__3__0/O
                         net (fo=1, estimated)        0.658     7.143    i_kecc_aes_k_axi_top/i_axi2reg/i_axi_to_axi_lite/i_axi_to_axi_lite_id_reflect/i_aw_id_fifo/i__i_2__3__0_n_0
    SLICE_X35Y128        LUT6 (Prop_lut6_I0_O)        0.105     7.248 r  i_kecc_aes_k_axi_top/i_axi2reg/i_axi_to_axi_lite/i_axi_to_axi_lite_id_reflect/i_aw_id_fifo/i__i_1__9/O
                         net (fo=22, estimated)       0.179     7.427    i_kecc_aes_k_axi_top/i_axi2reg/i_axi_to_axi_lite/i_axi_burst_splitter/i_axi_burst_splitter_aw_chan/i_axi_burst_splitter_counters/i_idq/gen_ht_ffs[1].head_tail_q_reg[1][free]__0_1
    SLICE_X35Y128        LUT6 (Prop_lut6_I5_O)        0.105     7.532 r  i_kecc_aes_k_axi_top/i_axi2reg/i_axi_to_axi_lite/i_axi_burst_splitter/i_axi_burst_splitter_aw_chan/i_axi_burst_splitter_counters/i_idq/i__i_1__7__0/O
                         net (fo=25, estimated)       0.511     8.043    i_kecc_aes_k_axi_top/i_axi2reg/i_axi_to_axi_lite/i_axi_burst_splitter/i_axi_burst_splitter_aw_chan/i_axi_burst_splitter_counters/i_idq/gen_ht_ffs[0].head_tail_q_reg[0][free]_0
    SLICE_X33Y127        LUT5 (Prop_lut5_I3_O)        0.105     8.148 f  i_kecc_aes_k_axi_top/i_axi2reg/i_axi_to_axi_lite/i_axi_burst_splitter/i_axi_burst_splitter_aw_chan/i_axi_burst_splitter_counters/i_idq/i__i_6__2/O
                         net (fo=4, estimated)        0.576     8.724    i_kecc_aes_k_axi_top/i_axi2reg/i_axi_to_axi_lite/i_axi_burst_splitter/i_axi_burst_splitter_aw_chan/i_axi_burst_splitter_counters/i_idq/counter_q_reg[4]
    SLICE_X33Y127        LUT6 (Prop_lut6_I0_O)        0.105     8.829 f  i_kecc_aes_k_axi_top/i_axi2reg/i_axi_to_axi_lite/i_axi_burst_splitter/i_axi_burst_splitter_aw_chan/i_axi_burst_splitter_counters/i_idq/i__i_2__13/O
                         net (fo=5, estimated)        0.575     9.404    i_kecc_aes_k_axi_top/i_axi2reg/i_axi_to_axi_lite/i_axi_burst_splitter/i_axi_burst_splitter_aw_chan/i_axi_burst_splitter_counters/i_idq/counter_q_reg[4]_0
    SLICE_X33Y127        LUT6 (Prop_lut6_I0_O)        0.105     9.509 f  i_kecc_aes_k_axi_top/i_axi2reg/i_axi_to_axi_lite/i_axi_burst_splitter/i_axi_burst_splitter_aw_chan/i_axi_burst_splitter_counters/i_idq/axi_rsp_o[b][resp][1]_INST_0_i_4/O
                         net (fo=1, estimated)        0.232     9.741    i_kecc_aes_k_axi_top/i_axi2reg/i_axi_to_axi_lite/i_axi_burst_splitter/i_demux_supported_vs_unsupported/gen_demux.i_b_mux/read_pointer_q_reg[0]
    SLICE_X31Y128        LUT6 (Prop_lut6_I2_O)        0.105     9.846 r  i_kecc_aes_k_axi_top/i_axi2reg/i_axi_to_axi_lite/i_axi_burst_splitter/i_demux_supported_vs_unsupported/gen_demux.i_b_mux/axi_rsp_o[b][resp][1]_INST_0_i_2/O
                         net (fo=14, estimated)       0.389    10.235    i_kecc_aes_k_axi_top/i_axi2reg/i_axi_to_axi_lite/i_axi_burst_splitter/i_err_slv/i_b_fifo/read_pointer_q_reg[0]_1
    SLICE_X30Y128        LUT6 (Prop_lut6_I3_O)        0.105    10.340 r  i_kecc_aes_k_axi_top/i_axi2reg/i_axi_to_axi_lite/i_axi_burst_splitter/i_err_slv/i_b_fifo/axi_rsp_o[b][id][2]_INST_0_i_1/O
                         net (fo=9, estimated)        0.631    10.971    i_kecc_aes_k_axi_top/i_axi2reg/filtered_resp[b][id][2]
    SLICE_X28Y130        LUT3 (Prop_lut3_I0_O)        0.105    11.076 r  i_kecc_aes_k_axi_top/i_axi2reg/i___16/O
                         net (fo=8, estimated)        0.688    11.764    i_kecc_aes_k_axi_top/i_axi2reg/i_axi_to_axi_lite/i_axi_burst_splitter/i_demux_supported_vs_unsupported/gen_demux.gen_aw_id_counter.i_aw_id_counter/gen_counters[2].i_in_flight_cnt/counter_q_reg[1]_1
    SLICE_X15Y135        LUT5 (Prop_lut5_I1_O)        0.105    11.869 r  i_kecc_aes_k_axi_top/i_axi2reg/i_axi_to_axi_lite/i_axi_burst_splitter/i_demux_supported_vs_unsupported/gen_demux.gen_aw_id_counter.i_aw_id_counter/gen_counters[2].i_in_flight_cnt/counter_q[0]_i_1/O
                         net (fo=1, routed)           0.000    11.869    i_kecc_aes_k_axi_top/i_axi2reg/i_axi_to_axi_lite/i_axi_burst_splitter/i_demux_supported_vs_unsupported/gen_demux.gen_aw_id_counter.i_aw_id_counter/gen_counters[2].i_in_flight_cnt/counter_q[0]_i_1_n_0
    SLICE_X15Y135        FDCE                                         r  i_kecc_aes_k_axi_top/i_axi2reg/i_axi_to_axi_lite/i_axi_burst_splitter/i_demux_supported_vs_unsupported/gen_demux.gen_aw_id_counter.i_aw_id_counter/gen_counters[2].i_in_flight_cnt/counter_q_reg[0]/D
  -------------------------------------------------------------------    -------------------

                         (clock clk_i rise edge)     10.000    10.000 r  
                                                      0.000    10.000 r  clk_i (IN)
                         net (fo=4814, unset)         0.748    10.748    i_kecc_aes_k_axi_top/i_axi2reg/i_axi_to_axi_lite/i_axi_burst_splitter/i_demux_supported_vs_unsupported/gen_demux.gen_aw_id_counter.i_aw_id_counter/gen_counters[2].i_in_flight_cnt/clk_i
    SLICE_X15Y135        FDCE                                         r  i_kecc_aes_k_axi_top/i_axi2reg/i_axi_to_axi_lite/i_axi_burst_splitter/i_demux_supported_vs_unsupported/gen_demux.gen_aw_id_counter.i_aw_id_counter/gen_counters[2].i_in_flight_cnt/counter_q_reg[0]/C
                         clock pessimism              0.000    10.748    
                         clock uncertainty           -0.035    10.712    
    SLICE_X15Y135        FDCE (Setup_fdce_C_D)        0.032    10.744    i_kecc_aes_k_axi_top/i_axi2reg/i_axi_to_axi_lite/i_axi_burst_splitter/i_demux_supported_vs_unsupported/gen_demux.gen_aw_id_counter.i_aw_id_counter/gen_counters[2].i_in_flight_cnt/counter_q_reg[0]
  -------------------------------------------------------------------
                         required time                         10.744    
                         arrival time                         -11.869    
  -------------------------------------------------------------------
                         slack                                 -1.125    

Slack (VIOLATED) :        -1.125ns  (required time - arrival time)
  Source:                 i_kecc_aes_k_axi_top/i_axi2reg/i_axi_to_axi_lite/i_axi_burst_splitter/i_demux_supported_vs_unsupported/gen_demux.gen_ar_id_counter.i_ar_id_counter/gen_counters[18].i_in_flight_cnt/counter_q_reg[0]/C
                            (rising edge-triggered cell FDCE clocked by clk_i  {rise@0.000ns fall@5.000ns period=10.000ns})
  Destination:            i_kecc_aes_k_axi_top/i_axi2reg/i_axi_to_axi_lite/i_axi_burst_splitter/i_demux_supported_vs_unsupported/gen_demux.gen_aw_id_counter.i_aw_id_counter/gen_counters[2].i_in_flight_cnt/counter_q_reg[0]/D
                            (rising edge-triggered cell FDCE clocked by clk_i  {rise@0.000ns fall@5.000ns period=10.000ns})
  Path Group:             clk_i
  Path Type:              Setup (Max at Slow Process Corner)
  Requirement:            10.000ns  (clk_i rise@10.000ns - clk_i rise@0.000ns)
  Data Path Delay:        11.082ns  (logic 2.323ns (20.962%)  route 8.759ns (79.038%))
  Logic Levels:           18  (LUT3=1 LUT4=2 LUT5=3 LUT6=12)
  Clock Path Skew:        -0.039ns (DCD - SCD + CPR)
    Destination Clock Delay (DCD):    0.748ns = ( 10.748 - 10.000 ) 
    Source Clock Delay      (SCD):    0.787ns
    Clock Pessimism Removal (CPR):    0.000ns
  Clock Uncertainty:      0.035ns  ((TSJ^2 + TIJ^2)^1/2 + DJ) / 2 + PE
    Total System Jitter     (TSJ):    0.071ns
    Total Input Jitter      (TIJ):    0.000ns
    Discrete Jitter          (DJ):    0.000ns
    Phase Error              (PE):    0.000ns

    Location             Delay type                Incr(ns)  Path(ns)    Netlist Resource(s)
  -------------------------------------------------------------------    -------------------
                         (clock clk_i rise edge)      0.000     0.000 r  
                                                      0.000     0.000 r  clk_i (IN)
                         net (fo=4814, unset)         0.787     0.787    i_kecc_aes_k_axi_top/i_axi2reg/i_axi_to_axi_lite/i_axi_burst_splitter/i_demux_supported_vs_unsupported/gen_demux.gen_ar_id_counter.i_ar_id_counter/gen_counters[18].i_in_flight_cnt/clk_i
    SLICE_X12Y128        FDCE                                         r  i_kecc_aes_k_axi_top/i_axi2reg/i_axi_to_axi_lite/i_axi_burst_splitter/i_demux_supported_vs_unsupported/gen_demux.gen_ar_id_counter.i_ar_id_counter/gen_counters[18].i_in_flight_cnt/counter_q_reg[0]/C
  -------------------------------------------------------------------    -------------------
    SLICE_X12Y128        FDCE (Prop_fdce_C_Q)         0.433     1.220 f  i_kecc_aes_k_axi_top/i_axi2reg/i_axi_to_axi_lite/i_axi_burst_splitter/i_demux_supported_vs_unsupported/gen_demux.gen_ar_id_counter.i_ar_id_counter/gen_counters[18].i_in_flight_cnt/counter_q_reg[0]/Q
                         net (fo=4, estimated)        0.531     1.751    i_kecc_aes_k_axi_top/i_axi2reg/i_axi_to_axi_lite/i_axi_burst_splitter/i_demux_supported_vs_unsupported/gen_demux.gen_ar_id_counter.i_ar_id_counter/gen_counters[18].i_in_flight_cnt/counter_q_reg[0]_0
    SLICE_X13Y127        LUT4 (Prop_lut4_I0_O)        0.105     1.856 f  i_kecc_aes_k_axi_top/i_axi2reg/i_axi_to_axi_lite/i_axi_burst_splitter/i_demux_supported_vs_unsupported/gen_demux.gen_ar_id_counter.i_ar_id_counter/gen_counters[18].i_in_flight_cnt/axi_rsp_o[ar_ready]_INST_0_i_35/O
                         net (fo=1, estimated)        0.509     2.365    i_kecc_aes_k_axi_top/i_axi2reg/i_axi_to_axi_lite/i_axi_burst_splitter/i_demux_supported_vs_unsupported/gen_demux.gen_ar_id_counter.i_ar_id_counter/gen_counters[18].i_in_flight_cnt/axi_rsp_o[ar_ready]_INST_0_i_35_n_0
    SLICE_X13Y128        LUT4 (Prop_lut4_I0_O)        0.105     2.470 f  i_kecc_aes_k_axi_top/i_axi2reg/i_axi_to_axi_lite/i_axi_burst_splitter/i_demux_supported_vs_unsupported/gen_demux.gen_ar_id_counter.i_ar_id_counter/gen_counters[18].i_in_flight_cnt/axi_rsp_o[ar_ready]_INST_0_i_18/O
                         net (fo=1, estimated)        0.522     2.992    i_kecc_aes_k_axi_top/i_axi2reg/i_axi_to_axi_lite/i_axi_burst_splitter/i_demux_supported_vs_unsupported/gen_demux.gen_ar_id_counter.i_ar_id_counter/gen_counters[9].i_in_flight_cnt/gen_demux.lock_ar_valid_q_reg_5
    SLICE_X13Y138        LUT6 (Prop_lut6_I5_O)        0.105     3.097 f  i_kecc_aes_k_axi_top/i_axi2reg/i_axi_to_axi_lite/i_axi_burst_splitter/i_demux_supported_vs_unsupported/gen_demux.gen_ar_id_counter.i_ar_id_counter/gen_counters[9].i_in_flight_cnt/axi_rsp_o[ar_ready]_INST_0_i_5/O
                         net (fo=6, estimated)        0.626     3.723    i_kecc_aes_k_axi_top/i_axi2reg/i_axi_burst_splitter/i_demux_supported_vs_unsupported/gen_demux.ar_id_cnt_full
    SLICE_X14Y139        LUT6 (Prop_lut6_I3_O)        0.105     3.828 r  i_kecc_aes_k_axi_top/i_axi2reg/i___33/O
                         net (fo=41, estimated)       0.313     4.141    i_kecc_aes_k_axi_top/i_axi2reg/i_axi_to_axi_lite/i_axi_burst_splitter/i_demux_supported_vs_unsupported/gen_demux.i_w_fifo/write_pointer_q_reg[0]_0
    SLICE_X14Y140        LUT6 (Prop_lut6_I1_O)        0.105     4.246 r  i_kecc_aes_k_axi_top/i_axi2reg/i_axi_to_axi_lite/i_axi_burst_splitter/i_demux_supported_vs_unsupported/gen_demux.i_w_fifo/i__i_2__0__0/O
                         net (fo=2, estimated)        0.936     5.182    i_kecc_aes_k_axi_top/i_axi2reg/axi_lite_req[w_valid]
    SLICE_X33Y130        LUT6 (Prop_lut6_I4_O)        0.105     5.287 r  i_kecc_aes_k_axi_top/i_axi2reg/i__i_1__4/O
                         net (fo=31, estimated)       0.311     5.598    i_kecc_aes_k_axi_top/i_axi2reg/i_axi_to_axi_lite/i_axi_burst_splitter/i_demux_supported_vs_unsupported/gen_demux.gen_aw_id_counter.i_aw_id_counter/gen_counters[3].i_in_flight_cnt/splitted_resp[aw_ready]
    SLICE_X32Y128        LUT6 (Prop_lut6_I3_O)        0.105     5.703 r  i_kecc_aes_k_axi_top/i_axi2reg/i_axi_to_axi_lite/i_axi_burst_splitter/i_demux_supported_vs_unsupported/gen_demux.gen_aw_id_counter.i_aw_id_counter/gen_counters[3].i_in_flight_cnt/i__i_3__6/O
                         net (fo=1, estimated)        0.231     5.934    i_kecc_aes_k_axi_top/i_axi2reg/i_axi_to_axi_lite_n_112
    SLICE_X37Y128        LUT6 (Prop_lut6_I3_O)        0.105     6.039 r  i_kecc_aes_k_axi_top/i_axi2reg/i___29/O
                         net (fo=41, estimated)       0.341     6.380    i_kecc_aes_k_axi_top/i_axi2reg/i_axi_to_axi_lite/i_axi_to_axi_lite_id_reflect/i_aw_id_fifo/i__i_2__4_0
    SLICE_X36Y128        LUT5 (Prop_lut5_I2_O)        0.105     6.485 f  i_kecc_aes_k_axi_top/i_axi2reg/i_axi_to_axi_lite/i_axi_to_axi_lite_id_reflect/i_aw_id_fifo/i__i_2__3__0/O
                         net (fo=1, estimated)        0.658     7.143    i_kecc_aes_k_axi_top/i_axi2reg/i_axi_to_axi_lite/i_axi_to_axi_lite_id_reflect/i_aw_id_fifo/i__i_2__3__0_n_0
    SLICE_X35Y128        LUT6 (Prop_lut6_I0_O)        0.105     7.248 f  i_kecc_aes_k_axi_top/i_axi2reg/i_axi_to_axi_lite/i_axi_to_axi_lite_id_reflect/i_aw_id_fifo/i__i_1__9/O
                         net (fo=22, estimated)       0.179     7.427    i_kecc_aes_k_axi_top/i_axi2reg/i_axi_to_axi_lite/i_axi_burst_splitter/i_axi_burst_splitter_aw_chan/i_axi_burst_splitter_counters/i_idq/gen_ht_ffs[1].head_tail_q_reg[1][free]__0_1
    SLICE_X35Y128        LUT6 (Prop_lut6_I5_O)        0.105     7.532 f  i_kecc_aes_k_axi_top/i_axi2reg/i_axi_to_axi_lite/i_axi_burst_splitter/i_axi_burst_splitter_aw_chan/i_axi_burst_splitter_counters/i_idq/i__i_1__7__0/O
                         net (fo=25, estimated)       0.511     8.043    i_kecc_aes_k_axi_top/i_axi2reg/i_axi_to_axi_lite/i_axi_burst_splitter/i_axi_burst_splitter_aw_chan/i_axi_burst_splitter_counters/i_idq/gen_ht_ffs[0].head_tail_q_reg[0][free]_0
    SLICE_X33Y127        LUT5 (Prop_lut5_I3_O)        0.105     8.148 f  i_kecc_aes_k_axi_top/i_axi2reg/i_axi_to_axi_lite/i_axi_burst_splitter/i_axi_burst_splitter_aw_chan/i_axi_burst_splitter_counters/i_idq/i__i_6__2/O
                         net (fo=4, estimated)        0.576     8.724    i_kecc_aes_k_axi_top/i_axi2reg/i_axi_to_axi_lite/i_axi_burst_splitter/i_axi_burst_splitter_aw_chan/i_axi_burst_splitter_counters/i_idq/counter_q_reg[4]
    SLICE_X33Y127        LUT6 (Prop_lut6_I0_O)        0.105     8.829 f  i_kecc_aes_k_axi_top/i_axi2reg/i_axi_to_axi_lite/i_axi_burst_splitter/i_axi_burst_splitter_aw_chan/i_axi_burst_splitter_counters/i_idq/i__i_2__13/O
                         net (fo=5, estimated)        0.575     9.404    i_kecc_aes_k_axi_top/i_axi2reg/i_axi_to_axi_lite/i_axi_burst_splitter/i_axi_burst_splitter_aw_chan/i_axi_burst_splitter_counters/i_idq/counter_q_reg[4]_0
    SLICE_X33Y127        LUT6 (Prop_lut6_I0_O)        0.105     9.509 f  i_kecc_aes_k_axi_top/i_axi2reg/i_axi_to_axi_lite/i_axi_burst_splitter/i_axi_burst_splitter_aw_chan/i_axi_burst_splitter_counters/i_idq/axi_rsp_o[b][resp][1]_INST_0_i_4/O
                         net (fo=1, estimated)        0.232     9.741    i_kecc_aes_k_axi_top/i_axi2reg/i_axi_to_axi_lite/i_axi_burst_splitter/i_demux_supported_vs_unsupported/gen_demux.i_b_mux/read_pointer_q_reg[0]
    SLICE_X31Y128        LUT6 (Prop_lut6_I2_O)        0.105     9.846 r  i_kecc_aes_k_axi_top/i_axi2reg/i_axi_to_axi_lite/i_axi_burst_splitter/i_demux_supported_vs_unsupported/gen_demux.i_b_mux/axi_rsp_o[b][resp][1]_INST_0_i_2/O
                         net (fo=14, estimated)       0.389    10.235    i_kecc_aes_k_axi_top/i_axi2reg/i_axi_to_axi_lite/i_axi_burst_splitter/i_err_slv/i_b_fifo/read_pointer_q_reg[0]_1
    SLICE_X30Y128        LUT6 (Prop_lut6_I3_O)        0.105    10.340 r  i_kecc_aes_k_axi_top/i_axi2reg/i_axi_to_axi_lite/i_axi_burst_splitter/i_err_slv/i_b_fifo/axi_rsp_o[b][id][2]_INST_0_i_1/O
                         net (fo=9, estimated)        0.631    10.971    i_kecc_aes_k_axi_top/i_axi2reg/filtered_resp[b][id][2]
    SLICE_X28Y130        LUT3 (Prop_lut3_I0_O)        0.105    11.076 r  i_kecc_aes_k_axi_top/i_axi2reg/i___16/O
                         net (fo=8, estimated)        0.688    11.764    i_kecc_aes_k_axi_top/i_axi2reg/i_axi_to_axi_lite/i_axi_burst_splitter/i_demux_supported_vs_unsupported/gen_demux.gen_aw_id_counter.i_aw_id_counter/gen_counters[2].i_in_flight_cnt/counter_q_reg[1]_1
    SLICE_X15Y135        LUT5 (Prop_lut5_I1_O)        0.105    11.869 r  i_kecc_aes_k_axi_top/i_axi2reg/i_axi_to_axi_lite/i_axi_burst_splitter/i_demux_supported_vs_unsupported/gen_demux.gen_aw_id_counter.i_aw_id_counter/gen_counters[2].i_in_flight_cnt/counter_q[0]_i_1/O
                         net (fo=1, routed)           0.000    11.869    i_kecc_aes_k_axi_top/i_axi2reg/i_axi_to_axi_lite/i_axi_burst_splitter/i_demux_supported_vs_unsupported/gen_demux.gen_aw_id_counter.i_aw_id_counter/gen_counters[2].i_in_flight_cnt/counter_q[0]_i_1_n_0
    SLICE_X15Y135        FDCE                                         r  i_kecc_aes_k_axi_top/i_axi2reg/i_axi_to_axi_lite/i_axi_burst_splitter/i_demux_supported_vs_unsupported/gen_demux.gen_aw_id_counter.i_aw_id_counter/gen_counters[2].i_in_flight_cnt/counter_q_reg[0]/D
  -------------------------------------------------------------------    -------------------

                         (clock clk_i rise edge)     10.000    10.000 r  
                                                      0.000    10.000 r  clk_i (IN)
                         net (fo=4814, unset)         0.748    10.748    i_kecc_aes_k_axi_top/i_axi2reg/i_axi_to_axi_lite/i_axi_burst_splitter/i_demux_supported_vs_unsupported/gen_demux.gen_aw_id_counter.i_aw_id_counter/gen_counters[2].i_in_flight_cnt/clk_i
    SLICE_X15Y135        FDCE                                         r  i_kecc_aes_k_axi_top/i_axi2reg/i_axi_to_axi_lite/i_axi_burst_splitter/i_demux_supported_vs_unsupported/gen_demux.gen_aw_id_counter.i_aw_id_counter/gen_counters[2].i_in_flight_cnt/counter_q_reg[0]/C
                         clock pessimism              0.000    10.748    
                         clock uncertainty           -0.035    10.712    
    SLICE_X15Y135        FDCE (Setup_fdce_C_D)        0.032    10.744    i_kecc_aes_k_axi_top/i_axi2reg/i_axi_to_axi_lite/i_axi_burst_splitter/i_demux_supported_vs_unsupported/gen_demux.gen_aw_id_counter.i_aw_id_counter/gen_counters[2].i_in_flight_cnt/counter_q_reg[0]
  -------------------------------------------------------------------
                         required time                         10.744    
                         arrival time                         -11.869    
  -------------------------------------------------------------------
                         slack                                 -1.125    

Slack (VIOLATED) :        -1.125ns  (required time - arrival time)
  Source:                 i_kecc_aes_k_axi_top/i_axi2reg/i_axi_to_axi_lite/i_axi_burst_splitter/i_demux_supported_vs_unsupported/gen_demux.gen_ar_id_counter.i_ar_id_counter/gen_counters[18].i_in_flight_cnt/counter_q_reg[0]/C
                            (rising edge-triggered cell FDCE clocked by clk_i  {rise@0.000ns fall@5.000ns period=10.000ns})
  Destination:            i_kecc_aes_k_axi_top/i_axi2reg/i_axi_to_axi_lite/i_axi_burst_splitter/i_demux_supported_vs_unsupported/gen_demux.gen_aw_id_counter.i_aw_id_counter/gen_counters[2].i_in_flight_cnt/counter_q_reg[0]/D
                            (rising edge-triggered cell FDCE clocked by clk_i  {rise@0.000ns fall@5.000ns period=10.000ns})
  Path Group:             clk_i
  Path Type:              Setup (Max at Slow Process Corner)
  Requirement:            10.000ns  (clk_i rise@10.000ns - clk_i rise@0.000ns)
  Data Path Delay:        11.082ns  (logic 2.323ns (20.962%)  route 8.759ns (79.038%))
  Logic Levels:           18  (LUT3=1 LUT4=2 LUT5=3 LUT6=12)
  Clock Path Skew:        -0.039ns (DCD - SCD + CPR)
    Destination Clock Delay (DCD):    0.748ns = ( 10.748 - 10.000 ) 
    Source Clock Delay      (SCD):    0.787ns
    Clock Pessimism Removal (CPR):    0.000ns
  Clock Uncertainty:      0.035ns  ((TSJ^2 + TIJ^2)^1/2 + DJ) / 2 + PE
    Total System Jitter     (TSJ):    0.071ns
    Total Input Jitter      (TIJ):    0.000ns
    Discrete Jitter          (DJ):    0.000ns
    Phase Error              (PE):    0.000ns

    Location             Delay type                Incr(ns)  Path(ns)    Netlist Resource(s)
  -------------------------------------------------------------------    -------------------
                         (clock clk_i rise edge)      0.000     0.000 r  
                                                      0.000     0.000 r  clk_i (IN)
                         net (fo=4814, unset)         0.787     0.787    i_kecc_aes_k_axi_top/i_axi2reg/i_axi_to_axi_lite/i_axi_burst_splitter/i_demux_supported_vs_unsupported/gen_demux.gen_ar_id_counter.i_ar_id_counter/gen_counters[18].i_in_flight_cnt/clk_i
    SLICE_X12Y128        FDCE                                         r  i_kecc_aes_k_axi_top/i_axi2reg/i_axi_to_axi_lite/i_axi_burst_splitter/i_demux_supported_vs_unsupported/gen_demux.gen_ar_id_counter.i_ar_id_counter/gen_counters[18].i_in_flight_cnt/counter_q_reg[0]/C
  -------------------------------------------------------------------    -------------------
    SLICE_X12Y128        FDCE (Prop_fdce_C_Q)         0.433     1.220 r  i_kecc_aes_k_axi_top/i_axi2reg/i_axi_to_axi_lite/i_axi_burst_splitter/i_demux_supported_vs_unsupported/gen_demux.gen_ar_id_counter.i_ar_id_counter/gen_counters[18].i_in_flight_cnt/counter_q_reg[0]/Q
                         net (fo=4, estimated)        0.531     1.751    i_kecc_aes_k_axi_top/i_axi2reg/i_axi_to_axi_lite/i_axi_burst_splitter/i_demux_supported_vs_unsupported/gen_demux.gen_ar_id_counter.i_ar_id_counter/gen_counters[18].i_in_flight_cnt/counter_q_reg[0]_0
    SLICE_X13Y127        LUT4 (Prop_lut4_I0_O)        0.105     1.856 r  i_kecc_aes_k_axi_top/i_axi2reg/i_axi_to_axi_lite/i_axi_burst_splitter/i_demux_supported_vs_unsupported/gen_demux.gen_ar_id_counter.i_ar_id_counter/gen_counters[18].i_in_flight_cnt/axi_rsp_o[ar_ready]_INST_0_i_35/O
                         net (fo=1, estimated)        0.509     2.365    i_kecc_aes_k_axi_top/i_axi2reg/i_axi_to_axi_lite/i_axi_burst_splitter/i_demux_supported_vs_unsupported/gen_demux.gen_ar_id_counter.i_ar_id_counter/gen_counters[18].i_in_flight_cnt/axi_rsp_o[ar_ready]_INST_0_i_35_n_0
    SLICE_X13Y128        LUT4 (Prop_lut4_I0_O)        0.105     2.470 r  i_kecc_aes_k_axi_top/i_axi2reg/i_axi_to_axi_lite/i_axi_burst_splitter/i_demux_supported_vs_unsupported/gen_demux.gen_ar_id_counter.i_ar_id_counter/gen_counters[18].i_in_flight_cnt/axi_rsp_o[ar_ready]_INST_0_i_18/O
                         net (fo=1, estimated)        0.522     2.992    i_kecc_aes_k_axi_top/i_axi2reg/i_axi_to_axi_lite/i_axi_burst_splitter/i_demux_supported_vs_unsupported/gen_demux.gen_ar_id_counter.i_ar_id_counter/gen_counters[9].i_in_flight_cnt/gen_demux.lock_ar_valid_q_reg_5
    SLICE_X13Y138        LUT6 (Prop_lut6_I5_O)        0.105     3.097 r  i_kecc_aes_k_axi_top/i_axi2reg/i_axi_to_axi_lite/i_axi_burst_splitter/i_demux_supported_vs_unsupported/gen_demux.gen_ar_id_counter.i_ar_id_counter/gen_counters[9].i_in_flight_cnt/axi_rsp_o[ar_ready]_INST_0_i_5/O
                         net (fo=6, estimated)        0.626     3.723    i_kecc_aes_k_axi_top/i_axi2reg/i_axi_burst_splitter/i_demux_supported_vs_unsupported/gen_demux.ar_id_cnt_full
    SLICE_X14Y139        LUT6 (Prop_lut6_I3_O)        0.105     3.828 f  i_kecc_aes_k_axi_top/i_axi2reg/i___33/O
                         net (fo=41, estimated)       0.313     4.141    i_kecc_aes_k_axi_top/i_axi2reg/i_axi_to_axi_lite/i_axi_burst_splitter/i_demux_supported_vs_unsupported/gen_demux.i_w_fifo/write_pointer_q_reg[0]_0
    SLICE_X14Y140        LUT6 (Prop_lut6_I1_O)        0.105     4.246 f  i_kecc_aes_k_axi_top/i_axi2reg/i_axi_to_axi_lite/i_axi_burst_splitter/i_demux_supported_vs_unsupported/gen_demux.i_w_fifo/i__i_2__0__0/O
                         net (fo=2, estimated)        0.936     5.182    i_kecc_aes_k_axi_top/i_axi2reg/axi_lite_req[w_valid]
    SLICE_X33Y130        LUT6 (Prop_lut6_I4_O)        0.105     5.287 f  i_kecc_aes_k_axi_top/i_axi2reg/i__i_1__4/O
                         net (fo=31, estimated)       0.311     5.598    i_kecc_aes_k_axi_top/i_axi2reg/i_axi_to_axi_lite/i_axi_burst_splitter/i_demux_supported_vs_unsupported/gen_demux.gen_aw_id_counter.i_aw_id_counter/gen_counters[3].i_in_flight_cnt/splitted_resp[aw_ready]
    SLICE_X32Y128        LUT6 (Prop_lut6_I3_O)        0.105     5.703 f  i_kecc_aes_k_axi_top/i_axi2reg/i_axi_to_axi_lite/i_axi_burst_splitter/i_demux_supported_vs_unsupported/gen_demux.gen_aw_id_counter.i_aw_id_counter/gen_counters[3].i_in_flight_cnt/i__i_3__6/O
                         net (fo=1, estimated)        0.231     5.934    i_kecc_aes_k_axi_top/i_axi2reg/i_axi_to_axi_lite_n_112
    SLICE_X37Y128        LUT6 (Prop_lut6_I3_O)        0.105     6.039 f  i_kecc_aes_k_axi_top/i_axi2reg/i___29/O
                         net (fo=41, estimated)       0.341     6.380    i_kecc_aes_k_axi_top/i_axi2reg/i_axi_to_axi_lite/i_axi_to_axi_lite_id_reflect/i_aw_id_fifo/i__i_2__4_0
    SLICE_X36Y128        LUT5 (Prop_lut5_I2_O)        0.105     6.485 f  i_kecc_aes_k_axi_top/i_axi2reg/i_axi_to_axi_lite/i_axi_to_axi_lite_id_reflect/i_aw_id_fifo/i__i_2__3__0/O
                         net (fo=1, estimated)        0.658     7.143    i_kecc_aes_k_axi_top/i_axi2reg/i_axi_to_axi_lite/i_axi_to_axi_lite_id_reflect/i_aw_id_fifo/i__i_2__3__0_n_0
    SLICE_X35Y128        LUT6 (Prop_lut6_I0_O)        0.105     7.248 f  i_kecc_aes_k_axi_top/i_axi2reg/i_axi_to_axi_lite/i_axi_to_axi_lite_id_reflect/i_aw_id_fifo/i__i_1__9/O
                         net (fo=22, estimated)       0.179     7.427    i_kecc_aes_k_axi_top/i_axi2reg/i_axi_to_axi_lite/i_axi_burst_splitter/i_axi_burst_splitter_aw_chan/i_axi_burst_splitter_counters/i_idq/gen_ht_ffs[1].head_tail_q_reg[1][free]__0_1
    SLICE_X35Y128        LUT6 (Prop_lut6_I5_O)        0.105     7.532 f  i_kecc_aes_k_axi_top/i_axi2reg/i_axi_to_axi_lite/i_axi_burst_splitter/i_axi_burst_splitter_aw_chan/i_axi_burst_splitter_counters/i_idq/i__i_1__7__0/O
                         net (fo=25, estimated)       0.511     8.043    i_kecc_aes_k_axi_top/i_axi2reg/i_axi_to_axi_lite/i_axi_burst_splitter/i_axi_burst_splitter_aw_chan/i_axi_burst_splitter_counters/i_idq/gen_ht_ffs[0].head_tail_q_reg[0][free]_0
    SLICE_X33Y127        LUT5 (Prop_lut5_I3_O)        0.105     8.148 f  i_kecc_aes_k_axi_top/i_axi2reg/i_axi_to_axi_lite/i_axi_burst_splitter/i_axi_burst_splitter_aw_chan/i_axi_burst_splitter_counters/i_idq/i__i_6__2/O
                         net (fo=4, estimated)        0.576     8.724    i_kecc_aes_k_axi_top/i_axi2reg/i_axi_to_axi_lite/i_axi_burst_splitter/i_axi_burst_splitter_aw_chan/i_axi_burst_splitter_counters/i_idq/counter_q_reg[4]
    SLICE_X33Y127        LUT6 (Prop_lut6_I0_O)        0.105     8.829 f  i_kecc_aes_k_axi_top/i_axi2reg/i_axi_to_axi_lite/i_axi_burst_splitter/i_axi_burst_splitter_aw_chan/i_axi_burst_splitter_counters/i_idq/i__i_2__13/O
                         net (fo=5, estimated)        0.575     9.404    i_kecc_aes_k_axi_top/i_axi2reg/i_axi_to_axi_lite/i_axi_burst_splitter/i_axi_burst_splitter_aw_chan/i_axi_burst_splitter_counters/i_idq/counter_q_reg[4]_0
    SLICE_X33Y127        LUT6 (Prop_lut6_I0_O)        0.105     9.509 f  i_kecc_aes_k_axi_top/i_axi2reg/i_axi_to_axi_lite/i_axi_burst_splitter/i_axi_burst_splitter_aw_chan/i_axi_burst_splitter_counters/i_idq/axi_rsp_o[b][resp][1]_INST_0_i_4/O
                         net (fo=1, estimated)        0.232     9.741    i_kecc_aes_k_axi_top/i_axi2reg/i_axi_to_axi_lite/i_axi_burst_splitter/i_demux_supported_vs_unsupported/gen_demux.i_b_mux/read_pointer_q_reg[0]
    SLICE_X31Y128        LUT6 (Prop_lut6_I2_O)        0.105     9.846 r  i_kecc_aes_k_axi_top/i_axi2reg/i_axi_to_axi_lite/i_axi_burst_splitter/i_demux_supported_vs_unsupported/gen_demux.i_b_mux/axi_rsp_o[b][resp][1]_INST_0_i_2/O
                         net (fo=14, estimated)       0.389    10.235    i_kecc_aes_k_axi_top/i_axi2reg/i_axi_to_axi_lite/i_axi_burst_splitter/i_err_slv/i_b_fifo/read_pointer_q_reg[0]_1
    SLICE_X30Y128        LUT6 (Prop_lut6_I3_O)        0.105    10.340 r  i_kecc_aes_k_axi_top/i_axi2reg/i_axi_to_axi_lite/i_axi_burst_splitter/i_err_slv/i_b_fifo/axi_rsp_o[b][id][2]_INST_0_i_1/O
                         net (fo=9, estimated)        0.631    10.971    i_kecc_aes_k_axi_top/i_axi2reg/filtered_resp[b][id][2]
    SLICE_X28Y130        LUT3 (Prop_lut3_I0_O)        0.105    11.076 r  i_kecc_aes_k_axi_top/i_axi2reg/i___16/O
                         net (fo=8, estimated)        0.688    11.764    i_kecc_aes_k_axi_top/i_axi2reg/i_axi_to_axi_lite/i_axi_burst_splitter/i_demux_supported_vs_unsupported/gen_demux.gen_aw_id_counter.i_aw_id_counter/gen_counters[2].i_in_flight_cnt/counter_q_reg[1]_1
    SLICE_X15Y135        LUT5 (Prop_lut5_I1_O)        0.105    11.869 r  i_kecc_aes_k_axi_top/i_axi2reg/i_axi_to_axi_lite/i_axi_burst_splitter/i_demux_supported_vs_unsupported/gen_demux.gen_aw_id_counter.i_aw_id_counter/gen_counters[2].i_in_flight_cnt/counter_q[0]_i_1/O
                         net (fo=1, routed)           0.000    11.869    i_kecc_aes_k_axi_top/i_axi2reg/i_axi_to_axi_lite/i_axi_burst_splitter/i_demux_supported_vs_unsupported/gen_demux.gen_aw_id_counter.i_aw_id_counter/gen_counters[2].i_in_flight_cnt/counter_q[0]_i_1_n_0
    SLICE_X15Y135        FDCE                                         r  i_kecc_aes_k_axi_top/i_axi2reg/i_axi_to_axi_lite/i_axi_burst_splitter/i_demux_supported_vs_unsupported/gen_demux.gen_aw_id_counter.i_aw_id_counter/gen_counters[2].i_in_flight_cnt/counter_q_reg[0]/D
  -------------------------------------------------------------------    -------------------

                         (clock clk_i rise edge)     10.000    10.000 r  
                                                      0.000    10.000 r  clk_i (IN)
                         net (fo=4814, unset)         0.748    10.748    i_kecc_aes_k_axi_top/i_axi2reg/i_axi_to_axi_lite/i_axi_burst_splitter/i_demux_supported_vs_unsupported/gen_demux.gen_aw_id_counter.i_aw_id_counter/gen_counters[2].i_in_flight_cnt/clk_i
    SLICE_X15Y135        FDCE                                         r  i_kecc_aes_k_axi_top/i_axi2reg/i_axi_to_axi_lite/i_axi_burst_splitter/i_demux_supported_vs_unsupported/gen_demux.gen_aw_id_counter.i_aw_id_counter/gen_counters[2].i_in_flight_cnt/counter_q_reg[0]/C
                         clock pessimism              0.000    10.748    
                         clock uncertainty           -0.035    10.712    
    SLICE_X15Y135        FDCE (Setup_fdce_C_D)        0.032    10.744    i_kecc_aes_k_axi_top/i_axi2reg/i_axi_to_axi_lite/i_axi_burst_splitter/i_demux_supported_vs_unsupported/gen_demux.gen_aw_id_counter.i_aw_id_counter/gen_counters[2].i_in_flight_cnt/counter_q_reg[0]
  -------------------------------------------------------------------
                         required time                         10.744    
                         arrival time                         -11.869    
  -------------------------------------------------------------------
                         slack                                 -1.125    

Slack (VIOLATED) :        -1.125ns  (required time - arrival time)
  Source:                 i_kecc_aes_k_axi_top/i_axi2reg/i_axi_to_axi_lite/i_axi_burst_splitter/i_demux_supported_vs_unsupported/gen_demux.gen_ar_id_counter.i_ar_id_counter/gen_counters[18].i_in_flight_cnt/counter_q_reg[0]/C
                            (rising edge-triggered cell FDCE clocked by clk_i  {rise@0.000ns fall@5.000ns period=10.000ns})
  Destination:            i_kecc_aes_k_axi_top/i_axi2reg/i_axi_to_axi_lite/i_axi_burst_splitter/i_demux_supported_vs_unsupported/gen_demux.gen_aw_id_counter.i_aw_id_counter/gen_counters[2].i_in_flight_cnt/counter_q_reg[0]/D
                            (rising edge-triggered cell FDCE clocked by clk_i  {rise@0.000ns fall@5.000ns period=10.000ns})
  Path Group:             clk_i
  Path Type:              Setup (Max at Slow Process Corner)
  Requirement:            10.000ns  (clk_i rise@10.000ns - clk_i rise@0.000ns)
  Data Path Delay:        11.082ns  (logic 2.323ns (20.962%)  route 8.759ns (79.038%))
  Logic Levels:           18  (LUT3=1 LUT4=2 LUT5=3 LUT6=12)
  Clock Path Skew:        -0.039ns (DCD - SCD + CPR)
    Destination Clock Delay (DCD):    0.748ns = ( 10.748 - 10.000 ) 
    Source Clock Delay      (SCD):    0.787ns
    Clock Pessimism Removal (CPR):    0.000ns
  Clock Uncertainty:      0.035ns  ((TSJ^2 + TIJ^2)^1/2 + DJ) / 2 + PE
    Total System Jitter     (TSJ):    0.071ns
    Total Input Jitter      (TIJ):    0.000ns
    Discrete Jitter          (DJ):    0.000ns
    Phase Error              (PE):    0.000ns

    Location             Delay type                Incr(ns)  Path(ns)    Netlist Resource(s)
  -------------------------------------------------------------------    -------------------
                         (clock clk_i rise edge)      0.000     0.000 r  
                                                      0.000     0.000 r  clk_i (IN)
                         net (fo=4814, unset)         0.787     0.787    i_kecc_aes_k_axi_top/i_axi2reg/i_axi_to_axi_lite/i_axi_burst_splitter/i_demux_supported_vs_unsupported/gen_demux.gen_ar_id_counter.i_ar_id_counter/gen_counters[18].i_in_flight_cnt/clk_i
    SLICE_X12Y128        FDCE                                         r  i_kecc_aes_k_axi_top/i_axi2reg/i_axi_to_axi_lite/i_axi_burst_splitter/i_demux_supported_vs_unsupported/gen_demux.gen_ar_id_counter.i_ar_id_counter/gen_counters[18].i_in_flight_cnt/counter_q_reg[0]/C
  -------------------------------------------------------------------    -------------------
    SLICE_X12Y128        FDCE (Prop_fdce_C_Q)         0.433     1.220 f  i_kecc_aes_k_axi_top/i_axi2reg/i_axi_to_axi_lite/i_axi_burst_splitter/i_demux_supported_vs_unsupported/gen_demux.gen_ar_id_counter.i_ar_id_counter/gen_counters[18].i_in_flight_cnt/counter_q_reg[0]/Q
                         net (fo=4, estimated)        0.531     1.751    i_kecc_aes_k_axi_top/i_axi2reg/i_axi_to_axi_lite/i_axi_burst_splitter/i_demux_supported_vs_unsupported/gen_demux.gen_ar_id_counter.i_ar_id_counter/gen_counters[18].i_in_flight_cnt/counter_q_reg[0]_0
    SLICE_X13Y127        LUT4 (Prop_lut4_I0_O)        0.105     1.856 f  i_kecc_aes_k_axi_top/i_axi2reg/i_axi_to_axi_lite/i_axi_burst_splitter/i_demux_supported_vs_unsupported/gen_demux.gen_ar_id_counter.i_ar_id_counter/gen_counters[18].i_in_flight_cnt/axi_rsp_o[ar_ready]_INST_0_i_35/O
                         net (fo=1, estimated)        0.509     2.365    i_kecc_aes_k_axi_top/i_axi2reg/i_axi_to_axi_lite/i_axi_burst_splitter/i_demux_supported_vs_unsupported/gen_demux.gen_ar_id_counter.i_ar_id_counter/gen_counters[18].i_in_flight_cnt/axi_rsp_o[ar_ready]_INST_0_i_35_n_0
    SLICE_X13Y128        LUT4 (Prop_lut4_I0_O)        0.105     2.470 f  i_kecc_aes_k_axi_top/i_axi2reg/i_axi_to_axi_lite/i_axi_burst_splitter/i_demux_supported_vs_unsupported/gen_demux.gen_ar_id_counter.i_ar_id_counter/gen_counters[18].i_in_flight_cnt/axi_rsp_o[ar_ready]_INST_0_i_18/O
                         net (fo=1, estimated)        0.522     2.992    i_kecc_aes_k_axi_top/i_axi2reg/i_axi_to_axi_lite/i_axi_burst_splitter/i_demux_supported_vs_unsupported/gen_demux.gen_ar_id_counter.i_ar_id_counter/gen_counters[9].i_in_flight_cnt/gen_demux.lock_ar_valid_q_reg_5
    SLICE_X13Y138        LUT6 (Prop_lut6_I5_O)        0.105     3.097 f  i_kecc_aes_k_axi_top/i_axi2reg/i_axi_to_axi_lite/i_axi_burst_splitter/i_demux_supported_vs_unsupported/gen_demux.gen_ar_id_counter.i_ar_id_counter/gen_counters[9].i_in_flight_cnt/axi_rsp_o[ar_ready]_INST_0_i_5/O
                         net (fo=6, estimated)        0.626     3.723    i_kecc_aes_k_axi_top/i_axi2reg/i_axi_burst_splitter/i_demux_supported_vs_unsupported/gen_demux.ar_id_cnt_full
    SLICE_X14Y139        LUT6 (Prop_lut6_I3_O)        0.105     3.828 r  i_kecc_aes_k_axi_top/i_axi2reg/i___33/O
                         net (fo=41, estimated)       0.313     4.141    i_kecc_aes_k_axi_top/i_axi2reg/i_axi_to_axi_lite/i_axi_burst_splitter/i_demux_supported_vs_unsupported/gen_demux.i_w_fifo/write_pointer_q_reg[0]_0
    SLICE_X14Y140        LUT6 (Prop_lut6_I1_O)        0.105     4.246 r  i_kecc_aes_k_axi_top/i_axi2reg/i_axi_to_axi_lite/i_axi_burst_splitter/i_demux_supported_vs_unsupported/gen_demux.i_w_fifo/i__i_2__0__0/O
                         net (fo=2, estimated)        0.936     5.182    i_kecc_aes_k_axi_top/i_axi2reg/axi_lite_req[w_valid]
    SLICE_X33Y130        LUT6 (Prop_lut6_I4_O)        0.105     5.287 r  i_kecc_aes_k_axi_top/i_axi2reg/i__i_1__4/O
                         net (fo=31, estimated)       0.311     5.598    i_kecc_aes_k_axi_top/i_axi2reg/i_axi_to_axi_lite/i_axi_burst_splitter/i_demux_supported_vs_unsupported/gen_demux.gen_aw_id_counter.i_aw_id_counter/gen_counters[3].i_in_flight_cnt/splitted_resp[aw_ready]
    SLICE_X32Y128        LUT6 (Prop_lut6_I3_O)        0.105     5.703 r  i_kecc_aes_k_axi_top/i_axi2reg/i_axi_to_axi_lite/i_axi_burst_splitter/i_demux_supported_vs_unsupported/gen_demux.gen_aw_id_counter.i_aw_id_counter/gen_counters[3].i_in_flight_cnt/i__i_3__6/O
                         net (fo=1, estimated)        0.231     5.934    i_kecc_aes_k_axi_top/i_axi2reg/i_axi_to_axi_lite_n_112
    SLICE_X37Y128        LUT6 (Prop_lut6_I3_O)        0.105     6.039 r  i_kecc_aes_k_axi_top/i_axi2reg/i___29/O
                         net (fo=41, estimated)       0.341     6.380    i_kecc_aes_k_axi_top/i_axi2reg/i_axi_to_axi_lite/i_axi_to_axi_lite_id_reflect/i_aw_id_fifo/i__i_2__4_0
    SLICE_X36Y128        LUT5 (Prop_lut5_I2_O)        0.105     6.485 r  i_kecc_aes_k_axi_top/i_axi2reg/i_axi_to_axi_lite/i_axi_to_axi_lite_id_reflect/i_aw_id_fifo/i__i_2__3__0/O
                         net (fo=1, estimated)        0.658     7.143    i_kecc_aes_k_axi_top/i_axi2reg/i_axi_to_axi_lite/i_axi_to_axi_lite_id_reflect/i_aw_id_fifo/i__i_2__3__0_n_0
    SLICE_X35Y128        LUT6 (Prop_lut6_I0_O)        0.105     7.248 r  i_kecc_aes_k_axi_top/i_axi2reg/i_axi_to_axi_lite/i_axi_to_axi_lite_id_reflect/i_aw_id_fifo/i__i_1__9/O
                         net (fo=22, estimated)       0.179     7.427    i_kecc_aes_k_axi_top/i_axi2reg/i_axi_to_axi_lite/i_axi_burst_splitter/i_axi_burst_splitter_aw_chan/i_axi_burst_splitter_counters/i_idq/gen_ht_ffs[1].head_tail_q_reg[1][free]__0_1
    SLICE_X35Y128        LUT6 (Prop_lut6_I5_O)        0.105     7.532 r  i_kecc_aes_k_axi_top/i_axi2reg/i_axi_to_axi_lite/i_axi_burst_splitter/i_axi_burst_splitter_aw_chan/i_axi_burst_splitter_counters/i_idq/i__i_1__7__0/O
                         net (fo=25, estimated)       0.511     8.043    i_kecc_aes_k_axi_top/i_axi2reg/i_axi_to_axi_lite/i_axi_burst_splitter/i_axi_burst_splitter_aw_chan/i_axi_burst_splitter_counters/i_idq/gen_ht_ffs[0].head_tail_q_reg[0][free]_0
    SLICE_X33Y127        LUT5 (Prop_lut5_I3_O)        0.105     8.148 r  i_kecc_aes_k_axi_top/i_axi2reg/i_axi_to_axi_lite/i_axi_burst_splitter/i_axi_burst_splitter_aw_chan/i_axi_burst_splitter_counters/i_idq/i__i_6__2/O
                         net (fo=4, estimated)        0.576     8.724    i_kecc_aes_k_axi_top/i_axi2reg/i_axi_to_axi_lite/i_axi_burst_splitter/i_axi_burst_splitter_aw_chan/i_axi_burst_splitter_counters/i_idq/counter_q_reg[4]
    SLICE_X33Y127        LUT6 (Prop_lut6_I0_O)        0.105     8.829 r  i_kecc_aes_k_axi_top/i_axi2reg/i_axi_to_axi_lite/i_axi_burst_splitter/i_axi_burst_splitter_aw_chan/i_axi_burst_splitter_counters/i_idq/i__i_2__13/O
                         net (fo=5, estimated)        0.575     9.404    i_kecc_aes_k_axi_top/i_axi2reg/i_axi_to_axi_lite/i_axi_burst_splitter/i_axi_burst_splitter_aw_chan/i_axi_burst_splitter_counters/i_idq/counter_q_reg[4]_0
    SLICE_X33Y127        LUT6 (Prop_lut6_I0_O)        0.105     9.509 r  i_kecc_aes_k_axi_top/i_axi2reg/i_axi_to_axi_lite/i_axi_burst_splitter/i_axi_burst_splitter_aw_chan/i_axi_burst_splitter_counters/i_idq/axi_rsp_o[b][resp][1]_INST_0_i_4/O
                         net (fo=1, estimated)        0.232     9.741    i_kecc_aes_k_axi_top/i_axi2reg/i_axi_to_axi_lite/i_axi_burst_splitter/i_demux_supported_vs_unsupported/gen_demux.i_b_mux/read_pointer_q_reg[0]
    SLICE_X31Y128        LUT6 (Prop_lut6_I2_O)        0.105     9.846 f  i_kecc_aes_k_axi_top/i_axi2reg/i_axi_to_axi_lite/i_axi_burst_splitter/i_demux_supported_vs_unsupported/gen_demux.i_b_mux/axi_rsp_o[b][resp][1]_INST_0_i_2/O
                         net (fo=14, estimated)       0.389    10.235    i_kecc_aes_k_axi_top/i_axi2reg/i_axi_to_axi_lite/i_axi_burst_splitter/i_err_slv/i_b_fifo/read_pointer_q_reg[0]_1
    SLICE_X30Y128        LUT6 (Prop_lut6_I3_O)        0.105    10.340 r  i_kecc_aes_k_axi_top/i_axi2reg/i_axi_to_axi_lite/i_axi_burst_splitter/i_err_slv/i_b_fifo/axi_rsp_o[b][id][2]_INST_0_i_1/O
                         net (fo=9, estimated)        0.631    10.971    i_kecc_aes_k_axi_top/i_axi2reg/filtered_resp[b][id][2]
    SLICE_X28Y130        LUT3 (Prop_lut3_I0_O)        0.105    11.076 r  i_kecc_aes_k_axi_top/i_axi2reg/i___16/O
                         net (fo=8, estimated)        0.688    11.764    i_kecc_aes_k_axi_top/i_axi2reg/i_axi_to_axi_lite/i_axi_burst_splitter/i_demux_supported_vs_unsupported/gen_demux.gen_aw_id_counter.i_aw_id_counter/gen_counters[2].i_in_flight_cnt/counter_q_reg[1]_1
    SLICE_X15Y135        LUT5 (Prop_lut5_I1_O)        0.105    11.869 r  i_kecc_aes_k_axi_top/i_axi2reg/i_axi_to_axi_lite/i_axi_burst_splitter/i_demux_supported_vs_unsupported/gen_demux.gen_aw_id_counter.i_aw_id_counter/gen_counters[2].i_in_flight_cnt/counter_q[0]_i_1/O
                         net (fo=1, routed)           0.000    11.869    i_kecc_aes_k_axi_top/i_axi2reg/i_axi_to_axi_lite/i_axi_burst_splitter/i_demux_supported_vs_unsupported/gen_demux.gen_aw_id_counter.i_aw_id_counter/gen_counters[2].i_in_flight_cnt/counter_q[0]_i_1_n_0
    SLICE_X15Y135        FDCE                                         r  i_kecc_aes_k_axi_top/i_axi2reg/i_axi_to_axi_lite/i_axi_burst_splitter/i_demux_supported_vs_unsupported/gen_demux.gen_aw_id_counter.i_aw_id_counter/gen_counters[2].i_in_flight_cnt/counter_q_reg[0]/D
  -------------------------------------------------------------------    -------------------

                         (clock clk_i rise edge)     10.000    10.000 r  
                                                      0.000    10.000 r  clk_i (IN)
                         net (fo=4814, unset)         0.748    10.748    i_kecc_aes_k_axi_top/i_axi2reg/i_axi_to_axi_lite/i_axi_burst_splitter/i_demux_supported_vs_unsupported/gen_demux.gen_aw_id_counter.i_aw_id_counter/gen_counters[2].i_in_flight_cnt/clk_i
    SLICE_X15Y135        FDCE                                         r  i_kecc_aes_k_axi_top/i_axi2reg/i_axi_to_axi_lite/i_axi_burst_splitter/i_demux_supported_vs_unsupported/gen_demux.gen_aw_id_counter.i_aw_id_counter/gen_counters[2].i_in_flight_cnt/counter_q_reg[0]/C
                         clock pessimism              0.000    10.748    
                         clock uncertainty           -0.035    10.712    
    SLICE_X15Y135        FDCE (Setup_fdce_C_D)        0.032    10.744    i_kecc_aes_k_axi_top/i_axi2reg/i_axi_to_axi_lite/i_axi_burst_splitter/i_demux_supported_vs_unsupported/gen_demux.gen_aw_id_counter.i_aw_id_counter/gen_counters[2].i_in_flight_cnt/counter_q_reg[0]
  -------------------------------------------------------------------
                         required time                         10.744    
                         arrival time                         -11.869    
  -------------------------------------------------------------------
                         slack                                 -1.125    

Slack (VIOLATED) :        -1.125ns  (required time - arrival time)
  Source:                 i_kecc_aes_k_axi_top/i_axi2reg/i_axi_to_axi_lite/i_axi_burst_splitter/i_demux_supported_vs_unsupported/gen_demux.gen_ar_id_counter.i_ar_id_counter/gen_counters[18].i_in_flight_cnt/counter_q_reg[0]/C
                            (rising edge-triggered cell FDCE clocked by clk_i  {rise@0.000ns fall@5.000ns period=10.000ns})
  Destination:            i_kecc_aes_k_axi_top/i_axi2reg/i_axi_to_axi_lite/i_axi_burst_splitter/i_demux_supported_vs_unsupported/gen_demux.gen_aw_id_counter.i_aw_id_counter/gen_counters[2].i_in_flight_cnt/counter_q_reg[0]/D
                            (rising edge-triggered cell FDCE clocked by clk_i  {rise@0.000ns fall@5.000ns period=10.000ns})
  Path Group:             clk_i
  Path Type:              Setup (Max at Slow Process Corner)
  Requirement:            10.000ns  (clk_i rise@10.000ns - clk_i rise@0.000ns)
  Data Path Delay:        11.082ns  (logic 2.323ns (20.962%)  route 8.759ns (79.038%))
  Logic Levels:           18  (LUT3=1 LUT4=2 LUT5=3 LUT6=12)
  Clock Path Skew:        -0.039ns (DCD - SCD + CPR)
    Destination Clock Delay (DCD):    0.748ns = ( 10.748 - 10.000 ) 
    Source Clock Delay      (SCD):    0.787ns
    Clock Pessimism Removal (CPR):    0.000ns
  Clock Uncertainty:      0.035ns  ((TSJ^2 + TIJ^2)^1/2 + DJ) / 2 + PE
    Total System Jitter     (TSJ):    0.071ns
    Total Input Jitter      (TIJ):    0.000ns
    Discrete Jitter          (DJ):    0.000ns
    Phase Error              (PE):    0.000ns

    Location             Delay type                Incr(ns)  Path(ns)    Netlist Resource(s)
  -------------------------------------------------------------------    -------------------
                         (clock clk_i rise edge)      0.000     0.000 r  
                                                      0.000     0.000 r  clk_i (IN)
                         net (fo=4814, unset)         0.787     0.787    i_kecc_aes_k_axi_top/i_axi2reg/i_axi_to_axi_lite/i_axi_burst_splitter/i_demux_supported_vs_unsupported/gen_demux.gen_ar_id_counter.i_ar_id_counter/gen_counters[18].i_in_flight_cnt/clk_i
    SLICE_X12Y128        FDCE                                         r  i_kecc_aes_k_axi_top/i_axi2reg/i_axi_to_axi_lite/i_axi_burst_splitter/i_demux_supported_vs_unsupported/gen_demux.gen_ar_id_counter.i_ar_id_counter/gen_counters[18].i_in_flight_cnt/counter_q_reg[0]/C
  -------------------------------------------------------------------    -------------------
    SLICE_X12Y128        FDCE (Prop_fdce_C_Q)         0.433     1.220 r  i_kecc_aes_k_axi_top/i_axi2reg/i_axi_to_axi_lite/i_axi_burst_splitter/i_demux_supported_vs_unsupported/gen_demux.gen_ar_id_counter.i_ar_id_counter/gen_counters[18].i_in_flight_cnt/counter_q_reg[0]/Q
                         net (fo=4, estimated)        0.531     1.751    i_kecc_aes_k_axi_top/i_axi2reg/i_axi_to_axi_lite/i_axi_burst_splitter/i_demux_supported_vs_unsupported/gen_demux.gen_ar_id_counter.i_ar_id_counter/gen_counters[18].i_in_flight_cnt/counter_q_reg[0]_0
    SLICE_X13Y127        LUT4 (Prop_lut4_I0_O)        0.105     1.856 r  i_kecc_aes_k_axi_top/i_axi2reg/i_axi_to_axi_lite/i_axi_burst_splitter/i_demux_supported_vs_unsupported/gen_demux.gen_ar_id_counter.i_ar_id_counter/gen_counters[18].i_in_flight_cnt/axi_rsp_o[ar_ready]_INST_0_i_35/O
                         net (fo=1, estimated)        0.509     2.365    i_kecc_aes_k_axi_top/i_axi2reg/i_axi_to_axi_lite/i_axi_burst_splitter/i_demux_supported_vs_unsupported/gen_demux.gen_ar_id_counter.i_ar_id_counter/gen_counters[18].i_in_flight_cnt/axi_rsp_o[ar_ready]_INST_0_i_35_n_0
    SLICE_X13Y128        LUT4 (Prop_lut4_I0_O)        0.105     2.470 r  i_kecc_aes_k_axi_top/i_axi2reg/i_axi_to_axi_lite/i_axi_burst_splitter/i_demux_supported_vs_unsupported/gen_demux.gen_ar_id_counter.i_ar_id_counter/gen_counters[18].i_in_flight_cnt/axi_rsp_o[ar_ready]_INST_0_i_18/O
                         net (fo=1, estimated)        0.522     2.992    i_kecc_aes_k_axi_top/i_axi2reg/i_axi_to_axi_lite/i_axi_burst_splitter/i_demux_supported_vs_unsupported/gen_demux.gen_ar_id_counter.i_ar_id_counter/gen_counters[9].i_in_flight_cnt/gen_demux.lock_ar_valid_q_reg_5
    SLICE_X13Y138        LUT6 (Prop_lut6_I5_O)        0.105     3.097 r  i_kecc_aes_k_axi_top/i_axi2reg/i_axi_to_axi_lite/i_axi_burst_splitter/i_demux_supported_vs_unsupported/gen_demux.gen_ar_id_counter.i_ar_id_counter/gen_counters[9].i_in_flight_cnt/axi_rsp_o[ar_ready]_INST_0_i_5/O
                         net (fo=6, estimated)        0.626     3.723    i_kecc_aes_k_axi_top/i_axi2reg/i_axi_burst_splitter/i_demux_supported_vs_unsupported/gen_demux.ar_id_cnt_full
    SLICE_X14Y139        LUT6 (Prop_lut6_I3_O)        0.105     3.828 f  i_kecc_aes_k_axi_top/i_axi2reg/i___33/O
                         net (fo=41, estimated)       0.313     4.141    i_kecc_aes_k_axi_top/i_axi2reg/i_axi_to_axi_lite/i_axi_burst_splitter/i_demux_supported_vs_unsupported/gen_demux.i_w_fifo/write_pointer_q_reg[0]_0
    SLICE_X14Y140        LUT6 (Prop_lut6_I1_O)        0.105     4.246 f  i_kecc_aes_k_axi_top/i_axi2reg/i_axi_to_axi_lite/i_axi_burst_splitter/i_demux_supported_vs_unsupported/gen_demux.i_w_fifo/i__i_2__0__0/O
                         net (fo=2, estimated)        0.936     5.182    i_kecc_aes_k_axi_top/i_axi2reg/axi_lite_req[w_valid]
    SLICE_X33Y130        LUT6 (Prop_lut6_I4_O)        0.105     5.287 f  i_kecc_aes_k_axi_top/i_axi2reg/i__i_1__4/O
                         net (fo=31, estimated)       0.311     5.598    i_kecc_aes_k_axi_top/i_axi2reg/i_axi_to_axi_lite/i_axi_burst_splitter/i_demux_supported_vs_unsupported/gen_demux.gen_aw_id_counter.i_aw_id_counter/gen_counters[3].i_in_flight_cnt/splitted_resp[aw_ready]
    SLICE_X32Y128        LUT6 (Prop_lut6_I3_O)        0.105     5.703 f  i_kecc_aes_k_axi_top/i_axi2reg/i_axi_to_axi_lite/i_axi_burst_splitter/i_demux_supported_vs_unsupported/gen_demux.gen_aw_id_counter.i_aw_id_counter/gen_counters[3].i_in_flight_cnt/i__i_3__6/O
                         net (fo=1, estimated)        0.231     5.934    i_kecc_aes_k_axi_top/i_axi2reg/i_axi_to_axi_lite_n_112
    SLICE_X37Y128        LUT6 (Prop_lut6_I3_O)        0.105     6.039 f  i_kecc_aes_k_axi_top/i_axi2reg/i___29/O
                         net (fo=41, estimated)       0.341     6.380    i_kecc_aes_k_axi_top/i_axi2reg/i_axi_to_axi_lite/i_axi_to_axi_lite_id_reflect/i_aw_id_fifo/i__i_2__4_0
    SLICE_X36Y128        LUT5 (Prop_lut5_I2_O)        0.105     6.485 r  i_kecc_aes_k_axi_top/i_axi2reg/i_axi_to_axi_lite/i_axi_to_axi_lite_id_reflect/i_aw_id_fifo/i__i_2__3__0/O
                         net (fo=1, estimated)        0.658     7.143    i_kecc_aes_k_axi_top/i_axi2reg/i_axi_to_axi_lite/i_axi_to_axi_lite_id_reflect/i_aw_id_fifo/i__i_2__3__0_n_0
    SLICE_X35Y128        LUT6 (Prop_lut6_I0_O)        0.105     7.248 r  i_kecc_aes_k_axi_top/i_axi2reg/i_axi_to_axi_lite/i_axi_to_axi_lite_id_reflect/i_aw_id_fifo/i__i_1__9/O
                         net (fo=22, estimated)       0.179     7.427    i_kecc_aes_k_axi_top/i_axi2reg/i_axi_to_axi_lite/i_axi_burst_splitter/i_axi_burst_splitter_aw_chan/i_axi_burst_splitter_counters/i_idq/gen_ht_ffs[1].head_tail_q_reg[1][free]__0_1
    SLICE_X35Y128        LUT6 (Prop_lut6_I5_O)        0.105     7.532 r  i_kecc_aes_k_axi_top/i_axi2reg/i_axi_to_axi_lite/i_axi_burst_splitter/i_axi_burst_splitter_aw_chan/i_axi_burst_splitter_counters/i_idq/i__i_1__7__0/O
                         net (fo=25, estimated)       0.511     8.043    i_kecc_aes_k_axi_top/i_axi2reg/i_axi_to_axi_lite/i_axi_burst_splitter/i_axi_burst_splitter_aw_chan/i_axi_burst_splitter_counters/i_idq/gen_ht_ffs[0].head_tail_q_reg[0][free]_0
    SLICE_X33Y127        LUT5 (Prop_lut5_I3_O)        0.105     8.148 r  i_kecc_aes_k_axi_top/i_axi2reg/i_axi_to_axi_lite/i_axi_burst_splitter/i_axi_burst_splitter_aw_chan/i_axi_burst_splitter_counters/i_idq/i__i_6__2/O
                         net (fo=4, estimated)        0.576     8.724    i_kecc_aes_k_axi_top/i_axi2reg/i_axi_to_axi_lite/i_axi_burst_splitter/i_axi_burst_splitter_aw_chan/i_axi_burst_splitter_counters/i_idq/counter_q_reg[4]
    SLICE_X33Y127        LUT6 (Prop_lut6_I0_O)        0.105     8.829 r  i_kecc_aes_k_axi_top/i_axi2reg/i_axi_to_axi_lite/i_axi_burst_splitter/i_axi_burst_splitter_aw_chan/i_axi_burst_splitter_counters/i_idq/i__i_2__13/O
                         net (fo=5, estimated)        0.575     9.404    i_kecc_aes_k_axi_top/i_axi2reg/i_axi_to_axi_lite/i_axi_burst_splitter/i_axi_burst_splitter_aw_chan/i_axi_burst_splitter_counters/i_idq/counter_q_reg[4]_0
    SLICE_X33Y127        LUT6 (Prop_lut6_I0_O)        0.105     9.509 r  i_kecc_aes_k_axi_top/i_axi2reg/i_axi_to_axi_lite/i_axi_burst_splitter/i_axi_burst_splitter_aw_chan/i_axi_burst_splitter_counters/i_idq/axi_rsp_o[b][resp][1]_INST_0_i_4/O
                         net (fo=1, estimated)        0.232     9.741    i_kecc_aes_k_axi_top/i_axi2reg/i_axi_to_axi_lite/i_axi_burst_splitter/i_demux_supported_vs_unsupported/gen_demux.i_b_mux/read_pointer_q_reg[0]
    SLICE_X31Y128        LUT6 (Prop_lut6_I2_O)        0.105     9.846 f  i_kecc_aes_k_axi_top/i_axi2reg/i_axi_to_axi_lite/i_axi_burst_splitter/i_demux_supported_vs_unsupported/gen_demux.i_b_mux/axi_rsp_o[b][resp][1]_INST_0_i_2/O
                         net (fo=14, estimated)       0.389    10.235    i_kecc_aes_k_axi_top/i_axi2reg/i_axi_to_axi_lite/i_axi_burst_splitter/i_err_slv/i_b_fifo/read_pointer_q_reg[0]_1
    SLICE_X30Y128        LUT6 (Prop_lut6_I3_O)        0.105    10.340 r  i_kecc_aes_k_axi_top/i_axi2reg/i_axi_to_axi_lite/i_axi_burst_splitter/i_err_slv/i_b_fifo/axi_rsp_o[b][id][2]_INST_0_i_1/O
                         net (fo=9, estimated)        0.631    10.971    i_kecc_aes_k_axi_top/i_axi2reg/filtered_resp[b][id][2]
    SLICE_X28Y130        LUT3 (Prop_lut3_I0_O)        0.105    11.076 r  i_kecc_aes_k_axi_top/i_axi2reg/i___16/O
                         net (fo=8, estimated)        0.688    11.764    i_kecc_aes_k_axi_top/i_axi2reg/i_axi_to_axi_lite/i_axi_burst_splitter/i_demux_supported_vs_unsupported/gen_demux.gen_aw_id_counter.i_aw_id_counter/gen_counters[2].i_in_flight_cnt/counter_q_reg[1]_1
    SLICE_X15Y135        LUT5 (Prop_lut5_I1_O)        0.105    11.869 r  i_kecc_aes_k_axi_top/i_axi2reg/i_axi_to_axi_lite/i_axi_burst_splitter/i_demux_supported_vs_unsupported/gen_demux.gen_aw_id_counter.i_aw_id_counter/gen_counters[2].i_in_flight_cnt/counter_q[0]_i_1/O
                         net (fo=1, routed)           0.000    11.869    i_kecc_aes_k_axi_top/i_axi2reg/i_axi_to_axi_lite/i_axi_burst_splitter/i_demux_supported_vs_unsupported/gen_demux.gen_aw_id_counter.i_aw_id_counter/gen_counters[2].i_in_flight_cnt/counter_q[0]_i_1_n_0
    SLICE_X15Y135        FDCE                                         r  i_kecc_aes_k_axi_top/i_axi2reg/i_axi_to_axi_lite/i_axi_burst_splitter/i_demux_supported_vs_unsupported/gen_demux.gen_aw_id_counter.i_aw_id_counter/gen_counters[2].i_in_flight_cnt/counter_q_reg[0]/D
  -------------------------------------------------------------------    -------------------

                         (clock clk_i rise edge)     10.000    10.000 r  
                                                      0.000    10.000 r  clk_i (IN)
                         net (fo=4814, unset)         0.748    10.748    i_kecc_aes_k_axi_top/i_axi2reg/i_axi_to_axi_lite/i_axi_burst_splitter/i_demux_supported_vs_unsupported/gen_demux.gen_aw_id_counter.i_aw_id_counter/gen_counters[2].i_in_flight_cnt/clk_i
    SLICE_X15Y135        FDCE                                         r  i_kecc_aes_k_axi_top/i_axi2reg/i_axi_to_axi_lite/i_axi_burst_splitter/i_demux_supported_vs_unsupported/gen_demux.gen_aw_id_counter.i_aw_id_counter/gen_counters[2].i_in_flight_cnt/counter_q_reg[0]/C
                         clock pessimism              0.000    10.748    
                         clock uncertainty           -0.035    10.712    
    SLICE_X15Y135        FDCE (Setup_fdce_C_D)        0.032    10.744    i_kecc_aes_k_axi_top/i_axi2reg/i_axi_to_axi_lite/i_axi_burst_splitter/i_demux_supported_vs_unsupported/gen_demux.gen_aw_id_counter.i_aw_id_counter/gen_counters[2].i_in_flight_cnt/counter_q_reg[0]
  -------------------------------------------------------------------
                         required time                         10.744    
                         arrival time                         -11.869    
  -------------------------------------------------------------------
                         slack                                 -1.125    

Slack (VIOLATED) :        -1.125ns  (required time - arrival time)
  Source:                 i_kecc_aes_k_axi_top/i_axi2reg/i_axi_to_axi_lite/i_axi_burst_splitter/i_demux_supported_vs_unsupported/gen_demux.gen_ar_id_counter.i_ar_id_counter/gen_counters[18].i_in_flight_cnt/counter_q_reg[0]/C
                            (rising edge-triggered cell FDCE clocked by clk_i  {rise@0.000ns fall@5.000ns period=10.000ns})
  Destination:            i_kecc_aes_k_axi_top/i_axi2reg/i_axi_to_axi_lite/i_axi_burst_splitter/i_demux_supported_vs_unsupported/gen_demux.gen_aw_id_counter.i_aw_id_counter/gen_counters[2].i_in_flight_cnt/counter_q_reg[0]/D
                            (rising edge-triggered cell FDCE clocked by clk_i  {rise@0.000ns fall@5.000ns period=10.000ns})
  Path Group:             clk_i
  Path Type:              Setup (Max at Slow Process Corner)
  Requirement:            10.000ns  (clk_i rise@10.000ns - clk_i rise@0.000ns)
  Data Path Delay:        11.082ns  (logic 2.323ns (20.962%)  route 8.759ns (79.038%))
  Logic Levels:           18  (LUT3=1 LUT4=2 LUT5=3 LUT6=12)
  Clock Path Skew:        -0.039ns (DCD - SCD + CPR)
    Destination Clock Delay (DCD):    0.748ns = ( 10.748 - 10.000 ) 
    Source Clock Delay      (SCD):    0.787ns
    Clock Pessimism Removal (CPR):    0.000ns
  Clock Uncertainty:      0.035ns  ((TSJ^2 + TIJ^2)^1/2 + DJ) / 2 + PE
    Total System Jitter     (TSJ):    0.071ns
    Total Input Jitter      (TIJ):    0.000ns
    Discrete Jitter          (DJ):    0.000ns
    Phase Error              (PE):    0.000ns

    Location             Delay type                Incr(ns)  Path(ns)    Netlist Resource(s)
  -------------------------------------------------------------------    -------------------
                         (clock clk_i rise edge)      0.000     0.000 r  
                                                      0.000     0.000 r  clk_i (IN)
                         net (fo=4814, unset)         0.787     0.787    i_kecc_aes_k_axi_top/i_axi2reg/i_axi_to_axi_lite/i_axi_burst_splitter/i_demux_supported_vs_unsupported/gen_demux.gen_ar_id_counter.i_ar_id_counter/gen_counters[18].i_in_flight_cnt/clk_i
    SLICE_X12Y128        FDCE                                         r  i_kecc_aes_k_axi_top/i_axi2reg/i_axi_to_axi_lite/i_axi_burst_splitter/i_demux_supported_vs_unsupported/gen_demux.gen_ar_id_counter.i_ar_id_counter/gen_counters[18].i_in_flight_cnt/counter_q_reg[0]/C
  -------------------------------------------------------------------    -------------------
    SLICE_X12Y128        FDCE (Prop_fdce_C_Q)         0.433     1.220 f  i_kecc_aes_k_axi_top/i_axi2reg/i_axi_to_axi_lite/i_axi_burst_splitter/i_demux_supported_vs_unsupported/gen_demux.gen_ar_id_counter.i_ar_id_counter/gen_counters[18].i_in_flight_cnt/counter_q_reg[0]/Q
                         net (fo=4, estimated)        0.531     1.751    i_kecc_aes_k_axi_top/i_axi2reg/i_axi_to_axi_lite/i_axi_burst_splitter/i_demux_supported_vs_unsupported/gen_demux.gen_ar_id_counter.i_ar_id_counter/gen_counters[18].i_in_flight_cnt/counter_q_reg[0]_0
    SLICE_X13Y127        LUT4 (Prop_lut4_I0_O)        0.105     1.856 f  i_kecc_aes_k_axi_top/i_axi2reg/i_axi_to_axi_lite/i_axi_burst_splitter/i_demux_supported_vs_unsupported/gen_demux.gen_ar_id_counter.i_ar_id_counter/gen_counters[18].i_in_flight_cnt/axi_rsp_o[ar_ready]_INST_0_i_35/O
                         net (fo=1, estimated)        0.509     2.365    i_kecc_aes_k_axi_top/i_axi2reg/i_axi_to_axi_lite/i_axi_burst_splitter/i_demux_supported_vs_unsupported/gen_demux.gen_ar_id_counter.i_ar_id_counter/gen_counters[18].i_in_flight_cnt/axi_rsp_o[ar_ready]_INST_0_i_35_n_0
    SLICE_X13Y128        LUT4 (Prop_lut4_I0_O)        0.105     2.470 f  i_kecc_aes_k_axi_top/i_axi2reg/i_axi_to_axi_lite/i_axi_burst_splitter/i_demux_supported_vs_unsupported/gen_demux.gen_ar_id_counter.i_ar_id_counter/gen_counters[18].i_in_flight_cnt/axi_rsp_o[ar_ready]_INST_0_i_18/O
                         net (fo=1, estimated)        0.522     2.992    i_kecc_aes_k_axi_top/i_axi2reg/i_axi_to_axi_lite/i_axi_burst_splitter/i_demux_supported_vs_unsupported/gen_demux.gen_ar_id_counter.i_ar_id_counter/gen_counters[9].i_in_flight_cnt/gen_demux.lock_ar_valid_q_reg_5
    SLICE_X13Y138        LUT6 (Prop_lut6_I5_O)        0.105     3.097 f  i_kecc_aes_k_axi_top/i_axi2reg/i_axi_to_axi_lite/i_axi_burst_splitter/i_demux_supported_vs_unsupported/gen_demux.gen_ar_id_counter.i_ar_id_counter/gen_counters[9].i_in_flight_cnt/axi_rsp_o[ar_ready]_INST_0_i_5/O
                         net (fo=6, estimated)        0.626     3.723    i_kecc_aes_k_axi_top/i_axi2reg/i_axi_burst_splitter/i_demux_supported_vs_unsupported/gen_demux.ar_id_cnt_full
    SLICE_X14Y139        LUT6 (Prop_lut6_I3_O)        0.105     3.828 r  i_kecc_aes_k_axi_top/i_axi2reg/i___33/O
                         net (fo=41, estimated)       0.313     4.141    i_kecc_aes_k_axi_top/i_axi2reg/i_axi_to_axi_lite/i_axi_burst_splitter/i_demux_supported_vs_unsupported/gen_demux.i_w_fifo/write_pointer_q_reg[0]_0
    SLICE_X14Y140        LUT6 (Prop_lut6_I1_O)        0.105     4.246 r  i_kecc_aes_k_axi_top/i_axi2reg/i_axi_to_axi_lite/i_axi_burst_splitter/i_demux_supported_vs_unsupported/gen_demux.i_w_fifo/i__i_2__0__0/O
                         net (fo=2, estimated)        0.936     5.182    i_kecc_aes_k_axi_top/i_axi2reg/axi_lite_req[w_valid]
    SLICE_X33Y130        LUT6 (Prop_lut6_I4_O)        0.105     5.287 r  i_kecc_aes_k_axi_top/i_axi2reg/i__i_1__4/O
                         net (fo=31, estimated)       0.311     5.598    i_kecc_aes_k_axi_top/i_axi2reg/i_axi_to_axi_lite/i_axi_burst_splitter/i_demux_supported_vs_unsupported/gen_demux.gen_aw_id_counter.i_aw_id_counter/gen_counters[3].i_in_flight_cnt/splitted_resp[aw_ready]
    SLICE_X32Y128        LUT6 (Prop_lut6_I3_O)        0.105     5.703 r  i_kecc_aes_k_axi_top/i_axi2reg/i_axi_to_axi_lite/i_axi_burst_splitter/i_demux_supported_vs_unsupported/gen_demux.gen_aw_id_counter.i_aw_id_counter/gen_counters[3].i_in_flight_cnt/i__i_3__6/O
                         net (fo=1, estimated)        0.231     5.934    i_kecc_aes_k_axi_top/i_axi2reg/i_axi_to_axi_lite_n_112
    SLICE_X37Y128        LUT6 (Prop_lut6_I3_O)        0.105     6.039 r  i_kecc_aes_k_axi_top/i_axi2reg/i___29/O
                         net (fo=41, estimated)       0.341     6.380    i_kecc_aes_k_axi_top/i_axi2reg/i_axi_to_axi_lite/i_axi_to_axi_lite_id_reflect/i_aw_id_fifo/i__i_2__4_0
    SLICE_X36Y128        LUT5 (Prop_lut5_I2_O)        0.105     6.485 f  i_kecc_aes_k_axi_top/i_axi2reg/i_axi_to_axi_lite/i_axi_to_axi_lite_id_reflect/i_aw_id_fifo/i__i_2__3__0/O
                         net (fo=1, estimated)        0.658     7.143    i_kecc_aes_k_axi_top/i_axi2reg/i_axi_to_axi_lite/i_axi_to_axi_lite_id_reflect/i_aw_id_fifo/i__i_2__3__0_n_0
    SLICE_X35Y128        LUT6 (Prop_lut6_I0_O)        0.105     7.248 f  i_kecc_aes_k_axi_top/i_axi2reg/i_axi_to_axi_lite/i_axi_to_axi_lite_id_reflect/i_aw_id_fifo/i__i_1__9/O
                         net (fo=22, estimated)       0.179     7.427    i_kecc_aes_k_axi_top/i_axi2reg/i_axi_to_axi_lite/i_axi_burst_splitter/i_axi_burst_splitter_aw_chan/i_axi_burst_splitter_counters/i_idq/gen_ht_ffs[1].head_tail_q_reg[1][free]__0_1
    SLICE_X35Y128        LUT6 (Prop_lut6_I5_O)        0.105     7.532 f  i_kecc_aes_k_axi_top/i_axi2reg/i_axi_to_axi_lite/i_axi_burst_splitter/i_axi_burst_splitter_aw_chan/i_axi_burst_splitter_counters/i_idq/i__i_1__7__0/O
                         net (fo=25, estimated)       0.511     8.043    i_kecc_aes_k_axi_top/i_axi2reg/i_axi_to_axi_lite/i_axi_burst_splitter/i_axi_burst_splitter_aw_chan/i_axi_burst_splitter_counters/i_idq/gen_ht_ffs[0].head_tail_q_reg[0][free]_0
    SLICE_X33Y127        LUT5 (Prop_lut5_I3_O)        0.105     8.148 r  i_kecc_aes_k_axi_top/i_axi2reg/i_axi_to_axi_lite/i_axi_burst_splitter/i_axi_burst_splitter_aw_chan/i_axi_burst_splitter_counters/i_idq/i__i_6__2/O
                         net (fo=4, estimated)        0.576     8.724    i_kecc_aes_k_axi_top/i_axi2reg/i_axi_to_axi_lite/i_axi_burst_splitter/i_axi_burst_splitter_aw_chan/i_axi_burst_splitter_counters/i_idq/counter_q_reg[4]
    SLICE_X33Y127        LUT6 (Prop_lut6_I0_O)        0.105     8.829 r  i_kecc_aes_k_axi_top/i_axi2reg/i_axi_to_axi_lite/i_axi_burst_splitter/i_axi_burst_splitter_aw_chan/i_axi_burst_splitter_counters/i_idq/i__i_2__13/O
                         net (fo=5, estimated)        0.575     9.404    i_kecc_aes_k_axi_top/i_axi2reg/i_axi_to_axi_lite/i_axi_burst_splitter/i_axi_burst_splitter_aw_chan/i_axi_burst_splitter_counters/i_idq/counter_q_reg[4]_0
    SLICE_X33Y127        LUT6 (Prop_lut6_I0_O)        0.105     9.509 r  i_kecc_aes_k_axi_top/i_axi2reg/i_axi_to_axi_lite/i_axi_burst_splitter/i_axi_burst_splitter_aw_chan/i_axi_burst_splitter_counters/i_idq/axi_rsp_o[b][resp][1]_INST_0_i_4/O
                         net (fo=1, estimated)        0.232     9.741    i_kecc_aes_k_axi_top/i_axi2reg/i_axi_to_axi_lite/i_axi_burst_splitter/i_demux_supported_vs_unsupported/gen_demux.i_b_mux/read_pointer_q_reg[0]
    SLICE_X31Y128        LUT6 (Prop_lut6_I2_O)        0.105     9.846 f  i_kecc_aes_k_axi_top/i_axi2reg/i_axi_to_axi_lite/i_axi_burst_splitter/i_demux_supported_vs_unsupported/gen_demux.i_b_mux/axi_rsp_o[b][resp][1]_INST_0_i_2/O
                         net (fo=14, estimated)       0.389    10.235    i_kecc_aes_k_axi_top/i_axi2reg/i_axi_to_axi_lite/i_axi_burst_splitter/i_err_slv/i_b_fifo/read_pointer_q_reg[0]_1
    SLICE_X30Y128        LUT6 (Prop_lut6_I3_O)        0.105    10.340 r  i_kecc_aes_k_axi_top/i_axi2reg/i_axi_to_axi_lite/i_axi_burst_splitter/i_err_slv/i_b_fifo/axi_rsp_o[b][id][2]_INST_0_i_1/O
                         net (fo=9, estimated)        0.631    10.971    i_kecc_aes_k_axi_top/i_axi2reg/filtered_resp[b][id][2]
    SLICE_X28Y130        LUT3 (Prop_lut3_I0_O)        0.105    11.076 r  i_kecc_aes_k_axi_top/i_axi2reg/i___16/O
                         net (fo=8, estimated)        0.688    11.764    i_kecc_aes_k_axi_top/i_axi2reg/i_axi_to_axi_lite/i_axi_burst_splitter/i_demux_supported_vs_unsupported/gen_demux.gen_aw_id_counter.i_aw_id_counter/gen_counters[2].i_in_flight_cnt/counter_q_reg[1]_1
    SLICE_X15Y135        LUT5 (Prop_lut5_I1_O)        0.105    11.869 r  i_kecc_aes_k_axi_top/i_axi2reg/i_axi_to_axi_lite/i_axi_burst_splitter/i_demux_supported_vs_unsupported/gen_demux.gen_aw_id_counter.i_aw_id_counter/gen_counters[2].i_in_flight_cnt/counter_q[0]_i_1/O
                         net (fo=1, routed)           0.000    11.869    i_kecc_aes_k_axi_top/i_axi2reg/i_axi_to_axi_lite/i_axi_burst_splitter/i_demux_supported_vs_unsupported/gen_demux.gen_aw_id_counter.i_aw_id_counter/gen_counters[2].i_in_flight_cnt/counter_q[0]_i_1_n_0
    SLICE_X15Y135        FDCE                                         r  i_kecc_aes_k_axi_top/i_axi2reg/i_axi_to_axi_lite/i_axi_burst_splitter/i_demux_supported_vs_unsupported/gen_demux.gen_aw_id_counter.i_aw_id_counter/gen_counters[2].i_in_flight_cnt/counter_q_reg[0]/D
  -------------------------------------------------------------------    -------------------

                         (clock clk_i rise edge)     10.000    10.000 r  
                                                      0.000    10.000 r  clk_i (IN)
                         net (fo=4814, unset)         0.748    10.748    i_kecc_aes_k_axi_top/i_axi2reg/i_axi_to_axi_lite/i_axi_burst_splitter/i_demux_supported_vs_unsupported/gen_demux.gen_aw_id_counter.i_aw_id_counter/gen_counters[2].i_in_flight_cnt/clk_i
    SLICE_X15Y135        FDCE                                         r  i_kecc_aes_k_axi_top/i_axi2reg/i_axi_to_axi_lite/i_axi_burst_splitter/i_demux_supported_vs_unsupported/gen_demux.gen_aw_id_counter.i_aw_id_counter/gen_counters[2].i_in_flight_cnt/counter_q_reg[0]/C
                         clock pessimism              0.000    10.748    
                         clock uncertainty           -0.035    10.712    
    SLICE_X15Y135        FDCE (Setup_fdce_C_D)        0.032    10.744    i_kecc_aes_k_axi_top/i_axi2reg/i_axi_to_axi_lite/i_axi_burst_splitter/i_demux_supported_vs_unsupported/gen_demux.gen_aw_id_counter.i_aw_id_counter/gen_counters[2].i_in_flight_cnt/counter_q_reg[0]
  -------------------------------------------------------------------
                         required time                         10.744    
                         arrival time                         -11.869    
  -------------------------------------------------------------------
                         slack                                 -1.125    

Slack (VIOLATED) :        -1.125ns  (required time - arrival time)
  Source:                 i_kecc_aes_k_axi_top/i_axi2reg/i_axi_to_axi_lite/i_axi_burst_splitter/i_demux_supported_vs_unsupported/gen_demux.gen_ar_id_counter.i_ar_id_counter/gen_counters[18].i_in_flight_cnt/counter_q_reg[0]/C
                            (rising edge-triggered cell FDCE clocked by clk_i  {rise@0.000ns fall@5.000ns period=10.000ns})
  Destination:            i_kecc_aes_k_axi_top/i_axi2reg/i_axi_to_axi_lite/i_axi_burst_splitter/i_demux_supported_vs_unsupported/gen_demux.gen_aw_id_counter.i_aw_id_counter/gen_counters[2].i_in_flight_cnt/counter_q_reg[0]/D
                            (rising edge-triggered cell FDCE clocked by clk_i  {rise@0.000ns fall@5.000ns period=10.000ns})
  Path Group:             clk_i
  Path Type:              Setup (Max at Slow Process Corner)
  Requirement:            10.000ns  (clk_i rise@10.000ns - clk_i rise@0.000ns)
  Data Path Delay:        11.082ns  (logic 2.323ns (20.962%)  route 8.759ns (79.038%))
  Logic Levels:           18  (LUT3=1 LUT4=2 LUT5=3 LUT6=12)
  Clock Path Skew:        -0.039ns (DCD - SCD + CPR)
    Destination Clock Delay (DCD):    0.748ns = ( 10.748 - 10.000 ) 
    Source Clock Delay      (SCD):    0.787ns
    Clock Pessimism Removal (CPR):    0.000ns
  Clock Uncertainty:      0.035ns  ((TSJ^2 + TIJ^2)^1/2 + DJ) / 2 + PE
    Total System Jitter     (TSJ):    0.071ns
    Total Input Jitter      (TIJ):    0.000ns
    Discrete Jitter          (DJ):    0.000ns
    Phase Error              (PE):    0.000ns

    Location             Delay type                Incr(ns)  Path(ns)    Netlist Resource(s)
  -------------------------------------------------------------------    -------------------
                         (clock clk_i rise edge)      0.000     0.000 r  
                                                      0.000     0.000 r  clk_i (IN)
                         net (fo=4814, unset)         0.787     0.787    i_kecc_aes_k_axi_top/i_axi2reg/i_axi_to_axi_lite/i_axi_burst_splitter/i_demux_supported_vs_unsupported/gen_demux.gen_ar_id_counter.i_ar_id_counter/gen_counters[18].i_in_flight_cnt/clk_i
    SLICE_X12Y128        FDCE                                         r  i_kecc_aes_k_axi_top/i_axi2reg/i_axi_to_axi_lite/i_axi_burst_splitter/i_demux_supported_vs_unsupported/gen_demux.gen_ar_id_counter.i_ar_id_counter/gen_counters[18].i_in_flight_cnt/counter_q_reg[0]/C
  -------------------------------------------------------------------    -------------------
    SLICE_X12Y128        FDCE (Prop_fdce_C_Q)         0.433     1.220 r  i_kecc_aes_k_axi_top/i_axi2reg/i_axi_to_axi_lite/i_axi_burst_splitter/i_demux_supported_vs_unsupported/gen_demux.gen_ar_id_counter.i_ar_id_counter/gen_counters[18].i_in_flight_cnt/counter_q_reg[0]/Q
                         net (fo=4, estimated)        0.531     1.751    i_kecc_aes_k_axi_top/i_axi2reg/i_axi_to_axi_lite/i_axi_burst_splitter/i_demux_supported_vs_unsupported/gen_demux.gen_ar_id_counter.i_ar_id_counter/gen_counters[18].i_in_flight_cnt/counter_q_reg[0]_0
    SLICE_X13Y127        LUT4 (Prop_lut4_I0_O)        0.105     1.856 r  i_kecc_aes_k_axi_top/i_axi2reg/i_axi_to_axi_lite/i_axi_burst_splitter/i_demux_supported_vs_unsupported/gen_demux.gen_ar_id_counter.i_ar_id_counter/gen_counters[18].i_in_flight_cnt/axi_rsp_o[ar_ready]_INST_0_i_35/O
                         net (fo=1, estimated)        0.509     2.365    i_kecc_aes_k_axi_top/i_axi2reg/i_axi_to_axi_lite/i_axi_burst_splitter/i_demux_supported_vs_unsupported/gen_demux.gen_ar_id_counter.i_ar_id_counter/gen_counters[18].i_in_flight_cnt/axi_rsp_o[ar_ready]_INST_0_i_35_n_0
    SLICE_X13Y128        LUT4 (Prop_lut4_I0_O)        0.105     2.470 r  i_kecc_aes_k_axi_top/i_axi2reg/i_axi_to_axi_lite/i_axi_burst_splitter/i_demux_supported_vs_unsupported/gen_demux.gen_ar_id_counter.i_ar_id_counter/gen_counters[18].i_in_flight_cnt/axi_rsp_o[ar_ready]_INST_0_i_18/O
                         net (fo=1, estimated)        0.522     2.992    i_kecc_aes_k_axi_top/i_axi2reg/i_axi_to_axi_lite/i_axi_burst_splitter/i_demux_supported_vs_unsupported/gen_demux.gen_ar_id_counter.i_ar_id_counter/gen_counters[9].i_in_flight_cnt/gen_demux.lock_ar_valid_q_reg_5
    SLICE_X13Y138        LUT6 (Prop_lut6_I5_O)        0.105     3.097 r  i_kecc_aes_k_axi_top/i_axi2reg/i_axi_to_axi_lite/i_axi_burst_splitter/i_demux_supported_vs_unsupported/gen_demux.gen_ar_id_counter.i_ar_id_counter/gen_counters[9].i_in_flight_cnt/axi_rsp_o[ar_ready]_INST_0_i_5/O
                         net (fo=6, estimated)        0.626     3.723    i_kecc_aes_k_axi_top/i_axi2reg/i_axi_burst_splitter/i_demux_supported_vs_unsupported/gen_demux.ar_id_cnt_full
    SLICE_X14Y139        LUT6 (Prop_lut6_I3_O)        0.105     3.828 f  i_kecc_aes_k_axi_top/i_axi2reg/i___33/O
                         net (fo=41, estimated)       0.313     4.141    i_kecc_aes_k_axi_top/i_axi2reg/i_axi_to_axi_lite/i_axi_burst_splitter/i_demux_supported_vs_unsupported/gen_demux.i_w_fifo/write_pointer_q_reg[0]_0
    SLICE_X14Y140        LUT6 (Prop_lut6_I1_O)        0.105     4.246 f  i_kecc_aes_k_axi_top/i_axi2reg/i_axi_to_axi_lite/i_axi_burst_splitter/i_demux_supported_vs_unsupported/gen_demux.i_w_fifo/i__i_2__0__0/O
                         net (fo=2, estimated)        0.936     5.182    i_kecc_aes_k_axi_top/i_axi2reg/axi_lite_req[w_valid]
    SLICE_X33Y130        LUT6 (Prop_lut6_I4_O)        0.105     5.287 f  i_kecc_aes_k_axi_top/i_axi2reg/i__i_1__4/O
                         net (fo=31, estimated)       0.311     5.598    i_kecc_aes_k_axi_top/i_axi2reg/i_axi_to_axi_lite/i_axi_burst_splitter/i_demux_supported_vs_unsupported/gen_demux.gen_aw_id_counter.i_aw_id_counter/gen_counters[3].i_in_flight_cnt/splitted_resp[aw_ready]
    SLICE_X32Y128        LUT6 (Prop_lut6_I3_O)        0.105     5.703 f  i_kecc_aes_k_axi_top/i_axi2reg/i_axi_to_axi_lite/i_axi_burst_splitter/i_demux_supported_vs_unsupported/gen_demux.gen_aw_id_counter.i_aw_id_counter/gen_counters[3].i_in_flight_cnt/i__i_3__6/O
                         net (fo=1, estimated)        0.231     5.934    i_kecc_aes_k_axi_top/i_axi2reg/i_axi_to_axi_lite_n_112
    SLICE_X37Y128        LUT6 (Prop_lut6_I3_O)        0.105     6.039 f  i_kecc_aes_k_axi_top/i_axi2reg/i___29/O
                         net (fo=41, estimated)       0.341     6.380    i_kecc_aes_k_axi_top/i_axi2reg/i_axi_to_axi_lite/i_axi_to_axi_lite_id_reflect/i_aw_id_fifo/i__i_2__4_0
    SLICE_X36Y128        LUT5 (Prop_lut5_I2_O)        0.105     6.485 f  i_kecc_aes_k_axi_top/i_axi2reg/i_axi_to_axi_lite/i_axi_to_axi_lite_id_reflect/i_aw_id_fifo/i__i_2__3__0/O
                         net (fo=1, estimated)        0.658     7.143    i_kecc_aes_k_axi_top/i_axi2reg/i_axi_to_axi_lite/i_axi_to_axi_lite_id_reflect/i_aw_id_fifo/i__i_2__3__0_n_0
    SLICE_X35Y128        LUT6 (Prop_lut6_I0_O)        0.105     7.248 f  i_kecc_aes_k_axi_top/i_axi2reg/i_axi_to_axi_lite/i_axi_to_axi_lite_id_reflect/i_aw_id_fifo/i__i_1__9/O
                         net (fo=22, estimated)       0.179     7.427    i_kecc_aes_k_axi_top/i_axi2reg/i_axi_to_axi_lite/i_axi_burst_splitter/i_axi_burst_splitter_aw_chan/i_axi_burst_splitter_counters/i_idq/gen_ht_ffs[1].head_tail_q_reg[1][free]__0_1
    SLICE_X35Y128        LUT6 (Prop_lut6_I5_O)        0.105     7.532 f  i_kecc_aes_k_axi_top/i_axi2reg/i_axi_to_axi_lite/i_axi_burst_splitter/i_axi_burst_splitter_aw_chan/i_axi_burst_splitter_counters/i_idq/i__i_1__7__0/O
                         net (fo=25, estimated)       0.511     8.043    i_kecc_aes_k_axi_top/i_axi2reg/i_axi_to_axi_lite/i_axi_burst_splitter/i_axi_burst_splitter_aw_chan/i_axi_burst_splitter_counters/i_idq/gen_ht_ffs[0].head_tail_q_reg[0][free]_0
    SLICE_X33Y127        LUT5 (Prop_lut5_I3_O)        0.105     8.148 r  i_kecc_aes_k_axi_top/i_axi2reg/i_axi_to_axi_lite/i_axi_burst_splitter/i_axi_burst_splitter_aw_chan/i_axi_burst_splitter_counters/i_idq/i__i_6__2/O
                         net (fo=4, estimated)        0.576     8.724    i_kecc_aes_k_axi_top/i_axi2reg/i_axi_to_axi_lite/i_axi_burst_splitter/i_axi_burst_splitter_aw_chan/i_axi_burst_splitter_counters/i_idq/counter_q_reg[4]
    SLICE_X33Y127        LUT6 (Prop_lut6_I0_O)        0.105     8.829 r  i_kecc_aes_k_axi_top/i_axi2reg/i_axi_to_axi_lite/i_axi_burst_splitter/i_axi_burst_splitter_aw_chan/i_axi_burst_splitter_counters/i_idq/i__i_2__13/O
                         net (fo=5, estimated)        0.575     9.404    i_kecc_aes_k_axi_top/i_axi2reg/i_axi_to_axi_lite/i_axi_burst_splitter/i_axi_burst_splitter_aw_chan/i_axi_burst_splitter_counters/i_idq/counter_q_reg[4]_0
    SLICE_X33Y127        LUT6 (Prop_lut6_I0_O)        0.105     9.509 r  i_kecc_aes_k_axi_top/i_axi2reg/i_axi_to_axi_lite/i_axi_burst_splitter/i_axi_burst_splitter_aw_chan/i_axi_burst_splitter_counters/i_idq/axi_rsp_o[b][resp][1]_INST_0_i_4/O
                         net (fo=1, estimated)        0.232     9.741    i_kecc_aes_k_axi_top/i_axi2reg/i_axi_to_axi_lite/i_axi_burst_splitter/i_demux_supported_vs_unsupported/gen_demux.i_b_mux/read_pointer_q_reg[0]
    SLICE_X31Y128        LUT6 (Prop_lut6_I2_O)        0.105     9.846 f  i_kecc_aes_k_axi_top/i_axi2reg/i_axi_to_axi_lite/i_axi_burst_splitter/i_demux_supported_vs_unsupported/gen_demux.i_b_mux/axi_rsp_o[b][resp][1]_INST_0_i_2/O
                         net (fo=14, estimated)       0.389    10.235    i_kecc_aes_k_axi_top/i_axi2reg/i_axi_to_axi_lite/i_axi_burst_splitter/i_err_slv/i_b_fifo/read_pointer_q_reg[0]_1
    SLICE_X30Y128        LUT6 (Prop_lut6_I3_O)        0.105    10.340 r  i_kecc_aes_k_axi_top/i_axi2reg/i_axi_to_axi_lite/i_axi_burst_splitter/i_err_slv/i_b_fifo/axi_rsp_o[b][id][2]_INST_0_i_1/O
                         net (fo=9, estimated)        0.631    10.971    i_kecc_aes_k_axi_top/i_axi2reg/filtered_resp[b][id][2]
    SLICE_X28Y130        LUT3 (Prop_lut3_I0_O)        0.105    11.076 r  i_kecc_aes_k_axi_top/i_axi2reg/i___16/O
                         net (fo=8, estimated)        0.688    11.764    i_kecc_aes_k_axi_top/i_axi2reg/i_axi_to_axi_lite/i_axi_burst_splitter/i_demux_supported_vs_unsupported/gen_demux.gen_aw_id_counter.i_aw_id_counter/gen_counters[2].i_in_flight_cnt/counter_q_reg[1]_1
    SLICE_X15Y135        LUT5 (Prop_lut5_I1_O)        0.105    11.869 r  i_kecc_aes_k_axi_top/i_axi2reg/i_axi_to_axi_lite/i_axi_burst_splitter/i_demux_supported_vs_unsupported/gen_demux.gen_aw_id_counter.i_aw_id_counter/gen_counters[2].i_in_flight_cnt/counter_q[0]_i_1/O
                         net (fo=1, routed)           0.000    11.869    i_kecc_aes_k_axi_top/i_axi2reg/i_axi_to_axi_lite/i_axi_burst_splitter/i_demux_supported_vs_unsupported/gen_demux.gen_aw_id_counter.i_aw_id_counter/gen_counters[2].i_in_flight_cnt/counter_q[0]_i_1_n_0
    SLICE_X15Y135        FDCE                                         r  i_kecc_aes_k_axi_top/i_axi2reg/i_axi_to_axi_lite/i_axi_burst_splitter/i_demux_supported_vs_unsupported/gen_demux.gen_aw_id_counter.i_aw_id_counter/gen_counters[2].i_in_flight_cnt/counter_q_reg[0]/D
  -------------------------------------------------------------------    -------------------

                         (clock clk_i rise edge)     10.000    10.000 r  
                                                      0.000    10.000 r  clk_i (IN)
                         net (fo=4814, unset)         0.748    10.748    i_kecc_aes_k_axi_top/i_axi2reg/i_axi_to_axi_lite/i_axi_burst_splitter/i_demux_supported_vs_unsupported/gen_demux.gen_aw_id_counter.i_aw_id_counter/gen_counters[2].i_in_flight_cnt/clk_i
    SLICE_X15Y135        FDCE                                         r  i_kecc_aes_k_axi_top/i_axi2reg/i_axi_to_axi_lite/i_axi_burst_splitter/i_demux_supported_vs_unsupported/gen_demux.gen_aw_id_counter.i_aw_id_counter/gen_counters[2].i_in_flight_cnt/counter_q_reg[0]/C
                         clock pessimism              0.000    10.748    
                         clock uncertainty           -0.035    10.712    
    SLICE_X15Y135        FDCE (Setup_fdce_C_D)        0.032    10.744    i_kecc_aes_k_axi_top/i_axi2reg/i_axi_to_axi_lite/i_axi_burst_splitter/i_demux_supported_vs_unsupported/gen_demux.gen_aw_id_counter.i_aw_id_counter/gen_counters[2].i_in_flight_cnt/counter_q_reg[0]
  -------------------------------------------------------------------
                         required time                         10.744    
                         arrival time                         -11.869    
  -------------------------------------------------------------------
                         slack                                 -1.125    

Slack (VIOLATED) :        -1.125ns  (required time - arrival time)
  Source:                 i_kecc_aes_k_axi_top/i_axi2reg/i_axi_to_axi_lite/i_axi_burst_splitter/i_demux_supported_vs_unsupported/gen_demux.gen_ar_id_counter.i_ar_id_counter/gen_counters[18].i_in_flight_cnt/counter_q_reg[0]/C
                            (rising edge-triggered cell FDCE clocked by clk_i  {rise@0.000ns fall@5.000ns period=10.000ns})
  Destination:            i_kecc_aes_k_axi_top/i_axi2reg/i_axi_to_axi_lite/i_axi_burst_splitter/i_demux_supported_vs_unsupported/gen_demux.gen_aw_id_counter.i_aw_id_counter/gen_counters[2].i_in_flight_cnt/counter_q_reg[0]/D
                            (rising edge-triggered cell FDCE clocked by clk_i  {rise@0.000ns fall@5.000ns period=10.000ns})
  Path Group:             clk_i
  Path Type:              Setup (Max at Slow Process Corner)
  Requirement:            10.000ns  (clk_i rise@10.000ns - clk_i rise@0.000ns)
  Data Path Delay:        11.082ns  (logic 2.323ns (20.962%)  route 8.759ns (79.038%))
  Logic Levels:           18  (LUT3=1 LUT4=2 LUT5=3 LUT6=12)
  Clock Path Skew:        -0.039ns (DCD - SCD + CPR)
    Destination Clock Delay (DCD):    0.748ns = ( 10.748 - 10.000 ) 
    Source Clock Delay      (SCD):    0.787ns
    Clock Pessimism Removal (CPR):    0.000ns
  Clock Uncertainty:      0.035ns  ((TSJ^2 + TIJ^2)^1/2 + DJ) / 2 + PE
    Total System Jitter     (TSJ):    0.071ns
    Total Input Jitter      (TIJ):    0.000ns
    Discrete Jitter          (DJ):    0.000ns
    Phase Error              (PE):    0.000ns

    Location             Delay type                Incr(ns)  Path(ns)    Netlist Resource(s)
  -------------------------------------------------------------------    -------------------
                         (clock clk_i rise edge)      0.000     0.000 r  
                                                      0.000     0.000 r  clk_i (IN)
                         net (fo=4814, unset)         0.787     0.787    i_kecc_aes_k_axi_top/i_axi2reg/i_axi_to_axi_lite/i_axi_burst_splitter/i_demux_supported_vs_unsupported/gen_demux.gen_ar_id_counter.i_ar_id_counter/gen_counters[18].i_in_flight_cnt/clk_i
    SLICE_X12Y128        FDCE                                         r  i_kecc_aes_k_axi_top/i_axi2reg/i_axi_to_axi_lite/i_axi_burst_splitter/i_demux_supported_vs_unsupported/gen_demux.gen_ar_id_counter.i_ar_id_counter/gen_counters[18].i_in_flight_cnt/counter_q_reg[0]/C
  -------------------------------------------------------------------    -------------------
    SLICE_X12Y128        FDCE (Prop_fdce_C_Q)         0.433     1.220 f  i_kecc_aes_k_axi_top/i_axi2reg/i_axi_to_axi_lite/i_axi_burst_splitter/i_demux_supported_vs_unsupported/gen_demux.gen_ar_id_counter.i_ar_id_counter/gen_counters[18].i_in_flight_cnt/counter_q_reg[0]/Q
                         net (fo=4, estimated)        0.531     1.751    i_kecc_aes_k_axi_top/i_axi2reg/i_axi_to_axi_lite/i_axi_burst_splitter/i_demux_supported_vs_unsupported/gen_demux.gen_ar_id_counter.i_ar_id_counter/gen_counters[18].i_in_flight_cnt/counter_q_reg[0]_0
    SLICE_X13Y127        LUT4 (Prop_lut4_I0_O)        0.105     1.856 f  i_kecc_aes_k_axi_top/i_axi2reg/i_axi_to_axi_lite/i_axi_burst_splitter/i_demux_supported_vs_unsupported/gen_demux.gen_ar_id_counter.i_ar_id_counter/gen_counters[18].i_in_flight_cnt/axi_rsp_o[ar_ready]_INST_0_i_35/O
                         net (fo=1, estimated)        0.509     2.365    i_kecc_aes_k_axi_top/i_axi2reg/i_axi_to_axi_lite/i_axi_burst_splitter/i_demux_supported_vs_unsupported/gen_demux.gen_ar_id_counter.i_ar_id_counter/gen_counters[18].i_in_flight_cnt/axi_rsp_o[ar_ready]_INST_0_i_35_n_0
    SLICE_X13Y128        LUT4 (Prop_lut4_I0_O)        0.105     2.470 f  i_kecc_aes_k_axi_top/i_axi2reg/i_axi_to_axi_lite/i_axi_burst_splitter/i_demux_supported_vs_unsupported/gen_demux.gen_ar_id_counter.i_ar_id_counter/gen_counters[18].i_in_flight_cnt/axi_rsp_o[ar_ready]_INST_0_i_18/O
                         net (fo=1, estimated)        0.522     2.992    i_kecc_aes_k_axi_top/i_axi2reg/i_axi_to_axi_lite/i_axi_burst_splitter/i_demux_supported_vs_unsupported/gen_demux.gen_ar_id_counter.i_ar_id_counter/gen_counters[9].i_in_flight_cnt/gen_demux.lock_ar_valid_q_reg_5
    SLICE_X13Y138        LUT6 (Prop_lut6_I5_O)        0.105     3.097 f  i_kecc_aes_k_axi_top/i_axi2reg/i_axi_to_axi_lite/i_axi_burst_splitter/i_demux_supported_vs_unsupported/gen_demux.gen_ar_id_counter.i_ar_id_counter/gen_counters[9].i_in_flight_cnt/axi_rsp_o[ar_ready]_INST_0_i_5/O
                         net (fo=6, estimated)        0.626     3.723    i_kecc_aes_k_axi_top/i_axi2reg/i_axi_burst_splitter/i_demux_supported_vs_unsupported/gen_demux.ar_id_cnt_full
    SLICE_X14Y139        LUT6 (Prop_lut6_I3_O)        0.105     3.828 r  i_kecc_aes_k_axi_top/i_axi2reg/i___33/O
                         net (fo=41, estimated)       0.313     4.141    i_kecc_aes_k_axi_top/i_axi2reg/i_axi_to_axi_lite/i_axi_burst_splitter/i_demux_supported_vs_unsupported/gen_demux.i_w_fifo/write_pointer_q_reg[0]_0
    SLICE_X14Y140        LUT6 (Prop_lut6_I1_O)        0.105     4.246 r  i_kecc_aes_k_axi_top/i_axi2reg/i_axi_to_axi_lite/i_axi_burst_splitter/i_demux_supported_vs_unsupported/gen_demux.i_w_fifo/i__i_2__0__0/O
                         net (fo=2, estimated)        0.936     5.182    i_kecc_aes_k_axi_top/i_axi2reg/axi_lite_req[w_valid]
    SLICE_X33Y130        LUT6 (Prop_lut6_I4_O)        0.105     5.287 r  i_kecc_aes_k_axi_top/i_axi2reg/i__i_1__4/O
                         net (fo=31, estimated)       0.311     5.598    i_kecc_aes_k_axi_top/i_axi2reg/i_axi_to_axi_lite/i_axi_burst_splitter/i_demux_supported_vs_unsupported/gen_demux.gen_aw_id_counter.i_aw_id_counter/gen_counters[3].i_in_flight_cnt/splitted_resp[aw_ready]
    SLICE_X32Y128        LUT6 (Prop_lut6_I3_O)        0.105     5.703 r  i_kecc_aes_k_axi_top/i_axi2reg/i_axi_to_axi_lite/i_axi_burst_splitter/i_demux_supported_vs_unsupported/gen_demux.gen_aw_id_counter.i_aw_id_counter/gen_counters[3].i_in_flight_cnt/i__i_3__6/O
                         net (fo=1, estimated)        0.231     5.934    i_kecc_aes_k_axi_top/i_axi2reg/i_axi_to_axi_lite_n_112
    SLICE_X37Y128        LUT6 (Prop_lut6_I3_O)        0.105     6.039 r  i_kecc_aes_k_axi_top/i_axi2reg/i___29/O
                         net (fo=41, estimated)       0.341     6.380    i_kecc_aes_k_axi_top/i_axi2reg/i_axi_to_axi_lite/i_axi_to_axi_lite_id_reflect/i_aw_id_fifo/i__i_2__4_0
    SLICE_X36Y128        LUT5 (Prop_lut5_I2_O)        0.105     6.485 r  i_kecc_aes_k_axi_top/i_axi2reg/i_axi_to_axi_lite/i_axi_to_axi_lite_id_reflect/i_aw_id_fifo/i__i_2__3__0/O
                         net (fo=1, estimated)        0.658     7.143    i_kecc_aes_k_axi_top/i_axi2reg/i_axi_to_axi_lite/i_axi_to_axi_lite_id_reflect/i_aw_id_fifo/i__i_2__3__0_n_0
    SLICE_X35Y128        LUT6 (Prop_lut6_I0_O)        0.105     7.248 r  i_kecc_aes_k_axi_top/i_axi2reg/i_axi_to_axi_lite/i_axi_to_axi_lite_id_reflect/i_aw_id_fifo/i__i_1__9/O
                         net (fo=22, estimated)       0.179     7.427    i_kecc_aes_k_axi_top/i_axi2reg/i_axi_to_axi_lite/i_axi_burst_splitter/i_axi_burst_splitter_aw_chan/i_axi_burst_splitter_counters/i_idq/gen_ht_ffs[1].head_tail_q_reg[1][free]__0_1
    SLICE_X35Y128        LUT6 (Prop_lut6_I5_O)        0.105     7.532 r  i_kecc_aes_k_axi_top/i_axi2reg/i_axi_to_axi_lite/i_axi_burst_splitter/i_axi_burst_splitter_aw_chan/i_axi_burst_splitter_counters/i_idq/i__i_1__7__0/O
                         net (fo=25, estimated)       0.511     8.043    i_kecc_aes_k_axi_top/i_axi2reg/i_axi_to_axi_lite/i_axi_burst_splitter/i_axi_burst_splitter_aw_chan/i_axi_burst_splitter_counters/i_idq/gen_ht_ffs[0].head_tail_q_reg[0][free]_0
    SLICE_X33Y127        LUT5 (Prop_lut5_I3_O)        0.105     8.148 f  i_kecc_aes_k_axi_top/i_axi2reg/i_axi_to_axi_lite/i_axi_burst_splitter/i_axi_burst_splitter_aw_chan/i_axi_burst_splitter_counters/i_idq/i__i_6__2/O
                         net (fo=4, estimated)        0.576     8.724    i_kecc_aes_k_axi_top/i_axi2reg/i_axi_to_axi_lite/i_axi_burst_splitter/i_axi_burst_splitter_aw_chan/i_axi_burst_splitter_counters/i_idq/counter_q_reg[4]
    SLICE_X33Y127        LUT6 (Prop_lut6_I0_O)        0.105     8.829 f  i_kecc_aes_k_axi_top/i_axi2reg/i_axi_to_axi_lite/i_axi_burst_splitter/i_axi_burst_splitter_aw_chan/i_axi_burst_splitter_counters/i_idq/i__i_2__13/O
                         net (fo=5, estimated)        0.575     9.404    i_kecc_aes_k_axi_top/i_axi2reg/i_axi_to_axi_lite/i_axi_burst_splitter/i_axi_burst_splitter_aw_chan/i_axi_burst_splitter_counters/i_idq/counter_q_reg[4]_0
    SLICE_X33Y127        LUT6 (Prop_lut6_I0_O)        0.105     9.509 f  i_kecc_aes_k_axi_top/i_axi2reg/i_axi_to_axi_lite/i_axi_burst_splitter/i_axi_burst_splitter_aw_chan/i_axi_burst_splitter_counters/i_idq/axi_rsp_o[b][resp][1]_INST_0_i_4/O
                         net (fo=1, estimated)        0.232     9.741    i_kecc_aes_k_axi_top/i_axi2reg/i_axi_to_axi_lite/i_axi_burst_splitter/i_demux_supported_vs_unsupported/gen_demux.i_b_mux/read_pointer_q_reg[0]
    SLICE_X31Y128        LUT6 (Prop_lut6_I2_O)        0.105     9.846 r  i_kecc_aes_k_axi_top/i_axi2reg/i_axi_to_axi_lite/i_axi_burst_splitter/i_demux_supported_vs_unsupported/gen_demux.i_b_mux/axi_rsp_o[b][resp][1]_INST_0_i_2/O
                         net (fo=14, estimated)       0.389    10.235    i_kecc_aes_k_axi_top/i_axi2reg/i_axi_to_axi_lite/i_axi_burst_splitter/i_err_slv/i_b_fifo/read_pointer_q_reg[0]_1
    SLICE_X30Y128        LUT6 (Prop_lut6_I3_O)        0.105    10.340 f  i_kecc_aes_k_axi_top/i_axi2reg/i_axi_to_axi_lite/i_axi_burst_splitter/i_err_slv/i_b_fifo/axi_rsp_o[b][id][2]_INST_0_i_1/O
                         net (fo=9, estimated)        0.631    10.971    i_kecc_aes_k_axi_top/i_axi2reg/filtered_resp[b][id][2]
    SLICE_X28Y130        LUT3 (Prop_lut3_I0_O)        0.105    11.076 f  i_kecc_aes_k_axi_top/i_axi2reg/i___16/O
                         net (fo=8, estimated)        0.688    11.764    i_kecc_aes_k_axi_top/i_axi2reg/i_axi_to_axi_lite/i_axi_burst_splitter/i_demux_supported_vs_unsupported/gen_demux.gen_aw_id_counter.i_aw_id_counter/gen_counters[2].i_in_flight_cnt/counter_q_reg[1]_1
    SLICE_X15Y135        LUT5 (Prop_lut5_I1_O)        0.105    11.869 r  i_kecc_aes_k_axi_top/i_axi2reg/i_axi_to_axi_lite/i_axi_burst_splitter/i_demux_supported_vs_unsupported/gen_demux.gen_aw_id_counter.i_aw_id_counter/gen_counters[2].i_in_flight_cnt/counter_q[0]_i_1/O
                         net (fo=1, routed)           0.000    11.869    i_kecc_aes_k_axi_top/i_axi2reg/i_axi_to_axi_lite/i_axi_burst_splitter/i_demux_supported_vs_unsupported/gen_demux.gen_aw_id_counter.i_aw_id_counter/gen_counters[2].i_in_flight_cnt/counter_q[0]_i_1_n_0
    SLICE_X15Y135        FDCE                                         r  i_kecc_aes_k_axi_top/i_axi2reg/i_axi_to_axi_lite/i_axi_burst_splitter/i_demux_supported_vs_unsupported/gen_demux.gen_aw_id_counter.i_aw_id_counter/gen_counters[2].i_in_flight_cnt/counter_q_reg[0]/D
  -------------------------------------------------------------------    -------------------

                         (clock clk_i rise edge)     10.000    10.000 r  
                                                      0.000    10.000 r  clk_i (IN)
                         net (fo=4814, unset)         0.748    10.748    i_kecc_aes_k_axi_top/i_axi2reg/i_axi_to_axi_lite/i_axi_burst_splitter/i_demux_supported_vs_unsupported/gen_demux.gen_aw_id_counter.i_aw_id_counter/gen_counters[2].i_in_flight_cnt/clk_i
    SLICE_X15Y135        FDCE                                         r  i_kecc_aes_k_axi_top/i_axi2reg/i_axi_to_axi_lite/i_axi_burst_splitter/i_demux_supported_vs_unsupported/gen_demux.gen_aw_id_counter.i_aw_id_counter/gen_counters[2].i_in_flight_cnt/counter_q_reg[0]/C
                         clock pessimism              0.000    10.748    
                         clock uncertainty           -0.035    10.712    
    SLICE_X15Y135        FDCE (Setup_fdce_C_D)        0.032    10.744    i_kecc_aes_k_axi_top/i_axi2reg/i_axi_to_axi_lite/i_axi_burst_splitter/i_demux_supported_vs_unsupported/gen_demux.gen_aw_id_counter.i_aw_id_counter/gen_counters[2].i_in_flight_cnt/counter_q_reg[0]
  -------------------------------------------------------------------
                         required time                         10.744    
                         arrival time                         -11.869    
  -------------------------------------------------------------------
                         slack                                 -1.125    

Slack (VIOLATED) :        -1.125ns  (required time - arrival time)
  Source:                 i_kecc_aes_k_axi_top/i_axi2reg/i_axi_to_axi_lite/i_axi_burst_splitter/i_demux_supported_vs_unsupported/gen_demux.gen_ar_id_counter.i_ar_id_counter/gen_counters[18].i_in_flight_cnt/counter_q_reg[0]/C
                            (rising edge-triggered cell FDCE clocked by clk_i  {rise@0.000ns fall@5.000ns period=10.000ns})
  Destination:            i_kecc_aes_k_axi_top/i_axi2reg/i_axi_to_axi_lite/i_axi_burst_splitter/i_demux_supported_vs_unsupported/gen_demux.gen_aw_id_counter.i_aw_id_counter/gen_counters[2].i_in_flight_cnt/counter_q_reg[0]/D
                            (rising edge-triggered cell FDCE clocked by clk_i  {rise@0.000ns fall@5.000ns period=10.000ns})
  Path Group:             clk_i
  Path Type:              Setup (Max at Slow Process Corner)
  Requirement:            10.000ns  (clk_i rise@10.000ns - clk_i rise@0.000ns)
  Data Path Delay:        11.082ns  (logic 2.323ns (20.962%)  route 8.759ns (79.038%))
  Logic Levels:           18  (LUT3=1 LUT4=2 LUT5=3 LUT6=12)
  Clock Path Skew:        -0.039ns (DCD - SCD + CPR)
    Destination Clock Delay (DCD):    0.748ns = ( 10.748 - 10.000 ) 
    Source Clock Delay      (SCD):    0.787ns
    Clock Pessimism Removal (CPR):    0.000ns
  Clock Uncertainty:      0.035ns  ((TSJ^2 + TIJ^2)^1/2 + DJ) / 2 + PE
    Total System Jitter     (TSJ):    0.071ns
    Total Input Jitter      (TIJ):    0.000ns
    Discrete Jitter          (DJ):    0.000ns
    Phase Error              (PE):    0.000ns

    Location             Delay type                Incr(ns)  Path(ns)    Netlist Resource(s)
  -------------------------------------------------------------------    -------------------
                         (clock clk_i rise edge)      0.000     0.000 r  
                                                      0.000     0.000 r  clk_i (IN)
                         net (fo=4814, unset)         0.787     0.787    i_kecc_aes_k_axi_top/i_axi2reg/i_axi_to_axi_lite/i_axi_burst_splitter/i_demux_supported_vs_unsupported/gen_demux.gen_ar_id_counter.i_ar_id_counter/gen_counters[18].i_in_flight_cnt/clk_i
    SLICE_X12Y128        FDCE                                         r  i_kecc_aes_k_axi_top/i_axi2reg/i_axi_to_axi_lite/i_axi_burst_splitter/i_demux_supported_vs_unsupported/gen_demux.gen_ar_id_counter.i_ar_id_counter/gen_counters[18].i_in_flight_cnt/counter_q_reg[0]/C
  -------------------------------------------------------------------    -------------------
    SLICE_X12Y128        FDCE (Prop_fdce_C_Q)         0.433     1.220 r  i_kecc_aes_k_axi_top/i_axi2reg/i_axi_to_axi_lite/i_axi_burst_splitter/i_demux_supported_vs_unsupported/gen_demux.gen_ar_id_counter.i_ar_id_counter/gen_counters[18].i_in_flight_cnt/counter_q_reg[0]/Q
                         net (fo=4, estimated)        0.531     1.751    i_kecc_aes_k_axi_top/i_axi2reg/i_axi_to_axi_lite/i_axi_burst_splitter/i_demux_supported_vs_unsupported/gen_demux.gen_ar_id_counter.i_ar_id_counter/gen_counters[18].i_in_flight_cnt/counter_q_reg[0]_0
    SLICE_X13Y127        LUT4 (Prop_lut4_I0_O)        0.105     1.856 r  i_kecc_aes_k_axi_top/i_axi2reg/i_axi_to_axi_lite/i_axi_burst_splitter/i_demux_supported_vs_unsupported/gen_demux.gen_ar_id_counter.i_ar_id_counter/gen_counters[18].i_in_flight_cnt/axi_rsp_o[ar_ready]_INST_0_i_35/O
                         net (fo=1, estimated)        0.509     2.365    i_kecc_aes_k_axi_top/i_axi2reg/i_axi_to_axi_lite/i_axi_burst_splitter/i_demux_supported_vs_unsupported/gen_demux.gen_ar_id_counter.i_ar_id_counter/gen_counters[18].i_in_flight_cnt/axi_rsp_o[ar_ready]_INST_0_i_35_n_0
    SLICE_X13Y128        LUT4 (Prop_lut4_I0_O)        0.105     2.470 r  i_kecc_aes_k_axi_top/i_axi2reg/i_axi_to_axi_lite/i_axi_burst_splitter/i_demux_supported_vs_unsupported/gen_demux.gen_ar_id_counter.i_ar_id_counter/gen_counters[18].i_in_flight_cnt/axi_rsp_o[ar_ready]_INST_0_i_18/O
                         net (fo=1, estimated)        0.522     2.992    i_kecc_aes_k_axi_top/i_axi2reg/i_axi_to_axi_lite/i_axi_burst_splitter/i_demux_supported_vs_unsupported/gen_demux.gen_ar_id_counter.i_ar_id_counter/gen_counters[9].i_in_flight_cnt/gen_demux.lock_ar_valid_q_reg_5
    SLICE_X13Y138        LUT6 (Prop_lut6_I5_O)        0.105     3.097 r  i_kecc_aes_k_axi_top/i_axi2reg/i_axi_to_axi_lite/i_axi_burst_splitter/i_demux_supported_vs_unsupported/gen_demux.gen_ar_id_counter.i_ar_id_counter/gen_counters[9].i_in_flight_cnt/axi_rsp_o[ar_ready]_INST_0_i_5/O
                         net (fo=6, estimated)        0.626     3.723    i_kecc_aes_k_axi_top/i_axi2reg/i_axi_burst_splitter/i_demux_supported_vs_unsupported/gen_demux.ar_id_cnt_full
    SLICE_X14Y139        LUT6 (Prop_lut6_I3_O)        0.105     3.828 f  i_kecc_aes_k_axi_top/i_axi2reg/i___33/O
                         net (fo=41, estimated)       0.313     4.141    i_kecc_aes_k_axi_top/i_axi2reg/i_axi_to_axi_lite/i_axi_burst_splitter/i_demux_supported_vs_unsupported/gen_demux.i_w_fifo/write_pointer_q_reg[0]_0
    SLICE_X14Y140        LUT6 (Prop_lut6_I1_O)        0.105     4.246 f  i_kecc_aes_k_axi_top/i_axi2reg/i_axi_to_axi_lite/i_axi_burst_splitter/i_demux_supported_vs_unsupported/gen_demux.i_w_fifo/i__i_2__0__0/O
                         net (fo=2, estimated)        0.936     5.182    i_kecc_aes_k_axi_top/i_axi2reg/axi_lite_req[w_valid]
    SLICE_X33Y130        LUT6 (Prop_lut6_I4_O)        0.105     5.287 f  i_kecc_aes_k_axi_top/i_axi2reg/i__i_1__4/O
                         net (fo=31, estimated)       0.311     5.598    i_kecc_aes_k_axi_top/i_axi2reg/i_axi_to_axi_lite/i_axi_burst_splitter/i_demux_supported_vs_unsupported/gen_demux.gen_aw_id_counter.i_aw_id_counter/gen_counters[3].i_in_flight_cnt/splitted_resp[aw_ready]
    SLICE_X32Y128        LUT6 (Prop_lut6_I3_O)        0.105     5.703 f  i_kecc_aes_k_axi_top/i_axi2reg/i_axi_to_axi_lite/i_axi_burst_splitter/i_demux_supported_vs_unsupported/gen_demux.gen_aw_id_counter.i_aw_id_counter/gen_counters[3].i_in_flight_cnt/i__i_3__6/O
                         net (fo=1, estimated)        0.231     5.934    i_kecc_aes_k_axi_top/i_axi2reg/i_axi_to_axi_lite_n_112
    SLICE_X37Y128        LUT6 (Prop_lut6_I3_O)        0.105     6.039 f  i_kecc_aes_k_axi_top/i_axi2reg/i___29/O
                         net (fo=41, estimated)       0.341     6.380    i_kecc_aes_k_axi_top/i_axi2reg/i_axi_to_axi_lite/i_axi_to_axi_lite_id_reflect/i_aw_id_fifo/i__i_2__4_0
    SLICE_X36Y128        LUT5 (Prop_lut5_I2_O)        0.105     6.485 r  i_kecc_aes_k_axi_top/i_axi2reg/i_axi_to_axi_lite/i_axi_to_axi_lite_id_reflect/i_aw_id_fifo/i__i_2__3__0/O
                         net (fo=1, estimated)        0.658     7.143    i_kecc_aes_k_axi_top/i_axi2reg/i_axi_to_axi_lite/i_axi_to_axi_lite_id_reflect/i_aw_id_fifo/i__i_2__3__0_n_0
    SLICE_X35Y128        LUT6 (Prop_lut6_I0_O)        0.105     7.248 r  i_kecc_aes_k_axi_top/i_axi2reg/i_axi_to_axi_lite/i_axi_to_axi_lite_id_reflect/i_aw_id_fifo/i__i_1__9/O
                         net (fo=22, estimated)       0.179     7.427    i_kecc_aes_k_axi_top/i_axi2reg/i_axi_to_axi_lite/i_axi_burst_splitter/i_axi_burst_splitter_aw_chan/i_axi_burst_splitter_counters/i_idq/gen_ht_ffs[1].head_tail_q_reg[1][free]__0_1
    SLICE_X35Y128        LUT6 (Prop_lut6_I5_O)        0.105     7.532 r  i_kecc_aes_k_axi_top/i_axi2reg/i_axi_to_axi_lite/i_axi_burst_splitter/i_axi_burst_splitter_aw_chan/i_axi_burst_splitter_counters/i_idq/i__i_1__7__0/O
                         net (fo=25, estimated)       0.511     8.043    i_kecc_aes_k_axi_top/i_axi2reg/i_axi_to_axi_lite/i_axi_burst_splitter/i_axi_burst_splitter_aw_chan/i_axi_burst_splitter_counters/i_idq/gen_ht_ffs[0].head_tail_q_reg[0][free]_0
    SLICE_X33Y127        LUT5 (Prop_lut5_I3_O)        0.105     8.148 f  i_kecc_aes_k_axi_top/i_axi2reg/i_axi_to_axi_lite/i_axi_burst_splitter/i_axi_burst_splitter_aw_chan/i_axi_burst_splitter_counters/i_idq/i__i_6__2/O
                         net (fo=4, estimated)        0.576     8.724    i_kecc_aes_k_axi_top/i_axi2reg/i_axi_to_axi_lite/i_axi_burst_splitter/i_axi_burst_splitter_aw_chan/i_axi_burst_splitter_counters/i_idq/counter_q_reg[4]
    SLICE_X33Y127        LUT6 (Prop_lut6_I0_O)        0.105     8.829 f  i_kecc_aes_k_axi_top/i_axi2reg/i_axi_to_axi_lite/i_axi_burst_splitter/i_axi_burst_splitter_aw_chan/i_axi_burst_splitter_counters/i_idq/i__i_2__13/O
                         net (fo=5, estimated)        0.575     9.404    i_kecc_aes_k_axi_top/i_axi2reg/i_axi_to_axi_lite/i_axi_burst_splitter/i_axi_burst_splitter_aw_chan/i_axi_burst_splitter_counters/i_idq/counter_q_reg[4]_0
    SLICE_X33Y127        LUT6 (Prop_lut6_I0_O)        0.105     9.509 f  i_kecc_aes_k_axi_top/i_axi2reg/i_axi_to_axi_lite/i_axi_burst_splitter/i_axi_burst_splitter_aw_chan/i_axi_burst_splitter_counters/i_idq/axi_rsp_o[b][resp][1]_INST_0_i_4/O
                         net (fo=1, estimated)        0.232     9.741    i_kecc_aes_k_axi_top/i_axi2reg/i_axi_to_axi_lite/i_axi_burst_splitter/i_demux_supported_vs_unsupported/gen_demux.i_b_mux/read_pointer_q_reg[0]
    SLICE_X31Y128        LUT6 (Prop_lut6_I2_O)        0.105     9.846 r  i_kecc_aes_k_axi_top/i_axi2reg/i_axi_to_axi_lite/i_axi_burst_splitter/i_demux_supported_vs_unsupported/gen_demux.i_b_mux/axi_rsp_o[b][resp][1]_INST_0_i_2/O
                         net (fo=14, estimated)       0.389    10.235    i_kecc_aes_k_axi_top/i_axi2reg/i_axi_to_axi_lite/i_axi_burst_splitter/i_err_slv/i_b_fifo/read_pointer_q_reg[0]_1
    SLICE_X30Y128        LUT6 (Prop_lut6_I3_O)        0.105    10.340 f  i_kecc_aes_k_axi_top/i_axi2reg/i_axi_to_axi_lite/i_axi_burst_splitter/i_err_slv/i_b_fifo/axi_rsp_o[b][id][2]_INST_0_i_1/O
                         net (fo=9, estimated)        0.631    10.971    i_kecc_aes_k_axi_top/i_axi2reg/filtered_resp[b][id][2]
    SLICE_X28Y130        LUT3 (Prop_lut3_I0_O)        0.105    11.076 f  i_kecc_aes_k_axi_top/i_axi2reg/i___16/O
                         net (fo=8, estimated)        0.688    11.764    i_kecc_aes_k_axi_top/i_axi2reg/i_axi_to_axi_lite/i_axi_burst_splitter/i_demux_supported_vs_unsupported/gen_demux.gen_aw_id_counter.i_aw_id_counter/gen_counters[2].i_in_flight_cnt/counter_q_reg[1]_1
    SLICE_X15Y135        LUT5 (Prop_lut5_I1_O)        0.105    11.869 r  i_kecc_aes_k_axi_top/i_axi2reg/i_axi_to_axi_lite/i_axi_burst_splitter/i_demux_supported_vs_unsupported/gen_demux.gen_aw_id_counter.i_aw_id_counter/gen_counters[2].i_in_flight_cnt/counter_q[0]_i_1/O
                         net (fo=1, routed)           0.000    11.869    i_kecc_aes_k_axi_top/i_axi2reg/i_axi_to_axi_lite/i_axi_burst_splitter/i_demux_supported_vs_unsupported/gen_demux.gen_aw_id_counter.i_aw_id_counter/gen_counters[2].i_in_flight_cnt/counter_q[0]_i_1_n_0
    SLICE_X15Y135        FDCE                                         r  i_kecc_aes_k_axi_top/i_axi2reg/i_axi_to_axi_lite/i_axi_burst_splitter/i_demux_supported_vs_unsupported/gen_demux.gen_aw_id_counter.i_aw_id_counter/gen_counters[2].i_in_flight_cnt/counter_q_reg[0]/D
  -------------------------------------------------------------------    -------------------

                         (clock clk_i rise edge)     10.000    10.000 r  
                                                      0.000    10.000 r  clk_i (IN)
                         net (fo=4814, unset)         0.748    10.748    i_kecc_aes_k_axi_top/i_axi2reg/i_axi_to_axi_lite/i_axi_burst_splitter/i_demux_supported_vs_unsupported/gen_demux.gen_aw_id_counter.i_aw_id_counter/gen_counters[2].i_in_flight_cnt/clk_i
    SLICE_X15Y135        FDCE                                         r  i_kecc_aes_k_axi_top/i_axi2reg/i_axi_to_axi_lite/i_axi_burst_splitter/i_demux_supported_vs_unsupported/gen_demux.gen_aw_id_counter.i_aw_id_counter/gen_counters[2].i_in_flight_cnt/counter_q_reg[0]/C
                         clock pessimism              0.000    10.748    
                         clock uncertainty           -0.035    10.712    
    SLICE_X15Y135        FDCE (Setup_fdce_C_D)        0.032    10.744    i_kecc_aes_k_axi_top/i_axi2reg/i_axi_to_axi_lite/i_axi_burst_splitter/i_demux_supported_vs_unsupported/gen_demux.gen_aw_id_counter.i_aw_id_counter/gen_counters[2].i_in_flight_cnt/counter_q_reg[0]
  -------------------------------------------------------------------
                         required time                         10.744    
                         arrival time                         -11.869    
  -------------------------------------------------------------------
                         slack                                 -1.125    

Slack (VIOLATED) :        -1.125ns  (required time - arrival time)
  Source:                 i_kecc_aes_k_axi_top/i_axi2reg/i_axi_to_axi_lite/i_axi_burst_splitter/i_demux_supported_vs_unsupported/gen_demux.gen_ar_id_counter.i_ar_id_counter/gen_counters[18].i_in_flight_cnt/counter_q_reg[0]/C
                            (rising edge-triggered cell FDCE clocked by clk_i  {rise@0.000ns fall@5.000ns period=10.000ns})
  Destination:            i_kecc_aes_k_axi_top/i_axi2reg/i_axi_to_axi_lite/i_axi_burst_splitter/i_demux_supported_vs_unsupported/gen_demux.gen_aw_id_counter.i_aw_id_counter/gen_counters[2].i_in_flight_cnt/counter_q_reg[0]/D
                            (rising edge-triggered cell FDCE clocked by clk_i  {rise@0.000ns fall@5.000ns period=10.000ns})
  Path Group:             clk_i
  Path Type:              Setup (Max at Slow Process Corner)
  Requirement:            10.000ns  (clk_i rise@10.000ns - clk_i rise@0.000ns)
  Data Path Delay:        11.082ns  (logic 2.323ns (20.962%)  route 8.759ns (79.038%))
  Logic Levels:           18  (LUT3=1 LUT4=2 LUT5=3 LUT6=12)
  Clock Path Skew:        -0.039ns (DCD - SCD + CPR)
    Destination Clock Delay (DCD):    0.748ns = ( 10.748 - 10.000 ) 
    Source Clock Delay      (SCD):    0.787ns
    Clock Pessimism Removal (CPR):    0.000ns
  Clock Uncertainty:      0.035ns  ((TSJ^2 + TIJ^2)^1/2 + DJ) / 2 + PE
    Total System Jitter     (TSJ):    0.071ns
    Total Input Jitter      (TIJ):    0.000ns
    Discrete Jitter          (DJ):    0.000ns
    Phase Error              (PE):    0.000ns

    Location             Delay type                Incr(ns)  Path(ns)    Netlist Resource(s)
  -------------------------------------------------------------------    -------------------
                         (clock clk_i rise edge)      0.000     0.000 r  
                                                      0.000     0.000 r  clk_i (IN)
                         net (fo=4814, unset)         0.787     0.787    i_kecc_aes_k_axi_top/i_axi2reg/i_axi_to_axi_lite/i_axi_burst_splitter/i_demux_supported_vs_unsupported/gen_demux.gen_ar_id_counter.i_ar_id_counter/gen_counters[18].i_in_flight_cnt/clk_i
    SLICE_X12Y128        FDCE                                         r  i_kecc_aes_k_axi_top/i_axi2reg/i_axi_to_axi_lite/i_axi_burst_splitter/i_demux_supported_vs_unsupported/gen_demux.gen_ar_id_counter.i_ar_id_counter/gen_counters[18].i_in_flight_cnt/counter_q_reg[0]/C
  -------------------------------------------------------------------    -------------------
    SLICE_X12Y128        FDCE (Prop_fdce_C_Q)         0.433     1.220 f  i_kecc_aes_k_axi_top/i_axi2reg/i_axi_to_axi_lite/i_axi_burst_splitter/i_demux_supported_vs_unsupported/gen_demux.gen_ar_id_counter.i_ar_id_counter/gen_counters[18].i_in_flight_cnt/counter_q_reg[0]/Q
                         net (fo=4, estimated)        0.531     1.751    i_kecc_aes_k_axi_top/i_axi2reg/i_axi_to_axi_lite/i_axi_burst_splitter/i_demux_supported_vs_unsupported/gen_demux.gen_ar_id_counter.i_ar_id_counter/gen_counters[18].i_in_flight_cnt/counter_q_reg[0]_0
    SLICE_X13Y127        LUT4 (Prop_lut4_I0_O)        0.105     1.856 f  i_kecc_aes_k_axi_top/i_axi2reg/i_axi_to_axi_lite/i_axi_burst_splitter/i_demux_supported_vs_unsupported/gen_demux.gen_ar_id_counter.i_ar_id_counter/gen_counters[18].i_in_flight_cnt/axi_rsp_o[ar_ready]_INST_0_i_35/O
                         net (fo=1, estimated)        0.509     2.365    i_kecc_aes_k_axi_top/i_axi2reg/i_axi_to_axi_lite/i_axi_burst_splitter/i_demux_supported_vs_unsupported/gen_demux.gen_ar_id_counter.i_ar_id_counter/gen_counters[18].i_in_flight_cnt/axi_rsp_o[ar_ready]_INST_0_i_35_n_0
    SLICE_X13Y128        LUT4 (Prop_lut4_I0_O)        0.105     2.470 f  i_kecc_aes_k_axi_top/i_axi2reg/i_axi_to_axi_lite/i_axi_burst_splitter/i_demux_supported_vs_unsupported/gen_demux.gen_ar_id_counter.i_ar_id_counter/gen_counters[18].i_in_flight_cnt/axi_rsp_o[ar_ready]_INST_0_i_18/O
                         net (fo=1, estimated)        0.522     2.992    i_kecc_aes_k_axi_top/i_axi2reg/i_axi_to_axi_lite/i_axi_burst_splitter/i_demux_supported_vs_unsupported/gen_demux.gen_ar_id_counter.i_ar_id_counter/gen_counters[9].i_in_flight_cnt/gen_demux.lock_ar_valid_q_reg_5
    SLICE_X13Y138        LUT6 (Prop_lut6_I5_O)        0.105     3.097 f  i_kecc_aes_k_axi_top/i_axi2reg/i_axi_to_axi_lite/i_axi_burst_splitter/i_demux_supported_vs_unsupported/gen_demux.gen_ar_id_counter.i_ar_id_counter/gen_counters[9].i_in_flight_cnt/axi_rsp_o[ar_ready]_INST_0_i_5/O
                         net (fo=6, estimated)        0.626     3.723    i_kecc_aes_k_axi_top/i_axi2reg/i_axi_burst_splitter/i_demux_supported_vs_unsupported/gen_demux.ar_id_cnt_full
    SLICE_X14Y139        LUT6 (Prop_lut6_I3_O)        0.105     3.828 r  i_kecc_aes_k_axi_top/i_axi2reg/i___33/O
                         net (fo=41, estimated)       0.313     4.141    i_kecc_aes_k_axi_top/i_axi2reg/i_axi_to_axi_lite/i_axi_burst_splitter/i_demux_supported_vs_unsupported/gen_demux.i_w_fifo/write_pointer_q_reg[0]_0
    SLICE_X14Y140        LUT6 (Prop_lut6_I1_O)        0.105     4.246 r  i_kecc_aes_k_axi_top/i_axi2reg/i_axi_to_axi_lite/i_axi_burst_splitter/i_demux_supported_vs_unsupported/gen_demux.i_w_fifo/i__i_2__0__0/O
                         net (fo=2, estimated)        0.936     5.182    i_kecc_aes_k_axi_top/i_axi2reg/axi_lite_req[w_valid]
    SLICE_X33Y130        LUT6 (Prop_lut6_I4_O)        0.105     5.287 r  i_kecc_aes_k_axi_top/i_axi2reg/i__i_1__4/O
                         net (fo=31, estimated)       0.311     5.598    i_kecc_aes_k_axi_top/i_axi2reg/i_axi_to_axi_lite/i_axi_burst_splitter/i_demux_supported_vs_unsupported/gen_demux.gen_aw_id_counter.i_aw_id_counter/gen_counters[3].i_in_flight_cnt/splitted_resp[aw_ready]
    SLICE_X32Y128        LUT6 (Prop_lut6_I3_O)        0.105     5.703 r  i_kecc_aes_k_axi_top/i_axi2reg/i_axi_to_axi_lite/i_axi_burst_splitter/i_demux_supported_vs_unsupported/gen_demux.gen_aw_id_counter.i_aw_id_counter/gen_counters[3].i_in_flight_cnt/i__i_3__6/O
                         net (fo=1, estimated)        0.231     5.934    i_kecc_aes_k_axi_top/i_axi2reg/i_axi_to_axi_lite_n_112
    SLICE_X37Y128        LUT6 (Prop_lut6_I3_O)        0.105     6.039 r  i_kecc_aes_k_axi_top/i_axi2reg/i___29/O
                         net (fo=41, estimated)       0.341     6.380    i_kecc_aes_k_axi_top/i_axi2reg/i_axi_to_axi_lite/i_axi_to_axi_lite_id_reflect/i_aw_id_fifo/i__i_2__4_0
    SLICE_X36Y128        LUT5 (Prop_lut5_I2_O)        0.105     6.485 f  i_kecc_aes_k_axi_top/i_axi2reg/i_axi_to_axi_lite/i_axi_to_axi_lite_id_reflect/i_aw_id_fifo/i__i_2__3__0/O
                         net (fo=1, estimated)        0.658     7.143    i_kecc_aes_k_axi_top/i_axi2reg/i_axi_to_axi_lite/i_axi_to_axi_lite_id_reflect/i_aw_id_fifo/i__i_2__3__0_n_0
    SLICE_X35Y128        LUT6 (Prop_lut6_I0_O)        0.105     7.248 f  i_kecc_aes_k_axi_top/i_axi2reg/i_axi_to_axi_lite/i_axi_to_axi_lite_id_reflect/i_aw_id_fifo/i__i_1__9/O
                         net (fo=22, estimated)       0.179     7.427    i_kecc_aes_k_axi_top/i_axi2reg/i_axi_to_axi_lite/i_axi_burst_splitter/i_axi_burst_splitter_aw_chan/i_axi_burst_splitter_counters/i_idq/gen_ht_ffs[1].head_tail_q_reg[1][free]__0_1
    SLICE_X35Y128        LUT6 (Prop_lut6_I5_O)        0.105     7.532 f  i_kecc_aes_k_axi_top/i_axi2reg/i_axi_to_axi_lite/i_axi_burst_splitter/i_axi_burst_splitter_aw_chan/i_axi_burst_splitter_counters/i_idq/i__i_1__7__0/O
                         net (fo=25, estimated)       0.511     8.043    i_kecc_aes_k_axi_top/i_axi2reg/i_axi_to_axi_lite/i_axi_burst_splitter/i_axi_burst_splitter_aw_chan/i_axi_burst_splitter_counters/i_idq/gen_ht_ffs[0].head_tail_q_reg[0][free]_0
    SLICE_X33Y127        LUT5 (Prop_lut5_I3_O)        0.105     8.148 f  i_kecc_aes_k_axi_top/i_axi2reg/i_axi_to_axi_lite/i_axi_burst_splitter/i_axi_burst_splitter_aw_chan/i_axi_burst_splitter_counters/i_idq/i__i_6__2/O
                         net (fo=4, estimated)        0.576     8.724    i_kecc_aes_k_axi_top/i_axi2reg/i_axi_to_axi_lite/i_axi_burst_splitter/i_axi_burst_splitter_aw_chan/i_axi_burst_splitter_counters/i_idq/counter_q_reg[4]
    SLICE_X33Y127        LUT6 (Prop_lut6_I0_O)        0.105     8.829 f  i_kecc_aes_k_axi_top/i_axi2reg/i_axi_to_axi_lite/i_axi_burst_splitter/i_axi_burst_splitter_aw_chan/i_axi_burst_splitter_counters/i_idq/i__i_2__13/O
                         net (fo=5, estimated)        0.575     9.404    i_kecc_aes_k_axi_top/i_axi2reg/i_axi_to_axi_lite/i_axi_burst_splitter/i_axi_burst_splitter_aw_chan/i_axi_burst_splitter_counters/i_idq/counter_q_reg[4]_0
    SLICE_X33Y127        LUT6 (Prop_lut6_I0_O)        0.105     9.509 f  i_kecc_aes_k_axi_top/i_axi2reg/i_axi_to_axi_lite/i_axi_burst_splitter/i_axi_burst_splitter_aw_chan/i_axi_burst_splitter_counters/i_idq/axi_rsp_o[b][resp][1]_INST_0_i_4/O
                         net (fo=1, estimated)        0.232     9.741    i_kecc_aes_k_axi_top/i_axi2reg/i_axi_to_axi_lite/i_axi_burst_splitter/i_demux_supported_vs_unsupported/gen_demux.i_b_mux/read_pointer_q_reg[0]
    SLICE_X31Y128        LUT6 (Prop_lut6_I2_O)        0.105     9.846 r  i_kecc_aes_k_axi_top/i_axi2reg/i_axi_to_axi_lite/i_axi_burst_splitter/i_demux_supported_vs_unsupported/gen_demux.i_b_mux/axi_rsp_o[b][resp][1]_INST_0_i_2/O
                         net (fo=14, estimated)       0.389    10.235    i_kecc_aes_k_axi_top/i_axi2reg/i_axi_to_axi_lite/i_axi_burst_splitter/i_err_slv/i_b_fifo/read_pointer_q_reg[0]_1
    SLICE_X30Y128        LUT6 (Prop_lut6_I3_O)        0.105    10.340 f  i_kecc_aes_k_axi_top/i_axi2reg/i_axi_to_axi_lite/i_axi_burst_splitter/i_err_slv/i_b_fifo/axi_rsp_o[b][id][2]_INST_0_i_1/O
                         net (fo=9, estimated)        0.631    10.971    i_kecc_aes_k_axi_top/i_axi2reg/filtered_resp[b][id][2]
    SLICE_X28Y130        LUT3 (Prop_lut3_I0_O)        0.105    11.076 f  i_kecc_aes_k_axi_top/i_axi2reg/i___16/O
                         net (fo=8, estimated)        0.688    11.764    i_kecc_aes_k_axi_top/i_axi2reg/i_axi_to_axi_lite/i_axi_burst_splitter/i_demux_supported_vs_unsupported/gen_demux.gen_aw_id_counter.i_aw_id_counter/gen_counters[2].i_in_flight_cnt/counter_q_reg[1]_1
    SLICE_X15Y135        LUT5 (Prop_lut5_I1_O)        0.105    11.869 r  i_kecc_aes_k_axi_top/i_axi2reg/i_axi_to_axi_lite/i_axi_burst_splitter/i_demux_supported_vs_unsupported/gen_demux.gen_aw_id_counter.i_aw_id_counter/gen_counters[2].i_in_flight_cnt/counter_q[0]_i_1/O
                         net (fo=1, routed)           0.000    11.869    i_kecc_aes_k_axi_top/i_axi2reg/i_axi_to_axi_lite/i_axi_burst_splitter/i_demux_supported_vs_unsupported/gen_demux.gen_aw_id_counter.i_aw_id_counter/gen_counters[2].i_in_flight_cnt/counter_q[0]_i_1_n_0
    SLICE_X15Y135        FDCE                                         r  i_kecc_aes_k_axi_top/i_axi2reg/i_axi_to_axi_lite/i_axi_burst_splitter/i_demux_supported_vs_unsupported/gen_demux.gen_aw_id_counter.i_aw_id_counter/gen_counters[2].i_in_flight_cnt/counter_q_reg[0]/D
  -------------------------------------------------------------------    -------------------

                         (clock clk_i rise edge)     10.000    10.000 r  
                                                      0.000    10.000 r  clk_i (IN)
                         net (fo=4814, unset)         0.748    10.748    i_kecc_aes_k_axi_top/i_axi2reg/i_axi_to_axi_lite/i_axi_burst_splitter/i_demux_supported_vs_unsupported/gen_demux.gen_aw_id_counter.i_aw_id_counter/gen_counters[2].i_in_flight_cnt/clk_i
    SLICE_X15Y135        FDCE                                         r  i_kecc_aes_k_axi_top/i_axi2reg/i_axi_to_axi_lite/i_axi_burst_splitter/i_demux_supported_vs_unsupported/gen_demux.gen_aw_id_counter.i_aw_id_counter/gen_counters[2].i_in_flight_cnt/counter_q_reg[0]/C
                         clock pessimism              0.000    10.748    
                         clock uncertainty           -0.035    10.712    
    SLICE_X15Y135        FDCE (Setup_fdce_C_D)        0.032    10.744    i_kecc_aes_k_axi_top/i_axi2reg/i_axi_to_axi_lite/i_axi_burst_splitter/i_demux_supported_vs_unsupported/gen_demux.gen_aw_id_counter.i_aw_id_counter/gen_counters[2].i_in_flight_cnt/counter_q_reg[0]
  -------------------------------------------------------------------
                         required time                         10.744    
                         arrival time                         -11.869    
  -------------------------------------------------------------------
                         slack                                 -1.125    

Slack (VIOLATED) :        -1.125ns  (required time - arrival time)
  Source:                 i_kecc_aes_k_axi_top/i_axi2reg/i_axi_to_axi_lite/i_axi_burst_splitter/i_demux_supported_vs_unsupported/gen_demux.gen_ar_id_counter.i_ar_id_counter/gen_counters[18].i_in_flight_cnt/counter_q_reg[0]/C
                            (rising edge-triggered cell FDCE clocked by clk_i  {rise@0.000ns fall@5.000ns period=10.000ns})
  Destination:            i_kecc_aes_k_axi_top/i_axi2reg/i_axi_to_axi_lite/i_axi_burst_splitter/i_demux_supported_vs_unsupported/gen_demux.gen_aw_id_counter.i_aw_id_counter/gen_counters[2].i_in_flight_cnt/counter_q_reg[0]/D
                            (rising edge-triggered cell FDCE clocked by clk_i  {rise@0.000ns fall@5.000ns period=10.000ns})
  Path Group:             clk_i
  Path Type:              Setup (Max at Slow Process Corner)
  Requirement:            10.000ns  (clk_i rise@10.000ns - clk_i rise@0.000ns)
  Data Path Delay:        11.082ns  (logic 2.323ns (20.962%)  route 8.759ns (79.038%))
  Logic Levels:           18  (LUT3=1 LUT4=2 LUT5=3 LUT6=12)
  Clock Path Skew:        -0.039ns (DCD - SCD + CPR)
    Destination Clock Delay (DCD):    0.748ns = ( 10.748 - 10.000 ) 
    Source Clock Delay      (SCD):    0.787ns
    Clock Pessimism Removal (CPR):    0.000ns
  Clock Uncertainty:      0.035ns  ((TSJ^2 + TIJ^2)^1/2 + DJ) / 2 + PE
    Total System Jitter     (TSJ):    0.071ns
    Total Input Jitter      (TIJ):    0.000ns
    Discrete Jitter          (DJ):    0.000ns
    Phase Error              (PE):    0.000ns

    Location             Delay type                Incr(ns)  Path(ns)    Netlist Resource(s)
  -------------------------------------------------------------------    -------------------
                         (clock clk_i rise edge)      0.000     0.000 r  
                                                      0.000     0.000 r  clk_i (IN)
                         net (fo=4814, unset)         0.787     0.787    i_kecc_aes_k_axi_top/i_axi2reg/i_axi_to_axi_lite/i_axi_burst_splitter/i_demux_supported_vs_unsupported/gen_demux.gen_ar_id_counter.i_ar_id_counter/gen_counters[18].i_in_flight_cnt/clk_i
    SLICE_X12Y128        FDCE                                         r  i_kecc_aes_k_axi_top/i_axi2reg/i_axi_to_axi_lite/i_axi_burst_splitter/i_demux_supported_vs_unsupported/gen_demux.gen_ar_id_counter.i_ar_id_counter/gen_counters[18].i_in_flight_cnt/counter_q_reg[0]/C
  -------------------------------------------------------------------    -------------------
    SLICE_X12Y128        FDCE (Prop_fdce_C_Q)         0.433     1.220 r  i_kecc_aes_k_axi_top/i_axi2reg/i_axi_to_axi_lite/i_axi_burst_splitter/i_demux_supported_vs_unsupported/gen_demux.gen_ar_id_counter.i_ar_id_counter/gen_counters[18].i_in_flight_cnt/counter_q_reg[0]/Q
                         net (fo=4, estimated)        0.531     1.751    i_kecc_aes_k_axi_top/i_axi2reg/i_axi_to_axi_lite/i_axi_burst_splitter/i_demux_supported_vs_unsupported/gen_demux.gen_ar_id_counter.i_ar_id_counter/gen_counters[18].i_in_flight_cnt/counter_q_reg[0]_0
    SLICE_X13Y127        LUT4 (Prop_lut4_I0_O)        0.105     1.856 r  i_kecc_aes_k_axi_top/i_axi2reg/i_axi_to_axi_lite/i_axi_burst_splitter/i_demux_supported_vs_unsupported/gen_demux.gen_ar_id_counter.i_ar_id_counter/gen_counters[18].i_in_flight_cnt/axi_rsp_o[ar_ready]_INST_0_i_35/O
                         net (fo=1, estimated)        0.509     2.365    i_kecc_aes_k_axi_top/i_axi2reg/i_axi_to_axi_lite/i_axi_burst_splitter/i_demux_supported_vs_unsupported/gen_demux.gen_ar_id_counter.i_ar_id_counter/gen_counters[18].i_in_flight_cnt/axi_rsp_o[ar_ready]_INST_0_i_35_n_0
    SLICE_X13Y128        LUT4 (Prop_lut4_I0_O)        0.105     2.470 r  i_kecc_aes_k_axi_top/i_axi2reg/i_axi_to_axi_lite/i_axi_burst_splitter/i_demux_supported_vs_unsupported/gen_demux.gen_ar_id_counter.i_ar_id_counter/gen_counters[18].i_in_flight_cnt/axi_rsp_o[ar_ready]_INST_0_i_18/O
                         net (fo=1, estimated)        0.522     2.992    i_kecc_aes_k_axi_top/i_axi2reg/i_axi_to_axi_lite/i_axi_burst_splitter/i_demux_supported_vs_unsupported/gen_demux.gen_ar_id_counter.i_ar_id_counter/gen_counters[9].i_in_flight_cnt/gen_demux.lock_ar_valid_q_reg_5
    SLICE_X13Y138        LUT6 (Prop_lut6_I5_O)        0.105     3.097 r  i_kecc_aes_k_axi_top/i_axi2reg/i_axi_to_axi_lite/i_axi_burst_splitter/i_demux_supported_vs_unsupported/gen_demux.gen_ar_id_counter.i_ar_id_counter/gen_counters[9].i_in_flight_cnt/axi_rsp_o[ar_ready]_INST_0_i_5/O
                         net (fo=6, estimated)        0.626     3.723    i_kecc_aes_k_axi_top/i_axi2reg/i_axi_burst_splitter/i_demux_supported_vs_unsupported/gen_demux.ar_id_cnt_full
    SLICE_X14Y139        LUT6 (Prop_lut6_I3_O)        0.105     3.828 f  i_kecc_aes_k_axi_top/i_axi2reg/i___33/O
                         net (fo=41, estimated)       0.313     4.141    i_kecc_aes_k_axi_top/i_axi2reg/i_axi_to_axi_lite/i_axi_burst_splitter/i_demux_supported_vs_unsupported/gen_demux.i_w_fifo/write_pointer_q_reg[0]_0
    SLICE_X14Y140        LUT6 (Prop_lut6_I1_O)        0.105     4.246 f  i_kecc_aes_k_axi_top/i_axi2reg/i_axi_to_axi_lite/i_axi_burst_splitter/i_demux_supported_vs_unsupported/gen_demux.i_w_fifo/i__i_2__0__0/O
                         net (fo=2, estimated)        0.936     5.182    i_kecc_aes_k_axi_top/i_axi2reg/axi_lite_req[w_valid]
    SLICE_X33Y130        LUT6 (Prop_lut6_I4_O)        0.105     5.287 f  i_kecc_aes_k_axi_top/i_axi2reg/i__i_1__4/O
                         net (fo=31, estimated)       0.311     5.598    i_kecc_aes_k_axi_top/i_axi2reg/i_axi_to_axi_lite/i_axi_burst_splitter/i_demux_supported_vs_unsupported/gen_demux.gen_aw_id_counter.i_aw_id_counter/gen_counters[3].i_in_flight_cnt/splitted_resp[aw_ready]
    SLICE_X32Y128        LUT6 (Prop_lut6_I3_O)        0.105     5.703 f  i_kecc_aes_k_axi_top/i_axi2reg/i_axi_to_axi_lite/i_axi_burst_splitter/i_demux_supported_vs_unsupported/gen_demux.gen_aw_id_counter.i_aw_id_counter/gen_counters[3].i_in_flight_cnt/i__i_3__6/O
                         net (fo=1, estimated)        0.231     5.934    i_kecc_aes_k_axi_top/i_axi2reg/i_axi_to_axi_lite_n_112
    SLICE_X37Y128        LUT6 (Prop_lut6_I3_O)        0.105     6.039 f  i_kecc_aes_k_axi_top/i_axi2reg/i___29/O
                         net (fo=41, estimated)       0.341     6.380    i_kecc_aes_k_axi_top/i_axi2reg/i_axi_to_axi_lite/i_axi_to_axi_lite_id_reflect/i_aw_id_fifo/i__i_2__4_0
    SLICE_X36Y128        LUT5 (Prop_lut5_I2_O)        0.105     6.485 f  i_kecc_aes_k_axi_top/i_axi2reg/i_axi_to_axi_lite/i_axi_to_axi_lite_id_reflect/i_aw_id_fifo/i__i_2__3__0/O
                         net (fo=1, estimated)        0.658     7.143    i_kecc_aes_k_axi_top/i_axi2reg/i_axi_to_axi_lite/i_axi_to_axi_lite_id_reflect/i_aw_id_fifo/i__i_2__3__0_n_0
    SLICE_X35Y128        LUT6 (Prop_lut6_I0_O)        0.105     7.248 f  i_kecc_aes_k_axi_top/i_axi2reg/i_axi_to_axi_lite/i_axi_to_axi_lite_id_reflect/i_aw_id_fifo/i__i_1__9/O
                         net (fo=22, estimated)       0.179     7.427    i_kecc_aes_k_axi_top/i_axi2reg/i_axi_to_axi_lite/i_axi_burst_splitter/i_axi_burst_splitter_aw_chan/i_axi_burst_splitter_counters/i_idq/gen_ht_ffs[1].head_tail_q_reg[1][free]__0_1
    SLICE_X35Y128        LUT6 (Prop_lut6_I5_O)        0.105     7.532 f  i_kecc_aes_k_axi_top/i_axi2reg/i_axi_to_axi_lite/i_axi_burst_splitter/i_axi_burst_splitter_aw_chan/i_axi_burst_splitter_counters/i_idq/i__i_1__7__0/O
                         net (fo=25, estimated)       0.511     8.043    i_kecc_aes_k_axi_top/i_axi2reg/i_axi_to_axi_lite/i_axi_burst_splitter/i_axi_burst_splitter_aw_chan/i_axi_burst_splitter_counters/i_idq/gen_ht_ffs[0].head_tail_q_reg[0][free]_0
    SLICE_X33Y127        LUT5 (Prop_lut5_I3_O)        0.105     8.148 f  i_kecc_aes_k_axi_top/i_axi2reg/i_axi_to_axi_lite/i_axi_burst_splitter/i_axi_burst_splitter_aw_chan/i_axi_burst_splitter_counters/i_idq/i__i_6__2/O
                         net (fo=4, estimated)        0.576     8.724    i_kecc_aes_k_axi_top/i_axi2reg/i_axi_to_axi_lite/i_axi_burst_splitter/i_axi_burst_splitter_aw_chan/i_axi_burst_splitter_counters/i_idq/counter_q_reg[4]
    SLICE_X33Y127        LUT6 (Prop_lut6_I0_O)        0.105     8.829 f  i_kecc_aes_k_axi_top/i_axi2reg/i_axi_to_axi_lite/i_axi_burst_splitter/i_axi_burst_splitter_aw_chan/i_axi_burst_splitter_counters/i_idq/i__i_2__13/O
                         net (fo=5, estimated)        0.575     9.404    i_kecc_aes_k_axi_top/i_axi2reg/i_axi_to_axi_lite/i_axi_burst_splitter/i_axi_burst_splitter_aw_chan/i_axi_burst_splitter_counters/i_idq/counter_q_reg[4]_0
    SLICE_X33Y127        LUT6 (Prop_lut6_I0_O)        0.105     9.509 f  i_kecc_aes_k_axi_top/i_axi2reg/i_axi_to_axi_lite/i_axi_burst_splitter/i_axi_burst_splitter_aw_chan/i_axi_burst_splitter_counters/i_idq/axi_rsp_o[b][resp][1]_INST_0_i_4/O
                         net (fo=1, estimated)        0.232     9.741    i_kecc_aes_k_axi_top/i_axi2reg/i_axi_to_axi_lite/i_axi_burst_splitter/i_demux_supported_vs_unsupported/gen_demux.i_b_mux/read_pointer_q_reg[0]
    SLICE_X31Y128        LUT6 (Prop_lut6_I2_O)        0.105     9.846 r  i_kecc_aes_k_axi_top/i_axi2reg/i_axi_to_axi_lite/i_axi_burst_splitter/i_demux_supported_vs_unsupported/gen_demux.i_b_mux/axi_rsp_o[b][resp][1]_INST_0_i_2/O
                         net (fo=14, estimated)       0.389    10.235    i_kecc_aes_k_axi_top/i_axi2reg/i_axi_to_axi_lite/i_axi_burst_splitter/i_err_slv/i_b_fifo/read_pointer_q_reg[0]_1
    SLICE_X30Y128        LUT6 (Prop_lut6_I3_O)        0.105    10.340 f  i_kecc_aes_k_axi_top/i_axi2reg/i_axi_to_axi_lite/i_axi_burst_splitter/i_err_slv/i_b_fifo/axi_rsp_o[b][id][2]_INST_0_i_1/O
                         net (fo=9, estimated)        0.631    10.971    i_kecc_aes_k_axi_top/i_axi2reg/filtered_resp[b][id][2]
    SLICE_X28Y130        LUT3 (Prop_lut3_I0_O)        0.105    11.076 f  i_kecc_aes_k_axi_top/i_axi2reg/i___16/O
                         net (fo=8, estimated)        0.688    11.764    i_kecc_aes_k_axi_top/i_axi2reg/i_axi_to_axi_lite/i_axi_burst_splitter/i_demux_supported_vs_unsupported/gen_demux.gen_aw_id_counter.i_aw_id_counter/gen_counters[2].i_in_flight_cnt/counter_q_reg[1]_1
    SLICE_X15Y135        LUT5 (Prop_lut5_I1_O)        0.105    11.869 r  i_kecc_aes_k_axi_top/i_axi2reg/i_axi_to_axi_lite/i_axi_burst_splitter/i_demux_supported_vs_unsupported/gen_demux.gen_aw_id_counter.i_aw_id_counter/gen_counters[2].i_in_flight_cnt/counter_q[0]_i_1/O
                         net (fo=1, routed)           0.000    11.869    i_kecc_aes_k_axi_top/i_axi2reg/i_axi_to_axi_lite/i_axi_burst_splitter/i_demux_supported_vs_unsupported/gen_demux.gen_aw_id_counter.i_aw_id_counter/gen_counters[2].i_in_flight_cnt/counter_q[0]_i_1_n_0
    SLICE_X15Y135        FDCE                                         r  i_kecc_aes_k_axi_top/i_axi2reg/i_axi_to_axi_lite/i_axi_burst_splitter/i_demux_supported_vs_unsupported/gen_demux.gen_aw_id_counter.i_aw_id_counter/gen_counters[2].i_in_flight_cnt/counter_q_reg[0]/D
  -------------------------------------------------------------------    -------------------

                         (clock clk_i rise edge)     10.000    10.000 r  
                                                      0.000    10.000 r  clk_i (IN)
                         net (fo=4814, unset)         0.748    10.748    i_kecc_aes_k_axi_top/i_axi2reg/i_axi_to_axi_lite/i_axi_burst_splitter/i_demux_supported_vs_unsupported/gen_demux.gen_aw_id_counter.i_aw_id_counter/gen_counters[2].i_in_flight_cnt/clk_i
    SLICE_X15Y135        FDCE                                         r  i_kecc_aes_k_axi_top/i_axi2reg/i_axi_to_axi_lite/i_axi_burst_splitter/i_demux_supported_vs_unsupported/gen_demux.gen_aw_id_counter.i_aw_id_counter/gen_counters[2].i_in_flight_cnt/counter_q_reg[0]/C
                         clock pessimism              0.000    10.748    
                         clock uncertainty           -0.035    10.712    
    SLICE_X15Y135        FDCE (Setup_fdce_C_D)        0.032    10.744    i_kecc_aes_k_axi_top/i_axi2reg/i_axi_to_axi_lite/i_axi_burst_splitter/i_demux_supported_vs_unsupported/gen_demux.gen_aw_id_counter.i_aw_id_counter/gen_counters[2].i_in_flight_cnt/counter_q_reg[0]
  -------------------------------------------------------------------
                         required time                         10.744    
                         arrival time                         -11.869    
  -------------------------------------------------------------------
                         slack                                 -1.125    

Slack (VIOLATED) :        -1.125ns  (required time - arrival time)
  Source:                 i_kecc_aes_k_axi_top/i_axi2reg/i_axi_to_axi_lite/i_axi_burst_splitter/i_demux_supported_vs_unsupported/gen_demux.gen_ar_id_counter.i_ar_id_counter/gen_counters[18].i_in_flight_cnt/counter_q_reg[0]/C
                            (rising edge-triggered cell FDCE clocked by clk_i  {rise@0.000ns fall@5.000ns period=10.000ns})
  Destination:            i_kecc_aes_k_axi_top/i_axi2reg/i_axi_to_axi_lite/i_axi_burst_splitter/i_demux_supported_vs_unsupported/gen_demux.gen_aw_id_counter.i_aw_id_counter/gen_counters[2].i_in_flight_cnt/counter_q_reg[0]/D
                            (rising edge-triggered cell FDCE clocked by clk_i  {rise@0.000ns fall@5.000ns period=10.000ns})
  Path Group:             clk_i
  Path Type:              Setup (Max at Slow Process Corner)
  Requirement:            10.000ns  (clk_i rise@10.000ns - clk_i rise@0.000ns)
  Data Path Delay:        11.082ns  (logic 2.323ns (20.962%)  route 8.759ns (79.038%))
  Logic Levels:           18  (LUT3=1 LUT4=2 LUT5=3 LUT6=12)
  Clock Path Skew:        -0.039ns (DCD - SCD + CPR)
    Destination Clock Delay (DCD):    0.748ns = ( 10.748 - 10.000 ) 
    Source Clock Delay      (SCD):    0.787ns
    Clock Pessimism Removal (CPR):    0.000ns
  Clock Uncertainty:      0.035ns  ((TSJ^2 + TIJ^2)^1/2 + DJ) / 2 + PE
    Total System Jitter     (TSJ):    0.071ns
    Total Input Jitter      (TIJ):    0.000ns
    Discrete Jitter          (DJ):    0.000ns
    Phase Error              (PE):    0.000ns

    Location             Delay type                Incr(ns)  Path(ns)    Netlist Resource(s)
  -------------------------------------------------------------------    -------------------
                         (clock clk_i rise edge)      0.000     0.000 r  
                                                      0.000     0.000 r  clk_i (IN)
                         net (fo=4814, unset)         0.787     0.787    i_kecc_aes_k_axi_top/i_axi2reg/i_axi_to_axi_lite/i_axi_burst_splitter/i_demux_supported_vs_unsupported/gen_demux.gen_ar_id_counter.i_ar_id_counter/gen_counters[18].i_in_flight_cnt/clk_i
    SLICE_X12Y128        FDCE                                         r  i_kecc_aes_k_axi_top/i_axi2reg/i_axi_to_axi_lite/i_axi_burst_splitter/i_demux_supported_vs_unsupported/gen_demux.gen_ar_id_counter.i_ar_id_counter/gen_counters[18].i_in_flight_cnt/counter_q_reg[0]/C
  -------------------------------------------------------------------    -------------------
    SLICE_X12Y128        FDCE (Prop_fdce_C_Q)         0.433     1.220 f  i_kecc_aes_k_axi_top/i_axi2reg/i_axi_to_axi_lite/i_axi_burst_splitter/i_demux_supported_vs_unsupported/gen_demux.gen_ar_id_counter.i_ar_id_counter/gen_counters[18].i_in_flight_cnt/counter_q_reg[0]/Q
                         net (fo=4, estimated)        0.531     1.751    i_kecc_aes_k_axi_top/i_axi2reg/i_axi_to_axi_lite/i_axi_burst_splitter/i_demux_supported_vs_unsupported/gen_demux.gen_ar_id_counter.i_ar_id_counter/gen_counters[18].i_in_flight_cnt/counter_q_reg[0]_0
    SLICE_X13Y127        LUT4 (Prop_lut4_I0_O)        0.105     1.856 f  i_kecc_aes_k_axi_top/i_axi2reg/i_axi_to_axi_lite/i_axi_burst_splitter/i_demux_supported_vs_unsupported/gen_demux.gen_ar_id_counter.i_ar_id_counter/gen_counters[18].i_in_flight_cnt/axi_rsp_o[ar_ready]_INST_0_i_35/O
                         net (fo=1, estimated)        0.509     2.365    i_kecc_aes_k_axi_top/i_axi2reg/i_axi_to_axi_lite/i_axi_burst_splitter/i_demux_supported_vs_unsupported/gen_demux.gen_ar_id_counter.i_ar_id_counter/gen_counters[18].i_in_flight_cnt/axi_rsp_o[ar_ready]_INST_0_i_35_n_0
    SLICE_X13Y128        LUT4 (Prop_lut4_I0_O)        0.105     2.470 f  i_kecc_aes_k_axi_top/i_axi2reg/i_axi_to_axi_lite/i_axi_burst_splitter/i_demux_supported_vs_unsupported/gen_demux.gen_ar_id_counter.i_ar_id_counter/gen_counters[18].i_in_flight_cnt/axi_rsp_o[ar_ready]_INST_0_i_18/O
                         net (fo=1, estimated)        0.522     2.992    i_kecc_aes_k_axi_top/i_axi2reg/i_axi_to_axi_lite/i_axi_burst_splitter/i_demux_supported_vs_unsupported/gen_demux.gen_ar_id_counter.i_ar_id_counter/gen_counters[9].i_in_flight_cnt/gen_demux.lock_ar_valid_q_reg_5
    SLICE_X13Y138        LUT6 (Prop_lut6_I5_O)        0.105     3.097 f  i_kecc_aes_k_axi_top/i_axi2reg/i_axi_to_axi_lite/i_axi_burst_splitter/i_demux_supported_vs_unsupported/gen_demux.gen_ar_id_counter.i_ar_id_counter/gen_counters[9].i_in_flight_cnt/axi_rsp_o[ar_ready]_INST_0_i_5/O
                         net (fo=6, estimated)        0.626     3.723    i_kecc_aes_k_axi_top/i_axi2reg/i_axi_burst_splitter/i_demux_supported_vs_unsupported/gen_demux.ar_id_cnt_full
    SLICE_X14Y139        LUT6 (Prop_lut6_I3_O)        0.105     3.828 r  i_kecc_aes_k_axi_top/i_axi2reg/i___33/O
                         net (fo=41, estimated)       0.313     4.141    i_kecc_aes_k_axi_top/i_axi2reg/i_axi_to_axi_lite/i_axi_burst_splitter/i_demux_supported_vs_unsupported/gen_demux.i_w_fifo/write_pointer_q_reg[0]_0
    SLICE_X14Y140        LUT6 (Prop_lut6_I1_O)        0.105     4.246 r  i_kecc_aes_k_axi_top/i_axi2reg/i_axi_to_axi_lite/i_axi_burst_splitter/i_demux_supported_vs_unsupported/gen_demux.i_w_fifo/i__i_2__0__0/O
                         net (fo=2, estimated)        0.936     5.182    i_kecc_aes_k_axi_top/i_axi2reg/axi_lite_req[w_valid]
    SLICE_X33Y130        LUT6 (Prop_lut6_I4_O)        0.105     5.287 r  i_kecc_aes_k_axi_top/i_axi2reg/i__i_1__4/O
                         net (fo=31, estimated)       0.311     5.598    i_kecc_aes_k_axi_top/i_axi2reg/i_axi_to_axi_lite/i_axi_burst_splitter/i_demux_supported_vs_unsupported/gen_demux.gen_aw_id_counter.i_aw_id_counter/gen_counters[3].i_in_flight_cnt/splitted_resp[aw_ready]
    SLICE_X32Y128        LUT6 (Prop_lut6_I3_O)        0.105     5.703 r  i_kecc_aes_k_axi_top/i_axi2reg/i_axi_to_axi_lite/i_axi_burst_splitter/i_demux_supported_vs_unsupported/gen_demux.gen_aw_id_counter.i_aw_id_counter/gen_counters[3].i_in_flight_cnt/i__i_3__6/O
                         net (fo=1, estimated)        0.231     5.934    i_kecc_aes_k_axi_top/i_axi2reg/i_axi_to_axi_lite_n_112
    SLICE_X37Y128        LUT6 (Prop_lut6_I3_O)        0.105     6.039 r  i_kecc_aes_k_axi_top/i_axi2reg/i___29/O
                         net (fo=41, estimated)       0.341     6.380    i_kecc_aes_k_axi_top/i_axi2reg/i_axi_to_axi_lite/i_axi_to_axi_lite_id_reflect/i_aw_id_fifo/i__i_2__4_0
    SLICE_X36Y128        LUT5 (Prop_lut5_I2_O)        0.105     6.485 r  i_kecc_aes_k_axi_top/i_axi2reg/i_axi_to_axi_lite/i_axi_to_axi_lite_id_reflect/i_aw_id_fifo/i__i_2__3__0/O
                         net (fo=1, estimated)        0.658     7.143    i_kecc_aes_k_axi_top/i_axi2reg/i_axi_to_axi_lite/i_axi_to_axi_lite_id_reflect/i_aw_id_fifo/i__i_2__3__0_n_0
    SLICE_X35Y128        LUT6 (Prop_lut6_I0_O)        0.105     7.248 r  i_kecc_aes_k_axi_top/i_axi2reg/i_axi_to_axi_lite/i_axi_to_axi_lite_id_reflect/i_aw_id_fifo/i__i_1__9/O
                         net (fo=22, estimated)       0.179     7.427    i_kecc_aes_k_axi_top/i_axi2reg/i_axi_to_axi_lite/i_axi_burst_splitter/i_axi_burst_splitter_aw_chan/i_axi_burst_splitter_counters/i_idq/gen_ht_ffs[1].head_tail_q_reg[1][free]__0_1
    SLICE_X35Y128        LUT6 (Prop_lut6_I5_O)        0.105     7.532 r  i_kecc_aes_k_axi_top/i_axi2reg/i_axi_to_axi_lite/i_axi_burst_splitter/i_axi_burst_splitter_aw_chan/i_axi_burst_splitter_counters/i_idq/i__i_1__7__0/O
                         net (fo=25, estimated)       0.511     8.043    i_kecc_aes_k_axi_top/i_axi2reg/i_axi_to_axi_lite/i_axi_burst_splitter/i_axi_burst_splitter_aw_chan/i_axi_burst_splitter_counters/i_idq/gen_ht_ffs[0].head_tail_q_reg[0][free]_0
    SLICE_X33Y127        LUT5 (Prop_lut5_I3_O)        0.105     8.148 r  i_kecc_aes_k_axi_top/i_axi2reg/i_axi_to_axi_lite/i_axi_burst_splitter/i_axi_burst_splitter_aw_chan/i_axi_burst_splitter_counters/i_idq/i__i_6__2/O
                         net (fo=4, estimated)        0.576     8.724    i_kecc_aes_k_axi_top/i_axi2reg/i_axi_to_axi_lite/i_axi_burst_splitter/i_axi_burst_splitter_aw_chan/i_axi_burst_splitter_counters/i_idq/counter_q_reg[4]
    SLICE_X33Y127        LUT6 (Prop_lut6_I0_O)        0.105     8.829 r  i_kecc_aes_k_axi_top/i_axi2reg/i_axi_to_axi_lite/i_axi_burst_splitter/i_axi_burst_splitter_aw_chan/i_axi_burst_splitter_counters/i_idq/i__i_2__13/O
                         net (fo=5, estimated)        0.575     9.404    i_kecc_aes_k_axi_top/i_axi2reg/i_axi_to_axi_lite/i_axi_burst_splitter/i_axi_burst_splitter_aw_chan/i_axi_burst_splitter_counters/i_idq/counter_q_reg[4]_0
    SLICE_X33Y127        LUT6 (Prop_lut6_I0_O)        0.105     9.509 r  i_kecc_aes_k_axi_top/i_axi2reg/i_axi_to_axi_lite/i_axi_burst_splitter/i_axi_burst_splitter_aw_chan/i_axi_burst_splitter_counters/i_idq/axi_rsp_o[b][resp][1]_INST_0_i_4/O
                         net (fo=1, estimated)        0.232     9.741    i_kecc_aes_k_axi_top/i_axi2reg/i_axi_to_axi_lite/i_axi_burst_splitter/i_demux_supported_vs_unsupported/gen_demux.i_b_mux/read_pointer_q_reg[0]
    SLICE_X31Y128        LUT6 (Prop_lut6_I2_O)        0.105     9.846 f  i_kecc_aes_k_axi_top/i_axi2reg/i_axi_to_axi_lite/i_axi_burst_splitter/i_demux_supported_vs_unsupported/gen_demux.i_b_mux/axi_rsp_o[b][resp][1]_INST_0_i_2/O
                         net (fo=14, estimated)       0.389    10.235    i_kecc_aes_k_axi_top/i_axi2reg/i_axi_to_axi_lite/i_axi_burst_splitter/i_err_slv/i_b_fifo/read_pointer_q_reg[0]_1
    SLICE_X30Y128        LUT6 (Prop_lut6_I3_O)        0.105    10.340 f  i_kecc_aes_k_axi_top/i_axi2reg/i_axi_to_axi_lite/i_axi_burst_splitter/i_err_slv/i_b_fifo/axi_rsp_o[b][id][2]_INST_0_i_1/O
                         net (fo=9, estimated)        0.631    10.971    i_kecc_aes_k_axi_top/i_axi2reg/filtered_resp[b][id][2]
    SLICE_X28Y130        LUT3 (Prop_lut3_I0_O)        0.105    11.076 f  i_kecc_aes_k_axi_top/i_axi2reg/i___16/O
                         net (fo=8, estimated)        0.688    11.764    i_kecc_aes_k_axi_top/i_axi2reg/i_axi_to_axi_lite/i_axi_burst_splitter/i_demux_supported_vs_unsupported/gen_demux.gen_aw_id_counter.i_aw_id_counter/gen_counters[2].i_in_flight_cnt/counter_q_reg[1]_1
    SLICE_X15Y135        LUT5 (Prop_lut5_I1_O)        0.105    11.869 r  i_kecc_aes_k_axi_top/i_axi2reg/i_axi_to_axi_lite/i_axi_burst_splitter/i_demux_supported_vs_unsupported/gen_demux.gen_aw_id_counter.i_aw_id_counter/gen_counters[2].i_in_flight_cnt/counter_q[0]_i_1/O
                         net (fo=1, routed)           0.000    11.869    i_kecc_aes_k_axi_top/i_axi2reg/i_axi_to_axi_lite/i_axi_burst_splitter/i_demux_supported_vs_unsupported/gen_demux.gen_aw_id_counter.i_aw_id_counter/gen_counters[2].i_in_flight_cnt/counter_q[0]_i_1_n_0
    SLICE_X15Y135        FDCE                                         r  i_kecc_aes_k_axi_top/i_axi2reg/i_axi_to_axi_lite/i_axi_burst_splitter/i_demux_supported_vs_unsupported/gen_demux.gen_aw_id_counter.i_aw_id_counter/gen_counters[2].i_in_flight_cnt/counter_q_reg[0]/D
  -------------------------------------------------------------------    -------------------

                         (clock clk_i rise edge)     10.000    10.000 r  
                                                      0.000    10.000 r  clk_i (IN)
                         net (fo=4814, unset)         0.748    10.748    i_kecc_aes_k_axi_top/i_axi2reg/i_axi_to_axi_lite/i_axi_burst_splitter/i_demux_supported_vs_unsupported/gen_demux.gen_aw_id_counter.i_aw_id_counter/gen_counters[2].i_in_flight_cnt/clk_i
    SLICE_X15Y135        FDCE                                         r  i_kecc_aes_k_axi_top/i_axi2reg/i_axi_to_axi_lite/i_axi_burst_splitter/i_demux_supported_vs_unsupported/gen_demux.gen_aw_id_counter.i_aw_id_counter/gen_counters[2].i_in_flight_cnt/counter_q_reg[0]/C
                         clock pessimism              0.000    10.748    
                         clock uncertainty           -0.035    10.712    
    SLICE_X15Y135        FDCE (Setup_fdce_C_D)        0.032    10.744    i_kecc_aes_k_axi_top/i_axi2reg/i_axi_to_axi_lite/i_axi_burst_splitter/i_demux_supported_vs_unsupported/gen_demux.gen_aw_id_counter.i_aw_id_counter/gen_counters[2].i_in_flight_cnt/counter_q_reg[0]
  -------------------------------------------------------------------
                         required time                         10.744    
                         arrival time                         -11.869    
  -------------------------------------------------------------------
                         slack                                 -1.125    

Slack (VIOLATED) :        -1.125ns  (required time - arrival time)
  Source:                 i_kecc_aes_k_axi_top/i_axi2reg/i_axi_to_axi_lite/i_axi_burst_splitter/i_demux_supported_vs_unsupported/gen_demux.gen_ar_id_counter.i_ar_id_counter/gen_counters[18].i_in_flight_cnt/counter_q_reg[0]/C
                            (rising edge-triggered cell FDCE clocked by clk_i  {rise@0.000ns fall@5.000ns period=10.000ns})
  Destination:            i_kecc_aes_k_axi_top/i_axi2reg/i_axi_to_axi_lite/i_axi_burst_splitter/i_demux_supported_vs_unsupported/gen_demux.gen_aw_id_counter.i_aw_id_counter/gen_counters[2].i_in_flight_cnt/counter_q_reg[0]/D
                            (rising edge-triggered cell FDCE clocked by clk_i  {rise@0.000ns fall@5.000ns period=10.000ns})
  Path Group:             clk_i
  Path Type:              Setup (Max at Slow Process Corner)
  Requirement:            10.000ns  (clk_i rise@10.000ns - clk_i rise@0.000ns)
  Data Path Delay:        11.082ns  (logic 2.323ns (20.962%)  route 8.759ns (79.038%))
  Logic Levels:           18  (LUT3=1 LUT4=2 LUT5=3 LUT6=12)
  Clock Path Skew:        -0.039ns (DCD - SCD + CPR)
    Destination Clock Delay (DCD):    0.748ns = ( 10.748 - 10.000 ) 
    Source Clock Delay      (SCD):    0.787ns
    Clock Pessimism Removal (CPR):    0.000ns
  Clock Uncertainty:      0.035ns  ((TSJ^2 + TIJ^2)^1/2 + DJ) / 2 + PE
    Total System Jitter     (TSJ):    0.071ns
    Total Input Jitter      (TIJ):    0.000ns
    Discrete Jitter          (DJ):    0.000ns
    Phase Error              (PE):    0.000ns

    Location             Delay type                Incr(ns)  Path(ns)    Netlist Resource(s)
  -------------------------------------------------------------------    -------------------
                         (clock clk_i rise edge)      0.000     0.000 r  
                                                      0.000     0.000 r  clk_i (IN)
                         net (fo=4814, unset)         0.787     0.787    i_kecc_aes_k_axi_top/i_axi2reg/i_axi_to_axi_lite/i_axi_burst_splitter/i_demux_supported_vs_unsupported/gen_demux.gen_ar_id_counter.i_ar_id_counter/gen_counters[18].i_in_flight_cnt/clk_i
    SLICE_X12Y128        FDCE                                         r  i_kecc_aes_k_axi_top/i_axi2reg/i_axi_to_axi_lite/i_axi_burst_splitter/i_demux_supported_vs_unsupported/gen_demux.gen_ar_id_counter.i_ar_id_counter/gen_counters[18].i_in_flight_cnt/counter_q_reg[0]/C
  -------------------------------------------------------------------    -------------------
    SLICE_X12Y128        FDCE (Prop_fdce_C_Q)         0.433     1.220 r  i_kecc_aes_k_axi_top/i_axi2reg/i_axi_to_axi_lite/i_axi_burst_splitter/i_demux_supported_vs_unsupported/gen_demux.gen_ar_id_counter.i_ar_id_counter/gen_counters[18].i_in_flight_cnt/counter_q_reg[0]/Q
                         net (fo=4, estimated)        0.531     1.751    i_kecc_aes_k_axi_top/i_axi2reg/i_axi_to_axi_lite/i_axi_burst_splitter/i_demux_supported_vs_unsupported/gen_demux.gen_ar_id_counter.i_ar_id_counter/gen_counters[18].i_in_flight_cnt/counter_q_reg[0]_0
    SLICE_X13Y127        LUT4 (Prop_lut4_I0_O)        0.105     1.856 r  i_kecc_aes_k_axi_top/i_axi2reg/i_axi_to_axi_lite/i_axi_burst_splitter/i_demux_supported_vs_unsupported/gen_demux.gen_ar_id_counter.i_ar_id_counter/gen_counters[18].i_in_flight_cnt/axi_rsp_o[ar_ready]_INST_0_i_35/O
                         net (fo=1, estimated)        0.509     2.365    i_kecc_aes_k_axi_top/i_axi2reg/i_axi_to_axi_lite/i_axi_burst_splitter/i_demux_supported_vs_unsupported/gen_demux.gen_ar_id_counter.i_ar_id_counter/gen_counters[18].i_in_flight_cnt/axi_rsp_o[ar_ready]_INST_0_i_35_n_0
    SLICE_X13Y128        LUT4 (Prop_lut4_I0_O)        0.105     2.470 r  i_kecc_aes_k_axi_top/i_axi2reg/i_axi_to_axi_lite/i_axi_burst_splitter/i_demux_supported_vs_unsupported/gen_demux.gen_ar_id_counter.i_ar_id_counter/gen_counters[18].i_in_flight_cnt/axi_rsp_o[ar_ready]_INST_0_i_18/O
                         net (fo=1, estimated)        0.522     2.992    i_kecc_aes_k_axi_top/i_axi2reg/i_axi_to_axi_lite/i_axi_burst_splitter/i_demux_supported_vs_unsupported/gen_demux.gen_ar_id_counter.i_ar_id_counter/gen_counters[9].i_in_flight_cnt/gen_demux.lock_ar_valid_q_reg_5
    SLICE_X13Y138        LUT6 (Prop_lut6_I5_O)        0.105     3.097 r  i_kecc_aes_k_axi_top/i_axi2reg/i_axi_to_axi_lite/i_axi_burst_splitter/i_demux_supported_vs_unsupported/gen_demux.gen_ar_id_counter.i_ar_id_counter/gen_counters[9].i_in_flight_cnt/axi_rsp_o[ar_ready]_INST_0_i_5/O
                         net (fo=6, estimated)        0.626     3.723    i_kecc_aes_k_axi_top/i_axi2reg/i_axi_burst_splitter/i_demux_supported_vs_unsupported/gen_demux.ar_id_cnt_full
    SLICE_X14Y139        LUT6 (Prop_lut6_I3_O)        0.105     3.828 f  i_kecc_aes_k_axi_top/i_axi2reg/i___33/O
                         net (fo=41, estimated)       0.313     4.141    i_kecc_aes_k_axi_top/i_axi2reg/i_axi_to_axi_lite/i_axi_burst_splitter/i_demux_supported_vs_unsupported/gen_demux.i_w_fifo/write_pointer_q_reg[0]_0
    SLICE_X14Y140        LUT6 (Prop_lut6_I1_O)        0.105     4.246 f  i_kecc_aes_k_axi_top/i_axi2reg/i_axi_to_axi_lite/i_axi_burst_splitter/i_demux_supported_vs_unsupported/gen_demux.i_w_fifo/i__i_2__0__0/O
                         net (fo=2, estimated)        0.936     5.182    i_kecc_aes_k_axi_top/i_axi2reg/axi_lite_req[w_valid]
    SLICE_X33Y130        LUT6 (Prop_lut6_I4_O)        0.105     5.287 f  i_kecc_aes_k_axi_top/i_axi2reg/i__i_1__4/O
                         net (fo=31, estimated)       0.311     5.598    i_kecc_aes_k_axi_top/i_axi2reg/i_axi_to_axi_lite/i_axi_burst_splitter/i_demux_supported_vs_unsupported/gen_demux.gen_aw_id_counter.i_aw_id_counter/gen_counters[3].i_in_flight_cnt/splitted_resp[aw_ready]
    SLICE_X32Y128        LUT6 (Prop_lut6_I3_O)        0.105     5.703 f  i_kecc_aes_k_axi_top/i_axi2reg/i_axi_to_axi_lite/i_axi_burst_splitter/i_demux_supported_vs_unsupported/gen_demux.gen_aw_id_counter.i_aw_id_counter/gen_counters[3].i_in_flight_cnt/i__i_3__6/O
                         net (fo=1, estimated)        0.231     5.934    i_kecc_aes_k_axi_top/i_axi2reg/i_axi_to_axi_lite_n_112
    SLICE_X37Y128        LUT6 (Prop_lut6_I3_O)        0.105     6.039 f  i_kecc_aes_k_axi_top/i_axi2reg/i___29/O
                         net (fo=41, estimated)       0.341     6.380    i_kecc_aes_k_axi_top/i_axi2reg/i_axi_to_axi_lite/i_axi_to_axi_lite_id_reflect/i_aw_id_fifo/i__i_2__4_0
    SLICE_X36Y128        LUT5 (Prop_lut5_I2_O)        0.105     6.485 r  i_kecc_aes_k_axi_top/i_axi2reg/i_axi_to_axi_lite/i_axi_to_axi_lite_id_reflect/i_aw_id_fifo/i__i_2__3__0/O
                         net (fo=1, estimated)        0.658     7.143    i_kecc_aes_k_axi_top/i_axi2reg/i_axi_to_axi_lite/i_axi_to_axi_lite_id_reflect/i_aw_id_fifo/i__i_2__3__0_n_0
    SLICE_X35Y128        LUT6 (Prop_lut6_I0_O)        0.105     7.248 r  i_kecc_aes_k_axi_top/i_axi2reg/i_axi_to_axi_lite/i_axi_to_axi_lite_id_reflect/i_aw_id_fifo/i__i_1__9/O
                         net (fo=22, estimated)       0.179     7.427    i_kecc_aes_k_axi_top/i_axi2reg/i_axi_to_axi_lite/i_axi_burst_splitter/i_axi_burst_splitter_aw_chan/i_axi_burst_splitter_counters/i_idq/gen_ht_ffs[1].head_tail_q_reg[1][free]__0_1
    SLICE_X35Y128        LUT6 (Prop_lut6_I5_O)        0.105     7.532 r  i_kecc_aes_k_axi_top/i_axi2reg/i_axi_to_axi_lite/i_axi_burst_splitter/i_axi_burst_splitter_aw_chan/i_axi_burst_splitter_counters/i_idq/i__i_1__7__0/O
                         net (fo=25, estimated)       0.511     8.043    i_kecc_aes_k_axi_top/i_axi2reg/i_axi_to_axi_lite/i_axi_burst_splitter/i_axi_burst_splitter_aw_chan/i_axi_burst_splitter_counters/i_idq/gen_ht_ffs[0].head_tail_q_reg[0][free]_0
    SLICE_X33Y127        LUT5 (Prop_lut5_I3_O)        0.105     8.148 r  i_kecc_aes_k_axi_top/i_axi2reg/i_axi_to_axi_lite/i_axi_burst_splitter/i_axi_burst_splitter_aw_chan/i_axi_burst_splitter_counters/i_idq/i__i_6__2/O
                         net (fo=4, estimated)        0.576     8.724    i_kecc_aes_k_axi_top/i_axi2reg/i_axi_to_axi_lite/i_axi_burst_splitter/i_axi_burst_splitter_aw_chan/i_axi_burst_splitter_counters/i_idq/counter_q_reg[4]
    SLICE_X33Y127        LUT6 (Prop_lut6_I0_O)        0.105     8.829 r  i_kecc_aes_k_axi_top/i_axi2reg/i_axi_to_axi_lite/i_axi_burst_splitter/i_axi_burst_splitter_aw_chan/i_axi_burst_splitter_counters/i_idq/i__i_2__13/O
                         net (fo=5, estimated)        0.575     9.404    i_kecc_aes_k_axi_top/i_axi2reg/i_axi_to_axi_lite/i_axi_burst_splitter/i_axi_burst_splitter_aw_chan/i_axi_burst_splitter_counters/i_idq/counter_q_reg[4]_0
    SLICE_X33Y127        LUT6 (Prop_lut6_I0_O)        0.105     9.509 r  i_kecc_aes_k_axi_top/i_axi2reg/i_axi_to_axi_lite/i_axi_burst_splitter/i_axi_burst_splitter_aw_chan/i_axi_burst_splitter_counters/i_idq/axi_rsp_o[b][resp][1]_INST_0_i_4/O
                         net (fo=1, estimated)        0.232     9.741    i_kecc_aes_k_axi_top/i_axi2reg/i_axi_to_axi_lite/i_axi_burst_splitter/i_demux_supported_vs_unsupported/gen_demux.i_b_mux/read_pointer_q_reg[0]
    SLICE_X31Y128        LUT6 (Prop_lut6_I2_O)        0.105     9.846 f  i_kecc_aes_k_axi_top/i_axi2reg/i_axi_to_axi_lite/i_axi_burst_splitter/i_demux_supported_vs_unsupported/gen_demux.i_b_mux/axi_rsp_o[b][resp][1]_INST_0_i_2/O
                         net (fo=14, estimated)       0.389    10.235    i_kecc_aes_k_axi_top/i_axi2reg/i_axi_to_axi_lite/i_axi_burst_splitter/i_err_slv/i_b_fifo/read_pointer_q_reg[0]_1
    SLICE_X30Y128        LUT6 (Prop_lut6_I3_O)        0.105    10.340 f  i_kecc_aes_k_axi_top/i_axi2reg/i_axi_to_axi_lite/i_axi_burst_splitter/i_err_slv/i_b_fifo/axi_rsp_o[b][id][2]_INST_0_i_1/O
                         net (fo=9, estimated)        0.631    10.971    i_kecc_aes_k_axi_top/i_axi2reg/filtered_resp[b][id][2]
    SLICE_X28Y130        LUT3 (Prop_lut3_I0_O)        0.105    11.076 f  i_kecc_aes_k_axi_top/i_axi2reg/i___16/O
                         net (fo=8, estimated)        0.688    11.764    i_kecc_aes_k_axi_top/i_axi2reg/i_axi_to_axi_lite/i_axi_burst_splitter/i_demux_supported_vs_unsupported/gen_demux.gen_aw_id_counter.i_aw_id_counter/gen_counters[2].i_in_flight_cnt/counter_q_reg[1]_1
    SLICE_X15Y135        LUT5 (Prop_lut5_I1_O)        0.105    11.869 r  i_kecc_aes_k_axi_top/i_axi2reg/i_axi_to_axi_lite/i_axi_burst_splitter/i_demux_supported_vs_unsupported/gen_demux.gen_aw_id_counter.i_aw_id_counter/gen_counters[2].i_in_flight_cnt/counter_q[0]_i_1/O
                         net (fo=1, routed)           0.000    11.869    i_kecc_aes_k_axi_top/i_axi2reg/i_axi_to_axi_lite/i_axi_burst_splitter/i_demux_supported_vs_unsupported/gen_demux.gen_aw_id_counter.i_aw_id_counter/gen_counters[2].i_in_flight_cnt/counter_q[0]_i_1_n_0
    SLICE_X15Y135        FDCE                                         r  i_kecc_aes_k_axi_top/i_axi2reg/i_axi_to_axi_lite/i_axi_burst_splitter/i_demux_supported_vs_unsupported/gen_demux.gen_aw_id_counter.i_aw_id_counter/gen_counters[2].i_in_flight_cnt/counter_q_reg[0]/D
  -------------------------------------------------------------------    -------------------

                         (clock clk_i rise edge)     10.000    10.000 r  
                                                      0.000    10.000 r  clk_i (IN)
                         net (fo=4814, unset)         0.748    10.748    i_kecc_aes_k_axi_top/i_axi2reg/i_axi_to_axi_lite/i_axi_burst_splitter/i_demux_supported_vs_unsupported/gen_demux.gen_aw_id_counter.i_aw_id_counter/gen_counters[2].i_in_flight_cnt/clk_i
    SLICE_X15Y135        FDCE                                         r  i_kecc_aes_k_axi_top/i_axi2reg/i_axi_to_axi_lite/i_axi_burst_splitter/i_demux_supported_vs_unsupported/gen_demux.gen_aw_id_counter.i_aw_id_counter/gen_counters[2].i_in_flight_cnt/counter_q_reg[0]/C
                         clock pessimism              0.000    10.748    
                         clock uncertainty           -0.035    10.712    
    SLICE_X15Y135        FDCE (Setup_fdce_C_D)        0.032    10.744    i_kecc_aes_k_axi_top/i_axi2reg/i_axi_to_axi_lite/i_axi_burst_splitter/i_demux_supported_vs_unsupported/gen_demux.gen_aw_id_counter.i_aw_id_counter/gen_counters[2].i_in_flight_cnt/counter_q_reg[0]
  -------------------------------------------------------------------
                         required time                         10.744    
                         arrival time                         -11.869    
  -------------------------------------------------------------------
                         slack                                 -1.125    

Slack (VIOLATED) :        -1.125ns  (required time - arrival time)
  Source:                 i_kecc_aes_k_axi_top/i_axi2reg/i_axi_to_axi_lite/i_axi_burst_splitter/i_demux_supported_vs_unsupported/gen_demux.gen_ar_id_counter.i_ar_id_counter/gen_counters[18].i_in_flight_cnt/counter_q_reg[0]/C
                            (rising edge-triggered cell FDCE clocked by clk_i  {rise@0.000ns fall@5.000ns period=10.000ns})
  Destination:            i_kecc_aes_k_axi_top/i_axi2reg/i_axi_to_axi_lite/i_axi_burst_splitter/i_demux_supported_vs_unsupported/gen_demux.gen_aw_id_counter.i_aw_id_counter/gen_counters[2].i_in_flight_cnt/counter_q_reg[0]/D
                            (rising edge-triggered cell FDCE clocked by clk_i  {rise@0.000ns fall@5.000ns period=10.000ns})
  Path Group:             clk_i
  Path Type:              Setup (Max at Slow Process Corner)
  Requirement:            10.000ns  (clk_i rise@10.000ns - clk_i rise@0.000ns)
  Data Path Delay:        11.082ns  (logic 2.323ns (20.962%)  route 8.759ns (79.038%))
  Logic Levels:           18  (LUT3=1 LUT4=2 LUT5=3 LUT6=12)
  Clock Path Skew:        -0.039ns (DCD - SCD + CPR)
    Destination Clock Delay (DCD):    0.748ns = ( 10.748 - 10.000 ) 
    Source Clock Delay      (SCD):    0.787ns
    Clock Pessimism Removal (CPR):    0.000ns
  Clock Uncertainty:      0.035ns  ((TSJ^2 + TIJ^2)^1/2 + DJ) / 2 + PE
    Total System Jitter     (TSJ):    0.071ns
    Total Input Jitter      (TIJ):    0.000ns
    Discrete Jitter          (DJ):    0.000ns
    Phase Error              (PE):    0.000ns

    Location             Delay type                Incr(ns)  Path(ns)    Netlist Resource(s)
  -------------------------------------------------------------------    -------------------
                         (clock clk_i rise edge)      0.000     0.000 r  
                                                      0.000     0.000 r  clk_i (IN)
                         net (fo=4814, unset)         0.787     0.787    i_kecc_aes_k_axi_top/i_axi2reg/i_axi_to_axi_lite/i_axi_burst_splitter/i_demux_supported_vs_unsupported/gen_demux.gen_ar_id_counter.i_ar_id_counter/gen_counters[18].i_in_flight_cnt/clk_i
    SLICE_X12Y128        FDCE                                         r  i_kecc_aes_k_axi_top/i_axi2reg/i_axi_to_axi_lite/i_axi_burst_splitter/i_demux_supported_vs_unsupported/gen_demux.gen_ar_id_counter.i_ar_id_counter/gen_counters[18].i_in_flight_cnt/counter_q_reg[0]/C
  -------------------------------------------------------------------    -------------------
    SLICE_X12Y128        FDCE (Prop_fdce_C_Q)         0.433     1.220 f  i_kecc_aes_k_axi_top/i_axi2reg/i_axi_to_axi_lite/i_axi_burst_splitter/i_demux_supported_vs_unsupported/gen_demux.gen_ar_id_counter.i_ar_id_counter/gen_counters[18].i_in_flight_cnt/counter_q_reg[0]/Q
                         net (fo=4, estimated)        0.531     1.751    i_kecc_aes_k_axi_top/i_axi2reg/i_axi_to_axi_lite/i_axi_burst_splitter/i_demux_supported_vs_unsupported/gen_demux.gen_ar_id_counter.i_ar_id_counter/gen_counters[18].i_in_flight_cnt/counter_q_reg[0]_0
    SLICE_X13Y127        LUT4 (Prop_lut4_I0_O)        0.105     1.856 f  i_kecc_aes_k_axi_top/i_axi2reg/i_axi_to_axi_lite/i_axi_burst_splitter/i_demux_supported_vs_unsupported/gen_demux.gen_ar_id_counter.i_ar_id_counter/gen_counters[18].i_in_flight_cnt/axi_rsp_o[ar_ready]_INST_0_i_35/O
                         net (fo=1, estimated)        0.509     2.365    i_kecc_aes_k_axi_top/i_axi2reg/i_axi_to_axi_lite/i_axi_burst_splitter/i_demux_supported_vs_unsupported/gen_demux.gen_ar_id_counter.i_ar_id_counter/gen_counters[18].i_in_flight_cnt/axi_rsp_o[ar_ready]_INST_0_i_35_n_0
    SLICE_X13Y128        LUT4 (Prop_lut4_I0_O)        0.105     2.470 f  i_kecc_aes_k_axi_top/i_axi2reg/i_axi_to_axi_lite/i_axi_burst_splitter/i_demux_supported_vs_unsupported/gen_demux.gen_ar_id_counter.i_ar_id_counter/gen_counters[18].i_in_flight_cnt/axi_rsp_o[ar_ready]_INST_0_i_18/O
                         net (fo=1, estimated)        0.522     2.992    i_kecc_aes_k_axi_top/i_axi2reg/i_axi_to_axi_lite/i_axi_burst_splitter/i_demux_supported_vs_unsupported/gen_demux.gen_ar_id_counter.i_ar_id_counter/gen_counters[9].i_in_flight_cnt/gen_demux.lock_ar_valid_q_reg_5
    SLICE_X13Y138        LUT6 (Prop_lut6_I5_O)        0.105     3.097 f  i_kecc_aes_k_axi_top/i_axi2reg/i_axi_to_axi_lite/i_axi_burst_splitter/i_demux_supported_vs_unsupported/gen_demux.gen_ar_id_counter.i_ar_id_counter/gen_counters[9].i_in_flight_cnt/axi_rsp_o[ar_ready]_INST_0_i_5/O
                         net (fo=6, estimated)        0.626     3.723    i_kecc_aes_k_axi_top/i_axi2reg/i_axi_burst_splitter/i_demux_supported_vs_unsupported/gen_demux.ar_id_cnt_full
    SLICE_X14Y139        LUT6 (Prop_lut6_I3_O)        0.105     3.828 r  i_kecc_aes_k_axi_top/i_axi2reg/i___33/O
                         net (fo=41, estimated)       0.313     4.141    i_kecc_aes_k_axi_top/i_axi2reg/i_axi_to_axi_lite/i_axi_burst_splitter/i_demux_supported_vs_unsupported/gen_demux.i_w_fifo/write_pointer_q_reg[0]_0
    SLICE_X14Y140        LUT6 (Prop_lut6_I1_O)        0.105     4.246 r  i_kecc_aes_k_axi_top/i_axi2reg/i_axi_to_axi_lite/i_axi_burst_splitter/i_demux_supported_vs_unsupported/gen_demux.i_w_fifo/i__i_2__0__0/O
                         net (fo=2, estimated)        0.936     5.182    i_kecc_aes_k_axi_top/i_axi2reg/axi_lite_req[w_valid]
    SLICE_X33Y130        LUT6 (Prop_lut6_I4_O)        0.105     5.287 r  i_kecc_aes_k_axi_top/i_axi2reg/i__i_1__4/O
                         net (fo=31, estimated)       0.311     5.598    i_kecc_aes_k_axi_top/i_axi2reg/i_axi_to_axi_lite/i_axi_burst_splitter/i_demux_supported_vs_unsupported/gen_demux.gen_aw_id_counter.i_aw_id_counter/gen_counters[3].i_in_flight_cnt/splitted_resp[aw_ready]
    SLICE_X32Y128        LUT6 (Prop_lut6_I3_O)        0.105     5.703 r  i_kecc_aes_k_axi_top/i_axi2reg/i_axi_to_axi_lite/i_axi_burst_splitter/i_demux_supported_vs_unsupported/gen_demux.gen_aw_id_counter.i_aw_id_counter/gen_counters[3].i_in_flight_cnt/i__i_3__6/O
                         net (fo=1, estimated)        0.231     5.934    i_kecc_aes_k_axi_top/i_axi2reg/i_axi_to_axi_lite_n_112
    SLICE_X37Y128        LUT6 (Prop_lut6_I3_O)        0.105     6.039 r  i_kecc_aes_k_axi_top/i_axi2reg/i___29/O
                         net (fo=41, estimated)       0.341     6.380    i_kecc_aes_k_axi_top/i_axi2reg/i_axi_to_axi_lite/i_axi_to_axi_lite_id_reflect/i_aw_id_fifo/i__i_2__4_0
    SLICE_X36Y128        LUT5 (Prop_lut5_I2_O)        0.105     6.485 f  i_kecc_aes_k_axi_top/i_axi2reg/i_axi_to_axi_lite/i_axi_to_axi_lite_id_reflect/i_aw_id_fifo/i__i_2__3__0/O
                         net (fo=1, estimated)        0.658     7.143    i_kecc_aes_k_axi_top/i_axi2reg/i_axi_to_axi_lite/i_axi_to_axi_lite_id_reflect/i_aw_id_fifo/i__i_2__3__0_n_0
    SLICE_X35Y128        LUT6 (Prop_lut6_I0_O)        0.105     7.248 f  i_kecc_aes_k_axi_top/i_axi2reg/i_axi_to_axi_lite/i_axi_to_axi_lite_id_reflect/i_aw_id_fifo/i__i_1__9/O
                         net (fo=22, estimated)       0.179     7.427    i_kecc_aes_k_axi_top/i_axi2reg/i_axi_to_axi_lite/i_axi_burst_splitter/i_axi_burst_splitter_aw_chan/i_axi_burst_splitter_counters/i_idq/gen_ht_ffs[1].head_tail_q_reg[1][free]__0_1
    SLICE_X35Y128        LUT6 (Prop_lut6_I5_O)        0.105     7.532 f  i_kecc_aes_k_axi_top/i_axi2reg/i_axi_to_axi_lite/i_axi_burst_splitter/i_axi_burst_splitter_aw_chan/i_axi_burst_splitter_counters/i_idq/i__i_1__7__0/O
                         net (fo=25, estimated)       0.511     8.043    i_kecc_aes_k_axi_top/i_axi2reg/i_axi_to_axi_lite/i_axi_burst_splitter/i_axi_burst_splitter_aw_chan/i_axi_burst_splitter_counters/i_idq/gen_ht_ffs[0].head_tail_q_reg[0][free]_0
    SLICE_X33Y127        LUT5 (Prop_lut5_I3_O)        0.105     8.148 r  i_kecc_aes_k_axi_top/i_axi2reg/i_axi_to_axi_lite/i_axi_burst_splitter/i_axi_burst_splitter_aw_chan/i_axi_burst_splitter_counters/i_idq/i__i_6__2/O
                         net (fo=4, estimated)        0.576     8.724    i_kecc_aes_k_axi_top/i_axi2reg/i_axi_to_axi_lite/i_axi_burst_splitter/i_axi_burst_splitter_aw_chan/i_axi_burst_splitter_counters/i_idq/counter_q_reg[4]
    SLICE_X33Y127        LUT6 (Prop_lut6_I0_O)        0.105     8.829 r  i_kecc_aes_k_axi_top/i_axi2reg/i_axi_to_axi_lite/i_axi_burst_splitter/i_axi_burst_splitter_aw_chan/i_axi_burst_splitter_counters/i_idq/i__i_2__13/O
                         net (fo=5, estimated)        0.575     9.404    i_kecc_aes_k_axi_top/i_axi2reg/i_axi_to_axi_lite/i_axi_burst_splitter/i_axi_burst_splitter_aw_chan/i_axi_burst_splitter_counters/i_idq/counter_q_reg[4]_0
    SLICE_X33Y127        LUT6 (Prop_lut6_I0_O)        0.105     9.509 r  i_kecc_aes_k_axi_top/i_axi2reg/i_axi_to_axi_lite/i_axi_burst_splitter/i_axi_burst_splitter_aw_chan/i_axi_burst_splitter_counters/i_idq/axi_rsp_o[b][resp][1]_INST_0_i_4/O
                         net (fo=1, estimated)        0.232     9.741    i_kecc_aes_k_axi_top/i_axi2reg/i_axi_to_axi_lite/i_axi_burst_splitter/i_demux_supported_vs_unsupported/gen_demux.i_b_mux/read_pointer_q_reg[0]
    SLICE_X31Y128        LUT6 (Prop_lut6_I2_O)        0.105     9.846 f  i_kecc_aes_k_axi_top/i_axi2reg/i_axi_to_axi_lite/i_axi_burst_splitter/i_demux_supported_vs_unsupported/gen_demux.i_b_mux/axi_rsp_o[b][resp][1]_INST_0_i_2/O
                         net (fo=14, estimated)       0.389    10.235    i_kecc_aes_k_axi_top/i_axi2reg/i_axi_to_axi_lite/i_axi_burst_splitter/i_err_slv/i_b_fifo/read_pointer_q_reg[0]_1
    SLICE_X30Y128        LUT6 (Prop_lut6_I3_O)        0.105    10.340 f  i_kecc_aes_k_axi_top/i_axi2reg/i_axi_to_axi_lite/i_axi_burst_splitter/i_err_slv/i_b_fifo/axi_rsp_o[b][id][2]_INST_0_i_1/O
                         net (fo=9, estimated)        0.631    10.971    i_kecc_aes_k_axi_top/i_axi2reg/filtered_resp[b][id][2]
    SLICE_X28Y130        LUT3 (Prop_lut3_I0_O)        0.105    11.076 f  i_kecc_aes_k_axi_top/i_axi2reg/i___16/O
                         net (fo=8, estimated)        0.688    11.764    i_kecc_aes_k_axi_top/i_axi2reg/i_axi_to_axi_lite/i_axi_burst_splitter/i_demux_supported_vs_unsupported/gen_demux.gen_aw_id_counter.i_aw_id_counter/gen_counters[2].i_in_flight_cnt/counter_q_reg[1]_1
    SLICE_X15Y135        LUT5 (Prop_lut5_I1_O)        0.105    11.869 r  i_kecc_aes_k_axi_top/i_axi2reg/i_axi_to_axi_lite/i_axi_burst_splitter/i_demux_supported_vs_unsupported/gen_demux.gen_aw_id_counter.i_aw_id_counter/gen_counters[2].i_in_flight_cnt/counter_q[0]_i_1/O
                         net (fo=1, routed)           0.000    11.869    i_kecc_aes_k_axi_top/i_axi2reg/i_axi_to_axi_lite/i_axi_burst_splitter/i_demux_supported_vs_unsupported/gen_demux.gen_aw_id_counter.i_aw_id_counter/gen_counters[2].i_in_flight_cnt/counter_q[0]_i_1_n_0
    SLICE_X15Y135        FDCE                                         r  i_kecc_aes_k_axi_top/i_axi2reg/i_axi_to_axi_lite/i_axi_burst_splitter/i_demux_supported_vs_unsupported/gen_demux.gen_aw_id_counter.i_aw_id_counter/gen_counters[2].i_in_flight_cnt/counter_q_reg[0]/D
  -------------------------------------------------------------------    -------------------

                         (clock clk_i rise edge)     10.000    10.000 r  
                                                      0.000    10.000 r  clk_i (IN)
                         net (fo=4814, unset)         0.748    10.748    i_kecc_aes_k_axi_top/i_axi2reg/i_axi_to_axi_lite/i_axi_burst_splitter/i_demux_supported_vs_unsupported/gen_demux.gen_aw_id_counter.i_aw_id_counter/gen_counters[2].i_in_flight_cnt/clk_i
    SLICE_X15Y135        FDCE                                         r  i_kecc_aes_k_axi_top/i_axi2reg/i_axi_to_axi_lite/i_axi_burst_splitter/i_demux_supported_vs_unsupported/gen_demux.gen_aw_id_counter.i_aw_id_counter/gen_counters[2].i_in_flight_cnt/counter_q_reg[0]/C
                         clock pessimism              0.000    10.748    
                         clock uncertainty           -0.035    10.712    
    SLICE_X15Y135        FDCE (Setup_fdce_C_D)        0.032    10.744    i_kecc_aes_k_axi_top/i_axi2reg/i_axi_to_axi_lite/i_axi_burst_splitter/i_demux_supported_vs_unsupported/gen_demux.gen_aw_id_counter.i_aw_id_counter/gen_counters[2].i_in_flight_cnt/counter_q_reg[0]
  -------------------------------------------------------------------
                         required time                         10.744    
                         arrival time                         -11.869    
  -------------------------------------------------------------------
                         slack                                 -1.125    

Slack (VIOLATED) :        -1.125ns  (required time - arrival time)
  Source:                 i_kecc_aes_k_axi_top/i_axi2reg/i_axi_to_axi_lite/i_axi_burst_splitter/i_demux_supported_vs_unsupported/gen_demux.gen_ar_id_counter.i_ar_id_counter/gen_counters[18].i_in_flight_cnt/counter_q_reg[0]/C
                            (rising edge-triggered cell FDCE clocked by clk_i  {rise@0.000ns fall@5.000ns period=10.000ns})
  Destination:            i_kecc_aes_k_axi_top/i_axi2reg/i_axi_to_axi_lite/i_axi_burst_splitter/i_demux_supported_vs_unsupported/gen_demux.gen_aw_id_counter.i_aw_id_counter/gen_counters[2].i_in_flight_cnt/counter_q_reg[0]/D
                            (rising edge-triggered cell FDCE clocked by clk_i  {rise@0.000ns fall@5.000ns period=10.000ns})
  Path Group:             clk_i
  Path Type:              Setup (Max at Slow Process Corner)
  Requirement:            10.000ns  (clk_i rise@10.000ns - clk_i rise@0.000ns)
  Data Path Delay:        11.082ns  (logic 2.323ns (20.962%)  route 8.759ns (79.038%))
  Logic Levels:           18  (LUT3=1 LUT4=2 LUT5=3 LUT6=12)
  Clock Path Skew:        -0.039ns (DCD - SCD + CPR)
    Destination Clock Delay (DCD):    0.748ns = ( 10.748 - 10.000 ) 
    Source Clock Delay      (SCD):    0.787ns
    Clock Pessimism Removal (CPR):    0.000ns
  Clock Uncertainty:      0.035ns  ((TSJ^2 + TIJ^2)^1/2 + DJ) / 2 + PE
    Total System Jitter     (TSJ):    0.071ns
    Total Input Jitter      (TIJ):    0.000ns
    Discrete Jitter          (DJ):    0.000ns
    Phase Error              (PE):    0.000ns

    Location             Delay type                Incr(ns)  Path(ns)    Netlist Resource(s)
  -------------------------------------------------------------------    -------------------
                         (clock clk_i rise edge)      0.000     0.000 r  
                                                      0.000     0.000 r  clk_i (IN)
                         net (fo=4814, unset)         0.787     0.787    i_kecc_aes_k_axi_top/i_axi2reg/i_axi_to_axi_lite/i_axi_burst_splitter/i_demux_supported_vs_unsupported/gen_demux.gen_ar_id_counter.i_ar_id_counter/gen_counters[18].i_in_flight_cnt/clk_i
    SLICE_X12Y128        FDCE                                         r  i_kecc_aes_k_axi_top/i_axi2reg/i_axi_to_axi_lite/i_axi_burst_splitter/i_demux_supported_vs_unsupported/gen_demux.gen_ar_id_counter.i_ar_id_counter/gen_counters[18].i_in_flight_cnt/counter_q_reg[0]/C
  -------------------------------------------------------------------    -------------------
    SLICE_X12Y128        FDCE (Prop_fdce_C_Q)         0.433     1.220 r  i_kecc_aes_k_axi_top/i_axi2reg/i_axi_to_axi_lite/i_axi_burst_splitter/i_demux_supported_vs_unsupported/gen_demux.gen_ar_id_counter.i_ar_id_counter/gen_counters[18].i_in_flight_cnt/counter_q_reg[0]/Q
                         net (fo=4, estimated)        0.531     1.751    i_kecc_aes_k_axi_top/i_axi2reg/i_axi_to_axi_lite/i_axi_burst_splitter/i_demux_supported_vs_unsupported/gen_demux.gen_ar_id_counter.i_ar_id_counter/gen_counters[18].i_in_flight_cnt/counter_q_reg[0]_0
    SLICE_X13Y127        LUT4 (Prop_lut4_I0_O)        0.105     1.856 r  i_kecc_aes_k_axi_top/i_axi2reg/i_axi_to_axi_lite/i_axi_burst_splitter/i_demux_supported_vs_unsupported/gen_demux.gen_ar_id_counter.i_ar_id_counter/gen_counters[18].i_in_flight_cnt/axi_rsp_o[ar_ready]_INST_0_i_35/O
                         net (fo=1, estimated)        0.509     2.365    i_kecc_aes_k_axi_top/i_axi2reg/i_axi_to_axi_lite/i_axi_burst_splitter/i_demux_supported_vs_unsupported/gen_demux.gen_ar_id_counter.i_ar_id_counter/gen_counters[18].i_in_flight_cnt/axi_rsp_o[ar_ready]_INST_0_i_35_n_0
    SLICE_X13Y128        LUT4 (Prop_lut4_I0_O)        0.105     2.470 r  i_kecc_aes_k_axi_top/i_axi2reg/i_axi_to_axi_lite/i_axi_burst_splitter/i_demux_supported_vs_unsupported/gen_demux.gen_ar_id_counter.i_ar_id_counter/gen_counters[18].i_in_flight_cnt/axi_rsp_o[ar_ready]_INST_0_i_18/O
                         net (fo=1, estimated)        0.522     2.992    i_kecc_aes_k_axi_top/i_axi2reg/i_axi_to_axi_lite/i_axi_burst_splitter/i_demux_supported_vs_unsupported/gen_demux.gen_ar_id_counter.i_ar_id_counter/gen_counters[9].i_in_flight_cnt/gen_demux.lock_ar_valid_q_reg_5
    SLICE_X13Y138        LUT6 (Prop_lut6_I5_O)        0.105     3.097 r  i_kecc_aes_k_axi_top/i_axi2reg/i_axi_to_axi_lite/i_axi_burst_splitter/i_demux_supported_vs_unsupported/gen_demux.gen_ar_id_counter.i_ar_id_counter/gen_counters[9].i_in_flight_cnt/axi_rsp_o[ar_ready]_INST_0_i_5/O
                         net (fo=6, estimated)        0.626     3.723    i_kecc_aes_k_axi_top/i_axi2reg/i_axi_burst_splitter/i_demux_supported_vs_unsupported/gen_demux.ar_id_cnt_full
    SLICE_X14Y139        LUT6 (Prop_lut6_I3_O)        0.105     3.828 f  i_kecc_aes_k_axi_top/i_axi2reg/i___33/O
                         net (fo=41, estimated)       0.313     4.141    i_kecc_aes_k_axi_top/i_axi2reg/i_axi_to_axi_lite/i_axi_burst_splitter/i_demux_supported_vs_unsupported/gen_demux.i_w_fifo/write_pointer_q_reg[0]_0
    SLICE_X14Y140        LUT6 (Prop_lut6_I1_O)        0.105     4.246 f  i_kecc_aes_k_axi_top/i_axi2reg/i_axi_to_axi_lite/i_axi_burst_splitter/i_demux_supported_vs_unsupported/gen_demux.i_w_fifo/i__i_2__0__0/O
                         net (fo=2, estimated)        0.936     5.182    i_kecc_aes_k_axi_top/i_axi2reg/axi_lite_req[w_valid]
    SLICE_X33Y130        LUT6 (Prop_lut6_I4_O)        0.105     5.287 f  i_kecc_aes_k_axi_top/i_axi2reg/i__i_1__4/O
                         net (fo=31, estimated)       0.311     5.598    i_kecc_aes_k_axi_top/i_axi2reg/i_axi_to_axi_lite/i_axi_burst_splitter/i_demux_supported_vs_unsupported/gen_demux.gen_aw_id_counter.i_aw_id_counter/gen_counters[3].i_in_flight_cnt/splitted_resp[aw_ready]
    SLICE_X32Y128        LUT6 (Prop_lut6_I3_O)        0.105     5.703 f  i_kecc_aes_k_axi_top/i_axi2reg/i_axi_to_axi_lite/i_axi_burst_splitter/i_demux_supported_vs_unsupported/gen_demux.gen_aw_id_counter.i_aw_id_counter/gen_counters[3].i_in_flight_cnt/i__i_3__6/O
                         net (fo=1, estimated)        0.231     5.934    i_kecc_aes_k_axi_top/i_axi2reg/i_axi_to_axi_lite_n_112
    SLICE_X37Y128        LUT6 (Prop_lut6_I3_O)        0.105     6.039 f  i_kecc_aes_k_axi_top/i_axi2reg/i___29/O
                         net (fo=41, estimated)       0.341     6.380    i_kecc_aes_k_axi_top/i_axi2reg/i_axi_to_axi_lite/i_axi_to_axi_lite_id_reflect/i_aw_id_fifo/i__i_2__4_0
    SLICE_X36Y128        LUT5 (Prop_lut5_I2_O)        0.105     6.485 f  i_kecc_aes_k_axi_top/i_axi2reg/i_axi_to_axi_lite/i_axi_to_axi_lite_id_reflect/i_aw_id_fifo/i__i_2__3__0/O
                         net (fo=1, estimated)        0.658     7.143    i_kecc_aes_k_axi_top/i_axi2reg/i_axi_to_axi_lite/i_axi_to_axi_lite_id_reflect/i_aw_id_fifo/i__i_2__3__0_n_0
    SLICE_X35Y128        LUT6 (Prop_lut6_I0_O)        0.105     7.248 f  i_kecc_aes_k_axi_top/i_axi2reg/i_axi_to_axi_lite/i_axi_to_axi_lite_id_reflect/i_aw_id_fifo/i__i_1__9/O
                         net (fo=22, estimated)       0.179     7.427    i_kecc_aes_k_axi_top/i_axi2reg/i_axi_to_axi_lite/i_axi_burst_splitter/i_axi_burst_splitter_aw_chan/i_axi_burst_splitter_counters/i_idq/gen_ht_ffs[1].head_tail_q_reg[1][free]__0_1
    SLICE_X35Y128        LUT6 (Prop_lut6_I5_O)        0.105     7.532 f  i_kecc_aes_k_axi_top/i_axi2reg/i_axi_to_axi_lite/i_axi_burst_splitter/i_axi_burst_splitter_aw_chan/i_axi_burst_splitter_counters/i_idq/i__i_1__7__0/O
                         net (fo=25, estimated)       0.511     8.043    i_kecc_aes_k_axi_top/i_axi2reg/i_axi_to_axi_lite/i_axi_burst_splitter/i_axi_burst_splitter_aw_chan/i_axi_burst_splitter_counters/i_idq/gen_ht_ffs[0].head_tail_q_reg[0][free]_0
    SLICE_X33Y127        LUT5 (Prop_lut5_I3_O)        0.105     8.148 r  i_kecc_aes_k_axi_top/i_axi2reg/i_axi_to_axi_lite/i_axi_burst_splitter/i_axi_burst_splitter_aw_chan/i_axi_burst_splitter_counters/i_idq/i__i_6__2/O
                         net (fo=4, estimated)        0.576     8.724    i_kecc_aes_k_axi_top/i_axi2reg/i_axi_to_axi_lite/i_axi_burst_splitter/i_axi_burst_splitter_aw_chan/i_axi_burst_splitter_counters/i_idq/counter_q_reg[4]
    SLICE_X33Y127        LUT6 (Prop_lut6_I0_O)        0.105     8.829 r  i_kecc_aes_k_axi_top/i_axi2reg/i_axi_to_axi_lite/i_axi_burst_splitter/i_axi_burst_splitter_aw_chan/i_axi_burst_splitter_counters/i_idq/i__i_2__13/O
                         net (fo=5, estimated)        0.575     9.404    i_kecc_aes_k_axi_top/i_axi2reg/i_axi_to_axi_lite/i_axi_burst_splitter/i_axi_burst_splitter_aw_chan/i_axi_burst_splitter_counters/i_idq/counter_q_reg[4]_0
    SLICE_X33Y127        LUT6 (Prop_lut6_I0_O)        0.105     9.509 r  i_kecc_aes_k_axi_top/i_axi2reg/i_axi_to_axi_lite/i_axi_burst_splitter/i_axi_burst_splitter_aw_chan/i_axi_burst_splitter_counters/i_idq/axi_rsp_o[b][resp][1]_INST_0_i_4/O
                         net (fo=1, estimated)        0.232     9.741    i_kecc_aes_k_axi_top/i_axi2reg/i_axi_to_axi_lite/i_axi_burst_splitter/i_demux_supported_vs_unsupported/gen_demux.i_b_mux/read_pointer_q_reg[0]
    SLICE_X31Y128        LUT6 (Prop_lut6_I2_O)        0.105     9.846 f  i_kecc_aes_k_axi_top/i_axi2reg/i_axi_to_axi_lite/i_axi_burst_splitter/i_demux_supported_vs_unsupported/gen_demux.i_b_mux/axi_rsp_o[b][resp][1]_INST_0_i_2/O
                         net (fo=14, estimated)       0.389    10.235    i_kecc_aes_k_axi_top/i_axi2reg/i_axi_to_axi_lite/i_axi_burst_splitter/i_err_slv/i_b_fifo/read_pointer_q_reg[0]_1
    SLICE_X30Y128        LUT6 (Prop_lut6_I3_O)        0.105    10.340 f  i_kecc_aes_k_axi_top/i_axi2reg/i_axi_to_axi_lite/i_axi_burst_splitter/i_err_slv/i_b_fifo/axi_rsp_o[b][id][2]_INST_0_i_1/O
                         net (fo=9, estimated)        0.631    10.971    i_kecc_aes_k_axi_top/i_axi2reg/filtered_resp[b][id][2]
    SLICE_X28Y130        LUT3 (Prop_lut3_I0_O)        0.105    11.076 f  i_kecc_aes_k_axi_top/i_axi2reg/i___16/O
                         net (fo=8, estimated)        0.688    11.764    i_kecc_aes_k_axi_top/i_axi2reg/i_axi_to_axi_lite/i_axi_burst_splitter/i_demux_supported_vs_unsupported/gen_demux.gen_aw_id_counter.i_aw_id_counter/gen_counters[2].i_in_flight_cnt/counter_q_reg[1]_1
    SLICE_X15Y135        LUT5 (Prop_lut5_I1_O)        0.105    11.869 r  i_kecc_aes_k_axi_top/i_axi2reg/i_axi_to_axi_lite/i_axi_burst_splitter/i_demux_supported_vs_unsupported/gen_demux.gen_aw_id_counter.i_aw_id_counter/gen_counters[2].i_in_flight_cnt/counter_q[0]_i_1/O
                         net (fo=1, routed)           0.000    11.869    i_kecc_aes_k_axi_top/i_axi2reg/i_axi_to_axi_lite/i_axi_burst_splitter/i_demux_supported_vs_unsupported/gen_demux.gen_aw_id_counter.i_aw_id_counter/gen_counters[2].i_in_flight_cnt/counter_q[0]_i_1_n_0
    SLICE_X15Y135        FDCE                                         r  i_kecc_aes_k_axi_top/i_axi2reg/i_axi_to_axi_lite/i_axi_burst_splitter/i_demux_supported_vs_unsupported/gen_demux.gen_aw_id_counter.i_aw_id_counter/gen_counters[2].i_in_flight_cnt/counter_q_reg[0]/D
  -------------------------------------------------------------------    -------------------

                         (clock clk_i rise edge)     10.000    10.000 r  
                                                      0.000    10.000 r  clk_i (IN)
                         net (fo=4814, unset)         0.748    10.748    i_kecc_aes_k_axi_top/i_axi2reg/i_axi_to_axi_lite/i_axi_burst_splitter/i_demux_supported_vs_unsupported/gen_demux.gen_aw_id_counter.i_aw_id_counter/gen_counters[2].i_in_flight_cnt/clk_i
    SLICE_X15Y135        FDCE                                         r  i_kecc_aes_k_axi_top/i_axi2reg/i_axi_to_axi_lite/i_axi_burst_splitter/i_demux_supported_vs_unsupported/gen_demux.gen_aw_id_counter.i_aw_id_counter/gen_counters[2].i_in_flight_cnt/counter_q_reg[0]/C
                         clock pessimism              0.000    10.748    
                         clock uncertainty           -0.035    10.712    
    SLICE_X15Y135        FDCE (Setup_fdce_C_D)        0.032    10.744    i_kecc_aes_k_axi_top/i_axi2reg/i_axi_to_axi_lite/i_axi_burst_splitter/i_demux_supported_vs_unsupported/gen_demux.gen_aw_id_counter.i_aw_id_counter/gen_counters[2].i_in_flight_cnt/counter_q_reg[0]
  -------------------------------------------------------------------
                         required time                         10.744    
                         arrival time                         -11.869    
  -------------------------------------------------------------------
                         slack                                 -1.125    

Slack (VIOLATED) :        -1.125ns  (required time - arrival time)
  Source:                 i_kecc_aes_k_axi_top/i_axi2reg/i_axi_to_axi_lite/i_axi_burst_splitter/i_demux_supported_vs_unsupported/gen_demux.gen_ar_id_counter.i_ar_id_counter/gen_counters[18].i_in_flight_cnt/counter_q_reg[0]/C
                            (rising edge-triggered cell FDCE clocked by clk_i  {rise@0.000ns fall@5.000ns period=10.000ns})
  Destination:            i_kecc_aes_k_axi_top/i_axi2reg/i_axi_to_axi_lite/i_axi_burst_splitter/i_demux_supported_vs_unsupported/gen_demux.gen_aw_id_counter.i_aw_id_counter/gen_counters[2].i_in_flight_cnt/counter_q_reg[0]/D
                            (rising edge-triggered cell FDCE clocked by clk_i  {rise@0.000ns fall@5.000ns period=10.000ns})
  Path Group:             clk_i
  Path Type:              Setup (Max at Slow Process Corner)
  Requirement:            10.000ns  (clk_i rise@10.000ns - clk_i rise@0.000ns)
  Data Path Delay:        11.082ns  (logic 2.323ns (20.962%)  route 8.759ns (79.038%))
  Logic Levels:           18  (LUT3=1 LUT4=2 LUT5=3 LUT6=12)
  Clock Path Skew:        -0.039ns (DCD - SCD + CPR)
    Destination Clock Delay (DCD):    0.748ns = ( 10.748 - 10.000 ) 
    Source Clock Delay      (SCD):    0.787ns
    Clock Pessimism Removal (CPR):    0.000ns
  Clock Uncertainty:      0.035ns  ((TSJ^2 + TIJ^2)^1/2 + DJ) / 2 + PE
    Total System Jitter     (TSJ):    0.071ns
    Total Input Jitter      (TIJ):    0.000ns
    Discrete Jitter          (DJ):    0.000ns
    Phase Error              (PE):    0.000ns

    Location             Delay type                Incr(ns)  Path(ns)    Netlist Resource(s)
  -------------------------------------------------------------------    -------------------
                         (clock clk_i rise edge)      0.000     0.000 r  
                                                      0.000     0.000 r  clk_i (IN)
                         net (fo=4814, unset)         0.787     0.787    i_kecc_aes_k_axi_top/i_axi2reg/i_axi_to_axi_lite/i_axi_burst_splitter/i_demux_supported_vs_unsupported/gen_demux.gen_ar_id_counter.i_ar_id_counter/gen_counters[18].i_in_flight_cnt/clk_i
    SLICE_X12Y128        FDCE                                         r  i_kecc_aes_k_axi_top/i_axi2reg/i_axi_to_axi_lite/i_axi_burst_splitter/i_demux_supported_vs_unsupported/gen_demux.gen_ar_id_counter.i_ar_id_counter/gen_counters[18].i_in_flight_cnt/counter_q_reg[0]/C
  -------------------------------------------------------------------    -------------------
    SLICE_X12Y128        FDCE (Prop_fdce_C_Q)         0.433     1.220 f  i_kecc_aes_k_axi_top/i_axi2reg/i_axi_to_axi_lite/i_axi_burst_splitter/i_demux_supported_vs_unsupported/gen_demux.gen_ar_id_counter.i_ar_id_counter/gen_counters[18].i_in_flight_cnt/counter_q_reg[0]/Q
                         net (fo=4, estimated)        0.531     1.751    i_kecc_aes_k_axi_top/i_axi2reg/i_axi_to_axi_lite/i_axi_burst_splitter/i_demux_supported_vs_unsupported/gen_demux.gen_ar_id_counter.i_ar_id_counter/gen_counters[18].i_in_flight_cnt/counter_q_reg[0]_0
    SLICE_X13Y127        LUT4 (Prop_lut4_I0_O)        0.105     1.856 f  i_kecc_aes_k_axi_top/i_axi2reg/i_axi_to_axi_lite/i_axi_burst_splitter/i_demux_supported_vs_unsupported/gen_demux.gen_ar_id_counter.i_ar_id_counter/gen_counters[18].i_in_flight_cnt/axi_rsp_o[ar_ready]_INST_0_i_35/O
                         net (fo=1, estimated)        0.509     2.365    i_kecc_aes_k_axi_top/i_axi2reg/i_axi_to_axi_lite/i_axi_burst_splitter/i_demux_supported_vs_unsupported/gen_demux.gen_ar_id_counter.i_ar_id_counter/gen_counters[18].i_in_flight_cnt/axi_rsp_o[ar_ready]_INST_0_i_35_n_0
    SLICE_X13Y128        LUT4 (Prop_lut4_I0_O)        0.105     2.470 f  i_kecc_aes_k_axi_top/i_axi2reg/i_axi_to_axi_lite/i_axi_burst_splitter/i_demux_supported_vs_unsupported/gen_demux.gen_ar_id_counter.i_ar_id_counter/gen_counters[18].i_in_flight_cnt/axi_rsp_o[ar_ready]_INST_0_i_18/O
                         net (fo=1, estimated)        0.522     2.992    i_kecc_aes_k_axi_top/i_axi2reg/i_axi_to_axi_lite/i_axi_burst_splitter/i_demux_supported_vs_unsupported/gen_demux.gen_ar_id_counter.i_ar_id_counter/gen_counters[9].i_in_flight_cnt/gen_demux.lock_ar_valid_q_reg_5
    SLICE_X13Y138        LUT6 (Prop_lut6_I5_O)        0.105     3.097 f  i_kecc_aes_k_axi_top/i_axi2reg/i_axi_to_axi_lite/i_axi_burst_splitter/i_demux_supported_vs_unsupported/gen_demux.gen_ar_id_counter.i_ar_id_counter/gen_counters[9].i_in_flight_cnt/axi_rsp_o[ar_ready]_INST_0_i_5/O
                         net (fo=6, estimated)        0.626     3.723    i_kecc_aes_k_axi_top/i_axi2reg/i_axi_burst_splitter/i_demux_supported_vs_unsupported/gen_demux.ar_id_cnt_full
    SLICE_X14Y139        LUT6 (Prop_lut6_I3_O)        0.105     3.828 r  i_kecc_aes_k_axi_top/i_axi2reg/i___33/O
                         net (fo=41, estimated)       0.313     4.141    i_kecc_aes_k_axi_top/i_axi2reg/i_axi_to_axi_lite/i_axi_burst_splitter/i_demux_supported_vs_unsupported/gen_demux.i_w_fifo/write_pointer_q_reg[0]_0
    SLICE_X14Y140        LUT6 (Prop_lut6_I1_O)        0.105     4.246 r  i_kecc_aes_k_axi_top/i_axi2reg/i_axi_to_axi_lite/i_axi_burst_splitter/i_demux_supported_vs_unsupported/gen_demux.i_w_fifo/i__i_2__0__0/O
                         net (fo=2, estimated)        0.936     5.182    i_kecc_aes_k_axi_top/i_axi2reg/axi_lite_req[w_valid]
    SLICE_X33Y130        LUT6 (Prop_lut6_I4_O)        0.105     5.287 r  i_kecc_aes_k_axi_top/i_axi2reg/i__i_1__4/O
                         net (fo=31, estimated)       0.311     5.598    i_kecc_aes_k_axi_top/i_axi2reg/i_axi_to_axi_lite/i_axi_burst_splitter/i_demux_supported_vs_unsupported/gen_demux.gen_aw_id_counter.i_aw_id_counter/gen_counters[3].i_in_flight_cnt/splitted_resp[aw_ready]
    SLICE_X32Y128        LUT6 (Prop_lut6_I3_O)        0.105     5.703 r  i_kecc_aes_k_axi_top/i_axi2reg/i_axi_to_axi_lite/i_axi_burst_splitter/i_demux_supported_vs_unsupported/gen_demux.gen_aw_id_counter.i_aw_id_counter/gen_counters[3].i_in_flight_cnt/i__i_3__6/O
                         net (fo=1, estimated)        0.231     5.934    i_kecc_aes_k_axi_top/i_axi2reg/i_axi_to_axi_lite_n_112
    SLICE_X37Y128        LUT6 (Prop_lut6_I3_O)        0.105     6.039 r  i_kecc_aes_k_axi_top/i_axi2reg/i___29/O
                         net (fo=41, estimated)       0.341     6.380    i_kecc_aes_k_axi_top/i_axi2reg/i_axi_to_axi_lite/i_axi_to_axi_lite_id_reflect/i_aw_id_fifo/i__i_2__4_0
    SLICE_X36Y128        LUT5 (Prop_lut5_I2_O)        0.105     6.485 r  i_kecc_aes_k_axi_top/i_axi2reg/i_axi_to_axi_lite/i_axi_to_axi_lite_id_reflect/i_aw_id_fifo/i__i_2__3__0/O
                         net (fo=1, estimated)        0.658     7.143    i_kecc_aes_k_axi_top/i_axi2reg/i_axi_to_axi_lite/i_axi_to_axi_lite_id_reflect/i_aw_id_fifo/i__i_2__3__0_n_0
    SLICE_X35Y128        LUT6 (Prop_lut6_I0_O)        0.105     7.248 r  i_kecc_aes_k_axi_top/i_axi2reg/i_axi_to_axi_lite/i_axi_to_axi_lite_id_reflect/i_aw_id_fifo/i__i_1__9/O
                         net (fo=22, estimated)       0.179     7.427    i_kecc_aes_k_axi_top/i_axi2reg/i_axi_to_axi_lite/i_axi_burst_splitter/i_axi_burst_splitter_aw_chan/i_axi_burst_splitter_counters/i_idq/gen_ht_ffs[1].head_tail_q_reg[1][free]__0_1
    SLICE_X35Y128        LUT6 (Prop_lut6_I5_O)        0.105     7.532 r  i_kecc_aes_k_axi_top/i_axi2reg/i_axi_to_axi_lite/i_axi_burst_splitter/i_axi_burst_splitter_aw_chan/i_axi_burst_splitter_counters/i_idq/i__i_1__7__0/O
                         net (fo=25, estimated)       0.511     8.043    i_kecc_aes_k_axi_top/i_axi2reg/i_axi_to_axi_lite/i_axi_burst_splitter/i_axi_burst_splitter_aw_chan/i_axi_burst_splitter_counters/i_idq/gen_ht_ffs[0].head_tail_q_reg[0][free]_0
    SLICE_X33Y127        LUT5 (Prop_lut5_I3_O)        0.105     8.148 f  i_kecc_aes_k_axi_top/i_axi2reg/i_axi_to_axi_lite/i_axi_burst_splitter/i_axi_burst_splitter_aw_chan/i_axi_burst_splitter_counters/i_idq/i__i_6__2/O
                         net (fo=4, estimated)        0.576     8.724    i_kecc_aes_k_axi_top/i_axi2reg/i_axi_to_axi_lite/i_axi_burst_splitter/i_axi_burst_splitter_aw_chan/i_axi_burst_splitter_counters/i_idq/counter_q_reg[4]
    SLICE_X33Y127        LUT6 (Prop_lut6_I0_O)        0.105     8.829 f  i_kecc_aes_k_axi_top/i_axi2reg/i_axi_to_axi_lite/i_axi_burst_splitter/i_axi_burst_splitter_aw_chan/i_axi_burst_splitter_counters/i_idq/i__i_2__13/O
                         net (fo=5, estimated)        0.575     9.404    i_kecc_aes_k_axi_top/i_axi2reg/i_axi_to_axi_lite/i_axi_burst_splitter/i_axi_burst_splitter_aw_chan/i_axi_burst_splitter_counters/i_idq/counter_q_reg[4]_0
    SLICE_X33Y127        LUT6 (Prop_lut6_I0_O)        0.105     9.509 f  i_kecc_aes_k_axi_top/i_axi2reg/i_axi_to_axi_lite/i_axi_burst_splitter/i_axi_burst_splitter_aw_chan/i_axi_burst_splitter_counters/i_idq/axi_rsp_o[b][resp][1]_INST_0_i_4/O
                         net (fo=1, estimated)        0.232     9.741    i_kecc_aes_k_axi_top/i_axi2reg/i_axi_to_axi_lite/i_axi_burst_splitter/i_demux_supported_vs_unsupported/gen_demux.i_b_mux/read_pointer_q_reg[0]
    SLICE_X31Y128        LUT6 (Prop_lut6_I2_O)        0.105     9.846 r  i_kecc_aes_k_axi_top/i_axi2reg/i_axi_to_axi_lite/i_axi_burst_splitter/i_demux_supported_vs_unsupported/gen_demux.i_b_mux/axi_rsp_o[b][resp][1]_INST_0_i_2/O
                         net (fo=14, estimated)       0.389    10.235    i_kecc_aes_k_axi_top/i_axi2reg/i_axi_to_axi_lite/i_axi_burst_splitter/i_err_slv/i_b_fifo/read_pointer_q_reg[0]_1
    SLICE_X30Y128        LUT6 (Prop_lut6_I3_O)        0.105    10.340 r  i_kecc_aes_k_axi_top/i_axi2reg/i_axi_to_axi_lite/i_axi_burst_splitter/i_err_slv/i_b_fifo/axi_rsp_o[b][id][2]_INST_0_i_1/O
                         net (fo=9, estimated)        0.631    10.971    i_kecc_aes_k_axi_top/i_axi2reg/filtered_resp[b][id][2]
    SLICE_X28Y130        LUT3 (Prop_lut3_I0_O)        0.105    11.076 r  i_kecc_aes_k_axi_top/i_axi2reg/i___16/O
                         net (fo=8, estimated)        0.688    11.764    i_kecc_aes_k_axi_top/i_axi2reg/i_axi_to_axi_lite/i_axi_burst_splitter/i_demux_supported_vs_unsupported/gen_demux.gen_aw_id_counter.i_aw_id_counter/gen_counters[2].i_in_flight_cnt/counter_q_reg[1]_1
    SLICE_X15Y135        LUT5 (Prop_lut5_I1_O)        0.105    11.869 f  i_kecc_aes_k_axi_top/i_axi2reg/i_axi_to_axi_lite/i_axi_burst_splitter/i_demux_supported_vs_unsupported/gen_demux.gen_aw_id_counter.i_aw_id_counter/gen_counters[2].i_in_flight_cnt/counter_q[0]_i_1/O
                         net (fo=1, routed)           0.000    11.869    i_kecc_aes_k_axi_top/i_axi2reg/i_axi_to_axi_lite/i_axi_burst_splitter/i_demux_supported_vs_unsupported/gen_demux.gen_aw_id_counter.i_aw_id_counter/gen_counters[2].i_in_flight_cnt/counter_q[0]_i_1_n_0
    SLICE_X15Y135        FDCE                                         f  i_kecc_aes_k_axi_top/i_axi2reg/i_axi_to_axi_lite/i_axi_burst_splitter/i_demux_supported_vs_unsupported/gen_demux.gen_aw_id_counter.i_aw_id_counter/gen_counters[2].i_in_flight_cnt/counter_q_reg[0]/D
  -------------------------------------------------------------------    -------------------

                         (clock clk_i rise edge)     10.000    10.000 r  
                                                      0.000    10.000 r  clk_i (IN)
                         net (fo=4814, unset)         0.748    10.748    i_kecc_aes_k_axi_top/i_axi2reg/i_axi_to_axi_lite/i_axi_burst_splitter/i_demux_supported_vs_unsupported/gen_demux.gen_aw_id_counter.i_aw_id_counter/gen_counters[2].i_in_flight_cnt/clk_i
    SLICE_X15Y135        FDCE                                         r  i_kecc_aes_k_axi_top/i_axi2reg/i_axi_to_axi_lite/i_axi_burst_splitter/i_demux_supported_vs_unsupported/gen_demux.gen_aw_id_counter.i_aw_id_counter/gen_counters[2].i_in_flight_cnt/counter_q_reg[0]/C
                         clock pessimism              0.000    10.748    
                         clock uncertainty           -0.035    10.712    
    SLICE_X15Y135        FDCE (Setup_fdce_C_D)        0.032    10.744    i_kecc_aes_k_axi_top/i_axi2reg/i_axi_to_axi_lite/i_axi_burst_splitter/i_demux_supported_vs_unsupported/gen_demux.gen_aw_id_counter.i_aw_id_counter/gen_counters[2].i_in_flight_cnt/counter_q_reg[0]
  -------------------------------------------------------------------
                         required time                         10.744    
                         arrival time                         -11.869    
  -------------------------------------------------------------------
                         slack                                 -1.125    

Slack (VIOLATED) :        -1.125ns  (required time - arrival time)
  Source:                 i_kecc_aes_k_axi_top/i_axi2reg/i_axi_to_axi_lite/i_axi_burst_splitter/i_demux_supported_vs_unsupported/gen_demux.gen_ar_id_counter.i_ar_id_counter/gen_counters[18].i_in_flight_cnt/counter_q_reg[0]/C
                            (rising edge-triggered cell FDCE clocked by clk_i  {rise@0.000ns fall@5.000ns period=10.000ns})
  Destination:            i_kecc_aes_k_axi_top/i_axi2reg/i_axi_to_axi_lite/i_axi_burst_splitter/i_demux_supported_vs_unsupported/gen_demux.gen_aw_id_counter.i_aw_id_counter/gen_counters[2].i_in_flight_cnt/counter_q_reg[0]/D
                            (rising edge-triggered cell FDCE clocked by clk_i  {rise@0.000ns fall@5.000ns period=10.000ns})
  Path Group:             clk_i
  Path Type:              Setup (Max at Slow Process Corner)
  Requirement:            10.000ns  (clk_i rise@10.000ns - clk_i rise@0.000ns)
  Data Path Delay:        11.082ns  (logic 2.323ns (20.962%)  route 8.759ns (79.038%))
  Logic Levels:           18  (LUT3=1 LUT4=2 LUT5=3 LUT6=12)
  Clock Path Skew:        -0.039ns (DCD - SCD + CPR)
    Destination Clock Delay (DCD):    0.748ns = ( 10.748 - 10.000 ) 
    Source Clock Delay      (SCD):    0.787ns
    Clock Pessimism Removal (CPR):    0.000ns
  Clock Uncertainty:      0.035ns  ((TSJ^2 + TIJ^2)^1/2 + DJ) / 2 + PE
    Total System Jitter     (TSJ):    0.071ns
    Total Input Jitter      (TIJ):    0.000ns
    Discrete Jitter          (DJ):    0.000ns
    Phase Error              (PE):    0.000ns

    Location             Delay type                Incr(ns)  Path(ns)    Netlist Resource(s)
  -------------------------------------------------------------------    -------------------
                         (clock clk_i rise edge)      0.000     0.000 r  
                                                      0.000     0.000 r  clk_i (IN)
                         net (fo=4814, unset)         0.787     0.787    i_kecc_aes_k_axi_top/i_axi2reg/i_axi_to_axi_lite/i_axi_burst_splitter/i_demux_supported_vs_unsupported/gen_demux.gen_ar_id_counter.i_ar_id_counter/gen_counters[18].i_in_flight_cnt/clk_i
    SLICE_X12Y128        FDCE                                         r  i_kecc_aes_k_axi_top/i_axi2reg/i_axi_to_axi_lite/i_axi_burst_splitter/i_demux_supported_vs_unsupported/gen_demux.gen_ar_id_counter.i_ar_id_counter/gen_counters[18].i_in_flight_cnt/counter_q_reg[0]/C
  -------------------------------------------------------------------    -------------------
    SLICE_X12Y128        FDCE (Prop_fdce_C_Q)         0.433     1.220 f  i_kecc_aes_k_axi_top/i_axi2reg/i_axi_to_axi_lite/i_axi_burst_splitter/i_demux_supported_vs_unsupported/gen_demux.gen_ar_id_counter.i_ar_id_counter/gen_counters[18].i_in_flight_cnt/counter_q_reg[0]/Q
                         net (fo=4, estimated)        0.531     1.751    i_kecc_aes_k_axi_top/i_axi2reg/i_axi_to_axi_lite/i_axi_burst_splitter/i_demux_supported_vs_unsupported/gen_demux.gen_ar_id_counter.i_ar_id_counter/gen_counters[18].i_in_flight_cnt/counter_q_reg[0]_0
    SLICE_X13Y127        LUT4 (Prop_lut4_I0_O)        0.105     1.856 f  i_kecc_aes_k_axi_top/i_axi2reg/i_axi_to_axi_lite/i_axi_burst_splitter/i_demux_supported_vs_unsupported/gen_demux.gen_ar_id_counter.i_ar_id_counter/gen_counters[18].i_in_flight_cnt/axi_rsp_o[ar_ready]_INST_0_i_35/O
                         net (fo=1, estimated)        0.509     2.365    i_kecc_aes_k_axi_top/i_axi2reg/i_axi_to_axi_lite/i_axi_burst_splitter/i_demux_supported_vs_unsupported/gen_demux.gen_ar_id_counter.i_ar_id_counter/gen_counters[18].i_in_flight_cnt/axi_rsp_o[ar_ready]_INST_0_i_35_n_0
    SLICE_X13Y128        LUT4 (Prop_lut4_I0_O)        0.105     2.470 f  i_kecc_aes_k_axi_top/i_axi2reg/i_axi_to_axi_lite/i_axi_burst_splitter/i_demux_supported_vs_unsupported/gen_demux.gen_ar_id_counter.i_ar_id_counter/gen_counters[18].i_in_flight_cnt/axi_rsp_o[ar_ready]_INST_0_i_18/O
                         net (fo=1, estimated)        0.522     2.992    i_kecc_aes_k_axi_top/i_axi2reg/i_axi_to_axi_lite/i_axi_burst_splitter/i_demux_supported_vs_unsupported/gen_demux.gen_ar_id_counter.i_ar_id_counter/gen_counters[9].i_in_flight_cnt/gen_demux.lock_ar_valid_q_reg_5
    SLICE_X13Y138        LUT6 (Prop_lut6_I5_O)        0.105     3.097 f  i_kecc_aes_k_axi_top/i_axi2reg/i_axi_to_axi_lite/i_axi_burst_splitter/i_demux_supported_vs_unsupported/gen_demux.gen_ar_id_counter.i_ar_id_counter/gen_counters[9].i_in_flight_cnt/axi_rsp_o[ar_ready]_INST_0_i_5/O
                         net (fo=6, estimated)        0.626     3.723    i_kecc_aes_k_axi_top/i_axi2reg/i_axi_burst_splitter/i_demux_supported_vs_unsupported/gen_demux.ar_id_cnt_full
    SLICE_X14Y139        LUT6 (Prop_lut6_I3_O)        0.105     3.828 r  i_kecc_aes_k_axi_top/i_axi2reg/i___33/O
                         net (fo=41, estimated)       0.313     4.141    i_kecc_aes_k_axi_top/i_axi2reg/i_axi_to_axi_lite/i_axi_burst_splitter/i_demux_supported_vs_unsupported/gen_demux.i_w_fifo/write_pointer_q_reg[0]_0
    SLICE_X14Y140        LUT6 (Prop_lut6_I1_O)        0.105     4.246 r  i_kecc_aes_k_axi_top/i_axi2reg/i_axi_to_axi_lite/i_axi_burst_splitter/i_demux_supported_vs_unsupported/gen_demux.i_w_fifo/i__i_2__0__0/O
                         net (fo=2, estimated)        0.936     5.182    i_kecc_aes_k_axi_top/i_axi2reg/axi_lite_req[w_valid]
    SLICE_X33Y130        LUT6 (Prop_lut6_I4_O)        0.105     5.287 r  i_kecc_aes_k_axi_top/i_axi2reg/i__i_1__4/O
                         net (fo=31, estimated)       0.311     5.598    i_kecc_aes_k_axi_top/i_axi2reg/i_axi_to_axi_lite/i_axi_burst_splitter/i_demux_supported_vs_unsupported/gen_demux.gen_aw_id_counter.i_aw_id_counter/gen_counters[3].i_in_flight_cnt/splitted_resp[aw_ready]
    SLICE_X32Y128        LUT6 (Prop_lut6_I3_O)        0.105     5.703 r  i_kecc_aes_k_axi_top/i_axi2reg/i_axi_to_axi_lite/i_axi_burst_splitter/i_demux_supported_vs_unsupported/gen_demux.gen_aw_id_counter.i_aw_id_counter/gen_counters[3].i_in_flight_cnt/i__i_3__6/O
                         net (fo=1, estimated)        0.231     5.934    i_kecc_aes_k_axi_top/i_axi2reg/i_axi_to_axi_lite_n_112
    SLICE_X37Y128        LUT6 (Prop_lut6_I3_O)        0.105     6.039 r  i_kecc_aes_k_axi_top/i_axi2reg/i___29/O
                         net (fo=41, estimated)       0.341     6.380    i_kecc_aes_k_axi_top/i_axi2reg/i_axi_to_axi_lite/i_axi_to_axi_lite_id_reflect/i_aw_id_fifo/i__i_2__4_0
    SLICE_X36Y128        LUT5 (Prop_lut5_I2_O)        0.105     6.485 r  i_kecc_aes_k_axi_top/i_axi2reg/i_axi_to_axi_lite/i_axi_to_axi_lite_id_reflect/i_aw_id_fifo/i__i_2__3__0/O
                         net (fo=1, estimated)        0.658     7.143    i_kecc_aes_k_axi_top/i_axi2reg/i_axi_to_axi_lite/i_axi_to_axi_lite_id_reflect/i_aw_id_fifo/i__i_2__3__0_n_0
    SLICE_X35Y128        LUT6 (Prop_lut6_I0_O)        0.105     7.248 r  i_kecc_aes_k_axi_top/i_axi2reg/i_axi_to_axi_lite/i_axi_to_axi_lite_id_reflect/i_aw_id_fifo/i__i_1__9/O
                         net (fo=22, estimated)       0.179     7.427    i_kecc_aes_k_axi_top/i_axi2reg/i_axi_to_axi_lite/i_axi_burst_splitter/i_axi_burst_splitter_aw_chan/i_axi_burst_splitter_counters/i_idq/gen_ht_ffs[1].head_tail_q_reg[1][free]__0_1
    SLICE_X35Y128        LUT6 (Prop_lut6_I5_O)        0.105     7.532 r  i_kecc_aes_k_axi_top/i_axi2reg/i_axi_to_axi_lite/i_axi_burst_splitter/i_axi_burst_splitter_aw_chan/i_axi_burst_splitter_counters/i_idq/i__i_1__7__0/O
                         net (fo=25, estimated)       0.511     8.043    i_kecc_aes_k_axi_top/i_axi2reg/i_axi_to_axi_lite/i_axi_burst_splitter/i_axi_burst_splitter_aw_chan/i_axi_burst_splitter_counters/i_idq/gen_ht_ffs[0].head_tail_q_reg[0][free]_0
    SLICE_X33Y127        LUT5 (Prop_lut5_I3_O)        0.105     8.148 r  i_kecc_aes_k_axi_top/i_axi2reg/i_axi_to_axi_lite/i_axi_burst_splitter/i_axi_burst_splitter_aw_chan/i_axi_burst_splitter_counters/i_idq/i__i_6__2/O
                         net (fo=4, estimated)        0.576     8.724    i_kecc_aes_k_axi_top/i_axi2reg/i_axi_to_axi_lite/i_axi_burst_splitter/i_axi_burst_splitter_aw_chan/i_axi_burst_splitter_counters/i_idq/counter_q_reg[4]
    SLICE_X33Y127        LUT6 (Prop_lut6_I0_O)        0.105     8.829 r  i_kecc_aes_k_axi_top/i_axi2reg/i_axi_to_axi_lite/i_axi_burst_splitter/i_axi_burst_splitter_aw_chan/i_axi_burst_splitter_counters/i_idq/i__i_2__13/O
                         net (fo=5, estimated)        0.575     9.404    i_kecc_aes_k_axi_top/i_axi2reg/i_axi_to_axi_lite/i_axi_burst_splitter/i_axi_burst_splitter_aw_chan/i_axi_burst_splitter_counters/i_idq/counter_q_reg[4]_0
    SLICE_X33Y127        LUT6 (Prop_lut6_I0_O)        0.105     9.509 r  i_kecc_aes_k_axi_top/i_axi2reg/i_axi_to_axi_lite/i_axi_burst_splitter/i_axi_burst_splitter_aw_chan/i_axi_burst_splitter_counters/i_idq/axi_rsp_o[b][resp][1]_INST_0_i_4/O
                         net (fo=1, estimated)        0.232     9.741    i_kecc_aes_k_axi_top/i_axi2reg/i_axi_to_axi_lite/i_axi_burst_splitter/i_demux_supported_vs_unsupported/gen_demux.i_b_mux/read_pointer_q_reg[0]
    SLICE_X31Y128        LUT6 (Prop_lut6_I2_O)        0.105     9.846 f  i_kecc_aes_k_axi_top/i_axi2reg/i_axi_to_axi_lite/i_axi_burst_splitter/i_demux_supported_vs_unsupported/gen_demux.i_b_mux/axi_rsp_o[b][resp][1]_INST_0_i_2/O
                         net (fo=14, estimated)       0.389    10.235    i_kecc_aes_k_axi_top/i_axi2reg/i_axi_to_axi_lite/i_axi_burst_splitter/i_err_slv/i_b_fifo/read_pointer_q_reg[0]_1
    SLICE_X30Y128        LUT6 (Prop_lut6_I3_O)        0.105    10.340 r  i_kecc_aes_k_axi_top/i_axi2reg/i_axi_to_axi_lite/i_axi_burst_splitter/i_err_slv/i_b_fifo/axi_rsp_o[b][id][2]_INST_0_i_1/O
                         net (fo=9, estimated)        0.631    10.971    i_kecc_aes_k_axi_top/i_axi2reg/filtered_resp[b][id][2]
    SLICE_X28Y130        LUT3 (Prop_lut3_I0_O)        0.105    11.076 r  i_kecc_aes_k_axi_top/i_axi2reg/i___16/O
                         net (fo=8, estimated)        0.688    11.764    i_kecc_aes_k_axi_top/i_axi2reg/i_axi_to_axi_lite/i_axi_burst_splitter/i_demux_supported_vs_unsupported/gen_demux.gen_aw_id_counter.i_aw_id_counter/gen_counters[2].i_in_flight_cnt/counter_q_reg[1]_1
    SLICE_X15Y135        LUT5 (Prop_lut5_I1_O)        0.105    11.869 f  i_kecc_aes_k_axi_top/i_axi2reg/i_axi_to_axi_lite/i_axi_burst_splitter/i_demux_supported_vs_unsupported/gen_demux.gen_aw_id_counter.i_aw_id_counter/gen_counters[2].i_in_flight_cnt/counter_q[0]_i_1/O
                         net (fo=1, routed)           0.000    11.869    i_kecc_aes_k_axi_top/i_axi2reg/i_axi_to_axi_lite/i_axi_burst_splitter/i_demux_supported_vs_unsupported/gen_demux.gen_aw_id_counter.i_aw_id_counter/gen_counters[2].i_in_flight_cnt/counter_q[0]_i_1_n_0
    SLICE_X15Y135        FDCE                                         f  i_kecc_aes_k_axi_top/i_axi2reg/i_axi_to_axi_lite/i_axi_burst_splitter/i_demux_supported_vs_unsupported/gen_demux.gen_aw_id_counter.i_aw_id_counter/gen_counters[2].i_in_flight_cnt/counter_q_reg[0]/D
  -------------------------------------------------------------------    -------------------

                         (clock clk_i rise edge)     10.000    10.000 r  
                                                      0.000    10.000 r  clk_i (IN)
                         net (fo=4814, unset)         0.748    10.748    i_kecc_aes_k_axi_top/i_axi2reg/i_axi_to_axi_lite/i_axi_burst_splitter/i_demux_supported_vs_unsupported/gen_demux.gen_aw_id_counter.i_aw_id_counter/gen_counters[2].i_in_flight_cnt/clk_i
    SLICE_X15Y135        FDCE                                         r  i_kecc_aes_k_axi_top/i_axi2reg/i_axi_to_axi_lite/i_axi_burst_splitter/i_demux_supported_vs_unsupported/gen_demux.gen_aw_id_counter.i_aw_id_counter/gen_counters[2].i_in_flight_cnt/counter_q_reg[0]/C
                         clock pessimism              0.000    10.748    
                         clock uncertainty           -0.035    10.712    
    SLICE_X15Y135        FDCE (Setup_fdce_C_D)        0.032    10.744    i_kecc_aes_k_axi_top/i_axi2reg/i_axi_to_axi_lite/i_axi_burst_splitter/i_demux_supported_vs_unsupported/gen_demux.gen_aw_id_counter.i_aw_id_counter/gen_counters[2].i_in_flight_cnt/counter_q_reg[0]
  -------------------------------------------------------------------
                         required time                         10.744    
                         arrival time                         -11.869    
  -------------------------------------------------------------------
                         slack                                 -1.125    

Slack (VIOLATED) :        -1.125ns  (required time - arrival time)
  Source:                 i_kecc_aes_k_axi_top/i_axi2reg/i_axi_to_axi_lite/i_axi_burst_splitter/i_demux_supported_vs_unsupported/gen_demux.gen_ar_id_counter.i_ar_id_counter/gen_counters[18].i_in_flight_cnt/counter_q_reg[0]/C
                            (rising edge-triggered cell FDCE clocked by clk_i  {rise@0.000ns fall@5.000ns period=10.000ns})
  Destination:            i_kecc_aes_k_axi_top/i_axi2reg/i_axi_to_axi_lite/i_axi_burst_splitter/i_demux_supported_vs_unsupported/gen_demux.gen_aw_id_counter.i_aw_id_counter/gen_counters[2].i_in_flight_cnt/counter_q_reg[0]/D
                            (rising edge-triggered cell FDCE clocked by clk_i  {rise@0.000ns fall@5.000ns period=10.000ns})
  Path Group:             clk_i
  Path Type:              Setup (Max at Slow Process Corner)
  Requirement:            10.000ns  (clk_i rise@10.000ns - clk_i rise@0.000ns)
  Data Path Delay:        11.082ns  (logic 2.323ns (20.962%)  route 8.759ns (79.038%))
  Logic Levels:           18  (LUT3=1 LUT4=2 LUT5=3 LUT6=12)
  Clock Path Skew:        -0.039ns (DCD - SCD + CPR)
    Destination Clock Delay (DCD):    0.748ns = ( 10.748 - 10.000 ) 
    Source Clock Delay      (SCD):    0.787ns
    Clock Pessimism Removal (CPR):    0.000ns
  Clock Uncertainty:      0.035ns  ((TSJ^2 + TIJ^2)^1/2 + DJ) / 2 + PE
    Total System Jitter     (TSJ):    0.071ns
    Total Input Jitter      (TIJ):    0.000ns
    Discrete Jitter          (DJ):    0.000ns
    Phase Error              (PE):    0.000ns

    Location             Delay type                Incr(ns)  Path(ns)    Netlist Resource(s)
  -------------------------------------------------------------------    -------------------
                         (clock clk_i rise edge)      0.000     0.000 r  
                                                      0.000     0.000 r  clk_i (IN)
                         net (fo=4814, unset)         0.787     0.787    i_kecc_aes_k_axi_top/i_axi2reg/i_axi_to_axi_lite/i_axi_burst_splitter/i_demux_supported_vs_unsupported/gen_demux.gen_ar_id_counter.i_ar_id_counter/gen_counters[18].i_in_flight_cnt/clk_i
    SLICE_X12Y128        FDCE                                         r  i_kecc_aes_k_axi_top/i_axi2reg/i_axi_to_axi_lite/i_axi_burst_splitter/i_demux_supported_vs_unsupported/gen_demux.gen_ar_id_counter.i_ar_id_counter/gen_counters[18].i_in_flight_cnt/counter_q_reg[0]/C
  -------------------------------------------------------------------    -------------------
    SLICE_X12Y128        FDCE (Prop_fdce_C_Q)         0.433     1.220 f  i_kecc_aes_k_axi_top/i_axi2reg/i_axi_to_axi_lite/i_axi_burst_splitter/i_demux_supported_vs_unsupported/gen_demux.gen_ar_id_counter.i_ar_id_counter/gen_counters[18].i_in_flight_cnt/counter_q_reg[0]/Q
                         net (fo=4, estimated)        0.531     1.751    i_kecc_aes_k_axi_top/i_axi2reg/i_axi_to_axi_lite/i_axi_burst_splitter/i_demux_supported_vs_unsupported/gen_demux.gen_ar_id_counter.i_ar_id_counter/gen_counters[18].i_in_flight_cnt/counter_q_reg[0]_0
    SLICE_X13Y127        LUT4 (Prop_lut4_I0_O)        0.105     1.856 f  i_kecc_aes_k_axi_top/i_axi2reg/i_axi_to_axi_lite/i_axi_burst_splitter/i_demux_supported_vs_unsupported/gen_demux.gen_ar_id_counter.i_ar_id_counter/gen_counters[18].i_in_flight_cnt/axi_rsp_o[ar_ready]_INST_0_i_35/O
                         net (fo=1, estimated)        0.509     2.365    i_kecc_aes_k_axi_top/i_axi2reg/i_axi_to_axi_lite/i_axi_burst_splitter/i_demux_supported_vs_unsupported/gen_demux.gen_ar_id_counter.i_ar_id_counter/gen_counters[18].i_in_flight_cnt/axi_rsp_o[ar_ready]_INST_0_i_35_n_0
    SLICE_X13Y128        LUT4 (Prop_lut4_I0_O)        0.105     2.470 f  i_kecc_aes_k_axi_top/i_axi2reg/i_axi_to_axi_lite/i_axi_burst_splitter/i_demux_supported_vs_unsupported/gen_demux.gen_ar_id_counter.i_ar_id_counter/gen_counters[18].i_in_flight_cnt/axi_rsp_o[ar_ready]_INST_0_i_18/O
                         net (fo=1, estimated)        0.522     2.992    i_kecc_aes_k_axi_top/i_axi2reg/i_axi_to_axi_lite/i_axi_burst_splitter/i_demux_supported_vs_unsupported/gen_demux.gen_ar_id_counter.i_ar_id_counter/gen_counters[9].i_in_flight_cnt/gen_demux.lock_ar_valid_q_reg_5
    SLICE_X13Y138        LUT6 (Prop_lut6_I5_O)        0.105     3.097 f  i_kecc_aes_k_axi_top/i_axi2reg/i_axi_to_axi_lite/i_axi_burst_splitter/i_demux_supported_vs_unsupported/gen_demux.gen_ar_id_counter.i_ar_id_counter/gen_counters[9].i_in_flight_cnt/axi_rsp_o[ar_ready]_INST_0_i_5/O
                         net (fo=6, estimated)        0.626     3.723    i_kecc_aes_k_axi_top/i_axi2reg/i_axi_burst_splitter/i_demux_supported_vs_unsupported/gen_demux.ar_id_cnt_full
    SLICE_X14Y139        LUT6 (Prop_lut6_I3_O)        0.105     3.828 r  i_kecc_aes_k_axi_top/i_axi2reg/i___33/O
                         net (fo=41, estimated)       0.313     4.141    i_kecc_aes_k_axi_top/i_axi2reg/i_axi_to_axi_lite/i_axi_burst_splitter/i_demux_supported_vs_unsupported/gen_demux.i_w_fifo/write_pointer_q_reg[0]_0
    SLICE_X14Y140        LUT6 (Prop_lut6_I1_O)        0.105     4.246 r  i_kecc_aes_k_axi_top/i_axi2reg/i_axi_to_axi_lite/i_axi_burst_splitter/i_demux_supported_vs_unsupported/gen_demux.i_w_fifo/i__i_2__0__0/O
                         net (fo=2, estimated)        0.936     5.182    i_kecc_aes_k_axi_top/i_axi2reg/axi_lite_req[w_valid]
    SLICE_X33Y130        LUT6 (Prop_lut6_I4_O)        0.105     5.287 r  i_kecc_aes_k_axi_top/i_axi2reg/i__i_1__4/O
                         net (fo=31, estimated)       0.311     5.598    i_kecc_aes_k_axi_top/i_axi2reg/i_axi_to_axi_lite/i_axi_burst_splitter/i_demux_supported_vs_unsupported/gen_demux.gen_aw_id_counter.i_aw_id_counter/gen_counters[3].i_in_flight_cnt/splitted_resp[aw_ready]
    SLICE_X32Y128        LUT6 (Prop_lut6_I3_O)        0.105     5.703 r  i_kecc_aes_k_axi_top/i_axi2reg/i_axi_to_axi_lite/i_axi_burst_splitter/i_demux_supported_vs_unsupported/gen_demux.gen_aw_id_counter.i_aw_id_counter/gen_counters[3].i_in_flight_cnt/i__i_3__6/O
                         net (fo=1, estimated)        0.231     5.934    i_kecc_aes_k_axi_top/i_axi2reg/i_axi_to_axi_lite_n_112
    SLICE_X37Y128        LUT6 (Prop_lut6_I3_O)        0.105     6.039 r  i_kecc_aes_k_axi_top/i_axi2reg/i___29/O
                         net (fo=41, estimated)       0.341     6.380    i_kecc_aes_k_axi_top/i_axi2reg/i_axi_to_axi_lite/i_axi_to_axi_lite_id_reflect/i_aw_id_fifo/i__i_2__4_0
    SLICE_X36Y128        LUT5 (Prop_lut5_I2_O)        0.105     6.485 r  i_kecc_aes_k_axi_top/i_axi2reg/i_axi_to_axi_lite/i_axi_to_axi_lite_id_reflect/i_aw_id_fifo/i__i_2__3__0/O
                         net (fo=1, estimated)        0.658     7.143    i_kecc_aes_k_axi_top/i_axi2reg/i_axi_to_axi_lite/i_axi_to_axi_lite_id_reflect/i_aw_id_fifo/i__i_2__3__0_n_0
    SLICE_X35Y128        LUT6 (Prop_lut6_I0_O)        0.105     7.248 r  i_kecc_aes_k_axi_top/i_axi2reg/i_axi_to_axi_lite/i_axi_to_axi_lite_id_reflect/i_aw_id_fifo/i__i_1__9/O
                         net (fo=22, estimated)       0.179     7.427    i_kecc_aes_k_axi_top/i_axi2reg/i_axi_to_axi_lite/i_axi_burst_splitter/i_axi_burst_splitter_aw_chan/i_axi_burst_splitter_counters/i_idq/gen_ht_ffs[1].head_tail_q_reg[1][free]__0_1
    SLICE_X35Y128        LUT6 (Prop_lut6_I5_O)        0.105     7.532 r  i_kecc_aes_k_axi_top/i_axi2reg/i_axi_to_axi_lite/i_axi_burst_splitter/i_axi_burst_splitter_aw_chan/i_axi_burst_splitter_counters/i_idq/i__i_1__7__0/O
                         net (fo=25, estimated)       0.511     8.043    i_kecc_aes_k_axi_top/i_axi2reg/i_axi_to_axi_lite/i_axi_burst_splitter/i_axi_burst_splitter_aw_chan/i_axi_burst_splitter_counters/i_idq/gen_ht_ffs[0].head_tail_q_reg[0][free]_0
    SLICE_X33Y127        LUT5 (Prop_lut5_I3_O)        0.105     8.148 f  i_kecc_aes_k_axi_top/i_axi2reg/i_axi_to_axi_lite/i_axi_burst_splitter/i_axi_burst_splitter_aw_chan/i_axi_burst_splitter_counters/i_idq/i__i_6__2/O
                         net (fo=4, estimated)        0.576     8.724    i_kecc_aes_k_axi_top/i_axi2reg/i_axi_to_axi_lite/i_axi_burst_splitter/i_axi_burst_splitter_aw_chan/i_axi_burst_splitter_counters/i_idq/counter_q_reg[4]
    SLICE_X33Y127        LUT6 (Prop_lut6_I0_O)        0.105     8.829 f  i_kecc_aes_k_axi_top/i_axi2reg/i_axi_to_axi_lite/i_axi_burst_splitter/i_axi_burst_splitter_aw_chan/i_axi_burst_splitter_counters/i_idq/i__i_2__13/O
                         net (fo=5, estimated)        0.575     9.404    i_kecc_aes_k_axi_top/i_axi2reg/i_axi_to_axi_lite/i_axi_burst_splitter/i_axi_burst_splitter_aw_chan/i_axi_burst_splitter_counters/i_idq/counter_q_reg[4]_0
    SLICE_X33Y127        LUT6 (Prop_lut6_I0_O)        0.105     9.509 f  i_kecc_aes_k_axi_top/i_axi2reg/i_axi_to_axi_lite/i_axi_burst_splitter/i_axi_burst_splitter_aw_chan/i_axi_burst_splitter_counters/i_idq/axi_rsp_o[b][resp][1]_INST_0_i_4/O
                         net (fo=1, estimated)        0.232     9.741    i_kecc_aes_k_axi_top/i_axi2reg/i_axi_to_axi_lite/i_axi_burst_splitter/i_demux_supported_vs_unsupported/gen_demux.i_b_mux/read_pointer_q_reg[0]
    SLICE_X31Y128        LUT6 (Prop_lut6_I2_O)        0.105     9.846 r  i_kecc_aes_k_axi_top/i_axi2reg/i_axi_to_axi_lite/i_axi_burst_splitter/i_demux_supported_vs_unsupported/gen_demux.i_b_mux/axi_rsp_o[b][resp][1]_INST_0_i_2/O
                         net (fo=14, estimated)       0.389    10.235    i_kecc_aes_k_axi_top/i_axi2reg/i_axi_to_axi_lite/i_axi_burst_splitter/i_err_slv/i_b_fifo/read_pointer_q_reg[0]_1
    SLICE_X30Y128        LUT6 (Prop_lut6_I3_O)        0.105    10.340 f  i_kecc_aes_k_axi_top/i_axi2reg/i_axi_to_axi_lite/i_axi_burst_splitter/i_err_slv/i_b_fifo/axi_rsp_o[b][id][2]_INST_0_i_1/O
                         net (fo=9, estimated)        0.631    10.971    i_kecc_aes_k_axi_top/i_axi2reg/filtered_resp[b][id][2]
    SLICE_X28Y130        LUT3 (Prop_lut3_I0_O)        0.105    11.076 f  i_kecc_aes_k_axi_top/i_axi2reg/i___16/O
                         net (fo=8, estimated)        0.688    11.764    i_kecc_aes_k_axi_top/i_axi2reg/i_axi_to_axi_lite/i_axi_burst_splitter/i_demux_supported_vs_unsupported/gen_demux.gen_aw_id_counter.i_aw_id_counter/gen_counters[2].i_in_flight_cnt/counter_q_reg[1]_1
    SLICE_X15Y135        LUT5 (Prop_lut5_I1_O)        0.105    11.869 f  i_kecc_aes_k_axi_top/i_axi2reg/i_axi_to_axi_lite/i_axi_burst_splitter/i_demux_supported_vs_unsupported/gen_demux.gen_aw_id_counter.i_aw_id_counter/gen_counters[2].i_in_flight_cnt/counter_q[0]_i_1/O
                         net (fo=1, routed)           0.000    11.869    i_kecc_aes_k_axi_top/i_axi2reg/i_axi_to_axi_lite/i_axi_burst_splitter/i_demux_supported_vs_unsupported/gen_demux.gen_aw_id_counter.i_aw_id_counter/gen_counters[2].i_in_flight_cnt/counter_q[0]_i_1_n_0
    SLICE_X15Y135        FDCE                                         f  i_kecc_aes_k_axi_top/i_axi2reg/i_axi_to_axi_lite/i_axi_burst_splitter/i_demux_supported_vs_unsupported/gen_demux.gen_aw_id_counter.i_aw_id_counter/gen_counters[2].i_in_flight_cnt/counter_q_reg[0]/D
  -------------------------------------------------------------------    -------------------

                         (clock clk_i rise edge)     10.000    10.000 r  
                                                      0.000    10.000 r  clk_i (IN)
                         net (fo=4814, unset)         0.748    10.748    i_kecc_aes_k_axi_top/i_axi2reg/i_axi_to_axi_lite/i_axi_burst_splitter/i_demux_supported_vs_unsupported/gen_demux.gen_aw_id_counter.i_aw_id_counter/gen_counters[2].i_in_flight_cnt/clk_i
    SLICE_X15Y135        FDCE                                         r  i_kecc_aes_k_axi_top/i_axi2reg/i_axi_to_axi_lite/i_axi_burst_splitter/i_demux_supported_vs_unsupported/gen_demux.gen_aw_id_counter.i_aw_id_counter/gen_counters[2].i_in_flight_cnt/counter_q_reg[0]/C
                         clock pessimism              0.000    10.748    
                         clock uncertainty           -0.035    10.712    
    SLICE_X15Y135        FDCE (Setup_fdce_C_D)        0.032    10.744    i_kecc_aes_k_axi_top/i_axi2reg/i_axi_to_axi_lite/i_axi_burst_splitter/i_demux_supported_vs_unsupported/gen_demux.gen_aw_id_counter.i_aw_id_counter/gen_counters[2].i_in_flight_cnt/counter_q_reg[0]
  -------------------------------------------------------------------
                         required time                         10.744    
                         arrival time                         -11.869    
  -------------------------------------------------------------------
                         slack                                 -1.125    

Slack (VIOLATED) :        -1.125ns  (required time - arrival time)
  Source:                 i_kecc_aes_k_axi_top/i_axi2reg/i_axi_to_axi_lite/i_axi_burst_splitter/i_demux_supported_vs_unsupported/gen_demux.gen_ar_id_counter.i_ar_id_counter/gen_counters[18].i_in_flight_cnt/counter_q_reg[0]/C
                            (rising edge-triggered cell FDCE clocked by clk_i  {rise@0.000ns fall@5.000ns period=10.000ns})
  Destination:            i_kecc_aes_k_axi_top/i_axi2reg/i_axi_to_axi_lite/i_axi_burst_splitter/i_demux_supported_vs_unsupported/gen_demux.gen_aw_id_counter.i_aw_id_counter/gen_counters[2].i_in_flight_cnt/counter_q_reg[0]/D
                            (rising edge-triggered cell FDCE clocked by clk_i  {rise@0.000ns fall@5.000ns period=10.000ns})
  Path Group:             clk_i
  Path Type:              Setup (Max at Slow Process Corner)
  Requirement:            10.000ns  (clk_i rise@10.000ns - clk_i rise@0.000ns)
  Data Path Delay:        11.082ns  (logic 2.323ns (20.962%)  route 8.759ns (79.038%))
  Logic Levels:           18  (LUT3=1 LUT4=2 LUT5=3 LUT6=12)
  Clock Path Skew:        -0.039ns (DCD - SCD + CPR)
    Destination Clock Delay (DCD):    0.748ns = ( 10.748 - 10.000 ) 
    Source Clock Delay      (SCD):    0.787ns
    Clock Pessimism Removal (CPR):    0.000ns
  Clock Uncertainty:      0.035ns  ((TSJ^2 + TIJ^2)^1/2 + DJ) / 2 + PE
    Total System Jitter     (TSJ):    0.071ns
    Total Input Jitter      (TIJ):    0.000ns
    Discrete Jitter          (DJ):    0.000ns
    Phase Error              (PE):    0.000ns

    Location             Delay type                Incr(ns)  Path(ns)    Netlist Resource(s)
  -------------------------------------------------------------------    -------------------
                         (clock clk_i rise edge)      0.000     0.000 r  
                                                      0.000     0.000 r  clk_i (IN)
                         net (fo=4814, unset)         0.787     0.787    i_kecc_aes_k_axi_top/i_axi2reg/i_axi_to_axi_lite/i_axi_burst_splitter/i_demux_supported_vs_unsupported/gen_demux.gen_ar_id_counter.i_ar_id_counter/gen_counters[18].i_in_flight_cnt/clk_i
    SLICE_X12Y128        FDCE                                         r  i_kecc_aes_k_axi_top/i_axi2reg/i_axi_to_axi_lite/i_axi_burst_splitter/i_demux_supported_vs_unsupported/gen_demux.gen_ar_id_counter.i_ar_id_counter/gen_counters[18].i_in_flight_cnt/counter_q_reg[0]/C
  -------------------------------------------------------------------    -------------------
    SLICE_X12Y128        FDCE (Prop_fdce_C_Q)         0.433     1.220 f  i_kecc_aes_k_axi_top/i_axi2reg/i_axi_to_axi_lite/i_axi_burst_splitter/i_demux_supported_vs_unsupported/gen_demux.gen_ar_id_counter.i_ar_id_counter/gen_counters[18].i_in_flight_cnt/counter_q_reg[0]/Q
                         net (fo=4, estimated)        0.531     1.751    i_kecc_aes_k_axi_top/i_axi2reg/i_axi_to_axi_lite/i_axi_burst_splitter/i_demux_supported_vs_unsupported/gen_demux.gen_ar_id_counter.i_ar_id_counter/gen_counters[18].i_in_flight_cnt/counter_q_reg[0]_0
    SLICE_X13Y127        LUT4 (Prop_lut4_I0_O)        0.105     1.856 f  i_kecc_aes_k_axi_top/i_axi2reg/i_axi_to_axi_lite/i_axi_burst_splitter/i_demux_supported_vs_unsupported/gen_demux.gen_ar_id_counter.i_ar_id_counter/gen_counters[18].i_in_flight_cnt/axi_rsp_o[ar_ready]_INST_0_i_35/O
                         net (fo=1, estimated)        0.509     2.365    i_kecc_aes_k_axi_top/i_axi2reg/i_axi_to_axi_lite/i_axi_burst_splitter/i_demux_supported_vs_unsupported/gen_demux.gen_ar_id_counter.i_ar_id_counter/gen_counters[18].i_in_flight_cnt/axi_rsp_o[ar_ready]_INST_0_i_35_n_0
    SLICE_X13Y128        LUT4 (Prop_lut4_I0_O)        0.105     2.470 f  i_kecc_aes_k_axi_top/i_axi2reg/i_axi_to_axi_lite/i_axi_burst_splitter/i_demux_supported_vs_unsupported/gen_demux.gen_ar_id_counter.i_ar_id_counter/gen_counters[18].i_in_flight_cnt/axi_rsp_o[ar_ready]_INST_0_i_18/O
                         net (fo=1, estimated)        0.522     2.992    i_kecc_aes_k_axi_top/i_axi2reg/i_axi_to_axi_lite/i_axi_burst_splitter/i_demux_supported_vs_unsupported/gen_demux.gen_ar_id_counter.i_ar_id_counter/gen_counters[9].i_in_flight_cnt/gen_demux.lock_ar_valid_q_reg_5
    SLICE_X13Y138        LUT6 (Prop_lut6_I5_O)        0.105     3.097 f  i_kecc_aes_k_axi_top/i_axi2reg/i_axi_to_axi_lite/i_axi_burst_splitter/i_demux_supported_vs_unsupported/gen_demux.gen_ar_id_counter.i_ar_id_counter/gen_counters[9].i_in_flight_cnt/axi_rsp_o[ar_ready]_INST_0_i_5/O
                         net (fo=6, estimated)        0.626     3.723    i_kecc_aes_k_axi_top/i_axi2reg/i_axi_burst_splitter/i_demux_supported_vs_unsupported/gen_demux.ar_id_cnt_full
    SLICE_X14Y139        LUT6 (Prop_lut6_I3_O)        0.105     3.828 r  i_kecc_aes_k_axi_top/i_axi2reg/i___33/O
                         net (fo=41, estimated)       0.313     4.141    i_kecc_aes_k_axi_top/i_axi2reg/i_axi_to_axi_lite/i_axi_burst_splitter/i_demux_supported_vs_unsupported/gen_demux.i_w_fifo/write_pointer_q_reg[0]_0
    SLICE_X14Y140        LUT6 (Prop_lut6_I1_O)        0.105     4.246 r  i_kecc_aes_k_axi_top/i_axi2reg/i_axi_to_axi_lite/i_axi_burst_splitter/i_demux_supported_vs_unsupported/gen_demux.i_w_fifo/i__i_2__0__0/O
                         net (fo=2, estimated)        0.936     5.182    i_kecc_aes_k_axi_top/i_axi2reg/axi_lite_req[w_valid]
    SLICE_X33Y130        LUT6 (Prop_lut6_I4_O)        0.105     5.287 r  i_kecc_aes_k_axi_top/i_axi2reg/i__i_1__4/O
                         net (fo=31, estimated)       0.311     5.598    i_kecc_aes_k_axi_top/i_axi2reg/i_axi_to_axi_lite/i_axi_burst_splitter/i_demux_supported_vs_unsupported/gen_demux.gen_aw_id_counter.i_aw_id_counter/gen_counters[3].i_in_flight_cnt/splitted_resp[aw_ready]
    SLICE_X32Y128        LUT6 (Prop_lut6_I3_O)        0.105     5.703 r  i_kecc_aes_k_axi_top/i_axi2reg/i_axi_to_axi_lite/i_axi_burst_splitter/i_demux_supported_vs_unsupported/gen_demux.gen_aw_id_counter.i_aw_id_counter/gen_counters[3].i_in_flight_cnt/i__i_3__6/O
                         net (fo=1, estimated)        0.231     5.934    i_kecc_aes_k_axi_top/i_axi2reg/i_axi_to_axi_lite_n_112
    SLICE_X37Y128        LUT6 (Prop_lut6_I3_O)        0.105     6.039 r  i_kecc_aes_k_axi_top/i_axi2reg/i___29/O
                         net (fo=41, estimated)       0.341     6.380    i_kecc_aes_k_axi_top/i_axi2reg/i_axi_to_axi_lite/i_axi_to_axi_lite_id_reflect/i_aw_id_fifo/i__i_2__4_0
    SLICE_X36Y128        LUT5 (Prop_lut5_I2_O)        0.105     6.485 r  i_kecc_aes_k_axi_top/i_axi2reg/i_axi_to_axi_lite/i_axi_to_axi_lite_id_reflect/i_aw_id_fifo/i__i_2__3__0/O
                         net (fo=1, estimated)        0.658     7.143    i_kecc_aes_k_axi_top/i_axi2reg/i_axi_to_axi_lite/i_axi_to_axi_lite_id_reflect/i_aw_id_fifo/i__i_2__3__0_n_0
    SLICE_X35Y128        LUT6 (Prop_lut6_I0_O)        0.105     7.248 r  i_kecc_aes_k_axi_top/i_axi2reg/i_axi_to_axi_lite/i_axi_to_axi_lite_id_reflect/i_aw_id_fifo/i__i_1__9/O
                         net (fo=22, estimated)       0.179     7.427    i_kecc_aes_k_axi_top/i_axi2reg/i_axi_to_axi_lite/i_axi_burst_splitter/i_axi_burst_splitter_aw_chan/i_axi_burst_splitter_counters/i_idq/gen_ht_ffs[1].head_tail_q_reg[1][free]__0_1
    SLICE_X35Y128        LUT6 (Prop_lut6_I5_O)        0.105     7.532 r  i_kecc_aes_k_axi_top/i_axi2reg/i_axi_to_axi_lite/i_axi_burst_splitter/i_axi_burst_splitter_aw_chan/i_axi_burst_splitter_counters/i_idq/i__i_1__7__0/O
                         net (fo=25, estimated)       0.511     8.043    i_kecc_aes_k_axi_top/i_axi2reg/i_axi_to_axi_lite/i_axi_burst_splitter/i_axi_burst_splitter_aw_chan/i_axi_burst_splitter_counters/i_idq/gen_ht_ffs[0].head_tail_q_reg[0][free]_0
    SLICE_X33Y127        LUT5 (Prop_lut5_I3_O)        0.105     8.148 r  i_kecc_aes_k_axi_top/i_axi2reg/i_axi_to_axi_lite/i_axi_burst_splitter/i_axi_burst_splitter_aw_chan/i_axi_burst_splitter_counters/i_idq/i__i_6__2/O
                         net (fo=4, estimated)        0.576     8.724    i_kecc_aes_k_axi_top/i_axi2reg/i_axi_to_axi_lite/i_axi_burst_splitter/i_axi_burst_splitter_aw_chan/i_axi_burst_splitter_counters/i_idq/counter_q_reg[4]
    SLICE_X33Y127        LUT6 (Prop_lut6_I0_O)        0.105     8.829 r  i_kecc_aes_k_axi_top/i_axi2reg/i_axi_to_axi_lite/i_axi_burst_splitter/i_axi_burst_splitter_aw_chan/i_axi_burst_splitter_counters/i_idq/i__i_2__13/O
                         net (fo=5, estimated)        0.575     9.404    i_kecc_aes_k_axi_top/i_axi2reg/i_axi_to_axi_lite/i_axi_burst_splitter/i_axi_burst_splitter_aw_chan/i_axi_burst_splitter_counters/i_idq/counter_q_reg[4]_0
    SLICE_X33Y127        LUT6 (Prop_lut6_I0_O)        0.105     9.509 r  i_kecc_aes_k_axi_top/i_axi2reg/i_axi_to_axi_lite/i_axi_burst_splitter/i_axi_burst_splitter_aw_chan/i_axi_burst_splitter_counters/i_idq/axi_rsp_o[b][resp][1]_INST_0_i_4/O
                         net (fo=1, estimated)        0.232     9.741    i_kecc_aes_k_axi_top/i_axi2reg/i_axi_to_axi_lite/i_axi_burst_splitter/i_demux_supported_vs_unsupported/gen_demux.i_b_mux/read_pointer_q_reg[0]
    SLICE_X31Y128        LUT6 (Prop_lut6_I2_O)        0.105     9.846 f  i_kecc_aes_k_axi_top/i_axi2reg/i_axi_to_axi_lite/i_axi_burst_splitter/i_demux_supported_vs_unsupported/gen_demux.i_b_mux/axi_rsp_o[b][resp][1]_INST_0_i_2/O
                         net (fo=14, estimated)       0.389    10.235    i_kecc_aes_k_axi_top/i_axi2reg/i_axi_to_axi_lite/i_axi_burst_splitter/i_err_slv/i_b_fifo/read_pointer_q_reg[0]_1
    SLICE_X30Y128        LUT6 (Prop_lut6_I3_O)        0.105    10.340 f  i_kecc_aes_k_axi_top/i_axi2reg/i_axi_to_axi_lite/i_axi_burst_splitter/i_err_slv/i_b_fifo/axi_rsp_o[b][id][2]_INST_0_i_1/O
                         net (fo=9, estimated)        0.631    10.971    i_kecc_aes_k_axi_top/i_axi2reg/filtered_resp[b][id][2]
    SLICE_X28Y130        LUT3 (Prop_lut3_I0_O)        0.105    11.076 f  i_kecc_aes_k_axi_top/i_axi2reg/i___16/O
                         net (fo=8, estimated)        0.688    11.764    i_kecc_aes_k_axi_top/i_axi2reg/i_axi_to_axi_lite/i_axi_burst_splitter/i_demux_supported_vs_unsupported/gen_demux.gen_aw_id_counter.i_aw_id_counter/gen_counters[2].i_in_flight_cnt/counter_q_reg[1]_1
    SLICE_X15Y135        LUT5 (Prop_lut5_I1_O)        0.105    11.869 f  i_kecc_aes_k_axi_top/i_axi2reg/i_axi_to_axi_lite/i_axi_burst_splitter/i_demux_supported_vs_unsupported/gen_demux.gen_aw_id_counter.i_aw_id_counter/gen_counters[2].i_in_flight_cnt/counter_q[0]_i_1/O
                         net (fo=1, routed)           0.000    11.869    i_kecc_aes_k_axi_top/i_axi2reg/i_axi_to_axi_lite/i_axi_burst_splitter/i_demux_supported_vs_unsupported/gen_demux.gen_aw_id_counter.i_aw_id_counter/gen_counters[2].i_in_flight_cnt/counter_q[0]_i_1_n_0
    SLICE_X15Y135        FDCE                                         f  i_kecc_aes_k_axi_top/i_axi2reg/i_axi_to_axi_lite/i_axi_burst_splitter/i_demux_supported_vs_unsupported/gen_demux.gen_aw_id_counter.i_aw_id_counter/gen_counters[2].i_in_flight_cnt/counter_q_reg[0]/D
  -------------------------------------------------------------------    -------------------

                         (clock clk_i rise edge)     10.000    10.000 r  
                                                      0.000    10.000 r  clk_i (IN)
                         net (fo=4814, unset)         0.748    10.748    i_kecc_aes_k_axi_top/i_axi2reg/i_axi_to_axi_lite/i_axi_burst_splitter/i_demux_supported_vs_unsupported/gen_demux.gen_aw_id_counter.i_aw_id_counter/gen_counters[2].i_in_flight_cnt/clk_i
    SLICE_X15Y135        FDCE                                         r  i_kecc_aes_k_axi_top/i_axi2reg/i_axi_to_axi_lite/i_axi_burst_splitter/i_demux_supported_vs_unsupported/gen_demux.gen_aw_id_counter.i_aw_id_counter/gen_counters[2].i_in_flight_cnt/counter_q_reg[0]/C
                         clock pessimism              0.000    10.748    
                         clock uncertainty           -0.035    10.712    
    SLICE_X15Y135        FDCE (Setup_fdce_C_D)        0.032    10.744    i_kecc_aes_k_axi_top/i_axi2reg/i_axi_to_axi_lite/i_axi_burst_splitter/i_demux_supported_vs_unsupported/gen_demux.gen_aw_id_counter.i_aw_id_counter/gen_counters[2].i_in_flight_cnt/counter_q_reg[0]
  -------------------------------------------------------------------
                         required time                         10.744    
                         arrival time                         -11.869    
  -------------------------------------------------------------------
                         slack                                 -1.125    




