Copyright 1986-2022 Xilinx, Inc. All Rights Reserved. Copyright 2022-2024 Advanced Micro Devices, Inc. All Rights Reserved.
-----------------------------------------------------------------------------------------------------------------------------------------------------
| Tool Version : Vivado v.2024.1 (win64) Build 5076996 Wed May 22 18:37:14 MDT 2024
| Date         : Mon Aug 10 14:26:14 2026
| Host         : AlessandraYOGA running 64-bit major release  (build 9200)
| Command      : report_timing -max_paths 20 -nworst 20 -delay_type max -sort_by slack -file reports_v3/kecc_aes_k_axi_synth_top.timing_WORST_20.rpt
| Design       : kecc_aes_k_axi_synth_top
| Device       : 7a100t-ftg256
| Speed File   : -2  PRODUCTION 1.23 2018-06-13
| Design State : Fully Placed
-----------------------------------------------------------------------------------------------------------------------------------------------------

Timing Report

Slack (VIOLATED) :        -1.012ns  (required time - arrival time)
  Source:                 i_kecc_aes_k_axi_top/i_axi2reg/i_axi_to_axi_lite/i_axi_burst_splitter/i_demux_supported_vs_unsupported/gen_demux.gen_ar_id_counter.i_ar_id_counter/gen_counters[24].i_in_flight_cnt/counter_q_reg[0]/C
                            (rising edge-triggered cell FDCE clocked by clk_i  {rise@0.000ns fall@5.000ns period=10.000ns})
  Destination:            i_kecc_aes_k_axi_top/kecc_aes_k_axi_reg_top_i/u_keccak_data_23/q_reg[2]/D
                            (rising edge-triggered cell FDCE clocked by clk_i  {rise@0.000ns fall@5.000ns period=10.000ns})
  Path Group:             clk_i
  Path Type:              Setup (Max at Slow Process Corner)
  Requirement:            10.000ns  (clk_i rise@10.000ns - clk_i rise@0.000ns)
  Data Path Delay:        10.702ns  (logic 2.279ns (21.295%)  route 8.423ns (78.705%))
  Logic Levels:           18  (LUT2=1 LUT3=2 LUT4=3 LUT5=6 LUT6=6)
  Clock Path Skew:        -0.039ns (DCD - SCD + CPR)
    Destination Clock Delay (DCD):    0.748ns = ( 10.748 - 10.000 ) 
    Source Clock Delay      (SCD):    0.787ns
    Clock Pessimism Removal (CPR):    0.000ns
  Clock Uncertainty:      0.035ns  ((TSJ^2 + TIJ^2)^1/2 + DJ) / 2 + PE
    Total System Jitter     (TSJ):    0.071ns
    Total Input Jitter      (TIJ):    0.000ns
    Discrete Jitter          (DJ):    0.000ns
    Phase Error              (PE):    0.000ns

    Location             Delay type                Incr(ns)  Path(ns)    Netlist Resource(s)
  -------------------------------------------------------------------    -------------------
                         (clock clk_i rise edge)      0.000     0.000 r  
                                                      0.000     0.000 r  clk_i (IN)
                         net (fo=4780, unset)         0.787     0.787    i_kecc_aes_k_axi_top/i_axi2reg/i_axi_to_axi_lite/i_axi_burst_splitter/i_demux_supported_vs_unsupported/gen_demux.gen_ar_id_counter.i_ar_id_counter/gen_counters[24].i_in_flight_cnt/clk_i
    SLICE_X47Y145        FDCE                                         r  i_kecc_aes_k_axi_top/i_axi2reg/i_axi_to_axi_lite/i_axi_burst_splitter/i_demux_supported_vs_unsupported/gen_demux.gen_ar_id_counter.i_ar_id_counter/gen_counters[24].i_in_flight_cnt/counter_q_reg[0]/C
  -------------------------------------------------------------------    -------------------
    SLICE_X47Y145        FDCE (Prop_fdce_C_Q)         0.379     1.166 r  i_kecc_aes_k_axi_top/i_axi2reg/i_axi_to_axi_lite/i_axi_burst_splitter/i_demux_supported_vs_unsupported/gen_demux.gen_ar_id_counter.i_ar_id_counter/gen_counters[24].i_in_flight_cnt/counter_q_reg[0]/Q
                         net (fo=4, estimated)        0.528     1.694    i_kecc_aes_k_axi_top/i_axi2reg/i_axi_to_axi_lite/i_axi_burst_splitter/i_demux_supported_vs_unsupported/gen_demux.gen_ar_id_counter.i_ar_id_counter/gen_counters[24].i_in_flight_cnt/counter_q_reg[0]_0
    SLICE_X47Y146        LUT4 (Prop_lut4_I0_O)        0.105     1.799 r  i_kecc_aes_k_axi_top/i_axi2reg/i_axi_to_axi_lite/i_axi_burst_splitter/i_demux_supported_vs_unsupported/gen_demux.gen_ar_id_counter.i_ar_id_counter/gen_counters[24].i_in_flight_cnt/axi_rsp_o[ar_ready]_INST_0_i_32/O
                         net (fo=1, estimated)        0.465     2.264    i_kecc_aes_k_axi_top/i_axi2reg/i_axi_to_axi_lite/i_axi_burst_splitter/i_demux_supported_vs_unsupported/gen_demux.gen_ar_id_counter.i_ar_id_counter/gen_counters[26].i_in_flight_cnt/axi_rsp_o[ar_ready]_INST_0_i_5
    SLICE_X43Y146        LUT4 (Prop_lut4_I1_O)        0.105     2.369 r  i_kecc_aes_k_axi_top/i_axi2reg/i_axi_to_axi_lite/i_axi_burst_splitter/i_demux_supported_vs_unsupported/gen_demux.gen_ar_id_counter.i_ar_id_counter/gen_counters[26].i_in_flight_cnt/axi_rsp_o[ar_ready]_INST_0_i_17/O
                         net (fo=1, estimated)        0.333     2.702    i_kecc_aes_k_axi_top/i_axi2reg/i_axi_to_axi_lite/i_axi_burst_splitter/i_demux_supported_vs_unsupported/gen_demux.gen_ar_id_counter.i_ar_id_counter/gen_counters[9].i_in_flight_cnt/gen_demux.lock_ar_valid_q_reg_4
    SLICE_X42Y147        LUT6 (Prop_lut6_I4_O)        0.105     2.807 r  i_kecc_aes_k_axi_top/i_axi2reg/i_axi_to_axi_lite/i_axi_burst_splitter/i_demux_supported_vs_unsupported/gen_demux.gen_ar_id_counter.i_ar_id_counter/gen_counters[9].i_in_flight_cnt/axi_rsp_o[ar_ready]_INST_0_i_5/O
                         net (fo=6, estimated)        0.858     3.665    i_kecc_aes_k_axi_top/i_axi2reg/i_axi_to_axi_lite/i_axi_burst_splitter/i_demux_supported_vs_unsupported/gen_demux.gen_aw_id_counter.i_aw_id_counter/gen_counters[21].i_in_flight_cnt/gen_demux.lock_aw_valid_q_reg_0
    SLICE_X33Y152        LUT6 (Prop_lut6_I2_O)        0.105     3.770 f  i_kecc_aes_k_axi_top/i_axi2reg/i_axi_to_axi_lite/i_axi_burst_splitter/i_demux_supported_vs_unsupported/gen_demux.gen_aw_id_counter.i_aw_id_counter/gen_counters[21].i_in_flight_cnt/axi_rsp_o[aw_ready]_INST_0_i_4/O
                         net (fo=4, estimated)        0.229     3.999    i_kecc_aes_k_axi_top/i_axi2reg/i_axi_to_axi_lite/i_axi_burst_splitter/i_demux_supported_vs_unsupported/gen_demux.gen_aw_id_counter.i_aw_id_counter/gen_counters[3].i_in_flight_cnt/gen_demux.aw_valid1
    SLICE_X33Y152        LUT5 (Prop_lut5_I3_O)        0.105     4.104 f  i_kecc_aes_k_axi_top/i_axi2reg/i_axi_to_axi_lite/i_axi_burst_splitter/i_demux_supported_vs_unsupported/gen_demux.gen_aw_id_counter.i_aw_id_counter/gen_counters[3].i_in_flight_cnt/i__i_4__6/O
                         net (fo=21, estimated)       0.309     4.413    i_kecc_aes_k_axi_top/i_axi2reg/i_axi_burst_splitter/i_axi_burst_splitter_aw_chan/state_d0
    SLICE_X35Y153        LUT5 (Prop_lut5_I4_O)        0.105     4.518 r  i_kecc_aes_k_axi_top/i_axi2reg/i__i_3__0/O
                         net (fo=2, estimated)        0.124     4.642    i_kecc_aes_k_axi_top/i_axi2reg/i__i_3__0_n_0
    SLICE_X35Y153        LUT5 (Prop_lut5_I2_O)        0.105     4.747 r  i_kecc_aes_k_axi_top/i_axi2reg/i__i_1__2/O
                         net (fo=3, estimated)        0.385     5.132    i_kecc_aes_k_axi_top/i_axi2reg/i__i_1__2_n_0
    SLICE_X28Y153        LUT6 (Prop_lut6_I0_O)        0.105     5.237 r  i_kecc_aes_k_axi_top/i_axi2reg/i__i_2__2/O
                         net (fo=1403, estimated)     0.736     5.973    i_kecc_aes_k_axi_top/i_axi2reg/i__i_2__2_n_0
    SLICE_X27Y160        LUT5 (Prop_lut5_I3_O)        0.105     6.078 r  i_kecc_aes_k_axi_top/i_axi2reg/mem_q[0][data][63]_i_19/O
                         net (fo=4, estimated)        0.475     6.553    i_kecc_aes_k_axi_top/i_axi2reg/i_axi_lite_to_reg/i_fifo_read/reg_req_i[addr][1]
    SLICE_X27Y160        LUT3 (Prop_lut3_I0_O)        0.105     6.658 r  i_kecc_aes_k_axi_top/i_axi2reg/i_axi_lite_to_reg/i_fifo_read/q[63]_i_6/O
                         net (fo=13, estimated)       0.402     7.060    i_kecc_aes_k_axi_top/i_axi2reg/i_axi_lite_to_reg/i_fifo_read/q[63]_i_6_n_0
    SLICE_X26Y163        LUT6 (Prop_lut6_I3_O)        0.105     7.165 r  i_kecc_aes_k_axi_top/i_axi2reg/i_axi_lite_to_reg/i_fifo_read/q[63]_i_5__1/O
                         net (fo=38, estimated)       0.432     7.597    i_kecc_aes_k_axi_top/i_axi2reg/i_axi_lite_to_reg/i_fifo_read/mem_q_reg[1][4]_13
    SLICE_X23Y165        LUT2 (Prop_lut2_I1_O)        0.105     7.702 r  i_kecc_aes_k_axi_top/i_axi2reg/i_axi_lite_to_reg/i_fifo_read/q[63]_i_3__4/O
                         net (fo=71, estimated)       0.554     8.256    i_kecc_aes_k_axi_top/i_axi2reg/i_axi_lite_to_reg/i_fifo_read/mem_q_reg[1][3]_3
    SLICE_X21Y166        LUT6 (Prop_lut6_I3_O)        0.105     8.361 f  i_kecc_aes_k_axi_top/i_axi2reg/i_axi_lite_to_reg/i_fifo_read/mem_q[0][error]_i_17/O
                         net (fo=1, estimated)        0.113     8.474    i_kecc_aes_k_axi_top/i_axi2reg/i_axi_lite_to_reg/i_fifo_read/mem_q[0][error]_i_17_n_0
    SLICE_X21Y166        LUT6 (Prop_lut6_I5_O)        0.105     8.579 f  i_kecc_aes_k_axi_top/i_axi2reg/i_axi_lite_to_reg/i_fifo_read/mem_q[0][error]_i_16/O
                         net (fo=1, estimated)        0.256     8.835    i_kecc_aes_k_axi_top/i_axi2reg/i_axi_lite_to_reg/i_fifo_read/mem_q[0][error]_i_16_n_0
    SLICE_X18Y167        LUT5 (Prop_lut5_I4_O)        0.105     8.940 r  i_kecc_aes_k_axi_top/i_axi2reg/i_axi_lite_to_reg/i_fifo_read/mem_q[0][error]_i_5/O
                         net (fo=21, estimated)       0.307     9.247    i_kecc_aes_k_axi_top/i_axi2reg/i_axi_lite_to_reg/i_fifo_read/mem_q[0][error]_i_5_n_0
    SLICE_X14Y167        LUT4 (Prop_lut4_I3_O)        0.105     9.352 f  i_kecc_aes_k_axi_top/i_axi2reg/i_axi_lite_to_reg/i_fifo_read/q[63]_i_3__14/O
                         net (fo=141, estimated)      0.498     9.850    i_kecc_aes_k_axi_top/i_axi2reg/i_axi_lite_to_reg/i_fifo_read/q[63]_i_3__14_n_0
    SLICE_X8Y166         LUT5 (Prop_lut5_I3_O)        0.105     9.955 r  i_kecc_aes_k_axi_top/i_axi2reg/i_axi_lite_to_reg/i_fifo_read/q[63]_i_3__24/O
                         net (fo=65, estimated)       1.068    11.023    i_kecc_aes_k_axi_top/i_axi2reg/i_axi_lite_to_reg/i_fifo_write_req/keccak_data_23_we
    SLICE_X3Y164         LUT3 (Prop_lut3_I2_O)        0.115    11.138 r  i_kecc_aes_k_axi_top/i_axi2reg/i_axi_lite_to_reg/i_fifo_write_req/wr_en_data_arb/q[2]_i_1__2/O
                         net (fo=1, estimated)        0.351    11.489    i_kecc_aes_k_axi_top/kecc_aes_k_axi_reg_top_i/u_keccak_data_23/q_reg[63]_0[2]
    SLICE_X5Y165         FDCE                                         r  i_kecc_aes_k_axi_top/kecc_aes_k_axi_reg_top_i/u_keccak_data_23/q_reg[2]/D
  -------------------------------------------------------------------    -------------------

                         (clock clk_i rise edge)     10.000    10.000 r  
                                                      0.000    10.000 r  clk_i (IN)
                         net (fo=4780, unset)         0.748    10.748    i_kecc_aes_k_axi_top/kecc_aes_k_axi_reg_top_i/u_keccak_data_23/clk_i
    SLICE_X5Y165         FDCE                                         r  i_kecc_aes_k_axi_top/kecc_aes_k_axi_reg_top_i/u_keccak_data_23/q_reg[2]/C
                         clock pessimism              0.000    10.748    
                         clock uncertainty           -0.035    10.712    
    SLICE_X5Y165         FDCE (Setup_fdce_C_D)       -0.235    10.477    i_kecc_aes_k_axi_top/kecc_aes_k_axi_reg_top_i/u_keccak_data_23/q_reg[2]
  -------------------------------------------------------------------
                         required time                         10.477    
                         arrival time                         -11.489    
  -------------------------------------------------------------------
                         slack                                 -1.012    

Slack (VIOLATED) :        -1.012ns  (required time - arrival time)
  Source:                 i_kecc_aes_k_axi_top/i_axi2reg/i_axi_to_axi_lite/i_axi_burst_splitter/i_demux_supported_vs_unsupported/gen_demux.gen_ar_id_counter.i_ar_id_counter/gen_counters[24].i_in_flight_cnt/counter_q_reg[0]/C
                            (rising edge-triggered cell FDCE clocked by clk_i  {rise@0.000ns fall@5.000ns period=10.000ns})
  Destination:            i_kecc_aes_k_axi_top/kecc_aes_k_axi_reg_top_i/u_keccak_data_23/q_reg[2]/D
                            (rising edge-triggered cell FDCE clocked by clk_i  {rise@0.000ns fall@5.000ns period=10.000ns})
  Path Group:             clk_i
  Path Type:              Setup (Max at Slow Process Corner)
  Requirement:            10.000ns  (clk_i rise@10.000ns - clk_i rise@0.000ns)
  Data Path Delay:        10.702ns  (logic 2.279ns (21.295%)  route 8.423ns (78.705%))
  Logic Levels:           18  (LUT2=1 LUT3=2 LUT4=3 LUT5=6 LUT6=6)
  Clock Path Skew:        -0.039ns (DCD - SCD + CPR)
    Destination Clock Delay (DCD):    0.748ns = ( 10.748 - 10.000 ) 
    Source Clock Delay      (SCD):    0.787ns
    Clock Pessimism Removal (CPR):    0.000ns
  Clock Uncertainty:      0.035ns  ((TSJ^2 + TIJ^2)^1/2 + DJ) / 2 + PE
    Total System Jitter     (TSJ):    0.071ns
    Total Input Jitter      (TIJ):    0.000ns
    Discrete Jitter          (DJ):    0.000ns
    Phase Error              (PE):    0.000ns

    Location             Delay type                Incr(ns)  Path(ns)    Netlist Resource(s)
  -------------------------------------------------------------------    -------------------
                         (clock clk_i rise edge)      0.000     0.000 r  
                                                      0.000     0.000 r  clk_i (IN)
                         net (fo=4780, unset)         0.787     0.787    i_kecc_aes_k_axi_top/i_axi2reg/i_axi_to_axi_lite/i_axi_burst_splitter/i_demux_supported_vs_unsupported/gen_demux.gen_ar_id_counter.i_ar_id_counter/gen_counters[24].i_in_flight_cnt/clk_i
    SLICE_X47Y145        FDCE                                         r  i_kecc_aes_k_axi_top/i_axi2reg/i_axi_to_axi_lite/i_axi_burst_splitter/i_demux_supported_vs_unsupported/gen_demux.gen_ar_id_counter.i_ar_id_counter/gen_counters[24].i_in_flight_cnt/counter_q_reg[0]/C
  -------------------------------------------------------------------    -------------------
    SLICE_X47Y145        FDCE (Prop_fdce_C_Q)         0.379     1.166 f  i_kecc_aes_k_axi_top/i_axi2reg/i_axi_to_axi_lite/i_axi_burst_splitter/i_demux_supported_vs_unsupported/gen_demux.gen_ar_id_counter.i_ar_id_counter/gen_counters[24].i_in_flight_cnt/counter_q_reg[0]/Q
                         net (fo=4, estimated)        0.528     1.694    i_kecc_aes_k_axi_top/i_axi2reg/i_axi_to_axi_lite/i_axi_burst_splitter/i_demux_supported_vs_unsupported/gen_demux.gen_ar_id_counter.i_ar_id_counter/gen_counters[24].i_in_flight_cnt/counter_q_reg[0]_0
    SLICE_X47Y146        LUT4 (Prop_lut4_I0_O)        0.105     1.799 f  i_kecc_aes_k_axi_top/i_axi2reg/i_axi_to_axi_lite/i_axi_burst_splitter/i_demux_supported_vs_unsupported/gen_demux.gen_ar_id_counter.i_ar_id_counter/gen_counters[24].i_in_flight_cnt/axi_rsp_o[ar_ready]_INST_0_i_32/O
                         net (fo=1, estimated)        0.465     2.264    i_kecc_aes_k_axi_top/i_axi2reg/i_axi_to_axi_lite/i_axi_burst_splitter/i_demux_supported_vs_unsupported/gen_demux.gen_ar_id_counter.i_ar_id_counter/gen_counters[26].i_in_flight_cnt/axi_rsp_o[ar_ready]_INST_0_i_5
    SLICE_X43Y146        LUT4 (Prop_lut4_I1_O)        0.105     2.369 f  i_kecc_aes_k_axi_top/i_axi2reg/i_axi_to_axi_lite/i_axi_burst_splitter/i_demux_supported_vs_unsupported/gen_demux.gen_ar_id_counter.i_ar_id_counter/gen_counters[26].i_in_flight_cnt/axi_rsp_o[ar_ready]_INST_0_i_17/O
                         net (fo=1, estimated)        0.333     2.702    i_kecc_aes_k_axi_top/i_axi2reg/i_axi_to_axi_lite/i_axi_burst_splitter/i_demux_supported_vs_unsupported/gen_demux.gen_ar_id_counter.i_ar_id_counter/gen_counters[9].i_in_flight_cnt/gen_demux.lock_ar_valid_q_reg_4
    SLICE_X42Y147        LUT6 (Prop_lut6_I4_O)        0.105     2.807 f  i_kecc_aes_k_axi_top/i_axi2reg/i_axi_to_axi_lite/i_axi_burst_splitter/i_demux_supported_vs_unsupported/gen_demux.gen_ar_id_counter.i_ar_id_counter/gen_counters[9].i_in_flight_cnt/axi_rsp_o[ar_ready]_INST_0_i_5/O
                         net (fo=6, estimated)        0.858     3.665    i_kecc_aes_k_axi_top/i_axi2reg/i_axi_to_axi_lite/i_axi_burst_splitter/i_demux_supported_vs_unsupported/gen_demux.gen_aw_id_counter.i_aw_id_counter/gen_counters[21].i_in_flight_cnt/gen_demux.lock_aw_valid_q_reg_0
    SLICE_X33Y152        LUT6 (Prop_lut6_I2_O)        0.105     3.770 r  i_kecc_aes_k_axi_top/i_axi2reg/i_axi_to_axi_lite/i_axi_burst_splitter/i_demux_supported_vs_unsupported/gen_demux.gen_aw_id_counter.i_aw_id_counter/gen_counters[21].i_in_flight_cnt/axi_rsp_o[aw_ready]_INST_0_i_4/O
                         net (fo=4, estimated)        0.229     3.999    i_kecc_aes_k_axi_top/i_axi2reg/i_axi_to_axi_lite/i_axi_burst_splitter/i_demux_supported_vs_unsupported/gen_demux.gen_aw_id_counter.i_aw_id_counter/gen_counters[3].i_in_flight_cnt/gen_demux.aw_valid1
    SLICE_X33Y152        LUT5 (Prop_lut5_I3_O)        0.105     4.104 r  i_kecc_aes_k_axi_top/i_axi2reg/i_axi_to_axi_lite/i_axi_burst_splitter/i_demux_supported_vs_unsupported/gen_demux.gen_aw_id_counter.i_aw_id_counter/gen_counters[3].i_in_flight_cnt/i__i_4__6/O
                         net (fo=21, estimated)       0.309     4.413    i_kecc_aes_k_axi_top/i_axi2reg/i_axi_burst_splitter/i_axi_burst_splitter_aw_chan/state_d0
    SLICE_X35Y153        LUT5 (Prop_lut5_I4_O)        0.105     4.518 f  i_kecc_aes_k_axi_top/i_axi2reg/i__i_3__0/O
                         net (fo=2, estimated)        0.124     4.642    i_kecc_aes_k_axi_top/i_axi2reg/i__i_3__0_n_0
    SLICE_X35Y153        LUT5 (Prop_lut5_I2_O)        0.105     4.747 f  i_kecc_aes_k_axi_top/i_axi2reg/i__i_1__2/O
                         net (fo=3, estimated)        0.385     5.132    i_kecc_aes_k_axi_top/i_axi2reg/i__i_1__2_n_0
    SLICE_X28Y153        LUT6 (Prop_lut6_I0_O)        0.105     5.237 f  i_kecc_aes_k_axi_top/i_axi2reg/i__i_2__2/O
                         net (fo=1403, estimated)     0.736     5.973    i_kecc_aes_k_axi_top/i_axi2reg/i__i_2__2_n_0
    SLICE_X27Y160        LUT5 (Prop_lut5_I3_O)        0.105     6.078 r  i_kecc_aes_k_axi_top/i_axi2reg/mem_q[0][data][63]_i_19/O
                         net (fo=4, estimated)        0.475     6.553    i_kecc_aes_k_axi_top/i_axi2reg/i_axi_lite_to_reg/i_fifo_read/reg_req_i[addr][1]
    SLICE_X27Y160        LUT3 (Prop_lut3_I0_O)        0.105     6.658 r  i_kecc_aes_k_axi_top/i_axi2reg/i_axi_lite_to_reg/i_fifo_read/q[63]_i_6/O
                         net (fo=13, estimated)       0.402     7.060    i_kecc_aes_k_axi_top/i_axi2reg/i_axi_lite_to_reg/i_fifo_read/q[63]_i_6_n_0
    SLICE_X26Y163        LUT6 (Prop_lut6_I3_O)        0.105     7.165 r  i_kecc_aes_k_axi_top/i_axi2reg/i_axi_lite_to_reg/i_fifo_read/q[63]_i_5__1/O
                         net (fo=38, estimated)       0.432     7.597    i_kecc_aes_k_axi_top/i_axi2reg/i_axi_lite_to_reg/i_fifo_read/mem_q_reg[1][4]_13
    SLICE_X23Y165        LUT2 (Prop_lut2_I1_O)        0.105     7.702 r  i_kecc_aes_k_axi_top/i_axi2reg/i_axi_lite_to_reg/i_fifo_read/q[63]_i_3__4/O
                         net (fo=71, estimated)       0.554     8.256    i_kecc_aes_k_axi_top/i_axi2reg/i_axi_lite_to_reg/i_fifo_read/mem_q_reg[1][3]_3
    SLICE_X21Y166        LUT6 (Prop_lut6_I3_O)        0.105     8.361 f  i_kecc_aes_k_axi_top/i_axi2reg/i_axi_lite_to_reg/i_fifo_read/mem_q[0][error]_i_17/O
                         net (fo=1, estimated)        0.113     8.474    i_kecc_aes_k_axi_top/i_axi2reg/i_axi_lite_to_reg/i_fifo_read/mem_q[0][error]_i_17_n_0
    SLICE_X21Y166        LUT6 (Prop_lut6_I5_O)        0.105     8.579 f  i_kecc_aes_k_axi_top/i_axi2reg/i_axi_lite_to_reg/i_fifo_read/mem_q[0][error]_i_16/O
                         net (fo=1, estimated)        0.256     8.835    i_kecc_aes_k_axi_top/i_axi2reg/i_axi_lite_to_reg/i_fifo_read/mem_q[0][error]_i_16_n_0
    SLICE_X18Y167        LUT5 (Prop_lut5_I4_O)        0.105     8.940 r  i_kecc_aes_k_axi_top/i_axi2reg/i_axi_lite_to_reg/i_fifo_read/mem_q[0][error]_i_5/O
                         net (fo=21, estimated)       0.307     9.247    i_kecc_aes_k_axi_top/i_axi2reg/i_axi_lite_to_reg/i_fifo_read/mem_q[0][error]_i_5_n_0
    SLICE_X14Y167        LUT4 (Prop_lut4_I3_O)        0.105     9.352 f  i_kecc_aes_k_axi_top/i_axi2reg/i_axi_lite_to_reg/i_fifo_read/q[63]_i_3__14/O
                         net (fo=141, estimated)      0.498     9.850    i_kecc_aes_k_axi_top/i_axi2reg/i_axi_lite_to_reg/i_fifo_read/q[63]_i_3__14_n_0
    SLICE_X8Y166         LUT5 (Prop_lut5_I3_O)        0.105     9.955 r  i_kecc_aes_k_axi_top/i_axi2reg/i_axi_lite_to_reg/i_fifo_read/q[63]_i_3__24/O
                         net (fo=65, estimated)       1.068    11.023    i_kecc_aes_k_axi_top/i_axi2reg/i_axi_lite_to_reg/i_fifo_write_req/keccak_data_23_we
    SLICE_X3Y164         LUT3 (Prop_lut3_I2_O)        0.115    11.138 r  i_kecc_aes_k_axi_top/i_axi2reg/i_axi_lite_to_reg/i_fifo_write_req/wr_en_data_arb/q[2]_i_1__2/O
                         net (fo=1, estimated)        0.351    11.489    i_kecc_aes_k_axi_top/kecc_aes_k_axi_reg_top_i/u_keccak_data_23/q_reg[63]_0[2]
    SLICE_X5Y165         FDCE                                         r  i_kecc_aes_k_axi_top/kecc_aes_k_axi_reg_top_i/u_keccak_data_23/q_reg[2]/D
  -------------------------------------------------------------------    -------------------

                         (clock clk_i rise edge)     10.000    10.000 r  
                                                      0.000    10.000 r  clk_i (IN)
                         net (fo=4780, unset)         0.748    10.748    i_kecc_aes_k_axi_top/kecc_aes_k_axi_reg_top_i/u_keccak_data_23/clk_i
    SLICE_X5Y165         FDCE                                         r  i_kecc_aes_k_axi_top/kecc_aes_k_axi_reg_top_i/u_keccak_data_23/q_reg[2]/C
                         clock pessimism              0.000    10.748    
                         clock uncertainty           -0.035    10.712    
    SLICE_X5Y165         FDCE (Setup_fdce_C_D)       -0.235    10.477    i_kecc_aes_k_axi_top/kecc_aes_k_axi_reg_top_i/u_keccak_data_23/q_reg[2]
  -------------------------------------------------------------------
                         required time                         10.477    
                         arrival time                         -11.489    
  -------------------------------------------------------------------
                         slack                                 -1.012    

Slack (VIOLATED) :        -1.012ns  (required time - arrival time)
  Source:                 i_kecc_aes_k_axi_top/i_axi2reg/i_axi_to_axi_lite/i_axi_burst_splitter/i_demux_supported_vs_unsupported/gen_demux.gen_ar_id_counter.i_ar_id_counter/gen_counters[24].i_in_flight_cnt/counter_q_reg[0]/C
                            (rising edge-triggered cell FDCE clocked by clk_i  {rise@0.000ns fall@5.000ns period=10.000ns})
  Destination:            i_kecc_aes_k_axi_top/kecc_aes_k_axi_reg_top_i/u_keccak_data_23/q_reg[2]/D
                            (rising edge-triggered cell FDCE clocked by clk_i  {rise@0.000ns fall@5.000ns period=10.000ns})
  Path Group:             clk_i
  Path Type:              Setup (Max at Slow Process Corner)
  Requirement:            10.000ns  (clk_i rise@10.000ns - clk_i rise@0.000ns)
  Data Path Delay:        10.702ns  (logic 2.279ns (21.295%)  route 8.423ns (78.705%))
  Logic Levels:           18  (LUT2=1 LUT3=2 LUT4=3 LUT5=6 LUT6=6)
  Clock Path Skew:        -0.039ns (DCD - SCD + CPR)
    Destination Clock Delay (DCD):    0.748ns = ( 10.748 - 10.000 ) 
    Source Clock Delay      (SCD):    0.787ns
    Clock Pessimism Removal (CPR):    0.000ns
  Clock Uncertainty:      0.035ns  ((TSJ^2 + TIJ^2)^1/2 + DJ) / 2 + PE
    Total System Jitter     (TSJ):    0.071ns
    Total Input Jitter      (TIJ):    0.000ns
    Discrete Jitter          (DJ):    0.000ns
    Phase Error              (PE):    0.000ns

    Location             Delay type                Incr(ns)  Path(ns)    Netlist Resource(s)
  -------------------------------------------------------------------    -------------------
                         (clock clk_i rise edge)      0.000     0.000 r  
                                                      0.000     0.000 r  clk_i (IN)
                         net (fo=4780, unset)         0.787     0.787    i_kecc_aes_k_axi_top/i_axi2reg/i_axi_to_axi_lite/i_axi_burst_splitter/i_demux_supported_vs_unsupported/gen_demux.gen_ar_id_counter.i_ar_id_counter/gen_counters[24].i_in_flight_cnt/clk_i
    SLICE_X47Y145        FDCE                                         r  i_kecc_aes_k_axi_top/i_axi2reg/i_axi_to_axi_lite/i_axi_burst_splitter/i_demux_supported_vs_unsupported/gen_demux.gen_ar_id_counter.i_ar_id_counter/gen_counters[24].i_in_flight_cnt/counter_q_reg[0]/C
  -------------------------------------------------------------------    -------------------
    SLICE_X47Y145        FDCE (Prop_fdce_C_Q)         0.379     1.166 r  i_kecc_aes_k_axi_top/i_axi2reg/i_axi_to_axi_lite/i_axi_burst_splitter/i_demux_supported_vs_unsupported/gen_demux.gen_ar_id_counter.i_ar_id_counter/gen_counters[24].i_in_flight_cnt/counter_q_reg[0]/Q
                         net (fo=4, estimated)        0.528     1.694    i_kecc_aes_k_axi_top/i_axi2reg/i_axi_to_axi_lite/i_axi_burst_splitter/i_demux_supported_vs_unsupported/gen_demux.gen_ar_id_counter.i_ar_id_counter/gen_counters[24].i_in_flight_cnt/counter_q_reg[0]_0
    SLICE_X47Y146        LUT4 (Prop_lut4_I0_O)        0.105     1.799 r  i_kecc_aes_k_axi_top/i_axi2reg/i_axi_to_axi_lite/i_axi_burst_splitter/i_demux_supported_vs_unsupported/gen_demux.gen_ar_id_counter.i_ar_id_counter/gen_counters[24].i_in_flight_cnt/axi_rsp_o[ar_ready]_INST_0_i_32/O
                         net (fo=1, estimated)        0.465     2.264    i_kecc_aes_k_axi_top/i_axi2reg/i_axi_to_axi_lite/i_axi_burst_splitter/i_demux_supported_vs_unsupported/gen_demux.gen_ar_id_counter.i_ar_id_counter/gen_counters[26].i_in_flight_cnt/axi_rsp_o[ar_ready]_INST_0_i_5
    SLICE_X43Y146        LUT4 (Prop_lut4_I1_O)        0.105     2.369 r  i_kecc_aes_k_axi_top/i_axi2reg/i_axi_to_axi_lite/i_axi_burst_splitter/i_demux_supported_vs_unsupported/gen_demux.gen_ar_id_counter.i_ar_id_counter/gen_counters[26].i_in_flight_cnt/axi_rsp_o[ar_ready]_INST_0_i_17/O
                         net (fo=1, estimated)        0.333     2.702    i_kecc_aes_k_axi_top/i_axi2reg/i_axi_to_axi_lite/i_axi_burst_splitter/i_demux_supported_vs_unsupported/gen_demux.gen_ar_id_counter.i_ar_id_counter/gen_counters[9].i_in_flight_cnt/gen_demux.lock_ar_valid_q_reg_4
    SLICE_X42Y147        LUT6 (Prop_lut6_I4_O)        0.105     2.807 r  i_kecc_aes_k_axi_top/i_axi2reg/i_axi_to_axi_lite/i_axi_burst_splitter/i_demux_supported_vs_unsupported/gen_demux.gen_ar_id_counter.i_ar_id_counter/gen_counters[9].i_in_flight_cnt/axi_rsp_o[ar_ready]_INST_0_i_5/O
                         net (fo=6, estimated)        0.858     3.665    i_kecc_aes_k_axi_top/i_axi2reg/i_axi_to_axi_lite/i_axi_burst_splitter/i_demux_supported_vs_unsupported/gen_demux.gen_aw_id_counter.i_aw_id_counter/gen_counters[21].i_in_flight_cnt/gen_demux.lock_aw_valid_q_reg_0
    SLICE_X33Y152        LUT6 (Prop_lut6_I2_O)        0.105     3.770 f  i_kecc_aes_k_axi_top/i_axi2reg/i_axi_to_axi_lite/i_axi_burst_splitter/i_demux_supported_vs_unsupported/gen_demux.gen_aw_id_counter.i_aw_id_counter/gen_counters[21].i_in_flight_cnt/axi_rsp_o[aw_ready]_INST_0_i_4/O
                         net (fo=4, estimated)        0.229     3.999    i_kecc_aes_k_axi_top/i_axi2reg/i_axi_to_axi_lite/i_axi_burst_splitter/i_demux_supported_vs_unsupported/gen_demux.gen_aw_id_counter.i_aw_id_counter/gen_counters[3].i_in_flight_cnt/gen_demux.aw_valid1
    SLICE_X33Y152        LUT5 (Prop_lut5_I3_O)        0.105     4.104 f  i_kecc_aes_k_axi_top/i_axi2reg/i_axi_to_axi_lite/i_axi_burst_splitter/i_demux_supported_vs_unsupported/gen_demux.gen_aw_id_counter.i_aw_id_counter/gen_counters[3].i_in_flight_cnt/i__i_4__6/O
                         net (fo=21, estimated)       0.309     4.413    i_kecc_aes_k_axi_top/i_axi2reg/i_axi_burst_splitter/i_axi_burst_splitter_aw_chan/state_d0
    SLICE_X35Y153        LUT5 (Prop_lut5_I4_O)        0.105     4.518 r  i_kecc_aes_k_axi_top/i_axi2reg/i__i_3__0/O
                         net (fo=2, estimated)        0.124     4.642    i_kecc_aes_k_axi_top/i_axi2reg/i__i_3__0_n_0
    SLICE_X35Y153        LUT5 (Prop_lut5_I2_O)        0.105     4.747 r  i_kecc_aes_k_axi_top/i_axi2reg/i__i_1__2/O
                         net (fo=3, estimated)        0.385     5.132    i_kecc_aes_k_axi_top/i_axi2reg/i__i_1__2_n_0
    SLICE_X28Y153        LUT6 (Prop_lut6_I0_O)        0.105     5.237 r  i_kecc_aes_k_axi_top/i_axi2reg/i__i_2__2/O
                         net (fo=1403, estimated)     0.736     5.973    i_kecc_aes_k_axi_top/i_axi2reg/i__i_2__2_n_0
    SLICE_X27Y160        LUT5 (Prop_lut5_I3_O)        0.105     6.078 f  i_kecc_aes_k_axi_top/i_axi2reg/mem_q[0][data][63]_i_19/O
                         net (fo=4, estimated)        0.475     6.553    i_kecc_aes_k_axi_top/i_axi2reg/i_axi_lite_to_reg/i_fifo_read/reg_req_i[addr][1]
    SLICE_X27Y160        LUT3 (Prop_lut3_I0_O)        0.105     6.658 f  i_kecc_aes_k_axi_top/i_axi2reg/i_axi_lite_to_reg/i_fifo_read/q[63]_i_6/O
                         net (fo=13, estimated)       0.402     7.060    i_kecc_aes_k_axi_top/i_axi2reg/i_axi_lite_to_reg/i_fifo_read/q[63]_i_6_n_0
    SLICE_X26Y163        LUT6 (Prop_lut6_I3_O)        0.105     7.165 f  i_kecc_aes_k_axi_top/i_axi2reg/i_axi_lite_to_reg/i_fifo_read/q[63]_i_5__1/O
                         net (fo=38, estimated)       0.432     7.597    i_kecc_aes_k_axi_top/i_axi2reg/i_axi_lite_to_reg/i_fifo_read/mem_q_reg[1][4]_13
    SLICE_X23Y165        LUT2 (Prop_lut2_I1_O)        0.105     7.702 f  i_kecc_aes_k_axi_top/i_axi2reg/i_axi_lite_to_reg/i_fifo_read/q[63]_i_3__4/O
                         net (fo=71, estimated)       0.554     8.256    i_kecc_aes_k_axi_top/i_axi2reg/i_axi_lite_to_reg/i_fifo_read/mem_q_reg[1][3]_3
    SLICE_X21Y166        LUT6 (Prop_lut6_I3_O)        0.105     8.361 r  i_kecc_aes_k_axi_top/i_axi2reg/i_axi_lite_to_reg/i_fifo_read/mem_q[0][error]_i_17/O
                         net (fo=1, estimated)        0.113     8.474    i_kecc_aes_k_axi_top/i_axi2reg/i_axi_lite_to_reg/i_fifo_read/mem_q[0][error]_i_17_n_0
    SLICE_X21Y166        LUT6 (Prop_lut6_I5_O)        0.105     8.579 r  i_kecc_aes_k_axi_top/i_axi2reg/i_axi_lite_to_reg/i_fifo_read/mem_q[0][error]_i_16/O
                         net (fo=1, estimated)        0.256     8.835    i_kecc_aes_k_axi_top/i_axi2reg/i_axi_lite_to_reg/i_fifo_read/mem_q[0][error]_i_16_n_0
    SLICE_X18Y167        LUT5 (Prop_lut5_I4_O)        0.105     8.940 f  i_kecc_aes_k_axi_top/i_axi2reg/i_axi_lite_to_reg/i_fifo_read/mem_q[0][error]_i_5/O
                         net (fo=21, estimated)       0.307     9.247    i_kecc_aes_k_axi_top/i_axi2reg/i_axi_lite_to_reg/i_fifo_read/mem_q[0][error]_i_5_n_0
    SLICE_X14Y167        LUT4 (Prop_lut4_I3_O)        0.105     9.352 f  i_kecc_aes_k_axi_top/i_axi2reg/i_axi_lite_to_reg/i_fifo_read/q[63]_i_3__14/O
                         net (fo=141, estimated)      0.498     9.850    i_kecc_aes_k_axi_top/i_axi2reg/i_axi_lite_to_reg/i_fifo_read/q[63]_i_3__14_n_0
    SLICE_X8Y166         LUT5 (Prop_lut5_I3_O)        0.105     9.955 r  i_kecc_aes_k_axi_top/i_axi2reg/i_axi_lite_to_reg/i_fifo_read/q[63]_i_3__24/O
                         net (fo=65, estimated)       1.068    11.023    i_kecc_aes_k_axi_top/i_axi2reg/i_axi_lite_to_reg/i_fifo_write_req/keccak_data_23_we
    SLICE_X3Y164         LUT3 (Prop_lut3_I2_O)        0.115    11.138 r  i_kecc_aes_k_axi_top/i_axi2reg/i_axi_lite_to_reg/i_fifo_write_req/wr_en_data_arb/q[2]_i_1__2/O
                         net (fo=1, estimated)        0.351    11.489    i_kecc_aes_k_axi_top/kecc_aes_k_axi_reg_top_i/u_keccak_data_23/q_reg[63]_0[2]
    SLICE_X5Y165         FDCE                                         r  i_kecc_aes_k_axi_top/kecc_aes_k_axi_reg_top_i/u_keccak_data_23/q_reg[2]/D
  -------------------------------------------------------------------    -------------------

                         (clock clk_i rise edge)     10.000    10.000 r  
                                                      0.000    10.000 r  clk_i (IN)
                         net (fo=4780, unset)         0.748    10.748    i_kecc_aes_k_axi_top/kecc_aes_k_axi_reg_top_i/u_keccak_data_23/clk_i
    SLICE_X5Y165         FDCE                                         r  i_kecc_aes_k_axi_top/kecc_aes_k_axi_reg_top_i/u_keccak_data_23/q_reg[2]/C
                         clock pessimism              0.000    10.748    
                         clock uncertainty           -0.035    10.712    
    SLICE_X5Y165         FDCE (Setup_fdce_C_D)       -0.235    10.477    i_kecc_aes_k_axi_top/kecc_aes_k_axi_reg_top_i/u_keccak_data_23/q_reg[2]
  -------------------------------------------------------------------
                         required time                         10.477    
                         arrival time                         -11.489    
  -------------------------------------------------------------------
                         slack                                 -1.012    

Slack (VIOLATED) :        -1.012ns  (required time - arrival time)
  Source:                 i_kecc_aes_k_axi_top/i_axi2reg/i_axi_to_axi_lite/i_axi_burst_splitter/i_demux_supported_vs_unsupported/gen_demux.gen_ar_id_counter.i_ar_id_counter/gen_counters[24].i_in_flight_cnt/counter_q_reg[0]/C
                            (rising edge-triggered cell FDCE clocked by clk_i  {rise@0.000ns fall@5.000ns period=10.000ns})
  Destination:            i_kecc_aes_k_axi_top/kecc_aes_k_axi_reg_top_i/u_keccak_data_23/q_reg[2]/D
                            (rising edge-triggered cell FDCE clocked by clk_i  {rise@0.000ns fall@5.000ns period=10.000ns})
  Path Group:             clk_i
  Path Type:              Setup (Max at Slow Process Corner)
  Requirement:            10.000ns  (clk_i rise@10.000ns - clk_i rise@0.000ns)
  Data Path Delay:        10.702ns  (logic 2.279ns (21.295%)  route 8.423ns (78.705%))
  Logic Levels:           18  (LUT2=1 LUT3=2 LUT4=3 LUT5=6 LUT6=6)
  Clock Path Skew:        -0.039ns (DCD - SCD + CPR)
    Destination Clock Delay (DCD):    0.748ns = ( 10.748 - 10.000 ) 
    Source Clock Delay      (SCD):    0.787ns
    Clock Pessimism Removal (CPR):    0.000ns
  Clock Uncertainty:      0.035ns  ((TSJ^2 + TIJ^2)^1/2 + DJ) / 2 + PE
    Total System Jitter     (TSJ):    0.071ns
    Total Input Jitter      (TIJ):    0.000ns
    Discrete Jitter          (DJ):    0.000ns
    Phase Error              (PE):    0.000ns

    Location             Delay type                Incr(ns)  Path(ns)    Netlist Resource(s)
  -------------------------------------------------------------------    -------------------
                         (clock clk_i rise edge)      0.000     0.000 r  
                                                      0.000     0.000 r  clk_i (IN)
                         net (fo=4780, unset)         0.787     0.787    i_kecc_aes_k_axi_top/i_axi2reg/i_axi_to_axi_lite/i_axi_burst_splitter/i_demux_supported_vs_unsupported/gen_demux.gen_ar_id_counter.i_ar_id_counter/gen_counters[24].i_in_flight_cnt/clk_i
    SLICE_X47Y145        FDCE                                         r  i_kecc_aes_k_axi_top/i_axi2reg/i_axi_to_axi_lite/i_axi_burst_splitter/i_demux_supported_vs_unsupported/gen_demux.gen_ar_id_counter.i_ar_id_counter/gen_counters[24].i_in_flight_cnt/counter_q_reg[0]/C
  -------------------------------------------------------------------    -------------------
    SLICE_X47Y145        FDCE (Prop_fdce_C_Q)         0.379     1.166 f  i_kecc_aes_k_axi_top/i_axi2reg/i_axi_to_axi_lite/i_axi_burst_splitter/i_demux_supported_vs_unsupported/gen_demux.gen_ar_id_counter.i_ar_id_counter/gen_counters[24].i_in_flight_cnt/counter_q_reg[0]/Q
                         net (fo=4, estimated)        0.528     1.694    i_kecc_aes_k_axi_top/i_axi2reg/i_axi_to_axi_lite/i_axi_burst_splitter/i_demux_supported_vs_unsupported/gen_demux.gen_ar_id_counter.i_ar_id_counter/gen_counters[24].i_in_flight_cnt/counter_q_reg[0]_0
    SLICE_X47Y146        LUT4 (Prop_lut4_I0_O)        0.105     1.799 f  i_kecc_aes_k_axi_top/i_axi2reg/i_axi_to_axi_lite/i_axi_burst_splitter/i_demux_supported_vs_unsupported/gen_demux.gen_ar_id_counter.i_ar_id_counter/gen_counters[24].i_in_flight_cnt/axi_rsp_o[ar_ready]_INST_0_i_32/O
                         net (fo=1, estimated)        0.465     2.264    i_kecc_aes_k_axi_top/i_axi2reg/i_axi_to_axi_lite/i_axi_burst_splitter/i_demux_supported_vs_unsupported/gen_demux.gen_ar_id_counter.i_ar_id_counter/gen_counters[26].i_in_flight_cnt/axi_rsp_o[ar_ready]_INST_0_i_5
    SLICE_X43Y146        LUT4 (Prop_lut4_I1_O)        0.105     2.369 f  i_kecc_aes_k_axi_top/i_axi2reg/i_axi_to_axi_lite/i_axi_burst_splitter/i_demux_supported_vs_unsupported/gen_demux.gen_ar_id_counter.i_ar_id_counter/gen_counters[26].i_in_flight_cnt/axi_rsp_o[ar_ready]_INST_0_i_17/O
                         net (fo=1, estimated)        0.333     2.702    i_kecc_aes_k_axi_top/i_axi2reg/i_axi_to_axi_lite/i_axi_burst_splitter/i_demux_supported_vs_unsupported/gen_demux.gen_ar_id_counter.i_ar_id_counter/gen_counters[9].i_in_flight_cnt/gen_demux.lock_ar_valid_q_reg_4
    SLICE_X42Y147        LUT6 (Prop_lut6_I4_O)        0.105     2.807 f  i_kecc_aes_k_axi_top/i_axi2reg/i_axi_to_axi_lite/i_axi_burst_splitter/i_demux_supported_vs_unsupported/gen_demux.gen_ar_id_counter.i_ar_id_counter/gen_counters[9].i_in_flight_cnt/axi_rsp_o[ar_ready]_INST_0_i_5/O
                         net (fo=6, estimated)        0.858     3.665    i_kecc_aes_k_axi_top/i_axi2reg/i_axi_to_axi_lite/i_axi_burst_splitter/i_demux_supported_vs_unsupported/gen_demux.gen_aw_id_counter.i_aw_id_counter/gen_counters[21].i_in_flight_cnt/gen_demux.lock_aw_valid_q_reg_0
    SLICE_X33Y152        LUT6 (Prop_lut6_I2_O)        0.105     3.770 r  i_kecc_aes_k_axi_top/i_axi2reg/i_axi_to_axi_lite/i_axi_burst_splitter/i_demux_supported_vs_unsupported/gen_demux.gen_aw_id_counter.i_aw_id_counter/gen_counters[21].i_in_flight_cnt/axi_rsp_o[aw_ready]_INST_0_i_4/O
                         net (fo=4, estimated)        0.229     3.999    i_kecc_aes_k_axi_top/i_axi2reg/i_axi_to_axi_lite/i_axi_burst_splitter/i_demux_supported_vs_unsupported/gen_demux.gen_aw_id_counter.i_aw_id_counter/gen_counters[3].i_in_flight_cnt/gen_demux.aw_valid1
    SLICE_X33Y152        LUT5 (Prop_lut5_I3_O)        0.105     4.104 r  i_kecc_aes_k_axi_top/i_axi2reg/i_axi_to_axi_lite/i_axi_burst_splitter/i_demux_supported_vs_unsupported/gen_demux.gen_aw_id_counter.i_aw_id_counter/gen_counters[3].i_in_flight_cnt/i__i_4__6/O
                         net (fo=21, estimated)       0.309     4.413    i_kecc_aes_k_axi_top/i_axi2reg/i_axi_burst_splitter/i_axi_burst_splitter_aw_chan/state_d0
    SLICE_X35Y153        LUT5 (Prop_lut5_I4_O)        0.105     4.518 f  i_kecc_aes_k_axi_top/i_axi2reg/i__i_3__0/O
                         net (fo=2, estimated)        0.124     4.642    i_kecc_aes_k_axi_top/i_axi2reg/i__i_3__0_n_0
    SLICE_X35Y153        LUT5 (Prop_lut5_I2_O)        0.105     4.747 f  i_kecc_aes_k_axi_top/i_axi2reg/i__i_1__2/O
                         net (fo=3, estimated)        0.385     5.132    i_kecc_aes_k_axi_top/i_axi2reg/i__i_1__2_n_0
    SLICE_X28Y153        LUT6 (Prop_lut6_I0_O)        0.105     5.237 f  i_kecc_aes_k_axi_top/i_axi2reg/i__i_2__2/O
                         net (fo=1403, estimated)     0.736     5.973    i_kecc_aes_k_axi_top/i_axi2reg/i__i_2__2_n_0
    SLICE_X27Y160        LUT5 (Prop_lut5_I3_O)        0.105     6.078 f  i_kecc_aes_k_axi_top/i_axi2reg/mem_q[0][data][63]_i_19/O
                         net (fo=4, estimated)        0.475     6.553    i_kecc_aes_k_axi_top/i_axi2reg/i_axi_lite_to_reg/i_fifo_read/reg_req_i[addr][1]
    SLICE_X27Y160        LUT3 (Prop_lut3_I0_O)        0.105     6.658 f  i_kecc_aes_k_axi_top/i_axi2reg/i_axi_lite_to_reg/i_fifo_read/q[63]_i_6/O
                         net (fo=13, estimated)       0.402     7.060    i_kecc_aes_k_axi_top/i_axi2reg/i_axi_lite_to_reg/i_fifo_read/q[63]_i_6_n_0
    SLICE_X26Y163        LUT6 (Prop_lut6_I3_O)        0.105     7.165 f  i_kecc_aes_k_axi_top/i_axi2reg/i_axi_lite_to_reg/i_fifo_read/q[63]_i_5__1/O
                         net (fo=38, estimated)       0.432     7.597    i_kecc_aes_k_axi_top/i_axi2reg/i_axi_lite_to_reg/i_fifo_read/mem_q_reg[1][4]_13
    SLICE_X23Y165        LUT2 (Prop_lut2_I1_O)        0.105     7.702 f  i_kecc_aes_k_axi_top/i_axi2reg/i_axi_lite_to_reg/i_fifo_read/q[63]_i_3__4/O
                         net (fo=71, estimated)       0.554     8.256    i_kecc_aes_k_axi_top/i_axi2reg/i_axi_lite_to_reg/i_fifo_read/mem_q_reg[1][3]_3
    SLICE_X21Y166        LUT6 (Prop_lut6_I3_O)        0.105     8.361 r  i_kecc_aes_k_axi_top/i_axi2reg/i_axi_lite_to_reg/i_fifo_read/mem_q[0][error]_i_17/O
                         net (fo=1, estimated)        0.113     8.474    i_kecc_aes_k_axi_top/i_axi2reg/i_axi_lite_to_reg/i_fifo_read/mem_q[0][error]_i_17_n_0
    SLICE_X21Y166        LUT6 (Prop_lut6_I5_O)        0.105     8.579 r  i_kecc_aes_k_axi_top/i_axi2reg/i_axi_lite_to_reg/i_fifo_read/mem_q[0][error]_i_16/O
                         net (fo=1, estimated)        0.256     8.835    i_kecc_aes_k_axi_top/i_axi2reg/i_axi_lite_to_reg/i_fifo_read/mem_q[0][error]_i_16_n_0
    SLICE_X18Y167        LUT5 (Prop_lut5_I4_O)        0.105     8.940 f  i_kecc_aes_k_axi_top/i_axi2reg/i_axi_lite_to_reg/i_fifo_read/mem_q[0][error]_i_5/O
                         net (fo=21, estimated)       0.307     9.247    i_kecc_aes_k_axi_top/i_axi2reg/i_axi_lite_to_reg/i_fifo_read/mem_q[0][error]_i_5_n_0
    SLICE_X14Y167        LUT4 (Prop_lut4_I3_O)        0.105     9.352 f  i_kecc_aes_k_axi_top/i_axi2reg/i_axi_lite_to_reg/i_fifo_read/q[63]_i_3__14/O
                         net (fo=141, estimated)      0.498     9.850    i_kecc_aes_k_axi_top/i_axi2reg/i_axi_lite_to_reg/i_fifo_read/q[63]_i_3__14_n_0
    SLICE_X8Y166         LUT5 (Prop_lut5_I3_O)        0.105     9.955 r  i_kecc_aes_k_axi_top/i_axi2reg/i_axi_lite_to_reg/i_fifo_read/q[63]_i_3__24/O
                         net (fo=65, estimated)       1.068    11.023    i_kecc_aes_k_axi_top/i_axi2reg/i_axi_lite_to_reg/i_fifo_write_req/keccak_data_23_we
    SLICE_X3Y164         LUT3 (Prop_lut3_I2_O)        0.115    11.138 r  i_kecc_aes_k_axi_top/i_axi2reg/i_axi_lite_to_reg/i_fifo_write_req/wr_en_data_arb/q[2]_i_1__2/O
                         net (fo=1, estimated)        0.351    11.489    i_kecc_aes_k_axi_top/kecc_aes_k_axi_reg_top_i/u_keccak_data_23/q_reg[63]_0[2]
    SLICE_X5Y165         FDCE                                         r  i_kecc_aes_k_axi_top/kecc_aes_k_axi_reg_top_i/u_keccak_data_23/q_reg[2]/D
  -------------------------------------------------------------------    -------------------

                         (clock clk_i rise edge)     10.000    10.000 r  
                                                      0.000    10.000 r  clk_i (IN)
                         net (fo=4780, unset)         0.748    10.748    i_kecc_aes_k_axi_top/kecc_aes_k_axi_reg_top_i/u_keccak_data_23/clk_i
    SLICE_X5Y165         FDCE                                         r  i_kecc_aes_k_axi_top/kecc_aes_k_axi_reg_top_i/u_keccak_data_23/q_reg[2]/C
                         clock pessimism              0.000    10.748    
                         clock uncertainty           -0.035    10.712    
    SLICE_X5Y165         FDCE (Setup_fdce_C_D)       -0.235    10.477    i_kecc_aes_k_axi_top/kecc_aes_k_axi_reg_top_i/u_keccak_data_23/q_reg[2]
  -------------------------------------------------------------------
                         required time                         10.477    
                         arrival time                         -11.489    
  -------------------------------------------------------------------
                         slack                                 -1.012    

Slack (VIOLATED) :        -1.012ns  (required time - arrival time)
  Source:                 i_kecc_aes_k_axi_top/i_axi2reg/i_axi_to_axi_lite/i_axi_burst_splitter/i_demux_supported_vs_unsupported/gen_demux.gen_ar_id_counter.i_ar_id_counter/gen_counters[24].i_in_flight_cnt/counter_q_reg[0]/C
                            (rising edge-triggered cell FDCE clocked by clk_i  {rise@0.000ns fall@5.000ns period=10.000ns})
  Destination:            i_kecc_aes_k_axi_top/kecc_aes_k_axi_reg_top_i/u_keccak_data_23/q_reg[2]/D
                            (rising edge-triggered cell FDCE clocked by clk_i  {rise@0.000ns fall@5.000ns period=10.000ns})
  Path Group:             clk_i
  Path Type:              Setup (Max at Slow Process Corner)
  Requirement:            10.000ns  (clk_i rise@10.000ns - clk_i rise@0.000ns)
  Data Path Delay:        10.702ns  (logic 2.279ns (21.295%)  route 8.423ns (78.705%))
  Logic Levels:           18  (LUT2=1 LUT3=2 LUT4=3 LUT5=6 LUT6=6)
  Clock Path Skew:        -0.039ns (DCD - SCD + CPR)
    Destination Clock Delay (DCD):    0.748ns = ( 10.748 - 10.000 ) 
    Source Clock Delay      (SCD):    0.787ns
    Clock Pessimism Removal (CPR):    0.000ns
  Clock Uncertainty:      0.035ns  ((TSJ^2 + TIJ^2)^1/2 + DJ) / 2 + PE
    Total System Jitter     (TSJ):    0.071ns
    Total Input Jitter      (TIJ):    0.000ns
    Discrete Jitter          (DJ):    0.000ns
    Phase Error              (PE):    0.000ns

    Location             Delay type                Incr(ns)  Path(ns)    Netlist Resource(s)
  -------------------------------------------------------------------    -------------------
                         (clock clk_i rise edge)      0.000     0.000 r  
                                                      0.000     0.000 r  clk_i (IN)
                         net (fo=4780, unset)         0.787     0.787    i_kecc_aes_k_axi_top/i_axi2reg/i_axi_to_axi_lite/i_axi_burst_splitter/i_demux_supported_vs_unsupported/gen_demux.gen_ar_id_counter.i_ar_id_counter/gen_counters[24].i_in_flight_cnt/clk_i
    SLICE_X47Y145        FDCE                                         r  i_kecc_aes_k_axi_top/i_axi2reg/i_axi_to_axi_lite/i_axi_burst_splitter/i_demux_supported_vs_unsupported/gen_demux.gen_ar_id_counter.i_ar_id_counter/gen_counters[24].i_in_flight_cnt/counter_q_reg[0]/C
  -------------------------------------------------------------------    -------------------
    SLICE_X47Y145        FDCE (Prop_fdce_C_Q)         0.379     1.166 r  i_kecc_aes_k_axi_top/i_axi2reg/i_axi_to_axi_lite/i_axi_burst_splitter/i_demux_supported_vs_unsupported/gen_demux.gen_ar_id_counter.i_ar_id_counter/gen_counters[24].i_in_flight_cnt/counter_q_reg[0]/Q
                         net (fo=4, estimated)        0.528     1.694    i_kecc_aes_k_axi_top/i_axi2reg/i_axi_to_axi_lite/i_axi_burst_splitter/i_demux_supported_vs_unsupported/gen_demux.gen_ar_id_counter.i_ar_id_counter/gen_counters[24].i_in_flight_cnt/counter_q_reg[0]_0
    SLICE_X47Y146        LUT4 (Prop_lut4_I0_O)        0.105     1.799 r  i_kecc_aes_k_axi_top/i_axi2reg/i_axi_to_axi_lite/i_axi_burst_splitter/i_demux_supported_vs_unsupported/gen_demux.gen_ar_id_counter.i_ar_id_counter/gen_counters[24].i_in_flight_cnt/axi_rsp_o[ar_ready]_INST_0_i_32/O
                         net (fo=1, estimated)        0.465     2.264    i_kecc_aes_k_axi_top/i_axi2reg/i_axi_to_axi_lite/i_axi_burst_splitter/i_demux_supported_vs_unsupported/gen_demux.gen_ar_id_counter.i_ar_id_counter/gen_counters[26].i_in_flight_cnt/axi_rsp_o[ar_ready]_INST_0_i_5
    SLICE_X43Y146        LUT4 (Prop_lut4_I1_O)        0.105     2.369 r  i_kecc_aes_k_axi_top/i_axi2reg/i_axi_to_axi_lite/i_axi_burst_splitter/i_demux_supported_vs_unsupported/gen_demux.gen_ar_id_counter.i_ar_id_counter/gen_counters[26].i_in_flight_cnt/axi_rsp_o[ar_ready]_INST_0_i_17/O
                         net (fo=1, estimated)        0.333     2.702    i_kecc_aes_k_axi_top/i_axi2reg/i_axi_to_axi_lite/i_axi_burst_splitter/i_demux_supported_vs_unsupported/gen_demux.gen_ar_id_counter.i_ar_id_counter/gen_counters[9].i_in_flight_cnt/gen_demux.lock_ar_valid_q_reg_4
    SLICE_X42Y147        LUT6 (Prop_lut6_I4_O)        0.105     2.807 r  i_kecc_aes_k_axi_top/i_axi2reg/i_axi_to_axi_lite/i_axi_burst_splitter/i_demux_supported_vs_unsupported/gen_demux.gen_ar_id_counter.i_ar_id_counter/gen_counters[9].i_in_flight_cnt/axi_rsp_o[ar_ready]_INST_0_i_5/O
                         net (fo=6, estimated)        0.858     3.665    i_kecc_aes_k_axi_top/i_axi2reg/i_axi_to_axi_lite/i_axi_burst_splitter/i_demux_supported_vs_unsupported/gen_demux.gen_aw_id_counter.i_aw_id_counter/gen_counters[21].i_in_flight_cnt/gen_demux.lock_aw_valid_q_reg_0
    SLICE_X33Y152        LUT6 (Prop_lut6_I2_O)        0.105     3.770 f  i_kecc_aes_k_axi_top/i_axi2reg/i_axi_to_axi_lite/i_axi_burst_splitter/i_demux_supported_vs_unsupported/gen_demux.gen_aw_id_counter.i_aw_id_counter/gen_counters[21].i_in_flight_cnt/axi_rsp_o[aw_ready]_INST_0_i_4/O
                         net (fo=4, estimated)        0.229     3.999    i_kecc_aes_k_axi_top/i_axi2reg/i_axi_to_axi_lite/i_axi_burst_splitter/i_demux_supported_vs_unsupported/gen_demux.gen_aw_id_counter.i_aw_id_counter/gen_counters[3].i_in_flight_cnt/gen_demux.aw_valid1
    SLICE_X33Y152        LUT5 (Prop_lut5_I3_O)        0.105     4.104 f  i_kecc_aes_k_axi_top/i_axi2reg/i_axi_to_axi_lite/i_axi_burst_splitter/i_demux_supported_vs_unsupported/gen_demux.gen_aw_id_counter.i_aw_id_counter/gen_counters[3].i_in_flight_cnt/i__i_4__6/O
                         net (fo=21, estimated)       0.309     4.413    i_kecc_aes_k_axi_top/i_axi2reg/i_axi_burst_splitter/i_axi_burst_splitter_aw_chan/state_d0
    SLICE_X35Y153        LUT5 (Prop_lut5_I4_O)        0.105     4.518 r  i_kecc_aes_k_axi_top/i_axi2reg/i__i_3__0/O
                         net (fo=2, estimated)        0.124     4.642    i_kecc_aes_k_axi_top/i_axi2reg/i__i_3__0_n_0
    SLICE_X35Y153        LUT5 (Prop_lut5_I2_O)        0.105     4.747 r  i_kecc_aes_k_axi_top/i_axi2reg/i__i_1__2/O
                         net (fo=3, estimated)        0.385     5.132    i_kecc_aes_k_axi_top/i_axi2reg/i__i_1__2_n_0
    SLICE_X28Y153        LUT6 (Prop_lut6_I0_O)        0.105     5.237 r  i_kecc_aes_k_axi_top/i_axi2reg/i__i_2__2/O
                         net (fo=1403, estimated)     0.736     5.973    i_kecc_aes_k_axi_top/i_axi2reg/i__i_2__2_n_0
    SLICE_X27Y160        LUT5 (Prop_lut5_I3_O)        0.105     6.078 r  i_kecc_aes_k_axi_top/i_axi2reg/mem_q[0][data][63]_i_19/O
                         net (fo=4, estimated)        0.475     6.553    i_kecc_aes_k_axi_top/i_axi2reg/i_axi_lite_to_reg/i_fifo_read/reg_req_i[addr][1]
    SLICE_X27Y160        LUT3 (Prop_lut3_I0_O)        0.105     6.658 r  i_kecc_aes_k_axi_top/i_axi2reg/i_axi_lite_to_reg/i_fifo_read/q[63]_i_6/O
                         net (fo=13, estimated)       0.402     7.060    i_kecc_aes_k_axi_top/i_axi2reg/i_axi_lite_to_reg/i_fifo_read/q[63]_i_6_n_0
    SLICE_X26Y163        LUT6 (Prop_lut6_I3_O)        0.105     7.165 r  i_kecc_aes_k_axi_top/i_axi2reg/i_axi_lite_to_reg/i_fifo_read/q[63]_i_5__1/O
                         net (fo=38, estimated)       0.432     7.597    i_kecc_aes_k_axi_top/i_axi2reg/i_axi_lite_to_reg/i_fifo_read/mem_q_reg[1][4]_13
    SLICE_X23Y165        LUT2 (Prop_lut2_I1_O)        0.105     7.702 r  i_kecc_aes_k_axi_top/i_axi2reg/i_axi_lite_to_reg/i_fifo_read/q[63]_i_3__4/O
                         net (fo=71, estimated)       0.554     8.256    i_kecc_aes_k_axi_top/i_axi2reg/i_axi_lite_to_reg/i_fifo_read/mem_q_reg[1][3]_3
    SLICE_X21Y166        LUT6 (Prop_lut6_I3_O)        0.105     8.361 f  i_kecc_aes_k_axi_top/i_axi2reg/i_axi_lite_to_reg/i_fifo_read/mem_q[0][error]_i_17/O
                         net (fo=1, estimated)        0.113     8.474    i_kecc_aes_k_axi_top/i_axi2reg/i_axi_lite_to_reg/i_fifo_read/mem_q[0][error]_i_17_n_0
    SLICE_X21Y166        LUT6 (Prop_lut6_I5_O)        0.105     8.579 f  i_kecc_aes_k_axi_top/i_axi2reg/i_axi_lite_to_reg/i_fifo_read/mem_q[0][error]_i_16/O
                         net (fo=1, estimated)        0.256     8.835    i_kecc_aes_k_axi_top/i_axi2reg/i_axi_lite_to_reg/i_fifo_read/mem_q[0][error]_i_16_n_0
    SLICE_X18Y167        LUT5 (Prop_lut5_I4_O)        0.105     8.940 r  i_kecc_aes_k_axi_top/i_axi2reg/i_axi_lite_to_reg/i_fifo_read/mem_q[0][error]_i_5/O
                         net (fo=21, estimated)       0.307     9.247    i_kecc_aes_k_axi_top/i_axi2reg/i_axi_lite_to_reg/i_fifo_read/mem_q[0][error]_i_5_n_0
    SLICE_X14Y167        LUT4 (Prop_lut4_I3_O)        0.105     9.352 r  i_kecc_aes_k_axi_top/i_axi2reg/i_axi_lite_to_reg/i_fifo_read/q[63]_i_3__14/O
                         net (fo=141, estimated)      0.498     9.850    i_kecc_aes_k_axi_top/i_axi2reg/i_axi_lite_to_reg/i_fifo_read/q[63]_i_3__14_n_0
    SLICE_X8Y166         LUT5 (Prop_lut5_I3_O)        0.105     9.955 f  i_kecc_aes_k_axi_top/i_axi2reg/i_axi_lite_to_reg/i_fifo_read/q[63]_i_3__24/O
                         net (fo=65, estimated)       1.068    11.023    i_kecc_aes_k_axi_top/i_axi2reg/i_axi_lite_to_reg/i_fifo_write_req/keccak_data_23_we
    SLICE_X3Y164         LUT3 (Prop_lut3_I2_O)        0.115    11.138 r  i_kecc_aes_k_axi_top/i_axi2reg/i_axi_lite_to_reg/i_fifo_write_req/wr_en_data_arb/q[2]_i_1__2/O
                         net (fo=1, estimated)        0.351    11.489    i_kecc_aes_k_axi_top/kecc_aes_k_axi_reg_top_i/u_keccak_data_23/q_reg[63]_0[2]
    SLICE_X5Y165         FDCE                                         r  i_kecc_aes_k_axi_top/kecc_aes_k_axi_reg_top_i/u_keccak_data_23/q_reg[2]/D
  -------------------------------------------------------------------    -------------------

                         (clock clk_i rise edge)     10.000    10.000 r  
                                                      0.000    10.000 r  clk_i (IN)
                         net (fo=4780, unset)         0.748    10.748    i_kecc_aes_k_axi_top/kecc_aes_k_axi_reg_top_i/u_keccak_data_23/clk_i
    SLICE_X5Y165         FDCE                                         r  i_kecc_aes_k_axi_top/kecc_aes_k_axi_reg_top_i/u_keccak_data_23/q_reg[2]/C
                         clock pessimism              0.000    10.748    
                         clock uncertainty           -0.035    10.712    
    SLICE_X5Y165         FDCE (Setup_fdce_C_D)       -0.235    10.477    i_kecc_aes_k_axi_top/kecc_aes_k_axi_reg_top_i/u_keccak_data_23/q_reg[2]
  -------------------------------------------------------------------
                         required time                         10.477    
                         arrival time                         -11.489    
  -------------------------------------------------------------------
                         slack                                 -1.012    

Slack (VIOLATED) :        -1.012ns  (required time - arrival time)
  Source:                 i_kecc_aes_k_axi_top/i_axi2reg/i_axi_to_axi_lite/i_axi_burst_splitter/i_demux_supported_vs_unsupported/gen_demux.gen_ar_id_counter.i_ar_id_counter/gen_counters[24].i_in_flight_cnt/counter_q_reg[0]/C
                            (rising edge-triggered cell FDCE clocked by clk_i  {rise@0.000ns fall@5.000ns period=10.000ns})
  Destination:            i_kecc_aes_k_axi_top/kecc_aes_k_axi_reg_top_i/u_keccak_data_23/q_reg[2]/D
                            (rising edge-triggered cell FDCE clocked by clk_i  {rise@0.000ns fall@5.000ns period=10.000ns})
  Path Group:             clk_i
  Path Type:              Setup (Max at Slow Process Corner)
  Requirement:            10.000ns  (clk_i rise@10.000ns - clk_i rise@0.000ns)
  Data Path Delay:        10.702ns  (logic 2.279ns (21.295%)  route 8.423ns (78.705%))
  Logic Levels:           18  (LUT2=1 LUT3=2 LUT4=3 LUT5=6 LUT6=6)
  Clock Path Skew:        -0.039ns (DCD - SCD + CPR)
    Destination Clock Delay (DCD):    0.748ns = ( 10.748 - 10.000 ) 
    Source Clock Delay      (SCD):    0.787ns
    Clock Pessimism Removal (CPR):    0.000ns
  Clock Uncertainty:      0.035ns  ((TSJ^2 + TIJ^2)^1/2 + DJ) / 2 + PE
    Total System Jitter     (TSJ):    0.071ns
    Total Input Jitter      (TIJ):    0.000ns
    Discrete Jitter          (DJ):    0.000ns
    Phase Error              (PE):    0.000ns

    Location             Delay type                Incr(ns)  Path(ns)    Netlist Resource(s)
  -------------------------------------------------------------------    -------------------
                         (clock clk_i rise edge)      0.000     0.000 r  
                                                      0.000     0.000 r  clk_i (IN)
                         net (fo=4780, unset)         0.787     0.787    i_kecc_aes_k_axi_top/i_axi2reg/i_axi_to_axi_lite/i_axi_burst_splitter/i_demux_supported_vs_unsupported/gen_demux.gen_ar_id_counter.i_ar_id_counter/gen_counters[24].i_in_flight_cnt/clk_i
    SLICE_X47Y145        FDCE                                         r  i_kecc_aes_k_axi_top/i_axi2reg/i_axi_to_axi_lite/i_axi_burst_splitter/i_demux_supported_vs_unsupported/gen_demux.gen_ar_id_counter.i_ar_id_counter/gen_counters[24].i_in_flight_cnt/counter_q_reg[0]/C
  -------------------------------------------------------------------    -------------------
    SLICE_X47Y145        FDCE (Prop_fdce_C_Q)         0.379     1.166 f  i_kecc_aes_k_axi_top/i_axi2reg/i_axi_to_axi_lite/i_axi_burst_splitter/i_demux_supported_vs_unsupported/gen_demux.gen_ar_id_counter.i_ar_id_counter/gen_counters[24].i_in_flight_cnt/counter_q_reg[0]/Q
                         net (fo=4, estimated)        0.528     1.694    i_kecc_aes_k_axi_top/i_axi2reg/i_axi_to_axi_lite/i_axi_burst_splitter/i_demux_supported_vs_unsupported/gen_demux.gen_ar_id_counter.i_ar_id_counter/gen_counters[24].i_in_flight_cnt/counter_q_reg[0]_0
    SLICE_X47Y146        LUT4 (Prop_lut4_I0_O)        0.105     1.799 f  i_kecc_aes_k_axi_top/i_axi2reg/i_axi_to_axi_lite/i_axi_burst_splitter/i_demux_supported_vs_unsupported/gen_demux.gen_ar_id_counter.i_ar_id_counter/gen_counters[24].i_in_flight_cnt/axi_rsp_o[ar_ready]_INST_0_i_32/O
                         net (fo=1, estimated)        0.465     2.264    i_kecc_aes_k_axi_top/i_axi2reg/i_axi_to_axi_lite/i_axi_burst_splitter/i_demux_supported_vs_unsupported/gen_demux.gen_ar_id_counter.i_ar_id_counter/gen_counters[26].i_in_flight_cnt/axi_rsp_o[ar_ready]_INST_0_i_5
    SLICE_X43Y146        LUT4 (Prop_lut4_I1_O)        0.105     2.369 f  i_kecc_aes_k_axi_top/i_axi2reg/i_axi_to_axi_lite/i_axi_burst_splitter/i_demux_supported_vs_unsupported/gen_demux.gen_ar_id_counter.i_ar_id_counter/gen_counters[26].i_in_flight_cnt/axi_rsp_o[ar_ready]_INST_0_i_17/O
                         net (fo=1, estimated)        0.333     2.702    i_kecc_aes_k_axi_top/i_axi2reg/i_axi_to_axi_lite/i_axi_burst_splitter/i_demux_supported_vs_unsupported/gen_demux.gen_ar_id_counter.i_ar_id_counter/gen_counters[9].i_in_flight_cnt/gen_demux.lock_ar_valid_q_reg_4
    SLICE_X42Y147        LUT6 (Prop_lut6_I4_O)        0.105     2.807 f  i_kecc_aes_k_axi_top/i_axi2reg/i_axi_to_axi_lite/i_axi_burst_splitter/i_demux_supported_vs_unsupported/gen_demux.gen_ar_id_counter.i_ar_id_counter/gen_counters[9].i_in_flight_cnt/axi_rsp_o[ar_ready]_INST_0_i_5/O
                         net (fo=6, estimated)        0.858     3.665    i_kecc_aes_k_axi_top/i_axi2reg/i_axi_to_axi_lite/i_axi_burst_splitter/i_demux_supported_vs_unsupported/gen_demux.gen_aw_id_counter.i_aw_id_counter/gen_counters[21].i_in_flight_cnt/gen_demux.lock_aw_valid_q_reg_0
    SLICE_X33Y152        LUT6 (Prop_lut6_I2_O)        0.105     3.770 r  i_kecc_aes_k_axi_top/i_axi2reg/i_axi_to_axi_lite/i_axi_burst_splitter/i_demux_supported_vs_unsupported/gen_demux.gen_aw_id_counter.i_aw_id_counter/gen_counters[21].i_in_flight_cnt/axi_rsp_o[aw_ready]_INST_0_i_4/O
                         net (fo=4, estimated)        0.229     3.999    i_kecc_aes_k_axi_top/i_axi2reg/i_axi_to_axi_lite/i_axi_burst_splitter/i_demux_supported_vs_unsupported/gen_demux.gen_aw_id_counter.i_aw_id_counter/gen_counters[3].i_in_flight_cnt/gen_demux.aw_valid1
    SLICE_X33Y152        LUT5 (Prop_lut5_I3_O)        0.105     4.104 r  i_kecc_aes_k_axi_top/i_axi2reg/i_axi_to_axi_lite/i_axi_burst_splitter/i_demux_supported_vs_unsupported/gen_demux.gen_aw_id_counter.i_aw_id_counter/gen_counters[3].i_in_flight_cnt/i__i_4__6/O
                         net (fo=21, estimated)       0.309     4.413    i_kecc_aes_k_axi_top/i_axi2reg/i_axi_burst_splitter/i_axi_burst_splitter_aw_chan/state_d0
    SLICE_X35Y153        LUT5 (Prop_lut5_I4_O)        0.105     4.518 f  i_kecc_aes_k_axi_top/i_axi2reg/i__i_3__0/O
                         net (fo=2, estimated)        0.124     4.642    i_kecc_aes_k_axi_top/i_axi2reg/i__i_3__0_n_0
    SLICE_X35Y153        LUT5 (Prop_lut5_I2_O)        0.105     4.747 f  i_kecc_aes_k_axi_top/i_axi2reg/i__i_1__2/O
                         net (fo=3, estimated)        0.385     5.132    i_kecc_aes_k_axi_top/i_axi2reg/i__i_1__2_n_0
    SLICE_X28Y153        LUT6 (Prop_lut6_I0_O)        0.105     5.237 f  i_kecc_aes_k_axi_top/i_axi2reg/i__i_2__2/O
                         net (fo=1403, estimated)     0.736     5.973    i_kecc_aes_k_axi_top/i_axi2reg/i__i_2__2_n_0
    SLICE_X27Y160        LUT5 (Prop_lut5_I3_O)        0.105     6.078 r  i_kecc_aes_k_axi_top/i_axi2reg/mem_q[0][data][63]_i_19/O
                         net (fo=4, estimated)        0.475     6.553    i_kecc_aes_k_axi_top/i_axi2reg/i_axi_lite_to_reg/i_fifo_read/reg_req_i[addr][1]
    SLICE_X27Y160        LUT3 (Prop_lut3_I0_O)        0.105     6.658 r  i_kecc_aes_k_axi_top/i_axi2reg/i_axi_lite_to_reg/i_fifo_read/q[63]_i_6/O
                         net (fo=13, estimated)       0.402     7.060    i_kecc_aes_k_axi_top/i_axi2reg/i_axi_lite_to_reg/i_fifo_read/q[63]_i_6_n_0
    SLICE_X26Y163        LUT6 (Prop_lut6_I3_O)        0.105     7.165 r  i_kecc_aes_k_axi_top/i_axi2reg/i_axi_lite_to_reg/i_fifo_read/q[63]_i_5__1/O
                         net (fo=38, estimated)       0.432     7.597    i_kecc_aes_k_axi_top/i_axi2reg/i_axi_lite_to_reg/i_fifo_read/mem_q_reg[1][4]_13
    SLICE_X23Y165        LUT2 (Prop_lut2_I1_O)        0.105     7.702 r  i_kecc_aes_k_axi_top/i_axi2reg/i_axi_lite_to_reg/i_fifo_read/q[63]_i_3__4/O
                         net (fo=71, estimated)       0.554     8.256    i_kecc_aes_k_axi_top/i_axi2reg/i_axi_lite_to_reg/i_fifo_read/mem_q_reg[1][3]_3
    SLICE_X21Y166        LUT6 (Prop_lut6_I3_O)        0.105     8.361 f  i_kecc_aes_k_axi_top/i_axi2reg/i_axi_lite_to_reg/i_fifo_read/mem_q[0][error]_i_17/O
                         net (fo=1, estimated)        0.113     8.474    i_kecc_aes_k_axi_top/i_axi2reg/i_axi_lite_to_reg/i_fifo_read/mem_q[0][error]_i_17_n_0
    SLICE_X21Y166        LUT6 (Prop_lut6_I5_O)        0.105     8.579 f  i_kecc_aes_k_axi_top/i_axi2reg/i_axi_lite_to_reg/i_fifo_read/mem_q[0][error]_i_16/O
                         net (fo=1, estimated)        0.256     8.835    i_kecc_aes_k_axi_top/i_axi2reg/i_axi_lite_to_reg/i_fifo_read/mem_q[0][error]_i_16_n_0
    SLICE_X18Y167        LUT5 (Prop_lut5_I4_O)        0.105     8.940 r  i_kecc_aes_k_axi_top/i_axi2reg/i_axi_lite_to_reg/i_fifo_read/mem_q[0][error]_i_5/O
                         net (fo=21, estimated)       0.307     9.247    i_kecc_aes_k_axi_top/i_axi2reg/i_axi_lite_to_reg/i_fifo_read/mem_q[0][error]_i_5_n_0
    SLICE_X14Y167        LUT4 (Prop_lut4_I3_O)        0.105     9.352 r  i_kecc_aes_k_axi_top/i_axi2reg/i_axi_lite_to_reg/i_fifo_read/q[63]_i_3__14/O
                         net (fo=141, estimated)      0.498     9.850    i_kecc_aes_k_axi_top/i_axi2reg/i_axi_lite_to_reg/i_fifo_read/q[63]_i_3__14_n_0
    SLICE_X8Y166         LUT5 (Prop_lut5_I3_O)        0.105     9.955 f  i_kecc_aes_k_axi_top/i_axi2reg/i_axi_lite_to_reg/i_fifo_read/q[63]_i_3__24/O
                         net (fo=65, estimated)       1.068    11.023    i_kecc_aes_k_axi_top/i_axi2reg/i_axi_lite_to_reg/i_fifo_write_req/keccak_data_23_we
    SLICE_X3Y164         LUT3 (Prop_lut3_I2_O)        0.115    11.138 r  i_kecc_aes_k_axi_top/i_axi2reg/i_axi_lite_to_reg/i_fifo_write_req/wr_en_data_arb/q[2]_i_1__2/O
                         net (fo=1, estimated)        0.351    11.489    i_kecc_aes_k_axi_top/kecc_aes_k_axi_reg_top_i/u_keccak_data_23/q_reg[63]_0[2]
    SLICE_X5Y165         FDCE                                         r  i_kecc_aes_k_axi_top/kecc_aes_k_axi_reg_top_i/u_keccak_data_23/q_reg[2]/D
  -------------------------------------------------------------------    -------------------

                         (clock clk_i rise edge)     10.000    10.000 r  
                                                      0.000    10.000 r  clk_i (IN)
                         net (fo=4780, unset)         0.748    10.748    i_kecc_aes_k_axi_top/kecc_aes_k_axi_reg_top_i/u_keccak_data_23/clk_i
    SLICE_X5Y165         FDCE                                         r  i_kecc_aes_k_axi_top/kecc_aes_k_axi_reg_top_i/u_keccak_data_23/q_reg[2]/C
                         clock pessimism              0.000    10.748    
                         clock uncertainty           -0.035    10.712    
    SLICE_X5Y165         FDCE (Setup_fdce_C_D)       -0.235    10.477    i_kecc_aes_k_axi_top/kecc_aes_k_axi_reg_top_i/u_keccak_data_23/q_reg[2]
  -------------------------------------------------------------------
                         required time                         10.477    
                         arrival time                         -11.489    
  -------------------------------------------------------------------
                         slack                                 -1.012    

Slack (VIOLATED) :        -1.012ns  (required time - arrival time)
  Source:                 i_kecc_aes_k_axi_top/i_axi2reg/i_axi_to_axi_lite/i_axi_burst_splitter/i_demux_supported_vs_unsupported/gen_demux.gen_ar_id_counter.i_ar_id_counter/gen_counters[24].i_in_flight_cnt/counter_q_reg[0]/C
                            (rising edge-triggered cell FDCE clocked by clk_i  {rise@0.000ns fall@5.000ns period=10.000ns})
  Destination:            i_kecc_aes_k_axi_top/kecc_aes_k_axi_reg_top_i/u_keccak_data_23/q_reg[2]/D
                            (rising edge-triggered cell FDCE clocked by clk_i  {rise@0.000ns fall@5.000ns period=10.000ns})
  Path Group:             clk_i
  Path Type:              Setup (Max at Slow Process Corner)
  Requirement:            10.000ns  (clk_i rise@10.000ns - clk_i rise@0.000ns)
  Data Path Delay:        10.702ns  (logic 2.279ns (21.295%)  route 8.423ns (78.705%))
  Logic Levels:           18  (LUT2=1 LUT3=2 LUT4=3 LUT5=6 LUT6=6)
  Clock Path Skew:        -0.039ns (DCD - SCD + CPR)
    Destination Clock Delay (DCD):    0.748ns = ( 10.748 - 10.000 ) 
    Source Clock Delay      (SCD):    0.787ns
    Clock Pessimism Removal (CPR):    0.000ns
  Clock Uncertainty:      0.035ns  ((TSJ^2 + TIJ^2)^1/2 + DJ) / 2 + PE
    Total System Jitter     (TSJ):    0.071ns
    Total Input Jitter      (TIJ):    0.000ns
    Discrete Jitter          (DJ):    0.000ns
    Phase Error              (PE):    0.000ns

    Location             Delay type                Incr(ns)  Path(ns)    Netlist Resource(s)
  -------------------------------------------------------------------    -------------------
                         (clock clk_i rise edge)      0.000     0.000 r  
                                                      0.000     0.000 r  clk_i (IN)
                         net (fo=4780, unset)         0.787     0.787    i_kecc_aes_k_axi_top/i_axi2reg/i_axi_to_axi_lite/i_axi_burst_splitter/i_demux_supported_vs_unsupported/gen_demux.gen_ar_id_counter.i_ar_id_counter/gen_counters[24].i_in_flight_cnt/clk_i
    SLICE_X47Y145        FDCE                                         r  i_kecc_aes_k_axi_top/i_axi2reg/i_axi_to_axi_lite/i_axi_burst_splitter/i_demux_supported_vs_unsupported/gen_demux.gen_ar_id_counter.i_ar_id_counter/gen_counters[24].i_in_flight_cnt/counter_q_reg[0]/C
  -------------------------------------------------------------------    -------------------
    SLICE_X47Y145        FDCE (Prop_fdce_C_Q)         0.379     1.166 r  i_kecc_aes_k_axi_top/i_axi2reg/i_axi_to_axi_lite/i_axi_burst_splitter/i_demux_supported_vs_unsupported/gen_demux.gen_ar_id_counter.i_ar_id_counter/gen_counters[24].i_in_flight_cnt/counter_q_reg[0]/Q
                         net (fo=4, estimated)        0.528     1.694    i_kecc_aes_k_axi_top/i_axi2reg/i_axi_to_axi_lite/i_axi_burst_splitter/i_demux_supported_vs_unsupported/gen_demux.gen_ar_id_counter.i_ar_id_counter/gen_counters[24].i_in_flight_cnt/counter_q_reg[0]_0
    SLICE_X47Y146        LUT4 (Prop_lut4_I0_O)        0.105     1.799 r  i_kecc_aes_k_axi_top/i_axi2reg/i_axi_to_axi_lite/i_axi_burst_splitter/i_demux_supported_vs_unsupported/gen_demux.gen_ar_id_counter.i_ar_id_counter/gen_counters[24].i_in_flight_cnt/axi_rsp_o[ar_ready]_INST_0_i_32/O
                         net (fo=1, estimated)        0.465     2.264    i_kecc_aes_k_axi_top/i_axi2reg/i_axi_to_axi_lite/i_axi_burst_splitter/i_demux_supported_vs_unsupported/gen_demux.gen_ar_id_counter.i_ar_id_counter/gen_counters[26].i_in_flight_cnt/axi_rsp_o[ar_ready]_INST_0_i_5
    SLICE_X43Y146        LUT4 (Prop_lut4_I1_O)        0.105     2.369 r  i_kecc_aes_k_axi_top/i_axi2reg/i_axi_to_axi_lite/i_axi_burst_splitter/i_demux_supported_vs_unsupported/gen_demux.gen_ar_id_counter.i_ar_id_counter/gen_counters[26].i_in_flight_cnt/axi_rsp_o[ar_ready]_INST_0_i_17/O
                         net (fo=1, estimated)        0.333     2.702    i_kecc_aes_k_axi_top/i_axi2reg/i_axi_to_axi_lite/i_axi_burst_splitter/i_demux_supported_vs_unsupported/gen_demux.gen_ar_id_counter.i_ar_id_counter/gen_counters[9].i_in_flight_cnt/gen_demux.lock_ar_valid_q_reg_4
    SLICE_X42Y147        LUT6 (Prop_lut6_I4_O)        0.105     2.807 r  i_kecc_aes_k_axi_top/i_axi2reg/i_axi_to_axi_lite/i_axi_burst_splitter/i_demux_supported_vs_unsupported/gen_demux.gen_ar_id_counter.i_ar_id_counter/gen_counters[9].i_in_flight_cnt/axi_rsp_o[ar_ready]_INST_0_i_5/O
                         net (fo=6, estimated)        0.858     3.665    i_kecc_aes_k_axi_top/i_axi2reg/i_axi_to_axi_lite/i_axi_burst_splitter/i_demux_supported_vs_unsupported/gen_demux.gen_aw_id_counter.i_aw_id_counter/gen_counters[21].i_in_flight_cnt/gen_demux.lock_aw_valid_q_reg_0
    SLICE_X33Y152        LUT6 (Prop_lut6_I2_O)        0.105     3.770 f  i_kecc_aes_k_axi_top/i_axi2reg/i_axi_to_axi_lite/i_axi_burst_splitter/i_demux_supported_vs_unsupported/gen_demux.gen_aw_id_counter.i_aw_id_counter/gen_counters[21].i_in_flight_cnt/axi_rsp_o[aw_ready]_INST_0_i_4/O
                         net (fo=4, estimated)        0.229     3.999    i_kecc_aes_k_axi_top/i_axi2reg/i_axi_to_axi_lite/i_axi_burst_splitter/i_demux_supported_vs_unsupported/gen_demux.gen_aw_id_counter.i_aw_id_counter/gen_counters[3].i_in_flight_cnt/gen_demux.aw_valid1
    SLICE_X33Y152        LUT5 (Prop_lut5_I3_O)        0.105     4.104 f  i_kecc_aes_k_axi_top/i_axi2reg/i_axi_to_axi_lite/i_axi_burst_splitter/i_demux_supported_vs_unsupported/gen_demux.gen_aw_id_counter.i_aw_id_counter/gen_counters[3].i_in_flight_cnt/i__i_4__6/O
                         net (fo=21, estimated)       0.309     4.413    i_kecc_aes_k_axi_top/i_axi2reg/i_axi_burst_splitter/i_axi_burst_splitter_aw_chan/state_d0
    SLICE_X35Y153        LUT5 (Prop_lut5_I4_O)        0.105     4.518 r  i_kecc_aes_k_axi_top/i_axi2reg/i__i_3__0/O
                         net (fo=2, estimated)        0.124     4.642    i_kecc_aes_k_axi_top/i_axi2reg/i__i_3__0_n_0
    SLICE_X35Y153        LUT5 (Prop_lut5_I2_O)        0.105     4.747 r  i_kecc_aes_k_axi_top/i_axi2reg/i__i_1__2/O
                         net (fo=3, estimated)        0.385     5.132    i_kecc_aes_k_axi_top/i_axi2reg/i__i_1__2_n_0
    SLICE_X28Y153        LUT6 (Prop_lut6_I0_O)        0.105     5.237 r  i_kecc_aes_k_axi_top/i_axi2reg/i__i_2__2/O
                         net (fo=1403, estimated)     0.736     5.973    i_kecc_aes_k_axi_top/i_axi2reg/i__i_2__2_n_0
    SLICE_X27Y160        LUT5 (Prop_lut5_I3_O)        0.105     6.078 f  i_kecc_aes_k_axi_top/i_axi2reg/mem_q[0][data][63]_i_19/O
                         net (fo=4, estimated)        0.475     6.553    i_kecc_aes_k_axi_top/i_axi2reg/i_axi_lite_to_reg/i_fifo_read/reg_req_i[addr][1]
    SLICE_X27Y160        LUT3 (Prop_lut3_I0_O)        0.105     6.658 f  i_kecc_aes_k_axi_top/i_axi2reg/i_axi_lite_to_reg/i_fifo_read/q[63]_i_6/O
                         net (fo=13, estimated)       0.402     7.060    i_kecc_aes_k_axi_top/i_axi2reg/i_axi_lite_to_reg/i_fifo_read/q[63]_i_6_n_0
    SLICE_X26Y163        LUT6 (Prop_lut6_I3_O)        0.105     7.165 f  i_kecc_aes_k_axi_top/i_axi2reg/i_axi_lite_to_reg/i_fifo_read/q[63]_i_5__1/O
                         net (fo=38, estimated)       0.432     7.597    i_kecc_aes_k_axi_top/i_axi2reg/i_axi_lite_to_reg/i_fifo_read/mem_q_reg[1][4]_13
    SLICE_X23Y165        LUT2 (Prop_lut2_I1_O)        0.105     7.702 f  i_kecc_aes_k_axi_top/i_axi2reg/i_axi_lite_to_reg/i_fifo_read/q[63]_i_3__4/O
                         net (fo=71, estimated)       0.554     8.256    i_kecc_aes_k_axi_top/i_axi2reg/i_axi_lite_to_reg/i_fifo_read/mem_q_reg[1][3]_3
    SLICE_X21Y166        LUT6 (Prop_lut6_I3_O)        0.105     8.361 r  i_kecc_aes_k_axi_top/i_axi2reg/i_axi_lite_to_reg/i_fifo_read/mem_q[0][error]_i_17/O
                         net (fo=1, estimated)        0.113     8.474    i_kecc_aes_k_axi_top/i_axi2reg/i_axi_lite_to_reg/i_fifo_read/mem_q[0][error]_i_17_n_0
    SLICE_X21Y166        LUT6 (Prop_lut6_I5_O)        0.105     8.579 r  i_kecc_aes_k_axi_top/i_axi2reg/i_axi_lite_to_reg/i_fifo_read/mem_q[0][error]_i_16/O
                         net (fo=1, estimated)        0.256     8.835    i_kecc_aes_k_axi_top/i_axi2reg/i_axi_lite_to_reg/i_fifo_read/mem_q[0][error]_i_16_n_0
    SLICE_X18Y167        LUT5 (Prop_lut5_I4_O)        0.105     8.940 f  i_kecc_aes_k_axi_top/i_axi2reg/i_axi_lite_to_reg/i_fifo_read/mem_q[0][error]_i_5/O
                         net (fo=21, estimated)       0.307     9.247    i_kecc_aes_k_axi_top/i_axi2reg/i_axi_lite_to_reg/i_fifo_read/mem_q[0][error]_i_5_n_0
    SLICE_X14Y167        LUT4 (Prop_lut4_I3_O)        0.105     9.352 r  i_kecc_aes_k_axi_top/i_axi2reg/i_axi_lite_to_reg/i_fifo_read/q[63]_i_3__14/O
                         net (fo=141, estimated)      0.498     9.850    i_kecc_aes_k_axi_top/i_axi2reg/i_axi_lite_to_reg/i_fifo_read/q[63]_i_3__14_n_0
    SLICE_X8Y166         LUT5 (Prop_lut5_I3_O)        0.105     9.955 f  i_kecc_aes_k_axi_top/i_axi2reg/i_axi_lite_to_reg/i_fifo_read/q[63]_i_3__24/O
                         net (fo=65, estimated)       1.068    11.023    i_kecc_aes_k_axi_top/i_axi2reg/i_axi_lite_to_reg/i_fifo_write_req/keccak_data_23_we
    SLICE_X3Y164         LUT3 (Prop_lut3_I2_O)        0.115    11.138 r  i_kecc_aes_k_axi_top/i_axi2reg/i_axi_lite_to_reg/i_fifo_write_req/wr_en_data_arb/q[2]_i_1__2/O
                         net (fo=1, estimated)        0.351    11.489    i_kecc_aes_k_axi_top/kecc_aes_k_axi_reg_top_i/u_keccak_data_23/q_reg[63]_0[2]
    SLICE_X5Y165         FDCE                                         r  i_kecc_aes_k_axi_top/kecc_aes_k_axi_reg_top_i/u_keccak_data_23/q_reg[2]/D
  -------------------------------------------------------------------    -------------------

                         (clock clk_i rise edge)     10.000    10.000 r  
                                                      0.000    10.000 r  clk_i (IN)
                         net (fo=4780, unset)         0.748    10.748    i_kecc_aes_k_axi_top/kecc_aes_k_axi_reg_top_i/u_keccak_data_23/clk_i
    SLICE_X5Y165         FDCE                                         r  i_kecc_aes_k_axi_top/kecc_aes_k_axi_reg_top_i/u_keccak_data_23/q_reg[2]/C
                         clock pessimism              0.000    10.748    
                         clock uncertainty           -0.035    10.712    
    SLICE_X5Y165         FDCE (Setup_fdce_C_D)       -0.235    10.477    i_kecc_aes_k_axi_top/kecc_aes_k_axi_reg_top_i/u_keccak_data_23/q_reg[2]
  -------------------------------------------------------------------
                         required time                         10.477    
                         arrival time                         -11.489    
  -------------------------------------------------------------------
                         slack                                 -1.012    

Slack (VIOLATED) :        -1.012ns  (required time - arrival time)
  Source:                 i_kecc_aes_k_axi_top/i_axi2reg/i_axi_to_axi_lite/i_axi_burst_splitter/i_demux_supported_vs_unsupported/gen_demux.gen_ar_id_counter.i_ar_id_counter/gen_counters[24].i_in_flight_cnt/counter_q_reg[0]/C
                            (rising edge-triggered cell FDCE clocked by clk_i  {rise@0.000ns fall@5.000ns period=10.000ns})
  Destination:            i_kecc_aes_k_axi_top/kecc_aes_k_axi_reg_top_i/u_keccak_data_23/q_reg[2]/D
                            (rising edge-triggered cell FDCE clocked by clk_i  {rise@0.000ns fall@5.000ns period=10.000ns})
  Path Group:             clk_i
  Path Type:              Setup (Max at Slow Process Corner)
  Requirement:            10.000ns  (clk_i rise@10.000ns - clk_i rise@0.000ns)
  Data Path Delay:        10.702ns  (logic 2.279ns (21.295%)  route 8.423ns (78.705%))
  Logic Levels:           18  (LUT2=1 LUT3=2 LUT4=3 LUT5=6 LUT6=6)
  Clock Path Skew:        -0.039ns (DCD - SCD + CPR)
    Destination Clock Delay (DCD):    0.748ns = ( 10.748 - 10.000 ) 
    Source Clock Delay      (SCD):    0.787ns
    Clock Pessimism Removal (CPR):    0.000ns
  Clock Uncertainty:      0.035ns  ((TSJ^2 + TIJ^2)^1/2 + DJ) / 2 + PE
    Total System Jitter     (TSJ):    0.071ns
    Total Input Jitter      (TIJ):    0.000ns
    Discrete Jitter          (DJ):    0.000ns
    Phase Error              (PE):    0.000ns

    Location             Delay type                Incr(ns)  Path(ns)    Netlist Resource(s)
  -------------------------------------------------------------------    -------------------
                         (clock clk_i rise edge)      0.000     0.000 r  
                                                      0.000     0.000 r  clk_i (IN)
                         net (fo=4780, unset)         0.787     0.787    i_kecc_aes_k_axi_top/i_axi2reg/i_axi_to_axi_lite/i_axi_burst_splitter/i_demux_supported_vs_unsupported/gen_demux.gen_ar_id_counter.i_ar_id_counter/gen_counters[24].i_in_flight_cnt/clk_i
    SLICE_X47Y145        FDCE                                         r  i_kecc_aes_k_axi_top/i_axi2reg/i_axi_to_axi_lite/i_axi_burst_splitter/i_demux_supported_vs_unsupported/gen_demux.gen_ar_id_counter.i_ar_id_counter/gen_counters[24].i_in_flight_cnt/counter_q_reg[0]/C
  -------------------------------------------------------------------    -------------------
    SLICE_X47Y145        FDCE (Prop_fdce_C_Q)         0.379     1.166 f  i_kecc_aes_k_axi_top/i_axi2reg/i_axi_to_axi_lite/i_axi_burst_splitter/i_demux_supported_vs_unsupported/gen_demux.gen_ar_id_counter.i_ar_id_counter/gen_counters[24].i_in_flight_cnt/counter_q_reg[0]/Q
                         net (fo=4, estimated)        0.528     1.694    i_kecc_aes_k_axi_top/i_axi2reg/i_axi_to_axi_lite/i_axi_burst_splitter/i_demux_supported_vs_unsupported/gen_demux.gen_ar_id_counter.i_ar_id_counter/gen_counters[24].i_in_flight_cnt/counter_q_reg[0]_0
    SLICE_X47Y146        LUT4 (Prop_lut4_I0_O)        0.105     1.799 f  i_kecc_aes_k_axi_top/i_axi2reg/i_axi_to_axi_lite/i_axi_burst_splitter/i_demux_supported_vs_unsupported/gen_demux.gen_ar_id_counter.i_ar_id_counter/gen_counters[24].i_in_flight_cnt/axi_rsp_o[ar_ready]_INST_0_i_32/O
                         net (fo=1, estimated)        0.465     2.264    i_kecc_aes_k_axi_top/i_axi2reg/i_axi_to_axi_lite/i_axi_burst_splitter/i_demux_supported_vs_unsupported/gen_demux.gen_ar_id_counter.i_ar_id_counter/gen_counters[26].i_in_flight_cnt/axi_rsp_o[ar_ready]_INST_0_i_5
    SLICE_X43Y146        LUT4 (Prop_lut4_I1_O)        0.105     2.369 f  i_kecc_aes_k_axi_top/i_axi2reg/i_axi_to_axi_lite/i_axi_burst_splitter/i_demux_supported_vs_unsupported/gen_demux.gen_ar_id_counter.i_ar_id_counter/gen_counters[26].i_in_flight_cnt/axi_rsp_o[ar_ready]_INST_0_i_17/O
                         net (fo=1, estimated)        0.333     2.702    i_kecc_aes_k_axi_top/i_axi2reg/i_axi_to_axi_lite/i_axi_burst_splitter/i_demux_supported_vs_unsupported/gen_demux.gen_ar_id_counter.i_ar_id_counter/gen_counters[9].i_in_flight_cnt/gen_demux.lock_ar_valid_q_reg_4
    SLICE_X42Y147        LUT6 (Prop_lut6_I4_O)        0.105     2.807 f  i_kecc_aes_k_axi_top/i_axi2reg/i_axi_to_axi_lite/i_axi_burst_splitter/i_demux_supported_vs_unsupported/gen_demux.gen_ar_id_counter.i_ar_id_counter/gen_counters[9].i_in_flight_cnt/axi_rsp_o[ar_ready]_INST_0_i_5/O
                         net (fo=6, estimated)        0.858     3.665    i_kecc_aes_k_axi_top/i_axi2reg/i_axi_to_axi_lite/i_axi_burst_splitter/i_demux_supported_vs_unsupported/gen_demux.gen_aw_id_counter.i_aw_id_counter/gen_counters[21].i_in_flight_cnt/gen_demux.lock_aw_valid_q_reg_0
    SLICE_X33Y152        LUT6 (Prop_lut6_I2_O)        0.105     3.770 r  i_kecc_aes_k_axi_top/i_axi2reg/i_axi_to_axi_lite/i_axi_burst_splitter/i_demux_supported_vs_unsupported/gen_demux.gen_aw_id_counter.i_aw_id_counter/gen_counters[21].i_in_flight_cnt/axi_rsp_o[aw_ready]_INST_0_i_4/O
                         net (fo=4, estimated)        0.229     3.999    i_kecc_aes_k_axi_top/i_axi2reg/i_axi_to_axi_lite/i_axi_burst_splitter/i_demux_supported_vs_unsupported/gen_demux.gen_aw_id_counter.i_aw_id_counter/gen_counters[3].i_in_flight_cnt/gen_demux.aw_valid1
    SLICE_X33Y152        LUT5 (Prop_lut5_I3_O)        0.105     4.104 r  i_kecc_aes_k_axi_top/i_axi2reg/i_axi_to_axi_lite/i_axi_burst_splitter/i_demux_supported_vs_unsupported/gen_demux.gen_aw_id_counter.i_aw_id_counter/gen_counters[3].i_in_flight_cnt/i__i_4__6/O
                         net (fo=21, estimated)       0.309     4.413    i_kecc_aes_k_axi_top/i_axi2reg/i_axi_burst_splitter/i_axi_burst_splitter_aw_chan/state_d0
    SLICE_X35Y153        LUT5 (Prop_lut5_I4_O)        0.105     4.518 f  i_kecc_aes_k_axi_top/i_axi2reg/i__i_3__0/O
                         net (fo=2, estimated)        0.124     4.642    i_kecc_aes_k_axi_top/i_axi2reg/i__i_3__0_n_0
    SLICE_X35Y153        LUT5 (Prop_lut5_I2_O)        0.105     4.747 f  i_kecc_aes_k_axi_top/i_axi2reg/i__i_1__2/O
                         net (fo=3, estimated)        0.385     5.132    i_kecc_aes_k_axi_top/i_axi2reg/i__i_1__2_n_0
    SLICE_X28Y153        LUT6 (Prop_lut6_I0_O)        0.105     5.237 f  i_kecc_aes_k_axi_top/i_axi2reg/i__i_2__2/O
                         net (fo=1403, estimated)     0.736     5.973    i_kecc_aes_k_axi_top/i_axi2reg/i__i_2__2_n_0
    SLICE_X27Y160        LUT5 (Prop_lut5_I3_O)        0.105     6.078 f  i_kecc_aes_k_axi_top/i_axi2reg/mem_q[0][data][63]_i_19/O
                         net (fo=4, estimated)        0.475     6.553    i_kecc_aes_k_axi_top/i_axi2reg/i_axi_lite_to_reg/i_fifo_read/reg_req_i[addr][1]
    SLICE_X27Y160        LUT3 (Prop_lut3_I0_O)        0.105     6.658 f  i_kecc_aes_k_axi_top/i_axi2reg/i_axi_lite_to_reg/i_fifo_read/q[63]_i_6/O
                         net (fo=13, estimated)       0.402     7.060    i_kecc_aes_k_axi_top/i_axi2reg/i_axi_lite_to_reg/i_fifo_read/q[63]_i_6_n_0
    SLICE_X26Y163        LUT6 (Prop_lut6_I3_O)        0.105     7.165 f  i_kecc_aes_k_axi_top/i_axi2reg/i_axi_lite_to_reg/i_fifo_read/q[63]_i_5__1/O
                         net (fo=38, estimated)       0.432     7.597    i_kecc_aes_k_axi_top/i_axi2reg/i_axi_lite_to_reg/i_fifo_read/mem_q_reg[1][4]_13
    SLICE_X23Y165        LUT2 (Prop_lut2_I1_O)        0.105     7.702 f  i_kecc_aes_k_axi_top/i_axi2reg/i_axi_lite_to_reg/i_fifo_read/q[63]_i_3__4/O
                         net (fo=71, estimated)       0.554     8.256    i_kecc_aes_k_axi_top/i_axi2reg/i_axi_lite_to_reg/i_fifo_read/mem_q_reg[1][3]_3
    SLICE_X21Y166        LUT6 (Prop_lut6_I3_O)        0.105     8.361 r  i_kecc_aes_k_axi_top/i_axi2reg/i_axi_lite_to_reg/i_fifo_read/mem_q[0][error]_i_17/O
                         net (fo=1, estimated)        0.113     8.474    i_kecc_aes_k_axi_top/i_axi2reg/i_axi_lite_to_reg/i_fifo_read/mem_q[0][error]_i_17_n_0
    SLICE_X21Y166        LUT6 (Prop_lut6_I5_O)        0.105     8.579 r  i_kecc_aes_k_axi_top/i_axi2reg/i_axi_lite_to_reg/i_fifo_read/mem_q[0][error]_i_16/O
                         net (fo=1, estimated)        0.256     8.835    i_kecc_aes_k_axi_top/i_axi2reg/i_axi_lite_to_reg/i_fifo_read/mem_q[0][error]_i_16_n_0
    SLICE_X18Y167        LUT5 (Prop_lut5_I4_O)        0.105     8.940 f  i_kecc_aes_k_axi_top/i_axi2reg/i_axi_lite_to_reg/i_fifo_read/mem_q[0][error]_i_5/O
                         net (fo=21, estimated)       0.307     9.247    i_kecc_aes_k_axi_top/i_axi2reg/i_axi_lite_to_reg/i_fifo_read/mem_q[0][error]_i_5_n_0
    SLICE_X14Y167        LUT4 (Prop_lut4_I3_O)        0.105     9.352 r  i_kecc_aes_k_axi_top/i_axi2reg/i_axi_lite_to_reg/i_fifo_read/q[63]_i_3__14/O
                         net (fo=141, estimated)      0.498     9.850    i_kecc_aes_k_axi_top/i_axi2reg/i_axi_lite_to_reg/i_fifo_read/q[63]_i_3__14_n_0
    SLICE_X8Y166         LUT5 (Prop_lut5_I3_O)        0.105     9.955 f  i_kecc_aes_k_axi_top/i_axi2reg/i_axi_lite_to_reg/i_fifo_read/q[63]_i_3__24/O
                         net (fo=65, estimated)       1.068    11.023    i_kecc_aes_k_axi_top/i_axi2reg/i_axi_lite_to_reg/i_fifo_write_req/keccak_data_23_we
    SLICE_X3Y164         LUT3 (Prop_lut3_I2_O)        0.115    11.138 r  i_kecc_aes_k_axi_top/i_axi2reg/i_axi_lite_to_reg/i_fifo_write_req/wr_en_data_arb/q[2]_i_1__2/O
                         net (fo=1, estimated)        0.351    11.489    i_kecc_aes_k_axi_top/kecc_aes_k_axi_reg_top_i/u_keccak_data_23/q_reg[63]_0[2]
    SLICE_X5Y165         FDCE                                         r  i_kecc_aes_k_axi_top/kecc_aes_k_axi_reg_top_i/u_keccak_data_23/q_reg[2]/D
  -------------------------------------------------------------------    -------------------

                         (clock clk_i rise edge)     10.000    10.000 r  
                                                      0.000    10.000 r  clk_i (IN)
                         net (fo=4780, unset)         0.748    10.748    i_kecc_aes_k_axi_top/kecc_aes_k_axi_reg_top_i/u_keccak_data_23/clk_i
    SLICE_X5Y165         FDCE                                         r  i_kecc_aes_k_axi_top/kecc_aes_k_axi_reg_top_i/u_keccak_data_23/q_reg[2]/C
                         clock pessimism              0.000    10.748    
                         clock uncertainty           -0.035    10.712    
    SLICE_X5Y165         FDCE (Setup_fdce_C_D)       -0.235    10.477    i_kecc_aes_k_axi_top/kecc_aes_k_axi_reg_top_i/u_keccak_data_23/q_reg[2]
  -------------------------------------------------------------------
                         required time                         10.477    
                         arrival time                         -11.489    
  -------------------------------------------------------------------
                         slack                                 -1.012    

Slack (VIOLATED) :        -1.012ns  (required time - arrival time)
  Source:                 i_kecc_aes_k_axi_top/i_axi2reg/i_axi_to_axi_lite/i_axi_burst_splitter/i_demux_supported_vs_unsupported/gen_demux.gen_ar_id_counter.i_ar_id_counter/gen_counters[24].i_in_flight_cnt/counter_q_reg[0]/C
                            (rising edge-triggered cell FDCE clocked by clk_i  {rise@0.000ns fall@5.000ns period=10.000ns})
  Destination:            i_kecc_aes_k_axi_top/kecc_aes_k_axi_reg_top_i/u_keccak_data_23/q_reg[2]/D
                            (rising edge-triggered cell FDCE clocked by clk_i  {rise@0.000ns fall@5.000ns period=10.000ns})
  Path Group:             clk_i
  Path Type:              Setup (Max at Slow Process Corner)
  Requirement:            10.000ns  (clk_i rise@10.000ns - clk_i rise@0.000ns)
  Data Path Delay:        10.702ns  (logic 2.279ns (21.295%)  route 8.423ns (78.705%))
  Logic Levels:           18  (LUT2=1 LUT3=2 LUT4=3 LUT5=6 LUT6=6)
  Clock Path Skew:        -0.039ns (DCD - SCD + CPR)
    Destination Clock Delay (DCD):    0.748ns = ( 10.748 - 10.000 ) 
    Source Clock Delay      (SCD):    0.787ns
    Clock Pessimism Removal (CPR):    0.000ns
  Clock Uncertainty:      0.035ns  ((TSJ^2 + TIJ^2)^1/2 + DJ) / 2 + PE
    Total System Jitter     (TSJ):    0.071ns
    Total Input Jitter      (TIJ):    0.000ns
    Discrete Jitter          (DJ):    0.000ns
    Phase Error              (PE):    0.000ns

    Location             Delay type                Incr(ns)  Path(ns)    Netlist Resource(s)
  -------------------------------------------------------------------    -------------------
                         (clock clk_i rise edge)      0.000     0.000 r  
                                                      0.000     0.000 r  clk_i (IN)
                         net (fo=4780, unset)         0.787     0.787    i_kecc_aes_k_axi_top/i_axi2reg/i_axi_to_axi_lite/i_axi_burst_splitter/i_demux_supported_vs_unsupported/gen_demux.gen_ar_id_counter.i_ar_id_counter/gen_counters[24].i_in_flight_cnt/clk_i
    SLICE_X47Y145        FDCE                                         r  i_kecc_aes_k_axi_top/i_axi2reg/i_axi_to_axi_lite/i_axi_burst_splitter/i_demux_supported_vs_unsupported/gen_demux.gen_ar_id_counter.i_ar_id_counter/gen_counters[24].i_in_flight_cnt/counter_q_reg[0]/C
  -------------------------------------------------------------------    -------------------
    SLICE_X47Y145        FDCE (Prop_fdce_C_Q)         0.379     1.166 r  i_kecc_aes_k_axi_top/i_axi2reg/i_axi_to_axi_lite/i_axi_burst_splitter/i_demux_supported_vs_unsupported/gen_demux.gen_ar_id_counter.i_ar_id_counter/gen_counters[24].i_in_flight_cnt/counter_q_reg[0]/Q
                         net (fo=4, estimated)        0.528     1.694    i_kecc_aes_k_axi_top/i_axi2reg/i_axi_to_axi_lite/i_axi_burst_splitter/i_demux_supported_vs_unsupported/gen_demux.gen_ar_id_counter.i_ar_id_counter/gen_counters[24].i_in_flight_cnt/counter_q_reg[0]_0
    SLICE_X47Y146        LUT4 (Prop_lut4_I0_O)        0.105     1.799 r  i_kecc_aes_k_axi_top/i_axi2reg/i_axi_to_axi_lite/i_axi_burst_splitter/i_demux_supported_vs_unsupported/gen_demux.gen_ar_id_counter.i_ar_id_counter/gen_counters[24].i_in_flight_cnt/axi_rsp_o[ar_ready]_INST_0_i_32/O
                         net (fo=1, estimated)        0.465     2.264    i_kecc_aes_k_axi_top/i_axi2reg/i_axi_to_axi_lite/i_axi_burst_splitter/i_demux_supported_vs_unsupported/gen_demux.gen_ar_id_counter.i_ar_id_counter/gen_counters[26].i_in_flight_cnt/axi_rsp_o[ar_ready]_INST_0_i_5
    SLICE_X43Y146        LUT4 (Prop_lut4_I1_O)        0.105     2.369 r  i_kecc_aes_k_axi_top/i_axi2reg/i_axi_to_axi_lite/i_axi_burst_splitter/i_demux_supported_vs_unsupported/gen_demux.gen_ar_id_counter.i_ar_id_counter/gen_counters[26].i_in_flight_cnt/axi_rsp_o[ar_ready]_INST_0_i_17/O
                         net (fo=1, estimated)        0.333     2.702    i_kecc_aes_k_axi_top/i_axi2reg/i_axi_to_axi_lite/i_axi_burst_splitter/i_demux_supported_vs_unsupported/gen_demux.gen_ar_id_counter.i_ar_id_counter/gen_counters[9].i_in_flight_cnt/gen_demux.lock_ar_valid_q_reg_4
    SLICE_X42Y147        LUT6 (Prop_lut6_I4_O)        0.105     2.807 r  i_kecc_aes_k_axi_top/i_axi2reg/i_axi_to_axi_lite/i_axi_burst_splitter/i_demux_supported_vs_unsupported/gen_demux.gen_ar_id_counter.i_ar_id_counter/gen_counters[9].i_in_flight_cnt/axi_rsp_o[ar_ready]_INST_0_i_5/O
                         net (fo=6, estimated)        0.858     3.665    i_kecc_aes_k_axi_top/i_axi2reg/i_axi_to_axi_lite/i_axi_burst_splitter/i_demux_supported_vs_unsupported/gen_demux.gen_aw_id_counter.i_aw_id_counter/gen_counters[21].i_in_flight_cnt/gen_demux.lock_aw_valid_q_reg_0
    SLICE_X33Y152        LUT6 (Prop_lut6_I2_O)        0.105     3.770 f  i_kecc_aes_k_axi_top/i_axi2reg/i_axi_to_axi_lite/i_axi_burst_splitter/i_demux_supported_vs_unsupported/gen_demux.gen_aw_id_counter.i_aw_id_counter/gen_counters[21].i_in_flight_cnt/axi_rsp_o[aw_ready]_INST_0_i_4/O
                         net (fo=4, estimated)        0.229     3.999    i_kecc_aes_k_axi_top/i_axi2reg/i_axi_to_axi_lite/i_axi_burst_splitter/i_demux_supported_vs_unsupported/gen_demux.gen_aw_id_counter.i_aw_id_counter/gen_counters[3].i_in_flight_cnt/gen_demux.aw_valid1
    SLICE_X33Y152        LUT5 (Prop_lut5_I3_O)        0.105     4.104 f  i_kecc_aes_k_axi_top/i_axi2reg/i_axi_to_axi_lite/i_axi_burst_splitter/i_demux_supported_vs_unsupported/gen_demux.gen_aw_id_counter.i_aw_id_counter/gen_counters[3].i_in_flight_cnt/i__i_4__6/O
                         net (fo=21, estimated)       0.309     4.413    i_kecc_aes_k_axi_top/i_axi2reg/i_axi_burst_splitter/i_axi_burst_splitter_aw_chan/state_d0
    SLICE_X35Y153        LUT5 (Prop_lut5_I4_O)        0.105     4.518 r  i_kecc_aes_k_axi_top/i_axi2reg/i__i_3__0/O
                         net (fo=2, estimated)        0.124     4.642    i_kecc_aes_k_axi_top/i_axi2reg/i__i_3__0_n_0
    SLICE_X35Y153        LUT5 (Prop_lut5_I2_O)        0.105     4.747 r  i_kecc_aes_k_axi_top/i_axi2reg/i__i_1__2/O
                         net (fo=3, estimated)        0.385     5.132    i_kecc_aes_k_axi_top/i_axi2reg/i__i_1__2_n_0
    SLICE_X28Y153        LUT6 (Prop_lut6_I0_O)        0.105     5.237 r  i_kecc_aes_k_axi_top/i_axi2reg/i__i_2__2/O
                         net (fo=1403, estimated)     0.736     5.973    i_kecc_aes_k_axi_top/i_axi2reg/i__i_2__2_n_0
    SLICE_X27Y160        LUT5 (Prop_lut5_I3_O)        0.105     6.078 r  i_kecc_aes_k_axi_top/i_axi2reg/mem_q[0][data][63]_i_19/O
                         net (fo=4, estimated)        0.475     6.553    i_kecc_aes_k_axi_top/i_axi2reg/i_axi_lite_to_reg/i_fifo_read/reg_req_i[addr][1]
    SLICE_X27Y160        LUT3 (Prop_lut3_I0_O)        0.105     6.658 r  i_kecc_aes_k_axi_top/i_axi2reg/i_axi_lite_to_reg/i_fifo_read/q[63]_i_6/O
                         net (fo=13, estimated)       0.402     7.060    i_kecc_aes_k_axi_top/i_axi2reg/i_axi_lite_to_reg/i_fifo_read/q[63]_i_6_n_0
    SLICE_X26Y163        LUT6 (Prop_lut6_I3_O)        0.105     7.165 r  i_kecc_aes_k_axi_top/i_axi2reg/i_axi_lite_to_reg/i_fifo_read/q[63]_i_5__1/O
                         net (fo=38, estimated)       0.432     7.597    i_kecc_aes_k_axi_top/i_axi2reg/i_axi_lite_to_reg/i_fifo_read/mem_q_reg[1][4]_13
    SLICE_X23Y165        LUT2 (Prop_lut2_I1_O)        0.105     7.702 r  i_kecc_aes_k_axi_top/i_axi2reg/i_axi_lite_to_reg/i_fifo_read/q[63]_i_3__4/O
                         net (fo=71, estimated)       0.554     8.256    i_kecc_aes_k_axi_top/i_axi2reg/i_axi_lite_to_reg/i_fifo_read/mem_q_reg[1][3]_3
    SLICE_X21Y166        LUT6 (Prop_lut6_I3_O)        0.105     8.361 f  i_kecc_aes_k_axi_top/i_axi2reg/i_axi_lite_to_reg/i_fifo_read/mem_q[0][error]_i_17/O
                         net (fo=1, estimated)        0.113     8.474    i_kecc_aes_k_axi_top/i_axi2reg/i_axi_lite_to_reg/i_fifo_read/mem_q[0][error]_i_17_n_0
    SLICE_X21Y166        LUT6 (Prop_lut6_I5_O)        0.105     8.579 f  i_kecc_aes_k_axi_top/i_axi2reg/i_axi_lite_to_reg/i_fifo_read/mem_q[0][error]_i_16/O
                         net (fo=1, estimated)        0.256     8.835    i_kecc_aes_k_axi_top/i_axi2reg/i_axi_lite_to_reg/i_fifo_read/mem_q[0][error]_i_16_n_0
    SLICE_X18Y167        LUT5 (Prop_lut5_I4_O)        0.105     8.940 r  i_kecc_aes_k_axi_top/i_axi2reg/i_axi_lite_to_reg/i_fifo_read/mem_q[0][error]_i_5/O
                         net (fo=21, estimated)       0.307     9.247    i_kecc_aes_k_axi_top/i_axi2reg/i_axi_lite_to_reg/i_fifo_read/mem_q[0][error]_i_5_n_0
    SLICE_X14Y167        LUT4 (Prop_lut4_I3_O)        0.105     9.352 f  i_kecc_aes_k_axi_top/i_axi2reg/i_axi_lite_to_reg/i_fifo_read/q[63]_i_3__14/O
                         net (fo=141, estimated)      0.498     9.850    i_kecc_aes_k_axi_top/i_axi2reg/i_axi_lite_to_reg/i_fifo_read/q[63]_i_3__14_n_0
    SLICE_X8Y166         LUT5 (Prop_lut5_I3_O)        0.105     9.955 r  i_kecc_aes_k_axi_top/i_axi2reg/i_axi_lite_to_reg/i_fifo_read/q[63]_i_3__24/O
                         net (fo=65, estimated)       1.068    11.023    i_kecc_aes_k_axi_top/i_axi2reg/i_axi_lite_to_reg/i_fifo_write_req/keccak_data_23_we
    SLICE_X3Y164         LUT3 (Prop_lut3_I2_O)        0.115    11.138 f  i_kecc_aes_k_axi_top/i_axi2reg/i_axi_lite_to_reg/i_fifo_write_req/wr_en_data_arb/q[2]_i_1__2/O
                         net (fo=1, estimated)        0.351    11.489    i_kecc_aes_k_axi_top/kecc_aes_k_axi_reg_top_i/u_keccak_data_23/q_reg[63]_0[2]
    SLICE_X5Y165         FDCE                                         f  i_kecc_aes_k_axi_top/kecc_aes_k_axi_reg_top_i/u_keccak_data_23/q_reg[2]/D
  -------------------------------------------------------------------    -------------------

                         (clock clk_i rise edge)     10.000    10.000 r  
                                                      0.000    10.000 r  clk_i (IN)
                         net (fo=4780, unset)         0.748    10.748    i_kecc_aes_k_axi_top/kecc_aes_k_axi_reg_top_i/u_keccak_data_23/clk_i
    SLICE_X5Y165         FDCE                                         r  i_kecc_aes_k_axi_top/kecc_aes_k_axi_reg_top_i/u_keccak_data_23/q_reg[2]/C
                         clock pessimism              0.000    10.748    
                         clock uncertainty           -0.035    10.712    
    SLICE_X5Y165         FDCE (Setup_fdce_C_D)       -0.235    10.477    i_kecc_aes_k_axi_top/kecc_aes_k_axi_reg_top_i/u_keccak_data_23/q_reg[2]
  -------------------------------------------------------------------
                         required time                         10.477    
                         arrival time                         -11.489    
  -------------------------------------------------------------------
                         slack                                 -1.012    

Slack (VIOLATED) :        -1.012ns  (required time - arrival time)
  Source:                 i_kecc_aes_k_axi_top/i_axi2reg/i_axi_to_axi_lite/i_axi_burst_splitter/i_demux_supported_vs_unsupported/gen_demux.gen_ar_id_counter.i_ar_id_counter/gen_counters[24].i_in_flight_cnt/counter_q_reg[0]/C
                            (rising edge-triggered cell FDCE clocked by clk_i  {rise@0.000ns fall@5.000ns period=10.000ns})
  Destination:            i_kecc_aes_k_axi_top/kecc_aes_k_axi_reg_top_i/u_keccak_data_23/q_reg[2]/D
                            (rising edge-triggered cell FDCE clocked by clk_i  {rise@0.000ns fall@5.000ns period=10.000ns})
  Path Group:             clk_i
  Path Type:              Setup (Max at Slow Process Corner)
  Requirement:            10.000ns  (clk_i rise@10.000ns - clk_i rise@0.000ns)
  Data Path Delay:        10.702ns  (logic 2.279ns (21.295%)  route 8.423ns (78.705%))
  Logic Levels:           18  (LUT2=1 LUT3=2 LUT4=3 LUT5=6 LUT6=6)
  Clock Path Skew:        -0.039ns (DCD - SCD + CPR)
    Destination Clock Delay (DCD):    0.748ns = ( 10.748 - 10.000 ) 
    Source Clock Delay      (SCD):    0.787ns
    Clock Pessimism Removal (CPR):    0.000ns
  Clock Uncertainty:      0.035ns  ((TSJ^2 + TIJ^2)^1/2 + DJ) / 2 + PE
    Total System Jitter     (TSJ):    0.071ns
    Total Input Jitter      (TIJ):    0.000ns
    Discrete Jitter          (DJ):    0.000ns
    Phase Error              (PE):    0.000ns

    Location             Delay type                Incr(ns)  Path(ns)    Netlist Resource(s)
  -------------------------------------------------------------------    -------------------
                         (clock clk_i rise edge)      0.000     0.000 r  
                                                      0.000     0.000 r  clk_i (IN)
                         net (fo=4780, unset)         0.787     0.787    i_kecc_aes_k_axi_top/i_axi2reg/i_axi_to_axi_lite/i_axi_burst_splitter/i_demux_supported_vs_unsupported/gen_demux.gen_ar_id_counter.i_ar_id_counter/gen_counters[24].i_in_flight_cnt/clk_i
    SLICE_X47Y145        FDCE                                         r  i_kecc_aes_k_axi_top/i_axi2reg/i_axi_to_axi_lite/i_axi_burst_splitter/i_demux_supported_vs_unsupported/gen_demux.gen_ar_id_counter.i_ar_id_counter/gen_counters[24].i_in_flight_cnt/counter_q_reg[0]/C
  -------------------------------------------------------------------    -------------------
    SLICE_X47Y145        FDCE (Prop_fdce_C_Q)         0.379     1.166 f  i_kecc_aes_k_axi_top/i_axi2reg/i_axi_to_axi_lite/i_axi_burst_splitter/i_demux_supported_vs_unsupported/gen_demux.gen_ar_id_counter.i_ar_id_counter/gen_counters[24].i_in_flight_cnt/counter_q_reg[0]/Q
                         net (fo=4, estimated)        0.528     1.694    i_kecc_aes_k_axi_top/i_axi2reg/i_axi_to_axi_lite/i_axi_burst_splitter/i_demux_supported_vs_unsupported/gen_demux.gen_ar_id_counter.i_ar_id_counter/gen_counters[24].i_in_flight_cnt/counter_q_reg[0]_0
    SLICE_X47Y146        LUT4 (Prop_lut4_I0_O)        0.105     1.799 f  i_kecc_aes_k_axi_top/i_axi2reg/i_axi_to_axi_lite/i_axi_burst_splitter/i_demux_supported_vs_unsupported/gen_demux.gen_ar_id_counter.i_ar_id_counter/gen_counters[24].i_in_flight_cnt/axi_rsp_o[ar_ready]_INST_0_i_32/O
                         net (fo=1, estimated)        0.465     2.264    i_kecc_aes_k_axi_top/i_axi2reg/i_axi_to_axi_lite/i_axi_burst_splitter/i_demux_supported_vs_unsupported/gen_demux.gen_ar_id_counter.i_ar_id_counter/gen_counters[26].i_in_flight_cnt/axi_rsp_o[ar_ready]_INST_0_i_5
    SLICE_X43Y146        LUT4 (Prop_lut4_I1_O)        0.105     2.369 f  i_kecc_aes_k_axi_top/i_axi2reg/i_axi_to_axi_lite/i_axi_burst_splitter/i_demux_supported_vs_unsupported/gen_demux.gen_ar_id_counter.i_ar_id_counter/gen_counters[26].i_in_flight_cnt/axi_rsp_o[ar_ready]_INST_0_i_17/O
                         net (fo=1, estimated)        0.333     2.702    i_kecc_aes_k_axi_top/i_axi2reg/i_axi_to_axi_lite/i_axi_burst_splitter/i_demux_supported_vs_unsupported/gen_demux.gen_ar_id_counter.i_ar_id_counter/gen_counters[9].i_in_flight_cnt/gen_demux.lock_ar_valid_q_reg_4
    SLICE_X42Y147        LUT6 (Prop_lut6_I4_O)        0.105     2.807 f  i_kecc_aes_k_axi_top/i_axi2reg/i_axi_to_axi_lite/i_axi_burst_splitter/i_demux_supported_vs_unsupported/gen_demux.gen_ar_id_counter.i_ar_id_counter/gen_counters[9].i_in_flight_cnt/axi_rsp_o[ar_ready]_INST_0_i_5/O
                         net (fo=6, estimated)        0.858     3.665    i_kecc_aes_k_axi_top/i_axi2reg/i_axi_to_axi_lite/i_axi_burst_splitter/i_demux_supported_vs_unsupported/gen_demux.gen_aw_id_counter.i_aw_id_counter/gen_counters[21].i_in_flight_cnt/gen_demux.lock_aw_valid_q_reg_0
    SLICE_X33Y152        LUT6 (Prop_lut6_I2_O)        0.105     3.770 r  i_kecc_aes_k_axi_top/i_axi2reg/i_axi_to_axi_lite/i_axi_burst_splitter/i_demux_supported_vs_unsupported/gen_demux.gen_aw_id_counter.i_aw_id_counter/gen_counters[21].i_in_flight_cnt/axi_rsp_o[aw_ready]_INST_0_i_4/O
                         net (fo=4, estimated)        0.229     3.999    i_kecc_aes_k_axi_top/i_axi2reg/i_axi_to_axi_lite/i_axi_burst_splitter/i_demux_supported_vs_unsupported/gen_demux.gen_aw_id_counter.i_aw_id_counter/gen_counters[3].i_in_flight_cnt/gen_demux.aw_valid1
    SLICE_X33Y152        LUT5 (Prop_lut5_I3_O)        0.105     4.104 r  i_kecc_aes_k_axi_top/i_axi2reg/i_axi_to_axi_lite/i_axi_burst_splitter/i_demux_supported_vs_unsupported/gen_demux.gen_aw_id_counter.i_aw_id_counter/gen_counters[3].i_in_flight_cnt/i__i_4__6/O
                         net (fo=21, estimated)       0.309     4.413    i_kecc_aes_k_axi_top/i_axi2reg/i_axi_burst_splitter/i_axi_burst_splitter_aw_chan/state_d0
    SLICE_X35Y153        LUT5 (Prop_lut5_I4_O)        0.105     4.518 f  i_kecc_aes_k_axi_top/i_axi2reg/i__i_3__0/O
                         net (fo=2, estimated)        0.124     4.642    i_kecc_aes_k_axi_top/i_axi2reg/i__i_3__0_n_0
    SLICE_X35Y153        LUT5 (Prop_lut5_I2_O)        0.105     4.747 f  i_kecc_aes_k_axi_top/i_axi2reg/i__i_1__2/O
                         net (fo=3, estimated)        0.385     5.132    i_kecc_aes_k_axi_top/i_axi2reg/i__i_1__2_n_0
    SLICE_X28Y153        LUT6 (Prop_lut6_I0_O)        0.105     5.237 f  i_kecc_aes_k_axi_top/i_axi2reg/i__i_2__2/O
                         net (fo=1403, estimated)     0.736     5.973    i_kecc_aes_k_axi_top/i_axi2reg/i__i_2__2_n_0
    SLICE_X27Y160        LUT5 (Prop_lut5_I3_O)        0.105     6.078 r  i_kecc_aes_k_axi_top/i_axi2reg/mem_q[0][data][63]_i_19/O
                         net (fo=4, estimated)        0.475     6.553    i_kecc_aes_k_axi_top/i_axi2reg/i_axi_lite_to_reg/i_fifo_read/reg_req_i[addr][1]
    SLICE_X27Y160        LUT3 (Prop_lut3_I0_O)        0.105     6.658 r  i_kecc_aes_k_axi_top/i_axi2reg/i_axi_lite_to_reg/i_fifo_read/q[63]_i_6/O
                         net (fo=13, estimated)       0.402     7.060    i_kecc_aes_k_axi_top/i_axi2reg/i_axi_lite_to_reg/i_fifo_read/q[63]_i_6_n_0
    SLICE_X26Y163        LUT6 (Prop_lut6_I3_O)        0.105     7.165 r  i_kecc_aes_k_axi_top/i_axi2reg/i_axi_lite_to_reg/i_fifo_read/q[63]_i_5__1/O
                         net (fo=38, estimated)       0.432     7.597    i_kecc_aes_k_axi_top/i_axi2reg/i_axi_lite_to_reg/i_fifo_read/mem_q_reg[1][4]_13
    SLICE_X23Y165        LUT2 (Prop_lut2_I1_O)        0.105     7.702 r  i_kecc_aes_k_axi_top/i_axi2reg/i_axi_lite_to_reg/i_fifo_read/q[63]_i_3__4/O
                         net (fo=71, estimated)       0.554     8.256    i_kecc_aes_k_axi_top/i_axi2reg/i_axi_lite_to_reg/i_fifo_read/mem_q_reg[1][3]_3
    SLICE_X21Y166        LUT6 (Prop_lut6_I3_O)        0.105     8.361 f  i_kecc_aes_k_axi_top/i_axi2reg/i_axi_lite_to_reg/i_fifo_read/mem_q[0][error]_i_17/O
                         net (fo=1, estimated)        0.113     8.474    i_kecc_aes_k_axi_top/i_axi2reg/i_axi_lite_to_reg/i_fifo_read/mem_q[0][error]_i_17_n_0
    SLICE_X21Y166        LUT6 (Prop_lut6_I5_O)        0.105     8.579 f  i_kecc_aes_k_axi_top/i_axi2reg/i_axi_lite_to_reg/i_fifo_read/mem_q[0][error]_i_16/O
                         net (fo=1, estimated)        0.256     8.835    i_kecc_aes_k_axi_top/i_axi2reg/i_axi_lite_to_reg/i_fifo_read/mem_q[0][error]_i_16_n_0
    SLICE_X18Y167        LUT5 (Prop_lut5_I4_O)        0.105     8.940 r  i_kecc_aes_k_axi_top/i_axi2reg/i_axi_lite_to_reg/i_fifo_read/mem_q[0][error]_i_5/O
                         net (fo=21, estimated)       0.307     9.247    i_kecc_aes_k_axi_top/i_axi2reg/i_axi_lite_to_reg/i_fifo_read/mem_q[0][error]_i_5_n_0
    SLICE_X14Y167        LUT4 (Prop_lut4_I3_O)        0.105     9.352 f  i_kecc_aes_k_axi_top/i_axi2reg/i_axi_lite_to_reg/i_fifo_read/q[63]_i_3__14/O
                         net (fo=141, estimated)      0.498     9.850    i_kecc_aes_k_axi_top/i_axi2reg/i_axi_lite_to_reg/i_fifo_read/q[63]_i_3__14_n_0
    SLICE_X8Y166         LUT5 (Prop_lut5_I3_O)        0.105     9.955 r  i_kecc_aes_k_axi_top/i_axi2reg/i_axi_lite_to_reg/i_fifo_read/q[63]_i_3__24/O
                         net (fo=65, estimated)       1.068    11.023    i_kecc_aes_k_axi_top/i_axi2reg/i_axi_lite_to_reg/i_fifo_write_req/keccak_data_23_we
    SLICE_X3Y164         LUT3 (Prop_lut3_I2_O)        0.115    11.138 f  i_kecc_aes_k_axi_top/i_axi2reg/i_axi_lite_to_reg/i_fifo_write_req/wr_en_data_arb/q[2]_i_1__2/O
                         net (fo=1, estimated)        0.351    11.489    i_kecc_aes_k_axi_top/kecc_aes_k_axi_reg_top_i/u_keccak_data_23/q_reg[63]_0[2]
    SLICE_X5Y165         FDCE                                         f  i_kecc_aes_k_axi_top/kecc_aes_k_axi_reg_top_i/u_keccak_data_23/q_reg[2]/D
  -------------------------------------------------------------------    -------------------

                         (clock clk_i rise edge)     10.000    10.000 r  
                                                      0.000    10.000 r  clk_i (IN)
                         net (fo=4780, unset)         0.748    10.748    i_kecc_aes_k_axi_top/kecc_aes_k_axi_reg_top_i/u_keccak_data_23/clk_i
    SLICE_X5Y165         FDCE                                         r  i_kecc_aes_k_axi_top/kecc_aes_k_axi_reg_top_i/u_keccak_data_23/q_reg[2]/C
                         clock pessimism              0.000    10.748    
                         clock uncertainty           -0.035    10.712    
    SLICE_X5Y165         FDCE (Setup_fdce_C_D)       -0.235    10.477    i_kecc_aes_k_axi_top/kecc_aes_k_axi_reg_top_i/u_keccak_data_23/q_reg[2]
  -------------------------------------------------------------------
                         required time                         10.477    
                         arrival time                         -11.489    
  -------------------------------------------------------------------
                         slack                                 -1.012    

Slack (VIOLATED) :        -1.012ns  (required time - arrival time)
  Source:                 i_kecc_aes_k_axi_top/i_axi2reg/i_axi_to_axi_lite/i_axi_burst_splitter/i_demux_supported_vs_unsupported/gen_demux.gen_ar_id_counter.i_ar_id_counter/gen_counters[24].i_in_flight_cnt/counter_q_reg[0]/C
                            (rising edge-triggered cell FDCE clocked by clk_i  {rise@0.000ns fall@5.000ns period=10.000ns})
  Destination:            i_kecc_aes_k_axi_top/kecc_aes_k_axi_reg_top_i/u_keccak_data_23/q_reg[2]/D
                            (rising edge-triggered cell FDCE clocked by clk_i  {rise@0.000ns fall@5.000ns period=10.000ns})
  Path Group:             clk_i
  Path Type:              Setup (Max at Slow Process Corner)
  Requirement:            10.000ns  (clk_i rise@10.000ns - clk_i rise@0.000ns)
  Data Path Delay:        10.702ns  (logic 2.279ns (21.295%)  route 8.423ns (78.705%))
  Logic Levels:           18  (LUT2=1 LUT3=2 LUT4=3 LUT5=6 LUT6=6)
  Clock Path Skew:        -0.039ns (DCD - SCD + CPR)
    Destination Clock Delay (DCD):    0.748ns = ( 10.748 - 10.000 ) 
    Source Clock Delay      (SCD):    0.787ns
    Clock Pessimism Removal (CPR):    0.000ns
  Clock Uncertainty:      0.035ns  ((TSJ^2 + TIJ^2)^1/2 + DJ) / 2 + PE
    Total System Jitter     (TSJ):    0.071ns
    Total Input Jitter      (TIJ):    0.000ns
    Discrete Jitter          (DJ):    0.000ns
    Phase Error              (PE):    0.000ns

    Location             Delay type                Incr(ns)  Path(ns)    Netlist Resource(s)
  -------------------------------------------------------------------    -------------------
                         (clock clk_i rise edge)      0.000     0.000 r  
                                                      0.000     0.000 r  clk_i (IN)
                         net (fo=4780, unset)         0.787     0.787    i_kecc_aes_k_axi_top/i_axi2reg/i_axi_to_axi_lite/i_axi_burst_splitter/i_demux_supported_vs_unsupported/gen_demux.gen_ar_id_counter.i_ar_id_counter/gen_counters[24].i_in_flight_cnt/clk_i
    SLICE_X47Y145        FDCE                                         r  i_kecc_aes_k_axi_top/i_axi2reg/i_axi_to_axi_lite/i_axi_burst_splitter/i_demux_supported_vs_unsupported/gen_demux.gen_ar_id_counter.i_ar_id_counter/gen_counters[24].i_in_flight_cnt/counter_q_reg[0]/C
  -------------------------------------------------------------------    -------------------
    SLICE_X47Y145        FDCE (Prop_fdce_C_Q)         0.379     1.166 r  i_kecc_aes_k_axi_top/i_axi2reg/i_axi_to_axi_lite/i_axi_burst_splitter/i_demux_supported_vs_unsupported/gen_demux.gen_ar_id_counter.i_ar_id_counter/gen_counters[24].i_in_flight_cnt/counter_q_reg[0]/Q
                         net (fo=4, estimated)        0.528     1.694    i_kecc_aes_k_axi_top/i_axi2reg/i_axi_to_axi_lite/i_axi_burst_splitter/i_demux_supported_vs_unsupported/gen_demux.gen_ar_id_counter.i_ar_id_counter/gen_counters[24].i_in_flight_cnt/counter_q_reg[0]_0
    SLICE_X47Y146        LUT4 (Prop_lut4_I0_O)        0.105     1.799 r  i_kecc_aes_k_axi_top/i_axi2reg/i_axi_to_axi_lite/i_axi_burst_splitter/i_demux_supported_vs_unsupported/gen_demux.gen_ar_id_counter.i_ar_id_counter/gen_counters[24].i_in_flight_cnt/axi_rsp_o[ar_ready]_INST_0_i_32/O
                         net (fo=1, estimated)        0.465     2.264    i_kecc_aes_k_axi_top/i_axi2reg/i_axi_to_axi_lite/i_axi_burst_splitter/i_demux_supported_vs_unsupported/gen_demux.gen_ar_id_counter.i_ar_id_counter/gen_counters[26].i_in_flight_cnt/axi_rsp_o[ar_ready]_INST_0_i_5
    SLICE_X43Y146        LUT4 (Prop_lut4_I1_O)        0.105     2.369 r  i_kecc_aes_k_axi_top/i_axi2reg/i_axi_to_axi_lite/i_axi_burst_splitter/i_demux_supported_vs_unsupported/gen_demux.gen_ar_id_counter.i_ar_id_counter/gen_counters[26].i_in_flight_cnt/axi_rsp_o[ar_ready]_INST_0_i_17/O
                         net (fo=1, estimated)        0.333     2.702    i_kecc_aes_k_axi_top/i_axi2reg/i_axi_to_axi_lite/i_axi_burst_splitter/i_demux_supported_vs_unsupported/gen_demux.gen_ar_id_counter.i_ar_id_counter/gen_counters[9].i_in_flight_cnt/gen_demux.lock_ar_valid_q_reg_4
    SLICE_X42Y147        LUT6 (Prop_lut6_I4_O)        0.105     2.807 r  i_kecc_aes_k_axi_top/i_axi2reg/i_axi_to_axi_lite/i_axi_burst_splitter/i_demux_supported_vs_unsupported/gen_demux.gen_ar_id_counter.i_ar_id_counter/gen_counters[9].i_in_flight_cnt/axi_rsp_o[ar_ready]_INST_0_i_5/O
                         net (fo=6, estimated)        0.858     3.665    i_kecc_aes_k_axi_top/i_axi2reg/i_axi_to_axi_lite/i_axi_burst_splitter/i_demux_supported_vs_unsupported/gen_demux.gen_aw_id_counter.i_aw_id_counter/gen_counters[21].i_in_flight_cnt/gen_demux.lock_aw_valid_q_reg_0
    SLICE_X33Y152        LUT6 (Prop_lut6_I2_O)        0.105     3.770 f  i_kecc_aes_k_axi_top/i_axi2reg/i_axi_to_axi_lite/i_axi_burst_splitter/i_demux_supported_vs_unsupported/gen_demux.gen_aw_id_counter.i_aw_id_counter/gen_counters[21].i_in_flight_cnt/axi_rsp_o[aw_ready]_INST_0_i_4/O
                         net (fo=4, estimated)        0.229     3.999    i_kecc_aes_k_axi_top/i_axi2reg/i_axi_to_axi_lite/i_axi_burst_splitter/i_demux_supported_vs_unsupported/gen_demux.gen_aw_id_counter.i_aw_id_counter/gen_counters[3].i_in_flight_cnt/gen_demux.aw_valid1
    SLICE_X33Y152        LUT5 (Prop_lut5_I3_O)        0.105     4.104 f  i_kecc_aes_k_axi_top/i_axi2reg/i_axi_to_axi_lite/i_axi_burst_splitter/i_demux_supported_vs_unsupported/gen_demux.gen_aw_id_counter.i_aw_id_counter/gen_counters[3].i_in_flight_cnt/i__i_4__6/O
                         net (fo=21, estimated)       0.309     4.413    i_kecc_aes_k_axi_top/i_axi2reg/i_axi_burst_splitter/i_axi_burst_splitter_aw_chan/state_d0
    SLICE_X35Y153        LUT5 (Prop_lut5_I4_O)        0.105     4.518 r  i_kecc_aes_k_axi_top/i_axi2reg/i__i_3__0/O
                         net (fo=2, estimated)        0.124     4.642    i_kecc_aes_k_axi_top/i_axi2reg/i__i_3__0_n_0
    SLICE_X35Y153        LUT5 (Prop_lut5_I2_O)        0.105     4.747 r  i_kecc_aes_k_axi_top/i_axi2reg/i__i_1__2/O
                         net (fo=3, estimated)        0.385     5.132    i_kecc_aes_k_axi_top/i_axi2reg/i__i_1__2_n_0
    SLICE_X28Y153        LUT6 (Prop_lut6_I0_O)        0.105     5.237 r  i_kecc_aes_k_axi_top/i_axi2reg/i__i_2__2/O
                         net (fo=1403, estimated)     0.736     5.973    i_kecc_aes_k_axi_top/i_axi2reg/i__i_2__2_n_0
    SLICE_X27Y160        LUT5 (Prop_lut5_I3_O)        0.105     6.078 f  i_kecc_aes_k_axi_top/i_axi2reg/mem_q[0][data][63]_i_19/O
                         net (fo=4, estimated)        0.475     6.553    i_kecc_aes_k_axi_top/i_axi2reg/i_axi_lite_to_reg/i_fifo_read/reg_req_i[addr][1]
    SLICE_X27Y160        LUT3 (Prop_lut3_I0_O)        0.105     6.658 f  i_kecc_aes_k_axi_top/i_axi2reg/i_axi_lite_to_reg/i_fifo_read/q[63]_i_6/O
                         net (fo=13, estimated)       0.402     7.060    i_kecc_aes_k_axi_top/i_axi2reg/i_axi_lite_to_reg/i_fifo_read/q[63]_i_6_n_0
    SLICE_X26Y163        LUT6 (Prop_lut6_I3_O)        0.105     7.165 f  i_kecc_aes_k_axi_top/i_axi2reg/i_axi_lite_to_reg/i_fifo_read/q[63]_i_5__1/O
                         net (fo=38, estimated)       0.432     7.597    i_kecc_aes_k_axi_top/i_axi2reg/i_axi_lite_to_reg/i_fifo_read/mem_q_reg[1][4]_13
    SLICE_X23Y165        LUT2 (Prop_lut2_I1_O)        0.105     7.702 f  i_kecc_aes_k_axi_top/i_axi2reg/i_axi_lite_to_reg/i_fifo_read/q[63]_i_3__4/O
                         net (fo=71, estimated)       0.554     8.256    i_kecc_aes_k_axi_top/i_axi2reg/i_axi_lite_to_reg/i_fifo_read/mem_q_reg[1][3]_3
    SLICE_X21Y166        LUT6 (Prop_lut6_I3_O)        0.105     8.361 r  i_kecc_aes_k_axi_top/i_axi2reg/i_axi_lite_to_reg/i_fifo_read/mem_q[0][error]_i_17/O
                         net (fo=1, estimated)        0.113     8.474    i_kecc_aes_k_axi_top/i_axi2reg/i_axi_lite_to_reg/i_fifo_read/mem_q[0][error]_i_17_n_0
    SLICE_X21Y166        LUT6 (Prop_lut6_I5_O)        0.105     8.579 r  i_kecc_aes_k_axi_top/i_axi2reg/i_axi_lite_to_reg/i_fifo_read/mem_q[0][error]_i_16/O
                         net (fo=1, estimated)        0.256     8.835    i_kecc_aes_k_axi_top/i_axi2reg/i_axi_lite_to_reg/i_fifo_read/mem_q[0][error]_i_16_n_0
    SLICE_X18Y167        LUT5 (Prop_lut5_I4_O)        0.105     8.940 f  i_kecc_aes_k_axi_top/i_axi2reg/i_axi_lite_to_reg/i_fifo_read/mem_q[0][error]_i_5/O
                         net (fo=21, estimated)       0.307     9.247    i_kecc_aes_k_axi_top/i_axi2reg/i_axi_lite_to_reg/i_fifo_read/mem_q[0][error]_i_5_n_0
    SLICE_X14Y167        LUT4 (Prop_lut4_I3_O)        0.105     9.352 f  i_kecc_aes_k_axi_top/i_axi2reg/i_axi_lite_to_reg/i_fifo_read/q[63]_i_3__14/O
                         net (fo=141, estimated)      0.498     9.850    i_kecc_aes_k_axi_top/i_axi2reg/i_axi_lite_to_reg/i_fifo_read/q[63]_i_3__14_n_0
    SLICE_X8Y166         LUT5 (Prop_lut5_I3_O)        0.105     9.955 r  i_kecc_aes_k_axi_top/i_axi2reg/i_axi_lite_to_reg/i_fifo_read/q[63]_i_3__24/O
                         net (fo=65, estimated)       1.068    11.023    i_kecc_aes_k_axi_top/i_axi2reg/i_axi_lite_to_reg/i_fifo_write_req/keccak_data_23_we
    SLICE_X3Y164         LUT3 (Prop_lut3_I2_O)        0.115    11.138 f  i_kecc_aes_k_axi_top/i_axi2reg/i_axi_lite_to_reg/i_fifo_write_req/wr_en_data_arb/q[2]_i_1__2/O
                         net (fo=1, estimated)        0.351    11.489    i_kecc_aes_k_axi_top/kecc_aes_k_axi_reg_top_i/u_keccak_data_23/q_reg[63]_0[2]
    SLICE_X5Y165         FDCE                                         f  i_kecc_aes_k_axi_top/kecc_aes_k_axi_reg_top_i/u_keccak_data_23/q_reg[2]/D
  -------------------------------------------------------------------    -------------------

                         (clock clk_i rise edge)     10.000    10.000 r  
                                                      0.000    10.000 r  clk_i (IN)
                         net (fo=4780, unset)         0.748    10.748    i_kecc_aes_k_axi_top/kecc_aes_k_axi_reg_top_i/u_keccak_data_23/clk_i
    SLICE_X5Y165         FDCE                                         r  i_kecc_aes_k_axi_top/kecc_aes_k_axi_reg_top_i/u_keccak_data_23/q_reg[2]/C
                         clock pessimism              0.000    10.748    
                         clock uncertainty           -0.035    10.712    
    SLICE_X5Y165         FDCE (Setup_fdce_C_D)       -0.235    10.477    i_kecc_aes_k_axi_top/kecc_aes_k_axi_reg_top_i/u_keccak_data_23/q_reg[2]
  -------------------------------------------------------------------
                         required time                         10.477    
                         arrival time                         -11.489    
  -------------------------------------------------------------------
                         slack                                 -1.012    

Slack (VIOLATED) :        -1.012ns  (required time - arrival time)
  Source:                 i_kecc_aes_k_axi_top/i_axi2reg/i_axi_to_axi_lite/i_axi_burst_splitter/i_demux_supported_vs_unsupported/gen_demux.gen_ar_id_counter.i_ar_id_counter/gen_counters[24].i_in_flight_cnt/counter_q_reg[0]/C
                            (rising edge-triggered cell FDCE clocked by clk_i  {rise@0.000ns fall@5.000ns period=10.000ns})
  Destination:            i_kecc_aes_k_axi_top/kecc_aes_k_axi_reg_top_i/u_keccak_data_23/q_reg[2]/D
                            (rising edge-triggered cell FDCE clocked by clk_i  {rise@0.000ns fall@5.000ns period=10.000ns})
  Path Group:             clk_i
  Path Type:              Setup (Max at Slow Process Corner)
  Requirement:            10.000ns  (clk_i rise@10.000ns - clk_i rise@0.000ns)
  Data Path Delay:        10.702ns  (logic 2.279ns (21.295%)  route 8.423ns (78.705%))
  Logic Levels:           18  (LUT2=1 LUT3=2 LUT4=3 LUT5=6 LUT6=6)
  Clock Path Skew:        -0.039ns (DCD - SCD + CPR)
    Destination Clock Delay (DCD):    0.748ns = ( 10.748 - 10.000 ) 
    Source Clock Delay      (SCD):    0.787ns
    Clock Pessimism Removal (CPR):    0.000ns
  Clock Uncertainty:      0.035ns  ((TSJ^2 + TIJ^2)^1/2 + DJ) / 2 + PE
    Total System Jitter     (TSJ):    0.071ns
    Total Input Jitter      (TIJ):    0.000ns
    Discrete Jitter          (DJ):    0.000ns
    Phase Error              (PE):    0.000ns

    Location             Delay type                Incr(ns)  Path(ns)    Netlist Resource(s)
  -------------------------------------------------------------------    -------------------
                         (clock clk_i rise edge)      0.000     0.000 r  
                                                      0.000     0.000 r  clk_i (IN)
                         net (fo=4780, unset)         0.787     0.787    i_kecc_aes_k_axi_top/i_axi2reg/i_axi_to_axi_lite/i_axi_burst_splitter/i_demux_supported_vs_unsupported/gen_demux.gen_ar_id_counter.i_ar_id_counter/gen_counters[24].i_in_flight_cnt/clk_i
    SLICE_X47Y145        FDCE                                         r  i_kecc_aes_k_axi_top/i_axi2reg/i_axi_to_axi_lite/i_axi_burst_splitter/i_demux_supported_vs_unsupported/gen_demux.gen_ar_id_counter.i_ar_id_counter/gen_counters[24].i_in_flight_cnt/counter_q_reg[0]/C
  -------------------------------------------------------------------    -------------------
    SLICE_X47Y145        FDCE (Prop_fdce_C_Q)         0.379     1.166 f  i_kecc_aes_k_axi_top/i_axi2reg/i_axi_to_axi_lite/i_axi_burst_splitter/i_demux_supported_vs_unsupported/gen_demux.gen_ar_id_counter.i_ar_id_counter/gen_counters[24].i_in_flight_cnt/counter_q_reg[0]/Q
                         net (fo=4, estimated)        0.528     1.694    i_kecc_aes_k_axi_top/i_axi2reg/i_axi_to_axi_lite/i_axi_burst_splitter/i_demux_supported_vs_unsupported/gen_demux.gen_ar_id_counter.i_ar_id_counter/gen_counters[24].i_in_flight_cnt/counter_q_reg[0]_0
    SLICE_X47Y146        LUT4 (Prop_lut4_I0_O)        0.105     1.799 f  i_kecc_aes_k_axi_top/i_axi2reg/i_axi_to_axi_lite/i_axi_burst_splitter/i_demux_supported_vs_unsupported/gen_demux.gen_ar_id_counter.i_ar_id_counter/gen_counters[24].i_in_flight_cnt/axi_rsp_o[ar_ready]_INST_0_i_32/O
                         net (fo=1, estimated)        0.465     2.264    i_kecc_aes_k_axi_top/i_axi2reg/i_axi_to_axi_lite/i_axi_burst_splitter/i_demux_supported_vs_unsupported/gen_demux.gen_ar_id_counter.i_ar_id_counter/gen_counters[26].i_in_flight_cnt/axi_rsp_o[ar_ready]_INST_0_i_5
    SLICE_X43Y146        LUT4 (Prop_lut4_I1_O)        0.105     2.369 f  i_kecc_aes_k_axi_top/i_axi2reg/i_axi_to_axi_lite/i_axi_burst_splitter/i_demux_supported_vs_unsupported/gen_demux.gen_ar_id_counter.i_ar_id_counter/gen_counters[26].i_in_flight_cnt/axi_rsp_o[ar_ready]_INST_0_i_17/O
                         net (fo=1, estimated)        0.333     2.702    i_kecc_aes_k_axi_top/i_axi2reg/i_axi_to_axi_lite/i_axi_burst_splitter/i_demux_supported_vs_unsupported/gen_demux.gen_ar_id_counter.i_ar_id_counter/gen_counters[9].i_in_flight_cnt/gen_demux.lock_ar_valid_q_reg_4
    SLICE_X42Y147        LUT6 (Prop_lut6_I4_O)        0.105     2.807 f  i_kecc_aes_k_axi_top/i_axi2reg/i_axi_to_axi_lite/i_axi_burst_splitter/i_demux_supported_vs_unsupported/gen_demux.gen_ar_id_counter.i_ar_id_counter/gen_counters[9].i_in_flight_cnt/axi_rsp_o[ar_ready]_INST_0_i_5/O
                         net (fo=6, estimated)        0.858     3.665    i_kecc_aes_k_axi_top/i_axi2reg/i_axi_to_axi_lite/i_axi_burst_splitter/i_demux_supported_vs_unsupported/gen_demux.gen_aw_id_counter.i_aw_id_counter/gen_counters[21].i_in_flight_cnt/gen_demux.lock_aw_valid_q_reg_0
    SLICE_X33Y152        LUT6 (Prop_lut6_I2_O)        0.105     3.770 r  i_kecc_aes_k_axi_top/i_axi2reg/i_axi_to_axi_lite/i_axi_burst_splitter/i_demux_supported_vs_unsupported/gen_demux.gen_aw_id_counter.i_aw_id_counter/gen_counters[21].i_in_flight_cnt/axi_rsp_o[aw_ready]_INST_0_i_4/O
                         net (fo=4, estimated)        0.229     3.999    i_kecc_aes_k_axi_top/i_axi2reg/i_axi_to_axi_lite/i_axi_burst_splitter/i_demux_supported_vs_unsupported/gen_demux.gen_aw_id_counter.i_aw_id_counter/gen_counters[3].i_in_flight_cnt/gen_demux.aw_valid1
    SLICE_X33Y152        LUT5 (Prop_lut5_I3_O)        0.105     4.104 r  i_kecc_aes_k_axi_top/i_axi2reg/i_axi_to_axi_lite/i_axi_burst_splitter/i_demux_supported_vs_unsupported/gen_demux.gen_aw_id_counter.i_aw_id_counter/gen_counters[3].i_in_flight_cnt/i__i_4__6/O
                         net (fo=21, estimated)       0.309     4.413    i_kecc_aes_k_axi_top/i_axi2reg/i_axi_burst_splitter/i_axi_burst_splitter_aw_chan/state_d0
    SLICE_X35Y153        LUT5 (Prop_lut5_I4_O)        0.105     4.518 f  i_kecc_aes_k_axi_top/i_axi2reg/i__i_3__0/O
                         net (fo=2, estimated)        0.124     4.642    i_kecc_aes_k_axi_top/i_axi2reg/i__i_3__0_n_0
    SLICE_X35Y153        LUT5 (Prop_lut5_I2_O)        0.105     4.747 f  i_kecc_aes_k_axi_top/i_axi2reg/i__i_1__2/O
                         net (fo=3, estimated)        0.385     5.132    i_kecc_aes_k_axi_top/i_axi2reg/i__i_1__2_n_0
    SLICE_X28Y153        LUT6 (Prop_lut6_I0_O)        0.105     5.237 f  i_kecc_aes_k_axi_top/i_axi2reg/i__i_2__2/O
                         net (fo=1403, estimated)     0.736     5.973    i_kecc_aes_k_axi_top/i_axi2reg/i__i_2__2_n_0
    SLICE_X27Y160        LUT5 (Prop_lut5_I3_O)        0.105     6.078 f  i_kecc_aes_k_axi_top/i_axi2reg/mem_q[0][data][63]_i_19/O
                         net (fo=4, estimated)        0.475     6.553    i_kecc_aes_k_axi_top/i_axi2reg/i_axi_lite_to_reg/i_fifo_read/reg_req_i[addr][1]
    SLICE_X27Y160        LUT3 (Prop_lut3_I0_O)        0.105     6.658 f  i_kecc_aes_k_axi_top/i_axi2reg/i_axi_lite_to_reg/i_fifo_read/q[63]_i_6/O
                         net (fo=13, estimated)       0.402     7.060    i_kecc_aes_k_axi_top/i_axi2reg/i_axi_lite_to_reg/i_fifo_read/q[63]_i_6_n_0
    SLICE_X26Y163        LUT6 (Prop_lut6_I3_O)        0.105     7.165 f  i_kecc_aes_k_axi_top/i_axi2reg/i_axi_lite_to_reg/i_fifo_read/q[63]_i_5__1/O
                         net (fo=38, estimated)       0.432     7.597    i_kecc_aes_k_axi_top/i_axi2reg/i_axi_lite_to_reg/i_fifo_read/mem_q_reg[1][4]_13
    SLICE_X23Y165        LUT2 (Prop_lut2_I1_O)        0.105     7.702 f  i_kecc_aes_k_axi_top/i_axi2reg/i_axi_lite_to_reg/i_fifo_read/q[63]_i_3__4/O
                         net (fo=71, estimated)       0.554     8.256    i_kecc_aes_k_axi_top/i_axi2reg/i_axi_lite_to_reg/i_fifo_read/mem_q_reg[1][3]_3
    SLICE_X21Y166        LUT6 (Prop_lut6_I3_O)        0.105     8.361 r  i_kecc_aes_k_axi_top/i_axi2reg/i_axi_lite_to_reg/i_fifo_read/mem_q[0][error]_i_17/O
                         net (fo=1, estimated)        0.113     8.474    i_kecc_aes_k_axi_top/i_axi2reg/i_axi_lite_to_reg/i_fifo_read/mem_q[0][error]_i_17_n_0
    SLICE_X21Y166        LUT6 (Prop_lut6_I5_O)        0.105     8.579 r  i_kecc_aes_k_axi_top/i_axi2reg/i_axi_lite_to_reg/i_fifo_read/mem_q[0][error]_i_16/O
                         net (fo=1, estimated)        0.256     8.835    i_kecc_aes_k_axi_top/i_axi2reg/i_axi_lite_to_reg/i_fifo_read/mem_q[0][error]_i_16_n_0
    SLICE_X18Y167        LUT5 (Prop_lut5_I4_O)        0.105     8.940 f  i_kecc_aes_k_axi_top/i_axi2reg/i_axi_lite_to_reg/i_fifo_read/mem_q[0][error]_i_5/O
                         net (fo=21, estimated)       0.307     9.247    i_kecc_aes_k_axi_top/i_axi2reg/i_axi_lite_to_reg/i_fifo_read/mem_q[0][error]_i_5_n_0
    SLICE_X14Y167        LUT4 (Prop_lut4_I3_O)        0.105     9.352 f  i_kecc_aes_k_axi_top/i_axi2reg/i_axi_lite_to_reg/i_fifo_read/q[63]_i_3__14/O
                         net (fo=141, estimated)      0.498     9.850    i_kecc_aes_k_axi_top/i_axi2reg/i_axi_lite_to_reg/i_fifo_read/q[63]_i_3__14_n_0
    SLICE_X8Y166         LUT5 (Prop_lut5_I3_O)        0.105     9.955 r  i_kecc_aes_k_axi_top/i_axi2reg/i_axi_lite_to_reg/i_fifo_read/q[63]_i_3__24/O
                         net (fo=65, estimated)       1.068    11.023    i_kecc_aes_k_axi_top/i_axi2reg/i_axi_lite_to_reg/i_fifo_write_req/keccak_data_23_we
    SLICE_X3Y164         LUT3 (Prop_lut3_I2_O)        0.115    11.138 f  i_kecc_aes_k_axi_top/i_axi2reg/i_axi_lite_to_reg/i_fifo_write_req/wr_en_data_arb/q[2]_i_1__2/O
                         net (fo=1, estimated)        0.351    11.489    i_kecc_aes_k_axi_top/kecc_aes_k_axi_reg_top_i/u_keccak_data_23/q_reg[63]_0[2]
    SLICE_X5Y165         FDCE                                         f  i_kecc_aes_k_axi_top/kecc_aes_k_axi_reg_top_i/u_keccak_data_23/q_reg[2]/D
  -------------------------------------------------------------------    -------------------

                         (clock clk_i rise edge)     10.000    10.000 r  
                                                      0.000    10.000 r  clk_i (IN)
                         net (fo=4780, unset)         0.748    10.748    i_kecc_aes_k_axi_top/kecc_aes_k_axi_reg_top_i/u_keccak_data_23/clk_i
    SLICE_X5Y165         FDCE                                         r  i_kecc_aes_k_axi_top/kecc_aes_k_axi_reg_top_i/u_keccak_data_23/q_reg[2]/C
                         clock pessimism              0.000    10.748    
                         clock uncertainty           -0.035    10.712    
    SLICE_X5Y165         FDCE (Setup_fdce_C_D)       -0.235    10.477    i_kecc_aes_k_axi_top/kecc_aes_k_axi_reg_top_i/u_keccak_data_23/q_reg[2]
  -------------------------------------------------------------------
                         required time                         10.477    
                         arrival time                         -11.489    
  -------------------------------------------------------------------
                         slack                                 -1.012    

Slack (VIOLATED) :        -1.012ns  (required time - arrival time)
  Source:                 i_kecc_aes_k_axi_top/i_axi2reg/i_axi_to_axi_lite/i_axi_burst_splitter/i_demux_supported_vs_unsupported/gen_demux.gen_ar_id_counter.i_ar_id_counter/gen_counters[24].i_in_flight_cnt/counter_q_reg[0]/C
                            (rising edge-triggered cell FDCE clocked by clk_i  {rise@0.000ns fall@5.000ns period=10.000ns})
  Destination:            i_kecc_aes_k_axi_top/kecc_aes_k_axi_reg_top_i/u_keccak_data_23/q_reg[2]/D
                            (rising edge-triggered cell FDCE clocked by clk_i  {rise@0.000ns fall@5.000ns period=10.000ns})
  Path Group:             clk_i
  Path Type:              Setup (Max at Slow Process Corner)
  Requirement:            10.000ns  (clk_i rise@10.000ns - clk_i rise@0.000ns)
  Data Path Delay:        10.702ns  (logic 2.279ns (21.295%)  route 8.423ns (78.705%))
  Logic Levels:           18  (LUT2=1 LUT3=2 LUT4=3 LUT5=6 LUT6=6)
  Clock Path Skew:        -0.039ns (DCD - SCD + CPR)
    Destination Clock Delay (DCD):    0.748ns = ( 10.748 - 10.000 ) 
    Source Clock Delay      (SCD):    0.787ns
    Clock Pessimism Removal (CPR):    0.000ns
  Clock Uncertainty:      0.035ns  ((TSJ^2 + TIJ^2)^1/2 + DJ) / 2 + PE
    Total System Jitter     (TSJ):    0.071ns
    Total Input Jitter      (TIJ):    0.000ns
    Discrete Jitter          (DJ):    0.000ns
    Phase Error              (PE):    0.000ns

    Location             Delay type                Incr(ns)  Path(ns)    Netlist Resource(s)
  -------------------------------------------------------------------    -------------------
                         (clock clk_i rise edge)      0.000     0.000 r  
                                                      0.000     0.000 r  clk_i (IN)
                         net (fo=4780, unset)         0.787     0.787    i_kecc_aes_k_axi_top/i_axi2reg/i_axi_to_axi_lite/i_axi_burst_splitter/i_demux_supported_vs_unsupported/gen_demux.gen_ar_id_counter.i_ar_id_counter/gen_counters[24].i_in_flight_cnt/clk_i
    SLICE_X47Y145        FDCE                                         r  i_kecc_aes_k_axi_top/i_axi2reg/i_axi_to_axi_lite/i_axi_burst_splitter/i_demux_supported_vs_unsupported/gen_demux.gen_ar_id_counter.i_ar_id_counter/gen_counters[24].i_in_flight_cnt/counter_q_reg[0]/C
  -------------------------------------------------------------------    -------------------
    SLICE_X47Y145        FDCE (Prop_fdce_C_Q)         0.379     1.166 r  i_kecc_aes_k_axi_top/i_axi2reg/i_axi_to_axi_lite/i_axi_burst_splitter/i_demux_supported_vs_unsupported/gen_demux.gen_ar_id_counter.i_ar_id_counter/gen_counters[24].i_in_flight_cnt/counter_q_reg[0]/Q
                         net (fo=4, estimated)        0.528     1.694    i_kecc_aes_k_axi_top/i_axi2reg/i_axi_to_axi_lite/i_axi_burst_splitter/i_demux_supported_vs_unsupported/gen_demux.gen_ar_id_counter.i_ar_id_counter/gen_counters[24].i_in_flight_cnt/counter_q_reg[0]_0
    SLICE_X47Y146        LUT4 (Prop_lut4_I0_O)        0.105     1.799 r  i_kecc_aes_k_axi_top/i_axi2reg/i_axi_to_axi_lite/i_axi_burst_splitter/i_demux_supported_vs_unsupported/gen_demux.gen_ar_id_counter.i_ar_id_counter/gen_counters[24].i_in_flight_cnt/axi_rsp_o[ar_ready]_INST_0_i_32/O
                         net (fo=1, estimated)        0.465     2.264    i_kecc_aes_k_axi_top/i_axi2reg/i_axi_to_axi_lite/i_axi_burst_splitter/i_demux_supported_vs_unsupported/gen_demux.gen_ar_id_counter.i_ar_id_counter/gen_counters[26].i_in_flight_cnt/axi_rsp_o[ar_ready]_INST_0_i_5
    SLICE_X43Y146        LUT4 (Prop_lut4_I1_O)        0.105     2.369 r  i_kecc_aes_k_axi_top/i_axi2reg/i_axi_to_axi_lite/i_axi_burst_splitter/i_demux_supported_vs_unsupported/gen_demux.gen_ar_id_counter.i_ar_id_counter/gen_counters[26].i_in_flight_cnt/axi_rsp_o[ar_ready]_INST_0_i_17/O
                         net (fo=1, estimated)        0.333     2.702    i_kecc_aes_k_axi_top/i_axi2reg/i_axi_to_axi_lite/i_axi_burst_splitter/i_demux_supported_vs_unsupported/gen_demux.gen_ar_id_counter.i_ar_id_counter/gen_counters[9].i_in_flight_cnt/gen_demux.lock_ar_valid_q_reg_4
    SLICE_X42Y147        LUT6 (Prop_lut6_I4_O)        0.105     2.807 r  i_kecc_aes_k_axi_top/i_axi2reg/i_axi_to_axi_lite/i_axi_burst_splitter/i_demux_supported_vs_unsupported/gen_demux.gen_ar_id_counter.i_ar_id_counter/gen_counters[9].i_in_flight_cnt/axi_rsp_o[ar_ready]_INST_0_i_5/O
                         net (fo=6, estimated)        0.858     3.665    i_kecc_aes_k_axi_top/i_axi2reg/i_axi_to_axi_lite/i_axi_burst_splitter/i_demux_supported_vs_unsupported/gen_demux.gen_aw_id_counter.i_aw_id_counter/gen_counters[21].i_in_flight_cnt/gen_demux.lock_aw_valid_q_reg_0
    SLICE_X33Y152        LUT6 (Prop_lut6_I2_O)        0.105     3.770 f  i_kecc_aes_k_axi_top/i_axi2reg/i_axi_to_axi_lite/i_axi_burst_splitter/i_demux_supported_vs_unsupported/gen_demux.gen_aw_id_counter.i_aw_id_counter/gen_counters[21].i_in_flight_cnt/axi_rsp_o[aw_ready]_INST_0_i_4/O
                         net (fo=4, estimated)        0.229     3.999    i_kecc_aes_k_axi_top/i_axi2reg/i_axi_to_axi_lite/i_axi_burst_splitter/i_demux_supported_vs_unsupported/gen_demux.gen_aw_id_counter.i_aw_id_counter/gen_counters[3].i_in_flight_cnt/gen_demux.aw_valid1
    SLICE_X33Y152        LUT5 (Prop_lut5_I3_O)        0.105     4.104 f  i_kecc_aes_k_axi_top/i_axi2reg/i_axi_to_axi_lite/i_axi_burst_splitter/i_demux_supported_vs_unsupported/gen_demux.gen_aw_id_counter.i_aw_id_counter/gen_counters[3].i_in_flight_cnt/i__i_4__6/O
                         net (fo=21, estimated)       0.309     4.413    i_kecc_aes_k_axi_top/i_axi2reg/i_axi_burst_splitter/i_axi_burst_splitter_aw_chan/state_d0
    SLICE_X35Y153        LUT5 (Prop_lut5_I4_O)        0.105     4.518 r  i_kecc_aes_k_axi_top/i_axi2reg/i__i_3__0/O
                         net (fo=2, estimated)        0.124     4.642    i_kecc_aes_k_axi_top/i_axi2reg/i__i_3__0_n_0
    SLICE_X35Y153        LUT5 (Prop_lut5_I2_O)        0.105     4.747 r  i_kecc_aes_k_axi_top/i_axi2reg/i__i_1__2/O
                         net (fo=3, estimated)        0.385     5.132    i_kecc_aes_k_axi_top/i_axi2reg/i__i_1__2_n_0
    SLICE_X28Y153        LUT6 (Prop_lut6_I0_O)        0.105     5.237 r  i_kecc_aes_k_axi_top/i_axi2reg/i__i_2__2/O
                         net (fo=1403, estimated)     0.736     5.973    i_kecc_aes_k_axi_top/i_axi2reg/i__i_2__2_n_0
    SLICE_X27Y160        LUT5 (Prop_lut5_I3_O)        0.105     6.078 r  i_kecc_aes_k_axi_top/i_axi2reg/mem_q[0][data][63]_i_19/O
                         net (fo=4, estimated)        0.475     6.553    i_kecc_aes_k_axi_top/i_axi2reg/i_axi_lite_to_reg/i_fifo_read/reg_req_i[addr][1]
    SLICE_X27Y160        LUT3 (Prop_lut3_I0_O)        0.105     6.658 r  i_kecc_aes_k_axi_top/i_axi2reg/i_axi_lite_to_reg/i_fifo_read/q[63]_i_6/O
                         net (fo=13, estimated)       0.402     7.060    i_kecc_aes_k_axi_top/i_axi2reg/i_axi_lite_to_reg/i_fifo_read/q[63]_i_6_n_0
    SLICE_X26Y163        LUT6 (Prop_lut6_I3_O)        0.105     7.165 r  i_kecc_aes_k_axi_top/i_axi2reg/i_axi_lite_to_reg/i_fifo_read/q[63]_i_5__1/O
                         net (fo=38, estimated)       0.432     7.597    i_kecc_aes_k_axi_top/i_axi2reg/i_axi_lite_to_reg/i_fifo_read/mem_q_reg[1][4]_13
    SLICE_X23Y165        LUT2 (Prop_lut2_I1_O)        0.105     7.702 r  i_kecc_aes_k_axi_top/i_axi2reg/i_axi_lite_to_reg/i_fifo_read/q[63]_i_3__4/O
                         net (fo=71, estimated)       0.554     8.256    i_kecc_aes_k_axi_top/i_axi2reg/i_axi_lite_to_reg/i_fifo_read/mem_q_reg[1][3]_3
    SLICE_X21Y166        LUT6 (Prop_lut6_I3_O)        0.105     8.361 f  i_kecc_aes_k_axi_top/i_axi2reg/i_axi_lite_to_reg/i_fifo_read/mem_q[0][error]_i_17/O
                         net (fo=1, estimated)        0.113     8.474    i_kecc_aes_k_axi_top/i_axi2reg/i_axi_lite_to_reg/i_fifo_read/mem_q[0][error]_i_17_n_0
    SLICE_X21Y166        LUT6 (Prop_lut6_I5_O)        0.105     8.579 f  i_kecc_aes_k_axi_top/i_axi2reg/i_axi_lite_to_reg/i_fifo_read/mem_q[0][error]_i_16/O
                         net (fo=1, estimated)        0.256     8.835    i_kecc_aes_k_axi_top/i_axi2reg/i_axi_lite_to_reg/i_fifo_read/mem_q[0][error]_i_16_n_0
    SLICE_X18Y167        LUT5 (Prop_lut5_I4_O)        0.105     8.940 r  i_kecc_aes_k_axi_top/i_axi2reg/i_axi_lite_to_reg/i_fifo_read/mem_q[0][error]_i_5/O
                         net (fo=21, estimated)       0.307     9.247    i_kecc_aes_k_axi_top/i_axi2reg/i_axi_lite_to_reg/i_fifo_read/mem_q[0][error]_i_5_n_0
    SLICE_X14Y167        LUT4 (Prop_lut4_I3_O)        0.105     9.352 r  i_kecc_aes_k_axi_top/i_axi2reg/i_axi_lite_to_reg/i_fifo_read/q[63]_i_3__14/O
                         net (fo=141, estimated)      0.498     9.850    i_kecc_aes_k_axi_top/i_axi2reg/i_axi_lite_to_reg/i_fifo_read/q[63]_i_3__14_n_0
    SLICE_X8Y166         LUT5 (Prop_lut5_I3_O)        0.105     9.955 f  i_kecc_aes_k_axi_top/i_axi2reg/i_axi_lite_to_reg/i_fifo_read/q[63]_i_3__24/O
                         net (fo=65, estimated)       1.068    11.023    i_kecc_aes_k_axi_top/i_axi2reg/i_axi_lite_to_reg/i_fifo_write_req/keccak_data_23_we
    SLICE_X3Y164         LUT3 (Prop_lut3_I2_O)        0.115    11.138 f  i_kecc_aes_k_axi_top/i_axi2reg/i_axi_lite_to_reg/i_fifo_write_req/wr_en_data_arb/q[2]_i_1__2/O
                         net (fo=1, estimated)        0.351    11.489    i_kecc_aes_k_axi_top/kecc_aes_k_axi_reg_top_i/u_keccak_data_23/q_reg[63]_0[2]
    SLICE_X5Y165         FDCE                                         f  i_kecc_aes_k_axi_top/kecc_aes_k_axi_reg_top_i/u_keccak_data_23/q_reg[2]/D
  -------------------------------------------------------------------    -------------------

                         (clock clk_i rise edge)     10.000    10.000 r  
                                                      0.000    10.000 r  clk_i (IN)
                         net (fo=4780, unset)         0.748    10.748    i_kecc_aes_k_axi_top/kecc_aes_k_axi_reg_top_i/u_keccak_data_23/clk_i
    SLICE_X5Y165         FDCE                                         r  i_kecc_aes_k_axi_top/kecc_aes_k_axi_reg_top_i/u_keccak_data_23/q_reg[2]/C
                         clock pessimism              0.000    10.748    
                         clock uncertainty           -0.035    10.712    
    SLICE_X5Y165         FDCE (Setup_fdce_C_D)       -0.235    10.477    i_kecc_aes_k_axi_top/kecc_aes_k_axi_reg_top_i/u_keccak_data_23/q_reg[2]
  -------------------------------------------------------------------
                         required time                         10.477    
                         arrival time                         -11.489    
  -------------------------------------------------------------------
                         slack                                 -1.012    

Slack (VIOLATED) :        -1.012ns  (required time - arrival time)
  Source:                 i_kecc_aes_k_axi_top/i_axi2reg/i_axi_to_axi_lite/i_axi_burst_splitter/i_demux_supported_vs_unsupported/gen_demux.gen_ar_id_counter.i_ar_id_counter/gen_counters[24].i_in_flight_cnt/counter_q_reg[0]/C
                            (rising edge-triggered cell FDCE clocked by clk_i  {rise@0.000ns fall@5.000ns period=10.000ns})
  Destination:            i_kecc_aes_k_axi_top/kecc_aes_k_axi_reg_top_i/u_keccak_data_23/q_reg[2]/D
                            (rising edge-triggered cell FDCE clocked by clk_i  {rise@0.000ns fall@5.000ns period=10.000ns})
  Path Group:             clk_i
  Path Type:              Setup (Max at Slow Process Corner)
  Requirement:            10.000ns  (clk_i rise@10.000ns - clk_i rise@0.000ns)
  Data Path Delay:        10.702ns  (logic 2.279ns (21.295%)  route 8.423ns (78.705%))
  Logic Levels:           18  (LUT2=1 LUT3=2 LUT4=3 LUT5=6 LUT6=6)
  Clock Path Skew:        -0.039ns (DCD - SCD + CPR)
    Destination Clock Delay (DCD):    0.748ns = ( 10.748 - 10.000 ) 
    Source Clock Delay      (SCD):    0.787ns
    Clock Pessimism Removal (CPR):    0.000ns
  Clock Uncertainty:      0.035ns  ((TSJ^2 + TIJ^2)^1/2 + DJ) / 2 + PE
    Total System Jitter     (TSJ):    0.071ns
    Total Input Jitter      (TIJ):    0.000ns
    Discrete Jitter          (DJ):    0.000ns
    Phase Error              (PE):    0.000ns

    Location             Delay type                Incr(ns)  Path(ns)    Netlist Resource(s)
  -------------------------------------------------------------------    -------------------
                         (clock clk_i rise edge)      0.000     0.000 r  
                                                      0.000     0.000 r  clk_i (IN)
                         net (fo=4780, unset)         0.787     0.787    i_kecc_aes_k_axi_top/i_axi2reg/i_axi_to_axi_lite/i_axi_burst_splitter/i_demux_supported_vs_unsupported/gen_demux.gen_ar_id_counter.i_ar_id_counter/gen_counters[24].i_in_flight_cnt/clk_i
    SLICE_X47Y145        FDCE                                         r  i_kecc_aes_k_axi_top/i_axi2reg/i_axi_to_axi_lite/i_axi_burst_splitter/i_demux_supported_vs_unsupported/gen_demux.gen_ar_id_counter.i_ar_id_counter/gen_counters[24].i_in_flight_cnt/counter_q_reg[0]/C
  -------------------------------------------------------------------    -------------------
    SLICE_X47Y145        FDCE (Prop_fdce_C_Q)         0.379     1.166 f  i_kecc_aes_k_axi_top/i_axi2reg/i_axi_to_axi_lite/i_axi_burst_splitter/i_demux_supported_vs_unsupported/gen_demux.gen_ar_id_counter.i_ar_id_counter/gen_counters[24].i_in_flight_cnt/counter_q_reg[0]/Q
                         net (fo=4, estimated)        0.528     1.694    i_kecc_aes_k_axi_top/i_axi2reg/i_axi_to_axi_lite/i_axi_burst_splitter/i_demux_supported_vs_unsupported/gen_demux.gen_ar_id_counter.i_ar_id_counter/gen_counters[24].i_in_flight_cnt/counter_q_reg[0]_0
    SLICE_X47Y146        LUT4 (Prop_lut4_I0_O)        0.105     1.799 f  i_kecc_aes_k_axi_top/i_axi2reg/i_axi_to_axi_lite/i_axi_burst_splitter/i_demux_supported_vs_unsupported/gen_demux.gen_ar_id_counter.i_ar_id_counter/gen_counters[24].i_in_flight_cnt/axi_rsp_o[ar_ready]_INST_0_i_32/O
                         net (fo=1, estimated)        0.465     2.264    i_kecc_aes_k_axi_top/i_axi2reg/i_axi_to_axi_lite/i_axi_burst_splitter/i_demux_supported_vs_unsupported/gen_demux.gen_ar_id_counter.i_ar_id_counter/gen_counters[26].i_in_flight_cnt/axi_rsp_o[ar_ready]_INST_0_i_5
    SLICE_X43Y146        LUT4 (Prop_lut4_I1_O)        0.105     2.369 f  i_kecc_aes_k_axi_top/i_axi2reg/i_axi_to_axi_lite/i_axi_burst_splitter/i_demux_supported_vs_unsupported/gen_demux.gen_ar_id_counter.i_ar_id_counter/gen_counters[26].i_in_flight_cnt/axi_rsp_o[ar_ready]_INST_0_i_17/O
                         net (fo=1, estimated)        0.333     2.702    i_kecc_aes_k_axi_top/i_axi2reg/i_axi_to_axi_lite/i_axi_burst_splitter/i_demux_supported_vs_unsupported/gen_demux.gen_ar_id_counter.i_ar_id_counter/gen_counters[9].i_in_flight_cnt/gen_demux.lock_ar_valid_q_reg_4
    SLICE_X42Y147        LUT6 (Prop_lut6_I4_O)        0.105     2.807 f  i_kecc_aes_k_axi_top/i_axi2reg/i_axi_to_axi_lite/i_axi_burst_splitter/i_demux_supported_vs_unsupported/gen_demux.gen_ar_id_counter.i_ar_id_counter/gen_counters[9].i_in_flight_cnt/axi_rsp_o[ar_ready]_INST_0_i_5/O
                         net (fo=6, estimated)        0.858     3.665    i_kecc_aes_k_axi_top/i_axi2reg/i_axi_to_axi_lite/i_axi_burst_splitter/i_demux_supported_vs_unsupported/gen_demux.gen_aw_id_counter.i_aw_id_counter/gen_counters[21].i_in_flight_cnt/gen_demux.lock_aw_valid_q_reg_0
    SLICE_X33Y152        LUT6 (Prop_lut6_I2_O)        0.105     3.770 r  i_kecc_aes_k_axi_top/i_axi2reg/i_axi_to_axi_lite/i_axi_burst_splitter/i_demux_supported_vs_unsupported/gen_demux.gen_aw_id_counter.i_aw_id_counter/gen_counters[21].i_in_flight_cnt/axi_rsp_o[aw_ready]_INST_0_i_4/O
                         net (fo=4, estimated)        0.229     3.999    i_kecc_aes_k_axi_top/i_axi2reg/i_axi_to_axi_lite/i_axi_burst_splitter/i_demux_supported_vs_unsupported/gen_demux.gen_aw_id_counter.i_aw_id_counter/gen_counters[3].i_in_flight_cnt/gen_demux.aw_valid1
    SLICE_X33Y152        LUT5 (Prop_lut5_I3_O)        0.105     4.104 r  i_kecc_aes_k_axi_top/i_axi2reg/i_axi_to_axi_lite/i_axi_burst_splitter/i_demux_supported_vs_unsupported/gen_demux.gen_aw_id_counter.i_aw_id_counter/gen_counters[3].i_in_flight_cnt/i__i_4__6/O
                         net (fo=21, estimated)       0.309     4.413    i_kecc_aes_k_axi_top/i_axi2reg/i_axi_burst_splitter/i_axi_burst_splitter_aw_chan/state_d0
    SLICE_X35Y153        LUT5 (Prop_lut5_I4_O)        0.105     4.518 f  i_kecc_aes_k_axi_top/i_axi2reg/i__i_3__0/O
                         net (fo=2, estimated)        0.124     4.642    i_kecc_aes_k_axi_top/i_axi2reg/i__i_3__0_n_0
    SLICE_X35Y153        LUT5 (Prop_lut5_I2_O)        0.105     4.747 f  i_kecc_aes_k_axi_top/i_axi2reg/i__i_1__2/O
                         net (fo=3, estimated)        0.385     5.132    i_kecc_aes_k_axi_top/i_axi2reg/i__i_1__2_n_0
    SLICE_X28Y153        LUT6 (Prop_lut6_I0_O)        0.105     5.237 f  i_kecc_aes_k_axi_top/i_axi2reg/i__i_2__2/O
                         net (fo=1403, estimated)     0.736     5.973    i_kecc_aes_k_axi_top/i_axi2reg/i__i_2__2_n_0
    SLICE_X27Y160        LUT5 (Prop_lut5_I3_O)        0.105     6.078 r  i_kecc_aes_k_axi_top/i_axi2reg/mem_q[0][data][63]_i_19/O
                         net (fo=4, estimated)        0.475     6.553    i_kecc_aes_k_axi_top/i_axi2reg/i_axi_lite_to_reg/i_fifo_read/reg_req_i[addr][1]
    SLICE_X27Y160        LUT3 (Prop_lut3_I0_O)        0.105     6.658 r  i_kecc_aes_k_axi_top/i_axi2reg/i_axi_lite_to_reg/i_fifo_read/q[63]_i_6/O
                         net (fo=13, estimated)       0.402     7.060    i_kecc_aes_k_axi_top/i_axi2reg/i_axi_lite_to_reg/i_fifo_read/q[63]_i_6_n_0
    SLICE_X26Y163        LUT6 (Prop_lut6_I3_O)        0.105     7.165 r  i_kecc_aes_k_axi_top/i_axi2reg/i_axi_lite_to_reg/i_fifo_read/q[63]_i_5__1/O
                         net (fo=38, estimated)       0.432     7.597    i_kecc_aes_k_axi_top/i_axi2reg/i_axi_lite_to_reg/i_fifo_read/mem_q_reg[1][4]_13
    SLICE_X23Y165        LUT2 (Prop_lut2_I1_O)        0.105     7.702 r  i_kecc_aes_k_axi_top/i_axi2reg/i_axi_lite_to_reg/i_fifo_read/q[63]_i_3__4/O
                         net (fo=71, estimated)       0.554     8.256    i_kecc_aes_k_axi_top/i_axi2reg/i_axi_lite_to_reg/i_fifo_read/mem_q_reg[1][3]_3
    SLICE_X21Y166        LUT6 (Prop_lut6_I3_O)        0.105     8.361 f  i_kecc_aes_k_axi_top/i_axi2reg/i_axi_lite_to_reg/i_fifo_read/mem_q[0][error]_i_17/O
                         net (fo=1, estimated)        0.113     8.474    i_kecc_aes_k_axi_top/i_axi2reg/i_axi_lite_to_reg/i_fifo_read/mem_q[0][error]_i_17_n_0
    SLICE_X21Y166        LUT6 (Prop_lut6_I5_O)        0.105     8.579 f  i_kecc_aes_k_axi_top/i_axi2reg/i_axi_lite_to_reg/i_fifo_read/mem_q[0][error]_i_16/O
                         net (fo=1, estimated)        0.256     8.835    i_kecc_aes_k_axi_top/i_axi2reg/i_axi_lite_to_reg/i_fifo_read/mem_q[0][error]_i_16_n_0
    SLICE_X18Y167        LUT5 (Prop_lut5_I4_O)        0.105     8.940 r  i_kecc_aes_k_axi_top/i_axi2reg/i_axi_lite_to_reg/i_fifo_read/mem_q[0][error]_i_5/O
                         net (fo=21, estimated)       0.307     9.247    i_kecc_aes_k_axi_top/i_axi2reg/i_axi_lite_to_reg/i_fifo_read/mem_q[0][error]_i_5_n_0
    SLICE_X14Y167        LUT4 (Prop_lut4_I3_O)        0.105     9.352 r  i_kecc_aes_k_axi_top/i_axi2reg/i_axi_lite_to_reg/i_fifo_read/q[63]_i_3__14/O
                         net (fo=141, estimated)      0.498     9.850    i_kecc_aes_k_axi_top/i_axi2reg/i_axi_lite_to_reg/i_fifo_read/q[63]_i_3__14_n_0
    SLICE_X8Y166         LUT5 (Prop_lut5_I3_O)        0.105     9.955 f  i_kecc_aes_k_axi_top/i_axi2reg/i_axi_lite_to_reg/i_fifo_read/q[63]_i_3__24/O
                         net (fo=65, estimated)       1.068    11.023    i_kecc_aes_k_axi_top/i_axi2reg/i_axi_lite_to_reg/i_fifo_write_req/keccak_data_23_we
    SLICE_X3Y164         LUT3 (Prop_lut3_I2_O)        0.115    11.138 f  i_kecc_aes_k_axi_top/i_axi2reg/i_axi_lite_to_reg/i_fifo_write_req/wr_en_data_arb/q[2]_i_1__2/O
                         net (fo=1, estimated)        0.351    11.489    i_kecc_aes_k_axi_top/kecc_aes_k_axi_reg_top_i/u_keccak_data_23/q_reg[63]_0[2]
    SLICE_X5Y165         FDCE                                         f  i_kecc_aes_k_axi_top/kecc_aes_k_axi_reg_top_i/u_keccak_data_23/q_reg[2]/D
  -------------------------------------------------------------------    -------------------

                         (clock clk_i rise edge)     10.000    10.000 r  
                                                      0.000    10.000 r  clk_i (IN)
                         net (fo=4780, unset)         0.748    10.748    i_kecc_aes_k_axi_top/kecc_aes_k_axi_reg_top_i/u_keccak_data_23/clk_i
    SLICE_X5Y165         FDCE                                         r  i_kecc_aes_k_axi_top/kecc_aes_k_axi_reg_top_i/u_keccak_data_23/q_reg[2]/C
                         clock pessimism              0.000    10.748    
                         clock uncertainty           -0.035    10.712    
    SLICE_X5Y165         FDCE (Setup_fdce_C_D)       -0.235    10.477    i_kecc_aes_k_axi_top/kecc_aes_k_axi_reg_top_i/u_keccak_data_23/q_reg[2]
  -------------------------------------------------------------------
                         required time                         10.477    
                         arrival time                         -11.489    
  -------------------------------------------------------------------
                         slack                                 -1.012    

Slack (VIOLATED) :        -1.012ns  (required time - arrival time)
  Source:                 i_kecc_aes_k_axi_top/i_axi2reg/i_axi_to_axi_lite/i_axi_burst_splitter/i_demux_supported_vs_unsupported/gen_demux.gen_ar_id_counter.i_ar_id_counter/gen_counters[24].i_in_flight_cnt/counter_q_reg[0]/C
                            (rising edge-triggered cell FDCE clocked by clk_i  {rise@0.000ns fall@5.000ns period=10.000ns})
  Destination:            i_kecc_aes_k_axi_top/kecc_aes_k_axi_reg_top_i/u_keccak_data_23/q_reg[2]/D
                            (rising edge-triggered cell FDCE clocked by clk_i  {rise@0.000ns fall@5.000ns period=10.000ns})
  Path Group:             clk_i
  Path Type:              Setup (Max at Slow Process Corner)
  Requirement:            10.000ns  (clk_i rise@10.000ns - clk_i rise@0.000ns)
  Data Path Delay:        10.702ns  (logic 2.279ns (21.295%)  route 8.423ns (78.705%))
  Logic Levels:           18  (LUT2=1 LUT3=2 LUT4=3 LUT5=6 LUT6=6)
  Clock Path Skew:        -0.039ns (DCD - SCD + CPR)
    Destination Clock Delay (DCD):    0.748ns = ( 10.748 - 10.000 ) 
    Source Clock Delay      (SCD):    0.787ns
    Clock Pessimism Removal (CPR):    0.000ns
  Clock Uncertainty:      0.035ns  ((TSJ^2 + TIJ^2)^1/2 + DJ) / 2 + PE
    Total System Jitter     (TSJ):    0.071ns
    Total Input Jitter      (TIJ):    0.000ns
    Discrete Jitter          (DJ):    0.000ns
    Phase Error              (PE):    0.000ns

    Location             Delay type                Incr(ns)  Path(ns)    Netlist Resource(s)
  -------------------------------------------------------------------    -------------------
                         (clock clk_i rise edge)      0.000     0.000 r  
                                                      0.000     0.000 r  clk_i (IN)
                         net (fo=4780, unset)         0.787     0.787    i_kecc_aes_k_axi_top/i_axi2reg/i_axi_to_axi_lite/i_axi_burst_splitter/i_demux_supported_vs_unsupported/gen_demux.gen_ar_id_counter.i_ar_id_counter/gen_counters[24].i_in_flight_cnt/clk_i
    SLICE_X47Y145        FDCE                                         r  i_kecc_aes_k_axi_top/i_axi2reg/i_axi_to_axi_lite/i_axi_burst_splitter/i_demux_supported_vs_unsupported/gen_demux.gen_ar_id_counter.i_ar_id_counter/gen_counters[24].i_in_flight_cnt/counter_q_reg[0]/C
  -------------------------------------------------------------------    -------------------
    SLICE_X47Y145        FDCE (Prop_fdce_C_Q)         0.379     1.166 r  i_kecc_aes_k_axi_top/i_axi2reg/i_axi_to_axi_lite/i_axi_burst_splitter/i_demux_supported_vs_unsupported/gen_demux.gen_ar_id_counter.i_ar_id_counter/gen_counters[24].i_in_flight_cnt/counter_q_reg[0]/Q
                         net (fo=4, estimated)        0.528     1.694    i_kecc_aes_k_axi_top/i_axi2reg/i_axi_to_axi_lite/i_axi_burst_splitter/i_demux_supported_vs_unsupported/gen_demux.gen_ar_id_counter.i_ar_id_counter/gen_counters[24].i_in_flight_cnt/counter_q_reg[0]_0
    SLICE_X47Y146        LUT4 (Prop_lut4_I0_O)        0.105     1.799 r  i_kecc_aes_k_axi_top/i_axi2reg/i_axi_to_axi_lite/i_axi_burst_splitter/i_demux_supported_vs_unsupported/gen_demux.gen_ar_id_counter.i_ar_id_counter/gen_counters[24].i_in_flight_cnt/axi_rsp_o[ar_ready]_INST_0_i_32/O
                         net (fo=1, estimated)        0.465     2.264    i_kecc_aes_k_axi_top/i_axi2reg/i_axi_to_axi_lite/i_axi_burst_splitter/i_demux_supported_vs_unsupported/gen_demux.gen_ar_id_counter.i_ar_id_counter/gen_counters[26].i_in_flight_cnt/axi_rsp_o[ar_ready]_INST_0_i_5
    SLICE_X43Y146        LUT4 (Prop_lut4_I1_O)        0.105     2.369 r  i_kecc_aes_k_axi_top/i_axi2reg/i_axi_to_axi_lite/i_axi_burst_splitter/i_demux_supported_vs_unsupported/gen_demux.gen_ar_id_counter.i_ar_id_counter/gen_counters[26].i_in_flight_cnt/axi_rsp_o[ar_ready]_INST_0_i_17/O
                         net (fo=1, estimated)        0.333     2.702    i_kecc_aes_k_axi_top/i_axi2reg/i_axi_to_axi_lite/i_axi_burst_splitter/i_demux_supported_vs_unsupported/gen_demux.gen_ar_id_counter.i_ar_id_counter/gen_counters[9].i_in_flight_cnt/gen_demux.lock_ar_valid_q_reg_4
    SLICE_X42Y147        LUT6 (Prop_lut6_I4_O)        0.105     2.807 r  i_kecc_aes_k_axi_top/i_axi2reg/i_axi_to_axi_lite/i_axi_burst_splitter/i_demux_supported_vs_unsupported/gen_demux.gen_ar_id_counter.i_ar_id_counter/gen_counters[9].i_in_flight_cnt/axi_rsp_o[ar_ready]_INST_0_i_5/O
                         net (fo=6, estimated)        0.858     3.665    i_kecc_aes_k_axi_top/i_axi2reg/i_axi_to_axi_lite/i_axi_burst_splitter/i_demux_supported_vs_unsupported/gen_demux.gen_aw_id_counter.i_aw_id_counter/gen_counters[21].i_in_flight_cnt/gen_demux.lock_aw_valid_q_reg_0
    SLICE_X33Y152        LUT6 (Prop_lut6_I2_O)        0.105     3.770 f  i_kecc_aes_k_axi_top/i_axi2reg/i_axi_to_axi_lite/i_axi_burst_splitter/i_demux_supported_vs_unsupported/gen_demux.gen_aw_id_counter.i_aw_id_counter/gen_counters[21].i_in_flight_cnt/axi_rsp_o[aw_ready]_INST_0_i_4/O
                         net (fo=4, estimated)        0.229     3.999    i_kecc_aes_k_axi_top/i_axi2reg/i_axi_to_axi_lite/i_axi_burst_splitter/i_demux_supported_vs_unsupported/gen_demux.gen_aw_id_counter.i_aw_id_counter/gen_counters[3].i_in_flight_cnt/gen_demux.aw_valid1
    SLICE_X33Y152        LUT5 (Prop_lut5_I3_O)        0.105     4.104 f  i_kecc_aes_k_axi_top/i_axi2reg/i_axi_to_axi_lite/i_axi_burst_splitter/i_demux_supported_vs_unsupported/gen_demux.gen_aw_id_counter.i_aw_id_counter/gen_counters[3].i_in_flight_cnt/i__i_4__6/O
                         net (fo=21, estimated)       0.309     4.413    i_kecc_aes_k_axi_top/i_axi2reg/i_axi_burst_splitter/i_axi_burst_splitter_aw_chan/state_d0
    SLICE_X35Y153        LUT5 (Prop_lut5_I4_O)        0.105     4.518 r  i_kecc_aes_k_axi_top/i_axi2reg/i__i_3__0/O
                         net (fo=2, estimated)        0.124     4.642    i_kecc_aes_k_axi_top/i_axi2reg/i__i_3__0_n_0
    SLICE_X35Y153        LUT5 (Prop_lut5_I2_O)        0.105     4.747 r  i_kecc_aes_k_axi_top/i_axi2reg/i__i_1__2/O
                         net (fo=3, estimated)        0.385     5.132    i_kecc_aes_k_axi_top/i_axi2reg/i__i_1__2_n_0
    SLICE_X28Y153        LUT6 (Prop_lut6_I0_O)        0.105     5.237 r  i_kecc_aes_k_axi_top/i_axi2reg/i__i_2__2/O
                         net (fo=1403, estimated)     0.736     5.973    i_kecc_aes_k_axi_top/i_axi2reg/i__i_2__2_n_0
    SLICE_X27Y160        LUT5 (Prop_lut5_I3_O)        0.105     6.078 f  i_kecc_aes_k_axi_top/i_axi2reg/mem_q[0][data][63]_i_19/O
                         net (fo=4, estimated)        0.475     6.553    i_kecc_aes_k_axi_top/i_axi2reg/i_axi_lite_to_reg/i_fifo_read/reg_req_i[addr][1]
    SLICE_X27Y160        LUT3 (Prop_lut3_I0_O)        0.105     6.658 f  i_kecc_aes_k_axi_top/i_axi2reg/i_axi_lite_to_reg/i_fifo_read/q[63]_i_6/O
                         net (fo=13, estimated)       0.402     7.060    i_kecc_aes_k_axi_top/i_axi2reg/i_axi_lite_to_reg/i_fifo_read/q[63]_i_6_n_0
    SLICE_X26Y163        LUT6 (Prop_lut6_I3_O)        0.105     7.165 f  i_kecc_aes_k_axi_top/i_axi2reg/i_axi_lite_to_reg/i_fifo_read/q[63]_i_5__1/O
                         net (fo=38, estimated)       0.432     7.597    i_kecc_aes_k_axi_top/i_axi2reg/i_axi_lite_to_reg/i_fifo_read/mem_q_reg[1][4]_13
    SLICE_X23Y165        LUT2 (Prop_lut2_I1_O)        0.105     7.702 f  i_kecc_aes_k_axi_top/i_axi2reg/i_axi_lite_to_reg/i_fifo_read/q[63]_i_3__4/O
                         net (fo=71, estimated)       0.554     8.256    i_kecc_aes_k_axi_top/i_axi2reg/i_axi_lite_to_reg/i_fifo_read/mem_q_reg[1][3]_3
    SLICE_X21Y166        LUT6 (Prop_lut6_I3_O)        0.105     8.361 r  i_kecc_aes_k_axi_top/i_axi2reg/i_axi_lite_to_reg/i_fifo_read/mem_q[0][error]_i_17/O
                         net (fo=1, estimated)        0.113     8.474    i_kecc_aes_k_axi_top/i_axi2reg/i_axi_lite_to_reg/i_fifo_read/mem_q[0][error]_i_17_n_0
    SLICE_X21Y166        LUT6 (Prop_lut6_I5_O)        0.105     8.579 r  i_kecc_aes_k_axi_top/i_axi2reg/i_axi_lite_to_reg/i_fifo_read/mem_q[0][error]_i_16/O
                         net (fo=1, estimated)        0.256     8.835    i_kecc_aes_k_axi_top/i_axi2reg/i_axi_lite_to_reg/i_fifo_read/mem_q[0][error]_i_16_n_0
    SLICE_X18Y167        LUT5 (Prop_lut5_I4_O)        0.105     8.940 f  i_kecc_aes_k_axi_top/i_axi2reg/i_axi_lite_to_reg/i_fifo_read/mem_q[0][error]_i_5/O
                         net (fo=21, estimated)       0.307     9.247    i_kecc_aes_k_axi_top/i_axi2reg/i_axi_lite_to_reg/i_fifo_read/mem_q[0][error]_i_5_n_0
    SLICE_X14Y167        LUT4 (Prop_lut4_I3_O)        0.105     9.352 r  i_kecc_aes_k_axi_top/i_axi2reg/i_axi_lite_to_reg/i_fifo_read/q[63]_i_3__14/O
                         net (fo=141, estimated)      0.498     9.850    i_kecc_aes_k_axi_top/i_axi2reg/i_axi_lite_to_reg/i_fifo_read/q[63]_i_3__14_n_0
    SLICE_X8Y166         LUT5 (Prop_lut5_I3_O)        0.105     9.955 f  i_kecc_aes_k_axi_top/i_axi2reg/i_axi_lite_to_reg/i_fifo_read/q[63]_i_3__24/O
                         net (fo=65, estimated)       1.068    11.023    i_kecc_aes_k_axi_top/i_axi2reg/i_axi_lite_to_reg/i_fifo_write_req/keccak_data_23_we
    SLICE_X3Y164         LUT3 (Prop_lut3_I2_O)        0.115    11.138 f  i_kecc_aes_k_axi_top/i_axi2reg/i_axi_lite_to_reg/i_fifo_write_req/wr_en_data_arb/q[2]_i_1__2/O
                         net (fo=1, estimated)        0.351    11.489    i_kecc_aes_k_axi_top/kecc_aes_k_axi_reg_top_i/u_keccak_data_23/q_reg[63]_0[2]
    SLICE_X5Y165         FDCE                                         f  i_kecc_aes_k_axi_top/kecc_aes_k_axi_reg_top_i/u_keccak_data_23/q_reg[2]/D
  -------------------------------------------------------------------    -------------------

                         (clock clk_i rise edge)     10.000    10.000 r  
                                                      0.000    10.000 r  clk_i (IN)
                         net (fo=4780, unset)         0.748    10.748    i_kecc_aes_k_axi_top/kecc_aes_k_axi_reg_top_i/u_keccak_data_23/clk_i
    SLICE_X5Y165         FDCE                                         r  i_kecc_aes_k_axi_top/kecc_aes_k_axi_reg_top_i/u_keccak_data_23/q_reg[2]/C
                         clock pessimism              0.000    10.748    
                         clock uncertainty           -0.035    10.712    
    SLICE_X5Y165         FDCE (Setup_fdce_C_D)       -0.235    10.477    i_kecc_aes_k_axi_top/kecc_aes_k_axi_reg_top_i/u_keccak_data_23/q_reg[2]
  -------------------------------------------------------------------
                         required time                         10.477    
                         arrival time                         -11.489    
  -------------------------------------------------------------------
                         slack                                 -1.012    

Slack (VIOLATED) :        -1.012ns  (required time - arrival time)
  Source:                 i_kecc_aes_k_axi_top/i_axi2reg/i_axi_to_axi_lite/i_axi_burst_splitter/i_demux_supported_vs_unsupported/gen_demux.gen_ar_id_counter.i_ar_id_counter/gen_counters[24].i_in_flight_cnt/counter_q_reg[0]/C
                            (rising edge-triggered cell FDCE clocked by clk_i  {rise@0.000ns fall@5.000ns period=10.000ns})
  Destination:            i_kecc_aes_k_axi_top/kecc_aes_k_axi_reg_top_i/u_keccak_data_23/q_reg[2]/D
                            (rising edge-triggered cell FDCE clocked by clk_i  {rise@0.000ns fall@5.000ns period=10.000ns})
  Path Group:             clk_i
  Path Type:              Setup (Max at Slow Process Corner)
  Requirement:            10.000ns  (clk_i rise@10.000ns - clk_i rise@0.000ns)
  Data Path Delay:        10.702ns  (logic 2.279ns (21.295%)  route 8.423ns (78.705%))
  Logic Levels:           18  (LUT2=1 LUT3=2 LUT4=3 LUT5=6 LUT6=6)
  Clock Path Skew:        -0.039ns (DCD - SCD + CPR)
    Destination Clock Delay (DCD):    0.748ns = ( 10.748 - 10.000 ) 
    Source Clock Delay      (SCD):    0.787ns
    Clock Pessimism Removal (CPR):    0.000ns
  Clock Uncertainty:      0.035ns  ((TSJ^2 + TIJ^2)^1/2 + DJ) / 2 + PE
    Total System Jitter     (TSJ):    0.071ns
    Total Input Jitter      (TIJ):    0.000ns
    Discrete Jitter          (DJ):    0.000ns
    Phase Error              (PE):    0.000ns

    Location             Delay type                Incr(ns)  Path(ns)    Netlist Resource(s)
  -------------------------------------------------------------------    -------------------
                         (clock clk_i rise edge)      0.000     0.000 r  
                                                      0.000     0.000 r  clk_i (IN)
                         net (fo=4780, unset)         0.787     0.787    i_kecc_aes_k_axi_top/i_axi2reg/i_axi_to_axi_lite/i_axi_burst_splitter/i_demux_supported_vs_unsupported/gen_demux.gen_ar_id_counter.i_ar_id_counter/gen_counters[24].i_in_flight_cnt/clk_i
    SLICE_X47Y145        FDCE                                         r  i_kecc_aes_k_axi_top/i_axi2reg/i_axi_to_axi_lite/i_axi_burst_splitter/i_demux_supported_vs_unsupported/gen_demux.gen_ar_id_counter.i_ar_id_counter/gen_counters[24].i_in_flight_cnt/counter_q_reg[0]/C
  -------------------------------------------------------------------    -------------------
    SLICE_X47Y145        FDCE (Prop_fdce_C_Q)         0.379     1.166 f  i_kecc_aes_k_axi_top/i_axi2reg/i_axi_to_axi_lite/i_axi_burst_splitter/i_demux_supported_vs_unsupported/gen_demux.gen_ar_id_counter.i_ar_id_counter/gen_counters[24].i_in_flight_cnt/counter_q_reg[0]/Q
                         net (fo=4, estimated)        0.528     1.694    i_kecc_aes_k_axi_top/i_axi2reg/i_axi_to_axi_lite/i_axi_burst_splitter/i_demux_supported_vs_unsupported/gen_demux.gen_ar_id_counter.i_ar_id_counter/gen_counters[24].i_in_flight_cnt/counter_q_reg[0]_0
    SLICE_X47Y146        LUT4 (Prop_lut4_I0_O)        0.105     1.799 f  i_kecc_aes_k_axi_top/i_axi2reg/i_axi_to_axi_lite/i_axi_burst_splitter/i_demux_supported_vs_unsupported/gen_demux.gen_ar_id_counter.i_ar_id_counter/gen_counters[24].i_in_flight_cnt/axi_rsp_o[ar_ready]_INST_0_i_32/O
                         net (fo=1, estimated)        0.465     2.264    i_kecc_aes_k_axi_top/i_axi2reg/i_axi_to_axi_lite/i_axi_burst_splitter/i_demux_supported_vs_unsupported/gen_demux.gen_ar_id_counter.i_ar_id_counter/gen_counters[26].i_in_flight_cnt/axi_rsp_o[ar_ready]_INST_0_i_5
    SLICE_X43Y146        LUT4 (Prop_lut4_I1_O)        0.105     2.369 f  i_kecc_aes_k_axi_top/i_axi2reg/i_axi_to_axi_lite/i_axi_burst_splitter/i_demux_supported_vs_unsupported/gen_demux.gen_ar_id_counter.i_ar_id_counter/gen_counters[26].i_in_flight_cnt/axi_rsp_o[ar_ready]_INST_0_i_17/O
                         net (fo=1, estimated)        0.333     2.702    i_kecc_aes_k_axi_top/i_axi2reg/i_axi_to_axi_lite/i_axi_burst_splitter/i_demux_supported_vs_unsupported/gen_demux.gen_ar_id_counter.i_ar_id_counter/gen_counters[9].i_in_flight_cnt/gen_demux.lock_ar_valid_q_reg_4
    SLICE_X42Y147        LUT6 (Prop_lut6_I4_O)        0.105     2.807 f  i_kecc_aes_k_axi_top/i_axi2reg/i_axi_to_axi_lite/i_axi_burst_splitter/i_demux_supported_vs_unsupported/gen_demux.gen_ar_id_counter.i_ar_id_counter/gen_counters[9].i_in_flight_cnt/axi_rsp_o[ar_ready]_INST_0_i_5/O
                         net (fo=6, estimated)        0.858     3.665    i_kecc_aes_k_axi_top/i_axi2reg/i_axi_to_axi_lite/i_axi_burst_splitter/i_demux_supported_vs_unsupported/gen_demux.gen_aw_id_counter.i_aw_id_counter/gen_counters[21].i_in_flight_cnt/gen_demux.lock_aw_valid_q_reg_0
    SLICE_X33Y152        LUT6 (Prop_lut6_I2_O)        0.105     3.770 r  i_kecc_aes_k_axi_top/i_axi2reg/i_axi_to_axi_lite/i_axi_burst_splitter/i_demux_supported_vs_unsupported/gen_demux.gen_aw_id_counter.i_aw_id_counter/gen_counters[21].i_in_flight_cnt/axi_rsp_o[aw_ready]_INST_0_i_4/O
                         net (fo=4, estimated)        0.229     3.999    i_kecc_aes_k_axi_top/i_axi2reg/i_axi_to_axi_lite/i_axi_burst_splitter/i_demux_supported_vs_unsupported/gen_demux.gen_aw_id_counter.i_aw_id_counter/gen_counters[3].i_in_flight_cnt/gen_demux.aw_valid1
    SLICE_X33Y152        LUT5 (Prop_lut5_I3_O)        0.105     4.104 r  i_kecc_aes_k_axi_top/i_axi2reg/i_axi_to_axi_lite/i_axi_burst_splitter/i_demux_supported_vs_unsupported/gen_demux.gen_aw_id_counter.i_aw_id_counter/gen_counters[3].i_in_flight_cnt/i__i_4__6/O
                         net (fo=21, estimated)       0.309     4.413    i_kecc_aes_k_axi_top/i_axi2reg/i_axi_burst_splitter/i_axi_burst_splitter_aw_chan/state_d0
    SLICE_X35Y153        LUT5 (Prop_lut5_I4_O)        0.105     4.518 f  i_kecc_aes_k_axi_top/i_axi2reg/i__i_3__0/O
                         net (fo=2, estimated)        0.124     4.642    i_kecc_aes_k_axi_top/i_axi2reg/i__i_3__0_n_0
    SLICE_X35Y153        LUT5 (Prop_lut5_I2_O)        0.105     4.747 f  i_kecc_aes_k_axi_top/i_axi2reg/i__i_1__2/O
                         net (fo=3, estimated)        0.385     5.132    i_kecc_aes_k_axi_top/i_axi2reg/i__i_1__2_n_0
    SLICE_X28Y153        LUT6 (Prop_lut6_I0_O)        0.105     5.237 f  i_kecc_aes_k_axi_top/i_axi2reg/i__i_2__2/O
                         net (fo=1403, estimated)     0.736     5.973    i_kecc_aes_k_axi_top/i_axi2reg/i__i_2__2_n_0
    SLICE_X27Y160        LUT5 (Prop_lut5_I3_O)        0.105     6.078 f  i_kecc_aes_k_axi_top/i_axi2reg/mem_q[0][data][63]_i_19/O
                         net (fo=4, estimated)        0.475     6.553    i_kecc_aes_k_axi_top/i_axi2reg/i_axi_lite_to_reg/i_fifo_read/reg_req_i[addr][1]
    SLICE_X27Y160        LUT3 (Prop_lut3_I0_O)        0.105     6.658 f  i_kecc_aes_k_axi_top/i_axi2reg/i_axi_lite_to_reg/i_fifo_read/q[63]_i_6/O
                         net (fo=13, estimated)       0.402     7.060    i_kecc_aes_k_axi_top/i_axi2reg/i_axi_lite_to_reg/i_fifo_read/q[63]_i_6_n_0
    SLICE_X26Y163        LUT6 (Prop_lut6_I3_O)        0.105     7.165 f  i_kecc_aes_k_axi_top/i_axi2reg/i_axi_lite_to_reg/i_fifo_read/q[63]_i_5__1/O
                         net (fo=38, estimated)       0.432     7.597    i_kecc_aes_k_axi_top/i_axi2reg/i_axi_lite_to_reg/i_fifo_read/mem_q_reg[1][4]_13
    SLICE_X23Y165        LUT2 (Prop_lut2_I1_O)        0.105     7.702 f  i_kecc_aes_k_axi_top/i_axi2reg/i_axi_lite_to_reg/i_fifo_read/q[63]_i_3__4/O
                         net (fo=71, estimated)       0.554     8.256    i_kecc_aes_k_axi_top/i_axi2reg/i_axi_lite_to_reg/i_fifo_read/mem_q_reg[1][3]_3
    SLICE_X21Y166        LUT6 (Prop_lut6_I3_O)        0.105     8.361 r  i_kecc_aes_k_axi_top/i_axi2reg/i_axi_lite_to_reg/i_fifo_read/mem_q[0][error]_i_17/O
                         net (fo=1, estimated)        0.113     8.474    i_kecc_aes_k_axi_top/i_axi2reg/i_axi_lite_to_reg/i_fifo_read/mem_q[0][error]_i_17_n_0
    SLICE_X21Y166        LUT6 (Prop_lut6_I5_O)        0.105     8.579 r  i_kecc_aes_k_axi_top/i_axi2reg/i_axi_lite_to_reg/i_fifo_read/mem_q[0][error]_i_16/O
                         net (fo=1, estimated)        0.256     8.835    i_kecc_aes_k_axi_top/i_axi2reg/i_axi_lite_to_reg/i_fifo_read/mem_q[0][error]_i_16_n_0
    SLICE_X18Y167        LUT5 (Prop_lut5_I4_O)        0.105     8.940 f  i_kecc_aes_k_axi_top/i_axi2reg/i_axi_lite_to_reg/i_fifo_read/mem_q[0][error]_i_5/O
                         net (fo=21, estimated)       0.307     9.247    i_kecc_aes_k_axi_top/i_axi2reg/i_axi_lite_to_reg/i_fifo_read/mem_q[0][error]_i_5_n_0
    SLICE_X14Y167        LUT4 (Prop_lut4_I3_O)        0.105     9.352 r  i_kecc_aes_k_axi_top/i_axi2reg/i_axi_lite_to_reg/i_fifo_read/q[63]_i_3__14/O
                         net (fo=141, estimated)      0.498     9.850    i_kecc_aes_k_axi_top/i_axi2reg/i_axi_lite_to_reg/i_fifo_read/q[63]_i_3__14_n_0
    SLICE_X8Y166         LUT5 (Prop_lut5_I3_O)        0.105     9.955 f  i_kecc_aes_k_axi_top/i_axi2reg/i_axi_lite_to_reg/i_fifo_read/q[63]_i_3__24/O
                         net (fo=65, estimated)       1.068    11.023    i_kecc_aes_k_axi_top/i_axi2reg/i_axi_lite_to_reg/i_fifo_write_req/keccak_data_23_we
    SLICE_X3Y164         LUT3 (Prop_lut3_I2_O)        0.115    11.138 f  i_kecc_aes_k_axi_top/i_axi2reg/i_axi_lite_to_reg/i_fifo_write_req/wr_en_data_arb/q[2]_i_1__2/O
                         net (fo=1, estimated)        0.351    11.489    i_kecc_aes_k_axi_top/kecc_aes_k_axi_reg_top_i/u_keccak_data_23/q_reg[63]_0[2]
    SLICE_X5Y165         FDCE                                         f  i_kecc_aes_k_axi_top/kecc_aes_k_axi_reg_top_i/u_keccak_data_23/q_reg[2]/D
  -------------------------------------------------------------------    -------------------

                         (clock clk_i rise edge)     10.000    10.000 r  
                                                      0.000    10.000 r  clk_i (IN)
                         net (fo=4780, unset)         0.748    10.748    i_kecc_aes_k_axi_top/kecc_aes_k_axi_reg_top_i/u_keccak_data_23/clk_i
    SLICE_X5Y165         FDCE                                         r  i_kecc_aes_k_axi_top/kecc_aes_k_axi_reg_top_i/u_keccak_data_23/q_reg[2]/C
                         clock pessimism              0.000    10.748    
                         clock uncertainty           -0.035    10.712    
    SLICE_X5Y165         FDCE (Setup_fdce_C_D)       -0.235    10.477    i_kecc_aes_k_axi_top/kecc_aes_k_axi_reg_top_i/u_keccak_data_23/q_reg[2]
  -------------------------------------------------------------------
                         required time                         10.477    
                         arrival time                         -11.489    
  -------------------------------------------------------------------
                         slack                                 -1.012    

Slack (VIOLATED) :        -1.004ns  (required time - arrival time)
  Source:                 i_kecc_aes_k_axi_top/i_axi2reg/i_axi_to_axi_lite/i_axi_burst_splitter/i_demux_supported_vs_unsupported/gen_demux.gen_ar_id_counter.i_ar_id_counter/gen_counters[24].i_in_flight_cnt/counter_q_reg[0]/C
                            (rising edge-triggered cell FDCE clocked by clk_i  {rise@0.000ns fall@5.000ns period=10.000ns})
  Destination:            i_kecc_aes_k_axi_top/kecc_aes_k_axi_reg_top_i/u_keccak_data_23/q_reg[55]/D
                            (rising edge-triggered cell FDCE clocked by clk_i  {rise@0.000ns fall@5.000ns period=10.000ns})
  Path Group:             clk_i
  Path Type:              Setup (Max at Slow Process Corner)
  Requirement:            10.000ns  (clk_i rise@10.000ns - clk_i rise@0.000ns)
  Data Path Delay:        10.695ns  (logic 2.279ns (21.309%)  route 8.416ns (78.691%))
  Logic Levels:           18  (LUT2=1 LUT3=2 LUT4=3 LUT5=6 LUT6=6)
  Clock Path Skew:        -0.039ns (DCD - SCD + CPR)
    Destination Clock Delay (DCD):    0.748ns = ( 10.748 - 10.000 ) 
    Source Clock Delay      (SCD):    0.787ns
    Clock Pessimism Removal (CPR):    0.000ns
  Clock Uncertainty:      0.035ns  ((TSJ^2 + TIJ^2)^1/2 + DJ) / 2 + PE
    Total System Jitter     (TSJ):    0.071ns
    Total Input Jitter      (TIJ):    0.000ns
    Discrete Jitter          (DJ):    0.000ns
    Phase Error              (PE):    0.000ns

    Location             Delay type                Incr(ns)  Path(ns)    Netlist Resource(s)
  -------------------------------------------------------------------    -------------------
                         (clock clk_i rise edge)      0.000     0.000 r  
                                                      0.000     0.000 r  clk_i (IN)
                         net (fo=4780, unset)         0.787     0.787    i_kecc_aes_k_axi_top/i_axi2reg/i_axi_to_axi_lite/i_axi_burst_splitter/i_demux_supported_vs_unsupported/gen_demux.gen_ar_id_counter.i_ar_id_counter/gen_counters[24].i_in_flight_cnt/clk_i
    SLICE_X47Y145        FDCE                                         r  i_kecc_aes_k_axi_top/i_axi2reg/i_axi_to_axi_lite/i_axi_burst_splitter/i_demux_supported_vs_unsupported/gen_demux.gen_ar_id_counter.i_ar_id_counter/gen_counters[24].i_in_flight_cnt/counter_q_reg[0]/C
  -------------------------------------------------------------------    -------------------
    SLICE_X47Y145        FDCE (Prop_fdce_C_Q)         0.379     1.166 r  i_kecc_aes_k_axi_top/i_axi2reg/i_axi_to_axi_lite/i_axi_burst_splitter/i_demux_supported_vs_unsupported/gen_demux.gen_ar_id_counter.i_ar_id_counter/gen_counters[24].i_in_flight_cnt/counter_q_reg[0]/Q
                         net (fo=4, estimated)        0.528     1.694    i_kecc_aes_k_axi_top/i_axi2reg/i_axi_to_axi_lite/i_axi_burst_splitter/i_demux_supported_vs_unsupported/gen_demux.gen_ar_id_counter.i_ar_id_counter/gen_counters[24].i_in_flight_cnt/counter_q_reg[0]_0
    SLICE_X47Y146        LUT4 (Prop_lut4_I0_O)        0.105     1.799 r  i_kecc_aes_k_axi_top/i_axi2reg/i_axi_to_axi_lite/i_axi_burst_splitter/i_demux_supported_vs_unsupported/gen_demux.gen_ar_id_counter.i_ar_id_counter/gen_counters[24].i_in_flight_cnt/axi_rsp_o[ar_ready]_INST_0_i_32/O
                         net (fo=1, estimated)        0.465     2.264    i_kecc_aes_k_axi_top/i_axi2reg/i_axi_to_axi_lite/i_axi_burst_splitter/i_demux_supported_vs_unsupported/gen_demux.gen_ar_id_counter.i_ar_id_counter/gen_counters[26].i_in_flight_cnt/axi_rsp_o[ar_ready]_INST_0_i_5
    SLICE_X43Y146        LUT4 (Prop_lut4_I1_O)        0.105     2.369 r  i_kecc_aes_k_axi_top/i_axi2reg/i_axi_to_axi_lite/i_axi_burst_splitter/i_demux_supported_vs_unsupported/gen_demux.gen_ar_id_counter.i_ar_id_counter/gen_counters[26].i_in_flight_cnt/axi_rsp_o[ar_ready]_INST_0_i_17/O
                         net (fo=1, estimated)        0.333     2.702    i_kecc_aes_k_axi_top/i_axi2reg/i_axi_to_axi_lite/i_axi_burst_splitter/i_demux_supported_vs_unsupported/gen_demux.gen_ar_id_counter.i_ar_id_counter/gen_counters[9].i_in_flight_cnt/gen_demux.lock_ar_valid_q_reg_4
    SLICE_X42Y147        LUT6 (Prop_lut6_I4_O)        0.105     2.807 r  i_kecc_aes_k_axi_top/i_axi2reg/i_axi_to_axi_lite/i_axi_burst_splitter/i_demux_supported_vs_unsupported/gen_demux.gen_ar_id_counter.i_ar_id_counter/gen_counters[9].i_in_flight_cnt/axi_rsp_o[ar_ready]_INST_0_i_5/O
                         net (fo=6, estimated)        0.858     3.665    i_kecc_aes_k_axi_top/i_axi2reg/i_axi_to_axi_lite/i_axi_burst_splitter/i_demux_supported_vs_unsupported/gen_demux.gen_aw_id_counter.i_aw_id_counter/gen_counters[21].i_in_flight_cnt/gen_demux.lock_aw_valid_q_reg_0
    SLICE_X33Y152        LUT6 (Prop_lut6_I2_O)        0.105     3.770 f  i_kecc_aes_k_axi_top/i_axi2reg/i_axi_to_axi_lite/i_axi_burst_splitter/i_demux_supported_vs_unsupported/gen_demux.gen_aw_id_counter.i_aw_id_counter/gen_counters[21].i_in_flight_cnt/axi_rsp_o[aw_ready]_INST_0_i_4/O
                         net (fo=4, estimated)        0.229     3.999    i_kecc_aes_k_axi_top/i_axi2reg/i_axi_to_axi_lite/i_axi_burst_splitter/i_demux_supported_vs_unsupported/gen_demux.gen_aw_id_counter.i_aw_id_counter/gen_counters[3].i_in_flight_cnt/gen_demux.aw_valid1
    SLICE_X33Y152        LUT5 (Prop_lut5_I3_O)        0.105     4.104 f  i_kecc_aes_k_axi_top/i_axi2reg/i_axi_to_axi_lite/i_axi_burst_splitter/i_demux_supported_vs_unsupported/gen_demux.gen_aw_id_counter.i_aw_id_counter/gen_counters[3].i_in_flight_cnt/i__i_4__6/O
                         net (fo=21, estimated)       0.309     4.413    i_kecc_aes_k_axi_top/i_axi2reg/i_axi_burst_splitter/i_axi_burst_splitter_aw_chan/state_d0
    SLICE_X35Y153        LUT5 (Prop_lut5_I4_O)        0.105     4.518 r  i_kecc_aes_k_axi_top/i_axi2reg/i__i_3__0/O
                         net (fo=2, estimated)        0.124     4.642    i_kecc_aes_k_axi_top/i_axi2reg/i__i_3__0_n_0
    SLICE_X35Y153        LUT5 (Prop_lut5_I2_O)        0.105     4.747 r  i_kecc_aes_k_axi_top/i_axi2reg/i__i_1__2/O
                         net (fo=3, estimated)        0.385     5.132    i_kecc_aes_k_axi_top/i_axi2reg/i__i_1__2_n_0
    SLICE_X28Y153        LUT6 (Prop_lut6_I0_O)        0.105     5.237 r  i_kecc_aes_k_axi_top/i_axi2reg/i__i_2__2/O
                         net (fo=1403, estimated)     0.736     5.973    i_kecc_aes_k_axi_top/i_axi2reg/i__i_2__2_n_0
    SLICE_X27Y160        LUT5 (Prop_lut5_I3_O)        0.105     6.078 r  i_kecc_aes_k_axi_top/i_axi2reg/mem_q[0][data][63]_i_19/O
                         net (fo=4, estimated)        0.475     6.553    i_kecc_aes_k_axi_top/i_axi2reg/i_axi_lite_to_reg/i_fifo_read/reg_req_i[addr][1]
    SLICE_X27Y160        LUT3 (Prop_lut3_I0_O)        0.105     6.658 r  i_kecc_aes_k_axi_top/i_axi2reg/i_axi_lite_to_reg/i_fifo_read/q[63]_i_6/O
                         net (fo=13, estimated)       0.402     7.060    i_kecc_aes_k_axi_top/i_axi2reg/i_axi_lite_to_reg/i_fifo_read/q[63]_i_6_n_0
    SLICE_X26Y163        LUT6 (Prop_lut6_I3_O)        0.105     7.165 r  i_kecc_aes_k_axi_top/i_axi2reg/i_axi_lite_to_reg/i_fifo_read/q[63]_i_5__1/O
                         net (fo=38, estimated)       0.432     7.597    i_kecc_aes_k_axi_top/i_axi2reg/i_axi_lite_to_reg/i_fifo_read/mem_q_reg[1][4]_13
    SLICE_X23Y165        LUT2 (Prop_lut2_I1_O)        0.105     7.702 r  i_kecc_aes_k_axi_top/i_axi2reg/i_axi_lite_to_reg/i_fifo_read/q[63]_i_3__4/O
                         net (fo=71, estimated)       0.554     8.256    i_kecc_aes_k_axi_top/i_axi2reg/i_axi_lite_to_reg/i_fifo_read/mem_q_reg[1][3]_3
    SLICE_X21Y166        LUT6 (Prop_lut6_I3_O)        0.105     8.361 f  i_kecc_aes_k_axi_top/i_axi2reg/i_axi_lite_to_reg/i_fifo_read/mem_q[0][error]_i_17/O
                         net (fo=1, estimated)        0.113     8.474    i_kecc_aes_k_axi_top/i_axi2reg/i_axi_lite_to_reg/i_fifo_read/mem_q[0][error]_i_17_n_0
    SLICE_X21Y166        LUT6 (Prop_lut6_I5_O)        0.105     8.579 f  i_kecc_aes_k_axi_top/i_axi2reg/i_axi_lite_to_reg/i_fifo_read/mem_q[0][error]_i_16/O
                         net (fo=1, estimated)        0.256     8.835    i_kecc_aes_k_axi_top/i_axi2reg/i_axi_lite_to_reg/i_fifo_read/mem_q[0][error]_i_16_n_0
    SLICE_X18Y167        LUT5 (Prop_lut5_I4_O)        0.105     8.940 r  i_kecc_aes_k_axi_top/i_axi2reg/i_axi_lite_to_reg/i_fifo_read/mem_q[0][error]_i_5/O
                         net (fo=21, estimated)       0.307     9.247    i_kecc_aes_k_axi_top/i_axi2reg/i_axi_lite_to_reg/i_fifo_read/mem_q[0][error]_i_5_n_0
    SLICE_X14Y167        LUT4 (Prop_lut4_I3_O)        0.105     9.352 f  i_kecc_aes_k_axi_top/i_axi2reg/i_axi_lite_to_reg/i_fifo_read/q[63]_i_3__14/O
                         net (fo=141, estimated)      0.498     9.850    i_kecc_aes_k_axi_top/i_axi2reg/i_axi_lite_to_reg/i_fifo_read/q[63]_i_3__14_n_0
    SLICE_X8Y166         LUT5 (Prop_lut5_I3_O)        0.105     9.955 r  i_kecc_aes_k_axi_top/i_axi2reg/i_axi_lite_to_reg/i_fifo_read/q[63]_i_3__24/O
                         net (fo=65, estimated)       1.065    11.020    i_kecc_aes_k_axi_top/i_axi2reg/i_axi_lite_to_reg/i_fifo_write_req/keccak_data_23_we
    SLICE_X1Y166         LUT3 (Prop_lut3_I2_O)        0.115    11.135 r  i_kecc_aes_k_axi_top/i_axi2reg/i_axi_lite_to_reg/i_fifo_write_req/wr_en_data_arb/q[55]_i_1__2/O
                         net (fo=1, estimated)        0.347    11.482    i_kecc_aes_k_axi_top/kecc_aes_k_axi_reg_top_i/u_keccak_data_23/q_reg[63]_0[55]
    SLICE_X1Y165         FDCE                                         r  i_kecc_aes_k_axi_top/kecc_aes_k_axi_reg_top_i/u_keccak_data_23/q_reg[55]/D
  -------------------------------------------------------------------    -------------------

                         (clock clk_i rise edge)     10.000    10.000 r  
                                                      0.000    10.000 r  clk_i (IN)
                         net (fo=4780, unset)         0.748    10.748    i_kecc_aes_k_axi_top/kecc_aes_k_axi_reg_top_i/u_keccak_data_23/clk_i
    SLICE_X1Y165         FDCE                                         r  i_kecc_aes_k_axi_top/kecc_aes_k_axi_reg_top_i/u_keccak_data_23/q_reg[55]/C
                         clock pessimism              0.000    10.748    
                         clock uncertainty           -0.035    10.712    
    SLICE_X1Y165         FDCE (Setup_fdce_C_D)       -0.234    10.478    i_kecc_aes_k_axi_top/kecc_aes_k_axi_reg_top_i/u_keccak_data_23/q_reg[55]
  -------------------------------------------------------------------
                         required time                         10.478    
                         arrival time                         -11.482    
  -------------------------------------------------------------------
                         slack                                 -1.004    

Slack (VIOLATED) :        -1.004ns  (required time - arrival time)
  Source:                 i_kecc_aes_k_axi_top/i_axi2reg/i_axi_to_axi_lite/i_axi_burst_splitter/i_demux_supported_vs_unsupported/gen_demux.gen_ar_id_counter.i_ar_id_counter/gen_counters[24].i_in_flight_cnt/counter_q_reg[0]/C
                            (rising edge-triggered cell FDCE clocked by clk_i  {rise@0.000ns fall@5.000ns period=10.000ns})
  Destination:            i_kecc_aes_k_axi_top/kecc_aes_k_axi_reg_top_i/u_keccak_data_23/q_reg[55]/D
                            (rising edge-triggered cell FDCE clocked by clk_i  {rise@0.000ns fall@5.000ns period=10.000ns})
  Path Group:             clk_i
  Path Type:              Setup (Max at Slow Process Corner)
  Requirement:            10.000ns  (clk_i rise@10.000ns - clk_i rise@0.000ns)
  Data Path Delay:        10.695ns  (logic 2.279ns (21.309%)  route 8.416ns (78.691%))
  Logic Levels:           18  (LUT2=1 LUT3=2 LUT4=3 LUT5=6 LUT6=6)
  Clock Path Skew:        -0.039ns (DCD - SCD + CPR)
    Destination Clock Delay (DCD):    0.748ns = ( 10.748 - 10.000 ) 
    Source Clock Delay      (SCD):    0.787ns
    Clock Pessimism Removal (CPR):    0.000ns
  Clock Uncertainty:      0.035ns  ((TSJ^2 + TIJ^2)^1/2 + DJ) / 2 + PE
    Total System Jitter     (TSJ):    0.071ns
    Total Input Jitter      (TIJ):    0.000ns
    Discrete Jitter          (DJ):    0.000ns
    Phase Error              (PE):    0.000ns

    Location             Delay type                Incr(ns)  Path(ns)    Netlist Resource(s)
  -------------------------------------------------------------------    -------------------
                         (clock clk_i rise edge)      0.000     0.000 r  
                                                      0.000     0.000 r  clk_i (IN)
                         net (fo=4780, unset)         0.787     0.787    i_kecc_aes_k_axi_top/i_axi2reg/i_axi_to_axi_lite/i_axi_burst_splitter/i_demux_supported_vs_unsupported/gen_demux.gen_ar_id_counter.i_ar_id_counter/gen_counters[24].i_in_flight_cnt/clk_i
    SLICE_X47Y145        FDCE                                         r  i_kecc_aes_k_axi_top/i_axi2reg/i_axi_to_axi_lite/i_axi_burst_splitter/i_demux_supported_vs_unsupported/gen_demux.gen_ar_id_counter.i_ar_id_counter/gen_counters[24].i_in_flight_cnt/counter_q_reg[0]/C
  -------------------------------------------------------------------    -------------------
    SLICE_X47Y145        FDCE (Prop_fdce_C_Q)         0.379     1.166 f  i_kecc_aes_k_axi_top/i_axi2reg/i_axi_to_axi_lite/i_axi_burst_splitter/i_demux_supported_vs_unsupported/gen_demux.gen_ar_id_counter.i_ar_id_counter/gen_counters[24].i_in_flight_cnt/counter_q_reg[0]/Q
                         net (fo=4, estimated)        0.528     1.694    i_kecc_aes_k_axi_top/i_axi2reg/i_axi_to_axi_lite/i_axi_burst_splitter/i_demux_supported_vs_unsupported/gen_demux.gen_ar_id_counter.i_ar_id_counter/gen_counters[24].i_in_flight_cnt/counter_q_reg[0]_0
    SLICE_X47Y146        LUT4 (Prop_lut4_I0_O)        0.105     1.799 f  i_kecc_aes_k_axi_top/i_axi2reg/i_axi_to_axi_lite/i_axi_burst_splitter/i_demux_supported_vs_unsupported/gen_demux.gen_ar_id_counter.i_ar_id_counter/gen_counters[24].i_in_flight_cnt/axi_rsp_o[ar_ready]_INST_0_i_32/O
                         net (fo=1, estimated)        0.465     2.264    i_kecc_aes_k_axi_top/i_axi2reg/i_axi_to_axi_lite/i_axi_burst_splitter/i_demux_supported_vs_unsupported/gen_demux.gen_ar_id_counter.i_ar_id_counter/gen_counters[26].i_in_flight_cnt/axi_rsp_o[ar_ready]_INST_0_i_5
    SLICE_X43Y146        LUT4 (Prop_lut4_I1_O)        0.105     2.369 f  i_kecc_aes_k_axi_top/i_axi2reg/i_axi_to_axi_lite/i_axi_burst_splitter/i_demux_supported_vs_unsupported/gen_demux.gen_ar_id_counter.i_ar_id_counter/gen_counters[26].i_in_flight_cnt/axi_rsp_o[ar_ready]_INST_0_i_17/O
                         net (fo=1, estimated)        0.333     2.702    i_kecc_aes_k_axi_top/i_axi2reg/i_axi_to_axi_lite/i_axi_burst_splitter/i_demux_supported_vs_unsupported/gen_demux.gen_ar_id_counter.i_ar_id_counter/gen_counters[9].i_in_flight_cnt/gen_demux.lock_ar_valid_q_reg_4
    SLICE_X42Y147        LUT6 (Prop_lut6_I4_O)        0.105     2.807 f  i_kecc_aes_k_axi_top/i_axi2reg/i_axi_to_axi_lite/i_axi_burst_splitter/i_demux_supported_vs_unsupported/gen_demux.gen_ar_id_counter.i_ar_id_counter/gen_counters[9].i_in_flight_cnt/axi_rsp_o[ar_ready]_INST_0_i_5/O
                         net (fo=6, estimated)        0.858     3.665    i_kecc_aes_k_axi_top/i_axi2reg/i_axi_to_axi_lite/i_axi_burst_splitter/i_demux_supported_vs_unsupported/gen_demux.gen_aw_id_counter.i_aw_id_counter/gen_counters[21].i_in_flight_cnt/gen_demux.lock_aw_valid_q_reg_0
    SLICE_X33Y152        LUT6 (Prop_lut6_I2_O)        0.105     3.770 r  i_kecc_aes_k_axi_top/i_axi2reg/i_axi_to_axi_lite/i_axi_burst_splitter/i_demux_supported_vs_unsupported/gen_demux.gen_aw_id_counter.i_aw_id_counter/gen_counters[21].i_in_flight_cnt/axi_rsp_o[aw_ready]_INST_0_i_4/O
                         net (fo=4, estimated)        0.229     3.999    i_kecc_aes_k_axi_top/i_axi2reg/i_axi_to_axi_lite/i_axi_burst_splitter/i_demux_supported_vs_unsupported/gen_demux.gen_aw_id_counter.i_aw_id_counter/gen_counters[3].i_in_flight_cnt/gen_demux.aw_valid1
    SLICE_X33Y152        LUT5 (Prop_lut5_I3_O)        0.105     4.104 r  i_kecc_aes_k_axi_top/i_axi2reg/i_axi_to_axi_lite/i_axi_burst_splitter/i_demux_supported_vs_unsupported/gen_demux.gen_aw_id_counter.i_aw_id_counter/gen_counters[3].i_in_flight_cnt/i__i_4__6/O
                         net (fo=21, estimated)       0.309     4.413    i_kecc_aes_k_axi_top/i_axi2reg/i_axi_burst_splitter/i_axi_burst_splitter_aw_chan/state_d0
    SLICE_X35Y153        LUT5 (Prop_lut5_I4_O)        0.105     4.518 f  i_kecc_aes_k_axi_top/i_axi2reg/i__i_3__0/O
                         net (fo=2, estimated)        0.124     4.642    i_kecc_aes_k_axi_top/i_axi2reg/i__i_3__0_n_0
    SLICE_X35Y153        LUT5 (Prop_lut5_I2_O)        0.105     4.747 f  i_kecc_aes_k_axi_top/i_axi2reg/i__i_1__2/O
                         net (fo=3, estimated)        0.385     5.132    i_kecc_aes_k_axi_top/i_axi2reg/i__i_1__2_n_0
    SLICE_X28Y153        LUT6 (Prop_lut6_I0_O)        0.105     5.237 f  i_kecc_aes_k_axi_top/i_axi2reg/i__i_2__2/O
                         net (fo=1403, estimated)     0.736     5.973    i_kecc_aes_k_axi_top/i_axi2reg/i__i_2__2_n_0
    SLICE_X27Y160        LUT5 (Prop_lut5_I3_O)        0.105     6.078 r  i_kecc_aes_k_axi_top/i_axi2reg/mem_q[0][data][63]_i_19/O
                         net (fo=4, estimated)        0.475     6.553    i_kecc_aes_k_axi_top/i_axi2reg/i_axi_lite_to_reg/i_fifo_read/reg_req_i[addr][1]
    SLICE_X27Y160        LUT3 (Prop_lut3_I0_O)        0.105     6.658 r  i_kecc_aes_k_axi_top/i_axi2reg/i_axi_lite_to_reg/i_fifo_read/q[63]_i_6/O
                         net (fo=13, estimated)       0.402     7.060    i_kecc_aes_k_axi_top/i_axi2reg/i_axi_lite_to_reg/i_fifo_read/q[63]_i_6_n_0
    SLICE_X26Y163        LUT6 (Prop_lut6_I3_O)        0.105     7.165 r  i_kecc_aes_k_axi_top/i_axi2reg/i_axi_lite_to_reg/i_fifo_read/q[63]_i_5__1/O
                         net (fo=38, estimated)       0.432     7.597    i_kecc_aes_k_axi_top/i_axi2reg/i_axi_lite_to_reg/i_fifo_read/mem_q_reg[1][4]_13
    SLICE_X23Y165        LUT2 (Prop_lut2_I1_O)        0.105     7.702 r  i_kecc_aes_k_axi_top/i_axi2reg/i_axi_lite_to_reg/i_fifo_read/q[63]_i_3__4/O
                         net (fo=71, estimated)       0.554     8.256    i_kecc_aes_k_axi_top/i_axi2reg/i_axi_lite_to_reg/i_fifo_read/mem_q_reg[1][3]_3
    SLICE_X21Y166        LUT6 (Prop_lut6_I3_O)        0.105     8.361 f  i_kecc_aes_k_axi_top/i_axi2reg/i_axi_lite_to_reg/i_fifo_read/mem_q[0][error]_i_17/O
                         net (fo=1, estimated)        0.113     8.474    i_kecc_aes_k_axi_top/i_axi2reg/i_axi_lite_to_reg/i_fifo_read/mem_q[0][error]_i_17_n_0
    SLICE_X21Y166        LUT6 (Prop_lut6_I5_O)        0.105     8.579 f  i_kecc_aes_k_axi_top/i_axi2reg/i_axi_lite_to_reg/i_fifo_read/mem_q[0][error]_i_16/O
                         net (fo=1, estimated)        0.256     8.835    i_kecc_aes_k_axi_top/i_axi2reg/i_axi_lite_to_reg/i_fifo_read/mem_q[0][error]_i_16_n_0
    SLICE_X18Y167        LUT5 (Prop_lut5_I4_O)        0.105     8.940 r  i_kecc_aes_k_axi_top/i_axi2reg/i_axi_lite_to_reg/i_fifo_read/mem_q[0][error]_i_5/O
                         net (fo=21, estimated)       0.307     9.247    i_kecc_aes_k_axi_top/i_axi2reg/i_axi_lite_to_reg/i_fifo_read/mem_q[0][error]_i_5_n_0
    SLICE_X14Y167        LUT4 (Prop_lut4_I3_O)        0.105     9.352 f  i_kecc_aes_k_axi_top/i_axi2reg/i_axi_lite_to_reg/i_fifo_read/q[63]_i_3__14/O
                         net (fo=141, estimated)      0.498     9.850    i_kecc_aes_k_axi_top/i_axi2reg/i_axi_lite_to_reg/i_fifo_read/q[63]_i_3__14_n_0
    SLICE_X8Y166         LUT5 (Prop_lut5_I3_O)        0.105     9.955 r  i_kecc_aes_k_axi_top/i_axi2reg/i_axi_lite_to_reg/i_fifo_read/q[63]_i_3__24/O
                         net (fo=65, estimated)       1.065    11.020    i_kecc_aes_k_axi_top/i_axi2reg/i_axi_lite_to_reg/i_fifo_write_req/keccak_data_23_we
    SLICE_X1Y166         LUT3 (Prop_lut3_I2_O)        0.115    11.135 r  i_kecc_aes_k_axi_top/i_axi2reg/i_axi_lite_to_reg/i_fifo_write_req/wr_en_data_arb/q[55]_i_1__2/O
                         net (fo=1, estimated)        0.347    11.482    i_kecc_aes_k_axi_top/kecc_aes_k_axi_reg_top_i/u_keccak_data_23/q_reg[63]_0[55]
    SLICE_X1Y165         FDCE                                         r  i_kecc_aes_k_axi_top/kecc_aes_k_axi_reg_top_i/u_keccak_data_23/q_reg[55]/D
  -------------------------------------------------------------------    -------------------

                         (clock clk_i rise edge)     10.000    10.000 r  
                                                      0.000    10.000 r  clk_i (IN)
                         net (fo=4780, unset)         0.748    10.748    i_kecc_aes_k_axi_top/kecc_aes_k_axi_reg_top_i/u_keccak_data_23/clk_i
    SLICE_X1Y165         FDCE                                         r  i_kecc_aes_k_axi_top/kecc_aes_k_axi_reg_top_i/u_keccak_data_23/q_reg[55]/C
                         clock pessimism              0.000    10.748    
                         clock uncertainty           -0.035    10.712    
    SLICE_X1Y165         FDCE (Setup_fdce_C_D)       -0.234    10.478    i_kecc_aes_k_axi_top/kecc_aes_k_axi_reg_top_i/u_keccak_data_23/q_reg[55]
  -------------------------------------------------------------------
                         required time                         10.478    
                         arrival time                         -11.482    
  -------------------------------------------------------------------
                         slack                                 -1.004    

Slack (VIOLATED) :        -1.004ns  (required time - arrival time)
  Source:                 i_kecc_aes_k_axi_top/i_axi2reg/i_axi_to_axi_lite/i_axi_burst_splitter/i_demux_supported_vs_unsupported/gen_demux.gen_ar_id_counter.i_ar_id_counter/gen_counters[24].i_in_flight_cnt/counter_q_reg[0]/C
                            (rising edge-triggered cell FDCE clocked by clk_i  {rise@0.000ns fall@5.000ns period=10.000ns})
  Destination:            i_kecc_aes_k_axi_top/kecc_aes_k_axi_reg_top_i/u_keccak_data_23/q_reg[55]/D
                            (rising edge-triggered cell FDCE clocked by clk_i  {rise@0.000ns fall@5.000ns period=10.000ns})
  Path Group:             clk_i
  Path Type:              Setup (Max at Slow Process Corner)
  Requirement:            10.000ns  (clk_i rise@10.000ns - clk_i rise@0.000ns)
  Data Path Delay:        10.695ns  (logic 2.279ns (21.309%)  route 8.416ns (78.691%))
  Logic Levels:           18  (LUT2=1 LUT3=2 LUT4=3 LUT5=6 LUT6=6)
  Clock Path Skew:        -0.039ns (DCD - SCD + CPR)
    Destination Clock Delay (DCD):    0.748ns = ( 10.748 - 10.000 ) 
    Source Clock Delay      (SCD):    0.787ns
    Clock Pessimism Removal (CPR):    0.000ns
  Clock Uncertainty:      0.035ns  ((TSJ^2 + TIJ^2)^1/2 + DJ) / 2 + PE
    Total System Jitter     (TSJ):    0.071ns
    Total Input Jitter      (TIJ):    0.000ns
    Discrete Jitter          (DJ):    0.000ns
    Phase Error              (PE):    0.000ns

    Location             Delay type                Incr(ns)  Path(ns)    Netlist Resource(s)
  -------------------------------------------------------------------    -------------------
                         (clock clk_i rise edge)      0.000     0.000 r  
                                                      0.000     0.000 r  clk_i (IN)
                         net (fo=4780, unset)         0.787     0.787    i_kecc_aes_k_axi_top/i_axi2reg/i_axi_to_axi_lite/i_axi_burst_splitter/i_demux_supported_vs_unsupported/gen_demux.gen_ar_id_counter.i_ar_id_counter/gen_counters[24].i_in_flight_cnt/clk_i
    SLICE_X47Y145        FDCE                                         r  i_kecc_aes_k_axi_top/i_axi2reg/i_axi_to_axi_lite/i_axi_burst_splitter/i_demux_supported_vs_unsupported/gen_demux.gen_ar_id_counter.i_ar_id_counter/gen_counters[24].i_in_flight_cnt/counter_q_reg[0]/C
  -------------------------------------------------------------------    -------------------
    SLICE_X47Y145        FDCE (Prop_fdce_C_Q)         0.379     1.166 r  i_kecc_aes_k_axi_top/i_axi2reg/i_axi_to_axi_lite/i_axi_burst_splitter/i_demux_supported_vs_unsupported/gen_demux.gen_ar_id_counter.i_ar_id_counter/gen_counters[24].i_in_flight_cnt/counter_q_reg[0]/Q
                         net (fo=4, estimated)        0.528     1.694    i_kecc_aes_k_axi_top/i_axi2reg/i_axi_to_axi_lite/i_axi_burst_splitter/i_demux_supported_vs_unsupported/gen_demux.gen_ar_id_counter.i_ar_id_counter/gen_counters[24].i_in_flight_cnt/counter_q_reg[0]_0
    SLICE_X47Y146        LUT4 (Prop_lut4_I0_O)        0.105     1.799 r  i_kecc_aes_k_axi_top/i_axi2reg/i_axi_to_axi_lite/i_axi_burst_splitter/i_demux_supported_vs_unsupported/gen_demux.gen_ar_id_counter.i_ar_id_counter/gen_counters[24].i_in_flight_cnt/axi_rsp_o[ar_ready]_INST_0_i_32/O
                         net (fo=1, estimated)        0.465     2.264    i_kecc_aes_k_axi_top/i_axi2reg/i_axi_to_axi_lite/i_axi_burst_splitter/i_demux_supported_vs_unsupported/gen_demux.gen_ar_id_counter.i_ar_id_counter/gen_counters[26].i_in_flight_cnt/axi_rsp_o[ar_ready]_INST_0_i_5
    SLICE_X43Y146        LUT4 (Prop_lut4_I1_O)        0.105     2.369 r  i_kecc_aes_k_axi_top/i_axi2reg/i_axi_to_axi_lite/i_axi_burst_splitter/i_demux_supported_vs_unsupported/gen_demux.gen_ar_id_counter.i_ar_id_counter/gen_counters[26].i_in_flight_cnt/axi_rsp_o[ar_ready]_INST_0_i_17/O
                         net (fo=1, estimated)        0.333     2.702    i_kecc_aes_k_axi_top/i_axi2reg/i_axi_to_axi_lite/i_axi_burst_splitter/i_demux_supported_vs_unsupported/gen_demux.gen_ar_id_counter.i_ar_id_counter/gen_counters[9].i_in_flight_cnt/gen_demux.lock_ar_valid_q_reg_4
    SLICE_X42Y147        LUT6 (Prop_lut6_I4_O)        0.105     2.807 r  i_kecc_aes_k_axi_top/i_axi2reg/i_axi_to_axi_lite/i_axi_burst_splitter/i_demux_supported_vs_unsupported/gen_demux.gen_ar_id_counter.i_ar_id_counter/gen_counters[9].i_in_flight_cnt/axi_rsp_o[ar_ready]_INST_0_i_5/O
                         net (fo=6, estimated)        0.858     3.665    i_kecc_aes_k_axi_top/i_axi2reg/i_axi_to_axi_lite/i_axi_burst_splitter/i_demux_supported_vs_unsupported/gen_demux.gen_aw_id_counter.i_aw_id_counter/gen_counters[21].i_in_flight_cnt/gen_demux.lock_aw_valid_q_reg_0
    SLICE_X33Y152        LUT6 (Prop_lut6_I2_O)        0.105     3.770 f  i_kecc_aes_k_axi_top/i_axi2reg/i_axi_to_axi_lite/i_axi_burst_splitter/i_demux_supported_vs_unsupported/gen_demux.gen_aw_id_counter.i_aw_id_counter/gen_counters[21].i_in_flight_cnt/axi_rsp_o[aw_ready]_INST_0_i_4/O
                         net (fo=4, estimated)        0.229     3.999    i_kecc_aes_k_axi_top/i_axi2reg/i_axi_to_axi_lite/i_axi_burst_splitter/i_demux_supported_vs_unsupported/gen_demux.gen_aw_id_counter.i_aw_id_counter/gen_counters[3].i_in_flight_cnt/gen_demux.aw_valid1
    SLICE_X33Y152        LUT5 (Prop_lut5_I3_O)        0.105     4.104 f  i_kecc_aes_k_axi_top/i_axi2reg/i_axi_to_axi_lite/i_axi_burst_splitter/i_demux_supported_vs_unsupported/gen_demux.gen_aw_id_counter.i_aw_id_counter/gen_counters[3].i_in_flight_cnt/i__i_4__6/O
                         net (fo=21, estimated)       0.309     4.413    i_kecc_aes_k_axi_top/i_axi2reg/i_axi_burst_splitter/i_axi_burst_splitter_aw_chan/state_d0
    SLICE_X35Y153        LUT5 (Prop_lut5_I4_O)        0.105     4.518 r  i_kecc_aes_k_axi_top/i_axi2reg/i__i_3__0/O
                         net (fo=2, estimated)        0.124     4.642    i_kecc_aes_k_axi_top/i_axi2reg/i__i_3__0_n_0
    SLICE_X35Y153        LUT5 (Prop_lut5_I2_O)        0.105     4.747 r  i_kecc_aes_k_axi_top/i_axi2reg/i__i_1__2/O
                         net (fo=3, estimated)        0.385     5.132    i_kecc_aes_k_axi_top/i_axi2reg/i__i_1__2_n_0
    SLICE_X28Y153        LUT6 (Prop_lut6_I0_O)        0.105     5.237 r  i_kecc_aes_k_axi_top/i_axi2reg/i__i_2__2/O
                         net (fo=1403, estimated)     0.736     5.973    i_kecc_aes_k_axi_top/i_axi2reg/i__i_2__2_n_0
    SLICE_X27Y160        LUT5 (Prop_lut5_I3_O)        0.105     6.078 f  i_kecc_aes_k_axi_top/i_axi2reg/mem_q[0][data][63]_i_19/O
                         net (fo=4, estimated)        0.475     6.553    i_kecc_aes_k_axi_top/i_axi2reg/i_axi_lite_to_reg/i_fifo_read/reg_req_i[addr][1]
    SLICE_X27Y160        LUT3 (Prop_lut3_I0_O)        0.105     6.658 f  i_kecc_aes_k_axi_top/i_axi2reg/i_axi_lite_to_reg/i_fifo_read/q[63]_i_6/O
                         net (fo=13, estimated)       0.402     7.060    i_kecc_aes_k_axi_top/i_axi2reg/i_axi_lite_to_reg/i_fifo_read/q[63]_i_6_n_0
    SLICE_X26Y163        LUT6 (Prop_lut6_I3_O)        0.105     7.165 f  i_kecc_aes_k_axi_top/i_axi2reg/i_axi_lite_to_reg/i_fifo_read/q[63]_i_5__1/O
                         net (fo=38, estimated)       0.432     7.597    i_kecc_aes_k_axi_top/i_axi2reg/i_axi_lite_to_reg/i_fifo_read/mem_q_reg[1][4]_13
    SLICE_X23Y165        LUT2 (Prop_lut2_I1_O)        0.105     7.702 f  i_kecc_aes_k_axi_top/i_axi2reg/i_axi_lite_to_reg/i_fifo_read/q[63]_i_3__4/O
                         net (fo=71, estimated)       0.554     8.256    i_kecc_aes_k_axi_top/i_axi2reg/i_axi_lite_to_reg/i_fifo_read/mem_q_reg[1][3]_3
    SLICE_X21Y166        LUT6 (Prop_lut6_I3_O)        0.105     8.361 r  i_kecc_aes_k_axi_top/i_axi2reg/i_axi_lite_to_reg/i_fifo_read/mem_q[0][error]_i_17/O
                         net (fo=1, estimated)        0.113     8.474    i_kecc_aes_k_axi_top/i_axi2reg/i_axi_lite_to_reg/i_fifo_read/mem_q[0][error]_i_17_n_0
    SLICE_X21Y166        LUT6 (Prop_lut6_I5_O)        0.105     8.579 r  i_kecc_aes_k_axi_top/i_axi2reg/i_axi_lite_to_reg/i_fifo_read/mem_q[0][error]_i_16/O
                         net (fo=1, estimated)        0.256     8.835    i_kecc_aes_k_axi_top/i_axi2reg/i_axi_lite_to_reg/i_fifo_read/mem_q[0][error]_i_16_n_0
    SLICE_X18Y167        LUT5 (Prop_lut5_I4_O)        0.105     8.940 f  i_kecc_aes_k_axi_top/i_axi2reg/i_axi_lite_to_reg/i_fifo_read/mem_q[0][error]_i_5/O
                         net (fo=21, estimated)       0.307     9.247    i_kecc_aes_k_axi_top/i_axi2reg/i_axi_lite_to_reg/i_fifo_read/mem_q[0][error]_i_5_n_0
    SLICE_X14Y167        LUT4 (Prop_lut4_I3_O)        0.105     9.352 f  i_kecc_aes_k_axi_top/i_axi2reg/i_axi_lite_to_reg/i_fifo_read/q[63]_i_3__14/O
                         net (fo=141, estimated)      0.498     9.850    i_kecc_aes_k_axi_top/i_axi2reg/i_axi_lite_to_reg/i_fifo_read/q[63]_i_3__14_n_0
    SLICE_X8Y166         LUT5 (Prop_lut5_I3_O)        0.105     9.955 r  i_kecc_aes_k_axi_top/i_axi2reg/i_axi_lite_to_reg/i_fifo_read/q[63]_i_3__24/O
                         net (fo=65, estimated)       1.065    11.020    i_kecc_aes_k_axi_top/i_axi2reg/i_axi_lite_to_reg/i_fifo_write_req/keccak_data_23_we
    SLICE_X1Y166         LUT3 (Prop_lut3_I2_O)        0.115    11.135 r  i_kecc_aes_k_axi_top/i_axi2reg/i_axi_lite_to_reg/i_fifo_write_req/wr_en_data_arb/q[55]_i_1__2/O
                         net (fo=1, estimated)        0.347    11.482    i_kecc_aes_k_axi_top/kecc_aes_k_axi_reg_top_i/u_keccak_data_23/q_reg[63]_0[55]
    SLICE_X1Y165         FDCE                                         r  i_kecc_aes_k_axi_top/kecc_aes_k_axi_reg_top_i/u_keccak_data_23/q_reg[55]/D
  -------------------------------------------------------------------    -------------------

                         (clock clk_i rise edge)     10.000    10.000 r  
                                                      0.000    10.000 r  clk_i (IN)
                         net (fo=4780, unset)         0.748    10.748    i_kecc_aes_k_axi_top/kecc_aes_k_axi_reg_top_i/u_keccak_data_23/clk_i
    SLICE_X1Y165         FDCE                                         r  i_kecc_aes_k_axi_top/kecc_aes_k_axi_reg_top_i/u_keccak_data_23/q_reg[55]/C
                         clock pessimism              0.000    10.748    
                         clock uncertainty           -0.035    10.712    
    SLICE_X1Y165         FDCE (Setup_fdce_C_D)       -0.234    10.478    i_kecc_aes_k_axi_top/kecc_aes_k_axi_reg_top_i/u_keccak_data_23/q_reg[55]
  -------------------------------------------------------------------
                         required time                         10.478    
                         arrival time                         -11.482    
  -------------------------------------------------------------------
                         slack                                 -1.004    

Slack (VIOLATED) :        -1.004ns  (required time - arrival time)
  Source:                 i_kecc_aes_k_axi_top/i_axi2reg/i_axi_to_axi_lite/i_axi_burst_splitter/i_demux_supported_vs_unsupported/gen_demux.gen_ar_id_counter.i_ar_id_counter/gen_counters[24].i_in_flight_cnt/counter_q_reg[0]/C
                            (rising edge-triggered cell FDCE clocked by clk_i  {rise@0.000ns fall@5.000ns period=10.000ns})
  Destination:            i_kecc_aes_k_axi_top/kecc_aes_k_axi_reg_top_i/u_keccak_data_23/q_reg[55]/D
                            (rising edge-triggered cell FDCE clocked by clk_i  {rise@0.000ns fall@5.000ns period=10.000ns})
  Path Group:             clk_i
  Path Type:              Setup (Max at Slow Process Corner)
  Requirement:            10.000ns  (clk_i rise@10.000ns - clk_i rise@0.000ns)
  Data Path Delay:        10.695ns  (logic 2.279ns (21.309%)  route 8.416ns (78.691%))
  Logic Levels:           18  (LUT2=1 LUT3=2 LUT4=3 LUT5=6 LUT6=6)
  Clock Path Skew:        -0.039ns (DCD - SCD + CPR)
    Destination Clock Delay (DCD):    0.748ns = ( 10.748 - 10.000 ) 
    Source Clock Delay      (SCD):    0.787ns
    Clock Pessimism Removal (CPR):    0.000ns
  Clock Uncertainty:      0.035ns  ((TSJ^2 + TIJ^2)^1/2 + DJ) / 2 + PE
    Total System Jitter     (TSJ):    0.071ns
    Total Input Jitter      (TIJ):    0.000ns
    Discrete Jitter          (DJ):    0.000ns
    Phase Error              (PE):    0.000ns

    Location             Delay type                Incr(ns)  Path(ns)    Netlist Resource(s)
  -------------------------------------------------------------------    -------------------
                         (clock clk_i rise edge)      0.000     0.000 r  
                                                      0.000     0.000 r  clk_i (IN)
                         net (fo=4780, unset)         0.787     0.787    i_kecc_aes_k_axi_top/i_axi2reg/i_axi_to_axi_lite/i_axi_burst_splitter/i_demux_supported_vs_unsupported/gen_demux.gen_ar_id_counter.i_ar_id_counter/gen_counters[24].i_in_flight_cnt/clk_i
    SLICE_X47Y145        FDCE                                         r  i_kecc_aes_k_axi_top/i_axi2reg/i_axi_to_axi_lite/i_axi_burst_splitter/i_demux_supported_vs_unsupported/gen_demux.gen_ar_id_counter.i_ar_id_counter/gen_counters[24].i_in_flight_cnt/counter_q_reg[0]/C
  -------------------------------------------------------------------    -------------------
    SLICE_X47Y145        FDCE (Prop_fdce_C_Q)         0.379     1.166 f  i_kecc_aes_k_axi_top/i_axi2reg/i_axi_to_axi_lite/i_axi_burst_splitter/i_demux_supported_vs_unsupported/gen_demux.gen_ar_id_counter.i_ar_id_counter/gen_counters[24].i_in_flight_cnt/counter_q_reg[0]/Q
                         net (fo=4, estimated)        0.528     1.694    i_kecc_aes_k_axi_top/i_axi2reg/i_axi_to_axi_lite/i_axi_burst_splitter/i_demux_supported_vs_unsupported/gen_demux.gen_ar_id_counter.i_ar_id_counter/gen_counters[24].i_in_flight_cnt/counter_q_reg[0]_0
    SLICE_X47Y146        LUT4 (Prop_lut4_I0_O)        0.105     1.799 f  i_kecc_aes_k_axi_top/i_axi2reg/i_axi_to_axi_lite/i_axi_burst_splitter/i_demux_supported_vs_unsupported/gen_demux.gen_ar_id_counter.i_ar_id_counter/gen_counters[24].i_in_flight_cnt/axi_rsp_o[ar_ready]_INST_0_i_32/O
                         net (fo=1, estimated)        0.465     2.264    i_kecc_aes_k_axi_top/i_axi2reg/i_axi_to_axi_lite/i_axi_burst_splitter/i_demux_supported_vs_unsupported/gen_demux.gen_ar_id_counter.i_ar_id_counter/gen_counters[26].i_in_flight_cnt/axi_rsp_o[ar_ready]_INST_0_i_5
    SLICE_X43Y146        LUT4 (Prop_lut4_I1_O)        0.105     2.369 f  i_kecc_aes_k_axi_top/i_axi2reg/i_axi_to_axi_lite/i_axi_burst_splitter/i_demux_supported_vs_unsupported/gen_demux.gen_ar_id_counter.i_ar_id_counter/gen_counters[26].i_in_flight_cnt/axi_rsp_o[ar_ready]_INST_0_i_17/O
                         net (fo=1, estimated)        0.333     2.702    i_kecc_aes_k_axi_top/i_axi2reg/i_axi_to_axi_lite/i_axi_burst_splitter/i_demux_supported_vs_unsupported/gen_demux.gen_ar_id_counter.i_ar_id_counter/gen_counters[9].i_in_flight_cnt/gen_demux.lock_ar_valid_q_reg_4
    SLICE_X42Y147        LUT6 (Prop_lut6_I4_O)        0.105     2.807 f  i_kecc_aes_k_axi_top/i_axi2reg/i_axi_to_axi_lite/i_axi_burst_splitter/i_demux_supported_vs_unsupported/gen_demux.gen_ar_id_counter.i_ar_id_counter/gen_counters[9].i_in_flight_cnt/axi_rsp_o[ar_ready]_INST_0_i_5/O
                         net (fo=6, estimated)        0.858     3.665    i_kecc_aes_k_axi_top/i_axi2reg/i_axi_to_axi_lite/i_axi_burst_splitter/i_demux_supported_vs_unsupported/gen_demux.gen_aw_id_counter.i_aw_id_counter/gen_counters[21].i_in_flight_cnt/gen_demux.lock_aw_valid_q_reg_0
    SLICE_X33Y152        LUT6 (Prop_lut6_I2_O)        0.105     3.770 r  i_kecc_aes_k_axi_top/i_axi2reg/i_axi_to_axi_lite/i_axi_burst_splitter/i_demux_supported_vs_unsupported/gen_demux.gen_aw_id_counter.i_aw_id_counter/gen_counters[21].i_in_flight_cnt/axi_rsp_o[aw_ready]_INST_0_i_4/O
                         net (fo=4, estimated)        0.229     3.999    i_kecc_aes_k_axi_top/i_axi2reg/i_axi_to_axi_lite/i_axi_burst_splitter/i_demux_supported_vs_unsupported/gen_demux.gen_aw_id_counter.i_aw_id_counter/gen_counters[3].i_in_flight_cnt/gen_demux.aw_valid1
    SLICE_X33Y152        LUT5 (Prop_lut5_I3_O)        0.105     4.104 r  i_kecc_aes_k_axi_top/i_axi2reg/i_axi_to_axi_lite/i_axi_burst_splitter/i_demux_supported_vs_unsupported/gen_demux.gen_aw_id_counter.i_aw_id_counter/gen_counters[3].i_in_flight_cnt/i__i_4__6/O
                         net (fo=21, estimated)       0.309     4.413    i_kecc_aes_k_axi_top/i_axi2reg/i_axi_burst_splitter/i_axi_burst_splitter_aw_chan/state_d0
    SLICE_X35Y153        LUT5 (Prop_lut5_I4_O)        0.105     4.518 f  i_kecc_aes_k_axi_top/i_axi2reg/i__i_3__0/O
                         net (fo=2, estimated)        0.124     4.642    i_kecc_aes_k_axi_top/i_axi2reg/i__i_3__0_n_0
    SLICE_X35Y153        LUT5 (Prop_lut5_I2_O)        0.105     4.747 f  i_kecc_aes_k_axi_top/i_axi2reg/i__i_1__2/O
                         net (fo=3, estimated)        0.385     5.132    i_kecc_aes_k_axi_top/i_axi2reg/i__i_1__2_n_0
    SLICE_X28Y153        LUT6 (Prop_lut6_I0_O)        0.105     5.237 f  i_kecc_aes_k_axi_top/i_axi2reg/i__i_2__2/O
                         net (fo=1403, estimated)     0.736     5.973    i_kecc_aes_k_axi_top/i_axi2reg/i__i_2__2_n_0
    SLICE_X27Y160        LUT5 (Prop_lut5_I3_O)        0.105     6.078 f  i_kecc_aes_k_axi_top/i_axi2reg/mem_q[0][data][63]_i_19/O
                         net (fo=4, estimated)        0.475     6.553    i_kecc_aes_k_axi_top/i_axi2reg/i_axi_lite_to_reg/i_fifo_read/reg_req_i[addr][1]
    SLICE_X27Y160        LUT3 (Prop_lut3_I0_O)        0.105     6.658 f  i_kecc_aes_k_axi_top/i_axi2reg/i_axi_lite_to_reg/i_fifo_read/q[63]_i_6/O
                         net (fo=13, estimated)       0.402     7.060    i_kecc_aes_k_axi_top/i_axi2reg/i_axi_lite_to_reg/i_fifo_read/q[63]_i_6_n_0
    SLICE_X26Y163        LUT6 (Prop_lut6_I3_O)        0.105     7.165 f  i_kecc_aes_k_axi_top/i_axi2reg/i_axi_lite_to_reg/i_fifo_read/q[63]_i_5__1/O
                         net (fo=38, estimated)       0.432     7.597    i_kecc_aes_k_axi_top/i_axi2reg/i_axi_lite_to_reg/i_fifo_read/mem_q_reg[1][4]_13
    SLICE_X23Y165        LUT2 (Prop_lut2_I1_O)        0.105     7.702 f  i_kecc_aes_k_axi_top/i_axi2reg/i_axi_lite_to_reg/i_fifo_read/q[63]_i_3__4/O
                         net (fo=71, estimated)       0.554     8.256    i_kecc_aes_k_axi_top/i_axi2reg/i_axi_lite_to_reg/i_fifo_read/mem_q_reg[1][3]_3
    SLICE_X21Y166        LUT6 (Prop_lut6_I3_O)        0.105     8.361 r  i_kecc_aes_k_axi_top/i_axi2reg/i_axi_lite_to_reg/i_fifo_read/mem_q[0][error]_i_17/O
                         net (fo=1, estimated)        0.113     8.474    i_kecc_aes_k_axi_top/i_axi2reg/i_axi_lite_to_reg/i_fifo_read/mem_q[0][error]_i_17_n_0
    SLICE_X21Y166        LUT6 (Prop_lut6_I5_O)        0.105     8.579 r  i_kecc_aes_k_axi_top/i_axi2reg/i_axi_lite_to_reg/i_fifo_read/mem_q[0][error]_i_16/O
                         net (fo=1, estimated)        0.256     8.835    i_kecc_aes_k_axi_top/i_axi2reg/i_axi_lite_to_reg/i_fifo_read/mem_q[0][error]_i_16_n_0
    SLICE_X18Y167        LUT5 (Prop_lut5_I4_O)        0.105     8.940 f  i_kecc_aes_k_axi_top/i_axi2reg/i_axi_lite_to_reg/i_fifo_read/mem_q[0][error]_i_5/O
                         net (fo=21, estimated)       0.307     9.247    i_kecc_aes_k_axi_top/i_axi2reg/i_axi_lite_to_reg/i_fifo_read/mem_q[0][error]_i_5_n_0
    SLICE_X14Y167        LUT4 (Prop_lut4_I3_O)        0.105     9.352 f  i_kecc_aes_k_axi_top/i_axi2reg/i_axi_lite_to_reg/i_fifo_read/q[63]_i_3__14/O
                         net (fo=141, estimated)      0.498     9.850    i_kecc_aes_k_axi_top/i_axi2reg/i_axi_lite_to_reg/i_fifo_read/q[63]_i_3__14_n_0
    SLICE_X8Y166         LUT5 (Prop_lut5_I3_O)        0.105     9.955 r  i_kecc_aes_k_axi_top/i_axi2reg/i_axi_lite_to_reg/i_fifo_read/q[63]_i_3__24/O
                         net (fo=65, estimated)       1.065    11.020    i_kecc_aes_k_axi_top/i_axi2reg/i_axi_lite_to_reg/i_fifo_write_req/keccak_data_23_we
    SLICE_X1Y166         LUT3 (Prop_lut3_I2_O)        0.115    11.135 r  i_kecc_aes_k_axi_top/i_axi2reg/i_axi_lite_to_reg/i_fifo_write_req/wr_en_data_arb/q[55]_i_1__2/O
                         net (fo=1, estimated)        0.347    11.482    i_kecc_aes_k_axi_top/kecc_aes_k_axi_reg_top_i/u_keccak_data_23/q_reg[63]_0[55]
    SLICE_X1Y165         FDCE                                         r  i_kecc_aes_k_axi_top/kecc_aes_k_axi_reg_top_i/u_keccak_data_23/q_reg[55]/D
  -------------------------------------------------------------------    -------------------

                         (clock clk_i rise edge)     10.000    10.000 r  
                                                      0.000    10.000 r  clk_i (IN)
                         net (fo=4780, unset)         0.748    10.748    i_kecc_aes_k_axi_top/kecc_aes_k_axi_reg_top_i/u_keccak_data_23/clk_i
    SLICE_X1Y165         FDCE                                         r  i_kecc_aes_k_axi_top/kecc_aes_k_axi_reg_top_i/u_keccak_data_23/q_reg[55]/C
                         clock pessimism              0.000    10.748    
                         clock uncertainty           -0.035    10.712    
    SLICE_X1Y165         FDCE (Setup_fdce_C_D)       -0.234    10.478    i_kecc_aes_k_axi_top/kecc_aes_k_axi_reg_top_i/u_keccak_data_23/q_reg[55]
  -------------------------------------------------------------------
                         required time                         10.478    
                         arrival time                         -11.482    
  -------------------------------------------------------------------
                         slack                                 -1.004    




