Copyright 1986-2022 Xilinx, Inc. All Rights Reserved. Copyright 2022-2024 Advanced Micro Devices, Inc. All Rights Reserved.
----------------------------------------------------------------------------------------------------------------------------------------------------------------
| Tool Version : Vivado v.2024.1 (win64) Build 5076996 Wed May 22 18:37:14 MDT 2024
| Date         : Mon Aug 10 14:39:18 2026
| Host         : AlessandraYOGA running 64-bit major release  (build 9200)
| Command      : report_timing -max_paths 20 -nworst 20 -delay_type max -sort_by slack -file reports_v4_serial_rom/kecc_aes_k_axi_synth_top.timing_WORST_20.rpt
| Design       : kecc_aes_k_axi_synth_top
| Device       : 7a100t-ftg256
| Speed File   : -2  PRODUCTION 1.23 2018-06-13
| Design State : Fully Placed
----------------------------------------------------------------------------------------------------------------------------------------------------------------

Timing Report

Slack (VIOLATED) :        -1.500ns  (required time - arrival time)
  Source:                 i_kecc_aes_k_axi_top/i_axi2reg/i_axi_to_axi_lite/i_axi_burst_splitter/i_demux_supported_vs_unsupported/gen_demux.gen_aw_id_counter.i_aw_id_counter/gen_counters[23].mst_select_q_reg[23][0]/C
                            (rising edge-triggered cell FDCE clocked by clk_i  {rise@0.000ns fall@5.000ns period=10.000ns})
  Destination:            i_kecc_aes_k_axi_top/kecc_aes_k_axi_reg_top_i/u_keccak_data_9/q_reg[58]/D
                            (rising edge-triggered cell FDCE clocked by clk_i  {rise@0.000ns fall@5.000ns period=10.000ns})
  Path Group:             clk_i
  Path Type:              Setup (Max at Slow Process Corner)
  Requirement:            10.000ns  (clk_i rise@10.000ns - clk_i rise@0.000ns)
  Data Path Delay:        11.172ns  (logic 2.461ns (22.028%)  route 8.711ns (77.972%))
  Logic Levels:           16  (LUT3=1 LUT5=8 LUT6=5 MUXF7=1 MUXF8=1)
  Clock Path Skew:        -0.039ns (DCD - SCD + CPR)
    Destination Clock Delay (DCD):    0.748ns = ( 10.748 - 10.000 ) 
    Source Clock Delay      (SCD):    0.787ns
    Clock Pessimism Removal (CPR):    0.000ns
  Clock Uncertainty:      0.035ns  ((TSJ^2 + TIJ^2)^1/2 + DJ) / 2 + PE
    Total System Jitter     (TSJ):    0.071ns
    Total Input Jitter      (TIJ):    0.000ns
    Discrete Jitter          (DJ):    0.000ns
    Phase Error              (PE):    0.000ns

    Location             Delay type                Incr(ns)  Path(ns)    Netlist Resource(s)
  -------------------------------------------------------------------    -------------------
                         (clock clk_i rise edge)      0.000     0.000 r  
                                                      0.000     0.000 r  clk_i (IN)
                         net (fo=4843, unset)         0.787     0.787    i_kecc_aes_k_axi_top/i_axi2reg/i_axi_to_axi_lite/i_axi_burst_splitter/i_demux_supported_vs_unsupported/gen_demux.gen_aw_id_counter.i_aw_id_counter/clk_i
    SLICE_X54Y143        FDCE                                         r  i_kecc_aes_k_axi_top/i_axi2reg/i_axi_to_axi_lite/i_axi_burst_splitter/i_demux_supported_vs_unsupported/gen_demux.gen_aw_id_counter.i_aw_id_counter/gen_counters[23].mst_select_q_reg[23][0]/C
  -------------------------------------------------------------------    -------------------
    SLICE_X54Y143        FDCE (Prop_fdce_C_Q)         0.398     1.185 r  i_kecc_aes_k_axi_top/i_axi2reg/i_axi_to_axi_lite/i_axi_burst_splitter/i_demux_supported_vs_unsupported/gen_demux.gen_aw_id_counter.i_aw_id_counter/gen_counters[23].mst_select_q_reg[23][0]/Q
                         net (fo=2, estimated)        0.674     1.859    i_kecc_aes_k_axi_top/i_axi2reg/i_axi_to_axi_lite/i_axi_burst_splitter/i_demux_supported_vs_unsupported/gen_demux.gen_aw_id_counter.i_aw_id_counter/gen_counters[23].mst_select_q_reg[23]_8
    SLICE_X53Y143        LUT6 (Prop_lut6_I0_O)        0.232     2.091 r  i_kecc_aes_k_axi_top/i_axi2reg/i_axi_to_axi_lite/i_axi_burst_splitter/i_demux_supported_vs_unsupported/gen_demux.gen_aw_id_counter.i_aw_id_counter/i___34_i_36/O
                         net (fo=1, routed)           0.000     2.091    i_kecc_aes_k_axi_top/i_axi2reg/i_axi_to_axi_lite/i_axi_burst_splitter/i_demux_supported_vs_unsupported/gen_demux.gen_aw_id_counter.i_aw_id_counter/i___34_i_36_n_0
    SLICE_X53Y143        MUXF7 (Prop_muxf7_I1_O)      0.206     2.297 r  i_kecc_aes_k_axi_top/i_axi2reg/i_axi_to_axi_lite/i_axi_burst_splitter/i_demux_supported_vs_unsupported/gen_demux.gen_aw_id_counter.i_aw_id_counter/i___34_i_15/O
                         net (fo=1, routed)           0.000     2.297    i_kecc_aes_k_axi_top/i_axi2reg/i_axi_to_axi_lite/i_axi_burst_splitter/i_demux_supported_vs_unsupported/gen_demux.gen_aw_id_counter.i_aw_id_counter/i___34_i_15_n_0
    SLICE_X53Y143        MUXF8 (Prop_muxf8_I0_O)      0.085     2.382 r  i_kecc_aes_k_axi_top/i_axi2reg/i_axi_to_axi_lite/i_axi_burst_splitter/i_demux_supported_vs_unsupported/gen_demux.gen_aw_id_counter.i_aw_id_counter/i___34_i_5/O
                         net (fo=1, estimated)        0.687     3.069    i_kecc_aes_k_axi_top/i_axi2reg/i_axi_to_axi_lite/i_axi_burst_splitter/i_demux_supported_vs_unsupported/gen_demux.gen_aw_id_counter.i_aw_id_counter/gen_counters[3].i_in_flight_cnt/i___34
    SLICE_X52Y144        LUT6 (Prop_lut6_I1_O)        0.264     3.333 f  i_kecc_aes_k_axi_top/i_axi2reg/i_axi_to_axi_lite/i_axi_burst_splitter/i_demux_supported_vs_unsupported/gen_demux.gen_aw_id_counter.i_aw_id_counter/gen_counters[3].i_in_flight_cnt/i___34_i_1/O
                         net (fo=2, estimated)        0.664     3.997    i_kecc_aes_k_axi_top/i_axi2reg/i_axi_to_axi_lite_n_170
    SLICE_X55Y144        LUT5 (Prop_lut5_I0_O)        0.105     4.102 f  i_kecc_aes_k_axi_top/i_axi2reg/i___83/O
                         net (fo=4, estimated)        0.371     4.473    i_kecc_aes_k_axi_top/i_axi2reg/i_axi_to_axi_lite/i_axi_burst_splitter/i_demux_supported_vs_unsupported/gen_demux.gen_aw_id_counter.i_aw_id_counter/gen_counters[3].i_in_flight_cnt/gen_demux.lock_aw_valid_q_reg_2
    SLICE_X55Y144        LUT5 (Prop_lut5_I2_O)        0.105     4.578 f  i_kecc_aes_k_axi_top/i_axi2reg/i_axi_to_axi_lite/i_axi_burst_splitter/i_demux_supported_vs_unsupported/gen_demux.gen_aw_id_counter.i_aw_id_counter/gen_counters[3].i_in_flight_cnt/i___30_i_4/O
                         net (fo=21, estimated)       0.292     4.870    i_kecc_aes_k_axi_top/i_axi2reg/i_axi_burst_splitter/i_axi_burst_splitter_aw_chan/state_d0
    SLICE_X54Y145        LUT5 (Prop_lut5_I4_O)        0.105     4.975 r  i_kecc_aes_k_axi_top/i_axi2reg/i___2_i_3/O
                         net (fo=2, estimated)        0.235     5.210    i_kecc_aes_k_axi_top/i_axi2reg/i___2_i_3_n_0
    SLICE_X55Y146        LUT5 (Prop_lut5_I2_O)        0.105     5.315 r  i_kecc_aes_k_axi_top/i_axi2reg/i___4_i_1/O
                         net (fo=3, estimated)        0.135     5.450    i_kecc_aes_k_axi_top/i_axi2reg/i___4_i_1_n_0
    SLICE_X55Y146        LUT6 (Prop_lut6_I0_O)        0.105     5.555 r  i_kecc_aes_k_axi_top/i_axi2reg/i___2_i_2/O
                         net (fo=32, estimated)       0.570     6.125    i_kecc_aes_k_axi_top/i_axi2reg/i___2_i_2_n_0
    SLICE_X59Y151        LUT5 (Prop_lut5_I3_O)        0.105     6.230 r  i_kecc_aes_k_axi_top/i_axi2reg/mem_q[0][data][63]_i_27/O
                         net (fo=15, estimated)       0.704     6.934    i_kecc_aes_k_axi_top/i_axi2reg/i_axi_lite_to_reg/i_fifo_read/reg_req_i[addr][6]
    SLICE_X58Y151        LUT5 (Prop_lut5_I0_O)        0.105     7.039 r  i_kecc_aes_k_axi_top/i_axi2reg/i_axi_lite_to_reg/i_fifo_read/q[63]_i_8/O
                         net (fo=20, estimated)       0.603     7.642    i_kecc_aes_k_axi_top/i_axi2reg/i_axi_lite_to_reg/i_fifo_read/q[63]_i_8_n_0
    SLICE_X59Y151        LUT5 (Prop_lut5_I0_O)        0.105     7.747 r  i_kecc_aes_k_axi_top/i_axi2reg/i_axi_lite_to_reg/i_fifo_read/q[63]_i_2__3/O
                         net (fo=65, estimated)       0.761     8.508    i_kecc_aes_k_axi_top/i_axi2reg/i_axi_lite_to_reg/i_fifo_read/mem_q_reg[1][5]_2
    SLICE_X54Y156        LUT5 (Prop_lut5_I2_O)        0.105     8.613 r  i_kecc_aes_k_axi_top/i_axi2reg/i_axi_lite_to_reg/i_fifo_read/mem_q[0][error]_i_20/O
                         net (fo=1, estimated)        0.693     9.306    i_kecc_aes_k_axi_top/i_axi2reg/i_axi_lite_to_reg/i_fifo_read/mem_q[0][error]_i_20_n_0
    SLICE_X50Y161        LUT6 (Prop_lut6_I0_O)        0.105     9.411 r  i_kecc_aes_k_axi_top/i_axi2reg/i_axi_lite_to_reg/i_fifo_read/mem_q[0][error]_i_7/O
                         net (fo=33, estimated)       0.572     9.983    i_kecc_aes_k_axi_top/i_axi2reg/i_axi_lite_to_reg/i_fifo_read/mem_q[0][error]_i_7_n_0
    SLICE_X40Y160        LUT6 (Prop_lut6_I4_O)        0.105    10.088 r  i_kecc_aes_k_axi_top/i_axi2reg/i_axi_lite_to_reg/i_fifo_read/q[63]_i_3__13/O
                         net (fo=65, estimated)       1.051    11.139    i_kecc_aes_k_axi_top/i_axi2reg/i_axi_lite_to_reg/i_fifo_write_req/keccak_data_9_we
    SLICE_X34Y156        LUT3 (Prop_lut3_I2_O)        0.121    11.260 r  i_kecc_aes_k_axi_top/i_axi2reg/i_axi_lite_to_reg/i_fifo_write_req/wr_en_data_arb/q[58]_i_1__8/O
                         net (fo=1, estimated)        0.699    11.959    i_kecc_aes_k_axi_top/kecc_aes_k_axi_reg_top_i/u_keccak_data_9/q_reg[63]_1[58]
    SLICE_X35Y156        FDCE                                         r  i_kecc_aes_k_axi_top/kecc_aes_k_axi_reg_top_i/u_keccak_data_9/q_reg[58]/D
  -------------------------------------------------------------------    -------------------

                         (clock clk_i rise edge)     10.000    10.000 r  
                                                      0.000    10.000 r  clk_i (IN)
                         net (fo=4843, unset)         0.748    10.748    i_kecc_aes_k_axi_top/kecc_aes_k_axi_reg_top_i/u_keccak_data_9/clk_i
    SLICE_X35Y156        FDCE                                         r  i_kecc_aes_k_axi_top/kecc_aes_k_axi_reg_top_i/u_keccak_data_9/q_reg[58]/C
                         clock pessimism              0.000    10.748    
                         clock uncertainty           -0.035    10.712    
    SLICE_X35Y156        FDCE (Setup_fdce_C_D)       -0.253    10.459    i_kecc_aes_k_axi_top/kecc_aes_k_axi_reg_top_i/u_keccak_data_9/q_reg[58]
  -------------------------------------------------------------------
                         required time                         10.459    
                         arrival time                         -11.959    
  -------------------------------------------------------------------
                         slack                                 -1.500    

Slack (VIOLATED) :        -1.500ns  (required time - arrival time)
  Source:                 i_kecc_aes_k_axi_top/i_axi2reg/i_axi_to_axi_lite/i_axi_burst_splitter/i_demux_supported_vs_unsupported/gen_demux.gen_aw_id_counter.i_aw_id_counter/gen_counters[23].mst_select_q_reg[23][0]/C
                            (rising edge-triggered cell FDCE clocked by clk_i  {rise@0.000ns fall@5.000ns period=10.000ns})
  Destination:            i_kecc_aes_k_axi_top/kecc_aes_k_axi_reg_top_i/u_keccak_data_9/q_reg[58]/D
                            (rising edge-triggered cell FDCE clocked by clk_i  {rise@0.000ns fall@5.000ns period=10.000ns})
  Path Group:             clk_i
  Path Type:              Setup (Max at Slow Process Corner)
  Requirement:            10.000ns  (clk_i rise@10.000ns - clk_i rise@0.000ns)
  Data Path Delay:        11.172ns  (logic 2.461ns (22.028%)  route 8.711ns (77.972%))
  Logic Levels:           16  (LUT3=1 LUT5=8 LUT6=5 MUXF7=1 MUXF8=1)
  Clock Path Skew:        -0.039ns (DCD - SCD + CPR)
    Destination Clock Delay (DCD):    0.748ns = ( 10.748 - 10.000 ) 
    Source Clock Delay      (SCD):    0.787ns
    Clock Pessimism Removal (CPR):    0.000ns
  Clock Uncertainty:      0.035ns  ((TSJ^2 + TIJ^2)^1/2 + DJ) / 2 + PE
    Total System Jitter     (TSJ):    0.071ns
    Total Input Jitter      (TIJ):    0.000ns
    Discrete Jitter          (DJ):    0.000ns
    Phase Error              (PE):    0.000ns

    Location             Delay type                Incr(ns)  Path(ns)    Netlist Resource(s)
  -------------------------------------------------------------------    -------------------
                         (clock clk_i rise edge)      0.000     0.000 r  
                                                      0.000     0.000 r  clk_i (IN)
                         net (fo=4843, unset)         0.787     0.787    i_kecc_aes_k_axi_top/i_axi2reg/i_axi_to_axi_lite/i_axi_burst_splitter/i_demux_supported_vs_unsupported/gen_demux.gen_aw_id_counter.i_aw_id_counter/clk_i
    SLICE_X54Y143        FDCE                                         r  i_kecc_aes_k_axi_top/i_axi2reg/i_axi_to_axi_lite/i_axi_burst_splitter/i_demux_supported_vs_unsupported/gen_demux.gen_aw_id_counter.i_aw_id_counter/gen_counters[23].mst_select_q_reg[23][0]/C
  -------------------------------------------------------------------    -------------------
    SLICE_X54Y143        FDCE (Prop_fdce_C_Q)         0.398     1.185 f  i_kecc_aes_k_axi_top/i_axi2reg/i_axi_to_axi_lite/i_axi_burst_splitter/i_demux_supported_vs_unsupported/gen_demux.gen_aw_id_counter.i_aw_id_counter/gen_counters[23].mst_select_q_reg[23][0]/Q
                         net (fo=2, estimated)        0.674     1.859    i_kecc_aes_k_axi_top/i_axi2reg/i_axi_to_axi_lite/i_axi_burst_splitter/i_demux_supported_vs_unsupported/gen_demux.gen_aw_id_counter.i_aw_id_counter/gen_counters[23].mst_select_q_reg[23]_8
    SLICE_X53Y143        LUT6 (Prop_lut6_I0_O)        0.232     2.091 f  i_kecc_aes_k_axi_top/i_axi2reg/i_axi_to_axi_lite/i_axi_burst_splitter/i_demux_supported_vs_unsupported/gen_demux.gen_aw_id_counter.i_aw_id_counter/i___34_i_36/O
                         net (fo=1, routed)           0.000     2.091    i_kecc_aes_k_axi_top/i_axi2reg/i_axi_to_axi_lite/i_axi_burst_splitter/i_demux_supported_vs_unsupported/gen_demux.gen_aw_id_counter.i_aw_id_counter/i___34_i_36_n_0
    SLICE_X53Y143        MUXF7 (Prop_muxf7_I1_O)      0.206     2.297 f  i_kecc_aes_k_axi_top/i_axi2reg/i_axi_to_axi_lite/i_axi_burst_splitter/i_demux_supported_vs_unsupported/gen_demux.gen_aw_id_counter.i_aw_id_counter/i___34_i_15/O
                         net (fo=1, routed)           0.000     2.297    i_kecc_aes_k_axi_top/i_axi2reg/i_axi_to_axi_lite/i_axi_burst_splitter/i_demux_supported_vs_unsupported/gen_demux.gen_aw_id_counter.i_aw_id_counter/i___34_i_15_n_0
    SLICE_X53Y143        MUXF8 (Prop_muxf8_I0_O)      0.085     2.382 f  i_kecc_aes_k_axi_top/i_axi2reg/i_axi_to_axi_lite/i_axi_burst_splitter/i_demux_supported_vs_unsupported/gen_demux.gen_aw_id_counter.i_aw_id_counter/i___34_i_5/O
                         net (fo=1, estimated)        0.687     3.069    i_kecc_aes_k_axi_top/i_axi2reg/i_axi_to_axi_lite/i_axi_burst_splitter/i_demux_supported_vs_unsupported/gen_demux.gen_aw_id_counter.i_aw_id_counter/gen_counters[3].i_in_flight_cnt/i___34
    SLICE_X52Y144        LUT6 (Prop_lut6_I1_O)        0.264     3.333 f  i_kecc_aes_k_axi_top/i_axi2reg/i_axi_to_axi_lite/i_axi_burst_splitter/i_demux_supported_vs_unsupported/gen_demux.gen_aw_id_counter.i_aw_id_counter/gen_counters[3].i_in_flight_cnt/i___34_i_1/O
                         net (fo=2, estimated)        0.664     3.997    i_kecc_aes_k_axi_top/i_axi2reg/i_axi_to_axi_lite_n_170
    SLICE_X55Y144        LUT5 (Prop_lut5_I0_O)        0.105     4.102 f  i_kecc_aes_k_axi_top/i_axi2reg/i___83/O
                         net (fo=4, estimated)        0.371     4.473    i_kecc_aes_k_axi_top/i_axi2reg/i_axi_to_axi_lite/i_axi_burst_splitter/i_demux_supported_vs_unsupported/gen_demux.gen_aw_id_counter.i_aw_id_counter/gen_counters[3].i_in_flight_cnt/gen_demux.lock_aw_valid_q_reg_2
    SLICE_X55Y144        LUT5 (Prop_lut5_I2_O)        0.105     4.578 f  i_kecc_aes_k_axi_top/i_axi2reg/i_axi_to_axi_lite/i_axi_burst_splitter/i_demux_supported_vs_unsupported/gen_demux.gen_aw_id_counter.i_aw_id_counter/gen_counters[3].i_in_flight_cnt/i___30_i_4/O
                         net (fo=21, estimated)       0.292     4.870    i_kecc_aes_k_axi_top/i_axi2reg/i_axi_burst_splitter/i_axi_burst_splitter_aw_chan/state_d0
    SLICE_X54Y145        LUT5 (Prop_lut5_I4_O)        0.105     4.975 r  i_kecc_aes_k_axi_top/i_axi2reg/i___2_i_3/O
                         net (fo=2, estimated)        0.235     5.210    i_kecc_aes_k_axi_top/i_axi2reg/i___2_i_3_n_0
    SLICE_X55Y146        LUT5 (Prop_lut5_I2_O)        0.105     5.315 r  i_kecc_aes_k_axi_top/i_axi2reg/i___4_i_1/O
                         net (fo=3, estimated)        0.135     5.450    i_kecc_aes_k_axi_top/i_axi2reg/i___4_i_1_n_0
    SLICE_X55Y146        LUT6 (Prop_lut6_I0_O)        0.105     5.555 r  i_kecc_aes_k_axi_top/i_axi2reg/i___2_i_2/O
                         net (fo=32, estimated)       0.570     6.125    i_kecc_aes_k_axi_top/i_axi2reg/i___2_i_2_n_0
    SLICE_X59Y151        LUT5 (Prop_lut5_I3_O)        0.105     6.230 r  i_kecc_aes_k_axi_top/i_axi2reg/mem_q[0][data][63]_i_27/O
                         net (fo=15, estimated)       0.704     6.934    i_kecc_aes_k_axi_top/i_axi2reg/i_axi_lite_to_reg/i_fifo_read/reg_req_i[addr][6]
    SLICE_X58Y151        LUT5 (Prop_lut5_I0_O)        0.105     7.039 r  i_kecc_aes_k_axi_top/i_axi2reg/i_axi_lite_to_reg/i_fifo_read/q[63]_i_8/O
                         net (fo=20, estimated)       0.603     7.642    i_kecc_aes_k_axi_top/i_axi2reg/i_axi_lite_to_reg/i_fifo_read/q[63]_i_8_n_0
    SLICE_X59Y151        LUT5 (Prop_lut5_I0_O)        0.105     7.747 r  i_kecc_aes_k_axi_top/i_axi2reg/i_axi_lite_to_reg/i_fifo_read/q[63]_i_2__3/O
                         net (fo=65, estimated)       0.761     8.508    i_kecc_aes_k_axi_top/i_axi2reg/i_axi_lite_to_reg/i_fifo_read/mem_q_reg[1][5]_2
    SLICE_X54Y156        LUT5 (Prop_lut5_I2_O)        0.105     8.613 r  i_kecc_aes_k_axi_top/i_axi2reg/i_axi_lite_to_reg/i_fifo_read/mem_q[0][error]_i_20/O
                         net (fo=1, estimated)        0.693     9.306    i_kecc_aes_k_axi_top/i_axi2reg/i_axi_lite_to_reg/i_fifo_read/mem_q[0][error]_i_20_n_0
    SLICE_X50Y161        LUT6 (Prop_lut6_I0_O)        0.105     9.411 r  i_kecc_aes_k_axi_top/i_axi2reg/i_axi_lite_to_reg/i_fifo_read/mem_q[0][error]_i_7/O
                         net (fo=33, estimated)       0.572     9.983    i_kecc_aes_k_axi_top/i_axi2reg/i_axi_lite_to_reg/i_fifo_read/mem_q[0][error]_i_7_n_0
    SLICE_X40Y160        LUT6 (Prop_lut6_I4_O)        0.105    10.088 r  i_kecc_aes_k_axi_top/i_axi2reg/i_axi_lite_to_reg/i_fifo_read/q[63]_i_3__13/O
                         net (fo=65, estimated)       1.051    11.139    i_kecc_aes_k_axi_top/i_axi2reg/i_axi_lite_to_reg/i_fifo_write_req/keccak_data_9_we
    SLICE_X34Y156        LUT3 (Prop_lut3_I2_O)        0.121    11.260 r  i_kecc_aes_k_axi_top/i_axi2reg/i_axi_lite_to_reg/i_fifo_write_req/wr_en_data_arb/q[58]_i_1__8/O
                         net (fo=1, estimated)        0.699    11.959    i_kecc_aes_k_axi_top/kecc_aes_k_axi_reg_top_i/u_keccak_data_9/q_reg[63]_1[58]
    SLICE_X35Y156        FDCE                                         r  i_kecc_aes_k_axi_top/kecc_aes_k_axi_reg_top_i/u_keccak_data_9/q_reg[58]/D
  -------------------------------------------------------------------    -------------------

                         (clock clk_i rise edge)     10.000    10.000 r  
                                                      0.000    10.000 r  clk_i (IN)
                         net (fo=4843, unset)         0.748    10.748    i_kecc_aes_k_axi_top/kecc_aes_k_axi_reg_top_i/u_keccak_data_9/clk_i
    SLICE_X35Y156        FDCE                                         r  i_kecc_aes_k_axi_top/kecc_aes_k_axi_reg_top_i/u_keccak_data_9/q_reg[58]/C
                         clock pessimism              0.000    10.748    
                         clock uncertainty           -0.035    10.712    
    SLICE_X35Y156        FDCE (Setup_fdce_C_D)       -0.253    10.459    i_kecc_aes_k_axi_top/kecc_aes_k_axi_reg_top_i/u_keccak_data_9/q_reg[58]
  -------------------------------------------------------------------
                         required time                         10.459    
                         arrival time                         -11.959    
  -------------------------------------------------------------------
                         slack                                 -1.500    

Slack (VIOLATED) :        -1.500ns  (required time - arrival time)
  Source:                 i_kecc_aes_k_axi_top/i_axi2reg/i_axi_to_axi_lite/i_axi_burst_splitter/i_demux_supported_vs_unsupported/gen_demux.gen_aw_id_counter.i_aw_id_counter/gen_counters[23].mst_select_q_reg[23][0]/C
                            (rising edge-triggered cell FDCE clocked by clk_i  {rise@0.000ns fall@5.000ns period=10.000ns})
  Destination:            i_kecc_aes_k_axi_top/kecc_aes_k_axi_reg_top_i/u_keccak_data_9/q_reg[58]/D
                            (rising edge-triggered cell FDCE clocked by clk_i  {rise@0.000ns fall@5.000ns period=10.000ns})
  Path Group:             clk_i
  Path Type:              Setup (Max at Slow Process Corner)
  Requirement:            10.000ns  (clk_i rise@10.000ns - clk_i rise@0.000ns)
  Data Path Delay:        11.172ns  (logic 2.461ns (22.028%)  route 8.711ns (77.972%))
  Logic Levels:           16  (LUT3=1 LUT5=8 LUT6=5 MUXF7=1 MUXF8=1)
  Clock Path Skew:        -0.039ns (DCD - SCD + CPR)
    Destination Clock Delay (DCD):    0.748ns = ( 10.748 - 10.000 ) 
    Source Clock Delay      (SCD):    0.787ns
    Clock Pessimism Removal (CPR):    0.000ns
  Clock Uncertainty:      0.035ns  ((TSJ^2 + TIJ^2)^1/2 + DJ) / 2 + PE
    Total System Jitter     (TSJ):    0.071ns
    Total Input Jitter      (TIJ):    0.000ns
    Discrete Jitter          (DJ):    0.000ns
    Phase Error              (PE):    0.000ns

    Location             Delay type                Incr(ns)  Path(ns)    Netlist Resource(s)
  -------------------------------------------------------------------    -------------------
                         (clock clk_i rise edge)      0.000     0.000 r  
                                                      0.000     0.000 r  clk_i (IN)
                         net (fo=4843, unset)         0.787     0.787    i_kecc_aes_k_axi_top/i_axi2reg/i_axi_to_axi_lite/i_axi_burst_splitter/i_demux_supported_vs_unsupported/gen_demux.gen_aw_id_counter.i_aw_id_counter/clk_i
    SLICE_X54Y143        FDCE                                         r  i_kecc_aes_k_axi_top/i_axi2reg/i_axi_to_axi_lite/i_axi_burst_splitter/i_demux_supported_vs_unsupported/gen_demux.gen_aw_id_counter.i_aw_id_counter/gen_counters[23].mst_select_q_reg[23][0]/C
  -------------------------------------------------------------------    -------------------
    SLICE_X54Y143        FDCE (Prop_fdce_C_Q)         0.398     1.185 r  i_kecc_aes_k_axi_top/i_axi2reg/i_axi_to_axi_lite/i_axi_burst_splitter/i_demux_supported_vs_unsupported/gen_demux.gen_aw_id_counter.i_aw_id_counter/gen_counters[23].mst_select_q_reg[23][0]/Q
                         net (fo=2, estimated)        0.674     1.859    i_kecc_aes_k_axi_top/i_axi2reg/i_axi_to_axi_lite/i_axi_burst_splitter/i_demux_supported_vs_unsupported/gen_demux.gen_aw_id_counter.i_aw_id_counter/gen_counters[23].mst_select_q_reg[23]_8
    SLICE_X53Y143        LUT6 (Prop_lut6_I0_O)        0.232     2.091 r  i_kecc_aes_k_axi_top/i_axi2reg/i_axi_to_axi_lite/i_axi_burst_splitter/i_demux_supported_vs_unsupported/gen_demux.gen_aw_id_counter.i_aw_id_counter/i___34_i_36/O
                         net (fo=1, routed)           0.000     2.091    i_kecc_aes_k_axi_top/i_axi2reg/i_axi_to_axi_lite/i_axi_burst_splitter/i_demux_supported_vs_unsupported/gen_demux.gen_aw_id_counter.i_aw_id_counter/i___34_i_36_n_0
    SLICE_X53Y143        MUXF7 (Prop_muxf7_I1_O)      0.206     2.297 r  i_kecc_aes_k_axi_top/i_axi2reg/i_axi_to_axi_lite/i_axi_burst_splitter/i_demux_supported_vs_unsupported/gen_demux.gen_aw_id_counter.i_aw_id_counter/i___34_i_15/O
                         net (fo=1, routed)           0.000     2.297    i_kecc_aes_k_axi_top/i_axi2reg/i_axi_to_axi_lite/i_axi_burst_splitter/i_demux_supported_vs_unsupported/gen_demux.gen_aw_id_counter.i_aw_id_counter/i___34_i_15_n_0
    SLICE_X53Y143        MUXF8 (Prop_muxf8_I0_O)      0.085     2.382 r  i_kecc_aes_k_axi_top/i_axi2reg/i_axi_to_axi_lite/i_axi_burst_splitter/i_demux_supported_vs_unsupported/gen_demux.gen_aw_id_counter.i_aw_id_counter/i___34_i_5/O
                         net (fo=1, estimated)        0.687     3.069    i_kecc_aes_k_axi_top/i_axi2reg/i_axi_to_axi_lite/i_axi_burst_splitter/i_demux_supported_vs_unsupported/gen_demux.gen_aw_id_counter.i_aw_id_counter/gen_counters[3].i_in_flight_cnt/i___34
    SLICE_X52Y144        LUT6 (Prop_lut6_I1_O)        0.264     3.333 r  i_kecc_aes_k_axi_top/i_axi2reg/i_axi_to_axi_lite/i_axi_burst_splitter/i_demux_supported_vs_unsupported/gen_demux.gen_aw_id_counter.i_aw_id_counter/gen_counters[3].i_in_flight_cnt/i___34_i_1/O
                         net (fo=2, estimated)        0.664     3.997    i_kecc_aes_k_axi_top/i_axi2reg/i_axi_to_axi_lite_n_170
    SLICE_X55Y144        LUT5 (Prop_lut5_I0_O)        0.105     4.102 r  i_kecc_aes_k_axi_top/i_axi2reg/i___83/O
                         net (fo=4, estimated)        0.371     4.473    i_kecc_aes_k_axi_top/i_axi2reg/i_axi_to_axi_lite/i_axi_burst_splitter/i_demux_supported_vs_unsupported/gen_demux.gen_aw_id_counter.i_aw_id_counter/gen_counters[3].i_in_flight_cnt/gen_demux.lock_aw_valid_q_reg_2
    SLICE_X55Y144        LUT5 (Prop_lut5_I2_O)        0.105     4.578 r  i_kecc_aes_k_axi_top/i_axi2reg/i_axi_to_axi_lite/i_axi_burst_splitter/i_demux_supported_vs_unsupported/gen_demux.gen_aw_id_counter.i_aw_id_counter/gen_counters[3].i_in_flight_cnt/i___30_i_4/O
                         net (fo=21, estimated)       0.292     4.870    i_kecc_aes_k_axi_top/i_axi2reg/i_axi_burst_splitter/i_axi_burst_splitter_aw_chan/state_d0
    SLICE_X54Y145        LUT5 (Prop_lut5_I4_O)        0.105     4.975 f  i_kecc_aes_k_axi_top/i_axi2reg/i___2_i_3/O
                         net (fo=2, estimated)        0.235     5.210    i_kecc_aes_k_axi_top/i_axi2reg/i___2_i_3_n_0
    SLICE_X55Y146        LUT5 (Prop_lut5_I2_O)        0.105     5.315 f  i_kecc_aes_k_axi_top/i_axi2reg/i___4_i_1/O
                         net (fo=3, estimated)        0.135     5.450    i_kecc_aes_k_axi_top/i_axi2reg/i___4_i_1_n_0
    SLICE_X55Y146        LUT6 (Prop_lut6_I0_O)        0.105     5.555 f  i_kecc_aes_k_axi_top/i_axi2reg/i___2_i_2/O
                         net (fo=32, estimated)       0.570     6.125    i_kecc_aes_k_axi_top/i_axi2reg/i___2_i_2_n_0
    SLICE_X59Y151        LUT5 (Prop_lut5_I3_O)        0.105     6.230 r  i_kecc_aes_k_axi_top/i_axi2reg/mem_q[0][data][63]_i_27/O
                         net (fo=15, estimated)       0.704     6.934    i_kecc_aes_k_axi_top/i_axi2reg/i_axi_lite_to_reg/i_fifo_read/reg_req_i[addr][6]
    SLICE_X58Y151        LUT5 (Prop_lut5_I0_O)        0.105     7.039 r  i_kecc_aes_k_axi_top/i_axi2reg/i_axi_lite_to_reg/i_fifo_read/q[63]_i_8/O
                         net (fo=20, estimated)       0.603     7.642    i_kecc_aes_k_axi_top/i_axi2reg/i_axi_lite_to_reg/i_fifo_read/q[63]_i_8_n_0
    SLICE_X59Y151        LUT5 (Prop_lut5_I0_O)        0.105     7.747 r  i_kecc_aes_k_axi_top/i_axi2reg/i_axi_lite_to_reg/i_fifo_read/q[63]_i_2__3/O
                         net (fo=65, estimated)       0.761     8.508    i_kecc_aes_k_axi_top/i_axi2reg/i_axi_lite_to_reg/i_fifo_read/mem_q_reg[1][5]_2
    SLICE_X54Y156        LUT5 (Prop_lut5_I2_O)        0.105     8.613 r  i_kecc_aes_k_axi_top/i_axi2reg/i_axi_lite_to_reg/i_fifo_read/mem_q[0][error]_i_20/O
                         net (fo=1, estimated)        0.693     9.306    i_kecc_aes_k_axi_top/i_axi2reg/i_axi_lite_to_reg/i_fifo_read/mem_q[0][error]_i_20_n_0
    SLICE_X50Y161        LUT6 (Prop_lut6_I0_O)        0.105     9.411 r  i_kecc_aes_k_axi_top/i_axi2reg/i_axi_lite_to_reg/i_fifo_read/mem_q[0][error]_i_7/O
                         net (fo=33, estimated)       0.572     9.983    i_kecc_aes_k_axi_top/i_axi2reg/i_axi_lite_to_reg/i_fifo_read/mem_q[0][error]_i_7_n_0
    SLICE_X40Y160        LUT6 (Prop_lut6_I4_O)        0.105    10.088 r  i_kecc_aes_k_axi_top/i_axi2reg/i_axi_lite_to_reg/i_fifo_read/q[63]_i_3__13/O
                         net (fo=65, estimated)       1.051    11.139    i_kecc_aes_k_axi_top/i_axi2reg/i_axi_lite_to_reg/i_fifo_write_req/keccak_data_9_we
    SLICE_X34Y156        LUT3 (Prop_lut3_I2_O)        0.121    11.260 r  i_kecc_aes_k_axi_top/i_axi2reg/i_axi_lite_to_reg/i_fifo_write_req/wr_en_data_arb/q[58]_i_1__8/O
                         net (fo=1, estimated)        0.699    11.959    i_kecc_aes_k_axi_top/kecc_aes_k_axi_reg_top_i/u_keccak_data_9/q_reg[63]_1[58]
    SLICE_X35Y156        FDCE                                         r  i_kecc_aes_k_axi_top/kecc_aes_k_axi_reg_top_i/u_keccak_data_9/q_reg[58]/D
  -------------------------------------------------------------------    -------------------

                         (clock clk_i rise edge)     10.000    10.000 r  
                                                      0.000    10.000 r  clk_i (IN)
                         net (fo=4843, unset)         0.748    10.748    i_kecc_aes_k_axi_top/kecc_aes_k_axi_reg_top_i/u_keccak_data_9/clk_i
    SLICE_X35Y156        FDCE                                         r  i_kecc_aes_k_axi_top/kecc_aes_k_axi_reg_top_i/u_keccak_data_9/q_reg[58]/C
                         clock pessimism              0.000    10.748    
                         clock uncertainty           -0.035    10.712    
    SLICE_X35Y156        FDCE (Setup_fdce_C_D)       -0.253    10.459    i_kecc_aes_k_axi_top/kecc_aes_k_axi_reg_top_i/u_keccak_data_9/q_reg[58]
  -------------------------------------------------------------------
                         required time                         10.459    
                         arrival time                         -11.959    
  -------------------------------------------------------------------
                         slack                                 -1.500    

Slack (VIOLATED) :        -1.500ns  (required time - arrival time)
  Source:                 i_kecc_aes_k_axi_top/i_axi2reg/i_axi_to_axi_lite/i_axi_burst_splitter/i_demux_supported_vs_unsupported/gen_demux.gen_aw_id_counter.i_aw_id_counter/gen_counters[23].mst_select_q_reg[23][0]/C
                            (rising edge-triggered cell FDCE clocked by clk_i  {rise@0.000ns fall@5.000ns period=10.000ns})
  Destination:            i_kecc_aes_k_axi_top/kecc_aes_k_axi_reg_top_i/u_keccak_data_9/q_reg[58]/D
                            (rising edge-triggered cell FDCE clocked by clk_i  {rise@0.000ns fall@5.000ns period=10.000ns})
  Path Group:             clk_i
  Path Type:              Setup (Max at Slow Process Corner)
  Requirement:            10.000ns  (clk_i rise@10.000ns - clk_i rise@0.000ns)
  Data Path Delay:        11.172ns  (logic 2.461ns (22.028%)  route 8.711ns (77.972%))
  Logic Levels:           16  (LUT3=1 LUT5=8 LUT6=5 MUXF7=1 MUXF8=1)
  Clock Path Skew:        -0.039ns (DCD - SCD + CPR)
    Destination Clock Delay (DCD):    0.748ns = ( 10.748 - 10.000 ) 
    Source Clock Delay      (SCD):    0.787ns
    Clock Pessimism Removal (CPR):    0.000ns
  Clock Uncertainty:      0.035ns  ((TSJ^2 + TIJ^2)^1/2 + DJ) / 2 + PE
    Total System Jitter     (TSJ):    0.071ns
    Total Input Jitter      (TIJ):    0.000ns
    Discrete Jitter          (DJ):    0.000ns
    Phase Error              (PE):    0.000ns

    Location             Delay type                Incr(ns)  Path(ns)    Netlist Resource(s)
  -------------------------------------------------------------------    -------------------
                         (clock clk_i rise edge)      0.000     0.000 r  
                                                      0.000     0.000 r  clk_i (IN)
                         net (fo=4843, unset)         0.787     0.787    i_kecc_aes_k_axi_top/i_axi2reg/i_axi_to_axi_lite/i_axi_burst_splitter/i_demux_supported_vs_unsupported/gen_demux.gen_aw_id_counter.i_aw_id_counter/clk_i
    SLICE_X54Y143        FDCE                                         r  i_kecc_aes_k_axi_top/i_axi2reg/i_axi_to_axi_lite/i_axi_burst_splitter/i_demux_supported_vs_unsupported/gen_demux.gen_aw_id_counter.i_aw_id_counter/gen_counters[23].mst_select_q_reg[23][0]/C
  -------------------------------------------------------------------    -------------------
    SLICE_X54Y143        FDCE (Prop_fdce_C_Q)         0.398     1.185 f  i_kecc_aes_k_axi_top/i_axi2reg/i_axi_to_axi_lite/i_axi_burst_splitter/i_demux_supported_vs_unsupported/gen_demux.gen_aw_id_counter.i_aw_id_counter/gen_counters[23].mst_select_q_reg[23][0]/Q
                         net (fo=2, estimated)        0.674     1.859    i_kecc_aes_k_axi_top/i_axi2reg/i_axi_to_axi_lite/i_axi_burst_splitter/i_demux_supported_vs_unsupported/gen_demux.gen_aw_id_counter.i_aw_id_counter/gen_counters[23].mst_select_q_reg[23]_8
    SLICE_X53Y143        LUT6 (Prop_lut6_I0_O)        0.232     2.091 f  i_kecc_aes_k_axi_top/i_axi2reg/i_axi_to_axi_lite/i_axi_burst_splitter/i_demux_supported_vs_unsupported/gen_demux.gen_aw_id_counter.i_aw_id_counter/i___34_i_36/O
                         net (fo=1, routed)           0.000     2.091    i_kecc_aes_k_axi_top/i_axi2reg/i_axi_to_axi_lite/i_axi_burst_splitter/i_demux_supported_vs_unsupported/gen_demux.gen_aw_id_counter.i_aw_id_counter/i___34_i_36_n_0
    SLICE_X53Y143        MUXF7 (Prop_muxf7_I1_O)      0.206     2.297 f  i_kecc_aes_k_axi_top/i_axi2reg/i_axi_to_axi_lite/i_axi_burst_splitter/i_demux_supported_vs_unsupported/gen_demux.gen_aw_id_counter.i_aw_id_counter/i___34_i_15/O
                         net (fo=1, routed)           0.000     2.297    i_kecc_aes_k_axi_top/i_axi2reg/i_axi_to_axi_lite/i_axi_burst_splitter/i_demux_supported_vs_unsupported/gen_demux.gen_aw_id_counter.i_aw_id_counter/i___34_i_15_n_0
    SLICE_X53Y143        MUXF8 (Prop_muxf8_I0_O)      0.085     2.382 f  i_kecc_aes_k_axi_top/i_axi2reg/i_axi_to_axi_lite/i_axi_burst_splitter/i_demux_supported_vs_unsupported/gen_demux.gen_aw_id_counter.i_aw_id_counter/i___34_i_5/O
                         net (fo=1, estimated)        0.687     3.069    i_kecc_aes_k_axi_top/i_axi2reg/i_axi_to_axi_lite/i_axi_burst_splitter/i_demux_supported_vs_unsupported/gen_demux.gen_aw_id_counter.i_aw_id_counter/gen_counters[3].i_in_flight_cnt/i___34
    SLICE_X52Y144        LUT6 (Prop_lut6_I1_O)        0.264     3.333 r  i_kecc_aes_k_axi_top/i_axi2reg/i_axi_to_axi_lite/i_axi_burst_splitter/i_demux_supported_vs_unsupported/gen_demux.gen_aw_id_counter.i_aw_id_counter/gen_counters[3].i_in_flight_cnt/i___34_i_1/O
                         net (fo=2, estimated)        0.664     3.997    i_kecc_aes_k_axi_top/i_axi2reg/i_axi_to_axi_lite_n_170
    SLICE_X55Y144        LUT5 (Prop_lut5_I0_O)        0.105     4.102 r  i_kecc_aes_k_axi_top/i_axi2reg/i___83/O
                         net (fo=4, estimated)        0.371     4.473    i_kecc_aes_k_axi_top/i_axi2reg/i_axi_to_axi_lite/i_axi_burst_splitter/i_demux_supported_vs_unsupported/gen_demux.gen_aw_id_counter.i_aw_id_counter/gen_counters[3].i_in_flight_cnt/gen_demux.lock_aw_valid_q_reg_2
    SLICE_X55Y144        LUT5 (Prop_lut5_I2_O)        0.105     4.578 r  i_kecc_aes_k_axi_top/i_axi2reg/i_axi_to_axi_lite/i_axi_burst_splitter/i_demux_supported_vs_unsupported/gen_demux.gen_aw_id_counter.i_aw_id_counter/gen_counters[3].i_in_flight_cnt/i___30_i_4/O
                         net (fo=21, estimated)       0.292     4.870    i_kecc_aes_k_axi_top/i_axi2reg/i_axi_burst_splitter/i_axi_burst_splitter_aw_chan/state_d0
    SLICE_X54Y145        LUT5 (Prop_lut5_I4_O)        0.105     4.975 f  i_kecc_aes_k_axi_top/i_axi2reg/i___2_i_3/O
                         net (fo=2, estimated)        0.235     5.210    i_kecc_aes_k_axi_top/i_axi2reg/i___2_i_3_n_0
    SLICE_X55Y146        LUT5 (Prop_lut5_I2_O)        0.105     5.315 f  i_kecc_aes_k_axi_top/i_axi2reg/i___4_i_1/O
                         net (fo=3, estimated)        0.135     5.450    i_kecc_aes_k_axi_top/i_axi2reg/i___4_i_1_n_0
    SLICE_X55Y146        LUT6 (Prop_lut6_I0_O)        0.105     5.555 f  i_kecc_aes_k_axi_top/i_axi2reg/i___2_i_2/O
                         net (fo=32, estimated)       0.570     6.125    i_kecc_aes_k_axi_top/i_axi2reg/i___2_i_2_n_0
    SLICE_X59Y151        LUT5 (Prop_lut5_I3_O)        0.105     6.230 r  i_kecc_aes_k_axi_top/i_axi2reg/mem_q[0][data][63]_i_27/O
                         net (fo=15, estimated)       0.704     6.934    i_kecc_aes_k_axi_top/i_axi2reg/i_axi_lite_to_reg/i_fifo_read/reg_req_i[addr][6]
    SLICE_X58Y151        LUT5 (Prop_lut5_I0_O)        0.105     7.039 r  i_kecc_aes_k_axi_top/i_axi2reg/i_axi_lite_to_reg/i_fifo_read/q[63]_i_8/O
                         net (fo=20, estimated)       0.603     7.642    i_kecc_aes_k_axi_top/i_axi2reg/i_axi_lite_to_reg/i_fifo_read/q[63]_i_8_n_0
    SLICE_X59Y151        LUT5 (Prop_lut5_I0_O)        0.105     7.747 r  i_kecc_aes_k_axi_top/i_axi2reg/i_axi_lite_to_reg/i_fifo_read/q[63]_i_2__3/O
                         net (fo=65, estimated)       0.761     8.508    i_kecc_aes_k_axi_top/i_axi2reg/i_axi_lite_to_reg/i_fifo_read/mem_q_reg[1][5]_2
    SLICE_X54Y156        LUT5 (Prop_lut5_I2_O)        0.105     8.613 r  i_kecc_aes_k_axi_top/i_axi2reg/i_axi_lite_to_reg/i_fifo_read/mem_q[0][error]_i_20/O
                         net (fo=1, estimated)        0.693     9.306    i_kecc_aes_k_axi_top/i_axi2reg/i_axi_lite_to_reg/i_fifo_read/mem_q[0][error]_i_20_n_0
    SLICE_X50Y161        LUT6 (Prop_lut6_I0_O)        0.105     9.411 r  i_kecc_aes_k_axi_top/i_axi2reg/i_axi_lite_to_reg/i_fifo_read/mem_q[0][error]_i_7/O
                         net (fo=33, estimated)       0.572     9.983    i_kecc_aes_k_axi_top/i_axi2reg/i_axi_lite_to_reg/i_fifo_read/mem_q[0][error]_i_7_n_0
    SLICE_X40Y160        LUT6 (Prop_lut6_I4_O)        0.105    10.088 r  i_kecc_aes_k_axi_top/i_axi2reg/i_axi_lite_to_reg/i_fifo_read/q[63]_i_3__13/O
                         net (fo=65, estimated)       1.051    11.139    i_kecc_aes_k_axi_top/i_axi2reg/i_axi_lite_to_reg/i_fifo_write_req/keccak_data_9_we
    SLICE_X34Y156        LUT3 (Prop_lut3_I2_O)        0.121    11.260 r  i_kecc_aes_k_axi_top/i_axi2reg/i_axi_lite_to_reg/i_fifo_write_req/wr_en_data_arb/q[58]_i_1__8/O
                         net (fo=1, estimated)        0.699    11.959    i_kecc_aes_k_axi_top/kecc_aes_k_axi_reg_top_i/u_keccak_data_9/q_reg[63]_1[58]
    SLICE_X35Y156        FDCE                                         r  i_kecc_aes_k_axi_top/kecc_aes_k_axi_reg_top_i/u_keccak_data_9/q_reg[58]/D
  -------------------------------------------------------------------    -------------------

                         (clock clk_i rise edge)     10.000    10.000 r  
                                                      0.000    10.000 r  clk_i (IN)
                         net (fo=4843, unset)         0.748    10.748    i_kecc_aes_k_axi_top/kecc_aes_k_axi_reg_top_i/u_keccak_data_9/clk_i
    SLICE_X35Y156        FDCE                                         r  i_kecc_aes_k_axi_top/kecc_aes_k_axi_reg_top_i/u_keccak_data_9/q_reg[58]/C
                         clock pessimism              0.000    10.748    
                         clock uncertainty           -0.035    10.712    
    SLICE_X35Y156        FDCE (Setup_fdce_C_D)       -0.253    10.459    i_kecc_aes_k_axi_top/kecc_aes_k_axi_reg_top_i/u_keccak_data_9/q_reg[58]
  -------------------------------------------------------------------
                         required time                         10.459    
                         arrival time                         -11.959    
  -------------------------------------------------------------------
                         slack                                 -1.500    

Slack (VIOLATED) :        -1.500ns  (required time - arrival time)
  Source:                 i_kecc_aes_k_axi_top/i_axi2reg/i_axi_to_axi_lite/i_axi_burst_splitter/i_demux_supported_vs_unsupported/gen_demux.gen_aw_id_counter.i_aw_id_counter/gen_counters[23].mst_select_q_reg[23][0]/C
                            (rising edge-triggered cell FDCE clocked by clk_i  {rise@0.000ns fall@5.000ns period=10.000ns})
  Destination:            i_kecc_aes_k_axi_top/kecc_aes_k_axi_reg_top_i/u_keccak_data_9/q_reg[58]/D
                            (rising edge-triggered cell FDCE clocked by clk_i  {rise@0.000ns fall@5.000ns period=10.000ns})
  Path Group:             clk_i
  Path Type:              Setup (Max at Slow Process Corner)
  Requirement:            10.000ns  (clk_i rise@10.000ns - clk_i rise@0.000ns)
  Data Path Delay:        11.172ns  (logic 2.461ns (22.028%)  route 8.711ns (77.972%))
  Logic Levels:           16  (LUT3=1 LUT5=8 LUT6=5 MUXF7=1 MUXF8=1)
  Clock Path Skew:        -0.039ns (DCD - SCD + CPR)
    Destination Clock Delay (DCD):    0.748ns = ( 10.748 - 10.000 ) 
    Source Clock Delay      (SCD):    0.787ns
    Clock Pessimism Removal (CPR):    0.000ns
  Clock Uncertainty:      0.035ns  ((TSJ^2 + TIJ^2)^1/2 + DJ) / 2 + PE
    Total System Jitter     (TSJ):    0.071ns
    Total Input Jitter      (TIJ):    0.000ns
    Discrete Jitter          (DJ):    0.000ns
    Phase Error              (PE):    0.000ns

    Location             Delay type                Incr(ns)  Path(ns)    Netlist Resource(s)
  -------------------------------------------------------------------    -------------------
                         (clock clk_i rise edge)      0.000     0.000 r  
                                                      0.000     0.000 r  clk_i (IN)
                         net (fo=4843, unset)         0.787     0.787    i_kecc_aes_k_axi_top/i_axi2reg/i_axi_to_axi_lite/i_axi_burst_splitter/i_demux_supported_vs_unsupported/gen_demux.gen_aw_id_counter.i_aw_id_counter/clk_i
    SLICE_X54Y143        FDCE                                         r  i_kecc_aes_k_axi_top/i_axi2reg/i_axi_to_axi_lite/i_axi_burst_splitter/i_demux_supported_vs_unsupported/gen_demux.gen_aw_id_counter.i_aw_id_counter/gen_counters[23].mst_select_q_reg[23][0]/C
  -------------------------------------------------------------------    -------------------
    SLICE_X54Y143        FDCE (Prop_fdce_C_Q)         0.398     1.185 r  i_kecc_aes_k_axi_top/i_axi2reg/i_axi_to_axi_lite/i_axi_burst_splitter/i_demux_supported_vs_unsupported/gen_demux.gen_aw_id_counter.i_aw_id_counter/gen_counters[23].mst_select_q_reg[23][0]/Q
                         net (fo=2, estimated)        0.674     1.859    i_kecc_aes_k_axi_top/i_axi2reg/i_axi_to_axi_lite/i_axi_burst_splitter/i_demux_supported_vs_unsupported/gen_demux.gen_aw_id_counter.i_aw_id_counter/gen_counters[23].mst_select_q_reg[23]_8
    SLICE_X53Y143        LUT6 (Prop_lut6_I0_O)        0.232     2.091 r  i_kecc_aes_k_axi_top/i_axi2reg/i_axi_to_axi_lite/i_axi_burst_splitter/i_demux_supported_vs_unsupported/gen_demux.gen_aw_id_counter.i_aw_id_counter/i___34_i_36/O
                         net (fo=1, routed)           0.000     2.091    i_kecc_aes_k_axi_top/i_axi2reg/i_axi_to_axi_lite/i_axi_burst_splitter/i_demux_supported_vs_unsupported/gen_demux.gen_aw_id_counter.i_aw_id_counter/i___34_i_36_n_0
    SLICE_X53Y143        MUXF7 (Prop_muxf7_I1_O)      0.206     2.297 r  i_kecc_aes_k_axi_top/i_axi2reg/i_axi_to_axi_lite/i_axi_burst_splitter/i_demux_supported_vs_unsupported/gen_demux.gen_aw_id_counter.i_aw_id_counter/i___34_i_15/O
                         net (fo=1, routed)           0.000     2.297    i_kecc_aes_k_axi_top/i_axi2reg/i_axi_to_axi_lite/i_axi_burst_splitter/i_demux_supported_vs_unsupported/gen_demux.gen_aw_id_counter.i_aw_id_counter/i___34_i_15_n_0
    SLICE_X53Y143        MUXF8 (Prop_muxf8_I0_O)      0.085     2.382 r  i_kecc_aes_k_axi_top/i_axi2reg/i_axi_to_axi_lite/i_axi_burst_splitter/i_demux_supported_vs_unsupported/gen_demux.gen_aw_id_counter.i_aw_id_counter/i___34_i_5/O
                         net (fo=1, estimated)        0.687     3.069    i_kecc_aes_k_axi_top/i_axi2reg/i_axi_to_axi_lite/i_axi_burst_splitter/i_demux_supported_vs_unsupported/gen_demux.gen_aw_id_counter.i_aw_id_counter/gen_counters[3].i_in_flight_cnt/i___34
    SLICE_X52Y144        LUT6 (Prop_lut6_I1_O)        0.264     3.333 f  i_kecc_aes_k_axi_top/i_axi2reg/i_axi_to_axi_lite/i_axi_burst_splitter/i_demux_supported_vs_unsupported/gen_demux.gen_aw_id_counter.i_aw_id_counter/gen_counters[3].i_in_flight_cnt/i___34_i_1/O
                         net (fo=2, estimated)        0.664     3.997    i_kecc_aes_k_axi_top/i_axi2reg/i_axi_to_axi_lite_n_170
    SLICE_X55Y144        LUT5 (Prop_lut5_I0_O)        0.105     4.102 f  i_kecc_aes_k_axi_top/i_axi2reg/i___83/O
                         net (fo=4, estimated)        0.371     4.473    i_kecc_aes_k_axi_top/i_axi2reg/i_axi_to_axi_lite/i_axi_burst_splitter/i_demux_supported_vs_unsupported/gen_demux.gen_aw_id_counter.i_aw_id_counter/gen_counters[3].i_in_flight_cnt/gen_demux.lock_aw_valid_q_reg_2
    SLICE_X55Y144        LUT5 (Prop_lut5_I2_O)        0.105     4.578 f  i_kecc_aes_k_axi_top/i_axi2reg/i_axi_to_axi_lite/i_axi_burst_splitter/i_demux_supported_vs_unsupported/gen_demux.gen_aw_id_counter.i_aw_id_counter/gen_counters[3].i_in_flight_cnt/i___30_i_4/O
                         net (fo=21, estimated)       0.292     4.870    i_kecc_aes_k_axi_top/i_axi2reg/i_axi_burst_splitter/i_axi_burst_splitter_aw_chan/state_d0
    SLICE_X54Y145        LUT5 (Prop_lut5_I4_O)        0.105     4.975 r  i_kecc_aes_k_axi_top/i_axi2reg/i___2_i_3/O
                         net (fo=2, estimated)        0.235     5.210    i_kecc_aes_k_axi_top/i_axi2reg/i___2_i_3_n_0
    SLICE_X55Y146        LUT5 (Prop_lut5_I2_O)        0.105     5.315 r  i_kecc_aes_k_axi_top/i_axi2reg/i___4_i_1/O
                         net (fo=3, estimated)        0.135     5.450    i_kecc_aes_k_axi_top/i_axi2reg/i___4_i_1_n_0
    SLICE_X55Y146        LUT6 (Prop_lut6_I0_O)        0.105     5.555 r  i_kecc_aes_k_axi_top/i_axi2reg/i___2_i_2/O
                         net (fo=32, estimated)       0.570     6.125    i_kecc_aes_k_axi_top/i_axi2reg/i___2_i_2_n_0
    SLICE_X59Y151        LUT5 (Prop_lut5_I3_O)        0.105     6.230 f  i_kecc_aes_k_axi_top/i_axi2reg/mem_q[0][data][63]_i_27/O
                         net (fo=15, estimated)       0.704     6.934    i_kecc_aes_k_axi_top/i_axi2reg/i_axi_lite_to_reg/i_fifo_read/reg_req_i[addr][6]
    SLICE_X58Y151        LUT5 (Prop_lut5_I0_O)        0.105     7.039 f  i_kecc_aes_k_axi_top/i_axi2reg/i_axi_lite_to_reg/i_fifo_read/q[63]_i_8/O
                         net (fo=20, estimated)       0.603     7.642    i_kecc_aes_k_axi_top/i_axi2reg/i_axi_lite_to_reg/i_fifo_read/q[63]_i_8_n_0
    SLICE_X59Y151        LUT5 (Prop_lut5_I0_O)        0.105     7.747 f  i_kecc_aes_k_axi_top/i_axi2reg/i_axi_lite_to_reg/i_fifo_read/q[63]_i_2__3/O
                         net (fo=65, estimated)       0.761     8.508    i_kecc_aes_k_axi_top/i_axi2reg/i_axi_lite_to_reg/i_fifo_read/mem_q_reg[1][5]_2
    SLICE_X54Y156        LUT5 (Prop_lut5_I2_O)        0.105     8.613 f  i_kecc_aes_k_axi_top/i_axi2reg/i_axi_lite_to_reg/i_fifo_read/mem_q[0][error]_i_20/O
                         net (fo=1, estimated)        0.693     9.306    i_kecc_aes_k_axi_top/i_axi2reg/i_axi_lite_to_reg/i_fifo_read/mem_q[0][error]_i_20_n_0
    SLICE_X50Y161        LUT6 (Prop_lut6_I0_O)        0.105     9.411 f  i_kecc_aes_k_axi_top/i_axi2reg/i_axi_lite_to_reg/i_fifo_read/mem_q[0][error]_i_7/O
                         net (fo=33, estimated)       0.572     9.983    i_kecc_aes_k_axi_top/i_axi2reg/i_axi_lite_to_reg/i_fifo_read/mem_q[0][error]_i_7_n_0
    SLICE_X40Y160        LUT6 (Prop_lut6_I4_O)        0.105    10.088 r  i_kecc_aes_k_axi_top/i_axi2reg/i_axi_lite_to_reg/i_fifo_read/q[63]_i_3__13/O
                         net (fo=65, estimated)       1.051    11.139    i_kecc_aes_k_axi_top/i_axi2reg/i_axi_lite_to_reg/i_fifo_write_req/keccak_data_9_we
    SLICE_X34Y156        LUT3 (Prop_lut3_I2_O)        0.121    11.260 r  i_kecc_aes_k_axi_top/i_axi2reg/i_axi_lite_to_reg/i_fifo_write_req/wr_en_data_arb/q[58]_i_1__8/O
                         net (fo=1, estimated)        0.699    11.959    i_kecc_aes_k_axi_top/kecc_aes_k_axi_reg_top_i/u_keccak_data_9/q_reg[63]_1[58]
    SLICE_X35Y156        FDCE                                         r  i_kecc_aes_k_axi_top/kecc_aes_k_axi_reg_top_i/u_keccak_data_9/q_reg[58]/D
  -------------------------------------------------------------------    -------------------

                         (clock clk_i rise edge)     10.000    10.000 r  
                                                      0.000    10.000 r  clk_i (IN)
                         net (fo=4843, unset)         0.748    10.748    i_kecc_aes_k_axi_top/kecc_aes_k_axi_reg_top_i/u_keccak_data_9/clk_i
    SLICE_X35Y156        FDCE                                         r  i_kecc_aes_k_axi_top/kecc_aes_k_axi_reg_top_i/u_keccak_data_9/q_reg[58]/C
                         clock pessimism              0.000    10.748    
                         clock uncertainty           -0.035    10.712    
    SLICE_X35Y156        FDCE (Setup_fdce_C_D)       -0.253    10.459    i_kecc_aes_k_axi_top/kecc_aes_k_axi_reg_top_i/u_keccak_data_9/q_reg[58]
  -------------------------------------------------------------------
                         required time                         10.459    
                         arrival time                         -11.959    
  -------------------------------------------------------------------
                         slack                                 -1.500    

Slack (VIOLATED) :        -1.500ns  (required time - arrival time)
  Source:                 i_kecc_aes_k_axi_top/i_axi2reg/i_axi_to_axi_lite/i_axi_burst_splitter/i_demux_supported_vs_unsupported/gen_demux.gen_aw_id_counter.i_aw_id_counter/gen_counters[23].mst_select_q_reg[23][0]/C
                            (rising edge-triggered cell FDCE clocked by clk_i  {rise@0.000ns fall@5.000ns period=10.000ns})
  Destination:            i_kecc_aes_k_axi_top/kecc_aes_k_axi_reg_top_i/u_keccak_data_9/q_reg[58]/D
                            (rising edge-triggered cell FDCE clocked by clk_i  {rise@0.000ns fall@5.000ns period=10.000ns})
  Path Group:             clk_i
  Path Type:              Setup (Max at Slow Process Corner)
  Requirement:            10.000ns  (clk_i rise@10.000ns - clk_i rise@0.000ns)
  Data Path Delay:        11.172ns  (logic 2.461ns (22.028%)  route 8.711ns (77.972%))
  Logic Levels:           16  (LUT3=1 LUT5=8 LUT6=5 MUXF7=1 MUXF8=1)
  Clock Path Skew:        -0.039ns (DCD - SCD + CPR)
    Destination Clock Delay (DCD):    0.748ns = ( 10.748 - 10.000 ) 
    Source Clock Delay      (SCD):    0.787ns
    Clock Pessimism Removal (CPR):    0.000ns
  Clock Uncertainty:      0.035ns  ((TSJ^2 + TIJ^2)^1/2 + DJ) / 2 + PE
    Total System Jitter     (TSJ):    0.071ns
    Total Input Jitter      (TIJ):    0.000ns
    Discrete Jitter          (DJ):    0.000ns
    Phase Error              (PE):    0.000ns

    Location             Delay type                Incr(ns)  Path(ns)    Netlist Resource(s)
  -------------------------------------------------------------------    -------------------
                         (clock clk_i rise edge)      0.000     0.000 r  
                                                      0.000     0.000 r  clk_i (IN)
                         net (fo=4843, unset)         0.787     0.787    i_kecc_aes_k_axi_top/i_axi2reg/i_axi_to_axi_lite/i_axi_burst_splitter/i_demux_supported_vs_unsupported/gen_demux.gen_aw_id_counter.i_aw_id_counter/clk_i
    SLICE_X54Y143        FDCE                                         r  i_kecc_aes_k_axi_top/i_axi2reg/i_axi_to_axi_lite/i_axi_burst_splitter/i_demux_supported_vs_unsupported/gen_demux.gen_aw_id_counter.i_aw_id_counter/gen_counters[23].mst_select_q_reg[23][0]/C
  -------------------------------------------------------------------    -------------------
    SLICE_X54Y143        FDCE (Prop_fdce_C_Q)         0.398     1.185 f  i_kecc_aes_k_axi_top/i_axi2reg/i_axi_to_axi_lite/i_axi_burst_splitter/i_demux_supported_vs_unsupported/gen_demux.gen_aw_id_counter.i_aw_id_counter/gen_counters[23].mst_select_q_reg[23][0]/Q
                         net (fo=2, estimated)        0.674     1.859    i_kecc_aes_k_axi_top/i_axi2reg/i_axi_to_axi_lite/i_axi_burst_splitter/i_demux_supported_vs_unsupported/gen_demux.gen_aw_id_counter.i_aw_id_counter/gen_counters[23].mst_select_q_reg[23]_8
    SLICE_X53Y143        LUT6 (Prop_lut6_I0_O)        0.232     2.091 f  i_kecc_aes_k_axi_top/i_axi2reg/i_axi_to_axi_lite/i_axi_burst_splitter/i_demux_supported_vs_unsupported/gen_demux.gen_aw_id_counter.i_aw_id_counter/i___34_i_36/O
                         net (fo=1, routed)           0.000     2.091    i_kecc_aes_k_axi_top/i_axi2reg/i_axi_to_axi_lite/i_axi_burst_splitter/i_demux_supported_vs_unsupported/gen_demux.gen_aw_id_counter.i_aw_id_counter/i___34_i_36_n_0
    SLICE_X53Y143        MUXF7 (Prop_muxf7_I1_O)      0.206     2.297 f  i_kecc_aes_k_axi_top/i_axi2reg/i_axi_to_axi_lite/i_axi_burst_splitter/i_demux_supported_vs_unsupported/gen_demux.gen_aw_id_counter.i_aw_id_counter/i___34_i_15/O
                         net (fo=1, routed)           0.000     2.297    i_kecc_aes_k_axi_top/i_axi2reg/i_axi_to_axi_lite/i_axi_burst_splitter/i_demux_supported_vs_unsupported/gen_demux.gen_aw_id_counter.i_aw_id_counter/i___34_i_15_n_0
    SLICE_X53Y143        MUXF8 (Prop_muxf8_I0_O)      0.085     2.382 f  i_kecc_aes_k_axi_top/i_axi2reg/i_axi_to_axi_lite/i_axi_burst_splitter/i_demux_supported_vs_unsupported/gen_demux.gen_aw_id_counter.i_aw_id_counter/i___34_i_5/O
                         net (fo=1, estimated)        0.687     3.069    i_kecc_aes_k_axi_top/i_axi2reg/i_axi_to_axi_lite/i_axi_burst_splitter/i_demux_supported_vs_unsupported/gen_demux.gen_aw_id_counter.i_aw_id_counter/gen_counters[3].i_in_flight_cnt/i___34
    SLICE_X52Y144        LUT6 (Prop_lut6_I1_O)        0.264     3.333 f  i_kecc_aes_k_axi_top/i_axi2reg/i_axi_to_axi_lite/i_axi_burst_splitter/i_demux_supported_vs_unsupported/gen_demux.gen_aw_id_counter.i_aw_id_counter/gen_counters[3].i_in_flight_cnt/i___34_i_1/O
                         net (fo=2, estimated)        0.664     3.997    i_kecc_aes_k_axi_top/i_axi2reg/i_axi_to_axi_lite_n_170
    SLICE_X55Y144        LUT5 (Prop_lut5_I0_O)        0.105     4.102 f  i_kecc_aes_k_axi_top/i_axi2reg/i___83/O
                         net (fo=4, estimated)        0.371     4.473    i_kecc_aes_k_axi_top/i_axi2reg/i_axi_to_axi_lite/i_axi_burst_splitter/i_demux_supported_vs_unsupported/gen_demux.gen_aw_id_counter.i_aw_id_counter/gen_counters[3].i_in_flight_cnt/gen_demux.lock_aw_valid_q_reg_2
    SLICE_X55Y144        LUT5 (Prop_lut5_I2_O)        0.105     4.578 f  i_kecc_aes_k_axi_top/i_axi2reg/i_axi_to_axi_lite/i_axi_burst_splitter/i_demux_supported_vs_unsupported/gen_demux.gen_aw_id_counter.i_aw_id_counter/gen_counters[3].i_in_flight_cnt/i___30_i_4/O
                         net (fo=21, estimated)       0.292     4.870    i_kecc_aes_k_axi_top/i_axi2reg/i_axi_burst_splitter/i_axi_burst_splitter_aw_chan/state_d0
    SLICE_X54Y145        LUT5 (Prop_lut5_I4_O)        0.105     4.975 r  i_kecc_aes_k_axi_top/i_axi2reg/i___2_i_3/O
                         net (fo=2, estimated)        0.235     5.210    i_kecc_aes_k_axi_top/i_axi2reg/i___2_i_3_n_0
    SLICE_X55Y146        LUT5 (Prop_lut5_I2_O)        0.105     5.315 r  i_kecc_aes_k_axi_top/i_axi2reg/i___4_i_1/O
                         net (fo=3, estimated)        0.135     5.450    i_kecc_aes_k_axi_top/i_axi2reg/i___4_i_1_n_0
    SLICE_X55Y146        LUT6 (Prop_lut6_I0_O)        0.105     5.555 r  i_kecc_aes_k_axi_top/i_axi2reg/i___2_i_2/O
                         net (fo=32, estimated)       0.570     6.125    i_kecc_aes_k_axi_top/i_axi2reg/i___2_i_2_n_0
    SLICE_X59Y151        LUT5 (Prop_lut5_I3_O)        0.105     6.230 f  i_kecc_aes_k_axi_top/i_axi2reg/mem_q[0][data][63]_i_27/O
                         net (fo=15, estimated)       0.704     6.934    i_kecc_aes_k_axi_top/i_axi2reg/i_axi_lite_to_reg/i_fifo_read/reg_req_i[addr][6]
    SLICE_X58Y151        LUT5 (Prop_lut5_I0_O)        0.105     7.039 f  i_kecc_aes_k_axi_top/i_axi2reg/i_axi_lite_to_reg/i_fifo_read/q[63]_i_8/O
                         net (fo=20, estimated)       0.603     7.642    i_kecc_aes_k_axi_top/i_axi2reg/i_axi_lite_to_reg/i_fifo_read/q[63]_i_8_n_0
    SLICE_X59Y151        LUT5 (Prop_lut5_I0_O)        0.105     7.747 f  i_kecc_aes_k_axi_top/i_axi2reg/i_axi_lite_to_reg/i_fifo_read/q[63]_i_2__3/O
                         net (fo=65, estimated)       0.761     8.508    i_kecc_aes_k_axi_top/i_axi2reg/i_axi_lite_to_reg/i_fifo_read/mem_q_reg[1][5]_2
    SLICE_X54Y156        LUT5 (Prop_lut5_I2_O)        0.105     8.613 f  i_kecc_aes_k_axi_top/i_axi2reg/i_axi_lite_to_reg/i_fifo_read/mem_q[0][error]_i_20/O
                         net (fo=1, estimated)        0.693     9.306    i_kecc_aes_k_axi_top/i_axi2reg/i_axi_lite_to_reg/i_fifo_read/mem_q[0][error]_i_20_n_0
    SLICE_X50Y161        LUT6 (Prop_lut6_I0_O)        0.105     9.411 f  i_kecc_aes_k_axi_top/i_axi2reg/i_axi_lite_to_reg/i_fifo_read/mem_q[0][error]_i_7/O
                         net (fo=33, estimated)       0.572     9.983    i_kecc_aes_k_axi_top/i_axi2reg/i_axi_lite_to_reg/i_fifo_read/mem_q[0][error]_i_7_n_0
    SLICE_X40Y160        LUT6 (Prop_lut6_I4_O)        0.105    10.088 r  i_kecc_aes_k_axi_top/i_axi2reg/i_axi_lite_to_reg/i_fifo_read/q[63]_i_3__13/O
                         net (fo=65, estimated)       1.051    11.139    i_kecc_aes_k_axi_top/i_axi2reg/i_axi_lite_to_reg/i_fifo_write_req/keccak_data_9_we
    SLICE_X34Y156        LUT3 (Prop_lut3_I2_O)        0.121    11.260 r  i_kecc_aes_k_axi_top/i_axi2reg/i_axi_lite_to_reg/i_fifo_write_req/wr_en_data_arb/q[58]_i_1__8/O
                         net (fo=1, estimated)        0.699    11.959    i_kecc_aes_k_axi_top/kecc_aes_k_axi_reg_top_i/u_keccak_data_9/q_reg[63]_1[58]
    SLICE_X35Y156        FDCE                                         r  i_kecc_aes_k_axi_top/kecc_aes_k_axi_reg_top_i/u_keccak_data_9/q_reg[58]/D
  -------------------------------------------------------------------    -------------------

                         (clock clk_i rise edge)     10.000    10.000 r  
                                                      0.000    10.000 r  clk_i (IN)
                         net (fo=4843, unset)         0.748    10.748    i_kecc_aes_k_axi_top/kecc_aes_k_axi_reg_top_i/u_keccak_data_9/clk_i
    SLICE_X35Y156        FDCE                                         r  i_kecc_aes_k_axi_top/kecc_aes_k_axi_reg_top_i/u_keccak_data_9/q_reg[58]/C
                         clock pessimism              0.000    10.748    
                         clock uncertainty           -0.035    10.712    
    SLICE_X35Y156        FDCE (Setup_fdce_C_D)       -0.253    10.459    i_kecc_aes_k_axi_top/kecc_aes_k_axi_reg_top_i/u_keccak_data_9/q_reg[58]
  -------------------------------------------------------------------
                         required time                         10.459    
                         arrival time                         -11.959    
  -------------------------------------------------------------------
                         slack                                 -1.500    

Slack (VIOLATED) :        -1.500ns  (required time - arrival time)
  Source:                 i_kecc_aes_k_axi_top/i_axi2reg/i_axi_to_axi_lite/i_axi_burst_splitter/i_demux_supported_vs_unsupported/gen_demux.gen_aw_id_counter.i_aw_id_counter/gen_counters[23].mst_select_q_reg[23][0]/C
                            (rising edge-triggered cell FDCE clocked by clk_i  {rise@0.000ns fall@5.000ns period=10.000ns})
  Destination:            i_kecc_aes_k_axi_top/kecc_aes_k_axi_reg_top_i/u_keccak_data_9/q_reg[58]/D
                            (rising edge-triggered cell FDCE clocked by clk_i  {rise@0.000ns fall@5.000ns period=10.000ns})
  Path Group:             clk_i
  Path Type:              Setup (Max at Slow Process Corner)
  Requirement:            10.000ns  (clk_i rise@10.000ns - clk_i rise@0.000ns)
  Data Path Delay:        11.172ns  (logic 2.461ns (22.028%)  route 8.711ns (77.972%))
  Logic Levels:           16  (LUT3=1 LUT5=8 LUT6=5 MUXF7=1 MUXF8=1)
  Clock Path Skew:        -0.039ns (DCD - SCD + CPR)
    Destination Clock Delay (DCD):    0.748ns = ( 10.748 - 10.000 ) 
    Source Clock Delay      (SCD):    0.787ns
    Clock Pessimism Removal (CPR):    0.000ns
  Clock Uncertainty:      0.035ns  ((TSJ^2 + TIJ^2)^1/2 + DJ) / 2 + PE
    Total System Jitter     (TSJ):    0.071ns
    Total Input Jitter      (TIJ):    0.000ns
    Discrete Jitter          (DJ):    0.000ns
    Phase Error              (PE):    0.000ns

    Location             Delay type                Incr(ns)  Path(ns)    Netlist Resource(s)
  -------------------------------------------------------------------    -------------------
                         (clock clk_i rise edge)      0.000     0.000 r  
                                                      0.000     0.000 r  clk_i (IN)
                         net (fo=4843, unset)         0.787     0.787    i_kecc_aes_k_axi_top/i_axi2reg/i_axi_to_axi_lite/i_axi_burst_splitter/i_demux_supported_vs_unsupported/gen_demux.gen_aw_id_counter.i_aw_id_counter/clk_i
    SLICE_X54Y143        FDCE                                         r  i_kecc_aes_k_axi_top/i_axi2reg/i_axi_to_axi_lite/i_axi_burst_splitter/i_demux_supported_vs_unsupported/gen_demux.gen_aw_id_counter.i_aw_id_counter/gen_counters[23].mst_select_q_reg[23][0]/C
  -------------------------------------------------------------------    -------------------
    SLICE_X54Y143        FDCE (Prop_fdce_C_Q)         0.398     1.185 r  i_kecc_aes_k_axi_top/i_axi2reg/i_axi_to_axi_lite/i_axi_burst_splitter/i_demux_supported_vs_unsupported/gen_demux.gen_aw_id_counter.i_aw_id_counter/gen_counters[23].mst_select_q_reg[23][0]/Q
                         net (fo=2, estimated)        0.674     1.859    i_kecc_aes_k_axi_top/i_axi2reg/i_axi_to_axi_lite/i_axi_burst_splitter/i_demux_supported_vs_unsupported/gen_demux.gen_aw_id_counter.i_aw_id_counter/gen_counters[23].mst_select_q_reg[23]_8
    SLICE_X53Y143        LUT6 (Prop_lut6_I0_O)        0.232     2.091 r  i_kecc_aes_k_axi_top/i_axi2reg/i_axi_to_axi_lite/i_axi_burst_splitter/i_demux_supported_vs_unsupported/gen_demux.gen_aw_id_counter.i_aw_id_counter/i___34_i_36/O
                         net (fo=1, routed)           0.000     2.091    i_kecc_aes_k_axi_top/i_axi2reg/i_axi_to_axi_lite/i_axi_burst_splitter/i_demux_supported_vs_unsupported/gen_demux.gen_aw_id_counter.i_aw_id_counter/i___34_i_36_n_0
    SLICE_X53Y143        MUXF7 (Prop_muxf7_I1_O)      0.206     2.297 r  i_kecc_aes_k_axi_top/i_axi2reg/i_axi_to_axi_lite/i_axi_burst_splitter/i_demux_supported_vs_unsupported/gen_demux.gen_aw_id_counter.i_aw_id_counter/i___34_i_15/O
                         net (fo=1, routed)           0.000     2.297    i_kecc_aes_k_axi_top/i_axi2reg/i_axi_to_axi_lite/i_axi_burst_splitter/i_demux_supported_vs_unsupported/gen_demux.gen_aw_id_counter.i_aw_id_counter/i___34_i_15_n_0
    SLICE_X53Y143        MUXF8 (Prop_muxf8_I0_O)      0.085     2.382 r  i_kecc_aes_k_axi_top/i_axi2reg/i_axi_to_axi_lite/i_axi_burst_splitter/i_demux_supported_vs_unsupported/gen_demux.gen_aw_id_counter.i_aw_id_counter/i___34_i_5/O
                         net (fo=1, estimated)        0.687     3.069    i_kecc_aes_k_axi_top/i_axi2reg/i_axi_to_axi_lite/i_axi_burst_splitter/i_demux_supported_vs_unsupported/gen_demux.gen_aw_id_counter.i_aw_id_counter/gen_counters[3].i_in_flight_cnt/i___34
    SLICE_X52Y144        LUT6 (Prop_lut6_I1_O)        0.264     3.333 r  i_kecc_aes_k_axi_top/i_axi2reg/i_axi_to_axi_lite/i_axi_burst_splitter/i_demux_supported_vs_unsupported/gen_demux.gen_aw_id_counter.i_aw_id_counter/gen_counters[3].i_in_flight_cnt/i___34_i_1/O
                         net (fo=2, estimated)        0.664     3.997    i_kecc_aes_k_axi_top/i_axi2reg/i_axi_to_axi_lite_n_170
    SLICE_X55Y144        LUT5 (Prop_lut5_I0_O)        0.105     4.102 r  i_kecc_aes_k_axi_top/i_axi2reg/i___83/O
                         net (fo=4, estimated)        0.371     4.473    i_kecc_aes_k_axi_top/i_axi2reg/i_axi_to_axi_lite/i_axi_burst_splitter/i_demux_supported_vs_unsupported/gen_demux.gen_aw_id_counter.i_aw_id_counter/gen_counters[3].i_in_flight_cnt/gen_demux.lock_aw_valid_q_reg_2
    SLICE_X55Y144        LUT5 (Prop_lut5_I2_O)        0.105     4.578 r  i_kecc_aes_k_axi_top/i_axi2reg/i_axi_to_axi_lite/i_axi_burst_splitter/i_demux_supported_vs_unsupported/gen_demux.gen_aw_id_counter.i_aw_id_counter/gen_counters[3].i_in_flight_cnt/i___30_i_4/O
                         net (fo=21, estimated)       0.292     4.870    i_kecc_aes_k_axi_top/i_axi2reg/i_axi_burst_splitter/i_axi_burst_splitter_aw_chan/state_d0
    SLICE_X54Y145        LUT5 (Prop_lut5_I4_O)        0.105     4.975 f  i_kecc_aes_k_axi_top/i_axi2reg/i___2_i_3/O
                         net (fo=2, estimated)        0.235     5.210    i_kecc_aes_k_axi_top/i_axi2reg/i___2_i_3_n_0
    SLICE_X55Y146        LUT5 (Prop_lut5_I2_O)        0.105     5.315 f  i_kecc_aes_k_axi_top/i_axi2reg/i___4_i_1/O
                         net (fo=3, estimated)        0.135     5.450    i_kecc_aes_k_axi_top/i_axi2reg/i___4_i_1_n_0
    SLICE_X55Y146        LUT6 (Prop_lut6_I0_O)        0.105     5.555 f  i_kecc_aes_k_axi_top/i_axi2reg/i___2_i_2/O
                         net (fo=32, estimated)       0.570     6.125    i_kecc_aes_k_axi_top/i_axi2reg/i___2_i_2_n_0
    SLICE_X59Y151        LUT5 (Prop_lut5_I3_O)        0.105     6.230 f  i_kecc_aes_k_axi_top/i_axi2reg/mem_q[0][data][63]_i_27/O
                         net (fo=15, estimated)       0.704     6.934    i_kecc_aes_k_axi_top/i_axi2reg/i_axi_lite_to_reg/i_fifo_read/reg_req_i[addr][6]
    SLICE_X58Y151        LUT5 (Prop_lut5_I0_O)        0.105     7.039 f  i_kecc_aes_k_axi_top/i_axi2reg/i_axi_lite_to_reg/i_fifo_read/q[63]_i_8/O
                         net (fo=20, estimated)       0.603     7.642    i_kecc_aes_k_axi_top/i_axi2reg/i_axi_lite_to_reg/i_fifo_read/q[63]_i_8_n_0
    SLICE_X59Y151        LUT5 (Prop_lut5_I0_O)        0.105     7.747 f  i_kecc_aes_k_axi_top/i_axi2reg/i_axi_lite_to_reg/i_fifo_read/q[63]_i_2__3/O
                         net (fo=65, estimated)       0.761     8.508    i_kecc_aes_k_axi_top/i_axi2reg/i_axi_lite_to_reg/i_fifo_read/mem_q_reg[1][5]_2
    SLICE_X54Y156        LUT5 (Prop_lut5_I2_O)        0.105     8.613 f  i_kecc_aes_k_axi_top/i_axi2reg/i_axi_lite_to_reg/i_fifo_read/mem_q[0][error]_i_20/O
                         net (fo=1, estimated)        0.693     9.306    i_kecc_aes_k_axi_top/i_axi2reg/i_axi_lite_to_reg/i_fifo_read/mem_q[0][error]_i_20_n_0
    SLICE_X50Y161        LUT6 (Prop_lut6_I0_O)        0.105     9.411 f  i_kecc_aes_k_axi_top/i_axi2reg/i_axi_lite_to_reg/i_fifo_read/mem_q[0][error]_i_7/O
                         net (fo=33, estimated)       0.572     9.983    i_kecc_aes_k_axi_top/i_axi2reg/i_axi_lite_to_reg/i_fifo_read/mem_q[0][error]_i_7_n_0
    SLICE_X40Y160        LUT6 (Prop_lut6_I4_O)        0.105    10.088 r  i_kecc_aes_k_axi_top/i_axi2reg/i_axi_lite_to_reg/i_fifo_read/q[63]_i_3__13/O
                         net (fo=65, estimated)       1.051    11.139    i_kecc_aes_k_axi_top/i_axi2reg/i_axi_lite_to_reg/i_fifo_write_req/keccak_data_9_we
    SLICE_X34Y156        LUT3 (Prop_lut3_I2_O)        0.121    11.260 r  i_kecc_aes_k_axi_top/i_axi2reg/i_axi_lite_to_reg/i_fifo_write_req/wr_en_data_arb/q[58]_i_1__8/O
                         net (fo=1, estimated)        0.699    11.959    i_kecc_aes_k_axi_top/kecc_aes_k_axi_reg_top_i/u_keccak_data_9/q_reg[63]_1[58]
    SLICE_X35Y156        FDCE                                         r  i_kecc_aes_k_axi_top/kecc_aes_k_axi_reg_top_i/u_keccak_data_9/q_reg[58]/D
  -------------------------------------------------------------------    -------------------

                         (clock clk_i rise edge)     10.000    10.000 r  
                                                      0.000    10.000 r  clk_i (IN)
                         net (fo=4843, unset)         0.748    10.748    i_kecc_aes_k_axi_top/kecc_aes_k_axi_reg_top_i/u_keccak_data_9/clk_i
    SLICE_X35Y156        FDCE                                         r  i_kecc_aes_k_axi_top/kecc_aes_k_axi_reg_top_i/u_keccak_data_9/q_reg[58]/C
                         clock pessimism              0.000    10.748    
                         clock uncertainty           -0.035    10.712    
    SLICE_X35Y156        FDCE (Setup_fdce_C_D)       -0.253    10.459    i_kecc_aes_k_axi_top/kecc_aes_k_axi_reg_top_i/u_keccak_data_9/q_reg[58]
  -------------------------------------------------------------------
                         required time                         10.459    
                         arrival time                         -11.959    
  -------------------------------------------------------------------
                         slack                                 -1.500    

Slack (VIOLATED) :        -1.500ns  (required time - arrival time)
  Source:                 i_kecc_aes_k_axi_top/i_axi2reg/i_axi_to_axi_lite/i_axi_burst_splitter/i_demux_supported_vs_unsupported/gen_demux.gen_aw_id_counter.i_aw_id_counter/gen_counters[23].mst_select_q_reg[23][0]/C
                            (rising edge-triggered cell FDCE clocked by clk_i  {rise@0.000ns fall@5.000ns period=10.000ns})
  Destination:            i_kecc_aes_k_axi_top/kecc_aes_k_axi_reg_top_i/u_keccak_data_9/q_reg[58]/D
                            (rising edge-triggered cell FDCE clocked by clk_i  {rise@0.000ns fall@5.000ns period=10.000ns})
  Path Group:             clk_i
  Path Type:              Setup (Max at Slow Process Corner)
  Requirement:            10.000ns  (clk_i rise@10.000ns - clk_i rise@0.000ns)
  Data Path Delay:        11.172ns  (logic 2.461ns (22.028%)  route 8.711ns (77.972%))
  Logic Levels:           16  (LUT3=1 LUT5=8 LUT6=5 MUXF7=1 MUXF8=1)
  Clock Path Skew:        -0.039ns (DCD - SCD + CPR)
    Destination Clock Delay (DCD):    0.748ns = ( 10.748 - 10.000 ) 
    Source Clock Delay      (SCD):    0.787ns
    Clock Pessimism Removal (CPR):    0.000ns
  Clock Uncertainty:      0.035ns  ((TSJ^2 + TIJ^2)^1/2 + DJ) / 2 + PE
    Total System Jitter     (TSJ):    0.071ns
    Total Input Jitter      (TIJ):    0.000ns
    Discrete Jitter          (DJ):    0.000ns
    Phase Error              (PE):    0.000ns

    Location             Delay type                Incr(ns)  Path(ns)    Netlist Resource(s)
  -------------------------------------------------------------------    -------------------
                         (clock clk_i rise edge)      0.000     0.000 r  
                                                      0.000     0.000 r  clk_i (IN)
                         net (fo=4843, unset)         0.787     0.787    i_kecc_aes_k_axi_top/i_axi2reg/i_axi_to_axi_lite/i_axi_burst_splitter/i_demux_supported_vs_unsupported/gen_demux.gen_aw_id_counter.i_aw_id_counter/clk_i
    SLICE_X54Y143        FDCE                                         r  i_kecc_aes_k_axi_top/i_axi2reg/i_axi_to_axi_lite/i_axi_burst_splitter/i_demux_supported_vs_unsupported/gen_demux.gen_aw_id_counter.i_aw_id_counter/gen_counters[23].mst_select_q_reg[23][0]/C
  -------------------------------------------------------------------    -------------------
    SLICE_X54Y143        FDCE (Prop_fdce_C_Q)         0.398     1.185 f  i_kecc_aes_k_axi_top/i_axi2reg/i_axi_to_axi_lite/i_axi_burst_splitter/i_demux_supported_vs_unsupported/gen_demux.gen_aw_id_counter.i_aw_id_counter/gen_counters[23].mst_select_q_reg[23][0]/Q
                         net (fo=2, estimated)        0.674     1.859    i_kecc_aes_k_axi_top/i_axi2reg/i_axi_to_axi_lite/i_axi_burst_splitter/i_demux_supported_vs_unsupported/gen_demux.gen_aw_id_counter.i_aw_id_counter/gen_counters[23].mst_select_q_reg[23]_8
    SLICE_X53Y143        LUT6 (Prop_lut6_I0_O)        0.232     2.091 f  i_kecc_aes_k_axi_top/i_axi2reg/i_axi_to_axi_lite/i_axi_burst_splitter/i_demux_supported_vs_unsupported/gen_demux.gen_aw_id_counter.i_aw_id_counter/i___34_i_36/O
                         net (fo=1, routed)           0.000     2.091    i_kecc_aes_k_axi_top/i_axi2reg/i_axi_to_axi_lite/i_axi_burst_splitter/i_demux_supported_vs_unsupported/gen_demux.gen_aw_id_counter.i_aw_id_counter/i___34_i_36_n_0
    SLICE_X53Y143        MUXF7 (Prop_muxf7_I1_O)      0.206     2.297 f  i_kecc_aes_k_axi_top/i_axi2reg/i_axi_to_axi_lite/i_axi_burst_splitter/i_demux_supported_vs_unsupported/gen_demux.gen_aw_id_counter.i_aw_id_counter/i___34_i_15/O
                         net (fo=1, routed)           0.000     2.297    i_kecc_aes_k_axi_top/i_axi2reg/i_axi_to_axi_lite/i_axi_burst_splitter/i_demux_supported_vs_unsupported/gen_demux.gen_aw_id_counter.i_aw_id_counter/i___34_i_15_n_0
    SLICE_X53Y143        MUXF8 (Prop_muxf8_I0_O)      0.085     2.382 f  i_kecc_aes_k_axi_top/i_axi2reg/i_axi_to_axi_lite/i_axi_burst_splitter/i_demux_supported_vs_unsupported/gen_demux.gen_aw_id_counter.i_aw_id_counter/i___34_i_5/O
                         net (fo=1, estimated)        0.687     3.069    i_kecc_aes_k_axi_top/i_axi2reg/i_axi_to_axi_lite/i_axi_burst_splitter/i_demux_supported_vs_unsupported/gen_demux.gen_aw_id_counter.i_aw_id_counter/gen_counters[3].i_in_flight_cnt/i___34
    SLICE_X52Y144        LUT6 (Prop_lut6_I1_O)        0.264     3.333 r  i_kecc_aes_k_axi_top/i_axi2reg/i_axi_to_axi_lite/i_axi_burst_splitter/i_demux_supported_vs_unsupported/gen_demux.gen_aw_id_counter.i_aw_id_counter/gen_counters[3].i_in_flight_cnt/i___34_i_1/O
                         net (fo=2, estimated)        0.664     3.997    i_kecc_aes_k_axi_top/i_axi2reg/i_axi_to_axi_lite_n_170
    SLICE_X55Y144        LUT5 (Prop_lut5_I0_O)        0.105     4.102 r  i_kecc_aes_k_axi_top/i_axi2reg/i___83/O
                         net (fo=4, estimated)        0.371     4.473    i_kecc_aes_k_axi_top/i_axi2reg/i_axi_to_axi_lite/i_axi_burst_splitter/i_demux_supported_vs_unsupported/gen_demux.gen_aw_id_counter.i_aw_id_counter/gen_counters[3].i_in_flight_cnt/gen_demux.lock_aw_valid_q_reg_2
    SLICE_X55Y144        LUT5 (Prop_lut5_I2_O)        0.105     4.578 r  i_kecc_aes_k_axi_top/i_axi2reg/i_axi_to_axi_lite/i_axi_burst_splitter/i_demux_supported_vs_unsupported/gen_demux.gen_aw_id_counter.i_aw_id_counter/gen_counters[3].i_in_flight_cnt/i___30_i_4/O
                         net (fo=21, estimated)       0.292     4.870    i_kecc_aes_k_axi_top/i_axi2reg/i_axi_burst_splitter/i_axi_burst_splitter_aw_chan/state_d0
    SLICE_X54Y145        LUT5 (Prop_lut5_I4_O)        0.105     4.975 f  i_kecc_aes_k_axi_top/i_axi2reg/i___2_i_3/O
                         net (fo=2, estimated)        0.235     5.210    i_kecc_aes_k_axi_top/i_axi2reg/i___2_i_3_n_0
    SLICE_X55Y146        LUT5 (Prop_lut5_I2_O)        0.105     5.315 f  i_kecc_aes_k_axi_top/i_axi2reg/i___4_i_1/O
                         net (fo=3, estimated)        0.135     5.450    i_kecc_aes_k_axi_top/i_axi2reg/i___4_i_1_n_0
    SLICE_X55Y146        LUT6 (Prop_lut6_I0_O)        0.105     5.555 f  i_kecc_aes_k_axi_top/i_axi2reg/i___2_i_2/O
                         net (fo=32, estimated)       0.570     6.125    i_kecc_aes_k_axi_top/i_axi2reg/i___2_i_2_n_0
    SLICE_X59Y151        LUT5 (Prop_lut5_I3_O)        0.105     6.230 f  i_kecc_aes_k_axi_top/i_axi2reg/mem_q[0][data][63]_i_27/O
                         net (fo=15, estimated)       0.704     6.934    i_kecc_aes_k_axi_top/i_axi2reg/i_axi_lite_to_reg/i_fifo_read/reg_req_i[addr][6]
    SLICE_X58Y151        LUT5 (Prop_lut5_I0_O)        0.105     7.039 f  i_kecc_aes_k_axi_top/i_axi2reg/i_axi_lite_to_reg/i_fifo_read/q[63]_i_8/O
                         net (fo=20, estimated)       0.603     7.642    i_kecc_aes_k_axi_top/i_axi2reg/i_axi_lite_to_reg/i_fifo_read/q[63]_i_8_n_0
    SLICE_X59Y151        LUT5 (Prop_lut5_I0_O)        0.105     7.747 f  i_kecc_aes_k_axi_top/i_axi2reg/i_axi_lite_to_reg/i_fifo_read/q[63]_i_2__3/O
                         net (fo=65, estimated)       0.761     8.508    i_kecc_aes_k_axi_top/i_axi2reg/i_axi_lite_to_reg/i_fifo_read/mem_q_reg[1][5]_2
    SLICE_X54Y156        LUT5 (Prop_lut5_I2_O)        0.105     8.613 f  i_kecc_aes_k_axi_top/i_axi2reg/i_axi_lite_to_reg/i_fifo_read/mem_q[0][error]_i_20/O
                         net (fo=1, estimated)        0.693     9.306    i_kecc_aes_k_axi_top/i_axi2reg/i_axi_lite_to_reg/i_fifo_read/mem_q[0][error]_i_20_n_0
    SLICE_X50Y161        LUT6 (Prop_lut6_I0_O)        0.105     9.411 f  i_kecc_aes_k_axi_top/i_axi2reg/i_axi_lite_to_reg/i_fifo_read/mem_q[0][error]_i_7/O
                         net (fo=33, estimated)       0.572     9.983    i_kecc_aes_k_axi_top/i_axi2reg/i_axi_lite_to_reg/i_fifo_read/mem_q[0][error]_i_7_n_0
    SLICE_X40Y160        LUT6 (Prop_lut6_I4_O)        0.105    10.088 r  i_kecc_aes_k_axi_top/i_axi2reg/i_axi_lite_to_reg/i_fifo_read/q[63]_i_3__13/O
                         net (fo=65, estimated)       1.051    11.139    i_kecc_aes_k_axi_top/i_axi2reg/i_axi_lite_to_reg/i_fifo_write_req/keccak_data_9_we
    SLICE_X34Y156        LUT3 (Prop_lut3_I2_O)        0.121    11.260 r  i_kecc_aes_k_axi_top/i_axi2reg/i_axi_lite_to_reg/i_fifo_write_req/wr_en_data_arb/q[58]_i_1__8/O
                         net (fo=1, estimated)        0.699    11.959    i_kecc_aes_k_axi_top/kecc_aes_k_axi_reg_top_i/u_keccak_data_9/q_reg[63]_1[58]
    SLICE_X35Y156        FDCE                                         r  i_kecc_aes_k_axi_top/kecc_aes_k_axi_reg_top_i/u_keccak_data_9/q_reg[58]/D
  -------------------------------------------------------------------    -------------------

                         (clock clk_i rise edge)     10.000    10.000 r  
                                                      0.000    10.000 r  clk_i (IN)
                         net (fo=4843, unset)         0.748    10.748    i_kecc_aes_k_axi_top/kecc_aes_k_axi_reg_top_i/u_keccak_data_9/clk_i
    SLICE_X35Y156        FDCE                                         r  i_kecc_aes_k_axi_top/kecc_aes_k_axi_reg_top_i/u_keccak_data_9/q_reg[58]/C
                         clock pessimism              0.000    10.748    
                         clock uncertainty           -0.035    10.712    
    SLICE_X35Y156        FDCE (Setup_fdce_C_D)       -0.253    10.459    i_kecc_aes_k_axi_top/kecc_aes_k_axi_reg_top_i/u_keccak_data_9/q_reg[58]
  -------------------------------------------------------------------
                         required time                         10.459    
                         arrival time                         -11.959    
  -------------------------------------------------------------------
                         slack                                 -1.500    

Slack (VIOLATED) :        -1.500ns  (required time - arrival time)
  Source:                 i_kecc_aes_k_axi_top/i_axi2reg/i_axi_to_axi_lite/i_axi_burst_splitter/i_demux_supported_vs_unsupported/gen_demux.gen_aw_id_counter.i_aw_id_counter/gen_counters[23].mst_select_q_reg[23][0]/C
                            (rising edge-triggered cell FDCE clocked by clk_i  {rise@0.000ns fall@5.000ns period=10.000ns})
  Destination:            i_kecc_aes_k_axi_top/kecc_aes_k_axi_reg_top_i/u_keccak_data_9/q_reg[58]/D
                            (rising edge-triggered cell FDCE clocked by clk_i  {rise@0.000ns fall@5.000ns period=10.000ns})
  Path Group:             clk_i
  Path Type:              Setup (Max at Slow Process Corner)
  Requirement:            10.000ns  (clk_i rise@10.000ns - clk_i rise@0.000ns)
  Data Path Delay:        11.172ns  (logic 2.461ns (22.028%)  route 8.711ns (77.972%))
  Logic Levels:           16  (LUT3=1 LUT5=8 LUT6=5 MUXF7=1 MUXF8=1)
  Clock Path Skew:        -0.039ns (DCD - SCD + CPR)
    Destination Clock Delay (DCD):    0.748ns = ( 10.748 - 10.000 ) 
    Source Clock Delay      (SCD):    0.787ns
    Clock Pessimism Removal (CPR):    0.000ns
  Clock Uncertainty:      0.035ns  ((TSJ^2 + TIJ^2)^1/2 + DJ) / 2 + PE
    Total System Jitter     (TSJ):    0.071ns
    Total Input Jitter      (TIJ):    0.000ns
    Discrete Jitter          (DJ):    0.000ns
    Phase Error              (PE):    0.000ns

    Location             Delay type                Incr(ns)  Path(ns)    Netlist Resource(s)
  -------------------------------------------------------------------    -------------------
                         (clock clk_i rise edge)      0.000     0.000 r  
                                                      0.000     0.000 r  clk_i (IN)
                         net (fo=4843, unset)         0.787     0.787    i_kecc_aes_k_axi_top/i_axi2reg/i_axi_to_axi_lite/i_axi_burst_splitter/i_demux_supported_vs_unsupported/gen_demux.gen_aw_id_counter.i_aw_id_counter/clk_i
    SLICE_X54Y143        FDCE                                         r  i_kecc_aes_k_axi_top/i_axi2reg/i_axi_to_axi_lite/i_axi_burst_splitter/i_demux_supported_vs_unsupported/gen_demux.gen_aw_id_counter.i_aw_id_counter/gen_counters[23].mst_select_q_reg[23][0]/C
  -------------------------------------------------------------------    -------------------
    SLICE_X54Y143        FDCE (Prop_fdce_C_Q)         0.398     1.185 r  i_kecc_aes_k_axi_top/i_axi2reg/i_axi_to_axi_lite/i_axi_burst_splitter/i_demux_supported_vs_unsupported/gen_demux.gen_aw_id_counter.i_aw_id_counter/gen_counters[23].mst_select_q_reg[23][0]/Q
                         net (fo=2, estimated)        0.674     1.859    i_kecc_aes_k_axi_top/i_axi2reg/i_axi_to_axi_lite/i_axi_burst_splitter/i_demux_supported_vs_unsupported/gen_demux.gen_aw_id_counter.i_aw_id_counter/gen_counters[23].mst_select_q_reg[23]_8
    SLICE_X53Y143        LUT6 (Prop_lut6_I0_O)        0.232     2.091 r  i_kecc_aes_k_axi_top/i_axi2reg/i_axi_to_axi_lite/i_axi_burst_splitter/i_demux_supported_vs_unsupported/gen_demux.gen_aw_id_counter.i_aw_id_counter/i___34_i_36/O
                         net (fo=1, routed)           0.000     2.091    i_kecc_aes_k_axi_top/i_axi2reg/i_axi_to_axi_lite/i_axi_burst_splitter/i_demux_supported_vs_unsupported/gen_demux.gen_aw_id_counter.i_aw_id_counter/i___34_i_36_n_0
    SLICE_X53Y143        MUXF7 (Prop_muxf7_I1_O)      0.206     2.297 r  i_kecc_aes_k_axi_top/i_axi2reg/i_axi_to_axi_lite/i_axi_burst_splitter/i_demux_supported_vs_unsupported/gen_demux.gen_aw_id_counter.i_aw_id_counter/i___34_i_15/O
                         net (fo=1, routed)           0.000     2.297    i_kecc_aes_k_axi_top/i_axi2reg/i_axi_to_axi_lite/i_axi_burst_splitter/i_demux_supported_vs_unsupported/gen_demux.gen_aw_id_counter.i_aw_id_counter/i___34_i_15_n_0
    SLICE_X53Y143        MUXF8 (Prop_muxf8_I0_O)      0.085     2.382 r  i_kecc_aes_k_axi_top/i_axi2reg/i_axi_to_axi_lite/i_axi_burst_splitter/i_demux_supported_vs_unsupported/gen_demux.gen_aw_id_counter.i_aw_id_counter/i___34_i_5/O
                         net (fo=1, estimated)        0.687     3.069    i_kecc_aes_k_axi_top/i_axi2reg/i_axi_to_axi_lite/i_axi_burst_splitter/i_demux_supported_vs_unsupported/gen_demux.gen_aw_id_counter.i_aw_id_counter/gen_counters[3].i_in_flight_cnt/i___34
    SLICE_X52Y144        LUT6 (Prop_lut6_I1_O)        0.264     3.333 f  i_kecc_aes_k_axi_top/i_axi2reg/i_axi_to_axi_lite/i_axi_burst_splitter/i_demux_supported_vs_unsupported/gen_demux.gen_aw_id_counter.i_aw_id_counter/gen_counters[3].i_in_flight_cnt/i___34_i_1/O
                         net (fo=2, estimated)        0.664     3.997    i_kecc_aes_k_axi_top/i_axi2reg/i_axi_to_axi_lite_n_170
    SLICE_X55Y144        LUT5 (Prop_lut5_I0_O)        0.105     4.102 f  i_kecc_aes_k_axi_top/i_axi2reg/i___83/O
                         net (fo=4, estimated)        0.371     4.473    i_kecc_aes_k_axi_top/i_axi2reg/i_axi_to_axi_lite/i_axi_burst_splitter/i_demux_supported_vs_unsupported/gen_demux.gen_aw_id_counter.i_aw_id_counter/gen_counters[3].i_in_flight_cnt/gen_demux.lock_aw_valid_q_reg_2
    SLICE_X55Y144        LUT5 (Prop_lut5_I2_O)        0.105     4.578 f  i_kecc_aes_k_axi_top/i_axi2reg/i_axi_to_axi_lite/i_axi_burst_splitter/i_demux_supported_vs_unsupported/gen_demux.gen_aw_id_counter.i_aw_id_counter/gen_counters[3].i_in_flight_cnt/i___30_i_4/O
                         net (fo=21, estimated)       0.292     4.870    i_kecc_aes_k_axi_top/i_axi2reg/i_axi_burst_splitter/i_axi_burst_splitter_aw_chan/state_d0
    SLICE_X54Y145        LUT5 (Prop_lut5_I4_O)        0.105     4.975 r  i_kecc_aes_k_axi_top/i_axi2reg/i___2_i_3/O
                         net (fo=2, estimated)        0.235     5.210    i_kecc_aes_k_axi_top/i_axi2reg/i___2_i_3_n_0
    SLICE_X55Y146        LUT5 (Prop_lut5_I2_O)        0.105     5.315 r  i_kecc_aes_k_axi_top/i_axi2reg/i___4_i_1/O
                         net (fo=3, estimated)        0.135     5.450    i_kecc_aes_k_axi_top/i_axi2reg/i___4_i_1_n_0
    SLICE_X55Y146        LUT6 (Prop_lut6_I0_O)        0.105     5.555 r  i_kecc_aes_k_axi_top/i_axi2reg/i___2_i_2/O
                         net (fo=32, estimated)       0.570     6.125    i_kecc_aes_k_axi_top/i_axi2reg/i___2_i_2_n_0
    SLICE_X59Y151        LUT5 (Prop_lut5_I3_O)        0.105     6.230 r  i_kecc_aes_k_axi_top/i_axi2reg/mem_q[0][data][63]_i_27/O
                         net (fo=15, estimated)       0.704     6.934    i_kecc_aes_k_axi_top/i_axi2reg/i_axi_lite_to_reg/i_fifo_read/reg_req_i[addr][6]
    SLICE_X58Y151        LUT5 (Prop_lut5_I0_O)        0.105     7.039 r  i_kecc_aes_k_axi_top/i_axi2reg/i_axi_lite_to_reg/i_fifo_read/q[63]_i_8/O
                         net (fo=20, estimated)       0.603     7.642    i_kecc_aes_k_axi_top/i_axi2reg/i_axi_lite_to_reg/i_fifo_read/q[63]_i_8_n_0
    SLICE_X59Y151        LUT5 (Prop_lut5_I0_O)        0.105     7.747 r  i_kecc_aes_k_axi_top/i_axi2reg/i_axi_lite_to_reg/i_fifo_read/q[63]_i_2__3/O
                         net (fo=65, estimated)       0.761     8.508    i_kecc_aes_k_axi_top/i_axi2reg/i_axi_lite_to_reg/i_fifo_read/mem_q_reg[1][5]_2
    SLICE_X54Y156        LUT5 (Prop_lut5_I2_O)        0.105     8.613 r  i_kecc_aes_k_axi_top/i_axi2reg/i_axi_lite_to_reg/i_fifo_read/mem_q[0][error]_i_20/O
                         net (fo=1, estimated)        0.693     9.306    i_kecc_aes_k_axi_top/i_axi2reg/i_axi_lite_to_reg/i_fifo_read/mem_q[0][error]_i_20_n_0
    SLICE_X50Y161        LUT6 (Prop_lut6_I0_O)        0.105     9.411 r  i_kecc_aes_k_axi_top/i_axi2reg/i_axi_lite_to_reg/i_fifo_read/mem_q[0][error]_i_7/O
                         net (fo=33, estimated)       0.572     9.983    i_kecc_aes_k_axi_top/i_axi2reg/i_axi_lite_to_reg/i_fifo_read/mem_q[0][error]_i_7_n_0
    SLICE_X40Y160        LUT6 (Prop_lut6_I4_O)        0.105    10.088 f  i_kecc_aes_k_axi_top/i_axi2reg/i_axi_lite_to_reg/i_fifo_read/q[63]_i_3__13/O
                         net (fo=65, estimated)       1.051    11.139    i_kecc_aes_k_axi_top/i_axi2reg/i_axi_lite_to_reg/i_fifo_write_req/keccak_data_9_we
    SLICE_X34Y156        LUT3 (Prop_lut3_I2_O)        0.121    11.260 r  i_kecc_aes_k_axi_top/i_axi2reg/i_axi_lite_to_reg/i_fifo_write_req/wr_en_data_arb/q[58]_i_1__8/O
                         net (fo=1, estimated)        0.699    11.959    i_kecc_aes_k_axi_top/kecc_aes_k_axi_reg_top_i/u_keccak_data_9/q_reg[63]_1[58]
    SLICE_X35Y156        FDCE                                         r  i_kecc_aes_k_axi_top/kecc_aes_k_axi_reg_top_i/u_keccak_data_9/q_reg[58]/D
  -------------------------------------------------------------------    -------------------

                         (clock clk_i rise edge)     10.000    10.000 r  
                                                      0.000    10.000 r  clk_i (IN)
                         net (fo=4843, unset)         0.748    10.748    i_kecc_aes_k_axi_top/kecc_aes_k_axi_reg_top_i/u_keccak_data_9/clk_i
    SLICE_X35Y156        FDCE                                         r  i_kecc_aes_k_axi_top/kecc_aes_k_axi_reg_top_i/u_keccak_data_9/q_reg[58]/C
                         clock pessimism              0.000    10.748    
                         clock uncertainty           -0.035    10.712    
    SLICE_X35Y156        FDCE (Setup_fdce_C_D)       -0.253    10.459    i_kecc_aes_k_axi_top/kecc_aes_k_axi_reg_top_i/u_keccak_data_9/q_reg[58]
  -------------------------------------------------------------------
                         required time                         10.459    
                         arrival time                         -11.959    
  -------------------------------------------------------------------
                         slack                                 -1.500    

Slack (VIOLATED) :        -1.500ns  (required time - arrival time)
  Source:                 i_kecc_aes_k_axi_top/i_axi2reg/i_axi_to_axi_lite/i_axi_burst_splitter/i_demux_supported_vs_unsupported/gen_demux.gen_aw_id_counter.i_aw_id_counter/gen_counters[23].mst_select_q_reg[23][0]/C
                            (rising edge-triggered cell FDCE clocked by clk_i  {rise@0.000ns fall@5.000ns period=10.000ns})
  Destination:            i_kecc_aes_k_axi_top/kecc_aes_k_axi_reg_top_i/u_keccak_data_9/q_reg[58]/D
                            (rising edge-triggered cell FDCE clocked by clk_i  {rise@0.000ns fall@5.000ns period=10.000ns})
  Path Group:             clk_i
  Path Type:              Setup (Max at Slow Process Corner)
  Requirement:            10.000ns  (clk_i rise@10.000ns - clk_i rise@0.000ns)
  Data Path Delay:        11.172ns  (logic 2.461ns (22.028%)  route 8.711ns (77.972%))
  Logic Levels:           16  (LUT3=1 LUT5=8 LUT6=5 MUXF7=1 MUXF8=1)
  Clock Path Skew:        -0.039ns (DCD - SCD + CPR)
    Destination Clock Delay (DCD):    0.748ns = ( 10.748 - 10.000 ) 
    Source Clock Delay      (SCD):    0.787ns
    Clock Pessimism Removal (CPR):    0.000ns
  Clock Uncertainty:      0.035ns  ((TSJ^2 + TIJ^2)^1/2 + DJ) / 2 + PE
    Total System Jitter     (TSJ):    0.071ns
    Total Input Jitter      (TIJ):    0.000ns
    Discrete Jitter          (DJ):    0.000ns
    Phase Error              (PE):    0.000ns

    Location             Delay type                Incr(ns)  Path(ns)    Netlist Resource(s)
  -------------------------------------------------------------------    -------------------
                         (clock clk_i rise edge)      0.000     0.000 r  
                                                      0.000     0.000 r  clk_i (IN)
                         net (fo=4843, unset)         0.787     0.787    i_kecc_aes_k_axi_top/i_axi2reg/i_axi_to_axi_lite/i_axi_burst_splitter/i_demux_supported_vs_unsupported/gen_demux.gen_aw_id_counter.i_aw_id_counter/clk_i
    SLICE_X54Y143        FDCE                                         r  i_kecc_aes_k_axi_top/i_axi2reg/i_axi_to_axi_lite/i_axi_burst_splitter/i_demux_supported_vs_unsupported/gen_demux.gen_aw_id_counter.i_aw_id_counter/gen_counters[23].mst_select_q_reg[23][0]/C
  -------------------------------------------------------------------    -------------------
    SLICE_X54Y143        FDCE (Prop_fdce_C_Q)         0.398     1.185 f  i_kecc_aes_k_axi_top/i_axi2reg/i_axi_to_axi_lite/i_axi_burst_splitter/i_demux_supported_vs_unsupported/gen_demux.gen_aw_id_counter.i_aw_id_counter/gen_counters[23].mst_select_q_reg[23][0]/Q
                         net (fo=2, estimated)        0.674     1.859    i_kecc_aes_k_axi_top/i_axi2reg/i_axi_to_axi_lite/i_axi_burst_splitter/i_demux_supported_vs_unsupported/gen_demux.gen_aw_id_counter.i_aw_id_counter/gen_counters[23].mst_select_q_reg[23]_8
    SLICE_X53Y143        LUT6 (Prop_lut6_I0_O)        0.232     2.091 f  i_kecc_aes_k_axi_top/i_axi2reg/i_axi_to_axi_lite/i_axi_burst_splitter/i_demux_supported_vs_unsupported/gen_demux.gen_aw_id_counter.i_aw_id_counter/i___34_i_36/O
                         net (fo=1, routed)           0.000     2.091    i_kecc_aes_k_axi_top/i_axi2reg/i_axi_to_axi_lite/i_axi_burst_splitter/i_demux_supported_vs_unsupported/gen_demux.gen_aw_id_counter.i_aw_id_counter/i___34_i_36_n_0
    SLICE_X53Y143        MUXF7 (Prop_muxf7_I1_O)      0.206     2.297 f  i_kecc_aes_k_axi_top/i_axi2reg/i_axi_to_axi_lite/i_axi_burst_splitter/i_demux_supported_vs_unsupported/gen_demux.gen_aw_id_counter.i_aw_id_counter/i___34_i_15/O
                         net (fo=1, routed)           0.000     2.297    i_kecc_aes_k_axi_top/i_axi2reg/i_axi_to_axi_lite/i_axi_burst_splitter/i_demux_supported_vs_unsupported/gen_demux.gen_aw_id_counter.i_aw_id_counter/i___34_i_15_n_0
    SLICE_X53Y143        MUXF8 (Prop_muxf8_I0_O)      0.085     2.382 f  i_kecc_aes_k_axi_top/i_axi2reg/i_axi_to_axi_lite/i_axi_burst_splitter/i_demux_supported_vs_unsupported/gen_demux.gen_aw_id_counter.i_aw_id_counter/i___34_i_5/O
                         net (fo=1, estimated)        0.687     3.069    i_kecc_aes_k_axi_top/i_axi2reg/i_axi_to_axi_lite/i_axi_burst_splitter/i_demux_supported_vs_unsupported/gen_demux.gen_aw_id_counter.i_aw_id_counter/gen_counters[3].i_in_flight_cnt/i___34
    SLICE_X52Y144        LUT6 (Prop_lut6_I1_O)        0.264     3.333 f  i_kecc_aes_k_axi_top/i_axi2reg/i_axi_to_axi_lite/i_axi_burst_splitter/i_demux_supported_vs_unsupported/gen_demux.gen_aw_id_counter.i_aw_id_counter/gen_counters[3].i_in_flight_cnt/i___34_i_1/O
                         net (fo=2, estimated)        0.664     3.997    i_kecc_aes_k_axi_top/i_axi2reg/i_axi_to_axi_lite_n_170
    SLICE_X55Y144        LUT5 (Prop_lut5_I0_O)        0.105     4.102 f  i_kecc_aes_k_axi_top/i_axi2reg/i___83/O
                         net (fo=4, estimated)        0.371     4.473    i_kecc_aes_k_axi_top/i_axi2reg/i_axi_to_axi_lite/i_axi_burst_splitter/i_demux_supported_vs_unsupported/gen_demux.gen_aw_id_counter.i_aw_id_counter/gen_counters[3].i_in_flight_cnt/gen_demux.lock_aw_valid_q_reg_2
    SLICE_X55Y144        LUT5 (Prop_lut5_I2_O)        0.105     4.578 f  i_kecc_aes_k_axi_top/i_axi2reg/i_axi_to_axi_lite/i_axi_burst_splitter/i_demux_supported_vs_unsupported/gen_demux.gen_aw_id_counter.i_aw_id_counter/gen_counters[3].i_in_flight_cnt/i___30_i_4/O
                         net (fo=21, estimated)       0.292     4.870    i_kecc_aes_k_axi_top/i_axi2reg/i_axi_burst_splitter/i_axi_burst_splitter_aw_chan/state_d0
    SLICE_X54Y145        LUT5 (Prop_lut5_I4_O)        0.105     4.975 r  i_kecc_aes_k_axi_top/i_axi2reg/i___2_i_3/O
                         net (fo=2, estimated)        0.235     5.210    i_kecc_aes_k_axi_top/i_axi2reg/i___2_i_3_n_0
    SLICE_X55Y146        LUT5 (Prop_lut5_I2_O)        0.105     5.315 r  i_kecc_aes_k_axi_top/i_axi2reg/i___4_i_1/O
                         net (fo=3, estimated)        0.135     5.450    i_kecc_aes_k_axi_top/i_axi2reg/i___4_i_1_n_0
    SLICE_X55Y146        LUT6 (Prop_lut6_I0_O)        0.105     5.555 r  i_kecc_aes_k_axi_top/i_axi2reg/i___2_i_2/O
                         net (fo=32, estimated)       0.570     6.125    i_kecc_aes_k_axi_top/i_axi2reg/i___2_i_2_n_0
    SLICE_X59Y151        LUT5 (Prop_lut5_I3_O)        0.105     6.230 r  i_kecc_aes_k_axi_top/i_axi2reg/mem_q[0][data][63]_i_27/O
                         net (fo=15, estimated)       0.704     6.934    i_kecc_aes_k_axi_top/i_axi2reg/i_axi_lite_to_reg/i_fifo_read/reg_req_i[addr][6]
    SLICE_X58Y151        LUT5 (Prop_lut5_I0_O)        0.105     7.039 r  i_kecc_aes_k_axi_top/i_axi2reg/i_axi_lite_to_reg/i_fifo_read/q[63]_i_8/O
                         net (fo=20, estimated)       0.603     7.642    i_kecc_aes_k_axi_top/i_axi2reg/i_axi_lite_to_reg/i_fifo_read/q[63]_i_8_n_0
    SLICE_X59Y151        LUT5 (Prop_lut5_I0_O)        0.105     7.747 r  i_kecc_aes_k_axi_top/i_axi2reg/i_axi_lite_to_reg/i_fifo_read/q[63]_i_2__3/O
                         net (fo=65, estimated)       0.761     8.508    i_kecc_aes_k_axi_top/i_axi2reg/i_axi_lite_to_reg/i_fifo_read/mem_q_reg[1][5]_2
    SLICE_X54Y156        LUT5 (Prop_lut5_I2_O)        0.105     8.613 r  i_kecc_aes_k_axi_top/i_axi2reg/i_axi_lite_to_reg/i_fifo_read/mem_q[0][error]_i_20/O
                         net (fo=1, estimated)        0.693     9.306    i_kecc_aes_k_axi_top/i_axi2reg/i_axi_lite_to_reg/i_fifo_read/mem_q[0][error]_i_20_n_0
    SLICE_X50Y161        LUT6 (Prop_lut6_I0_O)        0.105     9.411 r  i_kecc_aes_k_axi_top/i_axi2reg/i_axi_lite_to_reg/i_fifo_read/mem_q[0][error]_i_7/O
                         net (fo=33, estimated)       0.572     9.983    i_kecc_aes_k_axi_top/i_axi2reg/i_axi_lite_to_reg/i_fifo_read/mem_q[0][error]_i_7_n_0
    SLICE_X40Y160        LUT6 (Prop_lut6_I4_O)        0.105    10.088 f  i_kecc_aes_k_axi_top/i_axi2reg/i_axi_lite_to_reg/i_fifo_read/q[63]_i_3__13/O
                         net (fo=65, estimated)       1.051    11.139    i_kecc_aes_k_axi_top/i_axi2reg/i_axi_lite_to_reg/i_fifo_write_req/keccak_data_9_we
    SLICE_X34Y156        LUT3 (Prop_lut3_I2_O)        0.121    11.260 r  i_kecc_aes_k_axi_top/i_axi2reg/i_axi_lite_to_reg/i_fifo_write_req/wr_en_data_arb/q[58]_i_1__8/O
                         net (fo=1, estimated)        0.699    11.959    i_kecc_aes_k_axi_top/kecc_aes_k_axi_reg_top_i/u_keccak_data_9/q_reg[63]_1[58]
    SLICE_X35Y156        FDCE                                         r  i_kecc_aes_k_axi_top/kecc_aes_k_axi_reg_top_i/u_keccak_data_9/q_reg[58]/D
  -------------------------------------------------------------------    -------------------

                         (clock clk_i rise edge)     10.000    10.000 r  
                                                      0.000    10.000 r  clk_i (IN)
                         net (fo=4843, unset)         0.748    10.748    i_kecc_aes_k_axi_top/kecc_aes_k_axi_reg_top_i/u_keccak_data_9/clk_i
    SLICE_X35Y156        FDCE                                         r  i_kecc_aes_k_axi_top/kecc_aes_k_axi_reg_top_i/u_keccak_data_9/q_reg[58]/C
                         clock pessimism              0.000    10.748    
                         clock uncertainty           -0.035    10.712    
    SLICE_X35Y156        FDCE (Setup_fdce_C_D)       -0.253    10.459    i_kecc_aes_k_axi_top/kecc_aes_k_axi_reg_top_i/u_keccak_data_9/q_reg[58]
  -------------------------------------------------------------------
                         required time                         10.459    
                         arrival time                         -11.959    
  -------------------------------------------------------------------
                         slack                                 -1.500    

Slack (VIOLATED) :        -1.500ns  (required time - arrival time)
  Source:                 i_kecc_aes_k_axi_top/i_axi2reg/i_axi_to_axi_lite/i_axi_burst_splitter/i_demux_supported_vs_unsupported/gen_demux.gen_aw_id_counter.i_aw_id_counter/gen_counters[23].mst_select_q_reg[23][0]/C
                            (rising edge-triggered cell FDCE clocked by clk_i  {rise@0.000ns fall@5.000ns period=10.000ns})
  Destination:            i_kecc_aes_k_axi_top/kecc_aes_k_axi_reg_top_i/u_keccak_data_9/q_reg[58]/D
                            (rising edge-triggered cell FDCE clocked by clk_i  {rise@0.000ns fall@5.000ns period=10.000ns})
  Path Group:             clk_i
  Path Type:              Setup (Max at Slow Process Corner)
  Requirement:            10.000ns  (clk_i rise@10.000ns - clk_i rise@0.000ns)
  Data Path Delay:        11.172ns  (logic 2.461ns (22.028%)  route 8.711ns (77.972%))
  Logic Levels:           16  (LUT3=1 LUT5=8 LUT6=5 MUXF7=1 MUXF8=1)
  Clock Path Skew:        -0.039ns (DCD - SCD + CPR)
    Destination Clock Delay (DCD):    0.748ns = ( 10.748 - 10.000 ) 
    Source Clock Delay      (SCD):    0.787ns
    Clock Pessimism Removal (CPR):    0.000ns
  Clock Uncertainty:      0.035ns  ((TSJ^2 + TIJ^2)^1/2 + DJ) / 2 + PE
    Total System Jitter     (TSJ):    0.071ns
    Total Input Jitter      (TIJ):    0.000ns
    Discrete Jitter          (DJ):    0.000ns
    Phase Error              (PE):    0.000ns

    Location             Delay type                Incr(ns)  Path(ns)    Netlist Resource(s)
  -------------------------------------------------------------------    -------------------
                         (clock clk_i rise edge)      0.000     0.000 r  
                                                      0.000     0.000 r  clk_i (IN)
                         net (fo=4843, unset)         0.787     0.787    i_kecc_aes_k_axi_top/i_axi2reg/i_axi_to_axi_lite/i_axi_burst_splitter/i_demux_supported_vs_unsupported/gen_demux.gen_aw_id_counter.i_aw_id_counter/clk_i
    SLICE_X54Y143        FDCE                                         r  i_kecc_aes_k_axi_top/i_axi2reg/i_axi_to_axi_lite/i_axi_burst_splitter/i_demux_supported_vs_unsupported/gen_demux.gen_aw_id_counter.i_aw_id_counter/gen_counters[23].mst_select_q_reg[23][0]/C
  -------------------------------------------------------------------    -------------------
    SLICE_X54Y143        FDCE (Prop_fdce_C_Q)         0.398     1.185 r  i_kecc_aes_k_axi_top/i_axi2reg/i_axi_to_axi_lite/i_axi_burst_splitter/i_demux_supported_vs_unsupported/gen_demux.gen_aw_id_counter.i_aw_id_counter/gen_counters[23].mst_select_q_reg[23][0]/Q
                         net (fo=2, estimated)        0.674     1.859    i_kecc_aes_k_axi_top/i_axi2reg/i_axi_to_axi_lite/i_axi_burst_splitter/i_demux_supported_vs_unsupported/gen_demux.gen_aw_id_counter.i_aw_id_counter/gen_counters[23].mst_select_q_reg[23]_8
    SLICE_X53Y143        LUT6 (Prop_lut6_I0_O)        0.232     2.091 r  i_kecc_aes_k_axi_top/i_axi2reg/i_axi_to_axi_lite/i_axi_burst_splitter/i_demux_supported_vs_unsupported/gen_demux.gen_aw_id_counter.i_aw_id_counter/i___34_i_36/O
                         net (fo=1, routed)           0.000     2.091    i_kecc_aes_k_axi_top/i_axi2reg/i_axi_to_axi_lite/i_axi_burst_splitter/i_demux_supported_vs_unsupported/gen_demux.gen_aw_id_counter.i_aw_id_counter/i___34_i_36_n_0
    SLICE_X53Y143        MUXF7 (Prop_muxf7_I1_O)      0.206     2.297 r  i_kecc_aes_k_axi_top/i_axi2reg/i_axi_to_axi_lite/i_axi_burst_splitter/i_demux_supported_vs_unsupported/gen_demux.gen_aw_id_counter.i_aw_id_counter/i___34_i_15/O
                         net (fo=1, routed)           0.000     2.297    i_kecc_aes_k_axi_top/i_axi2reg/i_axi_to_axi_lite/i_axi_burst_splitter/i_demux_supported_vs_unsupported/gen_demux.gen_aw_id_counter.i_aw_id_counter/i___34_i_15_n_0
    SLICE_X53Y143        MUXF8 (Prop_muxf8_I0_O)      0.085     2.382 r  i_kecc_aes_k_axi_top/i_axi2reg/i_axi_to_axi_lite/i_axi_burst_splitter/i_demux_supported_vs_unsupported/gen_demux.gen_aw_id_counter.i_aw_id_counter/i___34_i_5/O
                         net (fo=1, estimated)        0.687     3.069    i_kecc_aes_k_axi_top/i_axi2reg/i_axi_to_axi_lite/i_axi_burst_splitter/i_demux_supported_vs_unsupported/gen_demux.gen_aw_id_counter.i_aw_id_counter/gen_counters[3].i_in_flight_cnt/i___34
    SLICE_X52Y144        LUT6 (Prop_lut6_I1_O)        0.264     3.333 r  i_kecc_aes_k_axi_top/i_axi2reg/i_axi_to_axi_lite/i_axi_burst_splitter/i_demux_supported_vs_unsupported/gen_demux.gen_aw_id_counter.i_aw_id_counter/gen_counters[3].i_in_flight_cnt/i___34_i_1/O
                         net (fo=2, estimated)        0.664     3.997    i_kecc_aes_k_axi_top/i_axi2reg/i_axi_to_axi_lite_n_170
    SLICE_X55Y144        LUT5 (Prop_lut5_I0_O)        0.105     4.102 r  i_kecc_aes_k_axi_top/i_axi2reg/i___83/O
                         net (fo=4, estimated)        0.371     4.473    i_kecc_aes_k_axi_top/i_axi2reg/i_axi_to_axi_lite/i_axi_burst_splitter/i_demux_supported_vs_unsupported/gen_demux.gen_aw_id_counter.i_aw_id_counter/gen_counters[3].i_in_flight_cnt/gen_demux.lock_aw_valid_q_reg_2
    SLICE_X55Y144        LUT5 (Prop_lut5_I2_O)        0.105     4.578 r  i_kecc_aes_k_axi_top/i_axi2reg/i_axi_to_axi_lite/i_axi_burst_splitter/i_demux_supported_vs_unsupported/gen_demux.gen_aw_id_counter.i_aw_id_counter/gen_counters[3].i_in_flight_cnt/i___30_i_4/O
                         net (fo=21, estimated)       0.292     4.870    i_kecc_aes_k_axi_top/i_axi2reg/i_axi_burst_splitter/i_axi_burst_splitter_aw_chan/state_d0
    SLICE_X54Y145        LUT5 (Prop_lut5_I4_O)        0.105     4.975 f  i_kecc_aes_k_axi_top/i_axi2reg/i___2_i_3/O
                         net (fo=2, estimated)        0.235     5.210    i_kecc_aes_k_axi_top/i_axi2reg/i___2_i_3_n_0
    SLICE_X55Y146        LUT5 (Prop_lut5_I2_O)        0.105     5.315 f  i_kecc_aes_k_axi_top/i_axi2reg/i___4_i_1/O
                         net (fo=3, estimated)        0.135     5.450    i_kecc_aes_k_axi_top/i_axi2reg/i___4_i_1_n_0
    SLICE_X55Y146        LUT6 (Prop_lut6_I0_O)        0.105     5.555 f  i_kecc_aes_k_axi_top/i_axi2reg/i___2_i_2/O
                         net (fo=32, estimated)       0.570     6.125    i_kecc_aes_k_axi_top/i_axi2reg/i___2_i_2_n_0
    SLICE_X59Y151        LUT5 (Prop_lut5_I3_O)        0.105     6.230 r  i_kecc_aes_k_axi_top/i_axi2reg/mem_q[0][data][63]_i_27/O
                         net (fo=15, estimated)       0.704     6.934    i_kecc_aes_k_axi_top/i_axi2reg/i_axi_lite_to_reg/i_fifo_read/reg_req_i[addr][6]
    SLICE_X58Y151        LUT5 (Prop_lut5_I0_O)        0.105     7.039 r  i_kecc_aes_k_axi_top/i_axi2reg/i_axi_lite_to_reg/i_fifo_read/q[63]_i_8/O
                         net (fo=20, estimated)       0.603     7.642    i_kecc_aes_k_axi_top/i_axi2reg/i_axi_lite_to_reg/i_fifo_read/q[63]_i_8_n_0
    SLICE_X59Y151        LUT5 (Prop_lut5_I0_O)        0.105     7.747 r  i_kecc_aes_k_axi_top/i_axi2reg/i_axi_lite_to_reg/i_fifo_read/q[63]_i_2__3/O
                         net (fo=65, estimated)       0.761     8.508    i_kecc_aes_k_axi_top/i_axi2reg/i_axi_lite_to_reg/i_fifo_read/mem_q_reg[1][5]_2
    SLICE_X54Y156        LUT5 (Prop_lut5_I2_O)        0.105     8.613 r  i_kecc_aes_k_axi_top/i_axi2reg/i_axi_lite_to_reg/i_fifo_read/mem_q[0][error]_i_20/O
                         net (fo=1, estimated)        0.693     9.306    i_kecc_aes_k_axi_top/i_axi2reg/i_axi_lite_to_reg/i_fifo_read/mem_q[0][error]_i_20_n_0
    SLICE_X50Y161        LUT6 (Prop_lut6_I0_O)        0.105     9.411 r  i_kecc_aes_k_axi_top/i_axi2reg/i_axi_lite_to_reg/i_fifo_read/mem_q[0][error]_i_7/O
                         net (fo=33, estimated)       0.572     9.983    i_kecc_aes_k_axi_top/i_axi2reg/i_axi_lite_to_reg/i_fifo_read/mem_q[0][error]_i_7_n_0
    SLICE_X40Y160        LUT6 (Prop_lut6_I4_O)        0.105    10.088 f  i_kecc_aes_k_axi_top/i_axi2reg/i_axi_lite_to_reg/i_fifo_read/q[63]_i_3__13/O
                         net (fo=65, estimated)       1.051    11.139    i_kecc_aes_k_axi_top/i_axi2reg/i_axi_lite_to_reg/i_fifo_write_req/keccak_data_9_we
    SLICE_X34Y156        LUT3 (Prop_lut3_I2_O)        0.121    11.260 r  i_kecc_aes_k_axi_top/i_axi2reg/i_axi_lite_to_reg/i_fifo_write_req/wr_en_data_arb/q[58]_i_1__8/O
                         net (fo=1, estimated)        0.699    11.959    i_kecc_aes_k_axi_top/kecc_aes_k_axi_reg_top_i/u_keccak_data_9/q_reg[63]_1[58]
    SLICE_X35Y156        FDCE                                         r  i_kecc_aes_k_axi_top/kecc_aes_k_axi_reg_top_i/u_keccak_data_9/q_reg[58]/D
  -------------------------------------------------------------------    -------------------

                         (clock clk_i rise edge)     10.000    10.000 r  
                                                      0.000    10.000 r  clk_i (IN)
                         net (fo=4843, unset)         0.748    10.748    i_kecc_aes_k_axi_top/kecc_aes_k_axi_reg_top_i/u_keccak_data_9/clk_i
    SLICE_X35Y156        FDCE                                         r  i_kecc_aes_k_axi_top/kecc_aes_k_axi_reg_top_i/u_keccak_data_9/q_reg[58]/C
                         clock pessimism              0.000    10.748    
                         clock uncertainty           -0.035    10.712    
    SLICE_X35Y156        FDCE (Setup_fdce_C_D)       -0.253    10.459    i_kecc_aes_k_axi_top/kecc_aes_k_axi_reg_top_i/u_keccak_data_9/q_reg[58]
  -------------------------------------------------------------------
                         required time                         10.459    
                         arrival time                         -11.959    
  -------------------------------------------------------------------
                         slack                                 -1.500    

Slack (VIOLATED) :        -1.500ns  (required time - arrival time)
  Source:                 i_kecc_aes_k_axi_top/i_axi2reg/i_axi_to_axi_lite/i_axi_burst_splitter/i_demux_supported_vs_unsupported/gen_demux.gen_aw_id_counter.i_aw_id_counter/gen_counters[23].mst_select_q_reg[23][0]/C
                            (rising edge-triggered cell FDCE clocked by clk_i  {rise@0.000ns fall@5.000ns period=10.000ns})
  Destination:            i_kecc_aes_k_axi_top/kecc_aes_k_axi_reg_top_i/u_keccak_data_9/q_reg[58]/D
                            (rising edge-triggered cell FDCE clocked by clk_i  {rise@0.000ns fall@5.000ns period=10.000ns})
  Path Group:             clk_i
  Path Type:              Setup (Max at Slow Process Corner)
  Requirement:            10.000ns  (clk_i rise@10.000ns - clk_i rise@0.000ns)
  Data Path Delay:        11.172ns  (logic 2.461ns (22.028%)  route 8.711ns (77.972%))
  Logic Levels:           16  (LUT3=1 LUT5=8 LUT6=5 MUXF7=1 MUXF8=1)
  Clock Path Skew:        -0.039ns (DCD - SCD + CPR)
    Destination Clock Delay (DCD):    0.748ns = ( 10.748 - 10.000 ) 
    Source Clock Delay      (SCD):    0.787ns
    Clock Pessimism Removal (CPR):    0.000ns
  Clock Uncertainty:      0.035ns  ((TSJ^2 + TIJ^2)^1/2 + DJ) / 2 + PE
    Total System Jitter     (TSJ):    0.071ns
    Total Input Jitter      (TIJ):    0.000ns
    Discrete Jitter          (DJ):    0.000ns
    Phase Error              (PE):    0.000ns

    Location             Delay type                Incr(ns)  Path(ns)    Netlist Resource(s)
  -------------------------------------------------------------------    -------------------
                         (clock clk_i rise edge)      0.000     0.000 r  
                                                      0.000     0.000 r  clk_i (IN)
                         net (fo=4843, unset)         0.787     0.787    i_kecc_aes_k_axi_top/i_axi2reg/i_axi_to_axi_lite/i_axi_burst_splitter/i_demux_supported_vs_unsupported/gen_demux.gen_aw_id_counter.i_aw_id_counter/clk_i
    SLICE_X54Y143        FDCE                                         r  i_kecc_aes_k_axi_top/i_axi2reg/i_axi_to_axi_lite/i_axi_burst_splitter/i_demux_supported_vs_unsupported/gen_demux.gen_aw_id_counter.i_aw_id_counter/gen_counters[23].mst_select_q_reg[23][0]/C
  -------------------------------------------------------------------    -------------------
    SLICE_X54Y143        FDCE (Prop_fdce_C_Q)         0.398     1.185 f  i_kecc_aes_k_axi_top/i_axi2reg/i_axi_to_axi_lite/i_axi_burst_splitter/i_demux_supported_vs_unsupported/gen_demux.gen_aw_id_counter.i_aw_id_counter/gen_counters[23].mst_select_q_reg[23][0]/Q
                         net (fo=2, estimated)        0.674     1.859    i_kecc_aes_k_axi_top/i_axi2reg/i_axi_to_axi_lite/i_axi_burst_splitter/i_demux_supported_vs_unsupported/gen_demux.gen_aw_id_counter.i_aw_id_counter/gen_counters[23].mst_select_q_reg[23]_8
    SLICE_X53Y143        LUT6 (Prop_lut6_I0_O)        0.232     2.091 f  i_kecc_aes_k_axi_top/i_axi2reg/i_axi_to_axi_lite/i_axi_burst_splitter/i_demux_supported_vs_unsupported/gen_demux.gen_aw_id_counter.i_aw_id_counter/i___34_i_36/O
                         net (fo=1, routed)           0.000     2.091    i_kecc_aes_k_axi_top/i_axi2reg/i_axi_to_axi_lite/i_axi_burst_splitter/i_demux_supported_vs_unsupported/gen_demux.gen_aw_id_counter.i_aw_id_counter/i___34_i_36_n_0
    SLICE_X53Y143        MUXF7 (Prop_muxf7_I1_O)      0.206     2.297 f  i_kecc_aes_k_axi_top/i_axi2reg/i_axi_to_axi_lite/i_axi_burst_splitter/i_demux_supported_vs_unsupported/gen_demux.gen_aw_id_counter.i_aw_id_counter/i___34_i_15/O
                         net (fo=1, routed)           0.000     2.297    i_kecc_aes_k_axi_top/i_axi2reg/i_axi_to_axi_lite/i_axi_burst_splitter/i_demux_supported_vs_unsupported/gen_demux.gen_aw_id_counter.i_aw_id_counter/i___34_i_15_n_0
    SLICE_X53Y143        MUXF8 (Prop_muxf8_I0_O)      0.085     2.382 f  i_kecc_aes_k_axi_top/i_axi2reg/i_axi_to_axi_lite/i_axi_burst_splitter/i_demux_supported_vs_unsupported/gen_demux.gen_aw_id_counter.i_aw_id_counter/i___34_i_5/O
                         net (fo=1, estimated)        0.687     3.069    i_kecc_aes_k_axi_top/i_axi2reg/i_axi_to_axi_lite/i_axi_burst_splitter/i_demux_supported_vs_unsupported/gen_demux.gen_aw_id_counter.i_aw_id_counter/gen_counters[3].i_in_flight_cnt/i___34
    SLICE_X52Y144        LUT6 (Prop_lut6_I1_O)        0.264     3.333 r  i_kecc_aes_k_axi_top/i_axi2reg/i_axi_to_axi_lite/i_axi_burst_splitter/i_demux_supported_vs_unsupported/gen_demux.gen_aw_id_counter.i_aw_id_counter/gen_counters[3].i_in_flight_cnt/i___34_i_1/O
                         net (fo=2, estimated)        0.664     3.997    i_kecc_aes_k_axi_top/i_axi2reg/i_axi_to_axi_lite_n_170
    SLICE_X55Y144        LUT5 (Prop_lut5_I0_O)        0.105     4.102 r  i_kecc_aes_k_axi_top/i_axi2reg/i___83/O
                         net (fo=4, estimated)        0.371     4.473    i_kecc_aes_k_axi_top/i_axi2reg/i_axi_to_axi_lite/i_axi_burst_splitter/i_demux_supported_vs_unsupported/gen_demux.gen_aw_id_counter.i_aw_id_counter/gen_counters[3].i_in_flight_cnt/gen_demux.lock_aw_valid_q_reg_2
    SLICE_X55Y144        LUT5 (Prop_lut5_I2_O)        0.105     4.578 r  i_kecc_aes_k_axi_top/i_axi2reg/i_axi_to_axi_lite/i_axi_burst_splitter/i_demux_supported_vs_unsupported/gen_demux.gen_aw_id_counter.i_aw_id_counter/gen_counters[3].i_in_flight_cnt/i___30_i_4/O
                         net (fo=21, estimated)       0.292     4.870    i_kecc_aes_k_axi_top/i_axi2reg/i_axi_burst_splitter/i_axi_burst_splitter_aw_chan/state_d0
    SLICE_X54Y145        LUT5 (Prop_lut5_I4_O)        0.105     4.975 f  i_kecc_aes_k_axi_top/i_axi2reg/i___2_i_3/O
                         net (fo=2, estimated)        0.235     5.210    i_kecc_aes_k_axi_top/i_axi2reg/i___2_i_3_n_0
    SLICE_X55Y146        LUT5 (Prop_lut5_I2_O)        0.105     5.315 f  i_kecc_aes_k_axi_top/i_axi2reg/i___4_i_1/O
                         net (fo=3, estimated)        0.135     5.450    i_kecc_aes_k_axi_top/i_axi2reg/i___4_i_1_n_0
    SLICE_X55Y146        LUT6 (Prop_lut6_I0_O)        0.105     5.555 f  i_kecc_aes_k_axi_top/i_axi2reg/i___2_i_2/O
                         net (fo=32, estimated)       0.570     6.125    i_kecc_aes_k_axi_top/i_axi2reg/i___2_i_2_n_0
    SLICE_X59Y151        LUT5 (Prop_lut5_I3_O)        0.105     6.230 r  i_kecc_aes_k_axi_top/i_axi2reg/mem_q[0][data][63]_i_27/O
                         net (fo=15, estimated)       0.704     6.934    i_kecc_aes_k_axi_top/i_axi2reg/i_axi_lite_to_reg/i_fifo_read/reg_req_i[addr][6]
    SLICE_X58Y151        LUT5 (Prop_lut5_I0_O)        0.105     7.039 r  i_kecc_aes_k_axi_top/i_axi2reg/i_axi_lite_to_reg/i_fifo_read/q[63]_i_8/O
                         net (fo=20, estimated)       0.603     7.642    i_kecc_aes_k_axi_top/i_axi2reg/i_axi_lite_to_reg/i_fifo_read/q[63]_i_8_n_0
    SLICE_X59Y151        LUT5 (Prop_lut5_I0_O)        0.105     7.747 r  i_kecc_aes_k_axi_top/i_axi2reg/i_axi_lite_to_reg/i_fifo_read/q[63]_i_2__3/O
                         net (fo=65, estimated)       0.761     8.508    i_kecc_aes_k_axi_top/i_axi2reg/i_axi_lite_to_reg/i_fifo_read/mem_q_reg[1][5]_2
    SLICE_X54Y156        LUT5 (Prop_lut5_I2_O)        0.105     8.613 r  i_kecc_aes_k_axi_top/i_axi2reg/i_axi_lite_to_reg/i_fifo_read/mem_q[0][error]_i_20/O
                         net (fo=1, estimated)        0.693     9.306    i_kecc_aes_k_axi_top/i_axi2reg/i_axi_lite_to_reg/i_fifo_read/mem_q[0][error]_i_20_n_0
    SLICE_X50Y161        LUT6 (Prop_lut6_I0_O)        0.105     9.411 r  i_kecc_aes_k_axi_top/i_axi2reg/i_axi_lite_to_reg/i_fifo_read/mem_q[0][error]_i_7/O
                         net (fo=33, estimated)       0.572     9.983    i_kecc_aes_k_axi_top/i_axi2reg/i_axi_lite_to_reg/i_fifo_read/mem_q[0][error]_i_7_n_0
    SLICE_X40Y160        LUT6 (Prop_lut6_I4_O)        0.105    10.088 f  i_kecc_aes_k_axi_top/i_axi2reg/i_axi_lite_to_reg/i_fifo_read/q[63]_i_3__13/O
                         net (fo=65, estimated)       1.051    11.139    i_kecc_aes_k_axi_top/i_axi2reg/i_axi_lite_to_reg/i_fifo_write_req/keccak_data_9_we
    SLICE_X34Y156        LUT3 (Prop_lut3_I2_O)        0.121    11.260 r  i_kecc_aes_k_axi_top/i_axi2reg/i_axi_lite_to_reg/i_fifo_write_req/wr_en_data_arb/q[58]_i_1__8/O
                         net (fo=1, estimated)        0.699    11.959    i_kecc_aes_k_axi_top/kecc_aes_k_axi_reg_top_i/u_keccak_data_9/q_reg[63]_1[58]
    SLICE_X35Y156        FDCE                                         r  i_kecc_aes_k_axi_top/kecc_aes_k_axi_reg_top_i/u_keccak_data_9/q_reg[58]/D
  -------------------------------------------------------------------    -------------------

                         (clock clk_i rise edge)     10.000    10.000 r  
                                                      0.000    10.000 r  clk_i (IN)
                         net (fo=4843, unset)         0.748    10.748    i_kecc_aes_k_axi_top/kecc_aes_k_axi_reg_top_i/u_keccak_data_9/clk_i
    SLICE_X35Y156        FDCE                                         r  i_kecc_aes_k_axi_top/kecc_aes_k_axi_reg_top_i/u_keccak_data_9/q_reg[58]/C
                         clock pessimism              0.000    10.748    
                         clock uncertainty           -0.035    10.712    
    SLICE_X35Y156        FDCE (Setup_fdce_C_D)       -0.253    10.459    i_kecc_aes_k_axi_top/kecc_aes_k_axi_reg_top_i/u_keccak_data_9/q_reg[58]
  -------------------------------------------------------------------
                         required time                         10.459    
                         arrival time                         -11.959    
  -------------------------------------------------------------------
                         slack                                 -1.500    

Slack (VIOLATED) :        -1.500ns  (required time - arrival time)
  Source:                 i_kecc_aes_k_axi_top/i_axi2reg/i_axi_to_axi_lite/i_axi_burst_splitter/i_demux_supported_vs_unsupported/gen_demux.gen_aw_id_counter.i_aw_id_counter/gen_counters[23].mst_select_q_reg[23][0]/C
                            (rising edge-triggered cell FDCE clocked by clk_i  {rise@0.000ns fall@5.000ns period=10.000ns})
  Destination:            i_kecc_aes_k_axi_top/kecc_aes_k_axi_reg_top_i/u_keccak_data_9/q_reg[58]/D
                            (rising edge-triggered cell FDCE clocked by clk_i  {rise@0.000ns fall@5.000ns period=10.000ns})
  Path Group:             clk_i
  Path Type:              Setup (Max at Slow Process Corner)
  Requirement:            10.000ns  (clk_i rise@10.000ns - clk_i rise@0.000ns)
  Data Path Delay:        11.172ns  (logic 2.461ns (22.028%)  route 8.711ns (77.972%))
  Logic Levels:           16  (LUT3=1 LUT5=8 LUT6=5 MUXF7=1 MUXF8=1)
  Clock Path Skew:        -0.039ns (DCD - SCD + CPR)
    Destination Clock Delay (DCD):    0.748ns = ( 10.748 - 10.000 ) 
    Source Clock Delay      (SCD):    0.787ns
    Clock Pessimism Removal (CPR):    0.000ns
  Clock Uncertainty:      0.035ns  ((TSJ^2 + TIJ^2)^1/2 + DJ) / 2 + PE
    Total System Jitter     (TSJ):    0.071ns
    Total Input Jitter      (TIJ):    0.000ns
    Discrete Jitter          (DJ):    0.000ns
    Phase Error              (PE):    0.000ns

    Location             Delay type                Incr(ns)  Path(ns)    Netlist Resource(s)
  -------------------------------------------------------------------    -------------------
                         (clock clk_i rise edge)      0.000     0.000 r  
                                                      0.000     0.000 r  clk_i (IN)
                         net (fo=4843, unset)         0.787     0.787    i_kecc_aes_k_axi_top/i_axi2reg/i_axi_to_axi_lite/i_axi_burst_splitter/i_demux_supported_vs_unsupported/gen_demux.gen_aw_id_counter.i_aw_id_counter/clk_i
    SLICE_X54Y143        FDCE                                         r  i_kecc_aes_k_axi_top/i_axi2reg/i_axi_to_axi_lite/i_axi_burst_splitter/i_demux_supported_vs_unsupported/gen_demux.gen_aw_id_counter.i_aw_id_counter/gen_counters[23].mst_select_q_reg[23][0]/C
  -------------------------------------------------------------------    -------------------
    SLICE_X54Y143        FDCE (Prop_fdce_C_Q)         0.398     1.185 r  i_kecc_aes_k_axi_top/i_axi2reg/i_axi_to_axi_lite/i_axi_burst_splitter/i_demux_supported_vs_unsupported/gen_demux.gen_aw_id_counter.i_aw_id_counter/gen_counters[23].mst_select_q_reg[23][0]/Q
                         net (fo=2, estimated)        0.674     1.859    i_kecc_aes_k_axi_top/i_axi2reg/i_axi_to_axi_lite/i_axi_burst_splitter/i_demux_supported_vs_unsupported/gen_demux.gen_aw_id_counter.i_aw_id_counter/gen_counters[23].mst_select_q_reg[23]_8
    SLICE_X53Y143        LUT6 (Prop_lut6_I0_O)        0.232     2.091 r  i_kecc_aes_k_axi_top/i_axi2reg/i_axi_to_axi_lite/i_axi_burst_splitter/i_demux_supported_vs_unsupported/gen_demux.gen_aw_id_counter.i_aw_id_counter/i___34_i_36/O
                         net (fo=1, routed)           0.000     2.091    i_kecc_aes_k_axi_top/i_axi2reg/i_axi_to_axi_lite/i_axi_burst_splitter/i_demux_supported_vs_unsupported/gen_demux.gen_aw_id_counter.i_aw_id_counter/i___34_i_36_n_0
    SLICE_X53Y143        MUXF7 (Prop_muxf7_I1_O)      0.206     2.297 r  i_kecc_aes_k_axi_top/i_axi2reg/i_axi_to_axi_lite/i_axi_burst_splitter/i_demux_supported_vs_unsupported/gen_demux.gen_aw_id_counter.i_aw_id_counter/i___34_i_15/O
                         net (fo=1, routed)           0.000     2.297    i_kecc_aes_k_axi_top/i_axi2reg/i_axi_to_axi_lite/i_axi_burst_splitter/i_demux_supported_vs_unsupported/gen_demux.gen_aw_id_counter.i_aw_id_counter/i___34_i_15_n_0
    SLICE_X53Y143        MUXF8 (Prop_muxf8_I0_O)      0.085     2.382 r  i_kecc_aes_k_axi_top/i_axi2reg/i_axi_to_axi_lite/i_axi_burst_splitter/i_demux_supported_vs_unsupported/gen_demux.gen_aw_id_counter.i_aw_id_counter/i___34_i_5/O
                         net (fo=1, estimated)        0.687     3.069    i_kecc_aes_k_axi_top/i_axi2reg/i_axi_to_axi_lite/i_axi_burst_splitter/i_demux_supported_vs_unsupported/gen_demux.gen_aw_id_counter.i_aw_id_counter/gen_counters[3].i_in_flight_cnt/i___34
    SLICE_X52Y144        LUT6 (Prop_lut6_I1_O)        0.264     3.333 f  i_kecc_aes_k_axi_top/i_axi2reg/i_axi_to_axi_lite/i_axi_burst_splitter/i_demux_supported_vs_unsupported/gen_demux.gen_aw_id_counter.i_aw_id_counter/gen_counters[3].i_in_flight_cnt/i___34_i_1/O
                         net (fo=2, estimated)        0.664     3.997    i_kecc_aes_k_axi_top/i_axi2reg/i_axi_to_axi_lite_n_170
    SLICE_X55Y144        LUT5 (Prop_lut5_I0_O)        0.105     4.102 f  i_kecc_aes_k_axi_top/i_axi2reg/i___83/O
                         net (fo=4, estimated)        0.371     4.473    i_kecc_aes_k_axi_top/i_axi2reg/i_axi_to_axi_lite/i_axi_burst_splitter/i_demux_supported_vs_unsupported/gen_demux.gen_aw_id_counter.i_aw_id_counter/gen_counters[3].i_in_flight_cnt/gen_demux.lock_aw_valid_q_reg_2
    SLICE_X55Y144        LUT5 (Prop_lut5_I2_O)        0.105     4.578 f  i_kecc_aes_k_axi_top/i_axi2reg/i_axi_to_axi_lite/i_axi_burst_splitter/i_demux_supported_vs_unsupported/gen_demux.gen_aw_id_counter.i_aw_id_counter/gen_counters[3].i_in_flight_cnt/i___30_i_4/O
                         net (fo=21, estimated)       0.292     4.870    i_kecc_aes_k_axi_top/i_axi2reg/i_axi_burst_splitter/i_axi_burst_splitter_aw_chan/state_d0
    SLICE_X54Y145        LUT5 (Prop_lut5_I4_O)        0.105     4.975 r  i_kecc_aes_k_axi_top/i_axi2reg/i___2_i_3/O
                         net (fo=2, estimated)        0.235     5.210    i_kecc_aes_k_axi_top/i_axi2reg/i___2_i_3_n_0
    SLICE_X55Y146        LUT5 (Prop_lut5_I2_O)        0.105     5.315 r  i_kecc_aes_k_axi_top/i_axi2reg/i___4_i_1/O
                         net (fo=3, estimated)        0.135     5.450    i_kecc_aes_k_axi_top/i_axi2reg/i___4_i_1_n_0
    SLICE_X55Y146        LUT6 (Prop_lut6_I0_O)        0.105     5.555 r  i_kecc_aes_k_axi_top/i_axi2reg/i___2_i_2/O
                         net (fo=32, estimated)       0.570     6.125    i_kecc_aes_k_axi_top/i_axi2reg/i___2_i_2_n_0
    SLICE_X59Y151        LUT5 (Prop_lut5_I3_O)        0.105     6.230 f  i_kecc_aes_k_axi_top/i_axi2reg/mem_q[0][data][63]_i_27/O
                         net (fo=15, estimated)       0.704     6.934    i_kecc_aes_k_axi_top/i_axi2reg/i_axi_lite_to_reg/i_fifo_read/reg_req_i[addr][6]
    SLICE_X58Y151        LUT5 (Prop_lut5_I0_O)        0.105     7.039 f  i_kecc_aes_k_axi_top/i_axi2reg/i_axi_lite_to_reg/i_fifo_read/q[63]_i_8/O
                         net (fo=20, estimated)       0.603     7.642    i_kecc_aes_k_axi_top/i_axi2reg/i_axi_lite_to_reg/i_fifo_read/q[63]_i_8_n_0
    SLICE_X59Y151        LUT5 (Prop_lut5_I0_O)        0.105     7.747 f  i_kecc_aes_k_axi_top/i_axi2reg/i_axi_lite_to_reg/i_fifo_read/q[63]_i_2__3/O
                         net (fo=65, estimated)       0.761     8.508    i_kecc_aes_k_axi_top/i_axi2reg/i_axi_lite_to_reg/i_fifo_read/mem_q_reg[1][5]_2
    SLICE_X54Y156        LUT5 (Prop_lut5_I2_O)        0.105     8.613 f  i_kecc_aes_k_axi_top/i_axi2reg/i_axi_lite_to_reg/i_fifo_read/mem_q[0][error]_i_20/O
                         net (fo=1, estimated)        0.693     9.306    i_kecc_aes_k_axi_top/i_axi2reg/i_axi_lite_to_reg/i_fifo_read/mem_q[0][error]_i_20_n_0
    SLICE_X50Y161        LUT6 (Prop_lut6_I0_O)        0.105     9.411 f  i_kecc_aes_k_axi_top/i_axi2reg/i_axi_lite_to_reg/i_fifo_read/mem_q[0][error]_i_7/O
                         net (fo=33, estimated)       0.572     9.983    i_kecc_aes_k_axi_top/i_axi2reg/i_axi_lite_to_reg/i_fifo_read/mem_q[0][error]_i_7_n_0
    SLICE_X40Y160        LUT6 (Prop_lut6_I4_O)        0.105    10.088 f  i_kecc_aes_k_axi_top/i_axi2reg/i_axi_lite_to_reg/i_fifo_read/q[63]_i_3__13/O
                         net (fo=65, estimated)       1.051    11.139    i_kecc_aes_k_axi_top/i_axi2reg/i_axi_lite_to_reg/i_fifo_write_req/keccak_data_9_we
    SLICE_X34Y156        LUT3 (Prop_lut3_I2_O)        0.121    11.260 r  i_kecc_aes_k_axi_top/i_axi2reg/i_axi_lite_to_reg/i_fifo_write_req/wr_en_data_arb/q[58]_i_1__8/O
                         net (fo=1, estimated)        0.699    11.959    i_kecc_aes_k_axi_top/kecc_aes_k_axi_reg_top_i/u_keccak_data_9/q_reg[63]_1[58]
    SLICE_X35Y156        FDCE                                         r  i_kecc_aes_k_axi_top/kecc_aes_k_axi_reg_top_i/u_keccak_data_9/q_reg[58]/D
  -------------------------------------------------------------------    -------------------

                         (clock clk_i rise edge)     10.000    10.000 r  
                                                      0.000    10.000 r  clk_i (IN)
                         net (fo=4843, unset)         0.748    10.748    i_kecc_aes_k_axi_top/kecc_aes_k_axi_reg_top_i/u_keccak_data_9/clk_i
    SLICE_X35Y156        FDCE                                         r  i_kecc_aes_k_axi_top/kecc_aes_k_axi_reg_top_i/u_keccak_data_9/q_reg[58]/C
                         clock pessimism              0.000    10.748    
                         clock uncertainty           -0.035    10.712    
    SLICE_X35Y156        FDCE (Setup_fdce_C_D)       -0.253    10.459    i_kecc_aes_k_axi_top/kecc_aes_k_axi_reg_top_i/u_keccak_data_9/q_reg[58]
  -------------------------------------------------------------------
                         required time                         10.459    
                         arrival time                         -11.959    
  -------------------------------------------------------------------
                         slack                                 -1.500    

Slack (VIOLATED) :        -1.500ns  (required time - arrival time)
  Source:                 i_kecc_aes_k_axi_top/i_axi2reg/i_axi_to_axi_lite/i_axi_burst_splitter/i_demux_supported_vs_unsupported/gen_demux.gen_aw_id_counter.i_aw_id_counter/gen_counters[23].mst_select_q_reg[23][0]/C
                            (rising edge-triggered cell FDCE clocked by clk_i  {rise@0.000ns fall@5.000ns period=10.000ns})
  Destination:            i_kecc_aes_k_axi_top/kecc_aes_k_axi_reg_top_i/u_keccak_data_9/q_reg[58]/D
                            (rising edge-triggered cell FDCE clocked by clk_i  {rise@0.000ns fall@5.000ns period=10.000ns})
  Path Group:             clk_i
  Path Type:              Setup (Max at Slow Process Corner)
  Requirement:            10.000ns  (clk_i rise@10.000ns - clk_i rise@0.000ns)
  Data Path Delay:        11.172ns  (logic 2.461ns (22.028%)  route 8.711ns (77.972%))
  Logic Levels:           16  (LUT3=1 LUT5=8 LUT6=5 MUXF7=1 MUXF8=1)
  Clock Path Skew:        -0.039ns (DCD - SCD + CPR)
    Destination Clock Delay (DCD):    0.748ns = ( 10.748 - 10.000 ) 
    Source Clock Delay      (SCD):    0.787ns
    Clock Pessimism Removal (CPR):    0.000ns
  Clock Uncertainty:      0.035ns  ((TSJ^2 + TIJ^2)^1/2 + DJ) / 2 + PE
    Total System Jitter     (TSJ):    0.071ns
    Total Input Jitter      (TIJ):    0.000ns
    Discrete Jitter          (DJ):    0.000ns
    Phase Error              (PE):    0.000ns

    Location             Delay type                Incr(ns)  Path(ns)    Netlist Resource(s)
  -------------------------------------------------------------------    -------------------
                         (clock clk_i rise edge)      0.000     0.000 r  
                                                      0.000     0.000 r  clk_i (IN)
                         net (fo=4843, unset)         0.787     0.787    i_kecc_aes_k_axi_top/i_axi2reg/i_axi_to_axi_lite/i_axi_burst_splitter/i_demux_supported_vs_unsupported/gen_demux.gen_aw_id_counter.i_aw_id_counter/clk_i
    SLICE_X54Y143        FDCE                                         r  i_kecc_aes_k_axi_top/i_axi2reg/i_axi_to_axi_lite/i_axi_burst_splitter/i_demux_supported_vs_unsupported/gen_demux.gen_aw_id_counter.i_aw_id_counter/gen_counters[23].mst_select_q_reg[23][0]/C
  -------------------------------------------------------------------    -------------------
    SLICE_X54Y143        FDCE (Prop_fdce_C_Q)         0.398     1.185 f  i_kecc_aes_k_axi_top/i_axi2reg/i_axi_to_axi_lite/i_axi_burst_splitter/i_demux_supported_vs_unsupported/gen_demux.gen_aw_id_counter.i_aw_id_counter/gen_counters[23].mst_select_q_reg[23][0]/Q
                         net (fo=2, estimated)        0.674     1.859    i_kecc_aes_k_axi_top/i_axi2reg/i_axi_to_axi_lite/i_axi_burst_splitter/i_demux_supported_vs_unsupported/gen_demux.gen_aw_id_counter.i_aw_id_counter/gen_counters[23].mst_select_q_reg[23]_8
    SLICE_X53Y143        LUT6 (Prop_lut6_I0_O)        0.232     2.091 f  i_kecc_aes_k_axi_top/i_axi2reg/i_axi_to_axi_lite/i_axi_burst_splitter/i_demux_supported_vs_unsupported/gen_demux.gen_aw_id_counter.i_aw_id_counter/i___34_i_36/O
                         net (fo=1, routed)           0.000     2.091    i_kecc_aes_k_axi_top/i_axi2reg/i_axi_to_axi_lite/i_axi_burst_splitter/i_demux_supported_vs_unsupported/gen_demux.gen_aw_id_counter.i_aw_id_counter/i___34_i_36_n_0
    SLICE_X53Y143        MUXF7 (Prop_muxf7_I1_O)      0.206     2.297 f  i_kecc_aes_k_axi_top/i_axi2reg/i_axi_to_axi_lite/i_axi_burst_splitter/i_demux_supported_vs_unsupported/gen_demux.gen_aw_id_counter.i_aw_id_counter/i___34_i_15/O
                         net (fo=1, routed)           0.000     2.297    i_kecc_aes_k_axi_top/i_axi2reg/i_axi_to_axi_lite/i_axi_burst_splitter/i_demux_supported_vs_unsupported/gen_demux.gen_aw_id_counter.i_aw_id_counter/i___34_i_15_n_0
    SLICE_X53Y143        MUXF8 (Prop_muxf8_I0_O)      0.085     2.382 f  i_kecc_aes_k_axi_top/i_axi2reg/i_axi_to_axi_lite/i_axi_burst_splitter/i_demux_supported_vs_unsupported/gen_demux.gen_aw_id_counter.i_aw_id_counter/i___34_i_5/O
                         net (fo=1, estimated)        0.687     3.069    i_kecc_aes_k_axi_top/i_axi2reg/i_axi_to_axi_lite/i_axi_burst_splitter/i_demux_supported_vs_unsupported/gen_demux.gen_aw_id_counter.i_aw_id_counter/gen_counters[3].i_in_flight_cnt/i___34
    SLICE_X52Y144        LUT6 (Prop_lut6_I1_O)        0.264     3.333 f  i_kecc_aes_k_axi_top/i_axi2reg/i_axi_to_axi_lite/i_axi_burst_splitter/i_demux_supported_vs_unsupported/gen_demux.gen_aw_id_counter.i_aw_id_counter/gen_counters[3].i_in_flight_cnt/i___34_i_1/O
                         net (fo=2, estimated)        0.664     3.997    i_kecc_aes_k_axi_top/i_axi2reg/i_axi_to_axi_lite_n_170
    SLICE_X55Y144        LUT5 (Prop_lut5_I0_O)        0.105     4.102 f  i_kecc_aes_k_axi_top/i_axi2reg/i___83/O
                         net (fo=4, estimated)        0.371     4.473    i_kecc_aes_k_axi_top/i_axi2reg/i_axi_to_axi_lite/i_axi_burst_splitter/i_demux_supported_vs_unsupported/gen_demux.gen_aw_id_counter.i_aw_id_counter/gen_counters[3].i_in_flight_cnt/gen_demux.lock_aw_valid_q_reg_2
    SLICE_X55Y144        LUT5 (Prop_lut5_I2_O)        0.105     4.578 f  i_kecc_aes_k_axi_top/i_axi2reg/i_axi_to_axi_lite/i_axi_burst_splitter/i_demux_supported_vs_unsupported/gen_demux.gen_aw_id_counter.i_aw_id_counter/gen_counters[3].i_in_flight_cnt/i___30_i_4/O
                         net (fo=21, estimated)       0.292     4.870    i_kecc_aes_k_axi_top/i_axi2reg/i_axi_burst_splitter/i_axi_burst_splitter_aw_chan/state_d0
    SLICE_X54Y145        LUT5 (Prop_lut5_I4_O)        0.105     4.975 r  i_kecc_aes_k_axi_top/i_axi2reg/i___2_i_3/O
                         net (fo=2, estimated)        0.235     5.210    i_kecc_aes_k_axi_top/i_axi2reg/i___2_i_3_n_0
    SLICE_X55Y146        LUT5 (Prop_lut5_I2_O)        0.105     5.315 r  i_kecc_aes_k_axi_top/i_axi2reg/i___4_i_1/O
                         net (fo=3, estimated)        0.135     5.450    i_kecc_aes_k_axi_top/i_axi2reg/i___4_i_1_n_0
    SLICE_X55Y146        LUT6 (Prop_lut6_I0_O)        0.105     5.555 r  i_kecc_aes_k_axi_top/i_axi2reg/i___2_i_2/O
                         net (fo=32, estimated)       0.570     6.125    i_kecc_aes_k_axi_top/i_axi2reg/i___2_i_2_n_0
    SLICE_X59Y151        LUT5 (Prop_lut5_I3_O)        0.105     6.230 f  i_kecc_aes_k_axi_top/i_axi2reg/mem_q[0][data][63]_i_27/O
                         net (fo=15, estimated)       0.704     6.934    i_kecc_aes_k_axi_top/i_axi2reg/i_axi_lite_to_reg/i_fifo_read/reg_req_i[addr][6]
    SLICE_X58Y151        LUT5 (Prop_lut5_I0_O)        0.105     7.039 f  i_kecc_aes_k_axi_top/i_axi2reg/i_axi_lite_to_reg/i_fifo_read/q[63]_i_8/O
                         net (fo=20, estimated)       0.603     7.642    i_kecc_aes_k_axi_top/i_axi2reg/i_axi_lite_to_reg/i_fifo_read/q[63]_i_8_n_0
    SLICE_X59Y151        LUT5 (Prop_lut5_I0_O)        0.105     7.747 f  i_kecc_aes_k_axi_top/i_axi2reg/i_axi_lite_to_reg/i_fifo_read/q[63]_i_2__3/O
                         net (fo=65, estimated)       0.761     8.508    i_kecc_aes_k_axi_top/i_axi2reg/i_axi_lite_to_reg/i_fifo_read/mem_q_reg[1][5]_2
    SLICE_X54Y156        LUT5 (Prop_lut5_I2_O)        0.105     8.613 f  i_kecc_aes_k_axi_top/i_axi2reg/i_axi_lite_to_reg/i_fifo_read/mem_q[0][error]_i_20/O
                         net (fo=1, estimated)        0.693     9.306    i_kecc_aes_k_axi_top/i_axi2reg/i_axi_lite_to_reg/i_fifo_read/mem_q[0][error]_i_20_n_0
    SLICE_X50Y161        LUT6 (Prop_lut6_I0_O)        0.105     9.411 f  i_kecc_aes_k_axi_top/i_axi2reg/i_axi_lite_to_reg/i_fifo_read/mem_q[0][error]_i_7/O
                         net (fo=33, estimated)       0.572     9.983    i_kecc_aes_k_axi_top/i_axi2reg/i_axi_lite_to_reg/i_fifo_read/mem_q[0][error]_i_7_n_0
    SLICE_X40Y160        LUT6 (Prop_lut6_I4_O)        0.105    10.088 f  i_kecc_aes_k_axi_top/i_axi2reg/i_axi_lite_to_reg/i_fifo_read/q[63]_i_3__13/O
                         net (fo=65, estimated)       1.051    11.139    i_kecc_aes_k_axi_top/i_axi2reg/i_axi_lite_to_reg/i_fifo_write_req/keccak_data_9_we
    SLICE_X34Y156        LUT3 (Prop_lut3_I2_O)        0.121    11.260 r  i_kecc_aes_k_axi_top/i_axi2reg/i_axi_lite_to_reg/i_fifo_write_req/wr_en_data_arb/q[58]_i_1__8/O
                         net (fo=1, estimated)        0.699    11.959    i_kecc_aes_k_axi_top/kecc_aes_k_axi_reg_top_i/u_keccak_data_9/q_reg[63]_1[58]
    SLICE_X35Y156        FDCE                                         r  i_kecc_aes_k_axi_top/kecc_aes_k_axi_reg_top_i/u_keccak_data_9/q_reg[58]/D
  -------------------------------------------------------------------    -------------------

                         (clock clk_i rise edge)     10.000    10.000 r  
                                                      0.000    10.000 r  clk_i (IN)
                         net (fo=4843, unset)         0.748    10.748    i_kecc_aes_k_axi_top/kecc_aes_k_axi_reg_top_i/u_keccak_data_9/clk_i
    SLICE_X35Y156        FDCE                                         r  i_kecc_aes_k_axi_top/kecc_aes_k_axi_reg_top_i/u_keccak_data_9/q_reg[58]/C
                         clock pessimism              0.000    10.748    
                         clock uncertainty           -0.035    10.712    
    SLICE_X35Y156        FDCE (Setup_fdce_C_D)       -0.253    10.459    i_kecc_aes_k_axi_top/kecc_aes_k_axi_reg_top_i/u_keccak_data_9/q_reg[58]
  -------------------------------------------------------------------
                         required time                         10.459    
                         arrival time                         -11.959    
  -------------------------------------------------------------------
                         slack                                 -1.500    

Slack (VIOLATED) :        -1.500ns  (required time - arrival time)
  Source:                 i_kecc_aes_k_axi_top/i_axi2reg/i_axi_to_axi_lite/i_axi_burst_splitter/i_demux_supported_vs_unsupported/gen_demux.gen_aw_id_counter.i_aw_id_counter/gen_counters[23].mst_select_q_reg[23][0]/C
                            (rising edge-triggered cell FDCE clocked by clk_i  {rise@0.000ns fall@5.000ns period=10.000ns})
  Destination:            i_kecc_aes_k_axi_top/kecc_aes_k_axi_reg_top_i/u_keccak_data_9/q_reg[58]/D
                            (rising edge-triggered cell FDCE clocked by clk_i  {rise@0.000ns fall@5.000ns period=10.000ns})
  Path Group:             clk_i
  Path Type:              Setup (Max at Slow Process Corner)
  Requirement:            10.000ns  (clk_i rise@10.000ns - clk_i rise@0.000ns)
  Data Path Delay:        11.172ns  (logic 2.461ns (22.028%)  route 8.711ns (77.972%))
  Logic Levels:           16  (LUT3=1 LUT5=8 LUT6=5 MUXF7=1 MUXF8=1)
  Clock Path Skew:        -0.039ns (DCD - SCD + CPR)
    Destination Clock Delay (DCD):    0.748ns = ( 10.748 - 10.000 ) 
    Source Clock Delay      (SCD):    0.787ns
    Clock Pessimism Removal (CPR):    0.000ns
  Clock Uncertainty:      0.035ns  ((TSJ^2 + TIJ^2)^1/2 + DJ) / 2 + PE
    Total System Jitter     (TSJ):    0.071ns
    Total Input Jitter      (TIJ):    0.000ns
    Discrete Jitter          (DJ):    0.000ns
    Phase Error              (PE):    0.000ns

    Location             Delay type                Incr(ns)  Path(ns)    Netlist Resource(s)
  -------------------------------------------------------------------    -------------------
                         (clock clk_i rise edge)      0.000     0.000 r  
                                                      0.000     0.000 r  clk_i (IN)
                         net (fo=4843, unset)         0.787     0.787    i_kecc_aes_k_axi_top/i_axi2reg/i_axi_to_axi_lite/i_axi_burst_splitter/i_demux_supported_vs_unsupported/gen_demux.gen_aw_id_counter.i_aw_id_counter/clk_i
    SLICE_X54Y143        FDCE                                         r  i_kecc_aes_k_axi_top/i_axi2reg/i_axi_to_axi_lite/i_axi_burst_splitter/i_demux_supported_vs_unsupported/gen_demux.gen_aw_id_counter.i_aw_id_counter/gen_counters[23].mst_select_q_reg[23][0]/C
  -------------------------------------------------------------------    -------------------
    SLICE_X54Y143        FDCE (Prop_fdce_C_Q)         0.398     1.185 r  i_kecc_aes_k_axi_top/i_axi2reg/i_axi_to_axi_lite/i_axi_burst_splitter/i_demux_supported_vs_unsupported/gen_demux.gen_aw_id_counter.i_aw_id_counter/gen_counters[23].mst_select_q_reg[23][0]/Q
                         net (fo=2, estimated)        0.674     1.859    i_kecc_aes_k_axi_top/i_axi2reg/i_axi_to_axi_lite/i_axi_burst_splitter/i_demux_supported_vs_unsupported/gen_demux.gen_aw_id_counter.i_aw_id_counter/gen_counters[23].mst_select_q_reg[23]_8
    SLICE_X53Y143        LUT6 (Prop_lut6_I0_O)        0.232     2.091 r  i_kecc_aes_k_axi_top/i_axi2reg/i_axi_to_axi_lite/i_axi_burst_splitter/i_demux_supported_vs_unsupported/gen_demux.gen_aw_id_counter.i_aw_id_counter/i___34_i_36/O
                         net (fo=1, routed)           0.000     2.091    i_kecc_aes_k_axi_top/i_axi2reg/i_axi_to_axi_lite/i_axi_burst_splitter/i_demux_supported_vs_unsupported/gen_demux.gen_aw_id_counter.i_aw_id_counter/i___34_i_36_n_0
    SLICE_X53Y143        MUXF7 (Prop_muxf7_I1_O)      0.206     2.297 r  i_kecc_aes_k_axi_top/i_axi2reg/i_axi_to_axi_lite/i_axi_burst_splitter/i_demux_supported_vs_unsupported/gen_demux.gen_aw_id_counter.i_aw_id_counter/i___34_i_15/O
                         net (fo=1, routed)           0.000     2.297    i_kecc_aes_k_axi_top/i_axi2reg/i_axi_to_axi_lite/i_axi_burst_splitter/i_demux_supported_vs_unsupported/gen_demux.gen_aw_id_counter.i_aw_id_counter/i___34_i_15_n_0
    SLICE_X53Y143        MUXF8 (Prop_muxf8_I0_O)      0.085     2.382 r  i_kecc_aes_k_axi_top/i_axi2reg/i_axi_to_axi_lite/i_axi_burst_splitter/i_demux_supported_vs_unsupported/gen_demux.gen_aw_id_counter.i_aw_id_counter/i___34_i_5/O
                         net (fo=1, estimated)        0.687     3.069    i_kecc_aes_k_axi_top/i_axi2reg/i_axi_to_axi_lite/i_axi_burst_splitter/i_demux_supported_vs_unsupported/gen_demux.gen_aw_id_counter.i_aw_id_counter/gen_counters[3].i_in_flight_cnt/i___34
    SLICE_X52Y144        LUT6 (Prop_lut6_I1_O)        0.264     3.333 r  i_kecc_aes_k_axi_top/i_axi2reg/i_axi_to_axi_lite/i_axi_burst_splitter/i_demux_supported_vs_unsupported/gen_demux.gen_aw_id_counter.i_aw_id_counter/gen_counters[3].i_in_flight_cnt/i___34_i_1/O
                         net (fo=2, estimated)        0.664     3.997    i_kecc_aes_k_axi_top/i_axi2reg/i_axi_to_axi_lite_n_170
    SLICE_X55Y144        LUT5 (Prop_lut5_I0_O)        0.105     4.102 r  i_kecc_aes_k_axi_top/i_axi2reg/i___83/O
                         net (fo=4, estimated)        0.371     4.473    i_kecc_aes_k_axi_top/i_axi2reg/i_axi_to_axi_lite/i_axi_burst_splitter/i_demux_supported_vs_unsupported/gen_demux.gen_aw_id_counter.i_aw_id_counter/gen_counters[3].i_in_flight_cnt/gen_demux.lock_aw_valid_q_reg_2
    SLICE_X55Y144        LUT5 (Prop_lut5_I2_O)        0.105     4.578 r  i_kecc_aes_k_axi_top/i_axi2reg/i_axi_to_axi_lite/i_axi_burst_splitter/i_demux_supported_vs_unsupported/gen_demux.gen_aw_id_counter.i_aw_id_counter/gen_counters[3].i_in_flight_cnt/i___30_i_4/O
                         net (fo=21, estimated)       0.292     4.870    i_kecc_aes_k_axi_top/i_axi2reg/i_axi_burst_splitter/i_axi_burst_splitter_aw_chan/state_d0
    SLICE_X54Y145        LUT5 (Prop_lut5_I4_O)        0.105     4.975 f  i_kecc_aes_k_axi_top/i_axi2reg/i___2_i_3/O
                         net (fo=2, estimated)        0.235     5.210    i_kecc_aes_k_axi_top/i_axi2reg/i___2_i_3_n_0
    SLICE_X55Y146        LUT5 (Prop_lut5_I2_O)        0.105     5.315 f  i_kecc_aes_k_axi_top/i_axi2reg/i___4_i_1/O
                         net (fo=3, estimated)        0.135     5.450    i_kecc_aes_k_axi_top/i_axi2reg/i___4_i_1_n_0
    SLICE_X55Y146        LUT6 (Prop_lut6_I0_O)        0.105     5.555 f  i_kecc_aes_k_axi_top/i_axi2reg/i___2_i_2/O
                         net (fo=32, estimated)       0.570     6.125    i_kecc_aes_k_axi_top/i_axi2reg/i___2_i_2_n_0
    SLICE_X59Y151        LUT5 (Prop_lut5_I3_O)        0.105     6.230 f  i_kecc_aes_k_axi_top/i_axi2reg/mem_q[0][data][63]_i_27/O
                         net (fo=15, estimated)       0.704     6.934    i_kecc_aes_k_axi_top/i_axi2reg/i_axi_lite_to_reg/i_fifo_read/reg_req_i[addr][6]
    SLICE_X58Y151        LUT5 (Prop_lut5_I0_O)        0.105     7.039 f  i_kecc_aes_k_axi_top/i_axi2reg/i_axi_lite_to_reg/i_fifo_read/q[63]_i_8/O
                         net (fo=20, estimated)       0.603     7.642    i_kecc_aes_k_axi_top/i_axi2reg/i_axi_lite_to_reg/i_fifo_read/q[63]_i_8_n_0
    SLICE_X59Y151        LUT5 (Prop_lut5_I0_O)        0.105     7.747 f  i_kecc_aes_k_axi_top/i_axi2reg/i_axi_lite_to_reg/i_fifo_read/q[63]_i_2__3/O
                         net (fo=65, estimated)       0.761     8.508    i_kecc_aes_k_axi_top/i_axi2reg/i_axi_lite_to_reg/i_fifo_read/mem_q_reg[1][5]_2
    SLICE_X54Y156        LUT5 (Prop_lut5_I2_O)        0.105     8.613 f  i_kecc_aes_k_axi_top/i_axi2reg/i_axi_lite_to_reg/i_fifo_read/mem_q[0][error]_i_20/O
                         net (fo=1, estimated)        0.693     9.306    i_kecc_aes_k_axi_top/i_axi2reg/i_axi_lite_to_reg/i_fifo_read/mem_q[0][error]_i_20_n_0
    SLICE_X50Y161        LUT6 (Prop_lut6_I0_O)        0.105     9.411 f  i_kecc_aes_k_axi_top/i_axi2reg/i_axi_lite_to_reg/i_fifo_read/mem_q[0][error]_i_7/O
                         net (fo=33, estimated)       0.572     9.983    i_kecc_aes_k_axi_top/i_axi2reg/i_axi_lite_to_reg/i_fifo_read/mem_q[0][error]_i_7_n_0
    SLICE_X40Y160        LUT6 (Prop_lut6_I4_O)        0.105    10.088 f  i_kecc_aes_k_axi_top/i_axi2reg/i_axi_lite_to_reg/i_fifo_read/q[63]_i_3__13/O
                         net (fo=65, estimated)       1.051    11.139    i_kecc_aes_k_axi_top/i_axi2reg/i_axi_lite_to_reg/i_fifo_write_req/keccak_data_9_we
    SLICE_X34Y156        LUT3 (Prop_lut3_I2_O)        0.121    11.260 r  i_kecc_aes_k_axi_top/i_axi2reg/i_axi_lite_to_reg/i_fifo_write_req/wr_en_data_arb/q[58]_i_1__8/O
                         net (fo=1, estimated)        0.699    11.959    i_kecc_aes_k_axi_top/kecc_aes_k_axi_reg_top_i/u_keccak_data_9/q_reg[63]_1[58]
    SLICE_X35Y156        FDCE                                         r  i_kecc_aes_k_axi_top/kecc_aes_k_axi_reg_top_i/u_keccak_data_9/q_reg[58]/D
  -------------------------------------------------------------------    -------------------

                         (clock clk_i rise edge)     10.000    10.000 r  
                                                      0.000    10.000 r  clk_i (IN)
                         net (fo=4843, unset)         0.748    10.748    i_kecc_aes_k_axi_top/kecc_aes_k_axi_reg_top_i/u_keccak_data_9/clk_i
    SLICE_X35Y156        FDCE                                         r  i_kecc_aes_k_axi_top/kecc_aes_k_axi_reg_top_i/u_keccak_data_9/q_reg[58]/C
                         clock pessimism              0.000    10.748    
                         clock uncertainty           -0.035    10.712    
    SLICE_X35Y156        FDCE (Setup_fdce_C_D)       -0.253    10.459    i_kecc_aes_k_axi_top/kecc_aes_k_axi_reg_top_i/u_keccak_data_9/q_reg[58]
  -------------------------------------------------------------------
                         required time                         10.459    
                         arrival time                         -11.959    
  -------------------------------------------------------------------
                         slack                                 -1.500    

Slack (VIOLATED) :        -1.500ns  (required time - arrival time)
  Source:                 i_kecc_aes_k_axi_top/i_axi2reg/i_axi_to_axi_lite/i_axi_burst_splitter/i_demux_supported_vs_unsupported/gen_demux.gen_aw_id_counter.i_aw_id_counter/gen_counters[23].mst_select_q_reg[23][0]/C
                            (rising edge-triggered cell FDCE clocked by clk_i  {rise@0.000ns fall@5.000ns period=10.000ns})
  Destination:            i_kecc_aes_k_axi_top/kecc_aes_k_axi_reg_top_i/u_keccak_data_9/q_reg[58]/D
                            (rising edge-triggered cell FDCE clocked by clk_i  {rise@0.000ns fall@5.000ns period=10.000ns})
  Path Group:             clk_i
  Path Type:              Setup (Max at Slow Process Corner)
  Requirement:            10.000ns  (clk_i rise@10.000ns - clk_i rise@0.000ns)
  Data Path Delay:        11.172ns  (logic 2.461ns (22.028%)  route 8.711ns (77.972%))
  Logic Levels:           16  (LUT3=1 LUT5=8 LUT6=5 MUXF7=1 MUXF8=1)
  Clock Path Skew:        -0.039ns (DCD - SCD + CPR)
    Destination Clock Delay (DCD):    0.748ns = ( 10.748 - 10.000 ) 
    Source Clock Delay      (SCD):    0.787ns
    Clock Pessimism Removal (CPR):    0.000ns
  Clock Uncertainty:      0.035ns  ((TSJ^2 + TIJ^2)^1/2 + DJ) / 2 + PE
    Total System Jitter     (TSJ):    0.071ns
    Total Input Jitter      (TIJ):    0.000ns
    Discrete Jitter          (DJ):    0.000ns
    Phase Error              (PE):    0.000ns

    Location             Delay type                Incr(ns)  Path(ns)    Netlist Resource(s)
  -------------------------------------------------------------------    -------------------
                         (clock clk_i rise edge)      0.000     0.000 r  
                                                      0.000     0.000 r  clk_i (IN)
                         net (fo=4843, unset)         0.787     0.787    i_kecc_aes_k_axi_top/i_axi2reg/i_axi_to_axi_lite/i_axi_burst_splitter/i_demux_supported_vs_unsupported/gen_demux.gen_aw_id_counter.i_aw_id_counter/clk_i
    SLICE_X54Y143        FDCE                                         r  i_kecc_aes_k_axi_top/i_axi2reg/i_axi_to_axi_lite/i_axi_burst_splitter/i_demux_supported_vs_unsupported/gen_demux.gen_aw_id_counter.i_aw_id_counter/gen_counters[23].mst_select_q_reg[23][0]/C
  -------------------------------------------------------------------    -------------------
    SLICE_X54Y143        FDCE (Prop_fdce_C_Q)         0.398     1.185 f  i_kecc_aes_k_axi_top/i_axi2reg/i_axi_to_axi_lite/i_axi_burst_splitter/i_demux_supported_vs_unsupported/gen_demux.gen_aw_id_counter.i_aw_id_counter/gen_counters[23].mst_select_q_reg[23][0]/Q
                         net (fo=2, estimated)        0.674     1.859    i_kecc_aes_k_axi_top/i_axi2reg/i_axi_to_axi_lite/i_axi_burst_splitter/i_demux_supported_vs_unsupported/gen_demux.gen_aw_id_counter.i_aw_id_counter/gen_counters[23].mst_select_q_reg[23]_8
    SLICE_X53Y143        LUT6 (Prop_lut6_I0_O)        0.232     2.091 f  i_kecc_aes_k_axi_top/i_axi2reg/i_axi_to_axi_lite/i_axi_burst_splitter/i_demux_supported_vs_unsupported/gen_demux.gen_aw_id_counter.i_aw_id_counter/i___34_i_36/O
                         net (fo=1, routed)           0.000     2.091    i_kecc_aes_k_axi_top/i_axi2reg/i_axi_to_axi_lite/i_axi_burst_splitter/i_demux_supported_vs_unsupported/gen_demux.gen_aw_id_counter.i_aw_id_counter/i___34_i_36_n_0
    SLICE_X53Y143        MUXF7 (Prop_muxf7_I1_O)      0.206     2.297 f  i_kecc_aes_k_axi_top/i_axi2reg/i_axi_to_axi_lite/i_axi_burst_splitter/i_demux_supported_vs_unsupported/gen_demux.gen_aw_id_counter.i_aw_id_counter/i___34_i_15/O
                         net (fo=1, routed)           0.000     2.297    i_kecc_aes_k_axi_top/i_axi2reg/i_axi_to_axi_lite/i_axi_burst_splitter/i_demux_supported_vs_unsupported/gen_demux.gen_aw_id_counter.i_aw_id_counter/i___34_i_15_n_0
    SLICE_X53Y143        MUXF8 (Prop_muxf8_I0_O)      0.085     2.382 f  i_kecc_aes_k_axi_top/i_axi2reg/i_axi_to_axi_lite/i_axi_burst_splitter/i_demux_supported_vs_unsupported/gen_demux.gen_aw_id_counter.i_aw_id_counter/i___34_i_5/O
                         net (fo=1, estimated)        0.687     3.069    i_kecc_aes_k_axi_top/i_axi2reg/i_axi_to_axi_lite/i_axi_burst_splitter/i_demux_supported_vs_unsupported/gen_demux.gen_aw_id_counter.i_aw_id_counter/gen_counters[3].i_in_flight_cnt/i___34
    SLICE_X52Y144        LUT6 (Prop_lut6_I1_O)        0.264     3.333 r  i_kecc_aes_k_axi_top/i_axi2reg/i_axi_to_axi_lite/i_axi_burst_splitter/i_demux_supported_vs_unsupported/gen_demux.gen_aw_id_counter.i_aw_id_counter/gen_counters[3].i_in_flight_cnt/i___34_i_1/O
                         net (fo=2, estimated)        0.664     3.997    i_kecc_aes_k_axi_top/i_axi2reg/i_axi_to_axi_lite_n_170
    SLICE_X55Y144        LUT5 (Prop_lut5_I0_O)        0.105     4.102 r  i_kecc_aes_k_axi_top/i_axi2reg/i___83/O
                         net (fo=4, estimated)        0.371     4.473    i_kecc_aes_k_axi_top/i_axi2reg/i_axi_to_axi_lite/i_axi_burst_splitter/i_demux_supported_vs_unsupported/gen_demux.gen_aw_id_counter.i_aw_id_counter/gen_counters[3].i_in_flight_cnt/gen_demux.lock_aw_valid_q_reg_2
    SLICE_X55Y144        LUT5 (Prop_lut5_I2_O)        0.105     4.578 r  i_kecc_aes_k_axi_top/i_axi2reg/i_axi_to_axi_lite/i_axi_burst_splitter/i_demux_supported_vs_unsupported/gen_demux.gen_aw_id_counter.i_aw_id_counter/gen_counters[3].i_in_flight_cnt/i___30_i_4/O
                         net (fo=21, estimated)       0.292     4.870    i_kecc_aes_k_axi_top/i_axi2reg/i_axi_burst_splitter/i_axi_burst_splitter_aw_chan/state_d0
    SLICE_X54Y145        LUT5 (Prop_lut5_I4_O)        0.105     4.975 f  i_kecc_aes_k_axi_top/i_axi2reg/i___2_i_3/O
                         net (fo=2, estimated)        0.235     5.210    i_kecc_aes_k_axi_top/i_axi2reg/i___2_i_3_n_0
    SLICE_X55Y146        LUT5 (Prop_lut5_I2_O)        0.105     5.315 f  i_kecc_aes_k_axi_top/i_axi2reg/i___4_i_1/O
                         net (fo=3, estimated)        0.135     5.450    i_kecc_aes_k_axi_top/i_axi2reg/i___4_i_1_n_0
    SLICE_X55Y146        LUT6 (Prop_lut6_I0_O)        0.105     5.555 f  i_kecc_aes_k_axi_top/i_axi2reg/i___2_i_2/O
                         net (fo=32, estimated)       0.570     6.125    i_kecc_aes_k_axi_top/i_axi2reg/i___2_i_2_n_0
    SLICE_X59Y151        LUT5 (Prop_lut5_I3_O)        0.105     6.230 f  i_kecc_aes_k_axi_top/i_axi2reg/mem_q[0][data][63]_i_27/O
                         net (fo=15, estimated)       0.704     6.934    i_kecc_aes_k_axi_top/i_axi2reg/i_axi_lite_to_reg/i_fifo_read/reg_req_i[addr][6]
    SLICE_X58Y151        LUT5 (Prop_lut5_I0_O)        0.105     7.039 f  i_kecc_aes_k_axi_top/i_axi2reg/i_axi_lite_to_reg/i_fifo_read/q[63]_i_8/O
                         net (fo=20, estimated)       0.603     7.642    i_kecc_aes_k_axi_top/i_axi2reg/i_axi_lite_to_reg/i_fifo_read/q[63]_i_8_n_0
    SLICE_X59Y151        LUT5 (Prop_lut5_I0_O)        0.105     7.747 f  i_kecc_aes_k_axi_top/i_axi2reg/i_axi_lite_to_reg/i_fifo_read/q[63]_i_2__3/O
                         net (fo=65, estimated)       0.761     8.508    i_kecc_aes_k_axi_top/i_axi2reg/i_axi_lite_to_reg/i_fifo_read/mem_q_reg[1][5]_2
    SLICE_X54Y156        LUT5 (Prop_lut5_I2_O)        0.105     8.613 f  i_kecc_aes_k_axi_top/i_axi2reg/i_axi_lite_to_reg/i_fifo_read/mem_q[0][error]_i_20/O
                         net (fo=1, estimated)        0.693     9.306    i_kecc_aes_k_axi_top/i_axi2reg/i_axi_lite_to_reg/i_fifo_read/mem_q[0][error]_i_20_n_0
    SLICE_X50Y161        LUT6 (Prop_lut6_I0_O)        0.105     9.411 f  i_kecc_aes_k_axi_top/i_axi2reg/i_axi_lite_to_reg/i_fifo_read/mem_q[0][error]_i_7/O
                         net (fo=33, estimated)       0.572     9.983    i_kecc_aes_k_axi_top/i_axi2reg/i_axi_lite_to_reg/i_fifo_read/mem_q[0][error]_i_7_n_0
    SLICE_X40Y160        LUT6 (Prop_lut6_I4_O)        0.105    10.088 f  i_kecc_aes_k_axi_top/i_axi2reg/i_axi_lite_to_reg/i_fifo_read/q[63]_i_3__13/O
                         net (fo=65, estimated)       1.051    11.139    i_kecc_aes_k_axi_top/i_axi2reg/i_axi_lite_to_reg/i_fifo_write_req/keccak_data_9_we
    SLICE_X34Y156        LUT3 (Prop_lut3_I2_O)        0.121    11.260 r  i_kecc_aes_k_axi_top/i_axi2reg/i_axi_lite_to_reg/i_fifo_write_req/wr_en_data_arb/q[58]_i_1__8/O
                         net (fo=1, estimated)        0.699    11.959    i_kecc_aes_k_axi_top/kecc_aes_k_axi_reg_top_i/u_keccak_data_9/q_reg[63]_1[58]
    SLICE_X35Y156        FDCE                                         r  i_kecc_aes_k_axi_top/kecc_aes_k_axi_reg_top_i/u_keccak_data_9/q_reg[58]/D
  -------------------------------------------------------------------    -------------------

                         (clock clk_i rise edge)     10.000    10.000 r  
                                                      0.000    10.000 r  clk_i (IN)
                         net (fo=4843, unset)         0.748    10.748    i_kecc_aes_k_axi_top/kecc_aes_k_axi_reg_top_i/u_keccak_data_9/clk_i
    SLICE_X35Y156        FDCE                                         r  i_kecc_aes_k_axi_top/kecc_aes_k_axi_reg_top_i/u_keccak_data_9/q_reg[58]/C
                         clock pessimism              0.000    10.748    
                         clock uncertainty           -0.035    10.712    
    SLICE_X35Y156        FDCE (Setup_fdce_C_D)       -0.253    10.459    i_kecc_aes_k_axi_top/kecc_aes_k_axi_reg_top_i/u_keccak_data_9/q_reg[58]
  -------------------------------------------------------------------
                         required time                         10.459    
                         arrival time                         -11.959    
  -------------------------------------------------------------------
                         slack                                 -1.500    

Slack (VIOLATED) :        -1.500ns  (required time - arrival time)
  Source:                 i_kecc_aes_k_axi_top/i_axi2reg/i_axi_to_axi_lite/i_axi_burst_splitter/i_demux_supported_vs_unsupported/gen_demux.gen_aw_id_counter.i_aw_id_counter/gen_counters[23].mst_select_q_reg[23][0]/C
                            (rising edge-triggered cell FDCE clocked by clk_i  {rise@0.000ns fall@5.000ns period=10.000ns})
  Destination:            i_kecc_aes_k_axi_top/kecc_aes_k_axi_reg_top_i/u_keccak_data_9/q_reg[58]/D
                            (rising edge-triggered cell FDCE clocked by clk_i  {rise@0.000ns fall@5.000ns period=10.000ns})
  Path Group:             clk_i
  Path Type:              Setup (Max at Slow Process Corner)
  Requirement:            10.000ns  (clk_i rise@10.000ns - clk_i rise@0.000ns)
  Data Path Delay:        11.172ns  (logic 2.461ns (22.028%)  route 8.711ns (77.972%))
  Logic Levels:           16  (LUT3=1 LUT5=8 LUT6=5 MUXF7=1 MUXF8=1)
  Clock Path Skew:        -0.039ns (DCD - SCD + CPR)
    Destination Clock Delay (DCD):    0.748ns = ( 10.748 - 10.000 ) 
    Source Clock Delay      (SCD):    0.787ns
    Clock Pessimism Removal (CPR):    0.000ns
  Clock Uncertainty:      0.035ns  ((TSJ^2 + TIJ^2)^1/2 + DJ) / 2 + PE
    Total System Jitter     (TSJ):    0.071ns
    Total Input Jitter      (TIJ):    0.000ns
    Discrete Jitter          (DJ):    0.000ns
    Phase Error              (PE):    0.000ns

    Location             Delay type                Incr(ns)  Path(ns)    Netlist Resource(s)
  -------------------------------------------------------------------    -------------------
                         (clock clk_i rise edge)      0.000     0.000 r  
                                                      0.000     0.000 r  clk_i (IN)
                         net (fo=4843, unset)         0.787     0.787    i_kecc_aes_k_axi_top/i_axi2reg/i_axi_to_axi_lite/i_axi_burst_splitter/i_demux_supported_vs_unsupported/gen_demux.gen_aw_id_counter.i_aw_id_counter/clk_i
    SLICE_X54Y143        FDCE                                         r  i_kecc_aes_k_axi_top/i_axi2reg/i_axi_to_axi_lite/i_axi_burst_splitter/i_demux_supported_vs_unsupported/gen_demux.gen_aw_id_counter.i_aw_id_counter/gen_counters[23].mst_select_q_reg[23][0]/C
  -------------------------------------------------------------------    -------------------
    SLICE_X54Y143        FDCE (Prop_fdce_C_Q)         0.398     1.185 r  i_kecc_aes_k_axi_top/i_axi2reg/i_axi_to_axi_lite/i_axi_burst_splitter/i_demux_supported_vs_unsupported/gen_demux.gen_aw_id_counter.i_aw_id_counter/gen_counters[23].mst_select_q_reg[23][0]/Q
                         net (fo=2, estimated)        0.674     1.859    i_kecc_aes_k_axi_top/i_axi2reg/i_axi_to_axi_lite/i_axi_burst_splitter/i_demux_supported_vs_unsupported/gen_demux.gen_aw_id_counter.i_aw_id_counter/gen_counters[23].mst_select_q_reg[23]_8
    SLICE_X53Y143        LUT6 (Prop_lut6_I0_O)        0.232     2.091 r  i_kecc_aes_k_axi_top/i_axi2reg/i_axi_to_axi_lite/i_axi_burst_splitter/i_demux_supported_vs_unsupported/gen_demux.gen_aw_id_counter.i_aw_id_counter/i___34_i_36/O
                         net (fo=1, routed)           0.000     2.091    i_kecc_aes_k_axi_top/i_axi2reg/i_axi_to_axi_lite/i_axi_burst_splitter/i_demux_supported_vs_unsupported/gen_demux.gen_aw_id_counter.i_aw_id_counter/i___34_i_36_n_0
    SLICE_X53Y143        MUXF7 (Prop_muxf7_I1_O)      0.206     2.297 r  i_kecc_aes_k_axi_top/i_axi2reg/i_axi_to_axi_lite/i_axi_burst_splitter/i_demux_supported_vs_unsupported/gen_demux.gen_aw_id_counter.i_aw_id_counter/i___34_i_15/O
                         net (fo=1, routed)           0.000     2.297    i_kecc_aes_k_axi_top/i_axi2reg/i_axi_to_axi_lite/i_axi_burst_splitter/i_demux_supported_vs_unsupported/gen_demux.gen_aw_id_counter.i_aw_id_counter/i___34_i_15_n_0
    SLICE_X53Y143        MUXF8 (Prop_muxf8_I0_O)      0.085     2.382 r  i_kecc_aes_k_axi_top/i_axi2reg/i_axi_to_axi_lite/i_axi_burst_splitter/i_demux_supported_vs_unsupported/gen_demux.gen_aw_id_counter.i_aw_id_counter/i___34_i_5/O
                         net (fo=1, estimated)        0.687     3.069    i_kecc_aes_k_axi_top/i_axi2reg/i_axi_to_axi_lite/i_axi_burst_splitter/i_demux_supported_vs_unsupported/gen_demux.gen_aw_id_counter.i_aw_id_counter/gen_counters[3].i_in_flight_cnt/i___34
    SLICE_X52Y144        LUT6 (Prop_lut6_I1_O)        0.264     3.333 f  i_kecc_aes_k_axi_top/i_axi2reg/i_axi_to_axi_lite/i_axi_burst_splitter/i_demux_supported_vs_unsupported/gen_demux.gen_aw_id_counter.i_aw_id_counter/gen_counters[3].i_in_flight_cnt/i___34_i_1/O
                         net (fo=2, estimated)        0.664     3.997    i_kecc_aes_k_axi_top/i_axi2reg/i_axi_to_axi_lite_n_170
    SLICE_X55Y144        LUT5 (Prop_lut5_I0_O)        0.105     4.102 f  i_kecc_aes_k_axi_top/i_axi2reg/i___83/O
                         net (fo=4, estimated)        0.371     4.473    i_kecc_aes_k_axi_top/i_axi2reg/i_axi_to_axi_lite/i_axi_burst_splitter/i_demux_supported_vs_unsupported/gen_demux.gen_aw_id_counter.i_aw_id_counter/gen_counters[3].i_in_flight_cnt/gen_demux.lock_aw_valid_q_reg_2
    SLICE_X55Y144        LUT5 (Prop_lut5_I2_O)        0.105     4.578 f  i_kecc_aes_k_axi_top/i_axi2reg/i_axi_to_axi_lite/i_axi_burst_splitter/i_demux_supported_vs_unsupported/gen_demux.gen_aw_id_counter.i_aw_id_counter/gen_counters[3].i_in_flight_cnt/i___30_i_4/O
                         net (fo=21, estimated)       0.292     4.870    i_kecc_aes_k_axi_top/i_axi2reg/i_axi_burst_splitter/i_axi_burst_splitter_aw_chan/state_d0
    SLICE_X54Y145        LUT5 (Prop_lut5_I4_O)        0.105     4.975 r  i_kecc_aes_k_axi_top/i_axi2reg/i___2_i_3/O
                         net (fo=2, estimated)        0.235     5.210    i_kecc_aes_k_axi_top/i_axi2reg/i___2_i_3_n_0
    SLICE_X55Y146        LUT5 (Prop_lut5_I2_O)        0.105     5.315 r  i_kecc_aes_k_axi_top/i_axi2reg/i___4_i_1/O
                         net (fo=3, estimated)        0.135     5.450    i_kecc_aes_k_axi_top/i_axi2reg/i___4_i_1_n_0
    SLICE_X55Y146        LUT6 (Prop_lut6_I0_O)        0.105     5.555 r  i_kecc_aes_k_axi_top/i_axi2reg/i___2_i_2/O
                         net (fo=32, estimated)       0.570     6.125    i_kecc_aes_k_axi_top/i_axi2reg/i___2_i_2_n_0
    SLICE_X59Y151        LUT5 (Prop_lut5_I3_O)        0.105     6.230 r  i_kecc_aes_k_axi_top/i_axi2reg/mem_q[0][data][63]_i_27/O
                         net (fo=15, estimated)       0.704     6.934    i_kecc_aes_k_axi_top/i_axi2reg/i_axi_lite_to_reg/i_fifo_read/reg_req_i[addr][6]
    SLICE_X58Y151        LUT5 (Prop_lut5_I0_O)        0.105     7.039 r  i_kecc_aes_k_axi_top/i_axi2reg/i_axi_lite_to_reg/i_fifo_read/q[63]_i_8/O
                         net (fo=20, estimated)       0.603     7.642    i_kecc_aes_k_axi_top/i_axi2reg/i_axi_lite_to_reg/i_fifo_read/q[63]_i_8_n_0
    SLICE_X59Y151        LUT5 (Prop_lut5_I0_O)        0.105     7.747 r  i_kecc_aes_k_axi_top/i_axi2reg/i_axi_lite_to_reg/i_fifo_read/q[63]_i_2__3/O
                         net (fo=65, estimated)       0.761     8.508    i_kecc_aes_k_axi_top/i_axi2reg/i_axi_lite_to_reg/i_fifo_read/mem_q_reg[1][5]_2
    SLICE_X54Y156        LUT5 (Prop_lut5_I2_O)        0.105     8.613 r  i_kecc_aes_k_axi_top/i_axi2reg/i_axi_lite_to_reg/i_fifo_read/mem_q[0][error]_i_20/O
                         net (fo=1, estimated)        0.693     9.306    i_kecc_aes_k_axi_top/i_axi2reg/i_axi_lite_to_reg/i_fifo_read/mem_q[0][error]_i_20_n_0
    SLICE_X50Y161        LUT6 (Prop_lut6_I0_O)        0.105     9.411 r  i_kecc_aes_k_axi_top/i_axi2reg/i_axi_lite_to_reg/i_fifo_read/mem_q[0][error]_i_7/O
                         net (fo=33, estimated)       0.572     9.983    i_kecc_aes_k_axi_top/i_axi2reg/i_axi_lite_to_reg/i_fifo_read/mem_q[0][error]_i_7_n_0
    SLICE_X40Y160        LUT6 (Prop_lut6_I4_O)        0.105    10.088 r  i_kecc_aes_k_axi_top/i_axi2reg/i_axi_lite_to_reg/i_fifo_read/q[63]_i_3__13/O
                         net (fo=65, estimated)       1.051    11.139    i_kecc_aes_k_axi_top/i_axi2reg/i_axi_lite_to_reg/i_fifo_write_req/keccak_data_9_we
    SLICE_X34Y156        LUT3 (Prop_lut3_I2_O)        0.121    11.260 f  i_kecc_aes_k_axi_top/i_axi2reg/i_axi_lite_to_reg/i_fifo_write_req/wr_en_data_arb/q[58]_i_1__8/O
                         net (fo=1, estimated)        0.699    11.959    i_kecc_aes_k_axi_top/kecc_aes_k_axi_reg_top_i/u_keccak_data_9/q_reg[63]_1[58]
    SLICE_X35Y156        FDCE                                         f  i_kecc_aes_k_axi_top/kecc_aes_k_axi_reg_top_i/u_keccak_data_9/q_reg[58]/D
  -------------------------------------------------------------------    -------------------

                         (clock clk_i rise edge)     10.000    10.000 r  
                                                      0.000    10.000 r  clk_i (IN)
                         net (fo=4843, unset)         0.748    10.748    i_kecc_aes_k_axi_top/kecc_aes_k_axi_reg_top_i/u_keccak_data_9/clk_i
    SLICE_X35Y156        FDCE                                         r  i_kecc_aes_k_axi_top/kecc_aes_k_axi_reg_top_i/u_keccak_data_9/q_reg[58]/C
                         clock pessimism              0.000    10.748    
                         clock uncertainty           -0.035    10.712    
    SLICE_X35Y156        FDCE (Setup_fdce_C_D)       -0.253    10.459    i_kecc_aes_k_axi_top/kecc_aes_k_axi_reg_top_i/u_keccak_data_9/q_reg[58]
  -------------------------------------------------------------------
                         required time                         10.459    
                         arrival time                         -11.959    
  -------------------------------------------------------------------
                         slack                                 -1.500    

Slack (VIOLATED) :        -1.500ns  (required time - arrival time)
  Source:                 i_kecc_aes_k_axi_top/i_axi2reg/i_axi_to_axi_lite/i_axi_burst_splitter/i_demux_supported_vs_unsupported/gen_demux.gen_aw_id_counter.i_aw_id_counter/gen_counters[23].mst_select_q_reg[23][0]/C
                            (rising edge-triggered cell FDCE clocked by clk_i  {rise@0.000ns fall@5.000ns period=10.000ns})
  Destination:            i_kecc_aes_k_axi_top/kecc_aes_k_axi_reg_top_i/u_keccak_data_9/q_reg[58]/D
                            (rising edge-triggered cell FDCE clocked by clk_i  {rise@0.000ns fall@5.000ns period=10.000ns})
  Path Group:             clk_i
  Path Type:              Setup (Max at Slow Process Corner)
  Requirement:            10.000ns  (clk_i rise@10.000ns - clk_i rise@0.000ns)
  Data Path Delay:        11.172ns  (logic 2.461ns (22.028%)  route 8.711ns (77.972%))
  Logic Levels:           16  (LUT3=1 LUT5=8 LUT6=5 MUXF7=1 MUXF8=1)
  Clock Path Skew:        -0.039ns (DCD - SCD + CPR)
    Destination Clock Delay (DCD):    0.748ns = ( 10.748 - 10.000 ) 
    Source Clock Delay      (SCD):    0.787ns
    Clock Pessimism Removal (CPR):    0.000ns
  Clock Uncertainty:      0.035ns  ((TSJ^2 + TIJ^2)^1/2 + DJ) / 2 + PE
    Total System Jitter     (TSJ):    0.071ns
    Total Input Jitter      (TIJ):    0.000ns
    Discrete Jitter          (DJ):    0.000ns
    Phase Error              (PE):    0.000ns

    Location             Delay type                Incr(ns)  Path(ns)    Netlist Resource(s)
  -------------------------------------------------------------------    -------------------
                         (clock clk_i rise edge)      0.000     0.000 r  
                                                      0.000     0.000 r  clk_i (IN)
                         net (fo=4843, unset)         0.787     0.787    i_kecc_aes_k_axi_top/i_axi2reg/i_axi_to_axi_lite/i_axi_burst_splitter/i_demux_supported_vs_unsupported/gen_demux.gen_aw_id_counter.i_aw_id_counter/clk_i
    SLICE_X54Y143        FDCE                                         r  i_kecc_aes_k_axi_top/i_axi2reg/i_axi_to_axi_lite/i_axi_burst_splitter/i_demux_supported_vs_unsupported/gen_demux.gen_aw_id_counter.i_aw_id_counter/gen_counters[23].mst_select_q_reg[23][0]/C
  -------------------------------------------------------------------    -------------------
    SLICE_X54Y143        FDCE (Prop_fdce_C_Q)         0.398     1.185 f  i_kecc_aes_k_axi_top/i_axi2reg/i_axi_to_axi_lite/i_axi_burst_splitter/i_demux_supported_vs_unsupported/gen_demux.gen_aw_id_counter.i_aw_id_counter/gen_counters[23].mst_select_q_reg[23][0]/Q
                         net (fo=2, estimated)        0.674     1.859    i_kecc_aes_k_axi_top/i_axi2reg/i_axi_to_axi_lite/i_axi_burst_splitter/i_demux_supported_vs_unsupported/gen_demux.gen_aw_id_counter.i_aw_id_counter/gen_counters[23].mst_select_q_reg[23]_8
    SLICE_X53Y143        LUT6 (Prop_lut6_I0_O)        0.232     2.091 f  i_kecc_aes_k_axi_top/i_axi2reg/i_axi_to_axi_lite/i_axi_burst_splitter/i_demux_supported_vs_unsupported/gen_demux.gen_aw_id_counter.i_aw_id_counter/i___34_i_36/O
                         net (fo=1, routed)           0.000     2.091    i_kecc_aes_k_axi_top/i_axi2reg/i_axi_to_axi_lite/i_axi_burst_splitter/i_demux_supported_vs_unsupported/gen_demux.gen_aw_id_counter.i_aw_id_counter/i___34_i_36_n_0
    SLICE_X53Y143        MUXF7 (Prop_muxf7_I1_O)      0.206     2.297 f  i_kecc_aes_k_axi_top/i_axi2reg/i_axi_to_axi_lite/i_axi_burst_splitter/i_demux_supported_vs_unsupported/gen_demux.gen_aw_id_counter.i_aw_id_counter/i___34_i_15/O
                         net (fo=1, routed)           0.000     2.297    i_kecc_aes_k_axi_top/i_axi2reg/i_axi_to_axi_lite/i_axi_burst_splitter/i_demux_supported_vs_unsupported/gen_demux.gen_aw_id_counter.i_aw_id_counter/i___34_i_15_n_0
    SLICE_X53Y143        MUXF8 (Prop_muxf8_I0_O)      0.085     2.382 f  i_kecc_aes_k_axi_top/i_axi2reg/i_axi_to_axi_lite/i_axi_burst_splitter/i_demux_supported_vs_unsupported/gen_demux.gen_aw_id_counter.i_aw_id_counter/i___34_i_5/O
                         net (fo=1, estimated)        0.687     3.069    i_kecc_aes_k_axi_top/i_axi2reg/i_axi_to_axi_lite/i_axi_burst_splitter/i_demux_supported_vs_unsupported/gen_demux.gen_aw_id_counter.i_aw_id_counter/gen_counters[3].i_in_flight_cnt/i___34
    SLICE_X52Y144        LUT6 (Prop_lut6_I1_O)        0.264     3.333 f  i_kecc_aes_k_axi_top/i_axi2reg/i_axi_to_axi_lite/i_axi_burst_splitter/i_demux_supported_vs_unsupported/gen_demux.gen_aw_id_counter.i_aw_id_counter/gen_counters[3].i_in_flight_cnt/i___34_i_1/O
                         net (fo=2, estimated)        0.664     3.997    i_kecc_aes_k_axi_top/i_axi2reg/i_axi_to_axi_lite_n_170
    SLICE_X55Y144        LUT5 (Prop_lut5_I0_O)        0.105     4.102 f  i_kecc_aes_k_axi_top/i_axi2reg/i___83/O
                         net (fo=4, estimated)        0.371     4.473    i_kecc_aes_k_axi_top/i_axi2reg/i_axi_to_axi_lite/i_axi_burst_splitter/i_demux_supported_vs_unsupported/gen_demux.gen_aw_id_counter.i_aw_id_counter/gen_counters[3].i_in_flight_cnt/gen_demux.lock_aw_valid_q_reg_2
    SLICE_X55Y144        LUT5 (Prop_lut5_I2_O)        0.105     4.578 f  i_kecc_aes_k_axi_top/i_axi2reg/i_axi_to_axi_lite/i_axi_burst_splitter/i_demux_supported_vs_unsupported/gen_demux.gen_aw_id_counter.i_aw_id_counter/gen_counters[3].i_in_flight_cnt/i___30_i_4/O
                         net (fo=21, estimated)       0.292     4.870    i_kecc_aes_k_axi_top/i_axi2reg/i_axi_burst_splitter/i_axi_burst_splitter_aw_chan/state_d0
    SLICE_X54Y145        LUT5 (Prop_lut5_I4_O)        0.105     4.975 r  i_kecc_aes_k_axi_top/i_axi2reg/i___2_i_3/O
                         net (fo=2, estimated)        0.235     5.210    i_kecc_aes_k_axi_top/i_axi2reg/i___2_i_3_n_0
    SLICE_X55Y146        LUT5 (Prop_lut5_I2_O)        0.105     5.315 r  i_kecc_aes_k_axi_top/i_axi2reg/i___4_i_1/O
                         net (fo=3, estimated)        0.135     5.450    i_kecc_aes_k_axi_top/i_axi2reg/i___4_i_1_n_0
    SLICE_X55Y146        LUT6 (Prop_lut6_I0_O)        0.105     5.555 r  i_kecc_aes_k_axi_top/i_axi2reg/i___2_i_2/O
                         net (fo=32, estimated)       0.570     6.125    i_kecc_aes_k_axi_top/i_axi2reg/i___2_i_2_n_0
    SLICE_X59Y151        LUT5 (Prop_lut5_I3_O)        0.105     6.230 r  i_kecc_aes_k_axi_top/i_axi2reg/mem_q[0][data][63]_i_27/O
                         net (fo=15, estimated)       0.704     6.934    i_kecc_aes_k_axi_top/i_axi2reg/i_axi_lite_to_reg/i_fifo_read/reg_req_i[addr][6]
    SLICE_X58Y151        LUT5 (Prop_lut5_I0_O)        0.105     7.039 r  i_kecc_aes_k_axi_top/i_axi2reg/i_axi_lite_to_reg/i_fifo_read/q[63]_i_8/O
                         net (fo=20, estimated)       0.603     7.642    i_kecc_aes_k_axi_top/i_axi2reg/i_axi_lite_to_reg/i_fifo_read/q[63]_i_8_n_0
    SLICE_X59Y151        LUT5 (Prop_lut5_I0_O)        0.105     7.747 r  i_kecc_aes_k_axi_top/i_axi2reg/i_axi_lite_to_reg/i_fifo_read/q[63]_i_2__3/O
                         net (fo=65, estimated)       0.761     8.508    i_kecc_aes_k_axi_top/i_axi2reg/i_axi_lite_to_reg/i_fifo_read/mem_q_reg[1][5]_2
    SLICE_X54Y156        LUT5 (Prop_lut5_I2_O)        0.105     8.613 r  i_kecc_aes_k_axi_top/i_axi2reg/i_axi_lite_to_reg/i_fifo_read/mem_q[0][error]_i_20/O
                         net (fo=1, estimated)        0.693     9.306    i_kecc_aes_k_axi_top/i_axi2reg/i_axi_lite_to_reg/i_fifo_read/mem_q[0][error]_i_20_n_0
    SLICE_X50Y161        LUT6 (Prop_lut6_I0_O)        0.105     9.411 r  i_kecc_aes_k_axi_top/i_axi2reg/i_axi_lite_to_reg/i_fifo_read/mem_q[0][error]_i_7/O
                         net (fo=33, estimated)       0.572     9.983    i_kecc_aes_k_axi_top/i_axi2reg/i_axi_lite_to_reg/i_fifo_read/mem_q[0][error]_i_7_n_0
    SLICE_X40Y160        LUT6 (Prop_lut6_I4_O)        0.105    10.088 r  i_kecc_aes_k_axi_top/i_axi2reg/i_axi_lite_to_reg/i_fifo_read/q[63]_i_3__13/O
                         net (fo=65, estimated)       1.051    11.139    i_kecc_aes_k_axi_top/i_axi2reg/i_axi_lite_to_reg/i_fifo_write_req/keccak_data_9_we
    SLICE_X34Y156        LUT3 (Prop_lut3_I2_O)        0.121    11.260 f  i_kecc_aes_k_axi_top/i_axi2reg/i_axi_lite_to_reg/i_fifo_write_req/wr_en_data_arb/q[58]_i_1__8/O
                         net (fo=1, estimated)        0.699    11.959    i_kecc_aes_k_axi_top/kecc_aes_k_axi_reg_top_i/u_keccak_data_9/q_reg[63]_1[58]
    SLICE_X35Y156        FDCE                                         f  i_kecc_aes_k_axi_top/kecc_aes_k_axi_reg_top_i/u_keccak_data_9/q_reg[58]/D
  -------------------------------------------------------------------    -------------------

                         (clock clk_i rise edge)     10.000    10.000 r  
                                                      0.000    10.000 r  clk_i (IN)
                         net (fo=4843, unset)         0.748    10.748    i_kecc_aes_k_axi_top/kecc_aes_k_axi_reg_top_i/u_keccak_data_9/clk_i
    SLICE_X35Y156        FDCE                                         r  i_kecc_aes_k_axi_top/kecc_aes_k_axi_reg_top_i/u_keccak_data_9/q_reg[58]/C
                         clock pessimism              0.000    10.748    
                         clock uncertainty           -0.035    10.712    
    SLICE_X35Y156        FDCE (Setup_fdce_C_D)       -0.253    10.459    i_kecc_aes_k_axi_top/kecc_aes_k_axi_reg_top_i/u_keccak_data_9/q_reg[58]
  -------------------------------------------------------------------
                         required time                         10.459    
                         arrival time                         -11.959    
  -------------------------------------------------------------------
                         slack                                 -1.500    

Slack (VIOLATED) :        -1.500ns  (required time - arrival time)
  Source:                 i_kecc_aes_k_axi_top/i_axi2reg/i_axi_to_axi_lite/i_axi_burst_splitter/i_demux_supported_vs_unsupported/gen_demux.gen_aw_id_counter.i_aw_id_counter/gen_counters[23].mst_select_q_reg[23][0]/C
                            (rising edge-triggered cell FDCE clocked by clk_i  {rise@0.000ns fall@5.000ns period=10.000ns})
  Destination:            i_kecc_aes_k_axi_top/kecc_aes_k_axi_reg_top_i/u_keccak_data_9/q_reg[58]/D
                            (rising edge-triggered cell FDCE clocked by clk_i  {rise@0.000ns fall@5.000ns period=10.000ns})
  Path Group:             clk_i
  Path Type:              Setup (Max at Slow Process Corner)
  Requirement:            10.000ns  (clk_i rise@10.000ns - clk_i rise@0.000ns)
  Data Path Delay:        11.172ns  (logic 2.461ns (22.028%)  route 8.711ns (77.972%))
  Logic Levels:           16  (LUT3=1 LUT5=8 LUT6=5 MUXF7=1 MUXF8=1)
  Clock Path Skew:        -0.039ns (DCD - SCD + CPR)
    Destination Clock Delay (DCD):    0.748ns = ( 10.748 - 10.000 ) 
    Source Clock Delay      (SCD):    0.787ns
    Clock Pessimism Removal (CPR):    0.000ns
  Clock Uncertainty:      0.035ns  ((TSJ^2 + TIJ^2)^1/2 + DJ) / 2 + PE
    Total System Jitter     (TSJ):    0.071ns
    Total Input Jitter      (TIJ):    0.000ns
    Discrete Jitter          (DJ):    0.000ns
    Phase Error              (PE):    0.000ns

    Location             Delay type                Incr(ns)  Path(ns)    Netlist Resource(s)
  -------------------------------------------------------------------    -------------------
                         (clock clk_i rise edge)      0.000     0.000 r  
                                                      0.000     0.000 r  clk_i (IN)
                         net (fo=4843, unset)         0.787     0.787    i_kecc_aes_k_axi_top/i_axi2reg/i_axi_to_axi_lite/i_axi_burst_splitter/i_demux_supported_vs_unsupported/gen_demux.gen_aw_id_counter.i_aw_id_counter/clk_i
    SLICE_X54Y143        FDCE                                         r  i_kecc_aes_k_axi_top/i_axi2reg/i_axi_to_axi_lite/i_axi_burst_splitter/i_demux_supported_vs_unsupported/gen_demux.gen_aw_id_counter.i_aw_id_counter/gen_counters[23].mst_select_q_reg[23][0]/C
  -------------------------------------------------------------------    -------------------
    SLICE_X54Y143        FDCE (Prop_fdce_C_Q)         0.398     1.185 r  i_kecc_aes_k_axi_top/i_axi2reg/i_axi_to_axi_lite/i_axi_burst_splitter/i_demux_supported_vs_unsupported/gen_demux.gen_aw_id_counter.i_aw_id_counter/gen_counters[23].mst_select_q_reg[23][0]/Q
                         net (fo=2, estimated)        0.674     1.859    i_kecc_aes_k_axi_top/i_axi2reg/i_axi_to_axi_lite/i_axi_burst_splitter/i_demux_supported_vs_unsupported/gen_demux.gen_aw_id_counter.i_aw_id_counter/gen_counters[23].mst_select_q_reg[23]_8
    SLICE_X53Y143        LUT6 (Prop_lut6_I0_O)        0.232     2.091 r  i_kecc_aes_k_axi_top/i_axi2reg/i_axi_to_axi_lite/i_axi_burst_splitter/i_demux_supported_vs_unsupported/gen_demux.gen_aw_id_counter.i_aw_id_counter/i___34_i_36/O
                         net (fo=1, routed)           0.000     2.091    i_kecc_aes_k_axi_top/i_axi2reg/i_axi_to_axi_lite/i_axi_burst_splitter/i_demux_supported_vs_unsupported/gen_demux.gen_aw_id_counter.i_aw_id_counter/i___34_i_36_n_0
    SLICE_X53Y143        MUXF7 (Prop_muxf7_I1_O)      0.206     2.297 r  i_kecc_aes_k_axi_top/i_axi2reg/i_axi_to_axi_lite/i_axi_burst_splitter/i_demux_supported_vs_unsupported/gen_demux.gen_aw_id_counter.i_aw_id_counter/i___34_i_15/O
                         net (fo=1, routed)           0.000     2.297    i_kecc_aes_k_axi_top/i_axi2reg/i_axi_to_axi_lite/i_axi_burst_splitter/i_demux_supported_vs_unsupported/gen_demux.gen_aw_id_counter.i_aw_id_counter/i___34_i_15_n_0
    SLICE_X53Y143        MUXF8 (Prop_muxf8_I0_O)      0.085     2.382 r  i_kecc_aes_k_axi_top/i_axi2reg/i_axi_to_axi_lite/i_axi_burst_splitter/i_demux_supported_vs_unsupported/gen_demux.gen_aw_id_counter.i_aw_id_counter/i___34_i_5/O
                         net (fo=1, estimated)        0.687     3.069    i_kecc_aes_k_axi_top/i_axi2reg/i_axi_to_axi_lite/i_axi_burst_splitter/i_demux_supported_vs_unsupported/gen_demux.gen_aw_id_counter.i_aw_id_counter/gen_counters[3].i_in_flight_cnt/i___34
    SLICE_X52Y144        LUT6 (Prop_lut6_I1_O)        0.264     3.333 r  i_kecc_aes_k_axi_top/i_axi2reg/i_axi_to_axi_lite/i_axi_burst_splitter/i_demux_supported_vs_unsupported/gen_demux.gen_aw_id_counter.i_aw_id_counter/gen_counters[3].i_in_flight_cnt/i___34_i_1/O
                         net (fo=2, estimated)        0.664     3.997    i_kecc_aes_k_axi_top/i_axi2reg/i_axi_to_axi_lite_n_170
    SLICE_X55Y144        LUT5 (Prop_lut5_I0_O)        0.105     4.102 r  i_kecc_aes_k_axi_top/i_axi2reg/i___83/O
                         net (fo=4, estimated)        0.371     4.473    i_kecc_aes_k_axi_top/i_axi2reg/i_axi_to_axi_lite/i_axi_burst_splitter/i_demux_supported_vs_unsupported/gen_demux.gen_aw_id_counter.i_aw_id_counter/gen_counters[3].i_in_flight_cnt/gen_demux.lock_aw_valid_q_reg_2
    SLICE_X55Y144        LUT5 (Prop_lut5_I2_O)        0.105     4.578 r  i_kecc_aes_k_axi_top/i_axi2reg/i_axi_to_axi_lite/i_axi_burst_splitter/i_demux_supported_vs_unsupported/gen_demux.gen_aw_id_counter.i_aw_id_counter/gen_counters[3].i_in_flight_cnt/i___30_i_4/O
                         net (fo=21, estimated)       0.292     4.870    i_kecc_aes_k_axi_top/i_axi2reg/i_axi_burst_splitter/i_axi_burst_splitter_aw_chan/state_d0
    SLICE_X54Y145        LUT5 (Prop_lut5_I4_O)        0.105     4.975 f  i_kecc_aes_k_axi_top/i_axi2reg/i___2_i_3/O
                         net (fo=2, estimated)        0.235     5.210    i_kecc_aes_k_axi_top/i_axi2reg/i___2_i_3_n_0
    SLICE_X55Y146        LUT5 (Prop_lut5_I2_O)        0.105     5.315 f  i_kecc_aes_k_axi_top/i_axi2reg/i___4_i_1/O
                         net (fo=3, estimated)        0.135     5.450    i_kecc_aes_k_axi_top/i_axi2reg/i___4_i_1_n_0
    SLICE_X55Y146        LUT6 (Prop_lut6_I0_O)        0.105     5.555 f  i_kecc_aes_k_axi_top/i_axi2reg/i___2_i_2/O
                         net (fo=32, estimated)       0.570     6.125    i_kecc_aes_k_axi_top/i_axi2reg/i___2_i_2_n_0
    SLICE_X59Y151        LUT5 (Prop_lut5_I3_O)        0.105     6.230 r  i_kecc_aes_k_axi_top/i_axi2reg/mem_q[0][data][63]_i_27/O
                         net (fo=15, estimated)       0.704     6.934    i_kecc_aes_k_axi_top/i_axi2reg/i_axi_lite_to_reg/i_fifo_read/reg_req_i[addr][6]
    SLICE_X58Y151        LUT5 (Prop_lut5_I0_O)        0.105     7.039 r  i_kecc_aes_k_axi_top/i_axi2reg/i_axi_lite_to_reg/i_fifo_read/q[63]_i_8/O
                         net (fo=20, estimated)       0.603     7.642    i_kecc_aes_k_axi_top/i_axi2reg/i_axi_lite_to_reg/i_fifo_read/q[63]_i_8_n_0
    SLICE_X59Y151        LUT5 (Prop_lut5_I0_O)        0.105     7.747 r  i_kecc_aes_k_axi_top/i_axi2reg/i_axi_lite_to_reg/i_fifo_read/q[63]_i_2__3/O
                         net (fo=65, estimated)       0.761     8.508    i_kecc_aes_k_axi_top/i_axi2reg/i_axi_lite_to_reg/i_fifo_read/mem_q_reg[1][5]_2
    SLICE_X54Y156        LUT5 (Prop_lut5_I2_O)        0.105     8.613 r  i_kecc_aes_k_axi_top/i_axi2reg/i_axi_lite_to_reg/i_fifo_read/mem_q[0][error]_i_20/O
                         net (fo=1, estimated)        0.693     9.306    i_kecc_aes_k_axi_top/i_axi2reg/i_axi_lite_to_reg/i_fifo_read/mem_q[0][error]_i_20_n_0
    SLICE_X50Y161        LUT6 (Prop_lut6_I0_O)        0.105     9.411 r  i_kecc_aes_k_axi_top/i_axi2reg/i_axi_lite_to_reg/i_fifo_read/mem_q[0][error]_i_7/O
                         net (fo=33, estimated)       0.572     9.983    i_kecc_aes_k_axi_top/i_axi2reg/i_axi_lite_to_reg/i_fifo_read/mem_q[0][error]_i_7_n_0
    SLICE_X40Y160        LUT6 (Prop_lut6_I4_O)        0.105    10.088 r  i_kecc_aes_k_axi_top/i_axi2reg/i_axi_lite_to_reg/i_fifo_read/q[63]_i_3__13/O
                         net (fo=65, estimated)       1.051    11.139    i_kecc_aes_k_axi_top/i_axi2reg/i_axi_lite_to_reg/i_fifo_write_req/keccak_data_9_we
    SLICE_X34Y156        LUT3 (Prop_lut3_I2_O)        0.121    11.260 f  i_kecc_aes_k_axi_top/i_axi2reg/i_axi_lite_to_reg/i_fifo_write_req/wr_en_data_arb/q[58]_i_1__8/O
                         net (fo=1, estimated)        0.699    11.959    i_kecc_aes_k_axi_top/kecc_aes_k_axi_reg_top_i/u_keccak_data_9/q_reg[63]_1[58]
    SLICE_X35Y156        FDCE                                         f  i_kecc_aes_k_axi_top/kecc_aes_k_axi_reg_top_i/u_keccak_data_9/q_reg[58]/D
  -------------------------------------------------------------------    -------------------

                         (clock clk_i rise edge)     10.000    10.000 r  
                                                      0.000    10.000 r  clk_i (IN)
                         net (fo=4843, unset)         0.748    10.748    i_kecc_aes_k_axi_top/kecc_aes_k_axi_reg_top_i/u_keccak_data_9/clk_i
    SLICE_X35Y156        FDCE                                         r  i_kecc_aes_k_axi_top/kecc_aes_k_axi_reg_top_i/u_keccak_data_9/q_reg[58]/C
                         clock pessimism              0.000    10.748    
                         clock uncertainty           -0.035    10.712    
    SLICE_X35Y156        FDCE (Setup_fdce_C_D)       -0.253    10.459    i_kecc_aes_k_axi_top/kecc_aes_k_axi_reg_top_i/u_keccak_data_9/q_reg[58]
  -------------------------------------------------------------------
                         required time                         10.459    
                         arrival time                         -11.959    
  -------------------------------------------------------------------
                         slack                                 -1.500    

Slack (VIOLATED) :        -1.500ns  (required time - arrival time)
  Source:                 i_kecc_aes_k_axi_top/i_axi2reg/i_axi_to_axi_lite/i_axi_burst_splitter/i_demux_supported_vs_unsupported/gen_demux.gen_aw_id_counter.i_aw_id_counter/gen_counters[23].mst_select_q_reg[23][0]/C
                            (rising edge-triggered cell FDCE clocked by clk_i  {rise@0.000ns fall@5.000ns period=10.000ns})
  Destination:            i_kecc_aes_k_axi_top/kecc_aes_k_axi_reg_top_i/u_keccak_data_9/q_reg[58]/D
                            (rising edge-triggered cell FDCE clocked by clk_i  {rise@0.000ns fall@5.000ns period=10.000ns})
  Path Group:             clk_i
  Path Type:              Setup (Max at Slow Process Corner)
  Requirement:            10.000ns  (clk_i rise@10.000ns - clk_i rise@0.000ns)
  Data Path Delay:        11.172ns  (logic 2.461ns (22.028%)  route 8.711ns (77.972%))
  Logic Levels:           16  (LUT3=1 LUT5=8 LUT6=5 MUXF7=1 MUXF8=1)
  Clock Path Skew:        -0.039ns (DCD - SCD + CPR)
    Destination Clock Delay (DCD):    0.748ns = ( 10.748 - 10.000 ) 
    Source Clock Delay      (SCD):    0.787ns
    Clock Pessimism Removal (CPR):    0.000ns
  Clock Uncertainty:      0.035ns  ((TSJ^2 + TIJ^2)^1/2 + DJ) / 2 + PE
    Total System Jitter     (TSJ):    0.071ns
    Total Input Jitter      (TIJ):    0.000ns
    Discrete Jitter          (DJ):    0.000ns
    Phase Error              (PE):    0.000ns

    Location             Delay type                Incr(ns)  Path(ns)    Netlist Resource(s)
  -------------------------------------------------------------------    -------------------
                         (clock clk_i rise edge)      0.000     0.000 r  
                                                      0.000     0.000 r  clk_i (IN)
                         net (fo=4843, unset)         0.787     0.787    i_kecc_aes_k_axi_top/i_axi2reg/i_axi_to_axi_lite/i_axi_burst_splitter/i_demux_supported_vs_unsupported/gen_demux.gen_aw_id_counter.i_aw_id_counter/clk_i
    SLICE_X54Y143        FDCE                                         r  i_kecc_aes_k_axi_top/i_axi2reg/i_axi_to_axi_lite/i_axi_burst_splitter/i_demux_supported_vs_unsupported/gen_demux.gen_aw_id_counter.i_aw_id_counter/gen_counters[23].mst_select_q_reg[23][0]/C
  -------------------------------------------------------------------    -------------------
    SLICE_X54Y143        FDCE (Prop_fdce_C_Q)         0.398     1.185 f  i_kecc_aes_k_axi_top/i_axi2reg/i_axi_to_axi_lite/i_axi_burst_splitter/i_demux_supported_vs_unsupported/gen_demux.gen_aw_id_counter.i_aw_id_counter/gen_counters[23].mst_select_q_reg[23][0]/Q
                         net (fo=2, estimated)        0.674     1.859    i_kecc_aes_k_axi_top/i_axi2reg/i_axi_to_axi_lite/i_axi_burst_splitter/i_demux_supported_vs_unsupported/gen_demux.gen_aw_id_counter.i_aw_id_counter/gen_counters[23].mst_select_q_reg[23]_8
    SLICE_X53Y143        LUT6 (Prop_lut6_I0_O)        0.232     2.091 f  i_kecc_aes_k_axi_top/i_axi2reg/i_axi_to_axi_lite/i_axi_burst_splitter/i_demux_supported_vs_unsupported/gen_demux.gen_aw_id_counter.i_aw_id_counter/i___34_i_36/O
                         net (fo=1, routed)           0.000     2.091    i_kecc_aes_k_axi_top/i_axi2reg/i_axi_to_axi_lite/i_axi_burst_splitter/i_demux_supported_vs_unsupported/gen_demux.gen_aw_id_counter.i_aw_id_counter/i___34_i_36_n_0
    SLICE_X53Y143        MUXF7 (Prop_muxf7_I1_O)      0.206     2.297 f  i_kecc_aes_k_axi_top/i_axi2reg/i_axi_to_axi_lite/i_axi_burst_splitter/i_demux_supported_vs_unsupported/gen_demux.gen_aw_id_counter.i_aw_id_counter/i___34_i_15/O
                         net (fo=1, routed)           0.000     2.297    i_kecc_aes_k_axi_top/i_axi2reg/i_axi_to_axi_lite/i_axi_burst_splitter/i_demux_supported_vs_unsupported/gen_demux.gen_aw_id_counter.i_aw_id_counter/i___34_i_15_n_0
    SLICE_X53Y143        MUXF8 (Prop_muxf8_I0_O)      0.085     2.382 f  i_kecc_aes_k_axi_top/i_axi2reg/i_axi_to_axi_lite/i_axi_burst_splitter/i_demux_supported_vs_unsupported/gen_demux.gen_aw_id_counter.i_aw_id_counter/i___34_i_5/O
                         net (fo=1, estimated)        0.687     3.069    i_kecc_aes_k_axi_top/i_axi2reg/i_axi_to_axi_lite/i_axi_burst_splitter/i_demux_supported_vs_unsupported/gen_demux.gen_aw_id_counter.i_aw_id_counter/gen_counters[3].i_in_flight_cnt/i___34
    SLICE_X52Y144        LUT6 (Prop_lut6_I1_O)        0.264     3.333 r  i_kecc_aes_k_axi_top/i_axi2reg/i_axi_to_axi_lite/i_axi_burst_splitter/i_demux_supported_vs_unsupported/gen_demux.gen_aw_id_counter.i_aw_id_counter/gen_counters[3].i_in_flight_cnt/i___34_i_1/O
                         net (fo=2, estimated)        0.664     3.997    i_kecc_aes_k_axi_top/i_axi2reg/i_axi_to_axi_lite_n_170
    SLICE_X55Y144        LUT5 (Prop_lut5_I0_O)        0.105     4.102 r  i_kecc_aes_k_axi_top/i_axi2reg/i___83/O
                         net (fo=4, estimated)        0.371     4.473    i_kecc_aes_k_axi_top/i_axi2reg/i_axi_to_axi_lite/i_axi_burst_splitter/i_demux_supported_vs_unsupported/gen_demux.gen_aw_id_counter.i_aw_id_counter/gen_counters[3].i_in_flight_cnt/gen_demux.lock_aw_valid_q_reg_2
    SLICE_X55Y144        LUT5 (Prop_lut5_I2_O)        0.105     4.578 r  i_kecc_aes_k_axi_top/i_axi2reg/i_axi_to_axi_lite/i_axi_burst_splitter/i_demux_supported_vs_unsupported/gen_demux.gen_aw_id_counter.i_aw_id_counter/gen_counters[3].i_in_flight_cnt/i___30_i_4/O
                         net (fo=21, estimated)       0.292     4.870    i_kecc_aes_k_axi_top/i_axi2reg/i_axi_burst_splitter/i_axi_burst_splitter_aw_chan/state_d0
    SLICE_X54Y145        LUT5 (Prop_lut5_I4_O)        0.105     4.975 f  i_kecc_aes_k_axi_top/i_axi2reg/i___2_i_3/O
                         net (fo=2, estimated)        0.235     5.210    i_kecc_aes_k_axi_top/i_axi2reg/i___2_i_3_n_0
    SLICE_X55Y146        LUT5 (Prop_lut5_I2_O)        0.105     5.315 f  i_kecc_aes_k_axi_top/i_axi2reg/i___4_i_1/O
                         net (fo=3, estimated)        0.135     5.450    i_kecc_aes_k_axi_top/i_axi2reg/i___4_i_1_n_0
    SLICE_X55Y146        LUT6 (Prop_lut6_I0_O)        0.105     5.555 f  i_kecc_aes_k_axi_top/i_axi2reg/i___2_i_2/O
                         net (fo=32, estimated)       0.570     6.125    i_kecc_aes_k_axi_top/i_axi2reg/i___2_i_2_n_0
    SLICE_X59Y151        LUT5 (Prop_lut5_I3_O)        0.105     6.230 r  i_kecc_aes_k_axi_top/i_axi2reg/mem_q[0][data][63]_i_27/O
                         net (fo=15, estimated)       0.704     6.934    i_kecc_aes_k_axi_top/i_axi2reg/i_axi_lite_to_reg/i_fifo_read/reg_req_i[addr][6]
    SLICE_X58Y151        LUT5 (Prop_lut5_I0_O)        0.105     7.039 r  i_kecc_aes_k_axi_top/i_axi2reg/i_axi_lite_to_reg/i_fifo_read/q[63]_i_8/O
                         net (fo=20, estimated)       0.603     7.642    i_kecc_aes_k_axi_top/i_axi2reg/i_axi_lite_to_reg/i_fifo_read/q[63]_i_8_n_0
    SLICE_X59Y151        LUT5 (Prop_lut5_I0_O)        0.105     7.747 r  i_kecc_aes_k_axi_top/i_axi2reg/i_axi_lite_to_reg/i_fifo_read/q[63]_i_2__3/O
                         net (fo=65, estimated)       0.761     8.508    i_kecc_aes_k_axi_top/i_axi2reg/i_axi_lite_to_reg/i_fifo_read/mem_q_reg[1][5]_2
    SLICE_X54Y156        LUT5 (Prop_lut5_I2_O)        0.105     8.613 r  i_kecc_aes_k_axi_top/i_axi2reg/i_axi_lite_to_reg/i_fifo_read/mem_q[0][error]_i_20/O
                         net (fo=1, estimated)        0.693     9.306    i_kecc_aes_k_axi_top/i_axi2reg/i_axi_lite_to_reg/i_fifo_read/mem_q[0][error]_i_20_n_0
    SLICE_X50Y161        LUT6 (Prop_lut6_I0_O)        0.105     9.411 r  i_kecc_aes_k_axi_top/i_axi2reg/i_axi_lite_to_reg/i_fifo_read/mem_q[0][error]_i_7/O
                         net (fo=33, estimated)       0.572     9.983    i_kecc_aes_k_axi_top/i_axi2reg/i_axi_lite_to_reg/i_fifo_read/mem_q[0][error]_i_7_n_0
    SLICE_X40Y160        LUT6 (Prop_lut6_I4_O)        0.105    10.088 r  i_kecc_aes_k_axi_top/i_axi2reg/i_axi_lite_to_reg/i_fifo_read/q[63]_i_3__13/O
                         net (fo=65, estimated)       1.051    11.139    i_kecc_aes_k_axi_top/i_axi2reg/i_axi_lite_to_reg/i_fifo_write_req/keccak_data_9_we
    SLICE_X34Y156        LUT3 (Prop_lut3_I2_O)        0.121    11.260 f  i_kecc_aes_k_axi_top/i_axi2reg/i_axi_lite_to_reg/i_fifo_write_req/wr_en_data_arb/q[58]_i_1__8/O
                         net (fo=1, estimated)        0.699    11.959    i_kecc_aes_k_axi_top/kecc_aes_k_axi_reg_top_i/u_keccak_data_9/q_reg[63]_1[58]
    SLICE_X35Y156        FDCE                                         f  i_kecc_aes_k_axi_top/kecc_aes_k_axi_reg_top_i/u_keccak_data_9/q_reg[58]/D
  -------------------------------------------------------------------    -------------------

                         (clock clk_i rise edge)     10.000    10.000 r  
                                                      0.000    10.000 r  clk_i (IN)
                         net (fo=4843, unset)         0.748    10.748    i_kecc_aes_k_axi_top/kecc_aes_k_axi_reg_top_i/u_keccak_data_9/clk_i
    SLICE_X35Y156        FDCE                                         r  i_kecc_aes_k_axi_top/kecc_aes_k_axi_reg_top_i/u_keccak_data_9/q_reg[58]/C
                         clock pessimism              0.000    10.748    
                         clock uncertainty           -0.035    10.712    
    SLICE_X35Y156        FDCE (Setup_fdce_C_D)       -0.253    10.459    i_kecc_aes_k_axi_top/kecc_aes_k_axi_reg_top_i/u_keccak_data_9/q_reg[58]
  -------------------------------------------------------------------
                         required time                         10.459    
                         arrival time                         -11.959    
  -------------------------------------------------------------------
                         slack                                 -1.500    




