Copyright 1986-2022 Xilinx, Inc. All Rights Reserved. Copyright 2022-2024 Advanced Micro Devices, Inc. All Rights Reserved.
-------------------------------------------------------------------------------------------------------------------------------------------------------------
| Tool Version : Vivado v.2024.1 (win64) Build 5076996 Wed May 22 18:37:14 MDT 2024
| Date         : Tue Aug 11 13:39:43 2026
| Host         : AlessandraYOGA running 64-bit major release  (build 9200)
| Command      : report_timing -max_paths 20 -nworst 20 -delay_type max -sort_by slack -file reports_v2_unified/kecc_aes_k_axi_synth_top.timing_WORST_20.rpt
| Design       : kecc_aes_k_axi_synth_top
| Device       : 7a100t-ftg256
| Speed File   : -2  PRODUCTION 1.23 2018-06-13
| Design State : Fully Placed
-------------------------------------------------------------------------------------------------------------------------------------------------------------

Timing Report

Slack (VIOLATED) :        -0.905ns  (required time - arrival time)
  Source:                 i_kecc_aes_k_axi_top/i_axi2reg/i_axi_to_axi_lite/i_axi_burst_splitter/i_demux_supported_vs_unsupported/gen_demux.gen_aw_id_counter.i_aw_id_counter/gen_counters[23].mst_select_q_reg[23][0]/C
                            (rising edge-triggered cell FDCE clocked by clk_i  {rise@0.000ns fall@5.000ns period=10.000ns})
  Destination:            i_kecc_aes_k_axi_top/kecc_aes_k_axi_unified_reg_top_i/u_keccak_data_3/q_reg[58]/CE
                            (rising edge-triggered cell FDCE clocked by clk_i  {rise@0.000ns fall@5.000ns period=10.000ns})
  Path Group:             clk_i
  Path Type:              Setup (Max at Slow Process Corner)
  Requirement:            10.000ns  (clk_i rise@10.000ns - clk_i rise@0.000ns)
  Data Path Delay:        10.662ns  (logic 2.655ns (24.902%)  route 8.007ns (75.098%))
  Logic Levels:           18  (LUT4=2 LUT5=6 LUT6=8 MUXF7=1 MUXF8=1)
  Clock Path Skew:        -0.039ns (DCD - SCD + CPR)
    Destination Clock Delay (DCD):    0.748ns = ( 10.748 - 10.000 ) 
    Source Clock Delay      (SCD):    0.787ns
    Clock Pessimism Removal (CPR):    0.000ns
  Clock Uncertainty:      0.035ns  ((TSJ^2 + TIJ^2)^1/2 + DJ) / 2 + PE
    Total System Jitter     (TSJ):    0.071ns
    Total Input Jitter      (TIJ):    0.000ns
    Discrete Jitter          (DJ):    0.000ns
    Phase Error              (PE):    0.000ns

    Location             Delay type                Incr(ns)  Path(ns)    Netlist Resource(s)
  -------------------------------------------------------------------    -------------------
                         (clock clk_i rise edge)      0.000     0.000 r  
                                                      0.000     0.000 r  clk_i (IN)
                         net (fo=4998, unset)         0.787     0.787    i_kecc_aes_k_axi_top/i_axi2reg/i_axi_to_axi_lite/i_axi_burst_splitter/i_demux_supported_vs_unsupported/gen_demux.gen_aw_id_counter.i_aw_id_counter/clk_i
    SLICE_X38Y133        FDCE                                         r  i_kecc_aes_k_axi_top/i_axi2reg/i_axi_to_axi_lite/i_axi_burst_splitter/i_demux_supported_vs_unsupported/gen_demux.gen_aw_id_counter.i_aw_id_counter/gen_counters[23].mst_select_q_reg[23][0]/C
  -------------------------------------------------------------------    -------------------
    SLICE_X38Y133        FDCE (Prop_fdce_C_Q)         0.398     1.185 r  i_kecc_aes_k_axi_top/i_axi2reg/i_axi_to_axi_lite/i_axi_burst_splitter/i_demux_supported_vs_unsupported/gen_demux.gen_aw_id_counter.i_aw_id_counter/gen_counters[23].mst_select_q_reg[23][0]/Q
                         net (fo=2, estimated)        0.674     1.859    i_kecc_aes_k_axi_top/i_axi2reg/i_axi_to_axi_lite/i_axi_burst_splitter/i_demux_supported_vs_unsupported/gen_demux.gen_aw_id_counter.i_aw_id_counter/gen_counters[23].mst_select_q_reg[23]_8
    SLICE_X41Y133        LUT6 (Prop_lut6_I0_O)        0.232     2.091 r  i_kecc_aes_k_axi_top/i_axi2reg/i_axi_to_axi_lite/i_axi_burst_splitter/i_demux_supported_vs_unsupported/gen_demux.gen_aw_id_counter.i_aw_id_counter/i__i_36/O
                         net (fo=1, routed)           0.000     2.091    i_kecc_aes_k_axi_top/i_axi2reg/i_axi_to_axi_lite/i_axi_burst_splitter/i_demux_supported_vs_unsupported/gen_demux.gen_aw_id_counter.i_aw_id_counter/i__i_36_n_0
    SLICE_X41Y133        MUXF7 (Prop_muxf7_I1_O)      0.206     2.297 r  i_kecc_aes_k_axi_top/i_axi2reg/i_axi_to_axi_lite/i_axi_burst_splitter/i_demux_supported_vs_unsupported/gen_demux.gen_aw_id_counter.i_aw_id_counter/i__i_15/O
                         net (fo=1, routed)           0.000     2.297    i_kecc_aes_k_axi_top/i_axi2reg/i_axi_to_axi_lite/i_axi_burst_splitter/i_demux_supported_vs_unsupported/gen_demux.gen_aw_id_counter.i_aw_id_counter/i__i_15_n_0
    SLICE_X41Y133        MUXF8 (Prop_muxf8_I0_O)      0.085     2.382 r  i_kecc_aes_k_axi_top/i_axi2reg/i_axi_to_axi_lite/i_axi_burst_splitter/i_demux_supported_vs_unsupported/gen_demux.gen_aw_id_counter.i_aw_id_counter/i__i_5/O
                         net (fo=1, estimated)        0.655     3.037    i_kecc_aes_k_axi_top/i_axi2reg/i_axi_to_axi_lite/i_axi_burst_splitter/i_demux_supported_vs_unsupported/gen_demux.gen_aw_id_counter.i_aw_id_counter/gen_counters[3].i_in_flight_cnt/i___33
    SLICE_X41Y134        LUT6 (Prop_lut6_I1_O)        0.264     3.301 f  i_kecc_aes_k_axi_top/i_axi2reg/i_axi_to_axi_lite/i_axi_burst_splitter/i_demux_supported_vs_unsupported/gen_demux.gen_aw_id_counter.i_aw_id_counter/gen_counters[3].i_in_flight_cnt/i__i_1__2__0/O
                         net (fo=2, estimated)        0.380     3.681    i_kecc_aes_k_axi_top/i_axi2reg/i_axi_to_axi_lite_n_170
    SLICE_X43Y137        LUT5 (Prop_lut5_I0_O)        0.105     3.786 f  i_kecc_aes_k_axi_top/i_axi2reg/i___80/O
                         net (fo=4, estimated)        0.251     4.037    i_kecc_aes_k_axi_top/i_axi2reg/i_axi_to_axi_lite/i_axi_burst_splitter/i_demux_supported_vs_unsupported/gen_demux.gen_aw_id_counter.i_aw_id_counter/gen_counters[3].i_in_flight_cnt/gen_demux.lock_aw_valid_q_reg_2
    SLICE_X45Y137        LUT5 (Prop_lut5_I2_O)        0.105     4.142 f  i_kecc_aes_k_axi_top/i_axi2reg/i_axi_to_axi_lite/i_axi_burst_splitter/i_demux_supported_vs_unsupported/gen_demux.gen_aw_id_counter.i_aw_id_counter/gen_counters[3].i_in_flight_cnt/i__i_4__6/O
                         net (fo=21, estimated)       0.443     4.585    i_kecc_aes_k_axi_top/i_axi2reg/i_axi_burst_splitter/i_axi_burst_splitter_aw_chan/state_d0
    SLICE_X44Y139        LUT5 (Prop_lut5_I4_O)        0.105     4.690 r  i_kecc_aes_k_axi_top/i_axi2reg/i__i_3__0/O
                         net (fo=2, estimated)        0.137     4.827    i_kecc_aes_k_axi_top/i_axi2reg/i__i_3__0_n_0
    SLICE_X44Y139        LUT5 (Prop_lut5_I2_O)        0.105     4.932 r  i_kecc_aes_k_axi_top/i_axi2reg/i__i_1__2/O
                         net (fo=3, estimated)        0.243     5.175    i_kecc_aes_k_axi_top/i_axi2reg/i__i_1__2_n_0
    SLICE_X43Y139        LUT6 (Prop_lut6_I0_O)        0.105     5.280 r  i_kecc_aes_k_axi_top/i_axi2reg/i__i_2__2/O
                         net (fo=59, estimated)       0.429     5.709    i_kecc_aes_k_axi_top/i_axi2reg/i__i_2__2_n_0
    SLICE_X42Y140        LUT5 (Prop_lut5_I3_O)        0.105     5.814 r  i_kecc_aes_k_axi_top/i_axi2reg/mem_q[0][data][63]_i_24/O
                         net (fo=6, estimated)        1.161     6.975    i_kecc_aes_k_axi_top/i_axi2reg/i_axi_lite_to_reg/i_fifo_read/reg_req_i[addr][4]
    SLICE_X42Y156        LUT6 (Prop_lut6_I0_O)        0.105     7.080 f  i_kecc_aes_k_axi_top/i_axi2reg/i_axi_lite_to_reg/i_fifo_read/mem_q[0][data][31]_i_19/O
                         net (fo=6, estimated)        0.495     7.575    i_kecc_aes_k_axi_top/i_axi2reg/i_axi_lite_to_reg/i_fifo_read/mem_q[0][data][31]_i_19_n_0
    SLICE_X43Y158        LUT4 (Prop_lut4_I1_O)        0.105     7.680 r  i_kecc_aes_k_axi_top/i_axi2reg/i_axi_lite_to_reg/i_fifo_read/mem_q[0][data][31]_i_13/O
                         net (fo=7, estimated)        0.483     8.163    i_kecc_aes_k_axi_top/i_axi2reg/i_axi_lite_to_reg/i_fifo_read/mem_q_reg[1][3]_2
    SLICE_X39Y160        LUT6 (Prop_lut6_I0_O)        0.105     8.268 r  i_kecc_aes_k_axi_top/i_axi2reg/i_axi_lite_to_reg/i_fifo_read/mem_q[0][error]_i_16/O
                         net (fo=1, estimated)        0.422     8.690    i_kecc_aes_k_axi_top/i_axi2reg/i_axi_lite_to_reg/i_fifo_read/mem_q[0][error]_i_16_n_0
    SLICE_X39Y161        LUT6 (Prop_lut6_I4_O)        0.105     8.795 r  i_kecc_aes_k_axi_top/i_axi2reg/i_axi_lite_to_reg/i_fifo_read/mem_q[0][error]_i_11/O
                         net (fo=1, estimated)        0.205     9.000    i_kecc_aes_k_axi_top/i_axi2reg/i_axi_lite_to_reg/i_fifo_read/mem_q[0][error]_i_11_n_0
    SLICE_X39Y161        LUT6 (Prop_lut6_I0_O)        0.105     9.105 r  i_kecc_aes_k_axi_top/i_axi2reg/i_axi_lite_to_reg/i_fifo_read/mem_q[0][error]_i_5/O
                         net (fo=1, estimated)        0.117     9.222    i_kecc_aes_k_axi_top/i_axi2reg/i_axi_lite_to_reg/i_fifo_read/mem_q[0][error]_i_5_n_0
    SLICE_X39Y161        LUT6 (Prop_lut6_I4_O)        0.105     9.327 f  i_kecc_aes_k_axi_top/i_axi2reg/i_axi_lite_to_reg/i_fifo_read/mem_q[0][error]_i_1/O
                         net (fo=36, estimated)       0.682    10.009    i_kecc_aes_k_axi_top/i_axi2reg/i_axi_lite_to_reg/i_fifo_read/reg_rsp_o[error]
    SLICE_X35Y165        LUT4 (Prop_lut4_I1_O)        0.105    10.114 r  i_kecc_aes_k_axi_top/i_axi2reg/i_axi_lite_to_reg/i_fifo_read/q[63]_i_3__17/O
                         net (fo=65, estimated)       0.632    10.746    i_kecc_aes_k_axi_top/i_keccak_aes_k_top_unified/keccak_data_3_we
    SLICE_X34Y165        LUT5 (Prop_lut5_I0_O)        0.105    10.851 r  i_kecc_aes_k_axi_top/i_keccak_aes_k_top_unified/q[63]_i_1__2/O
                         net (fo=64, estimated)       0.598    11.449    i_kecc_aes_k_axi_top/kecc_aes_k_axi_unified_reg_top_i/u_keccak_data_3/q_reg[0]_3[0]
    SLICE_X31Y169        FDCE                                         r  i_kecc_aes_k_axi_top/kecc_aes_k_axi_unified_reg_top_i/u_keccak_data_3/q_reg[58]/CE
  -------------------------------------------------------------------    -------------------

                         (clock clk_i rise edge)     10.000    10.000 r  
                                                      0.000    10.000 r  clk_i (IN)
                         net (fo=4998, unset)         0.748    10.748    i_kecc_aes_k_axi_top/kecc_aes_k_axi_unified_reg_top_i/u_keccak_data_3/clk_i
    SLICE_X31Y169        FDCE                                         r  i_kecc_aes_k_axi_top/kecc_aes_k_axi_unified_reg_top_i/u_keccak_data_3/q_reg[58]/C
                         clock pessimism              0.000    10.748    
                         clock uncertainty           -0.035    10.712    
    SLICE_X31Y169        FDCE (Setup_fdce_C_CE)      -0.168    10.544    i_kecc_aes_k_axi_top/kecc_aes_k_axi_unified_reg_top_i/u_keccak_data_3/q_reg[58]
  -------------------------------------------------------------------
                         required time                         10.544    
                         arrival time                         -11.449    
  -------------------------------------------------------------------
                         slack                                 -0.905    

Slack (VIOLATED) :        -0.905ns  (required time - arrival time)
  Source:                 i_kecc_aes_k_axi_top/i_axi2reg/i_axi_to_axi_lite/i_axi_burst_splitter/i_demux_supported_vs_unsupported/gen_demux.gen_aw_id_counter.i_aw_id_counter/gen_counters[23].mst_select_q_reg[23][0]/C
                            (rising edge-triggered cell FDCE clocked by clk_i  {rise@0.000ns fall@5.000ns period=10.000ns})
  Destination:            i_kecc_aes_k_axi_top/kecc_aes_k_axi_unified_reg_top_i/u_keccak_data_3/q_reg[58]/CE
                            (rising edge-triggered cell FDCE clocked by clk_i  {rise@0.000ns fall@5.000ns period=10.000ns})
  Path Group:             clk_i
  Path Type:              Setup (Max at Slow Process Corner)
  Requirement:            10.000ns  (clk_i rise@10.000ns - clk_i rise@0.000ns)
  Data Path Delay:        10.662ns  (logic 2.655ns (24.902%)  route 8.007ns (75.098%))
  Logic Levels:           18  (LUT4=2 LUT5=6 LUT6=8 MUXF7=1 MUXF8=1)
  Clock Path Skew:        -0.039ns (DCD - SCD + CPR)
    Destination Clock Delay (DCD):    0.748ns = ( 10.748 - 10.000 ) 
    Source Clock Delay      (SCD):    0.787ns
    Clock Pessimism Removal (CPR):    0.000ns
  Clock Uncertainty:      0.035ns  ((TSJ^2 + TIJ^2)^1/2 + DJ) / 2 + PE
    Total System Jitter     (TSJ):    0.071ns
    Total Input Jitter      (TIJ):    0.000ns
    Discrete Jitter          (DJ):    0.000ns
    Phase Error              (PE):    0.000ns

    Location             Delay type                Incr(ns)  Path(ns)    Netlist Resource(s)
  -------------------------------------------------------------------    -------------------
                         (clock clk_i rise edge)      0.000     0.000 r  
                                                      0.000     0.000 r  clk_i (IN)
                         net (fo=4998, unset)         0.787     0.787    i_kecc_aes_k_axi_top/i_axi2reg/i_axi_to_axi_lite/i_axi_burst_splitter/i_demux_supported_vs_unsupported/gen_demux.gen_aw_id_counter.i_aw_id_counter/clk_i
    SLICE_X38Y133        FDCE                                         r  i_kecc_aes_k_axi_top/i_axi2reg/i_axi_to_axi_lite/i_axi_burst_splitter/i_demux_supported_vs_unsupported/gen_demux.gen_aw_id_counter.i_aw_id_counter/gen_counters[23].mst_select_q_reg[23][0]/C
  -------------------------------------------------------------------    -------------------
    SLICE_X38Y133        FDCE (Prop_fdce_C_Q)         0.398     1.185 f  i_kecc_aes_k_axi_top/i_axi2reg/i_axi_to_axi_lite/i_axi_burst_splitter/i_demux_supported_vs_unsupported/gen_demux.gen_aw_id_counter.i_aw_id_counter/gen_counters[23].mst_select_q_reg[23][0]/Q
                         net (fo=2, estimated)        0.674     1.859    i_kecc_aes_k_axi_top/i_axi2reg/i_axi_to_axi_lite/i_axi_burst_splitter/i_demux_supported_vs_unsupported/gen_demux.gen_aw_id_counter.i_aw_id_counter/gen_counters[23].mst_select_q_reg[23]_8
    SLICE_X41Y133        LUT6 (Prop_lut6_I0_O)        0.232     2.091 f  i_kecc_aes_k_axi_top/i_axi2reg/i_axi_to_axi_lite/i_axi_burst_splitter/i_demux_supported_vs_unsupported/gen_demux.gen_aw_id_counter.i_aw_id_counter/i__i_36/O
                         net (fo=1, routed)           0.000     2.091    i_kecc_aes_k_axi_top/i_axi2reg/i_axi_to_axi_lite/i_axi_burst_splitter/i_demux_supported_vs_unsupported/gen_demux.gen_aw_id_counter.i_aw_id_counter/i__i_36_n_0
    SLICE_X41Y133        MUXF7 (Prop_muxf7_I1_O)      0.206     2.297 f  i_kecc_aes_k_axi_top/i_axi2reg/i_axi_to_axi_lite/i_axi_burst_splitter/i_demux_supported_vs_unsupported/gen_demux.gen_aw_id_counter.i_aw_id_counter/i__i_15/O
                         net (fo=1, routed)           0.000     2.297    i_kecc_aes_k_axi_top/i_axi2reg/i_axi_to_axi_lite/i_axi_burst_splitter/i_demux_supported_vs_unsupported/gen_demux.gen_aw_id_counter.i_aw_id_counter/i__i_15_n_0
    SLICE_X41Y133        MUXF8 (Prop_muxf8_I0_O)      0.085     2.382 f  i_kecc_aes_k_axi_top/i_axi2reg/i_axi_to_axi_lite/i_axi_burst_splitter/i_demux_supported_vs_unsupported/gen_demux.gen_aw_id_counter.i_aw_id_counter/i__i_5/O
                         net (fo=1, estimated)        0.655     3.037    i_kecc_aes_k_axi_top/i_axi2reg/i_axi_to_axi_lite/i_axi_burst_splitter/i_demux_supported_vs_unsupported/gen_demux.gen_aw_id_counter.i_aw_id_counter/gen_counters[3].i_in_flight_cnt/i___33
    SLICE_X41Y134        LUT6 (Prop_lut6_I1_O)        0.264     3.301 f  i_kecc_aes_k_axi_top/i_axi2reg/i_axi_to_axi_lite/i_axi_burst_splitter/i_demux_supported_vs_unsupported/gen_demux.gen_aw_id_counter.i_aw_id_counter/gen_counters[3].i_in_flight_cnt/i__i_1__2__0/O
                         net (fo=2, estimated)        0.380     3.681    i_kecc_aes_k_axi_top/i_axi2reg/i_axi_to_axi_lite_n_170
    SLICE_X43Y137        LUT5 (Prop_lut5_I0_O)        0.105     3.786 f  i_kecc_aes_k_axi_top/i_axi2reg/i___80/O
                         net (fo=4, estimated)        0.251     4.037    i_kecc_aes_k_axi_top/i_axi2reg/i_axi_to_axi_lite/i_axi_burst_splitter/i_demux_supported_vs_unsupported/gen_demux.gen_aw_id_counter.i_aw_id_counter/gen_counters[3].i_in_flight_cnt/gen_demux.lock_aw_valid_q_reg_2
    SLICE_X45Y137        LUT5 (Prop_lut5_I2_O)        0.105     4.142 f  i_kecc_aes_k_axi_top/i_axi2reg/i_axi_to_axi_lite/i_axi_burst_splitter/i_demux_supported_vs_unsupported/gen_demux.gen_aw_id_counter.i_aw_id_counter/gen_counters[3].i_in_flight_cnt/i__i_4__6/O
                         net (fo=21, estimated)       0.443     4.585    i_kecc_aes_k_axi_top/i_axi2reg/i_axi_burst_splitter/i_axi_burst_splitter_aw_chan/state_d0
    SLICE_X44Y139        LUT5 (Prop_lut5_I4_O)        0.105     4.690 r  i_kecc_aes_k_axi_top/i_axi2reg/i__i_3__0/O
                         net (fo=2, estimated)        0.137     4.827    i_kecc_aes_k_axi_top/i_axi2reg/i__i_3__0_n_0
    SLICE_X44Y139        LUT5 (Prop_lut5_I2_O)        0.105     4.932 r  i_kecc_aes_k_axi_top/i_axi2reg/i__i_1__2/O
                         net (fo=3, estimated)        0.243     5.175    i_kecc_aes_k_axi_top/i_axi2reg/i__i_1__2_n_0
    SLICE_X43Y139        LUT6 (Prop_lut6_I0_O)        0.105     5.280 r  i_kecc_aes_k_axi_top/i_axi2reg/i__i_2__2/O
                         net (fo=59, estimated)       0.429     5.709    i_kecc_aes_k_axi_top/i_axi2reg/i__i_2__2_n_0
    SLICE_X42Y140        LUT5 (Prop_lut5_I3_O)        0.105     5.814 r  i_kecc_aes_k_axi_top/i_axi2reg/mem_q[0][data][63]_i_24/O
                         net (fo=6, estimated)        1.161     6.975    i_kecc_aes_k_axi_top/i_axi2reg/i_axi_lite_to_reg/i_fifo_read/reg_req_i[addr][4]
    SLICE_X42Y156        LUT6 (Prop_lut6_I0_O)        0.105     7.080 f  i_kecc_aes_k_axi_top/i_axi2reg/i_axi_lite_to_reg/i_fifo_read/mem_q[0][data][31]_i_19/O
                         net (fo=6, estimated)        0.495     7.575    i_kecc_aes_k_axi_top/i_axi2reg/i_axi_lite_to_reg/i_fifo_read/mem_q[0][data][31]_i_19_n_0
    SLICE_X43Y158        LUT4 (Prop_lut4_I1_O)        0.105     7.680 r  i_kecc_aes_k_axi_top/i_axi2reg/i_axi_lite_to_reg/i_fifo_read/mem_q[0][data][31]_i_13/O
                         net (fo=7, estimated)        0.483     8.163    i_kecc_aes_k_axi_top/i_axi2reg/i_axi_lite_to_reg/i_fifo_read/mem_q_reg[1][3]_2
    SLICE_X39Y160        LUT6 (Prop_lut6_I0_O)        0.105     8.268 r  i_kecc_aes_k_axi_top/i_axi2reg/i_axi_lite_to_reg/i_fifo_read/mem_q[0][error]_i_16/O
                         net (fo=1, estimated)        0.422     8.690    i_kecc_aes_k_axi_top/i_axi2reg/i_axi_lite_to_reg/i_fifo_read/mem_q[0][error]_i_16_n_0
    SLICE_X39Y161        LUT6 (Prop_lut6_I4_O)        0.105     8.795 r  i_kecc_aes_k_axi_top/i_axi2reg/i_axi_lite_to_reg/i_fifo_read/mem_q[0][error]_i_11/O
                         net (fo=1, estimated)        0.205     9.000    i_kecc_aes_k_axi_top/i_axi2reg/i_axi_lite_to_reg/i_fifo_read/mem_q[0][error]_i_11_n_0
    SLICE_X39Y161        LUT6 (Prop_lut6_I0_O)        0.105     9.105 r  i_kecc_aes_k_axi_top/i_axi2reg/i_axi_lite_to_reg/i_fifo_read/mem_q[0][error]_i_5/O
                         net (fo=1, estimated)        0.117     9.222    i_kecc_aes_k_axi_top/i_axi2reg/i_axi_lite_to_reg/i_fifo_read/mem_q[0][error]_i_5_n_0
    SLICE_X39Y161        LUT6 (Prop_lut6_I4_O)        0.105     9.327 f  i_kecc_aes_k_axi_top/i_axi2reg/i_axi_lite_to_reg/i_fifo_read/mem_q[0][error]_i_1/O
                         net (fo=36, estimated)       0.682    10.009    i_kecc_aes_k_axi_top/i_axi2reg/i_axi_lite_to_reg/i_fifo_read/reg_rsp_o[error]
    SLICE_X35Y165        LUT4 (Prop_lut4_I1_O)        0.105    10.114 r  i_kecc_aes_k_axi_top/i_axi2reg/i_axi_lite_to_reg/i_fifo_read/q[63]_i_3__17/O
                         net (fo=65, estimated)       0.632    10.746    i_kecc_aes_k_axi_top/i_keccak_aes_k_top_unified/keccak_data_3_we
    SLICE_X34Y165        LUT5 (Prop_lut5_I0_O)        0.105    10.851 r  i_kecc_aes_k_axi_top/i_keccak_aes_k_top_unified/q[63]_i_1__2/O
                         net (fo=64, estimated)       0.598    11.449    i_kecc_aes_k_axi_top/kecc_aes_k_axi_unified_reg_top_i/u_keccak_data_3/q_reg[0]_3[0]
    SLICE_X31Y169        FDCE                                         r  i_kecc_aes_k_axi_top/kecc_aes_k_axi_unified_reg_top_i/u_keccak_data_3/q_reg[58]/CE
  -------------------------------------------------------------------    -------------------

                         (clock clk_i rise edge)     10.000    10.000 r  
                                                      0.000    10.000 r  clk_i (IN)
                         net (fo=4998, unset)         0.748    10.748    i_kecc_aes_k_axi_top/kecc_aes_k_axi_unified_reg_top_i/u_keccak_data_3/clk_i
    SLICE_X31Y169        FDCE                                         r  i_kecc_aes_k_axi_top/kecc_aes_k_axi_unified_reg_top_i/u_keccak_data_3/q_reg[58]/C
                         clock pessimism              0.000    10.748    
                         clock uncertainty           -0.035    10.712    
    SLICE_X31Y169        FDCE (Setup_fdce_C_CE)      -0.168    10.544    i_kecc_aes_k_axi_top/kecc_aes_k_axi_unified_reg_top_i/u_keccak_data_3/q_reg[58]
  -------------------------------------------------------------------
                         required time                         10.544    
                         arrival time                         -11.449    
  -------------------------------------------------------------------
                         slack                                 -0.905    

Slack (VIOLATED) :        -0.905ns  (required time - arrival time)
  Source:                 i_kecc_aes_k_axi_top/i_axi2reg/i_axi_to_axi_lite/i_axi_burst_splitter/i_demux_supported_vs_unsupported/gen_demux.gen_ar_id_counter.i_ar_id_counter/gen_counters[10].i_in_flight_cnt/counter_q_reg[0]/C
                            (rising edge-triggered cell FDCE clocked by clk_i  {rise@0.000ns fall@5.000ns period=10.000ns})
  Destination:            i_kecc_aes_k_axi_top/kecc_aes_k_axi_unified_reg_top_i/u_keccak_data_3/q_reg[58]/CE
                            (rising edge-triggered cell FDCE clocked by clk_i  {rise@0.000ns fall@5.000ns period=10.000ns})
  Path Group:             clk_i
  Path Type:              Setup (Max at Slow Process Corner)
  Requirement:            10.000ns  (clk_i rise@10.000ns - clk_i rise@0.000ns)
  Data Path Delay:        10.662ns  (logic 2.164ns (20.296%)  route 8.498ns (79.704%))
  Logic Levels:           17  (LUT4=3 LUT5=6 LUT6=8)
  Clock Path Skew:        -0.039ns (DCD - SCD + CPR)
    Destination Clock Delay (DCD):    0.748ns = ( 10.748 - 10.000 ) 
    Source Clock Delay      (SCD):    0.787ns
    Clock Pessimism Removal (CPR):    0.000ns
  Clock Uncertainty:      0.035ns  ((TSJ^2 + TIJ^2)^1/2 + DJ) / 2 + PE
    Total System Jitter     (TSJ):    0.071ns
    Total Input Jitter      (TIJ):    0.000ns
    Discrete Jitter          (DJ):    0.000ns
    Phase Error              (PE):    0.000ns

    Location             Delay type                Incr(ns)  Path(ns)    Netlist Resource(s)
  -------------------------------------------------------------------    -------------------
                         (clock clk_i rise edge)      0.000     0.000 r  
                                                      0.000     0.000 r  clk_i (IN)
                         net (fo=4998, unset)         0.787     0.787    i_kecc_aes_k_axi_top/i_axi2reg/i_axi_to_axi_lite/i_axi_burst_splitter/i_demux_supported_vs_unsupported/gen_demux.gen_ar_id_counter.i_ar_id_counter/gen_counters[10].i_in_flight_cnt/clk_i
    SLICE_X35Y134        FDCE                                         r  i_kecc_aes_k_axi_top/i_axi2reg/i_axi_to_axi_lite/i_axi_burst_splitter/i_demux_supported_vs_unsupported/gen_demux.gen_ar_id_counter.i_ar_id_counter/gen_counters[10].i_in_flight_cnt/counter_q_reg[0]/C
  -------------------------------------------------------------------    -------------------
    SLICE_X35Y134        FDCE (Prop_fdce_C_Q)         0.379     1.166 r  i_kecc_aes_k_axi_top/i_axi2reg/i_axi_to_axi_lite/i_axi_burst_splitter/i_demux_supported_vs_unsupported/gen_demux.gen_ar_id_counter.i_ar_id_counter/gen_counters[10].i_in_flight_cnt/counter_q_reg[0]/Q
                         net (fo=4, estimated)        0.548     1.714    i_kecc_aes_k_axi_top/i_axi2reg/i_axi_to_axi_lite/i_axi_burst_splitter/i_demux_supported_vs_unsupported/gen_demux.gen_ar_id_counter.i_ar_id_counter/gen_counters[10].i_in_flight_cnt/counter_q_reg[0]_0
    SLICE_X34Y135        LUT4 (Prop_lut4_I0_O)        0.105     1.819 r  i_kecc_aes_k_axi_top/i_axi2reg/i_axi_to_axi_lite/i_axi_burst_splitter/i_demux_supported_vs_unsupported/gen_demux.gen_ar_id_counter.i_ar_id_counter/gen_counters[10].i_in_flight_cnt/axi_rsp_o[ar_ready]_INST_0_i_27/O
                         net (fo=1, estimated)        0.229     2.048    i_kecc_aes_k_axi_top/i_axi2reg/i_axi_to_axi_lite/i_axi_burst_splitter/i_demux_supported_vs_unsupported/gen_demux.gen_ar_id_counter.i_ar_id_counter/gen_counters[9].i_in_flight_cnt/axi_rsp_o[ar_ready]_INST_0_i_5_0
    SLICE_X37Y135        LUT5 (Prop_lut5_I4_O)        0.105     2.153 r  i_kecc_aes_k_axi_top/i_axi2reg/i_axi_to_axi_lite/i_axi_burst_splitter/i_demux_supported_vs_unsupported/gen_demux.gen_ar_id_counter.i_ar_id_counter/gen_counters[9].i_in_flight_cnt/axi_rsp_o[ar_ready]_INST_0_i_13/O
                         net (fo=1, estimated)        0.655     2.808    i_kecc_aes_k_axi_top/i_axi2reg/i_axi_to_axi_lite/i_axi_burst_splitter/i_demux_supported_vs_unsupported/gen_demux.gen_ar_id_counter.i_ar_id_counter/gen_counters[9].i_in_flight_cnt/axi_rsp_o[ar_ready]_INST_0_i_13_n_0
    SLICE_X37Y134        LUT6 (Prop_lut6_I0_O)        0.105     2.913 r  i_kecc_aes_k_axi_top/i_axi2reg/i_axi_to_axi_lite/i_axi_burst_splitter/i_demux_supported_vs_unsupported/gen_demux.gen_ar_id_counter.i_ar_id_counter/gen_counters[9].i_in_flight_cnt/axi_rsp_o[ar_ready]_INST_0_i_5/O
                         net (fo=6, estimated)        0.535     3.448    i_kecc_aes_k_axi_top/i_axi2reg/i_axi_to_axi_lite/i_axi_burst_splitter/i_demux_supported_vs_unsupported/gen_demux.gen_aw_id_counter.i_aw_id_counter/gen_counters[21].i_in_flight_cnt/gen_demux.lock_aw_valid_q_reg_0
    SLICE_X37Y135        LUT6 (Prop_lut6_I2_O)        0.105     3.553 f  i_kecc_aes_k_axi_top/i_axi2reg/i_axi_to_axi_lite/i_axi_burst_splitter/i_demux_supported_vs_unsupported/gen_demux.gen_aw_id_counter.i_aw_id_counter/gen_counters[21].i_in_flight_cnt/axi_rsp_o[aw_ready]_INST_0_i_4/O
                         net (fo=4, estimated)        0.484     4.037    i_kecc_aes_k_axi_top/i_axi2reg/i_axi_to_axi_lite/i_axi_burst_splitter/i_demux_supported_vs_unsupported/gen_demux.gen_aw_id_counter.i_aw_id_counter/gen_counters[3].i_in_flight_cnt/gen_demux.aw_valid1
    SLICE_X45Y137        LUT5 (Prop_lut5_I3_O)        0.105     4.142 f  i_kecc_aes_k_axi_top/i_axi2reg/i_axi_to_axi_lite/i_axi_burst_splitter/i_demux_supported_vs_unsupported/gen_demux.gen_aw_id_counter.i_aw_id_counter/gen_counters[3].i_in_flight_cnt/i__i_4__6/O
                         net (fo=21, estimated)       0.443     4.585    i_kecc_aes_k_axi_top/i_axi2reg/i_axi_burst_splitter/i_axi_burst_splitter_aw_chan/state_d0
    SLICE_X44Y139        LUT5 (Prop_lut5_I4_O)        0.105     4.690 r  i_kecc_aes_k_axi_top/i_axi2reg/i__i_3__0/O
                         net (fo=2, estimated)        0.137     4.827    i_kecc_aes_k_axi_top/i_axi2reg/i__i_3__0_n_0
    SLICE_X44Y139        LUT5 (Prop_lut5_I2_O)        0.105     4.932 r  i_kecc_aes_k_axi_top/i_axi2reg/i__i_1__2/O
                         net (fo=3, estimated)        0.243     5.175    i_kecc_aes_k_axi_top/i_axi2reg/i__i_1__2_n_0
    SLICE_X43Y139        LUT6 (Prop_lut6_I0_O)        0.105     5.280 r  i_kecc_aes_k_axi_top/i_axi2reg/i__i_2__2/O
                         net (fo=59, estimated)       0.429     5.709    i_kecc_aes_k_axi_top/i_axi2reg/i__i_2__2_n_0
    SLICE_X42Y140        LUT5 (Prop_lut5_I3_O)        0.105     5.814 r  i_kecc_aes_k_axi_top/i_axi2reg/mem_q[0][data][63]_i_24/O
                         net (fo=6, estimated)        1.161     6.975    i_kecc_aes_k_axi_top/i_axi2reg/i_axi_lite_to_reg/i_fifo_read/reg_req_i[addr][4]
    SLICE_X42Y156        LUT6 (Prop_lut6_I0_O)        0.105     7.080 f  i_kecc_aes_k_axi_top/i_axi2reg/i_axi_lite_to_reg/i_fifo_read/mem_q[0][data][31]_i_19/O
                         net (fo=6, estimated)        0.495     7.575    i_kecc_aes_k_axi_top/i_axi2reg/i_axi_lite_to_reg/i_fifo_read/mem_q[0][data][31]_i_19_n_0
    SLICE_X43Y158        LUT4 (Prop_lut4_I1_O)        0.105     7.680 r  i_kecc_aes_k_axi_top/i_axi2reg/i_axi_lite_to_reg/i_fifo_read/mem_q[0][data][31]_i_13/O
                         net (fo=7, estimated)        0.483     8.163    i_kecc_aes_k_axi_top/i_axi2reg/i_axi_lite_to_reg/i_fifo_read/mem_q_reg[1][3]_2
    SLICE_X39Y160        LUT6 (Prop_lut6_I0_O)        0.105     8.268 r  i_kecc_aes_k_axi_top/i_axi2reg/i_axi_lite_to_reg/i_fifo_read/mem_q[0][error]_i_16/O
                         net (fo=1, estimated)        0.422     8.690    i_kecc_aes_k_axi_top/i_axi2reg/i_axi_lite_to_reg/i_fifo_read/mem_q[0][error]_i_16_n_0
    SLICE_X39Y161        LUT6 (Prop_lut6_I4_O)        0.105     8.795 r  i_kecc_aes_k_axi_top/i_axi2reg/i_axi_lite_to_reg/i_fifo_read/mem_q[0][error]_i_11/O
                         net (fo=1, estimated)        0.205     9.000    i_kecc_aes_k_axi_top/i_axi2reg/i_axi_lite_to_reg/i_fifo_read/mem_q[0][error]_i_11_n_0
    SLICE_X39Y161        LUT6 (Prop_lut6_I0_O)        0.105     9.105 r  i_kecc_aes_k_axi_top/i_axi2reg/i_axi_lite_to_reg/i_fifo_read/mem_q[0][error]_i_5/O
                         net (fo=1, estimated)        0.117     9.222    i_kecc_aes_k_axi_top/i_axi2reg/i_axi_lite_to_reg/i_fifo_read/mem_q[0][error]_i_5_n_0
    SLICE_X39Y161        LUT6 (Prop_lut6_I4_O)        0.105     9.327 f  i_kecc_aes_k_axi_top/i_axi2reg/i_axi_lite_to_reg/i_fifo_read/mem_q[0][error]_i_1/O
                         net (fo=36, estimated)       0.682    10.009    i_kecc_aes_k_axi_top/i_axi2reg/i_axi_lite_to_reg/i_fifo_read/reg_rsp_o[error]
    SLICE_X35Y165        LUT4 (Prop_lut4_I1_O)        0.105    10.114 r  i_kecc_aes_k_axi_top/i_axi2reg/i_axi_lite_to_reg/i_fifo_read/q[63]_i_3__17/O
                         net (fo=65, estimated)       0.632    10.746    i_kecc_aes_k_axi_top/i_keccak_aes_k_top_unified/keccak_data_3_we
    SLICE_X34Y165        LUT5 (Prop_lut5_I0_O)        0.105    10.851 r  i_kecc_aes_k_axi_top/i_keccak_aes_k_top_unified/q[63]_i_1__2/O
                         net (fo=64, estimated)       0.598    11.449    i_kecc_aes_k_axi_top/kecc_aes_k_axi_unified_reg_top_i/u_keccak_data_3/q_reg[0]_3[0]
    SLICE_X31Y169        FDCE                                         r  i_kecc_aes_k_axi_top/kecc_aes_k_axi_unified_reg_top_i/u_keccak_data_3/q_reg[58]/CE
  -------------------------------------------------------------------    -------------------

                         (clock clk_i rise edge)     10.000    10.000 r  
                                                      0.000    10.000 r  clk_i (IN)
                         net (fo=4998, unset)         0.748    10.748    i_kecc_aes_k_axi_top/kecc_aes_k_axi_unified_reg_top_i/u_keccak_data_3/clk_i
    SLICE_X31Y169        FDCE                                         r  i_kecc_aes_k_axi_top/kecc_aes_k_axi_unified_reg_top_i/u_keccak_data_3/q_reg[58]/C
                         clock pessimism              0.000    10.748    
                         clock uncertainty           -0.035    10.712    
    SLICE_X31Y169        FDCE (Setup_fdce_C_CE)      -0.168    10.544    i_kecc_aes_k_axi_top/kecc_aes_k_axi_unified_reg_top_i/u_keccak_data_3/q_reg[58]
  -------------------------------------------------------------------
                         required time                         10.544    
                         arrival time                         -11.449    
  -------------------------------------------------------------------
                         slack                                 -0.905    

Slack (VIOLATED) :        -0.905ns  (required time - arrival time)
  Source:                 i_kecc_aes_k_axi_top/i_axi2reg/i_axi_to_axi_lite/i_axi_burst_splitter/i_demux_supported_vs_unsupported/gen_demux.gen_aw_id_counter.i_aw_id_counter/gen_counters[23].mst_select_q_reg[23][0]/C
                            (rising edge-triggered cell FDCE clocked by clk_i  {rise@0.000ns fall@5.000ns period=10.000ns})
  Destination:            i_kecc_aes_k_axi_top/kecc_aes_k_axi_unified_reg_top_i/u_keccak_data_3/q_reg[58]/CE
                            (rising edge-triggered cell FDCE clocked by clk_i  {rise@0.000ns fall@5.000ns period=10.000ns})
  Path Group:             clk_i
  Path Type:              Setup (Max at Slow Process Corner)
  Requirement:            10.000ns  (clk_i rise@10.000ns - clk_i rise@0.000ns)
  Data Path Delay:        10.662ns  (logic 2.655ns (24.902%)  route 8.007ns (75.098%))
  Logic Levels:           18  (LUT4=2 LUT5=6 LUT6=8 MUXF7=1 MUXF8=1)
  Clock Path Skew:        -0.039ns (DCD - SCD + CPR)
    Destination Clock Delay (DCD):    0.748ns = ( 10.748 - 10.000 ) 
    Source Clock Delay      (SCD):    0.787ns
    Clock Pessimism Removal (CPR):    0.000ns
  Clock Uncertainty:      0.035ns  ((TSJ^2 + TIJ^2)^1/2 + DJ) / 2 + PE
    Total System Jitter     (TSJ):    0.071ns
    Total Input Jitter      (TIJ):    0.000ns
    Discrete Jitter          (DJ):    0.000ns
    Phase Error              (PE):    0.000ns

    Location             Delay type                Incr(ns)  Path(ns)    Netlist Resource(s)
  -------------------------------------------------------------------    -------------------
                         (clock clk_i rise edge)      0.000     0.000 r  
                                                      0.000     0.000 r  clk_i (IN)
                         net (fo=4998, unset)         0.787     0.787    i_kecc_aes_k_axi_top/i_axi2reg/i_axi_to_axi_lite/i_axi_burst_splitter/i_demux_supported_vs_unsupported/gen_demux.gen_aw_id_counter.i_aw_id_counter/clk_i
    SLICE_X38Y133        FDCE                                         r  i_kecc_aes_k_axi_top/i_axi2reg/i_axi_to_axi_lite/i_axi_burst_splitter/i_demux_supported_vs_unsupported/gen_demux.gen_aw_id_counter.i_aw_id_counter/gen_counters[23].mst_select_q_reg[23][0]/C
  -------------------------------------------------------------------    -------------------
    SLICE_X38Y133        FDCE (Prop_fdce_C_Q)         0.398     1.185 r  i_kecc_aes_k_axi_top/i_axi2reg/i_axi_to_axi_lite/i_axi_burst_splitter/i_demux_supported_vs_unsupported/gen_demux.gen_aw_id_counter.i_aw_id_counter/gen_counters[23].mst_select_q_reg[23][0]/Q
                         net (fo=2, estimated)        0.674     1.859    i_kecc_aes_k_axi_top/i_axi2reg/i_axi_to_axi_lite/i_axi_burst_splitter/i_demux_supported_vs_unsupported/gen_demux.gen_aw_id_counter.i_aw_id_counter/gen_counters[23].mst_select_q_reg[23]_8
    SLICE_X41Y133        LUT6 (Prop_lut6_I0_O)        0.232     2.091 r  i_kecc_aes_k_axi_top/i_axi2reg/i_axi_to_axi_lite/i_axi_burst_splitter/i_demux_supported_vs_unsupported/gen_demux.gen_aw_id_counter.i_aw_id_counter/i__i_36/O
                         net (fo=1, routed)           0.000     2.091    i_kecc_aes_k_axi_top/i_axi2reg/i_axi_to_axi_lite/i_axi_burst_splitter/i_demux_supported_vs_unsupported/gen_demux.gen_aw_id_counter.i_aw_id_counter/i__i_36_n_0
    SLICE_X41Y133        MUXF7 (Prop_muxf7_I1_O)      0.206     2.297 r  i_kecc_aes_k_axi_top/i_axi2reg/i_axi_to_axi_lite/i_axi_burst_splitter/i_demux_supported_vs_unsupported/gen_demux.gen_aw_id_counter.i_aw_id_counter/i__i_15/O
                         net (fo=1, routed)           0.000     2.297    i_kecc_aes_k_axi_top/i_axi2reg/i_axi_to_axi_lite/i_axi_burst_splitter/i_demux_supported_vs_unsupported/gen_demux.gen_aw_id_counter.i_aw_id_counter/i__i_15_n_0
    SLICE_X41Y133        MUXF8 (Prop_muxf8_I0_O)      0.085     2.382 r  i_kecc_aes_k_axi_top/i_axi2reg/i_axi_to_axi_lite/i_axi_burst_splitter/i_demux_supported_vs_unsupported/gen_demux.gen_aw_id_counter.i_aw_id_counter/i__i_5/O
                         net (fo=1, estimated)        0.655     3.037    i_kecc_aes_k_axi_top/i_axi2reg/i_axi_to_axi_lite/i_axi_burst_splitter/i_demux_supported_vs_unsupported/gen_demux.gen_aw_id_counter.i_aw_id_counter/gen_counters[3].i_in_flight_cnt/i___33
    SLICE_X41Y134        LUT6 (Prop_lut6_I1_O)        0.264     3.301 r  i_kecc_aes_k_axi_top/i_axi2reg/i_axi_to_axi_lite/i_axi_burst_splitter/i_demux_supported_vs_unsupported/gen_demux.gen_aw_id_counter.i_aw_id_counter/gen_counters[3].i_in_flight_cnt/i__i_1__2__0/O
                         net (fo=2, estimated)        0.380     3.681    i_kecc_aes_k_axi_top/i_axi2reg/i_axi_to_axi_lite_n_170
    SLICE_X43Y137        LUT5 (Prop_lut5_I0_O)        0.105     3.786 r  i_kecc_aes_k_axi_top/i_axi2reg/i___80/O
                         net (fo=4, estimated)        0.251     4.037    i_kecc_aes_k_axi_top/i_axi2reg/i_axi_to_axi_lite/i_axi_burst_splitter/i_demux_supported_vs_unsupported/gen_demux.gen_aw_id_counter.i_aw_id_counter/gen_counters[3].i_in_flight_cnt/gen_demux.lock_aw_valid_q_reg_2
    SLICE_X45Y137        LUT5 (Prop_lut5_I2_O)        0.105     4.142 r  i_kecc_aes_k_axi_top/i_axi2reg/i_axi_to_axi_lite/i_axi_burst_splitter/i_demux_supported_vs_unsupported/gen_demux.gen_aw_id_counter.i_aw_id_counter/gen_counters[3].i_in_flight_cnt/i__i_4__6/O
                         net (fo=21, estimated)       0.443     4.585    i_kecc_aes_k_axi_top/i_axi2reg/i_axi_burst_splitter/i_axi_burst_splitter_aw_chan/state_d0
    SLICE_X44Y139        LUT5 (Prop_lut5_I4_O)        0.105     4.690 f  i_kecc_aes_k_axi_top/i_axi2reg/i__i_3__0/O
                         net (fo=2, estimated)        0.137     4.827    i_kecc_aes_k_axi_top/i_axi2reg/i__i_3__0_n_0
    SLICE_X44Y139        LUT5 (Prop_lut5_I2_O)        0.105     4.932 f  i_kecc_aes_k_axi_top/i_axi2reg/i__i_1__2/O
                         net (fo=3, estimated)        0.243     5.175    i_kecc_aes_k_axi_top/i_axi2reg/i__i_1__2_n_0
    SLICE_X43Y139        LUT6 (Prop_lut6_I0_O)        0.105     5.280 f  i_kecc_aes_k_axi_top/i_axi2reg/i__i_2__2/O
                         net (fo=59, estimated)       0.429     5.709    i_kecc_aes_k_axi_top/i_axi2reg/i__i_2__2_n_0
    SLICE_X42Y140        LUT5 (Prop_lut5_I3_O)        0.105     5.814 r  i_kecc_aes_k_axi_top/i_axi2reg/mem_q[0][data][63]_i_24/O
                         net (fo=6, estimated)        1.161     6.975    i_kecc_aes_k_axi_top/i_axi2reg/i_axi_lite_to_reg/i_fifo_read/reg_req_i[addr][4]
    SLICE_X42Y156        LUT6 (Prop_lut6_I0_O)        0.105     7.080 f  i_kecc_aes_k_axi_top/i_axi2reg/i_axi_lite_to_reg/i_fifo_read/mem_q[0][data][31]_i_19/O
                         net (fo=6, estimated)        0.495     7.575    i_kecc_aes_k_axi_top/i_axi2reg/i_axi_lite_to_reg/i_fifo_read/mem_q[0][data][31]_i_19_n_0
    SLICE_X43Y158        LUT4 (Prop_lut4_I1_O)        0.105     7.680 r  i_kecc_aes_k_axi_top/i_axi2reg/i_axi_lite_to_reg/i_fifo_read/mem_q[0][data][31]_i_13/O
                         net (fo=7, estimated)        0.483     8.163    i_kecc_aes_k_axi_top/i_axi2reg/i_axi_lite_to_reg/i_fifo_read/mem_q_reg[1][3]_2
    SLICE_X39Y160        LUT6 (Prop_lut6_I0_O)        0.105     8.268 r  i_kecc_aes_k_axi_top/i_axi2reg/i_axi_lite_to_reg/i_fifo_read/mem_q[0][error]_i_16/O
                         net (fo=1, estimated)        0.422     8.690    i_kecc_aes_k_axi_top/i_axi2reg/i_axi_lite_to_reg/i_fifo_read/mem_q[0][error]_i_16_n_0
    SLICE_X39Y161        LUT6 (Prop_lut6_I4_O)        0.105     8.795 r  i_kecc_aes_k_axi_top/i_axi2reg/i_axi_lite_to_reg/i_fifo_read/mem_q[0][error]_i_11/O
                         net (fo=1, estimated)        0.205     9.000    i_kecc_aes_k_axi_top/i_axi2reg/i_axi_lite_to_reg/i_fifo_read/mem_q[0][error]_i_11_n_0
    SLICE_X39Y161        LUT6 (Prop_lut6_I0_O)        0.105     9.105 r  i_kecc_aes_k_axi_top/i_axi2reg/i_axi_lite_to_reg/i_fifo_read/mem_q[0][error]_i_5/O
                         net (fo=1, estimated)        0.117     9.222    i_kecc_aes_k_axi_top/i_axi2reg/i_axi_lite_to_reg/i_fifo_read/mem_q[0][error]_i_5_n_0
    SLICE_X39Y161        LUT6 (Prop_lut6_I4_O)        0.105     9.327 f  i_kecc_aes_k_axi_top/i_axi2reg/i_axi_lite_to_reg/i_fifo_read/mem_q[0][error]_i_1/O
                         net (fo=36, estimated)       0.682    10.009    i_kecc_aes_k_axi_top/i_axi2reg/i_axi_lite_to_reg/i_fifo_read/reg_rsp_o[error]
    SLICE_X35Y165        LUT4 (Prop_lut4_I1_O)        0.105    10.114 r  i_kecc_aes_k_axi_top/i_axi2reg/i_axi_lite_to_reg/i_fifo_read/q[63]_i_3__17/O
                         net (fo=65, estimated)       0.632    10.746    i_kecc_aes_k_axi_top/i_keccak_aes_k_top_unified/keccak_data_3_we
    SLICE_X34Y165        LUT5 (Prop_lut5_I0_O)        0.105    10.851 r  i_kecc_aes_k_axi_top/i_keccak_aes_k_top_unified/q[63]_i_1__2/O
                         net (fo=64, estimated)       0.598    11.449    i_kecc_aes_k_axi_top/kecc_aes_k_axi_unified_reg_top_i/u_keccak_data_3/q_reg[0]_3[0]
    SLICE_X31Y169        FDCE                                         r  i_kecc_aes_k_axi_top/kecc_aes_k_axi_unified_reg_top_i/u_keccak_data_3/q_reg[58]/CE
  -------------------------------------------------------------------    -------------------

                         (clock clk_i rise edge)     10.000    10.000 r  
                                                      0.000    10.000 r  clk_i (IN)
                         net (fo=4998, unset)         0.748    10.748    i_kecc_aes_k_axi_top/kecc_aes_k_axi_unified_reg_top_i/u_keccak_data_3/clk_i
    SLICE_X31Y169        FDCE                                         r  i_kecc_aes_k_axi_top/kecc_aes_k_axi_unified_reg_top_i/u_keccak_data_3/q_reg[58]/C
                         clock pessimism              0.000    10.748    
                         clock uncertainty           -0.035    10.712    
    SLICE_X31Y169        FDCE (Setup_fdce_C_CE)      -0.168    10.544    i_kecc_aes_k_axi_top/kecc_aes_k_axi_unified_reg_top_i/u_keccak_data_3/q_reg[58]
  -------------------------------------------------------------------
                         required time                         10.544    
                         arrival time                         -11.449    
  -------------------------------------------------------------------
                         slack                                 -0.905    

Slack (VIOLATED) :        -0.905ns  (required time - arrival time)
  Source:                 i_kecc_aes_k_axi_top/i_axi2reg/i_axi_to_axi_lite/i_axi_burst_splitter/i_demux_supported_vs_unsupported/gen_demux.gen_aw_id_counter.i_aw_id_counter/gen_counters[23].mst_select_q_reg[23][0]/C
                            (rising edge-triggered cell FDCE clocked by clk_i  {rise@0.000ns fall@5.000ns period=10.000ns})
  Destination:            i_kecc_aes_k_axi_top/kecc_aes_k_axi_unified_reg_top_i/u_keccak_data_3/q_reg[58]/CE
                            (rising edge-triggered cell FDCE clocked by clk_i  {rise@0.000ns fall@5.000ns period=10.000ns})
  Path Group:             clk_i
  Path Type:              Setup (Max at Slow Process Corner)
  Requirement:            10.000ns  (clk_i rise@10.000ns - clk_i rise@0.000ns)
  Data Path Delay:        10.662ns  (logic 2.655ns (24.902%)  route 8.007ns (75.098%))
  Logic Levels:           18  (LUT4=2 LUT5=6 LUT6=8 MUXF7=1 MUXF8=1)
  Clock Path Skew:        -0.039ns (DCD - SCD + CPR)
    Destination Clock Delay (DCD):    0.748ns = ( 10.748 - 10.000 ) 
    Source Clock Delay      (SCD):    0.787ns
    Clock Pessimism Removal (CPR):    0.000ns
  Clock Uncertainty:      0.035ns  ((TSJ^2 + TIJ^2)^1/2 + DJ) / 2 + PE
    Total System Jitter     (TSJ):    0.071ns
    Total Input Jitter      (TIJ):    0.000ns
    Discrete Jitter          (DJ):    0.000ns
    Phase Error              (PE):    0.000ns

    Location             Delay type                Incr(ns)  Path(ns)    Netlist Resource(s)
  -------------------------------------------------------------------    -------------------
                         (clock clk_i rise edge)      0.000     0.000 r  
                                                      0.000     0.000 r  clk_i (IN)
                         net (fo=4998, unset)         0.787     0.787    i_kecc_aes_k_axi_top/i_axi2reg/i_axi_to_axi_lite/i_axi_burst_splitter/i_demux_supported_vs_unsupported/gen_demux.gen_aw_id_counter.i_aw_id_counter/clk_i
    SLICE_X38Y133        FDCE                                         r  i_kecc_aes_k_axi_top/i_axi2reg/i_axi_to_axi_lite/i_axi_burst_splitter/i_demux_supported_vs_unsupported/gen_demux.gen_aw_id_counter.i_aw_id_counter/gen_counters[23].mst_select_q_reg[23][0]/C
  -------------------------------------------------------------------    -------------------
    SLICE_X38Y133        FDCE (Prop_fdce_C_Q)         0.398     1.185 f  i_kecc_aes_k_axi_top/i_axi2reg/i_axi_to_axi_lite/i_axi_burst_splitter/i_demux_supported_vs_unsupported/gen_demux.gen_aw_id_counter.i_aw_id_counter/gen_counters[23].mst_select_q_reg[23][0]/Q
                         net (fo=2, estimated)        0.674     1.859    i_kecc_aes_k_axi_top/i_axi2reg/i_axi_to_axi_lite/i_axi_burst_splitter/i_demux_supported_vs_unsupported/gen_demux.gen_aw_id_counter.i_aw_id_counter/gen_counters[23].mst_select_q_reg[23]_8
    SLICE_X41Y133        LUT6 (Prop_lut6_I0_O)        0.232     2.091 f  i_kecc_aes_k_axi_top/i_axi2reg/i_axi_to_axi_lite/i_axi_burst_splitter/i_demux_supported_vs_unsupported/gen_demux.gen_aw_id_counter.i_aw_id_counter/i__i_36/O
                         net (fo=1, routed)           0.000     2.091    i_kecc_aes_k_axi_top/i_axi2reg/i_axi_to_axi_lite/i_axi_burst_splitter/i_demux_supported_vs_unsupported/gen_demux.gen_aw_id_counter.i_aw_id_counter/i__i_36_n_0
    SLICE_X41Y133        MUXF7 (Prop_muxf7_I1_O)      0.206     2.297 f  i_kecc_aes_k_axi_top/i_axi2reg/i_axi_to_axi_lite/i_axi_burst_splitter/i_demux_supported_vs_unsupported/gen_demux.gen_aw_id_counter.i_aw_id_counter/i__i_15/O
                         net (fo=1, routed)           0.000     2.297    i_kecc_aes_k_axi_top/i_axi2reg/i_axi_to_axi_lite/i_axi_burst_splitter/i_demux_supported_vs_unsupported/gen_demux.gen_aw_id_counter.i_aw_id_counter/i__i_15_n_0
    SLICE_X41Y133        MUXF8 (Prop_muxf8_I0_O)      0.085     2.382 f  i_kecc_aes_k_axi_top/i_axi2reg/i_axi_to_axi_lite/i_axi_burst_splitter/i_demux_supported_vs_unsupported/gen_demux.gen_aw_id_counter.i_aw_id_counter/i__i_5/O
                         net (fo=1, estimated)        0.655     3.037    i_kecc_aes_k_axi_top/i_axi2reg/i_axi_to_axi_lite/i_axi_burst_splitter/i_demux_supported_vs_unsupported/gen_demux.gen_aw_id_counter.i_aw_id_counter/gen_counters[3].i_in_flight_cnt/i___33
    SLICE_X41Y134        LUT6 (Prop_lut6_I1_O)        0.264     3.301 r  i_kecc_aes_k_axi_top/i_axi2reg/i_axi_to_axi_lite/i_axi_burst_splitter/i_demux_supported_vs_unsupported/gen_demux.gen_aw_id_counter.i_aw_id_counter/gen_counters[3].i_in_flight_cnt/i__i_1__2__0/O
                         net (fo=2, estimated)        0.380     3.681    i_kecc_aes_k_axi_top/i_axi2reg/i_axi_to_axi_lite_n_170
    SLICE_X43Y137        LUT5 (Prop_lut5_I0_O)        0.105     3.786 r  i_kecc_aes_k_axi_top/i_axi2reg/i___80/O
                         net (fo=4, estimated)        0.251     4.037    i_kecc_aes_k_axi_top/i_axi2reg/i_axi_to_axi_lite/i_axi_burst_splitter/i_demux_supported_vs_unsupported/gen_demux.gen_aw_id_counter.i_aw_id_counter/gen_counters[3].i_in_flight_cnt/gen_demux.lock_aw_valid_q_reg_2
    SLICE_X45Y137        LUT5 (Prop_lut5_I2_O)        0.105     4.142 r  i_kecc_aes_k_axi_top/i_axi2reg/i_axi_to_axi_lite/i_axi_burst_splitter/i_demux_supported_vs_unsupported/gen_demux.gen_aw_id_counter.i_aw_id_counter/gen_counters[3].i_in_flight_cnt/i__i_4__6/O
                         net (fo=21, estimated)       0.443     4.585    i_kecc_aes_k_axi_top/i_axi2reg/i_axi_burst_splitter/i_axi_burst_splitter_aw_chan/state_d0
    SLICE_X44Y139        LUT5 (Prop_lut5_I4_O)        0.105     4.690 f  i_kecc_aes_k_axi_top/i_axi2reg/i__i_3__0/O
                         net (fo=2, estimated)        0.137     4.827    i_kecc_aes_k_axi_top/i_axi2reg/i__i_3__0_n_0
    SLICE_X44Y139        LUT5 (Prop_lut5_I2_O)        0.105     4.932 f  i_kecc_aes_k_axi_top/i_axi2reg/i__i_1__2/O
                         net (fo=3, estimated)        0.243     5.175    i_kecc_aes_k_axi_top/i_axi2reg/i__i_1__2_n_0
    SLICE_X43Y139        LUT6 (Prop_lut6_I0_O)        0.105     5.280 f  i_kecc_aes_k_axi_top/i_axi2reg/i__i_2__2/O
                         net (fo=59, estimated)       0.429     5.709    i_kecc_aes_k_axi_top/i_axi2reg/i__i_2__2_n_0
    SLICE_X42Y140        LUT5 (Prop_lut5_I3_O)        0.105     5.814 r  i_kecc_aes_k_axi_top/i_axi2reg/mem_q[0][data][63]_i_24/O
                         net (fo=6, estimated)        1.161     6.975    i_kecc_aes_k_axi_top/i_axi2reg/i_axi_lite_to_reg/i_fifo_read/reg_req_i[addr][4]
    SLICE_X42Y156        LUT6 (Prop_lut6_I0_O)        0.105     7.080 f  i_kecc_aes_k_axi_top/i_axi2reg/i_axi_lite_to_reg/i_fifo_read/mem_q[0][data][31]_i_19/O
                         net (fo=6, estimated)        0.495     7.575    i_kecc_aes_k_axi_top/i_axi2reg/i_axi_lite_to_reg/i_fifo_read/mem_q[0][data][31]_i_19_n_0
    SLICE_X43Y158        LUT4 (Prop_lut4_I1_O)        0.105     7.680 r  i_kecc_aes_k_axi_top/i_axi2reg/i_axi_lite_to_reg/i_fifo_read/mem_q[0][data][31]_i_13/O
                         net (fo=7, estimated)        0.483     8.163    i_kecc_aes_k_axi_top/i_axi2reg/i_axi_lite_to_reg/i_fifo_read/mem_q_reg[1][3]_2
    SLICE_X39Y160        LUT6 (Prop_lut6_I0_O)        0.105     8.268 r  i_kecc_aes_k_axi_top/i_axi2reg/i_axi_lite_to_reg/i_fifo_read/mem_q[0][error]_i_16/O
                         net (fo=1, estimated)        0.422     8.690    i_kecc_aes_k_axi_top/i_axi2reg/i_axi_lite_to_reg/i_fifo_read/mem_q[0][error]_i_16_n_0
    SLICE_X39Y161        LUT6 (Prop_lut6_I4_O)        0.105     8.795 r  i_kecc_aes_k_axi_top/i_axi2reg/i_axi_lite_to_reg/i_fifo_read/mem_q[0][error]_i_11/O
                         net (fo=1, estimated)        0.205     9.000    i_kecc_aes_k_axi_top/i_axi2reg/i_axi_lite_to_reg/i_fifo_read/mem_q[0][error]_i_11_n_0
    SLICE_X39Y161        LUT6 (Prop_lut6_I0_O)        0.105     9.105 r  i_kecc_aes_k_axi_top/i_axi2reg/i_axi_lite_to_reg/i_fifo_read/mem_q[0][error]_i_5/O
                         net (fo=1, estimated)        0.117     9.222    i_kecc_aes_k_axi_top/i_axi2reg/i_axi_lite_to_reg/i_fifo_read/mem_q[0][error]_i_5_n_0
    SLICE_X39Y161        LUT6 (Prop_lut6_I4_O)        0.105     9.327 f  i_kecc_aes_k_axi_top/i_axi2reg/i_axi_lite_to_reg/i_fifo_read/mem_q[0][error]_i_1/O
                         net (fo=36, estimated)       0.682    10.009    i_kecc_aes_k_axi_top/i_axi2reg/i_axi_lite_to_reg/i_fifo_read/reg_rsp_o[error]
    SLICE_X35Y165        LUT4 (Prop_lut4_I1_O)        0.105    10.114 r  i_kecc_aes_k_axi_top/i_axi2reg/i_axi_lite_to_reg/i_fifo_read/q[63]_i_3__17/O
                         net (fo=65, estimated)       0.632    10.746    i_kecc_aes_k_axi_top/i_keccak_aes_k_top_unified/keccak_data_3_we
    SLICE_X34Y165        LUT5 (Prop_lut5_I0_O)        0.105    10.851 r  i_kecc_aes_k_axi_top/i_keccak_aes_k_top_unified/q[63]_i_1__2/O
                         net (fo=64, estimated)       0.598    11.449    i_kecc_aes_k_axi_top/kecc_aes_k_axi_unified_reg_top_i/u_keccak_data_3/q_reg[0]_3[0]
    SLICE_X31Y169        FDCE                                         r  i_kecc_aes_k_axi_top/kecc_aes_k_axi_unified_reg_top_i/u_keccak_data_3/q_reg[58]/CE
  -------------------------------------------------------------------    -------------------

                         (clock clk_i rise edge)     10.000    10.000 r  
                                                      0.000    10.000 r  clk_i (IN)
                         net (fo=4998, unset)         0.748    10.748    i_kecc_aes_k_axi_top/kecc_aes_k_axi_unified_reg_top_i/u_keccak_data_3/clk_i
    SLICE_X31Y169        FDCE                                         r  i_kecc_aes_k_axi_top/kecc_aes_k_axi_unified_reg_top_i/u_keccak_data_3/q_reg[58]/C
                         clock pessimism              0.000    10.748    
                         clock uncertainty           -0.035    10.712    
    SLICE_X31Y169        FDCE (Setup_fdce_C_CE)      -0.168    10.544    i_kecc_aes_k_axi_top/kecc_aes_k_axi_unified_reg_top_i/u_keccak_data_3/q_reg[58]
  -------------------------------------------------------------------
                         required time                         10.544    
                         arrival time                         -11.449    
  -------------------------------------------------------------------
                         slack                                 -0.905    

Slack (VIOLATED) :        -0.905ns  (required time - arrival time)
  Source:                 i_kecc_aes_k_axi_top/i_axi2reg/i_axi_to_axi_lite/i_axi_burst_splitter/i_demux_supported_vs_unsupported/gen_demux.gen_ar_id_counter.i_ar_id_counter/gen_counters[10].i_in_flight_cnt/counter_q_reg[0]/C
                            (rising edge-triggered cell FDCE clocked by clk_i  {rise@0.000ns fall@5.000ns period=10.000ns})
  Destination:            i_kecc_aes_k_axi_top/kecc_aes_k_axi_unified_reg_top_i/u_keccak_data_3/q_reg[58]/CE
                            (rising edge-triggered cell FDCE clocked by clk_i  {rise@0.000ns fall@5.000ns period=10.000ns})
  Path Group:             clk_i
  Path Type:              Setup (Max at Slow Process Corner)
  Requirement:            10.000ns  (clk_i rise@10.000ns - clk_i rise@0.000ns)
  Data Path Delay:        10.662ns  (logic 2.164ns (20.296%)  route 8.498ns (79.704%))
  Logic Levels:           17  (LUT4=3 LUT5=6 LUT6=8)
  Clock Path Skew:        -0.039ns (DCD - SCD + CPR)
    Destination Clock Delay (DCD):    0.748ns = ( 10.748 - 10.000 ) 
    Source Clock Delay      (SCD):    0.787ns
    Clock Pessimism Removal (CPR):    0.000ns
  Clock Uncertainty:      0.035ns  ((TSJ^2 + TIJ^2)^1/2 + DJ) / 2 + PE
    Total System Jitter     (TSJ):    0.071ns
    Total Input Jitter      (TIJ):    0.000ns
    Discrete Jitter          (DJ):    0.000ns
    Phase Error              (PE):    0.000ns

    Location             Delay type                Incr(ns)  Path(ns)    Netlist Resource(s)
  -------------------------------------------------------------------    -------------------
                         (clock clk_i rise edge)      0.000     0.000 r  
                                                      0.000     0.000 r  clk_i (IN)
                         net (fo=4998, unset)         0.787     0.787    i_kecc_aes_k_axi_top/i_axi2reg/i_axi_to_axi_lite/i_axi_burst_splitter/i_demux_supported_vs_unsupported/gen_demux.gen_ar_id_counter.i_ar_id_counter/gen_counters[10].i_in_flight_cnt/clk_i
    SLICE_X35Y134        FDCE                                         r  i_kecc_aes_k_axi_top/i_axi2reg/i_axi_to_axi_lite/i_axi_burst_splitter/i_demux_supported_vs_unsupported/gen_demux.gen_ar_id_counter.i_ar_id_counter/gen_counters[10].i_in_flight_cnt/counter_q_reg[0]/C
  -------------------------------------------------------------------    -------------------
    SLICE_X35Y134        FDCE (Prop_fdce_C_Q)         0.379     1.166 f  i_kecc_aes_k_axi_top/i_axi2reg/i_axi_to_axi_lite/i_axi_burst_splitter/i_demux_supported_vs_unsupported/gen_demux.gen_ar_id_counter.i_ar_id_counter/gen_counters[10].i_in_flight_cnt/counter_q_reg[0]/Q
                         net (fo=4, estimated)        0.548     1.714    i_kecc_aes_k_axi_top/i_axi2reg/i_axi_to_axi_lite/i_axi_burst_splitter/i_demux_supported_vs_unsupported/gen_demux.gen_ar_id_counter.i_ar_id_counter/gen_counters[10].i_in_flight_cnt/counter_q_reg[0]_0
    SLICE_X34Y135        LUT4 (Prop_lut4_I0_O)        0.105     1.819 f  i_kecc_aes_k_axi_top/i_axi2reg/i_axi_to_axi_lite/i_axi_burst_splitter/i_demux_supported_vs_unsupported/gen_demux.gen_ar_id_counter.i_ar_id_counter/gen_counters[10].i_in_flight_cnt/axi_rsp_o[ar_ready]_INST_0_i_27/O
                         net (fo=1, estimated)        0.229     2.048    i_kecc_aes_k_axi_top/i_axi2reg/i_axi_to_axi_lite/i_axi_burst_splitter/i_demux_supported_vs_unsupported/gen_demux.gen_ar_id_counter.i_ar_id_counter/gen_counters[9].i_in_flight_cnt/axi_rsp_o[ar_ready]_INST_0_i_5_0
    SLICE_X37Y135        LUT5 (Prop_lut5_I4_O)        0.105     2.153 f  i_kecc_aes_k_axi_top/i_axi2reg/i_axi_to_axi_lite/i_axi_burst_splitter/i_demux_supported_vs_unsupported/gen_demux.gen_ar_id_counter.i_ar_id_counter/gen_counters[9].i_in_flight_cnt/axi_rsp_o[ar_ready]_INST_0_i_13/O
                         net (fo=1, estimated)        0.655     2.808    i_kecc_aes_k_axi_top/i_axi2reg/i_axi_to_axi_lite/i_axi_burst_splitter/i_demux_supported_vs_unsupported/gen_demux.gen_ar_id_counter.i_ar_id_counter/gen_counters[9].i_in_flight_cnt/axi_rsp_o[ar_ready]_INST_0_i_13_n_0
    SLICE_X37Y134        LUT6 (Prop_lut6_I0_O)        0.105     2.913 f  i_kecc_aes_k_axi_top/i_axi2reg/i_axi_to_axi_lite/i_axi_burst_splitter/i_demux_supported_vs_unsupported/gen_demux.gen_ar_id_counter.i_ar_id_counter/gen_counters[9].i_in_flight_cnt/axi_rsp_o[ar_ready]_INST_0_i_5/O
                         net (fo=6, estimated)        0.535     3.448    i_kecc_aes_k_axi_top/i_axi2reg/i_axi_to_axi_lite/i_axi_burst_splitter/i_demux_supported_vs_unsupported/gen_demux.gen_aw_id_counter.i_aw_id_counter/gen_counters[21].i_in_flight_cnt/gen_demux.lock_aw_valid_q_reg_0
    SLICE_X37Y135        LUT6 (Prop_lut6_I2_O)        0.105     3.553 r  i_kecc_aes_k_axi_top/i_axi2reg/i_axi_to_axi_lite/i_axi_burst_splitter/i_demux_supported_vs_unsupported/gen_demux.gen_aw_id_counter.i_aw_id_counter/gen_counters[21].i_in_flight_cnt/axi_rsp_o[aw_ready]_INST_0_i_4/O
                         net (fo=4, estimated)        0.484     4.037    i_kecc_aes_k_axi_top/i_axi2reg/i_axi_to_axi_lite/i_axi_burst_splitter/i_demux_supported_vs_unsupported/gen_demux.gen_aw_id_counter.i_aw_id_counter/gen_counters[3].i_in_flight_cnt/gen_demux.aw_valid1
    SLICE_X45Y137        LUT5 (Prop_lut5_I3_O)        0.105     4.142 r  i_kecc_aes_k_axi_top/i_axi2reg/i_axi_to_axi_lite/i_axi_burst_splitter/i_demux_supported_vs_unsupported/gen_demux.gen_aw_id_counter.i_aw_id_counter/gen_counters[3].i_in_flight_cnt/i__i_4__6/O
                         net (fo=21, estimated)       0.443     4.585    i_kecc_aes_k_axi_top/i_axi2reg/i_axi_burst_splitter/i_axi_burst_splitter_aw_chan/state_d0
    SLICE_X44Y139        LUT5 (Prop_lut5_I4_O)        0.105     4.690 f  i_kecc_aes_k_axi_top/i_axi2reg/i__i_3__0/O
                         net (fo=2, estimated)        0.137     4.827    i_kecc_aes_k_axi_top/i_axi2reg/i__i_3__0_n_0
    SLICE_X44Y139        LUT5 (Prop_lut5_I2_O)        0.105     4.932 f  i_kecc_aes_k_axi_top/i_axi2reg/i__i_1__2/O
                         net (fo=3, estimated)        0.243     5.175    i_kecc_aes_k_axi_top/i_axi2reg/i__i_1__2_n_0
    SLICE_X43Y139        LUT6 (Prop_lut6_I0_O)        0.105     5.280 f  i_kecc_aes_k_axi_top/i_axi2reg/i__i_2__2/O
                         net (fo=59, estimated)       0.429     5.709    i_kecc_aes_k_axi_top/i_axi2reg/i__i_2__2_n_0
    SLICE_X42Y140        LUT5 (Prop_lut5_I3_O)        0.105     5.814 r  i_kecc_aes_k_axi_top/i_axi2reg/mem_q[0][data][63]_i_24/O
                         net (fo=6, estimated)        1.161     6.975    i_kecc_aes_k_axi_top/i_axi2reg/i_axi_lite_to_reg/i_fifo_read/reg_req_i[addr][4]
    SLICE_X42Y156        LUT6 (Prop_lut6_I0_O)        0.105     7.080 f  i_kecc_aes_k_axi_top/i_axi2reg/i_axi_lite_to_reg/i_fifo_read/mem_q[0][data][31]_i_19/O
                         net (fo=6, estimated)        0.495     7.575    i_kecc_aes_k_axi_top/i_axi2reg/i_axi_lite_to_reg/i_fifo_read/mem_q[0][data][31]_i_19_n_0
    SLICE_X43Y158        LUT4 (Prop_lut4_I1_O)        0.105     7.680 r  i_kecc_aes_k_axi_top/i_axi2reg/i_axi_lite_to_reg/i_fifo_read/mem_q[0][data][31]_i_13/O
                         net (fo=7, estimated)        0.483     8.163    i_kecc_aes_k_axi_top/i_axi2reg/i_axi_lite_to_reg/i_fifo_read/mem_q_reg[1][3]_2
    SLICE_X39Y160        LUT6 (Prop_lut6_I0_O)        0.105     8.268 r  i_kecc_aes_k_axi_top/i_axi2reg/i_axi_lite_to_reg/i_fifo_read/mem_q[0][error]_i_16/O
                         net (fo=1, estimated)        0.422     8.690    i_kecc_aes_k_axi_top/i_axi2reg/i_axi_lite_to_reg/i_fifo_read/mem_q[0][error]_i_16_n_0
    SLICE_X39Y161        LUT6 (Prop_lut6_I4_O)        0.105     8.795 r  i_kecc_aes_k_axi_top/i_axi2reg/i_axi_lite_to_reg/i_fifo_read/mem_q[0][error]_i_11/O
                         net (fo=1, estimated)        0.205     9.000    i_kecc_aes_k_axi_top/i_axi2reg/i_axi_lite_to_reg/i_fifo_read/mem_q[0][error]_i_11_n_0
    SLICE_X39Y161        LUT6 (Prop_lut6_I0_O)        0.105     9.105 r  i_kecc_aes_k_axi_top/i_axi2reg/i_axi_lite_to_reg/i_fifo_read/mem_q[0][error]_i_5/O
                         net (fo=1, estimated)        0.117     9.222    i_kecc_aes_k_axi_top/i_axi2reg/i_axi_lite_to_reg/i_fifo_read/mem_q[0][error]_i_5_n_0
    SLICE_X39Y161        LUT6 (Prop_lut6_I4_O)        0.105     9.327 f  i_kecc_aes_k_axi_top/i_axi2reg/i_axi_lite_to_reg/i_fifo_read/mem_q[0][error]_i_1/O
                         net (fo=36, estimated)       0.682    10.009    i_kecc_aes_k_axi_top/i_axi2reg/i_axi_lite_to_reg/i_fifo_read/reg_rsp_o[error]
    SLICE_X35Y165        LUT4 (Prop_lut4_I1_O)        0.105    10.114 r  i_kecc_aes_k_axi_top/i_axi2reg/i_axi_lite_to_reg/i_fifo_read/q[63]_i_3__17/O
                         net (fo=65, estimated)       0.632    10.746    i_kecc_aes_k_axi_top/i_keccak_aes_k_top_unified/keccak_data_3_we
    SLICE_X34Y165        LUT5 (Prop_lut5_I0_O)        0.105    10.851 r  i_kecc_aes_k_axi_top/i_keccak_aes_k_top_unified/q[63]_i_1__2/O
                         net (fo=64, estimated)       0.598    11.449    i_kecc_aes_k_axi_top/kecc_aes_k_axi_unified_reg_top_i/u_keccak_data_3/q_reg[0]_3[0]
    SLICE_X31Y169        FDCE                                         r  i_kecc_aes_k_axi_top/kecc_aes_k_axi_unified_reg_top_i/u_keccak_data_3/q_reg[58]/CE
  -------------------------------------------------------------------    -------------------

                         (clock clk_i rise edge)     10.000    10.000 r  
                                                      0.000    10.000 r  clk_i (IN)
                         net (fo=4998, unset)         0.748    10.748    i_kecc_aes_k_axi_top/kecc_aes_k_axi_unified_reg_top_i/u_keccak_data_3/clk_i
    SLICE_X31Y169        FDCE                                         r  i_kecc_aes_k_axi_top/kecc_aes_k_axi_unified_reg_top_i/u_keccak_data_3/q_reg[58]/C
                         clock pessimism              0.000    10.748    
                         clock uncertainty           -0.035    10.712    
    SLICE_X31Y169        FDCE (Setup_fdce_C_CE)      -0.168    10.544    i_kecc_aes_k_axi_top/kecc_aes_k_axi_unified_reg_top_i/u_keccak_data_3/q_reg[58]
  -------------------------------------------------------------------
                         required time                         10.544    
                         arrival time                         -11.449    
  -------------------------------------------------------------------
                         slack                                 -0.905    

Slack (VIOLATED) :        -0.905ns  (required time - arrival time)
  Source:                 i_kecc_aes_k_axi_top/i_axi2reg/i_axi_to_axi_lite/i_axi_burst_splitter/i_demux_supported_vs_unsupported/gen_demux.gen_aw_id_counter.i_aw_id_counter/gen_counters[23].mst_select_q_reg[23][0]/C
                            (rising edge-triggered cell FDCE clocked by clk_i  {rise@0.000ns fall@5.000ns period=10.000ns})
  Destination:            i_kecc_aes_k_axi_top/kecc_aes_k_axi_unified_reg_top_i/u_keccak_data_3/q_reg[58]/CE
                            (rising edge-triggered cell FDCE clocked by clk_i  {rise@0.000ns fall@5.000ns period=10.000ns})
  Path Group:             clk_i
  Path Type:              Setup (Max at Slow Process Corner)
  Requirement:            10.000ns  (clk_i rise@10.000ns - clk_i rise@0.000ns)
  Data Path Delay:        10.662ns  (logic 2.655ns (24.902%)  route 8.007ns (75.098%))
  Logic Levels:           18  (LUT4=2 LUT5=6 LUT6=8 MUXF7=1 MUXF8=1)
  Clock Path Skew:        -0.039ns (DCD - SCD + CPR)
    Destination Clock Delay (DCD):    0.748ns = ( 10.748 - 10.000 ) 
    Source Clock Delay      (SCD):    0.787ns
    Clock Pessimism Removal (CPR):    0.000ns
  Clock Uncertainty:      0.035ns  ((TSJ^2 + TIJ^2)^1/2 + DJ) / 2 + PE
    Total System Jitter     (TSJ):    0.071ns
    Total Input Jitter      (TIJ):    0.000ns
    Discrete Jitter          (DJ):    0.000ns
    Phase Error              (PE):    0.000ns

    Location             Delay type                Incr(ns)  Path(ns)    Netlist Resource(s)
  -------------------------------------------------------------------    -------------------
                         (clock clk_i rise edge)      0.000     0.000 r  
                                                      0.000     0.000 r  clk_i (IN)
                         net (fo=4998, unset)         0.787     0.787    i_kecc_aes_k_axi_top/i_axi2reg/i_axi_to_axi_lite/i_axi_burst_splitter/i_demux_supported_vs_unsupported/gen_demux.gen_aw_id_counter.i_aw_id_counter/clk_i
    SLICE_X38Y133        FDCE                                         r  i_kecc_aes_k_axi_top/i_axi2reg/i_axi_to_axi_lite/i_axi_burst_splitter/i_demux_supported_vs_unsupported/gen_demux.gen_aw_id_counter.i_aw_id_counter/gen_counters[23].mst_select_q_reg[23][0]/C
  -------------------------------------------------------------------    -------------------
    SLICE_X38Y133        FDCE (Prop_fdce_C_Q)         0.398     1.185 r  i_kecc_aes_k_axi_top/i_axi2reg/i_axi_to_axi_lite/i_axi_burst_splitter/i_demux_supported_vs_unsupported/gen_demux.gen_aw_id_counter.i_aw_id_counter/gen_counters[23].mst_select_q_reg[23][0]/Q
                         net (fo=2, estimated)        0.674     1.859    i_kecc_aes_k_axi_top/i_axi2reg/i_axi_to_axi_lite/i_axi_burst_splitter/i_demux_supported_vs_unsupported/gen_demux.gen_aw_id_counter.i_aw_id_counter/gen_counters[23].mst_select_q_reg[23]_8
    SLICE_X41Y133        LUT6 (Prop_lut6_I0_O)        0.232     2.091 r  i_kecc_aes_k_axi_top/i_axi2reg/i_axi_to_axi_lite/i_axi_burst_splitter/i_demux_supported_vs_unsupported/gen_demux.gen_aw_id_counter.i_aw_id_counter/i__i_36/O
                         net (fo=1, routed)           0.000     2.091    i_kecc_aes_k_axi_top/i_axi2reg/i_axi_to_axi_lite/i_axi_burst_splitter/i_demux_supported_vs_unsupported/gen_demux.gen_aw_id_counter.i_aw_id_counter/i__i_36_n_0
    SLICE_X41Y133        MUXF7 (Prop_muxf7_I1_O)      0.206     2.297 r  i_kecc_aes_k_axi_top/i_axi2reg/i_axi_to_axi_lite/i_axi_burst_splitter/i_demux_supported_vs_unsupported/gen_demux.gen_aw_id_counter.i_aw_id_counter/i__i_15/O
                         net (fo=1, routed)           0.000     2.297    i_kecc_aes_k_axi_top/i_axi2reg/i_axi_to_axi_lite/i_axi_burst_splitter/i_demux_supported_vs_unsupported/gen_demux.gen_aw_id_counter.i_aw_id_counter/i__i_15_n_0
    SLICE_X41Y133        MUXF8 (Prop_muxf8_I0_O)      0.085     2.382 r  i_kecc_aes_k_axi_top/i_axi2reg/i_axi_to_axi_lite/i_axi_burst_splitter/i_demux_supported_vs_unsupported/gen_demux.gen_aw_id_counter.i_aw_id_counter/i__i_5/O
                         net (fo=1, estimated)        0.655     3.037    i_kecc_aes_k_axi_top/i_axi2reg/i_axi_to_axi_lite/i_axi_burst_splitter/i_demux_supported_vs_unsupported/gen_demux.gen_aw_id_counter.i_aw_id_counter/gen_counters[3].i_in_flight_cnt/i___33
    SLICE_X41Y134        LUT6 (Prop_lut6_I1_O)        0.264     3.301 f  i_kecc_aes_k_axi_top/i_axi2reg/i_axi_to_axi_lite/i_axi_burst_splitter/i_demux_supported_vs_unsupported/gen_demux.gen_aw_id_counter.i_aw_id_counter/gen_counters[3].i_in_flight_cnt/i__i_1__2__0/O
                         net (fo=2, estimated)        0.380     3.681    i_kecc_aes_k_axi_top/i_axi2reg/i_axi_to_axi_lite_n_170
    SLICE_X43Y137        LUT5 (Prop_lut5_I0_O)        0.105     3.786 f  i_kecc_aes_k_axi_top/i_axi2reg/i___80/O
                         net (fo=4, estimated)        0.251     4.037    i_kecc_aes_k_axi_top/i_axi2reg/i_axi_to_axi_lite/i_axi_burst_splitter/i_demux_supported_vs_unsupported/gen_demux.gen_aw_id_counter.i_aw_id_counter/gen_counters[3].i_in_flight_cnt/gen_demux.lock_aw_valid_q_reg_2
    SLICE_X45Y137        LUT5 (Prop_lut5_I2_O)        0.105     4.142 f  i_kecc_aes_k_axi_top/i_axi2reg/i_axi_to_axi_lite/i_axi_burst_splitter/i_demux_supported_vs_unsupported/gen_demux.gen_aw_id_counter.i_aw_id_counter/gen_counters[3].i_in_flight_cnt/i__i_4__6/O
                         net (fo=21, estimated)       0.443     4.585    i_kecc_aes_k_axi_top/i_axi2reg/i_axi_burst_splitter/i_axi_burst_splitter_aw_chan/state_d0
    SLICE_X44Y139        LUT5 (Prop_lut5_I4_O)        0.105     4.690 r  i_kecc_aes_k_axi_top/i_axi2reg/i__i_3__0/O
                         net (fo=2, estimated)        0.137     4.827    i_kecc_aes_k_axi_top/i_axi2reg/i__i_3__0_n_0
    SLICE_X44Y139        LUT5 (Prop_lut5_I2_O)        0.105     4.932 r  i_kecc_aes_k_axi_top/i_axi2reg/i__i_1__2/O
                         net (fo=3, estimated)        0.243     5.175    i_kecc_aes_k_axi_top/i_axi2reg/i__i_1__2_n_0
    SLICE_X43Y139        LUT6 (Prop_lut6_I0_O)        0.105     5.280 r  i_kecc_aes_k_axi_top/i_axi2reg/i__i_2__2/O
                         net (fo=59, estimated)       0.429     5.709    i_kecc_aes_k_axi_top/i_axi2reg/i__i_2__2_n_0
    SLICE_X42Y140        LUT5 (Prop_lut5_I3_O)        0.105     5.814 f  i_kecc_aes_k_axi_top/i_axi2reg/mem_q[0][data][63]_i_24/O
                         net (fo=6, estimated)        1.161     6.975    i_kecc_aes_k_axi_top/i_axi2reg/i_axi_lite_to_reg/i_fifo_read/reg_req_i[addr][4]
    SLICE_X42Y156        LUT6 (Prop_lut6_I0_O)        0.105     7.080 r  i_kecc_aes_k_axi_top/i_axi2reg/i_axi_lite_to_reg/i_fifo_read/mem_q[0][data][31]_i_19/O
                         net (fo=6, estimated)        0.495     7.575    i_kecc_aes_k_axi_top/i_axi2reg/i_axi_lite_to_reg/i_fifo_read/mem_q[0][data][31]_i_19_n_0
    SLICE_X43Y158        LUT4 (Prop_lut4_I1_O)        0.105     7.680 f  i_kecc_aes_k_axi_top/i_axi2reg/i_axi_lite_to_reg/i_fifo_read/mem_q[0][data][31]_i_13/O
                         net (fo=7, estimated)        0.483     8.163    i_kecc_aes_k_axi_top/i_axi2reg/i_axi_lite_to_reg/i_fifo_read/mem_q_reg[1][3]_2
    SLICE_X39Y160        LUT6 (Prop_lut6_I0_O)        0.105     8.268 f  i_kecc_aes_k_axi_top/i_axi2reg/i_axi_lite_to_reg/i_fifo_read/mem_q[0][error]_i_16/O
                         net (fo=1, estimated)        0.422     8.690    i_kecc_aes_k_axi_top/i_axi2reg/i_axi_lite_to_reg/i_fifo_read/mem_q[0][error]_i_16_n_0
    SLICE_X39Y161        LUT6 (Prop_lut6_I4_O)        0.105     8.795 f  i_kecc_aes_k_axi_top/i_axi2reg/i_axi_lite_to_reg/i_fifo_read/mem_q[0][error]_i_11/O
                         net (fo=1, estimated)        0.205     9.000    i_kecc_aes_k_axi_top/i_axi2reg/i_axi_lite_to_reg/i_fifo_read/mem_q[0][error]_i_11_n_0
    SLICE_X39Y161        LUT6 (Prop_lut6_I0_O)        0.105     9.105 f  i_kecc_aes_k_axi_top/i_axi2reg/i_axi_lite_to_reg/i_fifo_read/mem_q[0][error]_i_5/O
                         net (fo=1, estimated)        0.117     9.222    i_kecc_aes_k_axi_top/i_axi2reg/i_axi_lite_to_reg/i_fifo_read/mem_q[0][error]_i_5_n_0
    SLICE_X39Y161        LUT6 (Prop_lut6_I4_O)        0.105     9.327 f  i_kecc_aes_k_axi_top/i_axi2reg/i_axi_lite_to_reg/i_fifo_read/mem_q[0][error]_i_1/O
                         net (fo=36, estimated)       0.682    10.009    i_kecc_aes_k_axi_top/i_axi2reg/i_axi_lite_to_reg/i_fifo_read/reg_rsp_o[error]
    SLICE_X35Y165        LUT4 (Prop_lut4_I1_O)        0.105    10.114 r  i_kecc_aes_k_axi_top/i_axi2reg/i_axi_lite_to_reg/i_fifo_read/q[63]_i_3__17/O
                         net (fo=65, estimated)       0.632    10.746    i_kecc_aes_k_axi_top/i_keccak_aes_k_top_unified/keccak_data_3_we
    SLICE_X34Y165        LUT5 (Prop_lut5_I0_O)        0.105    10.851 r  i_kecc_aes_k_axi_top/i_keccak_aes_k_top_unified/q[63]_i_1__2/O
                         net (fo=64, estimated)       0.598    11.449    i_kecc_aes_k_axi_top/kecc_aes_k_axi_unified_reg_top_i/u_keccak_data_3/q_reg[0]_3[0]
    SLICE_X31Y169        FDCE                                         r  i_kecc_aes_k_axi_top/kecc_aes_k_axi_unified_reg_top_i/u_keccak_data_3/q_reg[58]/CE
  -------------------------------------------------------------------    -------------------

                         (clock clk_i rise edge)     10.000    10.000 r  
                                                      0.000    10.000 r  clk_i (IN)
                         net (fo=4998, unset)         0.748    10.748    i_kecc_aes_k_axi_top/kecc_aes_k_axi_unified_reg_top_i/u_keccak_data_3/clk_i
    SLICE_X31Y169        FDCE                                         r  i_kecc_aes_k_axi_top/kecc_aes_k_axi_unified_reg_top_i/u_keccak_data_3/q_reg[58]/C
                         clock pessimism              0.000    10.748    
                         clock uncertainty           -0.035    10.712    
    SLICE_X31Y169        FDCE (Setup_fdce_C_CE)      -0.168    10.544    i_kecc_aes_k_axi_top/kecc_aes_k_axi_unified_reg_top_i/u_keccak_data_3/q_reg[58]
  -------------------------------------------------------------------
                         required time                         10.544    
                         arrival time                         -11.449    
  -------------------------------------------------------------------
                         slack                                 -0.905    

Slack (VIOLATED) :        -0.905ns  (required time - arrival time)
  Source:                 i_kecc_aes_k_axi_top/i_axi2reg/i_axi_to_axi_lite/i_axi_burst_splitter/i_demux_supported_vs_unsupported/gen_demux.gen_aw_id_counter.i_aw_id_counter/gen_counters[23].mst_select_q_reg[23][0]/C
                            (rising edge-triggered cell FDCE clocked by clk_i  {rise@0.000ns fall@5.000ns period=10.000ns})
  Destination:            i_kecc_aes_k_axi_top/kecc_aes_k_axi_unified_reg_top_i/u_keccak_data_3/q_reg[58]/CE
                            (rising edge-triggered cell FDCE clocked by clk_i  {rise@0.000ns fall@5.000ns period=10.000ns})
  Path Group:             clk_i
  Path Type:              Setup (Max at Slow Process Corner)
  Requirement:            10.000ns  (clk_i rise@10.000ns - clk_i rise@0.000ns)
  Data Path Delay:        10.662ns  (logic 2.655ns (24.902%)  route 8.007ns (75.098%))
  Logic Levels:           18  (LUT4=2 LUT5=6 LUT6=8 MUXF7=1 MUXF8=1)
  Clock Path Skew:        -0.039ns (DCD - SCD + CPR)
    Destination Clock Delay (DCD):    0.748ns = ( 10.748 - 10.000 ) 
    Source Clock Delay      (SCD):    0.787ns
    Clock Pessimism Removal (CPR):    0.000ns
  Clock Uncertainty:      0.035ns  ((TSJ^2 + TIJ^2)^1/2 + DJ) / 2 + PE
    Total System Jitter     (TSJ):    0.071ns
    Total Input Jitter      (TIJ):    0.000ns
    Discrete Jitter          (DJ):    0.000ns
    Phase Error              (PE):    0.000ns

    Location             Delay type                Incr(ns)  Path(ns)    Netlist Resource(s)
  -------------------------------------------------------------------    -------------------
                         (clock clk_i rise edge)      0.000     0.000 r  
                                                      0.000     0.000 r  clk_i (IN)
                         net (fo=4998, unset)         0.787     0.787    i_kecc_aes_k_axi_top/i_axi2reg/i_axi_to_axi_lite/i_axi_burst_splitter/i_demux_supported_vs_unsupported/gen_demux.gen_aw_id_counter.i_aw_id_counter/clk_i
    SLICE_X38Y133        FDCE                                         r  i_kecc_aes_k_axi_top/i_axi2reg/i_axi_to_axi_lite/i_axi_burst_splitter/i_demux_supported_vs_unsupported/gen_demux.gen_aw_id_counter.i_aw_id_counter/gen_counters[23].mst_select_q_reg[23][0]/C
  -------------------------------------------------------------------    -------------------
    SLICE_X38Y133        FDCE (Prop_fdce_C_Q)         0.398     1.185 f  i_kecc_aes_k_axi_top/i_axi2reg/i_axi_to_axi_lite/i_axi_burst_splitter/i_demux_supported_vs_unsupported/gen_demux.gen_aw_id_counter.i_aw_id_counter/gen_counters[23].mst_select_q_reg[23][0]/Q
                         net (fo=2, estimated)        0.674     1.859    i_kecc_aes_k_axi_top/i_axi2reg/i_axi_to_axi_lite/i_axi_burst_splitter/i_demux_supported_vs_unsupported/gen_demux.gen_aw_id_counter.i_aw_id_counter/gen_counters[23].mst_select_q_reg[23]_8
    SLICE_X41Y133        LUT6 (Prop_lut6_I0_O)        0.232     2.091 f  i_kecc_aes_k_axi_top/i_axi2reg/i_axi_to_axi_lite/i_axi_burst_splitter/i_demux_supported_vs_unsupported/gen_demux.gen_aw_id_counter.i_aw_id_counter/i__i_36/O
                         net (fo=1, routed)           0.000     2.091    i_kecc_aes_k_axi_top/i_axi2reg/i_axi_to_axi_lite/i_axi_burst_splitter/i_demux_supported_vs_unsupported/gen_demux.gen_aw_id_counter.i_aw_id_counter/i__i_36_n_0
    SLICE_X41Y133        MUXF7 (Prop_muxf7_I1_O)      0.206     2.297 f  i_kecc_aes_k_axi_top/i_axi2reg/i_axi_to_axi_lite/i_axi_burst_splitter/i_demux_supported_vs_unsupported/gen_demux.gen_aw_id_counter.i_aw_id_counter/i__i_15/O
                         net (fo=1, routed)           0.000     2.297    i_kecc_aes_k_axi_top/i_axi2reg/i_axi_to_axi_lite/i_axi_burst_splitter/i_demux_supported_vs_unsupported/gen_demux.gen_aw_id_counter.i_aw_id_counter/i__i_15_n_0
    SLICE_X41Y133        MUXF8 (Prop_muxf8_I0_O)      0.085     2.382 f  i_kecc_aes_k_axi_top/i_axi2reg/i_axi_to_axi_lite/i_axi_burst_splitter/i_demux_supported_vs_unsupported/gen_demux.gen_aw_id_counter.i_aw_id_counter/i__i_5/O
                         net (fo=1, estimated)        0.655     3.037    i_kecc_aes_k_axi_top/i_axi2reg/i_axi_to_axi_lite/i_axi_burst_splitter/i_demux_supported_vs_unsupported/gen_demux.gen_aw_id_counter.i_aw_id_counter/gen_counters[3].i_in_flight_cnt/i___33
    SLICE_X41Y134        LUT6 (Prop_lut6_I1_O)        0.264     3.301 f  i_kecc_aes_k_axi_top/i_axi2reg/i_axi_to_axi_lite/i_axi_burst_splitter/i_demux_supported_vs_unsupported/gen_demux.gen_aw_id_counter.i_aw_id_counter/gen_counters[3].i_in_flight_cnt/i__i_1__2__0/O
                         net (fo=2, estimated)        0.380     3.681    i_kecc_aes_k_axi_top/i_axi2reg/i_axi_to_axi_lite_n_170
    SLICE_X43Y137        LUT5 (Prop_lut5_I0_O)        0.105     3.786 f  i_kecc_aes_k_axi_top/i_axi2reg/i___80/O
                         net (fo=4, estimated)        0.251     4.037    i_kecc_aes_k_axi_top/i_axi2reg/i_axi_to_axi_lite/i_axi_burst_splitter/i_demux_supported_vs_unsupported/gen_demux.gen_aw_id_counter.i_aw_id_counter/gen_counters[3].i_in_flight_cnt/gen_demux.lock_aw_valid_q_reg_2
    SLICE_X45Y137        LUT5 (Prop_lut5_I2_O)        0.105     4.142 f  i_kecc_aes_k_axi_top/i_axi2reg/i_axi_to_axi_lite/i_axi_burst_splitter/i_demux_supported_vs_unsupported/gen_demux.gen_aw_id_counter.i_aw_id_counter/gen_counters[3].i_in_flight_cnt/i__i_4__6/O
                         net (fo=21, estimated)       0.443     4.585    i_kecc_aes_k_axi_top/i_axi2reg/i_axi_burst_splitter/i_axi_burst_splitter_aw_chan/state_d0
    SLICE_X44Y139        LUT5 (Prop_lut5_I4_O)        0.105     4.690 r  i_kecc_aes_k_axi_top/i_axi2reg/i__i_3__0/O
                         net (fo=2, estimated)        0.137     4.827    i_kecc_aes_k_axi_top/i_axi2reg/i__i_3__0_n_0
    SLICE_X44Y139        LUT5 (Prop_lut5_I2_O)        0.105     4.932 r  i_kecc_aes_k_axi_top/i_axi2reg/i__i_1__2/O
                         net (fo=3, estimated)        0.243     5.175    i_kecc_aes_k_axi_top/i_axi2reg/i__i_1__2_n_0
    SLICE_X43Y139        LUT6 (Prop_lut6_I0_O)        0.105     5.280 r  i_kecc_aes_k_axi_top/i_axi2reg/i__i_2__2/O
                         net (fo=59, estimated)       0.429     5.709    i_kecc_aes_k_axi_top/i_axi2reg/i__i_2__2_n_0
    SLICE_X42Y140        LUT5 (Prop_lut5_I3_O)        0.105     5.814 f  i_kecc_aes_k_axi_top/i_axi2reg/mem_q[0][data][63]_i_24/O
                         net (fo=6, estimated)        1.161     6.975    i_kecc_aes_k_axi_top/i_axi2reg/i_axi_lite_to_reg/i_fifo_read/reg_req_i[addr][4]
    SLICE_X42Y156        LUT6 (Prop_lut6_I0_O)        0.105     7.080 r  i_kecc_aes_k_axi_top/i_axi2reg/i_axi_lite_to_reg/i_fifo_read/mem_q[0][data][31]_i_19/O
                         net (fo=6, estimated)        0.495     7.575    i_kecc_aes_k_axi_top/i_axi2reg/i_axi_lite_to_reg/i_fifo_read/mem_q[0][data][31]_i_19_n_0
    SLICE_X43Y158        LUT4 (Prop_lut4_I1_O)        0.105     7.680 f  i_kecc_aes_k_axi_top/i_axi2reg/i_axi_lite_to_reg/i_fifo_read/mem_q[0][data][31]_i_13/O
                         net (fo=7, estimated)        0.483     8.163    i_kecc_aes_k_axi_top/i_axi2reg/i_axi_lite_to_reg/i_fifo_read/mem_q_reg[1][3]_2
    SLICE_X39Y160        LUT6 (Prop_lut6_I0_O)        0.105     8.268 f  i_kecc_aes_k_axi_top/i_axi2reg/i_axi_lite_to_reg/i_fifo_read/mem_q[0][error]_i_16/O
                         net (fo=1, estimated)        0.422     8.690    i_kecc_aes_k_axi_top/i_axi2reg/i_axi_lite_to_reg/i_fifo_read/mem_q[0][error]_i_16_n_0
    SLICE_X39Y161        LUT6 (Prop_lut6_I4_O)        0.105     8.795 f  i_kecc_aes_k_axi_top/i_axi2reg/i_axi_lite_to_reg/i_fifo_read/mem_q[0][error]_i_11/O
                         net (fo=1, estimated)        0.205     9.000    i_kecc_aes_k_axi_top/i_axi2reg/i_axi_lite_to_reg/i_fifo_read/mem_q[0][error]_i_11_n_0
    SLICE_X39Y161        LUT6 (Prop_lut6_I0_O)        0.105     9.105 f  i_kecc_aes_k_axi_top/i_axi2reg/i_axi_lite_to_reg/i_fifo_read/mem_q[0][error]_i_5/O
                         net (fo=1, estimated)        0.117     9.222    i_kecc_aes_k_axi_top/i_axi2reg/i_axi_lite_to_reg/i_fifo_read/mem_q[0][error]_i_5_n_0
    SLICE_X39Y161        LUT6 (Prop_lut6_I4_O)        0.105     9.327 f  i_kecc_aes_k_axi_top/i_axi2reg/i_axi_lite_to_reg/i_fifo_read/mem_q[0][error]_i_1/O
                         net (fo=36, estimated)       0.682    10.009    i_kecc_aes_k_axi_top/i_axi2reg/i_axi_lite_to_reg/i_fifo_read/reg_rsp_o[error]
    SLICE_X35Y165        LUT4 (Prop_lut4_I1_O)        0.105    10.114 r  i_kecc_aes_k_axi_top/i_axi2reg/i_axi_lite_to_reg/i_fifo_read/q[63]_i_3__17/O
                         net (fo=65, estimated)       0.632    10.746    i_kecc_aes_k_axi_top/i_keccak_aes_k_top_unified/keccak_data_3_we
    SLICE_X34Y165        LUT5 (Prop_lut5_I0_O)        0.105    10.851 r  i_kecc_aes_k_axi_top/i_keccak_aes_k_top_unified/q[63]_i_1__2/O
                         net (fo=64, estimated)       0.598    11.449    i_kecc_aes_k_axi_top/kecc_aes_k_axi_unified_reg_top_i/u_keccak_data_3/q_reg[0]_3[0]
    SLICE_X31Y169        FDCE                                         r  i_kecc_aes_k_axi_top/kecc_aes_k_axi_unified_reg_top_i/u_keccak_data_3/q_reg[58]/CE
  -------------------------------------------------------------------    -------------------

                         (clock clk_i rise edge)     10.000    10.000 r  
                                                      0.000    10.000 r  clk_i (IN)
                         net (fo=4998, unset)         0.748    10.748    i_kecc_aes_k_axi_top/kecc_aes_k_axi_unified_reg_top_i/u_keccak_data_3/clk_i
    SLICE_X31Y169        FDCE                                         r  i_kecc_aes_k_axi_top/kecc_aes_k_axi_unified_reg_top_i/u_keccak_data_3/q_reg[58]/C
                         clock pessimism              0.000    10.748    
                         clock uncertainty           -0.035    10.712    
    SLICE_X31Y169        FDCE (Setup_fdce_C_CE)      -0.168    10.544    i_kecc_aes_k_axi_top/kecc_aes_k_axi_unified_reg_top_i/u_keccak_data_3/q_reg[58]
  -------------------------------------------------------------------
                         required time                         10.544    
                         arrival time                         -11.449    
  -------------------------------------------------------------------
                         slack                                 -0.905    

Slack (VIOLATED) :        -0.905ns  (required time - arrival time)
  Source:                 i_kecc_aes_k_axi_top/i_axi2reg/i_axi_to_axi_lite/i_axi_burst_splitter/i_demux_supported_vs_unsupported/gen_demux.gen_ar_id_counter.i_ar_id_counter/gen_counters[10].i_in_flight_cnt/counter_q_reg[0]/C
                            (rising edge-triggered cell FDCE clocked by clk_i  {rise@0.000ns fall@5.000ns period=10.000ns})
  Destination:            i_kecc_aes_k_axi_top/kecc_aes_k_axi_unified_reg_top_i/u_keccak_data_3/q_reg[58]/CE
                            (rising edge-triggered cell FDCE clocked by clk_i  {rise@0.000ns fall@5.000ns period=10.000ns})
  Path Group:             clk_i
  Path Type:              Setup (Max at Slow Process Corner)
  Requirement:            10.000ns  (clk_i rise@10.000ns - clk_i rise@0.000ns)
  Data Path Delay:        10.662ns  (logic 2.164ns (20.296%)  route 8.498ns (79.704%))
  Logic Levels:           17  (LUT4=3 LUT5=6 LUT6=8)
  Clock Path Skew:        -0.039ns (DCD - SCD + CPR)
    Destination Clock Delay (DCD):    0.748ns = ( 10.748 - 10.000 ) 
    Source Clock Delay      (SCD):    0.787ns
    Clock Pessimism Removal (CPR):    0.000ns
  Clock Uncertainty:      0.035ns  ((TSJ^2 + TIJ^2)^1/2 + DJ) / 2 + PE
    Total System Jitter     (TSJ):    0.071ns
    Total Input Jitter      (TIJ):    0.000ns
    Discrete Jitter          (DJ):    0.000ns
    Phase Error              (PE):    0.000ns

    Location             Delay type                Incr(ns)  Path(ns)    Netlist Resource(s)
  -------------------------------------------------------------------    -------------------
                         (clock clk_i rise edge)      0.000     0.000 r  
                                                      0.000     0.000 r  clk_i (IN)
                         net (fo=4998, unset)         0.787     0.787    i_kecc_aes_k_axi_top/i_axi2reg/i_axi_to_axi_lite/i_axi_burst_splitter/i_demux_supported_vs_unsupported/gen_demux.gen_ar_id_counter.i_ar_id_counter/gen_counters[10].i_in_flight_cnt/clk_i
    SLICE_X35Y134        FDCE                                         r  i_kecc_aes_k_axi_top/i_axi2reg/i_axi_to_axi_lite/i_axi_burst_splitter/i_demux_supported_vs_unsupported/gen_demux.gen_ar_id_counter.i_ar_id_counter/gen_counters[10].i_in_flight_cnt/counter_q_reg[0]/C
  -------------------------------------------------------------------    -------------------
    SLICE_X35Y134        FDCE (Prop_fdce_C_Q)         0.379     1.166 r  i_kecc_aes_k_axi_top/i_axi2reg/i_axi_to_axi_lite/i_axi_burst_splitter/i_demux_supported_vs_unsupported/gen_demux.gen_ar_id_counter.i_ar_id_counter/gen_counters[10].i_in_flight_cnt/counter_q_reg[0]/Q
                         net (fo=4, estimated)        0.548     1.714    i_kecc_aes_k_axi_top/i_axi2reg/i_axi_to_axi_lite/i_axi_burst_splitter/i_demux_supported_vs_unsupported/gen_demux.gen_ar_id_counter.i_ar_id_counter/gen_counters[10].i_in_flight_cnt/counter_q_reg[0]_0
    SLICE_X34Y135        LUT4 (Prop_lut4_I0_O)        0.105     1.819 r  i_kecc_aes_k_axi_top/i_axi2reg/i_axi_to_axi_lite/i_axi_burst_splitter/i_demux_supported_vs_unsupported/gen_demux.gen_ar_id_counter.i_ar_id_counter/gen_counters[10].i_in_flight_cnt/axi_rsp_o[ar_ready]_INST_0_i_27/O
                         net (fo=1, estimated)        0.229     2.048    i_kecc_aes_k_axi_top/i_axi2reg/i_axi_to_axi_lite/i_axi_burst_splitter/i_demux_supported_vs_unsupported/gen_demux.gen_ar_id_counter.i_ar_id_counter/gen_counters[9].i_in_flight_cnt/axi_rsp_o[ar_ready]_INST_0_i_5_0
    SLICE_X37Y135        LUT5 (Prop_lut5_I4_O)        0.105     2.153 r  i_kecc_aes_k_axi_top/i_axi2reg/i_axi_to_axi_lite/i_axi_burst_splitter/i_demux_supported_vs_unsupported/gen_demux.gen_ar_id_counter.i_ar_id_counter/gen_counters[9].i_in_flight_cnt/axi_rsp_o[ar_ready]_INST_0_i_13/O
                         net (fo=1, estimated)        0.655     2.808    i_kecc_aes_k_axi_top/i_axi2reg/i_axi_to_axi_lite/i_axi_burst_splitter/i_demux_supported_vs_unsupported/gen_demux.gen_ar_id_counter.i_ar_id_counter/gen_counters[9].i_in_flight_cnt/axi_rsp_o[ar_ready]_INST_0_i_13_n_0
    SLICE_X37Y134        LUT6 (Prop_lut6_I0_O)        0.105     2.913 r  i_kecc_aes_k_axi_top/i_axi2reg/i_axi_to_axi_lite/i_axi_burst_splitter/i_demux_supported_vs_unsupported/gen_demux.gen_ar_id_counter.i_ar_id_counter/gen_counters[9].i_in_flight_cnt/axi_rsp_o[ar_ready]_INST_0_i_5/O
                         net (fo=6, estimated)        0.535     3.448    i_kecc_aes_k_axi_top/i_axi2reg/i_axi_to_axi_lite/i_axi_burst_splitter/i_demux_supported_vs_unsupported/gen_demux.gen_aw_id_counter.i_aw_id_counter/gen_counters[21].i_in_flight_cnt/gen_demux.lock_aw_valid_q_reg_0
    SLICE_X37Y135        LUT6 (Prop_lut6_I2_O)        0.105     3.553 f  i_kecc_aes_k_axi_top/i_axi2reg/i_axi_to_axi_lite/i_axi_burst_splitter/i_demux_supported_vs_unsupported/gen_demux.gen_aw_id_counter.i_aw_id_counter/gen_counters[21].i_in_flight_cnt/axi_rsp_o[aw_ready]_INST_0_i_4/O
                         net (fo=4, estimated)        0.484     4.037    i_kecc_aes_k_axi_top/i_axi2reg/i_axi_to_axi_lite/i_axi_burst_splitter/i_demux_supported_vs_unsupported/gen_demux.gen_aw_id_counter.i_aw_id_counter/gen_counters[3].i_in_flight_cnt/gen_demux.aw_valid1
    SLICE_X45Y137        LUT5 (Prop_lut5_I3_O)        0.105     4.142 f  i_kecc_aes_k_axi_top/i_axi2reg/i_axi_to_axi_lite/i_axi_burst_splitter/i_demux_supported_vs_unsupported/gen_demux.gen_aw_id_counter.i_aw_id_counter/gen_counters[3].i_in_flight_cnt/i__i_4__6/O
                         net (fo=21, estimated)       0.443     4.585    i_kecc_aes_k_axi_top/i_axi2reg/i_axi_burst_splitter/i_axi_burst_splitter_aw_chan/state_d0
    SLICE_X44Y139        LUT5 (Prop_lut5_I4_O)        0.105     4.690 r  i_kecc_aes_k_axi_top/i_axi2reg/i__i_3__0/O
                         net (fo=2, estimated)        0.137     4.827    i_kecc_aes_k_axi_top/i_axi2reg/i__i_3__0_n_0
    SLICE_X44Y139        LUT5 (Prop_lut5_I2_O)        0.105     4.932 r  i_kecc_aes_k_axi_top/i_axi2reg/i__i_1__2/O
                         net (fo=3, estimated)        0.243     5.175    i_kecc_aes_k_axi_top/i_axi2reg/i__i_1__2_n_0
    SLICE_X43Y139        LUT6 (Prop_lut6_I0_O)        0.105     5.280 r  i_kecc_aes_k_axi_top/i_axi2reg/i__i_2__2/O
                         net (fo=59, estimated)       0.429     5.709    i_kecc_aes_k_axi_top/i_axi2reg/i__i_2__2_n_0
    SLICE_X42Y140        LUT5 (Prop_lut5_I3_O)        0.105     5.814 f  i_kecc_aes_k_axi_top/i_axi2reg/mem_q[0][data][63]_i_24/O
                         net (fo=6, estimated)        1.161     6.975    i_kecc_aes_k_axi_top/i_axi2reg/i_axi_lite_to_reg/i_fifo_read/reg_req_i[addr][4]
    SLICE_X42Y156        LUT6 (Prop_lut6_I0_O)        0.105     7.080 r  i_kecc_aes_k_axi_top/i_axi2reg/i_axi_lite_to_reg/i_fifo_read/mem_q[0][data][31]_i_19/O
                         net (fo=6, estimated)        0.495     7.575    i_kecc_aes_k_axi_top/i_axi2reg/i_axi_lite_to_reg/i_fifo_read/mem_q[0][data][31]_i_19_n_0
    SLICE_X43Y158        LUT4 (Prop_lut4_I1_O)        0.105     7.680 f  i_kecc_aes_k_axi_top/i_axi2reg/i_axi_lite_to_reg/i_fifo_read/mem_q[0][data][31]_i_13/O
                         net (fo=7, estimated)        0.483     8.163    i_kecc_aes_k_axi_top/i_axi2reg/i_axi_lite_to_reg/i_fifo_read/mem_q_reg[1][3]_2
    SLICE_X39Y160        LUT6 (Prop_lut6_I0_O)        0.105     8.268 f  i_kecc_aes_k_axi_top/i_axi2reg/i_axi_lite_to_reg/i_fifo_read/mem_q[0][error]_i_16/O
                         net (fo=1, estimated)        0.422     8.690    i_kecc_aes_k_axi_top/i_axi2reg/i_axi_lite_to_reg/i_fifo_read/mem_q[0][error]_i_16_n_0
    SLICE_X39Y161        LUT6 (Prop_lut6_I4_O)        0.105     8.795 f  i_kecc_aes_k_axi_top/i_axi2reg/i_axi_lite_to_reg/i_fifo_read/mem_q[0][error]_i_11/O
                         net (fo=1, estimated)        0.205     9.000    i_kecc_aes_k_axi_top/i_axi2reg/i_axi_lite_to_reg/i_fifo_read/mem_q[0][error]_i_11_n_0
    SLICE_X39Y161        LUT6 (Prop_lut6_I0_O)        0.105     9.105 f  i_kecc_aes_k_axi_top/i_axi2reg/i_axi_lite_to_reg/i_fifo_read/mem_q[0][error]_i_5/O
                         net (fo=1, estimated)        0.117     9.222    i_kecc_aes_k_axi_top/i_axi2reg/i_axi_lite_to_reg/i_fifo_read/mem_q[0][error]_i_5_n_0
    SLICE_X39Y161        LUT6 (Prop_lut6_I4_O)        0.105     9.327 f  i_kecc_aes_k_axi_top/i_axi2reg/i_axi_lite_to_reg/i_fifo_read/mem_q[0][error]_i_1/O
                         net (fo=36, estimated)       0.682    10.009    i_kecc_aes_k_axi_top/i_axi2reg/i_axi_lite_to_reg/i_fifo_read/reg_rsp_o[error]
    SLICE_X35Y165        LUT4 (Prop_lut4_I1_O)        0.105    10.114 r  i_kecc_aes_k_axi_top/i_axi2reg/i_axi_lite_to_reg/i_fifo_read/q[63]_i_3__17/O
                         net (fo=65, estimated)       0.632    10.746    i_kecc_aes_k_axi_top/i_keccak_aes_k_top_unified/keccak_data_3_we
    SLICE_X34Y165        LUT5 (Prop_lut5_I0_O)        0.105    10.851 r  i_kecc_aes_k_axi_top/i_keccak_aes_k_top_unified/q[63]_i_1__2/O
                         net (fo=64, estimated)       0.598    11.449    i_kecc_aes_k_axi_top/kecc_aes_k_axi_unified_reg_top_i/u_keccak_data_3/q_reg[0]_3[0]
    SLICE_X31Y169        FDCE                                         r  i_kecc_aes_k_axi_top/kecc_aes_k_axi_unified_reg_top_i/u_keccak_data_3/q_reg[58]/CE
  -------------------------------------------------------------------    -------------------

                         (clock clk_i rise edge)     10.000    10.000 r  
                                                      0.000    10.000 r  clk_i (IN)
                         net (fo=4998, unset)         0.748    10.748    i_kecc_aes_k_axi_top/kecc_aes_k_axi_unified_reg_top_i/u_keccak_data_3/clk_i
    SLICE_X31Y169        FDCE                                         r  i_kecc_aes_k_axi_top/kecc_aes_k_axi_unified_reg_top_i/u_keccak_data_3/q_reg[58]/C
                         clock pessimism              0.000    10.748    
                         clock uncertainty           -0.035    10.712    
    SLICE_X31Y169        FDCE (Setup_fdce_C_CE)      -0.168    10.544    i_kecc_aes_k_axi_top/kecc_aes_k_axi_unified_reg_top_i/u_keccak_data_3/q_reg[58]
  -------------------------------------------------------------------
                         required time                         10.544    
                         arrival time                         -11.449    
  -------------------------------------------------------------------
                         slack                                 -0.905    

Slack (VIOLATED) :        -0.905ns  (required time - arrival time)
  Source:                 i_kecc_aes_k_axi_top/i_axi2reg/i_axi_to_axi_lite/i_axi_burst_splitter/i_demux_supported_vs_unsupported/gen_demux.gen_aw_id_counter.i_aw_id_counter/gen_counters[23].mst_select_q_reg[23][0]/C
                            (rising edge-triggered cell FDCE clocked by clk_i  {rise@0.000ns fall@5.000ns period=10.000ns})
  Destination:            i_kecc_aes_k_axi_top/kecc_aes_k_axi_unified_reg_top_i/u_keccak_data_3/q_reg[58]/CE
                            (rising edge-triggered cell FDCE clocked by clk_i  {rise@0.000ns fall@5.000ns period=10.000ns})
  Path Group:             clk_i
  Path Type:              Setup (Max at Slow Process Corner)
  Requirement:            10.000ns  (clk_i rise@10.000ns - clk_i rise@0.000ns)
  Data Path Delay:        10.662ns  (logic 2.655ns (24.902%)  route 8.007ns (75.098%))
  Logic Levels:           18  (LUT4=2 LUT5=6 LUT6=8 MUXF7=1 MUXF8=1)
  Clock Path Skew:        -0.039ns (DCD - SCD + CPR)
    Destination Clock Delay (DCD):    0.748ns = ( 10.748 - 10.000 ) 
    Source Clock Delay      (SCD):    0.787ns
    Clock Pessimism Removal (CPR):    0.000ns
  Clock Uncertainty:      0.035ns  ((TSJ^2 + TIJ^2)^1/2 + DJ) / 2 + PE
    Total System Jitter     (TSJ):    0.071ns
    Total Input Jitter      (TIJ):    0.000ns
    Discrete Jitter          (DJ):    0.000ns
    Phase Error              (PE):    0.000ns

    Location             Delay type                Incr(ns)  Path(ns)    Netlist Resource(s)
  -------------------------------------------------------------------    -------------------
                         (clock clk_i rise edge)      0.000     0.000 r  
                                                      0.000     0.000 r  clk_i (IN)
                         net (fo=4998, unset)         0.787     0.787    i_kecc_aes_k_axi_top/i_axi2reg/i_axi_to_axi_lite/i_axi_burst_splitter/i_demux_supported_vs_unsupported/gen_demux.gen_aw_id_counter.i_aw_id_counter/clk_i
    SLICE_X38Y133        FDCE                                         r  i_kecc_aes_k_axi_top/i_axi2reg/i_axi_to_axi_lite/i_axi_burst_splitter/i_demux_supported_vs_unsupported/gen_demux.gen_aw_id_counter.i_aw_id_counter/gen_counters[23].mst_select_q_reg[23][0]/C
  -------------------------------------------------------------------    -------------------
    SLICE_X38Y133        FDCE (Prop_fdce_C_Q)         0.398     1.185 r  i_kecc_aes_k_axi_top/i_axi2reg/i_axi_to_axi_lite/i_axi_burst_splitter/i_demux_supported_vs_unsupported/gen_demux.gen_aw_id_counter.i_aw_id_counter/gen_counters[23].mst_select_q_reg[23][0]/Q
                         net (fo=2, estimated)        0.674     1.859    i_kecc_aes_k_axi_top/i_axi2reg/i_axi_to_axi_lite/i_axi_burst_splitter/i_demux_supported_vs_unsupported/gen_demux.gen_aw_id_counter.i_aw_id_counter/gen_counters[23].mst_select_q_reg[23]_8
    SLICE_X41Y133        LUT6 (Prop_lut6_I0_O)        0.232     2.091 r  i_kecc_aes_k_axi_top/i_axi2reg/i_axi_to_axi_lite/i_axi_burst_splitter/i_demux_supported_vs_unsupported/gen_demux.gen_aw_id_counter.i_aw_id_counter/i__i_36/O
                         net (fo=1, routed)           0.000     2.091    i_kecc_aes_k_axi_top/i_axi2reg/i_axi_to_axi_lite/i_axi_burst_splitter/i_demux_supported_vs_unsupported/gen_demux.gen_aw_id_counter.i_aw_id_counter/i__i_36_n_0
    SLICE_X41Y133        MUXF7 (Prop_muxf7_I1_O)      0.206     2.297 r  i_kecc_aes_k_axi_top/i_axi2reg/i_axi_to_axi_lite/i_axi_burst_splitter/i_demux_supported_vs_unsupported/gen_demux.gen_aw_id_counter.i_aw_id_counter/i__i_15/O
                         net (fo=1, routed)           0.000     2.297    i_kecc_aes_k_axi_top/i_axi2reg/i_axi_to_axi_lite/i_axi_burst_splitter/i_demux_supported_vs_unsupported/gen_demux.gen_aw_id_counter.i_aw_id_counter/i__i_15_n_0
    SLICE_X41Y133        MUXF8 (Prop_muxf8_I0_O)      0.085     2.382 r  i_kecc_aes_k_axi_top/i_axi2reg/i_axi_to_axi_lite/i_axi_burst_splitter/i_demux_supported_vs_unsupported/gen_demux.gen_aw_id_counter.i_aw_id_counter/i__i_5/O
                         net (fo=1, estimated)        0.655     3.037    i_kecc_aes_k_axi_top/i_axi2reg/i_axi_to_axi_lite/i_axi_burst_splitter/i_demux_supported_vs_unsupported/gen_demux.gen_aw_id_counter.i_aw_id_counter/gen_counters[3].i_in_flight_cnt/i___33
    SLICE_X41Y134        LUT6 (Prop_lut6_I1_O)        0.264     3.301 r  i_kecc_aes_k_axi_top/i_axi2reg/i_axi_to_axi_lite/i_axi_burst_splitter/i_demux_supported_vs_unsupported/gen_demux.gen_aw_id_counter.i_aw_id_counter/gen_counters[3].i_in_flight_cnt/i__i_1__2__0/O
                         net (fo=2, estimated)        0.380     3.681    i_kecc_aes_k_axi_top/i_axi2reg/i_axi_to_axi_lite_n_170
    SLICE_X43Y137        LUT5 (Prop_lut5_I0_O)        0.105     3.786 r  i_kecc_aes_k_axi_top/i_axi2reg/i___80/O
                         net (fo=4, estimated)        0.251     4.037    i_kecc_aes_k_axi_top/i_axi2reg/i_axi_to_axi_lite/i_axi_burst_splitter/i_demux_supported_vs_unsupported/gen_demux.gen_aw_id_counter.i_aw_id_counter/gen_counters[3].i_in_flight_cnt/gen_demux.lock_aw_valid_q_reg_2
    SLICE_X45Y137        LUT5 (Prop_lut5_I2_O)        0.105     4.142 r  i_kecc_aes_k_axi_top/i_axi2reg/i_axi_to_axi_lite/i_axi_burst_splitter/i_demux_supported_vs_unsupported/gen_demux.gen_aw_id_counter.i_aw_id_counter/gen_counters[3].i_in_flight_cnt/i__i_4__6/O
                         net (fo=21, estimated)       0.443     4.585    i_kecc_aes_k_axi_top/i_axi2reg/i_axi_burst_splitter/i_axi_burst_splitter_aw_chan/state_d0
    SLICE_X44Y139        LUT5 (Prop_lut5_I4_O)        0.105     4.690 f  i_kecc_aes_k_axi_top/i_axi2reg/i__i_3__0/O
                         net (fo=2, estimated)        0.137     4.827    i_kecc_aes_k_axi_top/i_axi2reg/i__i_3__0_n_0
    SLICE_X44Y139        LUT5 (Prop_lut5_I2_O)        0.105     4.932 f  i_kecc_aes_k_axi_top/i_axi2reg/i__i_1__2/O
                         net (fo=3, estimated)        0.243     5.175    i_kecc_aes_k_axi_top/i_axi2reg/i__i_1__2_n_0
    SLICE_X43Y139        LUT6 (Prop_lut6_I0_O)        0.105     5.280 f  i_kecc_aes_k_axi_top/i_axi2reg/i__i_2__2/O
                         net (fo=59, estimated)       0.429     5.709    i_kecc_aes_k_axi_top/i_axi2reg/i__i_2__2_n_0
    SLICE_X42Y140        LUT5 (Prop_lut5_I3_O)        0.105     5.814 f  i_kecc_aes_k_axi_top/i_axi2reg/mem_q[0][data][63]_i_24/O
                         net (fo=6, estimated)        1.161     6.975    i_kecc_aes_k_axi_top/i_axi2reg/i_axi_lite_to_reg/i_fifo_read/reg_req_i[addr][4]
    SLICE_X42Y156        LUT6 (Prop_lut6_I0_O)        0.105     7.080 r  i_kecc_aes_k_axi_top/i_axi2reg/i_axi_lite_to_reg/i_fifo_read/mem_q[0][data][31]_i_19/O
                         net (fo=6, estimated)        0.495     7.575    i_kecc_aes_k_axi_top/i_axi2reg/i_axi_lite_to_reg/i_fifo_read/mem_q[0][data][31]_i_19_n_0
    SLICE_X43Y158        LUT4 (Prop_lut4_I1_O)        0.105     7.680 f  i_kecc_aes_k_axi_top/i_axi2reg/i_axi_lite_to_reg/i_fifo_read/mem_q[0][data][31]_i_13/O
                         net (fo=7, estimated)        0.483     8.163    i_kecc_aes_k_axi_top/i_axi2reg/i_axi_lite_to_reg/i_fifo_read/mem_q_reg[1][3]_2
    SLICE_X39Y160        LUT6 (Prop_lut6_I0_O)        0.105     8.268 f  i_kecc_aes_k_axi_top/i_axi2reg/i_axi_lite_to_reg/i_fifo_read/mem_q[0][error]_i_16/O
                         net (fo=1, estimated)        0.422     8.690    i_kecc_aes_k_axi_top/i_axi2reg/i_axi_lite_to_reg/i_fifo_read/mem_q[0][error]_i_16_n_0
    SLICE_X39Y161        LUT6 (Prop_lut6_I4_O)        0.105     8.795 f  i_kecc_aes_k_axi_top/i_axi2reg/i_axi_lite_to_reg/i_fifo_read/mem_q[0][error]_i_11/O
                         net (fo=1, estimated)        0.205     9.000    i_kecc_aes_k_axi_top/i_axi2reg/i_axi_lite_to_reg/i_fifo_read/mem_q[0][error]_i_11_n_0
    SLICE_X39Y161        LUT6 (Prop_lut6_I0_O)        0.105     9.105 f  i_kecc_aes_k_axi_top/i_axi2reg/i_axi_lite_to_reg/i_fifo_read/mem_q[0][error]_i_5/O
                         net (fo=1, estimated)        0.117     9.222    i_kecc_aes_k_axi_top/i_axi2reg/i_axi_lite_to_reg/i_fifo_read/mem_q[0][error]_i_5_n_0
    SLICE_X39Y161        LUT6 (Prop_lut6_I4_O)        0.105     9.327 f  i_kecc_aes_k_axi_top/i_axi2reg/i_axi_lite_to_reg/i_fifo_read/mem_q[0][error]_i_1/O
                         net (fo=36, estimated)       0.682    10.009    i_kecc_aes_k_axi_top/i_axi2reg/i_axi_lite_to_reg/i_fifo_read/reg_rsp_o[error]
    SLICE_X35Y165        LUT4 (Prop_lut4_I1_O)        0.105    10.114 r  i_kecc_aes_k_axi_top/i_axi2reg/i_axi_lite_to_reg/i_fifo_read/q[63]_i_3__17/O
                         net (fo=65, estimated)       0.632    10.746    i_kecc_aes_k_axi_top/i_keccak_aes_k_top_unified/keccak_data_3_we
    SLICE_X34Y165        LUT5 (Prop_lut5_I0_O)        0.105    10.851 r  i_kecc_aes_k_axi_top/i_keccak_aes_k_top_unified/q[63]_i_1__2/O
                         net (fo=64, estimated)       0.598    11.449    i_kecc_aes_k_axi_top/kecc_aes_k_axi_unified_reg_top_i/u_keccak_data_3/q_reg[0]_3[0]
    SLICE_X31Y169        FDCE                                         r  i_kecc_aes_k_axi_top/kecc_aes_k_axi_unified_reg_top_i/u_keccak_data_3/q_reg[58]/CE
  -------------------------------------------------------------------    -------------------

                         (clock clk_i rise edge)     10.000    10.000 r  
                                                      0.000    10.000 r  clk_i (IN)
                         net (fo=4998, unset)         0.748    10.748    i_kecc_aes_k_axi_top/kecc_aes_k_axi_unified_reg_top_i/u_keccak_data_3/clk_i
    SLICE_X31Y169        FDCE                                         r  i_kecc_aes_k_axi_top/kecc_aes_k_axi_unified_reg_top_i/u_keccak_data_3/q_reg[58]/C
                         clock pessimism              0.000    10.748    
                         clock uncertainty           -0.035    10.712    
    SLICE_X31Y169        FDCE (Setup_fdce_C_CE)      -0.168    10.544    i_kecc_aes_k_axi_top/kecc_aes_k_axi_unified_reg_top_i/u_keccak_data_3/q_reg[58]
  -------------------------------------------------------------------
                         required time                         10.544    
                         arrival time                         -11.449    
  -------------------------------------------------------------------
                         slack                                 -0.905    

Slack (VIOLATED) :        -0.905ns  (required time - arrival time)
  Source:                 i_kecc_aes_k_axi_top/i_axi2reg/i_axi_to_axi_lite/i_axi_burst_splitter/i_demux_supported_vs_unsupported/gen_demux.gen_aw_id_counter.i_aw_id_counter/gen_counters[23].mst_select_q_reg[23][0]/C
                            (rising edge-triggered cell FDCE clocked by clk_i  {rise@0.000ns fall@5.000ns period=10.000ns})
  Destination:            i_kecc_aes_k_axi_top/kecc_aes_k_axi_unified_reg_top_i/u_keccak_data_3/q_reg[58]/CE
                            (rising edge-triggered cell FDCE clocked by clk_i  {rise@0.000ns fall@5.000ns period=10.000ns})
  Path Group:             clk_i
  Path Type:              Setup (Max at Slow Process Corner)
  Requirement:            10.000ns  (clk_i rise@10.000ns - clk_i rise@0.000ns)
  Data Path Delay:        10.662ns  (logic 2.655ns (24.902%)  route 8.007ns (75.098%))
  Logic Levels:           18  (LUT4=2 LUT5=6 LUT6=8 MUXF7=1 MUXF8=1)
  Clock Path Skew:        -0.039ns (DCD - SCD + CPR)
    Destination Clock Delay (DCD):    0.748ns = ( 10.748 - 10.000 ) 
    Source Clock Delay      (SCD):    0.787ns
    Clock Pessimism Removal (CPR):    0.000ns
  Clock Uncertainty:      0.035ns  ((TSJ^2 + TIJ^2)^1/2 + DJ) / 2 + PE
    Total System Jitter     (TSJ):    0.071ns
    Total Input Jitter      (TIJ):    0.000ns
    Discrete Jitter          (DJ):    0.000ns
    Phase Error              (PE):    0.000ns

    Location             Delay type                Incr(ns)  Path(ns)    Netlist Resource(s)
  -------------------------------------------------------------------    -------------------
                         (clock clk_i rise edge)      0.000     0.000 r  
                                                      0.000     0.000 r  clk_i (IN)
                         net (fo=4998, unset)         0.787     0.787    i_kecc_aes_k_axi_top/i_axi2reg/i_axi_to_axi_lite/i_axi_burst_splitter/i_demux_supported_vs_unsupported/gen_demux.gen_aw_id_counter.i_aw_id_counter/clk_i
    SLICE_X38Y133        FDCE                                         r  i_kecc_aes_k_axi_top/i_axi2reg/i_axi_to_axi_lite/i_axi_burst_splitter/i_demux_supported_vs_unsupported/gen_demux.gen_aw_id_counter.i_aw_id_counter/gen_counters[23].mst_select_q_reg[23][0]/C
  -------------------------------------------------------------------    -------------------
    SLICE_X38Y133        FDCE (Prop_fdce_C_Q)         0.398     1.185 f  i_kecc_aes_k_axi_top/i_axi2reg/i_axi_to_axi_lite/i_axi_burst_splitter/i_demux_supported_vs_unsupported/gen_demux.gen_aw_id_counter.i_aw_id_counter/gen_counters[23].mst_select_q_reg[23][0]/Q
                         net (fo=2, estimated)        0.674     1.859    i_kecc_aes_k_axi_top/i_axi2reg/i_axi_to_axi_lite/i_axi_burst_splitter/i_demux_supported_vs_unsupported/gen_demux.gen_aw_id_counter.i_aw_id_counter/gen_counters[23].mst_select_q_reg[23]_8
    SLICE_X41Y133        LUT6 (Prop_lut6_I0_O)        0.232     2.091 f  i_kecc_aes_k_axi_top/i_axi2reg/i_axi_to_axi_lite/i_axi_burst_splitter/i_demux_supported_vs_unsupported/gen_demux.gen_aw_id_counter.i_aw_id_counter/i__i_36/O
                         net (fo=1, routed)           0.000     2.091    i_kecc_aes_k_axi_top/i_axi2reg/i_axi_to_axi_lite/i_axi_burst_splitter/i_demux_supported_vs_unsupported/gen_demux.gen_aw_id_counter.i_aw_id_counter/i__i_36_n_0
    SLICE_X41Y133        MUXF7 (Prop_muxf7_I1_O)      0.206     2.297 f  i_kecc_aes_k_axi_top/i_axi2reg/i_axi_to_axi_lite/i_axi_burst_splitter/i_demux_supported_vs_unsupported/gen_demux.gen_aw_id_counter.i_aw_id_counter/i__i_15/O
                         net (fo=1, routed)           0.000     2.297    i_kecc_aes_k_axi_top/i_axi2reg/i_axi_to_axi_lite/i_axi_burst_splitter/i_demux_supported_vs_unsupported/gen_demux.gen_aw_id_counter.i_aw_id_counter/i__i_15_n_0
    SLICE_X41Y133        MUXF8 (Prop_muxf8_I0_O)      0.085     2.382 f  i_kecc_aes_k_axi_top/i_axi2reg/i_axi_to_axi_lite/i_axi_burst_splitter/i_demux_supported_vs_unsupported/gen_demux.gen_aw_id_counter.i_aw_id_counter/i__i_5/O
                         net (fo=1, estimated)        0.655     3.037    i_kecc_aes_k_axi_top/i_axi2reg/i_axi_to_axi_lite/i_axi_burst_splitter/i_demux_supported_vs_unsupported/gen_demux.gen_aw_id_counter.i_aw_id_counter/gen_counters[3].i_in_flight_cnt/i___33
    SLICE_X41Y134        LUT6 (Prop_lut6_I1_O)        0.264     3.301 r  i_kecc_aes_k_axi_top/i_axi2reg/i_axi_to_axi_lite/i_axi_burst_splitter/i_demux_supported_vs_unsupported/gen_demux.gen_aw_id_counter.i_aw_id_counter/gen_counters[3].i_in_flight_cnt/i__i_1__2__0/O
                         net (fo=2, estimated)        0.380     3.681    i_kecc_aes_k_axi_top/i_axi2reg/i_axi_to_axi_lite_n_170
    SLICE_X43Y137        LUT5 (Prop_lut5_I0_O)        0.105     3.786 r  i_kecc_aes_k_axi_top/i_axi2reg/i___80/O
                         net (fo=4, estimated)        0.251     4.037    i_kecc_aes_k_axi_top/i_axi2reg/i_axi_to_axi_lite/i_axi_burst_splitter/i_demux_supported_vs_unsupported/gen_demux.gen_aw_id_counter.i_aw_id_counter/gen_counters[3].i_in_flight_cnt/gen_demux.lock_aw_valid_q_reg_2
    SLICE_X45Y137        LUT5 (Prop_lut5_I2_O)        0.105     4.142 r  i_kecc_aes_k_axi_top/i_axi2reg/i_axi_to_axi_lite/i_axi_burst_splitter/i_demux_supported_vs_unsupported/gen_demux.gen_aw_id_counter.i_aw_id_counter/gen_counters[3].i_in_flight_cnt/i__i_4__6/O
                         net (fo=21, estimated)       0.443     4.585    i_kecc_aes_k_axi_top/i_axi2reg/i_axi_burst_splitter/i_axi_burst_splitter_aw_chan/state_d0
    SLICE_X44Y139        LUT5 (Prop_lut5_I4_O)        0.105     4.690 f  i_kecc_aes_k_axi_top/i_axi2reg/i__i_3__0/O
                         net (fo=2, estimated)        0.137     4.827    i_kecc_aes_k_axi_top/i_axi2reg/i__i_3__0_n_0
    SLICE_X44Y139        LUT5 (Prop_lut5_I2_O)        0.105     4.932 f  i_kecc_aes_k_axi_top/i_axi2reg/i__i_1__2/O
                         net (fo=3, estimated)        0.243     5.175    i_kecc_aes_k_axi_top/i_axi2reg/i__i_1__2_n_0
    SLICE_X43Y139        LUT6 (Prop_lut6_I0_O)        0.105     5.280 f  i_kecc_aes_k_axi_top/i_axi2reg/i__i_2__2/O
                         net (fo=59, estimated)       0.429     5.709    i_kecc_aes_k_axi_top/i_axi2reg/i__i_2__2_n_0
    SLICE_X42Y140        LUT5 (Prop_lut5_I3_O)        0.105     5.814 f  i_kecc_aes_k_axi_top/i_axi2reg/mem_q[0][data][63]_i_24/O
                         net (fo=6, estimated)        1.161     6.975    i_kecc_aes_k_axi_top/i_axi2reg/i_axi_lite_to_reg/i_fifo_read/reg_req_i[addr][4]
    SLICE_X42Y156        LUT6 (Prop_lut6_I0_O)        0.105     7.080 r  i_kecc_aes_k_axi_top/i_axi2reg/i_axi_lite_to_reg/i_fifo_read/mem_q[0][data][31]_i_19/O
                         net (fo=6, estimated)        0.495     7.575    i_kecc_aes_k_axi_top/i_axi2reg/i_axi_lite_to_reg/i_fifo_read/mem_q[0][data][31]_i_19_n_0
    SLICE_X43Y158        LUT4 (Prop_lut4_I1_O)        0.105     7.680 f  i_kecc_aes_k_axi_top/i_axi2reg/i_axi_lite_to_reg/i_fifo_read/mem_q[0][data][31]_i_13/O
                         net (fo=7, estimated)        0.483     8.163    i_kecc_aes_k_axi_top/i_axi2reg/i_axi_lite_to_reg/i_fifo_read/mem_q_reg[1][3]_2
    SLICE_X39Y160        LUT6 (Prop_lut6_I0_O)        0.105     8.268 f  i_kecc_aes_k_axi_top/i_axi2reg/i_axi_lite_to_reg/i_fifo_read/mem_q[0][error]_i_16/O
                         net (fo=1, estimated)        0.422     8.690    i_kecc_aes_k_axi_top/i_axi2reg/i_axi_lite_to_reg/i_fifo_read/mem_q[0][error]_i_16_n_0
    SLICE_X39Y161        LUT6 (Prop_lut6_I4_O)        0.105     8.795 f  i_kecc_aes_k_axi_top/i_axi2reg/i_axi_lite_to_reg/i_fifo_read/mem_q[0][error]_i_11/O
                         net (fo=1, estimated)        0.205     9.000    i_kecc_aes_k_axi_top/i_axi2reg/i_axi_lite_to_reg/i_fifo_read/mem_q[0][error]_i_11_n_0
    SLICE_X39Y161        LUT6 (Prop_lut6_I0_O)        0.105     9.105 f  i_kecc_aes_k_axi_top/i_axi2reg/i_axi_lite_to_reg/i_fifo_read/mem_q[0][error]_i_5/O
                         net (fo=1, estimated)        0.117     9.222    i_kecc_aes_k_axi_top/i_axi2reg/i_axi_lite_to_reg/i_fifo_read/mem_q[0][error]_i_5_n_0
    SLICE_X39Y161        LUT6 (Prop_lut6_I4_O)        0.105     9.327 f  i_kecc_aes_k_axi_top/i_axi2reg/i_axi_lite_to_reg/i_fifo_read/mem_q[0][error]_i_1/O
                         net (fo=36, estimated)       0.682    10.009    i_kecc_aes_k_axi_top/i_axi2reg/i_axi_lite_to_reg/i_fifo_read/reg_rsp_o[error]
    SLICE_X35Y165        LUT4 (Prop_lut4_I1_O)        0.105    10.114 r  i_kecc_aes_k_axi_top/i_axi2reg/i_axi_lite_to_reg/i_fifo_read/q[63]_i_3__17/O
                         net (fo=65, estimated)       0.632    10.746    i_kecc_aes_k_axi_top/i_keccak_aes_k_top_unified/keccak_data_3_we
    SLICE_X34Y165        LUT5 (Prop_lut5_I0_O)        0.105    10.851 r  i_kecc_aes_k_axi_top/i_keccak_aes_k_top_unified/q[63]_i_1__2/O
                         net (fo=64, estimated)       0.598    11.449    i_kecc_aes_k_axi_top/kecc_aes_k_axi_unified_reg_top_i/u_keccak_data_3/q_reg[0]_3[0]
    SLICE_X31Y169        FDCE                                         r  i_kecc_aes_k_axi_top/kecc_aes_k_axi_unified_reg_top_i/u_keccak_data_3/q_reg[58]/CE
  -------------------------------------------------------------------    -------------------

                         (clock clk_i rise edge)     10.000    10.000 r  
                                                      0.000    10.000 r  clk_i (IN)
                         net (fo=4998, unset)         0.748    10.748    i_kecc_aes_k_axi_top/kecc_aes_k_axi_unified_reg_top_i/u_keccak_data_3/clk_i
    SLICE_X31Y169        FDCE                                         r  i_kecc_aes_k_axi_top/kecc_aes_k_axi_unified_reg_top_i/u_keccak_data_3/q_reg[58]/C
                         clock pessimism              0.000    10.748    
                         clock uncertainty           -0.035    10.712    
    SLICE_X31Y169        FDCE (Setup_fdce_C_CE)      -0.168    10.544    i_kecc_aes_k_axi_top/kecc_aes_k_axi_unified_reg_top_i/u_keccak_data_3/q_reg[58]
  -------------------------------------------------------------------
                         required time                         10.544    
                         arrival time                         -11.449    
  -------------------------------------------------------------------
                         slack                                 -0.905    

Slack (VIOLATED) :        -0.905ns  (required time - arrival time)
  Source:                 i_kecc_aes_k_axi_top/i_axi2reg/i_axi_to_axi_lite/i_axi_burst_splitter/i_demux_supported_vs_unsupported/gen_demux.gen_ar_id_counter.i_ar_id_counter/gen_counters[10].i_in_flight_cnt/counter_q_reg[0]/C
                            (rising edge-triggered cell FDCE clocked by clk_i  {rise@0.000ns fall@5.000ns period=10.000ns})
  Destination:            i_kecc_aes_k_axi_top/kecc_aes_k_axi_unified_reg_top_i/u_keccak_data_3/q_reg[58]/CE
                            (rising edge-triggered cell FDCE clocked by clk_i  {rise@0.000ns fall@5.000ns period=10.000ns})
  Path Group:             clk_i
  Path Type:              Setup (Max at Slow Process Corner)
  Requirement:            10.000ns  (clk_i rise@10.000ns - clk_i rise@0.000ns)
  Data Path Delay:        10.662ns  (logic 2.164ns (20.296%)  route 8.498ns (79.704%))
  Logic Levels:           17  (LUT4=3 LUT5=6 LUT6=8)
  Clock Path Skew:        -0.039ns (DCD - SCD + CPR)
    Destination Clock Delay (DCD):    0.748ns = ( 10.748 - 10.000 ) 
    Source Clock Delay      (SCD):    0.787ns
    Clock Pessimism Removal (CPR):    0.000ns
  Clock Uncertainty:      0.035ns  ((TSJ^2 + TIJ^2)^1/2 + DJ) / 2 + PE
    Total System Jitter     (TSJ):    0.071ns
    Total Input Jitter      (TIJ):    0.000ns
    Discrete Jitter          (DJ):    0.000ns
    Phase Error              (PE):    0.000ns

    Location             Delay type                Incr(ns)  Path(ns)    Netlist Resource(s)
  -------------------------------------------------------------------    -------------------
                         (clock clk_i rise edge)      0.000     0.000 r  
                                                      0.000     0.000 r  clk_i (IN)
                         net (fo=4998, unset)         0.787     0.787    i_kecc_aes_k_axi_top/i_axi2reg/i_axi_to_axi_lite/i_axi_burst_splitter/i_demux_supported_vs_unsupported/gen_demux.gen_ar_id_counter.i_ar_id_counter/gen_counters[10].i_in_flight_cnt/clk_i
    SLICE_X35Y134        FDCE                                         r  i_kecc_aes_k_axi_top/i_axi2reg/i_axi_to_axi_lite/i_axi_burst_splitter/i_demux_supported_vs_unsupported/gen_demux.gen_ar_id_counter.i_ar_id_counter/gen_counters[10].i_in_flight_cnt/counter_q_reg[0]/C
  -------------------------------------------------------------------    -------------------
    SLICE_X35Y134        FDCE (Prop_fdce_C_Q)         0.379     1.166 f  i_kecc_aes_k_axi_top/i_axi2reg/i_axi_to_axi_lite/i_axi_burst_splitter/i_demux_supported_vs_unsupported/gen_demux.gen_ar_id_counter.i_ar_id_counter/gen_counters[10].i_in_flight_cnt/counter_q_reg[0]/Q
                         net (fo=4, estimated)        0.548     1.714    i_kecc_aes_k_axi_top/i_axi2reg/i_axi_to_axi_lite/i_axi_burst_splitter/i_demux_supported_vs_unsupported/gen_demux.gen_ar_id_counter.i_ar_id_counter/gen_counters[10].i_in_flight_cnt/counter_q_reg[0]_0
    SLICE_X34Y135        LUT4 (Prop_lut4_I0_O)        0.105     1.819 f  i_kecc_aes_k_axi_top/i_axi2reg/i_axi_to_axi_lite/i_axi_burst_splitter/i_demux_supported_vs_unsupported/gen_demux.gen_ar_id_counter.i_ar_id_counter/gen_counters[10].i_in_flight_cnt/axi_rsp_o[ar_ready]_INST_0_i_27/O
                         net (fo=1, estimated)        0.229     2.048    i_kecc_aes_k_axi_top/i_axi2reg/i_axi_to_axi_lite/i_axi_burst_splitter/i_demux_supported_vs_unsupported/gen_demux.gen_ar_id_counter.i_ar_id_counter/gen_counters[9].i_in_flight_cnt/axi_rsp_o[ar_ready]_INST_0_i_5_0
    SLICE_X37Y135        LUT5 (Prop_lut5_I4_O)        0.105     2.153 f  i_kecc_aes_k_axi_top/i_axi2reg/i_axi_to_axi_lite/i_axi_burst_splitter/i_demux_supported_vs_unsupported/gen_demux.gen_ar_id_counter.i_ar_id_counter/gen_counters[9].i_in_flight_cnt/axi_rsp_o[ar_ready]_INST_0_i_13/O
                         net (fo=1, estimated)        0.655     2.808    i_kecc_aes_k_axi_top/i_axi2reg/i_axi_to_axi_lite/i_axi_burst_splitter/i_demux_supported_vs_unsupported/gen_demux.gen_ar_id_counter.i_ar_id_counter/gen_counters[9].i_in_flight_cnt/axi_rsp_o[ar_ready]_INST_0_i_13_n_0
    SLICE_X37Y134        LUT6 (Prop_lut6_I0_O)        0.105     2.913 f  i_kecc_aes_k_axi_top/i_axi2reg/i_axi_to_axi_lite/i_axi_burst_splitter/i_demux_supported_vs_unsupported/gen_demux.gen_ar_id_counter.i_ar_id_counter/gen_counters[9].i_in_flight_cnt/axi_rsp_o[ar_ready]_INST_0_i_5/O
                         net (fo=6, estimated)        0.535     3.448    i_kecc_aes_k_axi_top/i_axi2reg/i_axi_to_axi_lite/i_axi_burst_splitter/i_demux_supported_vs_unsupported/gen_demux.gen_aw_id_counter.i_aw_id_counter/gen_counters[21].i_in_flight_cnt/gen_demux.lock_aw_valid_q_reg_0
    SLICE_X37Y135        LUT6 (Prop_lut6_I2_O)        0.105     3.553 r  i_kecc_aes_k_axi_top/i_axi2reg/i_axi_to_axi_lite/i_axi_burst_splitter/i_demux_supported_vs_unsupported/gen_demux.gen_aw_id_counter.i_aw_id_counter/gen_counters[21].i_in_flight_cnt/axi_rsp_o[aw_ready]_INST_0_i_4/O
                         net (fo=4, estimated)        0.484     4.037    i_kecc_aes_k_axi_top/i_axi2reg/i_axi_to_axi_lite/i_axi_burst_splitter/i_demux_supported_vs_unsupported/gen_demux.gen_aw_id_counter.i_aw_id_counter/gen_counters[3].i_in_flight_cnt/gen_demux.aw_valid1
    SLICE_X45Y137        LUT5 (Prop_lut5_I3_O)        0.105     4.142 r  i_kecc_aes_k_axi_top/i_axi2reg/i_axi_to_axi_lite/i_axi_burst_splitter/i_demux_supported_vs_unsupported/gen_demux.gen_aw_id_counter.i_aw_id_counter/gen_counters[3].i_in_flight_cnt/i__i_4__6/O
                         net (fo=21, estimated)       0.443     4.585    i_kecc_aes_k_axi_top/i_axi2reg/i_axi_burst_splitter/i_axi_burst_splitter_aw_chan/state_d0
    SLICE_X44Y139        LUT5 (Prop_lut5_I4_O)        0.105     4.690 f  i_kecc_aes_k_axi_top/i_axi2reg/i__i_3__0/O
                         net (fo=2, estimated)        0.137     4.827    i_kecc_aes_k_axi_top/i_axi2reg/i__i_3__0_n_0
    SLICE_X44Y139        LUT5 (Prop_lut5_I2_O)        0.105     4.932 f  i_kecc_aes_k_axi_top/i_axi2reg/i__i_1__2/O
                         net (fo=3, estimated)        0.243     5.175    i_kecc_aes_k_axi_top/i_axi2reg/i__i_1__2_n_0
    SLICE_X43Y139        LUT6 (Prop_lut6_I0_O)        0.105     5.280 f  i_kecc_aes_k_axi_top/i_axi2reg/i__i_2__2/O
                         net (fo=59, estimated)       0.429     5.709    i_kecc_aes_k_axi_top/i_axi2reg/i__i_2__2_n_0
    SLICE_X42Y140        LUT5 (Prop_lut5_I3_O)        0.105     5.814 f  i_kecc_aes_k_axi_top/i_axi2reg/mem_q[0][data][63]_i_24/O
                         net (fo=6, estimated)        1.161     6.975    i_kecc_aes_k_axi_top/i_axi2reg/i_axi_lite_to_reg/i_fifo_read/reg_req_i[addr][4]
    SLICE_X42Y156        LUT6 (Prop_lut6_I0_O)        0.105     7.080 r  i_kecc_aes_k_axi_top/i_axi2reg/i_axi_lite_to_reg/i_fifo_read/mem_q[0][data][31]_i_19/O
                         net (fo=6, estimated)        0.495     7.575    i_kecc_aes_k_axi_top/i_axi2reg/i_axi_lite_to_reg/i_fifo_read/mem_q[0][data][31]_i_19_n_0
    SLICE_X43Y158        LUT4 (Prop_lut4_I1_O)        0.105     7.680 f  i_kecc_aes_k_axi_top/i_axi2reg/i_axi_lite_to_reg/i_fifo_read/mem_q[0][data][31]_i_13/O
                         net (fo=7, estimated)        0.483     8.163    i_kecc_aes_k_axi_top/i_axi2reg/i_axi_lite_to_reg/i_fifo_read/mem_q_reg[1][3]_2
    SLICE_X39Y160        LUT6 (Prop_lut6_I0_O)        0.105     8.268 f  i_kecc_aes_k_axi_top/i_axi2reg/i_axi_lite_to_reg/i_fifo_read/mem_q[0][error]_i_16/O
                         net (fo=1, estimated)        0.422     8.690    i_kecc_aes_k_axi_top/i_axi2reg/i_axi_lite_to_reg/i_fifo_read/mem_q[0][error]_i_16_n_0
    SLICE_X39Y161        LUT6 (Prop_lut6_I4_O)        0.105     8.795 f  i_kecc_aes_k_axi_top/i_axi2reg/i_axi_lite_to_reg/i_fifo_read/mem_q[0][error]_i_11/O
                         net (fo=1, estimated)        0.205     9.000    i_kecc_aes_k_axi_top/i_axi2reg/i_axi_lite_to_reg/i_fifo_read/mem_q[0][error]_i_11_n_0
    SLICE_X39Y161        LUT6 (Prop_lut6_I0_O)        0.105     9.105 f  i_kecc_aes_k_axi_top/i_axi2reg/i_axi_lite_to_reg/i_fifo_read/mem_q[0][error]_i_5/O
                         net (fo=1, estimated)        0.117     9.222    i_kecc_aes_k_axi_top/i_axi2reg/i_axi_lite_to_reg/i_fifo_read/mem_q[0][error]_i_5_n_0
    SLICE_X39Y161        LUT6 (Prop_lut6_I4_O)        0.105     9.327 f  i_kecc_aes_k_axi_top/i_axi2reg/i_axi_lite_to_reg/i_fifo_read/mem_q[0][error]_i_1/O
                         net (fo=36, estimated)       0.682    10.009    i_kecc_aes_k_axi_top/i_axi2reg/i_axi_lite_to_reg/i_fifo_read/reg_rsp_o[error]
    SLICE_X35Y165        LUT4 (Prop_lut4_I1_O)        0.105    10.114 r  i_kecc_aes_k_axi_top/i_axi2reg/i_axi_lite_to_reg/i_fifo_read/q[63]_i_3__17/O
                         net (fo=65, estimated)       0.632    10.746    i_kecc_aes_k_axi_top/i_keccak_aes_k_top_unified/keccak_data_3_we
    SLICE_X34Y165        LUT5 (Prop_lut5_I0_O)        0.105    10.851 r  i_kecc_aes_k_axi_top/i_keccak_aes_k_top_unified/q[63]_i_1__2/O
                         net (fo=64, estimated)       0.598    11.449    i_kecc_aes_k_axi_top/kecc_aes_k_axi_unified_reg_top_i/u_keccak_data_3/q_reg[0]_3[0]
    SLICE_X31Y169        FDCE                                         r  i_kecc_aes_k_axi_top/kecc_aes_k_axi_unified_reg_top_i/u_keccak_data_3/q_reg[58]/CE
  -------------------------------------------------------------------    -------------------

                         (clock clk_i rise edge)     10.000    10.000 r  
                                                      0.000    10.000 r  clk_i (IN)
                         net (fo=4998, unset)         0.748    10.748    i_kecc_aes_k_axi_top/kecc_aes_k_axi_unified_reg_top_i/u_keccak_data_3/clk_i
    SLICE_X31Y169        FDCE                                         r  i_kecc_aes_k_axi_top/kecc_aes_k_axi_unified_reg_top_i/u_keccak_data_3/q_reg[58]/C
                         clock pessimism              0.000    10.748    
                         clock uncertainty           -0.035    10.712    
    SLICE_X31Y169        FDCE (Setup_fdce_C_CE)      -0.168    10.544    i_kecc_aes_k_axi_top/kecc_aes_k_axi_unified_reg_top_i/u_keccak_data_3/q_reg[58]
  -------------------------------------------------------------------
                         required time                         10.544    
                         arrival time                         -11.449    
  -------------------------------------------------------------------
                         slack                                 -0.905    

Slack (VIOLATED) :        -0.905ns  (required time - arrival time)
  Source:                 i_kecc_aes_k_axi_top/i_axi2reg/i_axi_to_axi_lite/i_axi_burst_splitter/i_demux_supported_vs_unsupported/gen_demux.gen_aw_id_counter.i_aw_id_counter/gen_counters[23].mst_select_q_reg[23][0]/C
                            (rising edge-triggered cell FDCE clocked by clk_i  {rise@0.000ns fall@5.000ns period=10.000ns})
  Destination:            i_kecc_aes_k_axi_top/kecc_aes_k_axi_unified_reg_top_i/u_keccak_data_3/q_reg[58]/CE
                            (rising edge-triggered cell FDCE clocked by clk_i  {rise@0.000ns fall@5.000ns period=10.000ns})
  Path Group:             clk_i
  Path Type:              Setup (Max at Slow Process Corner)
  Requirement:            10.000ns  (clk_i rise@10.000ns - clk_i rise@0.000ns)
  Data Path Delay:        10.662ns  (logic 2.655ns (24.902%)  route 8.007ns (75.098%))
  Logic Levels:           18  (LUT4=2 LUT5=6 LUT6=8 MUXF7=1 MUXF8=1)
  Clock Path Skew:        -0.039ns (DCD - SCD + CPR)
    Destination Clock Delay (DCD):    0.748ns = ( 10.748 - 10.000 ) 
    Source Clock Delay      (SCD):    0.787ns
    Clock Pessimism Removal (CPR):    0.000ns
  Clock Uncertainty:      0.035ns  ((TSJ^2 + TIJ^2)^1/2 + DJ) / 2 + PE
    Total System Jitter     (TSJ):    0.071ns
    Total Input Jitter      (TIJ):    0.000ns
    Discrete Jitter          (DJ):    0.000ns
    Phase Error              (PE):    0.000ns

    Location             Delay type                Incr(ns)  Path(ns)    Netlist Resource(s)
  -------------------------------------------------------------------    -------------------
                         (clock clk_i rise edge)      0.000     0.000 r  
                                                      0.000     0.000 r  clk_i (IN)
                         net (fo=4998, unset)         0.787     0.787    i_kecc_aes_k_axi_top/i_axi2reg/i_axi_to_axi_lite/i_axi_burst_splitter/i_demux_supported_vs_unsupported/gen_demux.gen_aw_id_counter.i_aw_id_counter/clk_i
    SLICE_X38Y133        FDCE                                         r  i_kecc_aes_k_axi_top/i_axi2reg/i_axi_to_axi_lite/i_axi_burst_splitter/i_demux_supported_vs_unsupported/gen_demux.gen_aw_id_counter.i_aw_id_counter/gen_counters[23].mst_select_q_reg[23][0]/C
  -------------------------------------------------------------------    -------------------
    SLICE_X38Y133        FDCE (Prop_fdce_C_Q)         0.398     1.185 r  i_kecc_aes_k_axi_top/i_axi2reg/i_axi_to_axi_lite/i_axi_burst_splitter/i_demux_supported_vs_unsupported/gen_demux.gen_aw_id_counter.i_aw_id_counter/gen_counters[23].mst_select_q_reg[23][0]/Q
                         net (fo=2, estimated)        0.674     1.859    i_kecc_aes_k_axi_top/i_axi2reg/i_axi_to_axi_lite/i_axi_burst_splitter/i_demux_supported_vs_unsupported/gen_demux.gen_aw_id_counter.i_aw_id_counter/gen_counters[23].mst_select_q_reg[23]_8
    SLICE_X41Y133        LUT6 (Prop_lut6_I0_O)        0.232     2.091 r  i_kecc_aes_k_axi_top/i_axi2reg/i_axi_to_axi_lite/i_axi_burst_splitter/i_demux_supported_vs_unsupported/gen_demux.gen_aw_id_counter.i_aw_id_counter/i__i_36/O
                         net (fo=1, routed)           0.000     2.091    i_kecc_aes_k_axi_top/i_axi2reg/i_axi_to_axi_lite/i_axi_burst_splitter/i_demux_supported_vs_unsupported/gen_demux.gen_aw_id_counter.i_aw_id_counter/i__i_36_n_0
    SLICE_X41Y133        MUXF7 (Prop_muxf7_I1_O)      0.206     2.297 r  i_kecc_aes_k_axi_top/i_axi2reg/i_axi_to_axi_lite/i_axi_burst_splitter/i_demux_supported_vs_unsupported/gen_demux.gen_aw_id_counter.i_aw_id_counter/i__i_15/O
                         net (fo=1, routed)           0.000     2.297    i_kecc_aes_k_axi_top/i_axi2reg/i_axi_to_axi_lite/i_axi_burst_splitter/i_demux_supported_vs_unsupported/gen_demux.gen_aw_id_counter.i_aw_id_counter/i__i_15_n_0
    SLICE_X41Y133        MUXF8 (Prop_muxf8_I0_O)      0.085     2.382 r  i_kecc_aes_k_axi_top/i_axi2reg/i_axi_to_axi_lite/i_axi_burst_splitter/i_demux_supported_vs_unsupported/gen_demux.gen_aw_id_counter.i_aw_id_counter/i__i_5/O
                         net (fo=1, estimated)        0.655     3.037    i_kecc_aes_k_axi_top/i_axi2reg/i_axi_to_axi_lite/i_axi_burst_splitter/i_demux_supported_vs_unsupported/gen_demux.gen_aw_id_counter.i_aw_id_counter/gen_counters[3].i_in_flight_cnt/i___33
    SLICE_X41Y134        LUT6 (Prop_lut6_I1_O)        0.264     3.301 f  i_kecc_aes_k_axi_top/i_axi2reg/i_axi_to_axi_lite/i_axi_burst_splitter/i_demux_supported_vs_unsupported/gen_demux.gen_aw_id_counter.i_aw_id_counter/gen_counters[3].i_in_flight_cnt/i__i_1__2__0/O
                         net (fo=2, estimated)        0.380     3.681    i_kecc_aes_k_axi_top/i_axi2reg/i_axi_to_axi_lite_n_170
    SLICE_X43Y137        LUT5 (Prop_lut5_I0_O)        0.105     3.786 f  i_kecc_aes_k_axi_top/i_axi2reg/i___80/O
                         net (fo=4, estimated)        0.251     4.037    i_kecc_aes_k_axi_top/i_axi2reg/i_axi_to_axi_lite/i_axi_burst_splitter/i_demux_supported_vs_unsupported/gen_demux.gen_aw_id_counter.i_aw_id_counter/gen_counters[3].i_in_flight_cnt/gen_demux.lock_aw_valid_q_reg_2
    SLICE_X45Y137        LUT5 (Prop_lut5_I2_O)        0.105     4.142 f  i_kecc_aes_k_axi_top/i_axi2reg/i_axi_to_axi_lite/i_axi_burst_splitter/i_demux_supported_vs_unsupported/gen_demux.gen_aw_id_counter.i_aw_id_counter/gen_counters[3].i_in_flight_cnt/i__i_4__6/O
                         net (fo=21, estimated)       0.443     4.585    i_kecc_aes_k_axi_top/i_axi2reg/i_axi_burst_splitter/i_axi_burst_splitter_aw_chan/state_d0
    SLICE_X44Y139        LUT5 (Prop_lut5_I4_O)        0.105     4.690 r  i_kecc_aes_k_axi_top/i_axi2reg/i__i_3__0/O
                         net (fo=2, estimated)        0.137     4.827    i_kecc_aes_k_axi_top/i_axi2reg/i__i_3__0_n_0
    SLICE_X44Y139        LUT5 (Prop_lut5_I2_O)        0.105     4.932 r  i_kecc_aes_k_axi_top/i_axi2reg/i__i_1__2/O
                         net (fo=3, estimated)        0.243     5.175    i_kecc_aes_k_axi_top/i_axi2reg/i__i_1__2_n_0
    SLICE_X43Y139        LUT6 (Prop_lut6_I0_O)        0.105     5.280 r  i_kecc_aes_k_axi_top/i_axi2reg/i__i_2__2/O
                         net (fo=59, estimated)       0.429     5.709    i_kecc_aes_k_axi_top/i_axi2reg/i__i_2__2_n_0
    SLICE_X42Y140        LUT5 (Prop_lut5_I3_O)        0.105     5.814 r  i_kecc_aes_k_axi_top/i_axi2reg/mem_q[0][data][63]_i_24/O
                         net (fo=6, estimated)        1.161     6.975    i_kecc_aes_k_axi_top/i_axi2reg/i_axi_lite_to_reg/i_fifo_read/reg_req_i[addr][4]
    SLICE_X42Y156        LUT6 (Prop_lut6_I0_O)        0.105     7.080 f  i_kecc_aes_k_axi_top/i_axi2reg/i_axi_lite_to_reg/i_fifo_read/mem_q[0][data][31]_i_19/O
                         net (fo=6, estimated)        0.495     7.575    i_kecc_aes_k_axi_top/i_axi2reg/i_axi_lite_to_reg/i_fifo_read/mem_q[0][data][31]_i_19_n_0
    SLICE_X43Y158        LUT4 (Prop_lut4_I1_O)        0.105     7.680 r  i_kecc_aes_k_axi_top/i_axi2reg/i_axi_lite_to_reg/i_fifo_read/mem_q[0][data][31]_i_13/O
                         net (fo=7, estimated)        0.483     8.163    i_kecc_aes_k_axi_top/i_axi2reg/i_axi_lite_to_reg/i_fifo_read/mem_q_reg[1][3]_2
    SLICE_X39Y160        LUT6 (Prop_lut6_I0_O)        0.105     8.268 r  i_kecc_aes_k_axi_top/i_axi2reg/i_axi_lite_to_reg/i_fifo_read/mem_q[0][error]_i_16/O
                         net (fo=1, estimated)        0.422     8.690    i_kecc_aes_k_axi_top/i_axi2reg/i_axi_lite_to_reg/i_fifo_read/mem_q[0][error]_i_16_n_0
    SLICE_X39Y161        LUT6 (Prop_lut6_I4_O)        0.105     8.795 r  i_kecc_aes_k_axi_top/i_axi2reg/i_axi_lite_to_reg/i_fifo_read/mem_q[0][error]_i_11/O
                         net (fo=1, estimated)        0.205     9.000    i_kecc_aes_k_axi_top/i_axi2reg/i_axi_lite_to_reg/i_fifo_read/mem_q[0][error]_i_11_n_0
    SLICE_X39Y161        LUT6 (Prop_lut6_I0_O)        0.105     9.105 r  i_kecc_aes_k_axi_top/i_axi2reg/i_axi_lite_to_reg/i_fifo_read/mem_q[0][error]_i_5/O
                         net (fo=1, estimated)        0.117     9.222    i_kecc_aes_k_axi_top/i_axi2reg/i_axi_lite_to_reg/i_fifo_read/mem_q[0][error]_i_5_n_0
    SLICE_X39Y161        LUT6 (Prop_lut6_I4_O)        0.105     9.327 r  i_kecc_aes_k_axi_top/i_axi2reg/i_axi_lite_to_reg/i_fifo_read/mem_q[0][error]_i_1/O
                         net (fo=36, estimated)       0.682    10.009    i_kecc_aes_k_axi_top/i_axi2reg/i_axi_lite_to_reg/i_fifo_read/reg_rsp_o[error]
    SLICE_X35Y165        LUT4 (Prop_lut4_I1_O)        0.105    10.114 f  i_kecc_aes_k_axi_top/i_axi2reg/i_axi_lite_to_reg/i_fifo_read/q[63]_i_3__17/O
                         net (fo=65, estimated)       0.632    10.746    i_kecc_aes_k_axi_top/i_keccak_aes_k_top_unified/keccak_data_3_we
    SLICE_X34Y165        LUT5 (Prop_lut5_I0_O)        0.105    10.851 f  i_kecc_aes_k_axi_top/i_keccak_aes_k_top_unified/q[63]_i_1__2/O
                         net (fo=64, estimated)       0.598    11.449    i_kecc_aes_k_axi_top/kecc_aes_k_axi_unified_reg_top_i/u_keccak_data_3/q_reg[0]_3[0]
    SLICE_X31Y169        FDCE                                         f  i_kecc_aes_k_axi_top/kecc_aes_k_axi_unified_reg_top_i/u_keccak_data_3/q_reg[58]/CE
  -------------------------------------------------------------------    -------------------

                         (clock clk_i rise edge)     10.000    10.000 r  
                                                      0.000    10.000 r  clk_i (IN)
                         net (fo=4998, unset)         0.748    10.748    i_kecc_aes_k_axi_top/kecc_aes_k_axi_unified_reg_top_i/u_keccak_data_3/clk_i
    SLICE_X31Y169        FDCE                                         r  i_kecc_aes_k_axi_top/kecc_aes_k_axi_unified_reg_top_i/u_keccak_data_3/q_reg[58]/C
                         clock pessimism              0.000    10.748    
                         clock uncertainty           -0.035    10.712    
    SLICE_X31Y169        FDCE (Setup_fdce_C_CE)      -0.168    10.544    i_kecc_aes_k_axi_top/kecc_aes_k_axi_unified_reg_top_i/u_keccak_data_3/q_reg[58]
  -------------------------------------------------------------------
                         required time                         10.544    
                         arrival time                         -11.449    
  -------------------------------------------------------------------
                         slack                                 -0.905    

Slack (VIOLATED) :        -0.905ns  (required time - arrival time)
  Source:                 i_kecc_aes_k_axi_top/i_axi2reg/i_axi_to_axi_lite/i_axi_burst_splitter/i_demux_supported_vs_unsupported/gen_demux.gen_aw_id_counter.i_aw_id_counter/gen_counters[23].mst_select_q_reg[23][0]/C
                            (rising edge-triggered cell FDCE clocked by clk_i  {rise@0.000ns fall@5.000ns period=10.000ns})
  Destination:            i_kecc_aes_k_axi_top/kecc_aes_k_axi_unified_reg_top_i/u_keccak_data_3/q_reg[58]/CE
                            (rising edge-triggered cell FDCE clocked by clk_i  {rise@0.000ns fall@5.000ns period=10.000ns})
  Path Group:             clk_i
  Path Type:              Setup (Max at Slow Process Corner)
  Requirement:            10.000ns  (clk_i rise@10.000ns - clk_i rise@0.000ns)
  Data Path Delay:        10.662ns  (logic 2.655ns (24.902%)  route 8.007ns (75.098%))
  Logic Levels:           18  (LUT4=2 LUT5=6 LUT6=8 MUXF7=1 MUXF8=1)
  Clock Path Skew:        -0.039ns (DCD - SCD + CPR)
    Destination Clock Delay (DCD):    0.748ns = ( 10.748 - 10.000 ) 
    Source Clock Delay      (SCD):    0.787ns
    Clock Pessimism Removal (CPR):    0.000ns
  Clock Uncertainty:      0.035ns  ((TSJ^2 + TIJ^2)^1/2 + DJ) / 2 + PE
    Total System Jitter     (TSJ):    0.071ns
    Total Input Jitter      (TIJ):    0.000ns
    Discrete Jitter          (DJ):    0.000ns
    Phase Error              (PE):    0.000ns

    Location             Delay type                Incr(ns)  Path(ns)    Netlist Resource(s)
  -------------------------------------------------------------------    -------------------
                         (clock clk_i rise edge)      0.000     0.000 r  
                                                      0.000     0.000 r  clk_i (IN)
                         net (fo=4998, unset)         0.787     0.787    i_kecc_aes_k_axi_top/i_axi2reg/i_axi_to_axi_lite/i_axi_burst_splitter/i_demux_supported_vs_unsupported/gen_demux.gen_aw_id_counter.i_aw_id_counter/clk_i
    SLICE_X38Y133        FDCE                                         r  i_kecc_aes_k_axi_top/i_axi2reg/i_axi_to_axi_lite/i_axi_burst_splitter/i_demux_supported_vs_unsupported/gen_demux.gen_aw_id_counter.i_aw_id_counter/gen_counters[23].mst_select_q_reg[23][0]/C
  -------------------------------------------------------------------    -------------------
    SLICE_X38Y133        FDCE (Prop_fdce_C_Q)         0.398     1.185 f  i_kecc_aes_k_axi_top/i_axi2reg/i_axi_to_axi_lite/i_axi_burst_splitter/i_demux_supported_vs_unsupported/gen_demux.gen_aw_id_counter.i_aw_id_counter/gen_counters[23].mst_select_q_reg[23][0]/Q
                         net (fo=2, estimated)        0.674     1.859    i_kecc_aes_k_axi_top/i_axi2reg/i_axi_to_axi_lite/i_axi_burst_splitter/i_demux_supported_vs_unsupported/gen_demux.gen_aw_id_counter.i_aw_id_counter/gen_counters[23].mst_select_q_reg[23]_8
    SLICE_X41Y133        LUT6 (Prop_lut6_I0_O)        0.232     2.091 f  i_kecc_aes_k_axi_top/i_axi2reg/i_axi_to_axi_lite/i_axi_burst_splitter/i_demux_supported_vs_unsupported/gen_demux.gen_aw_id_counter.i_aw_id_counter/i__i_36/O
                         net (fo=1, routed)           0.000     2.091    i_kecc_aes_k_axi_top/i_axi2reg/i_axi_to_axi_lite/i_axi_burst_splitter/i_demux_supported_vs_unsupported/gen_demux.gen_aw_id_counter.i_aw_id_counter/i__i_36_n_0
    SLICE_X41Y133        MUXF7 (Prop_muxf7_I1_O)      0.206     2.297 f  i_kecc_aes_k_axi_top/i_axi2reg/i_axi_to_axi_lite/i_axi_burst_splitter/i_demux_supported_vs_unsupported/gen_demux.gen_aw_id_counter.i_aw_id_counter/i__i_15/O
                         net (fo=1, routed)           0.000     2.297    i_kecc_aes_k_axi_top/i_axi2reg/i_axi_to_axi_lite/i_axi_burst_splitter/i_demux_supported_vs_unsupported/gen_demux.gen_aw_id_counter.i_aw_id_counter/i__i_15_n_0
    SLICE_X41Y133        MUXF8 (Prop_muxf8_I0_O)      0.085     2.382 f  i_kecc_aes_k_axi_top/i_axi2reg/i_axi_to_axi_lite/i_axi_burst_splitter/i_demux_supported_vs_unsupported/gen_demux.gen_aw_id_counter.i_aw_id_counter/i__i_5/O
                         net (fo=1, estimated)        0.655     3.037    i_kecc_aes_k_axi_top/i_axi2reg/i_axi_to_axi_lite/i_axi_burst_splitter/i_demux_supported_vs_unsupported/gen_demux.gen_aw_id_counter.i_aw_id_counter/gen_counters[3].i_in_flight_cnt/i___33
    SLICE_X41Y134        LUT6 (Prop_lut6_I1_O)        0.264     3.301 f  i_kecc_aes_k_axi_top/i_axi2reg/i_axi_to_axi_lite/i_axi_burst_splitter/i_demux_supported_vs_unsupported/gen_demux.gen_aw_id_counter.i_aw_id_counter/gen_counters[3].i_in_flight_cnt/i__i_1__2__0/O
                         net (fo=2, estimated)        0.380     3.681    i_kecc_aes_k_axi_top/i_axi2reg/i_axi_to_axi_lite_n_170
    SLICE_X43Y137        LUT5 (Prop_lut5_I0_O)        0.105     3.786 f  i_kecc_aes_k_axi_top/i_axi2reg/i___80/O
                         net (fo=4, estimated)        0.251     4.037    i_kecc_aes_k_axi_top/i_axi2reg/i_axi_to_axi_lite/i_axi_burst_splitter/i_demux_supported_vs_unsupported/gen_demux.gen_aw_id_counter.i_aw_id_counter/gen_counters[3].i_in_flight_cnt/gen_demux.lock_aw_valid_q_reg_2
    SLICE_X45Y137        LUT5 (Prop_lut5_I2_O)        0.105     4.142 f  i_kecc_aes_k_axi_top/i_axi2reg/i_axi_to_axi_lite/i_axi_burst_splitter/i_demux_supported_vs_unsupported/gen_demux.gen_aw_id_counter.i_aw_id_counter/gen_counters[3].i_in_flight_cnt/i__i_4__6/O
                         net (fo=21, estimated)       0.443     4.585    i_kecc_aes_k_axi_top/i_axi2reg/i_axi_burst_splitter/i_axi_burst_splitter_aw_chan/state_d0
    SLICE_X44Y139        LUT5 (Prop_lut5_I4_O)        0.105     4.690 r  i_kecc_aes_k_axi_top/i_axi2reg/i__i_3__0/O
                         net (fo=2, estimated)        0.137     4.827    i_kecc_aes_k_axi_top/i_axi2reg/i__i_3__0_n_0
    SLICE_X44Y139        LUT5 (Prop_lut5_I2_O)        0.105     4.932 r  i_kecc_aes_k_axi_top/i_axi2reg/i__i_1__2/O
                         net (fo=3, estimated)        0.243     5.175    i_kecc_aes_k_axi_top/i_axi2reg/i__i_1__2_n_0
    SLICE_X43Y139        LUT6 (Prop_lut6_I0_O)        0.105     5.280 r  i_kecc_aes_k_axi_top/i_axi2reg/i__i_2__2/O
                         net (fo=59, estimated)       0.429     5.709    i_kecc_aes_k_axi_top/i_axi2reg/i__i_2__2_n_0
    SLICE_X42Y140        LUT5 (Prop_lut5_I3_O)        0.105     5.814 r  i_kecc_aes_k_axi_top/i_axi2reg/mem_q[0][data][63]_i_24/O
                         net (fo=6, estimated)        1.161     6.975    i_kecc_aes_k_axi_top/i_axi2reg/i_axi_lite_to_reg/i_fifo_read/reg_req_i[addr][4]
    SLICE_X42Y156        LUT6 (Prop_lut6_I0_O)        0.105     7.080 f  i_kecc_aes_k_axi_top/i_axi2reg/i_axi_lite_to_reg/i_fifo_read/mem_q[0][data][31]_i_19/O
                         net (fo=6, estimated)        0.495     7.575    i_kecc_aes_k_axi_top/i_axi2reg/i_axi_lite_to_reg/i_fifo_read/mem_q[0][data][31]_i_19_n_0
    SLICE_X43Y158        LUT4 (Prop_lut4_I1_O)        0.105     7.680 r  i_kecc_aes_k_axi_top/i_axi2reg/i_axi_lite_to_reg/i_fifo_read/mem_q[0][data][31]_i_13/O
                         net (fo=7, estimated)        0.483     8.163    i_kecc_aes_k_axi_top/i_axi2reg/i_axi_lite_to_reg/i_fifo_read/mem_q_reg[1][3]_2
    SLICE_X39Y160        LUT6 (Prop_lut6_I0_O)        0.105     8.268 r  i_kecc_aes_k_axi_top/i_axi2reg/i_axi_lite_to_reg/i_fifo_read/mem_q[0][error]_i_16/O
                         net (fo=1, estimated)        0.422     8.690    i_kecc_aes_k_axi_top/i_axi2reg/i_axi_lite_to_reg/i_fifo_read/mem_q[0][error]_i_16_n_0
    SLICE_X39Y161        LUT6 (Prop_lut6_I4_O)        0.105     8.795 r  i_kecc_aes_k_axi_top/i_axi2reg/i_axi_lite_to_reg/i_fifo_read/mem_q[0][error]_i_11/O
                         net (fo=1, estimated)        0.205     9.000    i_kecc_aes_k_axi_top/i_axi2reg/i_axi_lite_to_reg/i_fifo_read/mem_q[0][error]_i_11_n_0
    SLICE_X39Y161        LUT6 (Prop_lut6_I0_O)        0.105     9.105 r  i_kecc_aes_k_axi_top/i_axi2reg/i_axi_lite_to_reg/i_fifo_read/mem_q[0][error]_i_5/O
                         net (fo=1, estimated)        0.117     9.222    i_kecc_aes_k_axi_top/i_axi2reg/i_axi_lite_to_reg/i_fifo_read/mem_q[0][error]_i_5_n_0
    SLICE_X39Y161        LUT6 (Prop_lut6_I4_O)        0.105     9.327 r  i_kecc_aes_k_axi_top/i_axi2reg/i_axi_lite_to_reg/i_fifo_read/mem_q[0][error]_i_1/O
                         net (fo=36, estimated)       0.682    10.009    i_kecc_aes_k_axi_top/i_axi2reg/i_axi_lite_to_reg/i_fifo_read/reg_rsp_o[error]
    SLICE_X35Y165        LUT4 (Prop_lut4_I1_O)        0.105    10.114 f  i_kecc_aes_k_axi_top/i_axi2reg/i_axi_lite_to_reg/i_fifo_read/q[63]_i_3__17/O
                         net (fo=65, estimated)       0.632    10.746    i_kecc_aes_k_axi_top/i_keccak_aes_k_top_unified/keccak_data_3_we
    SLICE_X34Y165        LUT5 (Prop_lut5_I0_O)        0.105    10.851 f  i_kecc_aes_k_axi_top/i_keccak_aes_k_top_unified/q[63]_i_1__2/O
                         net (fo=64, estimated)       0.598    11.449    i_kecc_aes_k_axi_top/kecc_aes_k_axi_unified_reg_top_i/u_keccak_data_3/q_reg[0]_3[0]
    SLICE_X31Y169        FDCE                                         f  i_kecc_aes_k_axi_top/kecc_aes_k_axi_unified_reg_top_i/u_keccak_data_3/q_reg[58]/CE
  -------------------------------------------------------------------    -------------------

                         (clock clk_i rise edge)     10.000    10.000 r  
                                                      0.000    10.000 r  clk_i (IN)
                         net (fo=4998, unset)         0.748    10.748    i_kecc_aes_k_axi_top/kecc_aes_k_axi_unified_reg_top_i/u_keccak_data_3/clk_i
    SLICE_X31Y169        FDCE                                         r  i_kecc_aes_k_axi_top/kecc_aes_k_axi_unified_reg_top_i/u_keccak_data_3/q_reg[58]/C
                         clock pessimism              0.000    10.748    
                         clock uncertainty           -0.035    10.712    
    SLICE_X31Y169        FDCE (Setup_fdce_C_CE)      -0.168    10.544    i_kecc_aes_k_axi_top/kecc_aes_k_axi_unified_reg_top_i/u_keccak_data_3/q_reg[58]
  -------------------------------------------------------------------
                         required time                         10.544    
                         arrival time                         -11.449    
  -------------------------------------------------------------------
                         slack                                 -0.905    

Slack (VIOLATED) :        -0.905ns  (required time - arrival time)
  Source:                 i_kecc_aes_k_axi_top/i_axi2reg/i_axi_to_axi_lite/i_axi_burst_splitter/i_demux_supported_vs_unsupported/gen_demux.gen_ar_id_counter.i_ar_id_counter/gen_counters[10].i_in_flight_cnt/counter_q_reg[0]/C
                            (rising edge-triggered cell FDCE clocked by clk_i  {rise@0.000ns fall@5.000ns period=10.000ns})
  Destination:            i_kecc_aes_k_axi_top/kecc_aes_k_axi_unified_reg_top_i/u_keccak_data_3/q_reg[58]/CE
                            (rising edge-triggered cell FDCE clocked by clk_i  {rise@0.000ns fall@5.000ns period=10.000ns})
  Path Group:             clk_i
  Path Type:              Setup (Max at Slow Process Corner)
  Requirement:            10.000ns  (clk_i rise@10.000ns - clk_i rise@0.000ns)
  Data Path Delay:        10.662ns  (logic 2.164ns (20.296%)  route 8.498ns (79.704%))
  Logic Levels:           17  (LUT4=3 LUT5=6 LUT6=8)
  Clock Path Skew:        -0.039ns (DCD - SCD + CPR)
    Destination Clock Delay (DCD):    0.748ns = ( 10.748 - 10.000 ) 
    Source Clock Delay      (SCD):    0.787ns
    Clock Pessimism Removal (CPR):    0.000ns
  Clock Uncertainty:      0.035ns  ((TSJ^2 + TIJ^2)^1/2 + DJ) / 2 + PE
    Total System Jitter     (TSJ):    0.071ns
    Total Input Jitter      (TIJ):    0.000ns
    Discrete Jitter          (DJ):    0.000ns
    Phase Error              (PE):    0.000ns

    Location             Delay type                Incr(ns)  Path(ns)    Netlist Resource(s)
  -------------------------------------------------------------------    -------------------
                         (clock clk_i rise edge)      0.000     0.000 r  
                                                      0.000     0.000 r  clk_i (IN)
                         net (fo=4998, unset)         0.787     0.787    i_kecc_aes_k_axi_top/i_axi2reg/i_axi_to_axi_lite/i_axi_burst_splitter/i_demux_supported_vs_unsupported/gen_demux.gen_ar_id_counter.i_ar_id_counter/gen_counters[10].i_in_flight_cnt/clk_i
    SLICE_X35Y134        FDCE                                         r  i_kecc_aes_k_axi_top/i_axi2reg/i_axi_to_axi_lite/i_axi_burst_splitter/i_demux_supported_vs_unsupported/gen_demux.gen_ar_id_counter.i_ar_id_counter/gen_counters[10].i_in_flight_cnt/counter_q_reg[0]/C
  -------------------------------------------------------------------    -------------------
    SLICE_X35Y134        FDCE (Prop_fdce_C_Q)         0.379     1.166 r  i_kecc_aes_k_axi_top/i_axi2reg/i_axi_to_axi_lite/i_axi_burst_splitter/i_demux_supported_vs_unsupported/gen_demux.gen_ar_id_counter.i_ar_id_counter/gen_counters[10].i_in_flight_cnt/counter_q_reg[0]/Q
                         net (fo=4, estimated)        0.548     1.714    i_kecc_aes_k_axi_top/i_axi2reg/i_axi_to_axi_lite/i_axi_burst_splitter/i_demux_supported_vs_unsupported/gen_demux.gen_ar_id_counter.i_ar_id_counter/gen_counters[10].i_in_flight_cnt/counter_q_reg[0]_0
    SLICE_X34Y135        LUT4 (Prop_lut4_I0_O)        0.105     1.819 r  i_kecc_aes_k_axi_top/i_axi2reg/i_axi_to_axi_lite/i_axi_burst_splitter/i_demux_supported_vs_unsupported/gen_demux.gen_ar_id_counter.i_ar_id_counter/gen_counters[10].i_in_flight_cnt/axi_rsp_o[ar_ready]_INST_0_i_27/O
                         net (fo=1, estimated)        0.229     2.048    i_kecc_aes_k_axi_top/i_axi2reg/i_axi_to_axi_lite/i_axi_burst_splitter/i_demux_supported_vs_unsupported/gen_demux.gen_ar_id_counter.i_ar_id_counter/gen_counters[9].i_in_flight_cnt/axi_rsp_o[ar_ready]_INST_0_i_5_0
    SLICE_X37Y135        LUT5 (Prop_lut5_I4_O)        0.105     2.153 r  i_kecc_aes_k_axi_top/i_axi2reg/i_axi_to_axi_lite/i_axi_burst_splitter/i_demux_supported_vs_unsupported/gen_demux.gen_ar_id_counter.i_ar_id_counter/gen_counters[9].i_in_flight_cnt/axi_rsp_o[ar_ready]_INST_0_i_13/O
                         net (fo=1, estimated)        0.655     2.808    i_kecc_aes_k_axi_top/i_axi2reg/i_axi_to_axi_lite/i_axi_burst_splitter/i_demux_supported_vs_unsupported/gen_demux.gen_ar_id_counter.i_ar_id_counter/gen_counters[9].i_in_flight_cnt/axi_rsp_o[ar_ready]_INST_0_i_13_n_0
    SLICE_X37Y134        LUT6 (Prop_lut6_I0_O)        0.105     2.913 r  i_kecc_aes_k_axi_top/i_axi2reg/i_axi_to_axi_lite/i_axi_burst_splitter/i_demux_supported_vs_unsupported/gen_demux.gen_ar_id_counter.i_ar_id_counter/gen_counters[9].i_in_flight_cnt/axi_rsp_o[ar_ready]_INST_0_i_5/O
                         net (fo=6, estimated)        0.535     3.448    i_kecc_aes_k_axi_top/i_axi2reg/i_axi_to_axi_lite/i_axi_burst_splitter/i_demux_supported_vs_unsupported/gen_demux.gen_aw_id_counter.i_aw_id_counter/gen_counters[21].i_in_flight_cnt/gen_demux.lock_aw_valid_q_reg_0
    SLICE_X37Y135        LUT6 (Prop_lut6_I2_O)        0.105     3.553 f  i_kecc_aes_k_axi_top/i_axi2reg/i_axi_to_axi_lite/i_axi_burst_splitter/i_demux_supported_vs_unsupported/gen_demux.gen_aw_id_counter.i_aw_id_counter/gen_counters[21].i_in_flight_cnt/axi_rsp_o[aw_ready]_INST_0_i_4/O
                         net (fo=4, estimated)        0.484     4.037    i_kecc_aes_k_axi_top/i_axi2reg/i_axi_to_axi_lite/i_axi_burst_splitter/i_demux_supported_vs_unsupported/gen_demux.gen_aw_id_counter.i_aw_id_counter/gen_counters[3].i_in_flight_cnt/gen_demux.aw_valid1
    SLICE_X45Y137        LUT5 (Prop_lut5_I3_O)        0.105     4.142 f  i_kecc_aes_k_axi_top/i_axi2reg/i_axi_to_axi_lite/i_axi_burst_splitter/i_demux_supported_vs_unsupported/gen_demux.gen_aw_id_counter.i_aw_id_counter/gen_counters[3].i_in_flight_cnt/i__i_4__6/O
                         net (fo=21, estimated)       0.443     4.585    i_kecc_aes_k_axi_top/i_axi2reg/i_axi_burst_splitter/i_axi_burst_splitter_aw_chan/state_d0
    SLICE_X44Y139        LUT5 (Prop_lut5_I4_O)        0.105     4.690 r  i_kecc_aes_k_axi_top/i_axi2reg/i__i_3__0/O
                         net (fo=2, estimated)        0.137     4.827    i_kecc_aes_k_axi_top/i_axi2reg/i__i_3__0_n_0
    SLICE_X44Y139        LUT5 (Prop_lut5_I2_O)        0.105     4.932 r  i_kecc_aes_k_axi_top/i_axi2reg/i__i_1__2/O
                         net (fo=3, estimated)        0.243     5.175    i_kecc_aes_k_axi_top/i_axi2reg/i__i_1__2_n_0
    SLICE_X43Y139        LUT6 (Prop_lut6_I0_O)        0.105     5.280 r  i_kecc_aes_k_axi_top/i_axi2reg/i__i_2__2/O
                         net (fo=59, estimated)       0.429     5.709    i_kecc_aes_k_axi_top/i_axi2reg/i__i_2__2_n_0
    SLICE_X42Y140        LUT5 (Prop_lut5_I3_O)        0.105     5.814 r  i_kecc_aes_k_axi_top/i_axi2reg/mem_q[0][data][63]_i_24/O
                         net (fo=6, estimated)        1.161     6.975    i_kecc_aes_k_axi_top/i_axi2reg/i_axi_lite_to_reg/i_fifo_read/reg_req_i[addr][4]
    SLICE_X42Y156        LUT6 (Prop_lut6_I0_O)        0.105     7.080 f  i_kecc_aes_k_axi_top/i_axi2reg/i_axi_lite_to_reg/i_fifo_read/mem_q[0][data][31]_i_19/O
                         net (fo=6, estimated)        0.495     7.575    i_kecc_aes_k_axi_top/i_axi2reg/i_axi_lite_to_reg/i_fifo_read/mem_q[0][data][31]_i_19_n_0
    SLICE_X43Y158        LUT4 (Prop_lut4_I1_O)        0.105     7.680 r  i_kecc_aes_k_axi_top/i_axi2reg/i_axi_lite_to_reg/i_fifo_read/mem_q[0][data][31]_i_13/O
                         net (fo=7, estimated)        0.483     8.163    i_kecc_aes_k_axi_top/i_axi2reg/i_axi_lite_to_reg/i_fifo_read/mem_q_reg[1][3]_2
    SLICE_X39Y160        LUT6 (Prop_lut6_I0_O)        0.105     8.268 r  i_kecc_aes_k_axi_top/i_axi2reg/i_axi_lite_to_reg/i_fifo_read/mem_q[0][error]_i_16/O
                         net (fo=1, estimated)        0.422     8.690    i_kecc_aes_k_axi_top/i_axi2reg/i_axi_lite_to_reg/i_fifo_read/mem_q[0][error]_i_16_n_0
    SLICE_X39Y161        LUT6 (Prop_lut6_I4_O)        0.105     8.795 r  i_kecc_aes_k_axi_top/i_axi2reg/i_axi_lite_to_reg/i_fifo_read/mem_q[0][error]_i_11/O
                         net (fo=1, estimated)        0.205     9.000    i_kecc_aes_k_axi_top/i_axi2reg/i_axi_lite_to_reg/i_fifo_read/mem_q[0][error]_i_11_n_0
    SLICE_X39Y161        LUT6 (Prop_lut6_I0_O)        0.105     9.105 r  i_kecc_aes_k_axi_top/i_axi2reg/i_axi_lite_to_reg/i_fifo_read/mem_q[0][error]_i_5/O
                         net (fo=1, estimated)        0.117     9.222    i_kecc_aes_k_axi_top/i_axi2reg/i_axi_lite_to_reg/i_fifo_read/mem_q[0][error]_i_5_n_0
    SLICE_X39Y161        LUT6 (Prop_lut6_I4_O)        0.105     9.327 r  i_kecc_aes_k_axi_top/i_axi2reg/i_axi_lite_to_reg/i_fifo_read/mem_q[0][error]_i_1/O
                         net (fo=36, estimated)       0.682    10.009    i_kecc_aes_k_axi_top/i_axi2reg/i_axi_lite_to_reg/i_fifo_read/reg_rsp_o[error]
    SLICE_X35Y165        LUT4 (Prop_lut4_I1_O)        0.105    10.114 f  i_kecc_aes_k_axi_top/i_axi2reg/i_axi_lite_to_reg/i_fifo_read/q[63]_i_3__17/O
                         net (fo=65, estimated)       0.632    10.746    i_kecc_aes_k_axi_top/i_keccak_aes_k_top_unified/keccak_data_3_we
    SLICE_X34Y165        LUT5 (Prop_lut5_I0_O)        0.105    10.851 f  i_kecc_aes_k_axi_top/i_keccak_aes_k_top_unified/q[63]_i_1__2/O
                         net (fo=64, estimated)       0.598    11.449    i_kecc_aes_k_axi_top/kecc_aes_k_axi_unified_reg_top_i/u_keccak_data_3/q_reg[0]_3[0]
    SLICE_X31Y169        FDCE                                         f  i_kecc_aes_k_axi_top/kecc_aes_k_axi_unified_reg_top_i/u_keccak_data_3/q_reg[58]/CE
  -------------------------------------------------------------------    -------------------

                         (clock clk_i rise edge)     10.000    10.000 r  
                                                      0.000    10.000 r  clk_i (IN)
                         net (fo=4998, unset)         0.748    10.748    i_kecc_aes_k_axi_top/kecc_aes_k_axi_unified_reg_top_i/u_keccak_data_3/clk_i
    SLICE_X31Y169        FDCE                                         r  i_kecc_aes_k_axi_top/kecc_aes_k_axi_unified_reg_top_i/u_keccak_data_3/q_reg[58]/C
                         clock pessimism              0.000    10.748    
                         clock uncertainty           -0.035    10.712    
    SLICE_X31Y169        FDCE (Setup_fdce_C_CE)      -0.168    10.544    i_kecc_aes_k_axi_top/kecc_aes_k_axi_unified_reg_top_i/u_keccak_data_3/q_reg[58]
  -------------------------------------------------------------------
                         required time                         10.544    
                         arrival time                         -11.449    
  -------------------------------------------------------------------
                         slack                                 -0.905    

Slack (VIOLATED) :        -0.905ns  (required time - arrival time)
  Source:                 i_kecc_aes_k_axi_top/i_axi2reg/i_axi_to_axi_lite/i_axi_burst_splitter/i_demux_supported_vs_unsupported/gen_demux.gen_aw_id_counter.i_aw_id_counter/gen_counters[23].mst_select_q_reg[23][0]/C
                            (rising edge-triggered cell FDCE clocked by clk_i  {rise@0.000ns fall@5.000ns period=10.000ns})
  Destination:            i_kecc_aes_k_axi_top/kecc_aes_k_axi_unified_reg_top_i/u_keccak_data_3/q_reg[58]/CE
                            (rising edge-triggered cell FDCE clocked by clk_i  {rise@0.000ns fall@5.000ns period=10.000ns})
  Path Group:             clk_i
  Path Type:              Setup (Max at Slow Process Corner)
  Requirement:            10.000ns  (clk_i rise@10.000ns - clk_i rise@0.000ns)
  Data Path Delay:        10.662ns  (logic 2.655ns (24.902%)  route 8.007ns (75.098%))
  Logic Levels:           18  (LUT4=2 LUT5=6 LUT6=8 MUXF7=1 MUXF8=1)
  Clock Path Skew:        -0.039ns (DCD - SCD + CPR)
    Destination Clock Delay (DCD):    0.748ns = ( 10.748 - 10.000 ) 
    Source Clock Delay      (SCD):    0.787ns
    Clock Pessimism Removal (CPR):    0.000ns
  Clock Uncertainty:      0.035ns  ((TSJ^2 + TIJ^2)^1/2 + DJ) / 2 + PE
    Total System Jitter     (TSJ):    0.071ns
    Total Input Jitter      (TIJ):    0.000ns
    Discrete Jitter          (DJ):    0.000ns
    Phase Error              (PE):    0.000ns

    Location             Delay type                Incr(ns)  Path(ns)    Netlist Resource(s)
  -------------------------------------------------------------------    -------------------
                         (clock clk_i rise edge)      0.000     0.000 r  
                                                      0.000     0.000 r  clk_i (IN)
                         net (fo=4998, unset)         0.787     0.787    i_kecc_aes_k_axi_top/i_axi2reg/i_axi_to_axi_lite/i_axi_burst_splitter/i_demux_supported_vs_unsupported/gen_demux.gen_aw_id_counter.i_aw_id_counter/clk_i
    SLICE_X38Y133        FDCE                                         r  i_kecc_aes_k_axi_top/i_axi2reg/i_axi_to_axi_lite/i_axi_burst_splitter/i_demux_supported_vs_unsupported/gen_demux.gen_aw_id_counter.i_aw_id_counter/gen_counters[23].mst_select_q_reg[23][0]/C
  -------------------------------------------------------------------    -------------------
    SLICE_X38Y133        FDCE (Prop_fdce_C_Q)         0.398     1.185 r  i_kecc_aes_k_axi_top/i_axi2reg/i_axi_to_axi_lite/i_axi_burst_splitter/i_demux_supported_vs_unsupported/gen_demux.gen_aw_id_counter.i_aw_id_counter/gen_counters[23].mst_select_q_reg[23][0]/Q
                         net (fo=2, estimated)        0.674     1.859    i_kecc_aes_k_axi_top/i_axi2reg/i_axi_to_axi_lite/i_axi_burst_splitter/i_demux_supported_vs_unsupported/gen_demux.gen_aw_id_counter.i_aw_id_counter/gen_counters[23].mst_select_q_reg[23]_8
    SLICE_X41Y133        LUT6 (Prop_lut6_I0_O)        0.232     2.091 r  i_kecc_aes_k_axi_top/i_axi2reg/i_axi_to_axi_lite/i_axi_burst_splitter/i_demux_supported_vs_unsupported/gen_demux.gen_aw_id_counter.i_aw_id_counter/i__i_36/O
                         net (fo=1, routed)           0.000     2.091    i_kecc_aes_k_axi_top/i_axi2reg/i_axi_to_axi_lite/i_axi_burst_splitter/i_demux_supported_vs_unsupported/gen_demux.gen_aw_id_counter.i_aw_id_counter/i__i_36_n_0
    SLICE_X41Y133        MUXF7 (Prop_muxf7_I1_O)      0.206     2.297 r  i_kecc_aes_k_axi_top/i_axi2reg/i_axi_to_axi_lite/i_axi_burst_splitter/i_demux_supported_vs_unsupported/gen_demux.gen_aw_id_counter.i_aw_id_counter/i__i_15/O
                         net (fo=1, routed)           0.000     2.297    i_kecc_aes_k_axi_top/i_axi2reg/i_axi_to_axi_lite/i_axi_burst_splitter/i_demux_supported_vs_unsupported/gen_demux.gen_aw_id_counter.i_aw_id_counter/i__i_15_n_0
    SLICE_X41Y133        MUXF8 (Prop_muxf8_I0_O)      0.085     2.382 r  i_kecc_aes_k_axi_top/i_axi2reg/i_axi_to_axi_lite/i_axi_burst_splitter/i_demux_supported_vs_unsupported/gen_demux.gen_aw_id_counter.i_aw_id_counter/i__i_5/O
                         net (fo=1, estimated)        0.655     3.037    i_kecc_aes_k_axi_top/i_axi2reg/i_axi_to_axi_lite/i_axi_burst_splitter/i_demux_supported_vs_unsupported/gen_demux.gen_aw_id_counter.i_aw_id_counter/gen_counters[3].i_in_flight_cnt/i___33
    SLICE_X41Y134        LUT6 (Prop_lut6_I1_O)        0.264     3.301 r  i_kecc_aes_k_axi_top/i_axi2reg/i_axi_to_axi_lite/i_axi_burst_splitter/i_demux_supported_vs_unsupported/gen_demux.gen_aw_id_counter.i_aw_id_counter/gen_counters[3].i_in_flight_cnt/i__i_1__2__0/O
                         net (fo=2, estimated)        0.380     3.681    i_kecc_aes_k_axi_top/i_axi2reg/i_axi_to_axi_lite_n_170
    SLICE_X43Y137        LUT5 (Prop_lut5_I0_O)        0.105     3.786 r  i_kecc_aes_k_axi_top/i_axi2reg/i___80/O
                         net (fo=4, estimated)        0.251     4.037    i_kecc_aes_k_axi_top/i_axi2reg/i_axi_to_axi_lite/i_axi_burst_splitter/i_demux_supported_vs_unsupported/gen_demux.gen_aw_id_counter.i_aw_id_counter/gen_counters[3].i_in_flight_cnt/gen_demux.lock_aw_valid_q_reg_2
    SLICE_X45Y137        LUT5 (Prop_lut5_I2_O)        0.105     4.142 r  i_kecc_aes_k_axi_top/i_axi2reg/i_axi_to_axi_lite/i_axi_burst_splitter/i_demux_supported_vs_unsupported/gen_demux.gen_aw_id_counter.i_aw_id_counter/gen_counters[3].i_in_flight_cnt/i__i_4__6/O
                         net (fo=21, estimated)       0.443     4.585    i_kecc_aes_k_axi_top/i_axi2reg/i_axi_burst_splitter/i_axi_burst_splitter_aw_chan/state_d0
    SLICE_X44Y139        LUT5 (Prop_lut5_I4_O)        0.105     4.690 f  i_kecc_aes_k_axi_top/i_axi2reg/i__i_3__0/O
                         net (fo=2, estimated)        0.137     4.827    i_kecc_aes_k_axi_top/i_axi2reg/i__i_3__0_n_0
    SLICE_X44Y139        LUT5 (Prop_lut5_I2_O)        0.105     4.932 f  i_kecc_aes_k_axi_top/i_axi2reg/i__i_1__2/O
                         net (fo=3, estimated)        0.243     5.175    i_kecc_aes_k_axi_top/i_axi2reg/i__i_1__2_n_0
    SLICE_X43Y139        LUT6 (Prop_lut6_I0_O)        0.105     5.280 f  i_kecc_aes_k_axi_top/i_axi2reg/i__i_2__2/O
                         net (fo=59, estimated)       0.429     5.709    i_kecc_aes_k_axi_top/i_axi2reg/i__i_2__2_n_0
    SLICE_X42Y140        LUT5 (Prop_lut5_I3_O)        0.105     5.814 r  i_kecc_aes_k_axi_top/i_axi2reg/mem_q[0][data][63]_i_24/O
                         net (fo=6, estimated)        1.161     6.975    i_kecc_aes_k_axi_top/i_axi2reg/i_axi_lite_to_reg/i_fifo_read/reg_req_i[addr][4]
    SLICE_X42Y156        LUT6 (Prop_lut6_I0_O)        0.105     7.080 f  i_kecc_aes_k_axi_top/i_axi2reg/i_axi_lite_to_reg/i_fifo_read/mem_q[0][data][31]_i_19/O
                         net (fo=6, estimated)        0.495     7.575    i_kecc_aes_k_axi_top/i_axi2reg/i_axi_lite_to_reg/i_fifo_read/mem_q[0][data][31]_i_19_n_0
    SLICE_X43Y158        LUT4 (Prop_lut4_I1_O)        0.105     7.680 r  i_kecc_aes_k_axi_top/i_axi2reg/i_axi_lite_to_reg/i_fifo_read/mem_q[0][data][31]_i_13/O
                         net (fo=7, estimated)        0.483     8.163    i_kecc_aes_k_axi_top/i_axi2reg/i_axi_lite_to_reg/i_fifo_read/mem_q_reg[1][3]_2
    SLICE_X39Y160        LUT6 (Prop_lut6_I0_O)        0.105     8.268 r  i_kecc_aes_k_axi_top/i_axi2reg/i_axi_lite_to_reg/i_fifo_read/mem_q[0][error]_i_16/O
                         net (fo=1, estimated)        0.422     8.690    i_kecc_aes_k_axi_top/i_axi2reg/i_axi_lite_to_reg/i_fifo_read/mem_q[0][error]_i_16_n_0
    SLICE_X39Y161        LUT6 (Prop_lut6_I4_O)        0.105     8.795 r  i_kecc_aes_k_axi_top/i_axi2reg/i_axi_lite_to_reg/i_fifo_read/mem_q[0][error]_i_11/O
                         net (fo=1, estimated)        0.205     9.000    i_kecc_aes_k_axi_top/i_axi2reg/i_axi_lite_to_reg/i_fifo_read/mem_q[0][error]_i_11_n_0
    SLICE_X39Y161        LUT6 (Prop_lut6_I0_O)        0.105     9.105 r  i_kecc_aes_k_axi_top/i_axi2reg/i_axi_lite_to_reg/i_fifo_read/mem_q[0][error]_i_5/O
                         net (fo=1, estimated)        0.117     9.222    i_kecc_aes_k_axi_top/i_axi2reg/i_axi_lite_to_reg/i_fifo_read/mem_q[0][error]_i_5_n_0
    SLICE_X39Y161        LUT6 (Prop_lut6_I4_O)        0.105     9.327 r  i_kecc_aes_k_axi_top/i_axi2reg/i_axi_lite_to_reg/i_fifo_read/mem_q[0][error]_i_1/O
                         net (fo=36, estimated)       0.682    10.009    i_kecc_aes_k_axi_top/i_axi2reg/i_axi_lite_to_reg/i_fifo_read/reg_rsp_o[error]
    SLICE_X35Y165        LUT4 (Prop_lut4_I1_O)        0.105    10.114 f  i_kecc_aes_k_axi_top/i_axi2reg/i_axi_lite_to_reg/i_fifo_read/q[63]_i_3__17/O
                         net (fo=65, estimated)       0.632    10.746    i_kecc_aes_k_axi_top/i_keccak_aes_k_top_unified/keccak_data_3_we
    SLICE_X34Y165        LUT5 (Prop_lut5_I0_O)        0.105    10.851 f  i_kecc_aes_k_axi_top/i_keccak_aes_k_top_unified/q[63]_i_1__2/O
                         net (fo=64, estimated)       0.598    11.449    i_kecc_aes_k_axi_top/kecc_aes_k_axi_unified_reg_top_i/u_keccak_data_3/q_reg[0]_3[0]
    SLICE_X31Y169        FDCE                                         f  i_kecc_aes_k_axi_top/kecc_aes_k_axi_unified_reg_top_i/u_keccak_data_3/q_reg[58]/CE
  -------------------------------------------------------------------    -------------------

                         (clock clk_i rise edge)     10.000    10.000 r  
                                                      0.000    10.000 r  clk_i (IN)
                         net (fo=4998, unset)         0.748    10.748    i_kecc_aes_k_axi_top/kecc_aes_k_axi_unified_reg_top_i/u_keccak_data_3/clk_i
    SLICE_X31Y169        FDCE                                         r  i_kecc_aes_k_axi_top/kecc_aes_k_axi_unified_reg_top_i/u_keccak_data_3/q_reg[58]/C
                         clock pessimism              0.000    10.748    
                         clock uncertainty           -0.035    10.712    
    SLICE_X31Y169        FDCE (Setup_fdce_C_CE)      -0.168    10.544    i_kecc_aes_k_axi_top/kecc_aes_k_axi_unified_reg_top_i/u_keccak_data_3/q_reg[58]
  -------------------------------------------------------------------
                         required time                         10.544    
                         arrival time                         -11.449    
  -------------------------------------------------------------------
                         slack                                 -0.905    

Slack (VIOLATED) :        -0.905ns  (required time - arrival time)
  Source:                 i_kecc_aes_k_axi_top/i_axi2reg/i_axi_to_axi_lite/i_axi_burst_splitter/i_demux_supported_vs_unsupported/gen_demux.gen_aw_id_counter.i_aw_id_counter/gen_counters[23].mst_select_q_reg[23][0]/C
                            (rising edge-triggered cell FDCE clocked by clk_i  {rise@0.000ns fall@5.000ns period=10.000ns})
  Destination:            i_kecc_aes_k_axi_top/kecc_aes_k_axi_unified_reg_top_i/u_keccak_data_3/q_reg[58]/CE
                            (rising edge-triggered cell FDCE clocked by clk_i  {rise@0.000ns fall@5.000ns period=10.000ns})
  Path Group:             clk_i
  Path Type:              Setup (Max at Slow Process Corner)
  Requirement:            10.000ns  (clk_i rise@10.000ns - clk_i rise@0.000ns)
  Data Path Delay:        10.662ns  (logic 2.655ns (24.902%)  route 8.007ns (75.098%))
  Logic Levels:           18  (LUT4=2 LUT5=6 LUT6=8 MUXF7=1 MUXF8=1)
  Clock Path Skew:        -0.039ns (DCD - SCD + CPR)
    Destination Clock Delay (DCD):    0.748ns = ( 10.748 - 10.000 ) 
    Source Clock Delay      (SCD):    0.787ns
    Clock Pessimism Removal (CPR):    0.000ns
  Clock Uncertainty:      0.035ns  ((TSJ^2 + TIJ^2)^1/2 + DJ) / 2 + PE
    Total System Jitter     (TSJ):    0.071ns
    Total Input Jitter      (TIJ):    0.000ns
    Discrete Jitter          (DJ):    0.000ns
    Phase Error              (PE):    0.000ns

    Location             Delay type                Incr(ns)  Path(ns)    Netlist Resource(s)
  -------------------------------------------------------------------    -------------------
                         (clock clk_i rise edge)      0.000     0.000 r  
                                                      0.000     0.000 r  clk_i (IN)
                         net (fo=4998, unset)         0.787     0.787    i_kecc_aes_k_axi_top/i_axi2reg/i_axi_to_axi_lite/i_axi_burst_splitter/i_demux_supported_vs_unsupported/gen_demux.gen_aw_id_counter.i_aw_id_counter/clk_i
    SLICE_X38Y133        FDCE                                         r  i_kecc_aes_k_axi_top/i_axi2reg/i_axi_to_axi_lite/i_axi_burst_splitter/i_demux_supported_vs_unsupported/gen_demux.gen_aw_id_counter.i_aw_id_counter/gen_counters[23].mst_select_q_reg[23][0]/C
  -------------------------------------------------------------------    -------------------
    SLICE_X38Y133        FDCE (Prop_fdce_C_Q)         0.398     1.185 f  i_kecc_aes_k_axi_top/i_axi2reg/i_axi_to_axi_lite/i_axi_burst_splitter/i_demux_supported_vs_unsupported/gen_demux.gen_aw_id_counter.i_aw_id_counter/gen_counters[23].mst_select_q_reg[23][0]/Q
                         net (fo=2, estimated)        0.674     1.859    i_kecc_aes_k_axi_top/i_axi2reg/i_axi_to_axi_lite/i_axi_burst_splitter/i_demux_supported_vs_unsupported/gen_demux.gen_aw_id_counter.i_aw_id_counter/gen_counters[23].mst_select_q_reg[23]_8
    SLICE_X41Y133        LUT6 (Prop_lut6_I0_O)        0.232     2.091 f  i_kecc_aes_k_axi_top/i_axi2reg/i_axi_to_axi_lite/i_axi_burst_splitter/i_demux_supported_vs_unsupported/gen_demux.gen_aw_id_counter.i_aw_id_counter/i__i_36/O
                         net (fo=1, routed)           0.000     2.091    i_kecc_aes_k_axi_top/i_axi2reg/i_axi_to_axi_lite/i_axi_burst_splitter/i_demux_supported_vs_unsupported/gen_demux.gen_aw_id_counter.i_aw_id_counter/i__i_36_n_0
    SLICE_X41Y133        MUXF7 (Prop_muxf7_I1_O)      0.206     2.297 f  i_kecc_aes_k_axi_top/i_axi2reg/i_axi_to_axi_lite/i_axi_burst_splitter/i_demux_supported_vs_unsupported/gen_demux.gen_aw_id_counter.i_aw_id_counter/i__i_15/O
                         net (fo=1, routed)           0.000     2.297    i_kecc_aes_k_axi_top/i_axi2reg/i_axi_to_axi_lite/i_axi_burst_splitter/i_demux_supported_vs_unsupported/gen_demux.gen_aw_id_counter.i_aw_id_counter/i__i_15_n_0
    SLICE_X41Y133        MUXF8 (Prop_muxf8_I0_O)      0.085     2.382 f  i_kecc_aes_k_axi_top/i_axi2reg/i_axi_to_axi_lite/i_axi_burst_splitter/i_demux_supported_vs_unsupported/gen_demux.gen_aw_id_counter.i_aw_id_counter/i__i_5/O
                         net (fo=1, estimated)        0.655     3.037    i_kecc_aes_k_axi_top/i_axi2reg/i_axi_to_axi_lite/i_axi_burst_splitter/i_demux_supported_vs_unsupported/gen_demux.gen_aw_id_counter.i_aw_id_counter/gen_counters[3].i_in_flight_cnt/i___33
    SLICE_X41Y134        LUT6 (Prop_lut6_I1_O)        0.264     3.301 r  i_kecc_aes_k_axi_top/i_axi2reg/i_axi_to_axi_lite/i_axi_burst_splitter/i_demux_supported_vs_unsupported/gen_demux.gen_aw_id_counter.i_aw_id_counter/gen_counters[3].i_in_flight_cnt/i__i_1__2__0/O
                         net (fo=2, estimated)        0.380     3.681    i_kecc_aes_k_axi_top/i_axi2reg/i_axi_to_axi_lite_n_170
    SLICE_X43Y137        LUT5 (Prop_lut5_I0_O)        0.105     3.786 r  i_kecc_aes_k_axi_top/i_axi2reg/i___80/O
                         net (fo=4, estimated)        0.251     4.037    i_kecc_aes_k_axi_top/i_axi2reg/i_axi_to_axi_lite/i_axi_burst_splitter/i_demux_supported_vs_unsupported/gen_demux.gen_aw_id_counter.i_aw_id_counter/gen_counters[3].i_in_flight_cnt/gen_demux.lock_aw_valid_q_reg_2
    SLICE_X45Y137        LUT5 (Prop_lut5_I2_O)        0.105     4.142 r  i_kecc_aes_k_axi_top/i_axi2reg/i_axi_to_axi_lite/i_axi_burst_splitter/i_demux_supported_vs_unsupported/gen_demux.gen_aw_id_counter.i_aw_id_counter/gen_counters[3].i_in_flight_cnt/i__i_4__6/O
                         net (fo=21, estimated)       0.443     4.585    i_kecc_aes_k_axi_top/i_axi2reg/i_axi_burst_splitter/i_axi_burst_splitter_aw_chan/state_d0
    SLICE_X44Y139        LUT5 (Prop_lut5_I4_O)        0.105     4.690 f  i_kecc_aes_k_axi_top/i_axi2reg/i__i_3__0/O
                         net (fo=2, estimated)        0.137     4.827    i_kecc_aes_k_axi_top/i_axi2reg/i__i_3__0_n_0
    SLICE_X44Y139        LUT5 (Prop_lut5_I2_O)        0.105     4.932 f  i_kecc_aes_k_axi_top/i_axi2reg/i__i_1__2/O
                         net (fo=3, estimated)        0.243     5.175    i_kecc_aes_k_axi_top/i_axi2reg/i__i_1__2_n_0
    SLICE_X43Y139        LUT6 (Prop_lut6_I0_O)        0.105     5.280 f  i_kecc_aes_k_axi_top/i_axi2reg/i__i_2__2/O
                         net (fo=59, estimated)       0.429     5.709    i_kecc_aes_k_axi_top/i_axi2reg/i__i_2__2_n_0
    SLICE_X42Y140        LUT5 (Prop_lut5_I3_O)        0.105     5.814 r  i_kecc_aes_k_axi_top/i_axi2reg/mem_q[0][data][63]_i_24/O
                         net (fo=6, estimated)        1.161     6.975    i_kecc_aes_k_axi_top/i_axi2reg/i_axi_lite_to_reg/i_fifo_read/reg_req_i[addr][4]
    SLICE_X42Y156        LUT6 (Prop_lut6_I0_O)        0.105     7.080 f  i_kecc_aes_k_axi_top/i_axi2reg/i_axi_lite_to_reg/i_fifo_read/mem_q[0][data][31]_i_19/O
                         net (fo=6, estimated)        0.495     7.575    i_kecc_aes_k_axi_top/i_axi2reg/i_axi_lite_to_reg/i_fifo_read/mem_q[0][data][31]_i_19_n_0
    SLICE_X43Y158        LUT4 (Prop_lut4_I1_O)        0.105     7.680 r  i_kecc_aes_k_axi_top/i_axi2reg/i_axi_lite_to_reg/i_fifo_read/mem_q[0][data][31]_i_13/O
                         net (fo=7, estimated)        0.483     8.163    i_kecc_aes_k_axi_top/i_axi2reg/i_axi_lite_to_reg/i_fifo_read/mem_q_reg[1][3]_2
    SLICE_X39Y160        LUT6 (Prop_lut6_I0_O)        0.105     8.268 r  i_kecc_aes_k_axi_top/i_axi2reg/i_axi_lite_to_reg/i_fifo_read/mem_q[0][error]_i_16/O
                         net (fo=1, estimated)        0.422     8.690    i_kecc_aes_k_axi_top/i_axi2reg/i_axi_lite_to_reg/i_fifo_read/mem_q[0][error]_i_16_n_0
    SLICE_X39Y161        LUT6 (Prop_lut6_I4_O)        0.105     8.795 r  i_kecc_aes_k_axi_top/i_axi2reg/i_axi_lite_to_reg/i_fifo_read/mem_q[0][error]_i_11/O
                         net (fo=1, estimated)        0.205     9.000    i_kecc_aes_k_axi_top/i_axi2reg/i_axi_lite_to_reg/i_fifo_read/mem_q[0][error]_i_11_n_0
    SLICE_X39Y161        LUT6 (Prop_lut6_I0_O)        0.105     9.105 r  i_kecc_aes_k_axi_top/i_axi2reg/i_axi_lite_to_reg/i_fifo_read/mem_q[0][error]_i_5/O
                         net (fo=1, estimated)        0.117     9.222    i_kecc_aes_k_axi_top/i_axi2reg/i_axi_lite_to_reg/i_fifo_read/mem_q[0][error]_i_5_n_0
    SLICE_X39Y161        LUT6 (Prop_lut6_I4_O)        0.105     9.327 r  i_kecc_aes_k_axi_top/i_axi2reg/i_axi_lite_to_reg/i_fifo_read/mem_q[0][error]_i_1/O
                         net (fo=36, estimated)       0.682    10.009    i_kecc_aes_k_axi_top/i_axi2reg/i_axi_lite_to_reg/i_fifo_read/reg_rsp_o[error]
    SLICE_X35Y165        LUT4 (Prop_lut4_I1_O)        0.105    10.114 f  i_kecc_aes_k_axi_top/i_axi2reg/i_axi_lite_to_reg/i_fifo_read/q[63]_i_3__17/O
                         net (fo=65, estimated)       0.632    10.746    i_kecc_aes_k_axi_top/i_keccak_aes_k_top_unified/keccak_data_3_we
    SLICE_X34Y165        LUT5 (Prop_lut5_I0_O)        0.105    10.851 f  i_kecc_aes_k_axi_top/i_keccak_aes_k_top_unified/q[63]_i_1__2/O
                         net (fo=64, estimated)       0.598    11.449    i_kecc_aes_k_axi_top/kecc_aes_k_axi_unified_reg_top_i/u_keccak_data_3/q_reg[0]_3[0]
    SLICE_X31Y169        FDCE                                         f  i_kecc_aes_k_axi_top/kecc_aes_k_axi_unified_reg_top_i/u_keccak_data_3/q_reg[58]/CE
  -------------------------------------------------------------------    -------------------

                         (clock clk_i rise edge)     10.000    10.000 r  
                                                      0.000    10.000 r  clk_i (IN)
                         net (fo=4998, unset)         0.748    10.748    i_kecc_aes_k_axi_top/kecc_aes_k_axi_unified_reg_top_i/u_keccak_data_3/clk_i
    SLICE_X31Y169        FDCE                                         r  i_kecc_aes_k_axi_top/kecc_aes_k_axi_unified_reg_top_i/u_keccak_data_3/q_reg[58]/C
                         clock pessimism              0.000    10.748    
                         clock uncertainty           -0.035    10.712    
    SLICE_X31Y169        FDCE (Setup_fdce_C_CE)      -0.168    10.544    i_kecc_aes_k_axi_top/kecc_aes_k_axi_unified_reg_top_i/u_keccak_data_3/q_reg[58]
  -------------------------------------------------------------------
                         required time                         10.544    
                         arrival time                         -11.449    
  -------------------------------------------------------------------
                         slack                                 -0.905    

Slack (VIOLATED) :        -0.905ns  (required time - arrival time)
  Source:                 i_kecc_aes_k_axi_top/i_axi2reg/i_axi_to_axi_lite/i_axi_burst_splitter/i_demux_supported_vs_unsupported/gen_demux.gen_ar_id_counter.i_ar_id_counter/gen_counters[10].i_in_flight_cnt/counter_q_reg[0]/C
                            (rising edge-triggered cell FDCE clocked by clk_i  {rise@0.000ns fall@5.000ns period=10.000ns})
  Destination:            i_kecc_aes_k_axi_top/kecc_aes_k_axi_unified_reg_top_i/u_keccak_data_3/q_reg[58]/CE
                            (rising edge-triggered cell FDCE clocked by clk_i  {rise@0.000ns fall@5.000ns period=10.000ns})
  Path Group:             clk_i
  Path Type:              Setup (Max at Slow Process Corner)
  Requirement:            10.000ns  (clk_i rise@10.000ns - clk_i rise@0.000ns)
  Data Path Delay:        10.662ns  (logic 2.164ns (20.296%)  route 8.498ns (79.704%))
  Logic Levels:           17  (LUT4=3 LUT5=6 LUT6=8)
  Clock Path Skew:        -0.039ns (DCD - SCD + CPR)
    Destination Clock Delay (DCD):    0.748ns = ( 10.748 - 10.000 ) 
    Source Clock Delay      (SCD):    0.787ns
    Clock Pessimism Removal (CPR):    0.000ns
  Clock Uncertainty:      0.035ns  ((TSJ^2 + TIJ^2)^1/2 + DJ) / 2 + PE
    Total System Jitter     (TSJ):    0.071ns
    Total Input Jitter      (TIJ):    0.000ns
    Discrete Jitter          (DJ):    0.000ns
    Phase Error              (PE):    0.000ns

    Location             Delay type                Incr(ns)  Path(ns)    Netlist Resource(s)
  -------------------------------------------------------------------    -------------------
                         (clock clk_i rise edge)      0.000     0.000 r  
                                                      0.000     0.000 r  clk_i (IN)
                         net (fo=4998, unset)         0.787     0.787    i_kecc_aes_k_axi_top/i_axi2reg/i_axi_to_axi_lite/i_axi_burst_splitter/i_demux_supported_vs_unsupported/gen_demux.gen_ar_id_counter.i_ar_id_counter/gen_counters[10].i_in_flight_cnt/clk_i
    SLICE_X35Y134        FDCE                                         r  i_kecc_aes_k_axi_top/i_axi2reg/i_axi_to_axi_lite/i_axi_burst_splitter/i_demux_supported_vs_unsupported/gen_demux.gen_ar_id_counter.i_ar_id_counter/gen_counters[10].i_in_flight_cnt/counter_q_reg[0]/C
  -------------------------------------------------------------------    -------------------
    SLICE_X35Y134        FDCE (Prop_fdce_C_Q)         0.379     1.166 f  i_kecc_aes_k_axi_top/i_axi2reg/i_axi_to_axi_lite/i_axi_burst_splitter/i_demux_supported_vs_unsupported/gen_demux.gen_ar_id_counter.i_ar_id_counter/gen_counters[10].i_in_flight_cnt/counter_q_reg[0]/Q
                         net (fo=4, estimated)        0.548     1.714    i_kecc_aes_k_axi_top/i_axi2reg/i_axi_to_axi_lite/i_axi_burst_splitter/i_demux_supported_vs_unsupported/gen_demux.gen_ar_id_counter.i_ar_id_counter/gen_counters[10].i_in_flight_cnt/counter_q_reg[0]_0
    SLICE_X34Y135        LUT4 (Prop_lut4_I0_O)        0.105     1.819 f  i_kecc_aes_k_axi_top/i_axi2reg/i_axi_to_axi_lite/i_axi_burst_splitter/i_demux_supported_vs_unsupported/gen_demux.gen_ar_id_counter.i_ar_id_counter/gen_counters[10].i_in_flight_cnt/axi_rsp_o[ar_ready]_INST_0_i_27/O
                         net (fo=1, estimated)        0.229     2.048    i_kecc_aes_k_axi_top/i_axi2reg/i_axi_to_axi_lite/i_axi_burst_splitter/i_demux_supported_vs_unsupported/gen_demux.gen_ar_id_counter.i_ar_id_counter/gen_counters[9].i_in_flight_cnt/axi_rsp_o[ar_ready]_INST_0_i_5_0
    SLICE_X37Y135        LUT5 (Prop_lut5_I4_O)        0.105     2.153 f  i_kecc_aes_k_axi_top/i_axi2reg/i_axi_to_axi_lite/i_axi_burst_splitter/i_demux_supported_vs_unsupported/gen_demux.gen_ar_id_counter.i_ar_id_counter/gen_counters[9].i_in_flight_cnt/axi_rsp_o[ar_ready]_INST_0_i_13/O
                         net (fo=1, estimated)        0.655     2.808    i_kecc_aes_k_axi_top/i_axi2reg/i_axi_to_axi_lite/i_axi_burst_splitter/i_demux_supported_vs_unsupported/gen_demux.gen_ar_id_counter.i_ar_id_counter/gen_counters[9].i_in_flight_cnt/axi_rsp_o[ar_ready]_INST_0_i_13_n_0
    SLICE_X37Y134        LUT6 (Prop_lut6_I0_O)        0.105     2.913 f  i_kecc_aes_k_axi_top/i_axi2reg/i_axi_to_axi_lite/i_axi_burst_splitter/i_demux_supported_vs_unsupported/gen_demux.gen_ar_id_counter.i_ar_id_counter/gen_counters[9].i_in_flight_cnt/axi_rsp_o[ar_ready]_INST_0_i_5/O
                         net (fo=6, estimated)        0.535     3.448    i_kecc_aes_k_axi_top/i_axi2reg/i_axi_to_axi_lite/i_axi_burst_splitter/i_demux_supported_vs_unsupported/gen_demux.gen_aw_id_counter.i_aw_id_counter/gen_counters[21].i_in_flight_cnt/gen_demux.lock_aw_valid_q_reg_0
    SLICE_X37Y135        LUT6 (Prop_lut6_I2_O)        0.105     3.553 r  i_kecc_aes_k_axi_top/i_axi2reg/i_axi_to_axi_lite/i_axi_burst_splitter/i_demux_supported_vs_unsupported/gen_demux.gen_aw_id_counter.i_aw_id_counter/gen_counters[21].i_in_flight_cnt/axi_rsp_o[aw_ready]_INST_0_i_4/O
                         net (fo=4, estimated)        0.484     4.037    i_kecc_aes_k_axi_top/i_axi2reg/i_axi_to_axi_lite/i_axi_burst_splitter/i_demux_supported_vs_unsupported/gen_demux.gen_aw_id_counter.i_aw_id_counter/gen_counters[3].i_in_flight_cnt/gen_demux.aw_valid1
    SLICE_X45Y137        LUT5 (Prop_lut5_I3_O)        0.105     4.142 r  i_kecc_aes_k_axi_top/i_axi2reg/i_axi_to_axi_lite/i_axi_burst_splitter/i_demux_supported_vs_unsupported/gen_demux.gen_aw_id_counter.i_aw_id_counter/gen_counters[3].i_in_flight_cnt/i__i_4__6/O
                         net (fo=21, estimated)       0.443     4.585    i_kecc_aes_k_axi_top/i_axi2reg/i_axi_burst_splitter/i_axi_burst_splitter_aw_chan/state_d0
    SLICE_X44Y139        LUT5 (Prop_lut5_I4_O)        0.105     4.690 f  i_kecc_aes_k_axi_top/i_axi2reg/i__i_3__0/O
                         net (fo=2, estimated)        0.137     4.827    i_kecc_aes_k_axi_top/i_axi2reg/i__i_3__0_n_0
    SLICE_X44Y139        LUT5 (Prop_lut5_I2_O)        0.105     4.932 f  i_kecc_aes_k_axi_top/i_axi2reg/i__i_1__2/O
                         net (fo=3, estimated)        0.243     5.175    i_kecc_aes_k_axi_top/i_axi2reg/i__i_1__2_n_0
    SLICE_X43Y139        LUT6 (Prop_lut6_I0_O)        0.105     5.280 f  i_kecc_aes_k_axi_top/i_axi2reg/i__i_2__2/O
                         net (fo=59, estimated)       0.429     5.709    i_kecc_aes_k_axi_top/i_axi2reg/i__i_2__2_n_0
    SLICE_X42Y140        LUT5 (Prop_lut5_I3_O)        0.105     5.814 r  i_kecc_aes_k_axi_top/i_axi2reg/mem_q[0][data][63]_i_24/O
                         net (fo=6, estimated)        1.161     6.975    i_kecc_aes_k_axi_top/i_axi2reg/i_axi_lite_to_reg/i_fifo_read/reg_req_i[addr][4]
    SLICE_X42Y156        LUT6 (Prop_lut6_I0_O)        0.105     7.080 f  i_kecc_aes_k_axi_top/i_axi2reg/i_axi_lite_to_reg/i_fifo_read/mem_q[0][data][31]_i_19/O
                         net (fo=6, estimated)        0.495     7.575    i_kecc_aes_k_axi_top/i_axi2reg/i_axi_lite_to_reg/i_fifo_read/mem_q[0][data][31]_i_19_n_0
    SLICE_X43Y158        LUT4 (Prop_lut4_I1_O)        0.105     7.680 r  i_kecc_aes_k_axi_top/i_axi2reg/i_axi_lite_to_reg/i_fifo_read/mem_q[0][data][31]_i_13/O
                         net (fo=7, estimated)        0.483     8.163    i_kecc_aes_k_axi_top/i_axi2reg/i_axi_lite_to_reg/i_fifo_read/mem_q_reg[1][3]_2
    SLICE_X39Y160        LUT6 (Prop_lut6_I0_O)        0.105     8.268 r  i_kecc_aes_k_axi_top/i_axi2reg/i_axi_lite_to_reg/i_fifo_read/mem_q[0][error]_i_16/O
                         net (fo=1, estimated)        0.422     8.690    i_kecc_aes_k_axi_top/i_axi2reg/i_axi_lite_to_reg/i_fifo_read/mem_q[0][error]_i_16_n_0
    SLICE_X39Y161        LUT6 (Prop_lut6_I4_O)        0.105     8.795 r  i_kecc_aes_k_axi_top/i_axi2reg/i_axi_lite_to_reg/i_fifo_read/mem_q[0][error]_i_11/O
                         net (fo=1, estimated)        0.205     9.000    i_kecc_aes_k_axi_top/i_axi2reg/i_axi_lite_to_reg/i_fifo_read/mem_q[0][error]_i_11_n_0
    SLICE_X39Y161        LUT6 (Prop_lut6_I0_O)        0.105     9.105 r  i_kecc_aes_k_axi_top/i_axi2reg/i_axi_lite_to_reg/i_fifo_read/mem_q[0][error]_i_5/O
                         net (fo=1, estimated)        0.117     9.222    i_kecc_aes_k_axi_top/i_axi2reg/i_axi_lite_to_reg/i_fifo_read/mem_q[0][error]_i_5_n_0
    SLICE_X39Y161        LUT6 (Prop_lut6_I4_O)        0.105     9.327 r  i_kecc_aes_k_axi_top/i_axi2reg/i_axi_lite_to_reg/i_fifo_read/mem_q[0][error]_i_1/O
                         net (fo=36, estimated)       0.682    10.009    i_kecc_aes_k_axi_top/i_axi2reg/i_axi_lite_to_reg/i_fifo_read/reg_rsp_o[error]
    SLICE_X35Y165        LUT4 (Prop_lut4_I1_O)        0.105    10.114 f  i_kecc_aes_k_axi_top/i_axi2reg/i_axi_lite_to_reg/i_fifo_read/q[63]_i_3__17/O
                         net (fo=65, estimated)       0.632    10.746    i_kecc_aes_k_axi_top/i_keccak_aes_k_top_unified/keccak_data_3_we
    SLICE_X34Y165        LUT5 (Prop_lut5_I0_O)        0.105    10.851 f  i_kecc_aes_k_axi_top/i_keccak_aes_k_top_unified/q[63]_i_1__2/O
                         net (fo=64, estimated)       0.598    11.449    i_kecc_aes_k_axi_top/kecc_aes_k_axi_unified_reg_top_i/u_keccak_data_3/q_reg[0]_3[0]
    SLICE_X31Y169        FDCE                                         f  i_kecc_aes_k_axi_top/kecc_aes_k_axi_unified_reg_top_i/u_keccak_data_3/q_reg[58]/CE
  -------------------------------------------------------------------    -------------------

                         (clock clk_i rise edge)     10.000    10.000 r  
                                                      0.000    10.000 r  clk_i (IN)
                         net (fo=4998, unset)         0.748    10.748    i_kecc_aes_k_axi_top/kecc_aes_k_axi_unified_reg_top_i/u_keccak_data_3/clk_i
    SLICE_X31Y169        FDCE                                         r  i_kecc_aes_k_axi_top/kecc_aes_k_axi_unified_reg_top_i/u_keccak_data_3/q_reg[58]/C
                         clock pessimism              0.000    10.748    
                         clock uncertainty           -0.035    10.712    
    SLICE_X31Y169        FDCE (Setup_fdce_C_CE)      -0.168    10.544    i_kecc_aes_k_axi_top/kecc_aes_k_axi_unified_reg_top_i/u_keccak_data_3/q_reg[58]
  -------------------------------------------------------------------
                         required time                         10.544    
                         arrival time                         -11.449    
  -------------------------------------------------------------------
                         slack                                 -0.905    

Slack (VIOLATED) :        -0.905ns  (required time - arrival time)
  Source:                 i_kecc_aes_k_axi_top/i_axi2reg/i_axi_to_axi_lite/i_axi_burst_splitter/i_demux_supported_vs_unsupported/gen_demux.gen_ar_id_counter.i_ar_id_counter/gen_counters[10].i_in_flight_cnt/counter_q_reg[0]/C
                            (rising edge-triggered cell FDCE clocked by clk_i  {rise@0.000ns fall@5.000ns period=10.000ns})
  Destination:            i_kecc_aes_k_axi_top/kecc_aes_k_axi_unified_reg_top_i/u_keccak_data_3/q_reg[58]/CE
                            (rising edge-triggered cell FDCE clocked by clk_i  {rise@0.000ns fall@5.000ns period=10.000ns})
  Path Group:             clk_i
  Path Type:              Setup (Max at Slow Process Corner)
  Requirement:            10.000ns  (clk_i rise@10.000ns - clk_i rise@0.000ns)
  Data Path Delay:        10.662ns  (logic 2.164ns (20.296%)  route 8.498ns (79.704%))
  Logic Levels:           17  (LUT4=3 LUT5=6 LUT6=8)
  Clock Path Skew:        -0.039ns (DCD - SCD + CPR)
    Destination Clock Delay (DCD):    0.748ns = ( 10.748 - 10.000 ) 
    Source Clock Delay      (SCD):    0.787ns
    Clock Pessimism Removal (CPR):    0.000ns
  Clock Uncertainty:      0.035ns  ((TSJ^2 + TIJ^2)^1/2 + DJ) / 2 + PE
    Total System Jitter     (TSJ):    0.071ns
    Total Input Jitter      (TIJ):    0.000ns
    Discrete Jitter          (DJ):    0.000ns
    Phase Error              (PE):    0.000ns

    Location             Delay type                Incr(ns)  Path(ns)    Netlist Resource(s)
  -------------------------------------------------------------------    -------------------
                         (clock clk_i rise edge)      0.000     0.000 r  
                                                      0.000     0.000 r  clk_i (IN)
                         net (fo=4998, unset)         0.787     0.787    i_kecc_aes_k_axi_top/i_axi2reg/i_axi_to_axi_lite/i_axi_burst_splitter/i_demux_supported_vs_unsupported/gen_demux.gen_ar_id_counter.i_ar_id_counter/gen_counters[10].i_in_flight_cnt/clk_i
    SLICE_X35Y134        FDCE                                         r  i_kecc_aes_k_axi_top/i_axi2reg/i_axi_to_axi_lite/i_axi_burst_splitter/i_demux_supported_vs_unsupported/gen_demux.gen_ar_id_counter.i_ar_id_counter/gen_counters[10].i_in_flight_cnt/counter_q_reg[0]/C
  -------------------------------------------------------------------    -------------------
    SLICE_X35Y134        FDCE (Prop_fdce_C_Q)         0.379     1.166 r  i_kecc_aes_k_axi_top/i_axi2reg/i_axi_to_axi_lite/i_axi_burst_splitter/i_demux_supported_vs_unsupported/gen_demux.gen_ar_id_counter.i_ar_id_counter/gen_counters[10].i_in_flight_cnt/counter_q_reg[0]/Q
                         net (fo=4, estimated)        0.548     1.714    i_kecc_aes_k_axi_top/i_axi2reg/i_axi_to_axi_lite/i_axi_burst_splitter/i_demux_supported_vs_unsupported/gen_demux.gen_ar_id_counter.i_ar_id_counter/gen_counters[10].i_in_flight_cnt/counter_q_reg[0]_0
    SLICE_X34Y135        LUT4 (Prop_lut4_I0_O)        0.105     1.819 r  i_kecc_aes_k_axi_top/i_axi2reg/i_axi_to_axi_lite/i_axi_burst_splitter/i_demux_supported_vs_unsupported/gen_demux.gen_ar_id_counter.i_ar_id_counter/gen_counters[10].i_in_flight_cnt/axi_rsp_o[ar_ready]_INST_0_i_27/O
                         net (fo=1, estimated)        0.229     2.048    i_kecc_aes_k_axi_top/i_axi2reg/i_axi_to_axi_lite/i_axi_burst_splitter/i_demux_supported_vs_unsupported/gen_demux.gen_ar_id_counter.i_ar_id_counter/gen_counters[9].i_in_flight_cnt/axi_rsp_o[ar_ready]_INST_0_i_5_0
    SLICE_X37Y135        LUT5 (Prop_lut5_I4_O)        0.105     2.153 r  i_kecc_aes_k_axi_top/i_axi2reg/i_axi_to_axi_lite/i_axi_burst_splitter/i_demux_supported_vs_unsupported/gen_demux.gen_ar_id_counter.i_ar_id_counter/gen_counters[9].i_in_flight_cnt/axi_rsp_o[ar_ready]_INST_0_i_13/O
                         net (fo=1, estimated)        0.655     2.808    i_kecc_aes_k_axi_top/i_axi2reg/i_axi_to_axi_lite/i_axi_burst_splitter/i_demux_supported_vs_unsupported/gen_demux.gen_ar_id_counter.i_ar_id_counter/gen_counters[9].i_in_flight_cnt/axi_rsp_o[ar_ready]_INST_0_i_13_n_0
    SLICE_X37Y134        LUT6 (Prop_lut6_I0_O)        0.105     2.913 r  i_kecc_aes_k_axi_top/i_axi2reg/i_axi_to_axi_lite/i_axi_burst_splitter/i_demux_supported_vs_unsupported/gen_demux.gen_ar_id_counter.i_ar_id_counter/gen_counters[9].i_in_flight_cnt/axi_rsp_o[ar_ready]_INST_0_i_5/O
                         net (fo=6, estimated)        0.535     3.448    i_kecc_aes_k_axi_top/i_axi2reg/i_axi_to_axi_lite/i_axi_burst_splitter/i_demux_supported_vs_unsupported/gen_demux.gen_aw_id_counter.i_aw_id_counter/gen_counters[21].i_in_flight_cnt/gen_demux.lock_aw_valid_q_reg_0
    SLICE_X37Y135        LUT6 (Prop_lut6_I2_O)        0.105     3.553 f  i_kecc_aes_k_axi_top/i_axi2reg/i_axi_to_axi_lite/i_axi_burst_splitter/i_demux_supported_vs_unsupported/gen_demux.gen_aw_id_counter.i_aw_id_counter/gen_counters[21].i_in_flight_cnt/axi_rsp_o[aw_ready]_INST_0_i_4/O
                         net (fo=4, estimated)        0.484     4.037    i_kecc_aes_k_axi_top/i_axi2reg/i_axi_to_axi_lite/i_axi_burst_splitter/i_demux_supported_vs_unsupported/gen_demux.gen_aw_id_counter.i_aw_id_counter/gen_counters[3].i_in_flight_cnt/gen_demux.aw_valid1
    SLICE_X45Y137        LUT5 (Prop_lut5_I3_O)        0.105     4.142 f  i_kecc_aes_k_axi_top/i_axi2reg/i_axi_to_axi_lite/i_axi_burst_splitter/i_demux_supported_vs_unsupported/gen_demux.gen_aw_id_counter.i_aw_id_counter/gen_counters[3].i_in_flight_cnt/i__i_4__6/O
                         net (fo=21, estimated)       0.443     4.585    i_kecc_aes_k_axi_top/i_axi2reg/i_axi_burst_splitter/i_axi_burst_splitter_aw_chan/state_d0
    SLICE_X44Y139        LUT5 (Prop_lut5_I4_O)        0.105     4.690 r  i_kecc_aes_k_axi_top/i_axi2reg/i__i_3__0/O
                         net (fo=2, estimated)        0.137     4.827    i_kecc_aes_k_axi_top/i_axi2reg/i__i_3__0_n_0
    SLICE_X44Y139        LUT5 (Prop_lut5_I2_O)        0.105     4.932 r  i_kecc_aes_k_axi_top/i_axi2reg/i__i_1__2/O
                         net (fo=3, estimated)        0.243     5.175    i_kecc_aes_k_axi_top/i_axi2reg/i__i_1__2_n_0
    SLICE_X43Y139        LUT6 (Prop_lut6_I0_O)        0.105     5.280 r  i_kecc_aes_k_axi_top/i_axi2reg/i__i_2__2/O
                         net (fo=59, estimated)       0.429     5.709    i_kecc_aes_k_axi_top/i_axi2reg/i__i_2__2_n_0
    SLICE_X42Y140        LUT5 (Prop_lut5_I3_O)        0.105     5.814 f  i_kecc_aes_k_axi_top/i_axi2reg/mem_q[0][data][63]_i_24/O
                         net (fo=6, estimated)        1.161     6.975    i_kecc_aes_k_axi_top/i_axi2reg/i_axi_lite_to_reg/i_fifo_read/reg_req_i[addr][4]
    SLICE_X42Y156        LUT6 (Prop_lut6_I0_O)        0.105     7.080 r  i_kecc_aes_k_axi_top/i_axi2reg/i_axi_lite_to_reg/i_fifo_read/mem_q[0][data][31]_i_19/O
                         net (fo=6, estimated)        0.495     7.575    i_kecc_aes_k_axi_top/i_axi2reg/i_axi_lite_to_reg/i_fifo_read/mem_q[0][data][31]_i_19_n_0
    SLICE_X43Y158        LUT4 (Prop_lut4_I1_O)        0.105     7.680 f  i_kecc_aes_k_axi_top/i_axi2reg/i_axi_lite_to_reg/i_fifo_read/mem_q[0][data][31]_i_13/O
                         net (fo=7, estimated)        0.483     8.163    i_kecc_aes_k_axi_top/i_axi2reg/i_axi_lite_to_reg/i_fifo_read/mem_q_reg[1][3]_2
    SLICE_X39Y160        LUT6 (Prop_lut6_I0_O)        0.105     8.268 f  i_kecc_aes_k_axi_top/i_axi2reg/i_axi_lite_to_reg/i_fifo_read/mem_q[0][error]_i_16/O
                         net (fo=1, estimated)        0.422     8.690    i_kecc_aes_k_axi_top/i_axi2reg/i_axi_lite_to_reg/i_fifo_read/mem_q[0][error]_i_16_n_0
    SLICE_X39Y161        LUT6 (Prop_lut6_I4_O)        0.105     8.795 f  i_kecc_aes_k_axi_top/i_axi2reg/i_axi_lite_to_reg/i_fifo_read/mem_q[0][error]_i_11/O
                         net (fo=1, estimated)        0.205     9.000    i_kecc_aes_k_axi_top/i_axi2reg/i_axi_lite_to_reg/i_fifo_read/mem_q[0][error]_i_11_n_0
    SLICE_X39Y161        LUT6 (Prop_lut6_I0_O)        0.105     9.105 f  i_kecc_aes_k_axi_top/i_axi2reg/i_axi_lite_to_reg/i_fifo_read/mem_q[0][error]_i_5/O
                         net (fo=1, estimated)        0.117     9.222    i_kecc_aes_k_axi_top/i_axi2reg/i_axi_lite_to_reg/i_fifo_read/mem_q[0][error]_i_5_n_0
    SLICE_X39Y161        LUT6 (Prop_lut6_I4_O)        0.105     9.327 r  i_kecc_aes_k_axi_top/i_axi2reg/i_axi_lite_to_reg/i_fifo_read/mem_q[0][error]_i_1/O
                         net (fo=36, estimated)       0.682    10.009    i_kecc_aes_k_axi_top/i_axi2reg/i_axi_lite_to_reg/i_fifo_read/reg_rsp_o[error]
    SLICE_X35Y165        LUT4 (Prop_lut4_I1_O)        0.105    10.114 f  i_kecc_aes_k_axi_top/i_axi2reg/i_axi_lite_to_reg/i_fifo_read/q[63]_i_3__17/O
                         net (fo=65, estimated)       0.632    10.746    i_kecc_aes_k_axi_top/i_keccak_aes_k_top_unified/keccak_data_3_we
    SLICE_X34Y165        LUT5 (Prop_lut5_I0_O)        0.105    10.851 f  i_kecc_aes_k_axi_top/i_keccak_aes_k_top_unified/q[63]_i_1__2/O
                         net (fo=64, estimated)       0.598    11.449    i_kecc_aes_k_axi_top/kecc_aes_k_axi_unified_reg_top_i/u_keccak_data_3/q_reg[0]_3[0]
    SLICE_X31Y169        FDCE                                         f  i_kecc_aes_k_axi_top/kecc_aes_k_axi_unified_reg_top_i/u_keccak_data_3/q_reg[58]/CE
  -------------------------------------------------------------------    -------------------

                         (clock clk_i rise edge)     10.000    10.000 r  
                                                      0.000    10.000 r  clk_i (IN)
                         net (fo=4998, unset)         0.748    10.748    i_kecc_aes_k_axi_top/kecc_aes_k_axi_unified_reg_top_i/u_keccak_data_3/clk_i
    SLICE_X31Y169        FDCE                                         r  i_kecc_aes_k_axi_top/kecc_aes_k_axi_unified_reg_top_i/u_keccak_data_3/q_reg[58]/C
                         clock pessimism              0.000    10.748    
                         clock uncertainty           -0.035    10.712    
    SLICE_X31Y169        FDCE (Setup_fdce_C_CE)      -0.168    10.544    i_kecc_aes_k_axi_top/kecc_aes_k_axi_unified_reg_top_i/u_keccak_data_3/q_reg[58]
  -------------------------------------------------------------------
                         required time                         10.544    
                         arrival time                         -11.449    
  -------------------------------------------------------------------
                         slack                                 -0.905    

Slack (VIOLATED) :        -0.905ns  (required time - arrival time)
  Source:                 i_kecc_aes_k_axi_top/i_axi2reg/i_axi_to_axi_lite/i_axi_burst_splitter/i_demux_supported_vs_unsupported/gen_demux.gen_ar_id_counter.i_ar_id_counter/gen_counters[10].i_in_flight_cnt/counter_q_reg[0]/C
                            (rising edge-triggered cell FDCE clocked by clk_i  {rise@0.000ns fall@5.000ns period=10.000ns})
  Destination:            i_kecc_aes_k_axi_top/kecc_aes_k_axi_unified_reg_top_i/u_keccak_data_3/q_reg[58]/CE
                            (rising edge-triggered cell FDCE clocked by clk_i  {rise@0.000ns fall@5.000ns period=10.000ns})
  Path Group:             clk_i
  Path Type:              Setup (Max at Slow Process Corner)
  Requirement:            10.000ns  (clk_i rise@10.000ns - clk_i rise@0.000ns)
  Data Path Delay:        10.662ns  (logic 2.164ns (20.296%)  route 8.498ns (79.704%))
  Logic Levels:           17  (LUT4=3 LUT5=6 LUT6=8)
  Clock Path Skew:        -0.039ns (DCD - SCD + CPR)
    Destination Clock Delay (DCD):    0.748ns = ( 10.748 - 10.000 ) 
    Source Clock Delay      (SCD):    0.787ns
    Clock Pessimism Removal (CPR):    0.000ns
  Clock Uncertainty:      0.035ns  ((TSJ^2 + TIJ^2)^1/2 + DJ) / 2 + PE
    Total System Jitter     (TSJ):    0.071ns
    Total Input Jitter      (TIJ):    0.000ns
    Discrete Jitter          (DJ):    0.000ns
    Phase Error              (PE):    0.000ns

    Location             Delay type                Incr(ns)  Path(ns)    Netlist Resource(s)
  -------------------------------------------------------------------    -------------------
                         (clock clk_i rise edge)      0.000     0.000 r  
                                                      0.000     0.000 r  clk_i (IN)
                         net (fo=4998, unset)         0.787     0.787    i_kecc_aes_k_axi_top/i_axi2reg/i_axi_to_axi_lite/i_axi_burst_splitter/i_demux_supported_vs_unsupported/gen_demux.gen_ar_id_counter.i_ar_id_counter/gen_counters[10].i_in_flight_cnt/clk_i
    SLICE_X35Y134        FDCE                                         r  i_kecc_aes_k_axi_top/i_axi2reg/i_axi_to_axi_lite/i_axi_burst_splitter/i_demux_supported_vs_unsupported/gen_demux.gen_ar_id_counter.i_ar_id_counter/gen_counters[10].i_in_flight_cnt/counter_q_reg[0]/C
  -------------------------------------------------------------------    -------------------
    SLICE_X35Y134        FDCE (Prop_fdce_C_Q)         0.379     1.166 f  i_kecc_aes_k_axi_top/i_axi2reg/i_axi_to_axi_lite/i_axi_burst_splitter/i_demux_supported_vs_unsupported/gen_demux.gen_ar_id_counter.i_ar_id_counter/gen_counters[10].i_in_flight_cnt/counter_q_reg[0]/Q
                         net (fo=4, estimated)        0.548     1.714    i_kecc_aes_k_axi_top/i_axi2reg/i_axi_to_axi_lite/i_axi_burst_splitter/i_demux_supported_vs_unsupported/gen_demux.gen_ar_id_counter.i_ar_id_counter/gen_counters[10].i_in_flight_cnt/counter_q_reg[0]_0
    SLICE_X34Y135        LUT4 (Prop_lut4_I0_O)        0.105     1.819 f  i_kecc_aes_k_axi_top/i_axi2reg/i_axi_to_axi_lite/i_axi_burst_splitter/i_demux_supported_vs_unsupported/gen_demux.gen_ar_id_counter.i_ar_id_counter/gen_counters[10].i_in_flight_cnt/axi_rsp_o[ar_ready]_INST_0_i_27/O
                         net (fo=1, estimated)        0.229     2.048    i_kecc_aes_k_axi_top/i_axi2reg/i_axi_to_axi_lite/i_axi_burst_splitter/i_demux_supported_vs_unsupported/gen_demux.gen_ar_id_counter.i_ar_id_counter/gen_counters[9].i_in_flight_cnt/axi_rsp_o[ar_ready]_INST_0_i_5_0
    SLICE_X37Y135        LUT5 (Prop_lut5_I4_O)        0.105     2.153 f  i_kecc_aes_k_axi_top/i_axi2reg/i_axi_to_axi_lite/i_axi_burst_splitter/i_demux_supported_vs_unsupported/gen_demux.gen_ar_id_counter.i_ar_id_counter/gen_counters[9].i_in_flight_cnt/axi_rsp_o[ar_ready]_INST_0_i_13/O
                         net (fo=1, estimated)        0.655     2.808    i_kecc_aes_k_axi_top/i_axi2reg/i_axi_to_axi_lite/i_axi_burst_splitter/i_demux_supported_vs_unsupported/gen_demux.gen_ar_id_counter.i_ar_id_counter/gen_counters[9].i_in_flight_cnt/axi_rsp_o[ar_ready]_INST_0_i_13_n_0
    SLICE_X37Y134        LUT6 (Prop_lut6_I0_O)        0.105     2.913 f  i_kecc_aes_k_axi_top/i_axi2reg/i_axi_to_axi_lite/i_axi_burst_splitter/i_demux_supported_vs_unsupported/gen_demux.gen_ar_id_counter.i_ar_id_counter/gen_counters[9].i_in_flight_cnt/axi_rsp_o[ar_ready]_INST_0_i_5/O
                         net (fo=6, estimated)        0.535     3.448    i_kecc_aes_k_axi_top/i_axi2reg/i_axi_to_axi_lite/i_axi_burst_splitter/i_demux_supported_vs_unsupported/gen_demux.gen_aw_id_counter.i_aw_id_counter/gen_counters[21].i_in_flight_cnt/gen_demux.lock_aw_valid_q_reg_0
    SLICE_X37Y135        LUT6 (Prop_lut6_I2_O)        0.105     3.553 r  i_kecc_aes_k_axi_top/i_axi2reg/i_axi_to_axi_lite/i_axi_burst_splitter/i_demux_supported_vs_unsupported/gen_demux.gen_aw_id_counter.i_aw_id_counter/gen_counters[21].i_in_flight_cnt/axi_rsp_o[aw_ready]_INST_0_i_4/O
                         net (fo=4, estimated)        0.484     4.037    i_kecc_aes_k_axi_top/i_axi2reg/i_axi_to_axi_lite/i_axi_burst_splitter/i_demux_supported_vs_unsupported/gen_demux.gen_aw_id_counter.i_aw_id_counter/gen_counters[3].i_in_flight_cnt/gen_demux.aw_valid1
    SLICE_X45Y137        LUT5 (Prop_lut5_I3_O)        0.105     4.142 r  i_kecc_aes_k_axi_top/i_axi2reg/i_axi_to_axi_lite/i_axi_burst_splitter/i_demux_supported_vs_unsupported/gen_demux.gen_aw_id_counter.i_aw_id_counter/gen_counters[3].i_in_flight_cnt/i__i_4__6/O
                         net (fo=21, estimated)       0.443     4.585    i_kecc_aes_k_axi_top/i_axi2reg/i_axi_burst_splitter/i_axi_burst_splitter_aw_chan/state_d0
    SLICE_X44Y139        LUT5 (Prop_lut5_I4_O)        0.105     4.690 f  i_kecc_aes_k_axi_top/i_axi2reg/i__i_3__0/O
                         net (fo=2, estimated)        0.137     4.827    i_kecc_aes_k_axi_top/i_axi2reg/i__i_3__0_n_0
    SLICE_X44Y139        LUT5 (Prop_lut5_I2_O)        0.105     4.932 f  i_kecc_aes_k_axi_top/i_axi2reg/i__i_1__2/O
                         net (fo=3, estimated)        0.243     5.175    i_kecc_aes_k_axi_top/i_axi2reg/i__i_1__2_n_0
    SLICE_X43Y139        LUT6 (Prop_lut6_I0_O)        0.105     5.280 f  i_kecc_aes_k_axi_top/i_axi2reg/i__i_2__2/O
                         net (fo=59, estimated)       0.429     5.709    i_kecc_aes_k_axi_top/i_axi2reg/i__i_2__2_n_0
    SLICE_X42Y140        LUT5 (Prop_lut5_I3_O)        0.105     5.814 f  i_kecc_aes_k_axi_top/i_axi2reg/mem_q[0][data][63]_i_24/O
                         net (fo=6, estimated)        1.161     6.975    i_kecc_aes_k_axi_top/i_axi2reg/i_axi_lite_to_reg/i_fifo_read/reg_req_i[addr][4]
    SLICE_X42Y156        LUT6 (Prop_lut6_I0_O)        0.105     7.080 r  i_kecc_aes_k_axi_top/i_axi2reg/i_axi_lite_to_reg/i_fifo_read/mem_q[0][data][31]_i_19/O
                         net (fo=6, estimated)        0.495     7.575    i_kecc_aes_k_axi_top/i_axi2reg/i_axi_lite_to_reg/i_fifo_read/mem_q[0][data][31]_i_19_n_0
    SLICE_X43Y158        LUT4 (Prop_lut4_I1_O)        0.105     7.680 f  i_kecc_aes_k_axi_top/i_axi2reg/i_axi_lite_to_reg/i_fifo_read/mem_q[0][data][31]_i_13/O
                         net (fo=7, estimated)        0.483     8.163    i_kecc_aes_k_axi_top/i_axi2reg/i_axi_lite_to_reg/i_fifo_read/mem_q_reg[1][3]_2
    SLICE_X39Y160        LUT6 (Prop_lut6_I0_O)        0.105     8.268 f  i_kecc_aes_k_axi_top/i_axi2reg/i_axi_lite_to_reg/i_fifo_read/mem_q[0][error]_i_16/O
                         net (fo=1, estimated)        0.422     8.690    i_kecc_aes_k_axi_top/i_axi2reg/i_axi_lite_to_reg/i_fifo_read/mem_q[0][error]_i_16_n_0
    SLICE_X39Y161        LUT6 (Prop_lut6_I4_O)        0.105     8.795 f  i_kecc_aes_k_axi_top/i_axi2reg/i_axi_lite_to_reg/i_fifo_read/mem_q[0][error]_i_11/O
                         net (fo=1, estimated)        0.205     9.000    i_kecc_aes_k_axi_top/i_axi2reg/i_axi_lite_to_reg/i_fifo_read/mem_q[0][error]_i_11_n_0
    SLICE_X39Y161        LUT6 (Prop_lut6_I0_O)        0.105     9.105 f  i_kecc_aes_k_axi_top/i_axi2reg/i_axi_lite_to_reg/i_fifo_read/mem_q[0][error]_i_5/O
                         net (fo=1, estimated)        0.117     9.222    i_kecc_aes_k_axi_top/i_axi2reg/i_axi_lite_to_reg/i_fifo_read/mem_q[0][error]_i_5_n_0
    SLICE_X39Y161        LUT6 (Prop_lut6_I4_O)        0.105     9.327 r  i_kecc_aes_k_axi_top/i_axi2reg/i_axi_lite_to_reg/i_fifo_read/mem_q[0][error]_i_1/O
                         net (fo=36, estimated)       0.682    10.009    i_kecc_aes_k_axi_top/i_axi2reg/i_axi_lite_to_reg/i_fifo_read/reg_rsp_o[error]
    SLICE_X35Y165        LUT4 (Prop_lut4_I1_O)        0.105    10.114 f  i_kecc_aes_k_axi_top/i_axi2reg/i_axi_lite_to_reg/i_fifo_read/q[63]_i_3__17/O
                         net (fo=65, estimated)       0.632    10.746    i_kecc_aes_k_axi_top/i_keccak_aes_k_top_unified/keccak_data_3_we
    SLICE_X34Y165        LUT5 (Prop_lut5_I0_O)        0.105    10.851 f  i_kecc_aes_k_axi_top/i_keccak_aes_k_top_unified/q[63]_i_1__2/O
                         net (fo=64, estimated)       0.598    11.449    i_kecc_aes_k_axi_top/kecc_aes_k_axi_unified_reg_top_i/u_keccak_data_3/q_reg[0]_3[0]
    SLICE_X31Y169        FDCE                                         f  i_kecc_aes_k_axi_top/kecc_aes_k_axi_unified_reg_top_i/u_keccak_data_3/q_reg[58]/CE
  -------------------------------------------------------------------    -------------------

                         (clock clk_i rise edge)     10.000    10.000 r  
                                                      0.000    10.000 r  clk_i (IN)
                         net (fo=4998, unset)         0.748    10.748    i_kecc_aes_k_axi_top/kecc_aes_k_axi_unified_reg_top_i/u_keccak_data_3/clk_i
    SLICE_X31Y169        FDCE                                         r  i_kecc_aes_k_axi_top/kecc_aes_k_axi_unified_reg_top_i/u_keccak_data_3/q_reg[58]/C
                         clock pessimism              0.000    10.748    
                         clock uncertainty           -0.035    10.712    
    SLICE_X31Y169        FDCE (Setup_fdce_C_CE)      -0.168    10.544    i_kecc_aes_k_axi_top/kecc_aes_k_axi_unified_reg_top_i/u_keccak_data_3/q_reg[58]
  -------------------------------------------------------------------
                         required time                         10.544    
                         arrival time                         -11.449    
  -------------------------------------------------------------------
                         slack                                 -0.905    




