Copyright 1986-2022 Xilinx, Inc. All Rights Reserved. Copyright 2022-2024 Advanced Micro Devices, Inc. All Rights Reserved.
------------------------------------------------------------------------------------------------------------------------------------------------------------
| Tool Version : Vivado v.2024.1 (win64) Build 5076996 Wed May 22 18:37:14 MDT 2024
| Date         : Mon Aug 10 14:48:11 2026
| Host         : AlessandraYOGA running 64-bit major release  (build 9200)
| Command      : report_timing -max_paths 20 -nworst 20 -delay_type max -sort_by slack -file reports_v4_dp_rom/kecc_aes_k_axi_synth_top.timing_WORST_20.rpt
| Design       : kecc_aes_k_axi_synth_top
| Device       : 7a100t-ftg256
| Speed File   : -2  PRODUCTION 1.23 2018-06-13
| Design State : Fully Placed
------------------------------------------------------------------------------------------------------------------------------------------------------------

Timing Report

Slack (VIOLATED) :        -1.614ns  (required time - arrival time)
  Source:                 i_kecc_aes_k_axi_top/i_axi2reg/i_axi_to_axi_lite/i_axi_burst_splitter/i_demux_supported_vs_unsupported/gen_demux.gen_aw_id_counter.i_aw_id_counter/gen_counters[23].mst_select_q_reg[23][0]/C
                            (rising edge-triggered cell FDCE clocked by clk_i  {rise@0.000ns fall@5.000ns period=10.000ns})
  Destination:            i_kecc_aes_k_axi_top/kecc_aes_k_axi_reg_top_i/u_keccak_data_3/q_reg[38]/D
                            (rising edge-triggered cell FDCE clocked by clk_i  {rise@0.000ns fall@5.000ns period=10.000ns})
  Path Group:             clk_i
  Path Type:              Setup (Max at Slow Process Corner)
  Requirement:            10.000ns  (clk_i rise@10.000ns - clk_i rise@0.000ns)
  Data Path Delay:        11.305ns  (logic 2.455ns (21.716%)  route 8.850ns (78.284%))
  Logic Levels:           16  (LUT3=2 LUT5=8 LUT6=4 MUXF7=1 MUXF8=1)
  Clock Path Skew:        -0.039ns (DCD - SCD + CPR)
    Destination Clock Delay (DCD):    0.748ns = ( 10.748 - 10.000 ) 
    Source Clock Delay      (SCD):    0.787ns
    Clock Pessimism Removal (CPR):    0.000ns
  Clock Uncertainty:      0.035ns  ((TSJ^2 + TIJ^2)^1/2 + DJ) / 2 + PE
    Total System Jitter     (TSJ):    0.071ns
    Total Input Jitter      (TIJ):    0.000ns
    Discrete Jitter          (DJ):    0.000ns
    Phase Error              (PE):    0.000ns

    Location             Delay type                Incr(ns)  Path(ns)    Netlist Resource(s)
  -------------------------------------------------------------------    -------------------
                         (clock clk_i rise edge)      0.000     0.000 r  
                                                      0.000     0.000 r  clk_i (IN)
                         net (fo=4786, unset)         0.787     0.787    i_kecc_aes_k_axi_top/i_axi2reg/i_axi_to_axi_lite/i_axi_burst_splitter/i_demux_supported_vs_unsupported/gen_demux.gen_aw_id_counter.i_aw_id_counter/clk_i
    SLICE_X38Y132        FDCE                                         r  i_kecc_aes_k_axi_top/i_axi2reg/i_axi_to_axi_lite/i_axi_burst_splitter/i_demux_supported_vs_unsupported/gen_demux.gen_aw_id_counter.i_aw_id_counter/gen_counters[23].mst_select_q_reg[23][0]/C
  -------------------------------------------------------------------    -------------------
    SLICE_X38Y132        FDCE (Prop_fdce_C_Q)         0.398     1.185 r  i_kecc_aes_k_axi_top/i_axi2reg/i_axi_to_axi_lite/i_axi_burst_splitter/i_demux_supported_vs_unsupported/gen_demux.gen_aw_id_counter.i_aw_id_counter/gen_counters[23].mst_select_q_reg[23][0]/Q
                         net (fo=2, estimated)        0.674     1.859    i_kecc_aes_k_axi_top/i_axi2reg/i_axi_to_axi_lite/i_axi_burst_splitter/i_demux_supported_vs_unsupported/gen_demux.gen_aw_id_counter.i_aw_id_counter/gen_counters[23].mst_select_q_reg[23]_8
    SLICE_X41Y132        LUT6 (Prop_lut6_I0_O)        0.232     2.091 r  i_kecc_aes_k_axi_top/i_axi2reg/i_axi_to_axi_lite/i_axi_burst_splitter/i_demux_supported_vs_unsupported/gen_demux.gen_aw_id_counter.i_aw_id_counter/i___34_i_36/O
                         net (fo=1, routed)           0.000     2.091    i_kecc_aes_k_axi_top/i_axi2reg/i_axi_to_axi_lite/i_axi_burst_splitter/i_demux_supported_vs_unsupported/gen_demux.gen_aw_id_counter.i_aw_id_counter/i___34_i_36_n_0
    SLICE_X41Y132        MUXF7 (Prop_muxf7_I1_O)      0.206     2.297 r  i_kecc_aes_k_axi_top/i_axi2reg/i_axi_to_axi_lite/i_axi_burst_splitter/i_demux_supported_vs_unsupported/gen_demux.gen_aw_id_counter.i_aw_id_counter/i___34_i_15/O
                         net (fo=1, routed)           0.000     2.297    i_kecc_aes_k_axi_top/i_axi2reg/i_axi_to_axi_lite/i_axi_burst_splitter/i_demux_supported_vs_unsupported/gen_demux.gen_aw_id_counter.i_aw_id_counter/i___34_i_15_n_0
    SLICE_X41Y132        MUXF8 (Prop_muxf8_I0_O)      0.085     2.382 r  i_kecc_aes_k_axi_top/i_axi2reg/i_axi_to_axi_lite/i_axi_burst_splitter/i_demux_supported_vs_unsupported/gen_demux.gen_aw_id_counter.i_aw_id_counter/i___34_i_5/O
                         net (fo=1, estimated)        0.653     3.035    i_kecc_aes_k_axi_top/i_axi2reg/i_axi_to_axi_lite/i_axi_burst_splitter/i_demux_supported_vs_unsupported/gen_demux.gen_aw_id_counter.i_aw_id_counter/gen_counters[3].i_in_flight_cnt/i___34
    SLICE_X41Y133        LUT6 (Prop_lut6_I1_O)        0.264     3.299 r  i_kecc_aes_k_axi_top/i_axi2reg/i_axi_to_axi_lite/i_axi_burst_splitter/i_demux_supported_vs_unsupported/gen_demux.gen_aw_id_counter.i_aw_id_counter/gen_counters[3].i_in_flight_cnt/i___34_i_1/O
                         net (fo=2, estimated)        0.787     4.086    i_kecc_aes_k_axi_top/i_axi2reg/i_axi_to_axi_lite_n_170
    SLICE_X35Y133        LUT5 (Prop_lut5_I0_O)        0.105     4.191 r  i_kecc_aes_k_axi_top/i_axi2reg/i___83/O
                         net (fo=4, estimated)        0.477     4.668    i_kecc_aes_k_axi_top/i_axi2reg/i_axi_to_axi_lite/i_axi_burst_splitter/i_demux_supported_vs_unsupported/gen_demux.gen_aw_id_counter.i_aw_id_counter/gen_counters[3].i_in_flight_cnt/gen_demux.lock_aw_valid_q_reg_2
    SLICE_X35Y134        LUT5 (Prop_lut5_I2_O)        0.105     4.773 r  i_kecc_aes_k_axi_top/i_axi2reg/i_axi_to_axi_lite/i_axi_burst_splitter/i_demux_supported_vs_unsupported/gen_demux.gen_aw_id_counter.i_aw_id_counter/gen_counters[3].i_in_flight_cnt/i___30_i_4/O
                         net (fo=21, estimated)       0.175     4.948    i_kecc_aes_k_axi_top/i_axi2reg/i_axi_burst_splitter/i_axi_burst_splitter_aw_chan/state_d0
    SLICE_X35Y134        LUT5 (Prop_lut5_I4_O)        0.105     5.053 f  i_kecc_aes_k_axi_top/i_axi2reg/i___2_i_3/O
                         net (fo=2, estimated)        0.242     5.295    i_kecc_aes_k_axi_top/i_axi2reg/i___2_i_3_n_0
    SLICE_X37Y135        LUT3 (Prop_lut3_I0_O)        0.105     5.400 r  i_kecc_aes_k_axi_top/i_axi2reg/i___2_i_1/O
                         net (fo=81, estimated)       0.211     5.611    i_kecc_aes_k_axi_top/i_axi2reg/i___2_i_1_n_0
    SLICE_X37Y135        LUT5 (Prop_lut5_I1_O)        0.105     5.716 r  i_kecc_aes_k_axi_top/i_axi2reg/mem_q[0][data][63]_i_45/O
                         net (fo=1, estimated)        0.505     6.221    i_kecc_aes_k_axi_top/i_axi2reg/mem_q[0][data][63]_i_45_n_0
    SLICE_X43Y139        LUT5 (Prop_lut5_I4_O)        0.105     6.326 r  i_kecc_aes_k_axi_top/i_axi2reg/mem_q[0][data][63]_i_27/O
                         net (fo=15, estimated)       0.888     7.214    i_kecc_aes_k_axi_top/i_axi2reg/i_axi_lite_to_reg/i_fifo_read/reg_req_i[addr][6]
    SLICE_X44Y146        LUT5 (Prop_lut5_I0_O)        0.105     7.319 r  i_kecc_aes_k_axi_top/i_axi2reg/i_axi_lite_to_reg/i_fifo_read/q[63]_i_8/O
                         net (fo=20, estimated)       0.882     8.201    i_kecc_aes_k_axi_top/i_axi2reg/i_axi_lite_to_reg/i_fifo_read/q[63]_i_8_n_0
    SLICE_X44Y153        LUT5 (Prop_lut5_I0_O)        0.105     8.306 r  i_kecc_aes_k_axi_top/i_axi2reg/i_axi_lite_to_reg/i_fifo_read/q[63]_i_2__3/O
                         net (fo=65, estimated)       0.544     8.850    i_kecc_aes_k_axi_top/i_axi2reg/i_axi_lite_to_reg/i_fifo_read/mem_q_reg[1][5]_2
    SLICE_X43Y153        LUT5 (Prop_lut5_I2_O)        0.105     8.955 r  i_kecc_aes_k_axi_top/i_axi2reg/i_axi_lite_to_reg/i_fifo_read/mem_q[0][error]_i_20/O
                         net (fo=1, estimated)        0.414     9.369    i_kecc_aes_k_axi_top/i_axi2reg/i_axi_lite_to_reg/i_fifo_read/mem_q[0][error]_i_20_n_0
    SLICE_X42Y153        LUT6 (Prop_lut6_I0_O)        0.105     9.474 r  i_kecc_aes_k_axi_top/i_axi2reg/i_axi_lite_to_reg/i_fifo_read/mem_q[0][error]_i_7/O
                         net (fo=33, estimated)       0.552    10.026    i_kecc_aes_k_axi_top/i_axi2reg/i_axi_lite_to_reg/i_fifo_read/mem_q[0][error]_i_7_n_0
    SLICE_X33Y153        LUT6 (Prop_lut6_I4_O)        0.105    10.131 r  i_kecc_aes_k_axi_top/i_axi2reg/i_axi_lite_to_reg/i_fifo_read/q[63]_i_3__18/O
                         net (fo=65, estimated)       1.039    11.170    i_kecc_aes_k_axi_top/i_axi2reg/i_axi_lite_to_reg/i_fifo_write_req/keccak_data_3_we
    SLICE_X24Y152        LUT3 (Prop_lut3_I2_O)        0.115    11.285 r  i_kecc_aes_k_axi_top/i_axi2reg/i_axi_lite_to_reg/i_fifo_write_req/wr_en_data_arb/q[38]_i_1__2/O
                         net (fo=1, estimated)        0.807    12.092    i_kecc_aes_k_axi_top/kecc_aes_k_axi_reg_top_i/u_keccak_data_3/q_reg[63]_0[38]
    SLICE_X25Y152        FDCE                                         r  i_kecc_aes_k_axi_top/kecc_aes_k_axi_reg_top_i/u_keccak_data_3/q_reg[38]/D
  -------------------------------------------------------------------    -------------------

                         (clock clk_i rise edge)     10.000    10.000 r  
                                                      0.000    10.000 r  clk_i (IN)
                         net (fo=4786, unset)         0.748    10.748    i_kecc_aes_k_axi_top/kecc_aes_k_axi_reg_top_i/u_keccak_data_3/clk_i
    SLICE_X25Y152        FDCE                                         r  i_kecc_aes_k_axi_top/kecc_aes_k_axi_reg_top_i/u_keccak_data_3/q_reg[38]/C
                         clock pessimism              0.000    10.748    
                         clock uncertainty           -0.035    10.712    
    SLICE_X25Y152        FDCE (Setup_fdce_C_D)       -0.234    10.478    i_kecc_aes_k_axi_top/kecc_aes_k_axi_reg_top_i/u_keccak_data_3/q_reg[38]
  -------------------------------------------------------------------
                         required time                         10.478    
                         arrival time                         -12.092    
  -------------------------------------------------------------------
                         slack                                 -1.614    

Slack (VIOLATED) :        -1.614ns  (required time - arrival time)
  Source:                 i_kecc_aes_k_axi_top/i_axi2reg/i_axi_to_axi_lite/i_axi_burst_splitter/i_demux_supported_vs_unsupported/gen_demux.gen_aw_id_counter.i_aw_id_counter/gen_counters[23].mst_select_q_reg[23][0]/C
                            (rising edge-triggered cell FDCE clocked by clk_i  {rise@0.000ns fall@5.000ns period=10.000ns})
  Destination:            i_kecc_aes_k_axi_top/kecc_aes_k_axi_reg_top_i/u_keccak_data_3/q_reg[38]/D
                            (rising edge-triggered cell FDCE clocked by clk_i  {rise@0.000ns fall@5.000ns period=10.000ns})
  Path Group:             clk_i
  Path Type:              Setup (Max at Slow Process Corner)
  Requirement:            10.000ns  (clk_i rise@10.000ns - clk_i rise@0.000ns)
  Data Path Delay:        11.305ns  (logic 2.455ns (21.716%)  route 8.850ns (78.284%))
  Logic Levels:           16  (LUT3=2 LUT5=8 LUT6=4 MUXF7=1 MUXF8=1)
  Clock Path Skew:        -0.039ns (DCD - SCD + CPR)
    Destination Clock Delay (DCD):    0.748ns = ( 10.748 - 10.000 ) 
    Source Clock Delay      (SCD):    0.787ns
    Clock Pessimism Removal (CPR):    0.000ns
  Clock Uncertainty:      0.035ns  ((TSJ^2 + TIJ^2)^1/2 + DJ) / 2 + PE
    Total System Jitter     (TSJ):    0.071ns
    Total Input Jitter      (TIJ):    0.000ns
    Discrete Jitter          (DJ):    0.000ns
    Phase Error              (PE):    0.000ns

    Location             Delay type                Incr(ns)  Path(ns)    Netlist Resource(s)
  -------------------------------------------------------------------    -------------------
                         (clock clk_i rise edge)      0.000     0.000 r  
                                                      0.000     0.000 r  clk_i (IN)
                         net (fo=4786, unset)         0.787     0.787    i_kecc_aes_k_axi_top/i_axi2reg/i_axi_to_axi_lite/i_axi_burst_splitter/i_demux_supported_vs_unsupported/gen_demux.gen_aw_id_counter.i_aw_id_counter/clk_i
    SLICE_X38Y132        FDCE                                         r  i_kecc_aes_k_axi_top/i_axi2reg/i_axi_to_axi_lite/i_axi_burst_splitter/i_demux_supported_vs_unsupported/gen_demux.gen_aw_id_counter.i_aw_id_counter/gen_counters[23].mst_select_q_reg[23][0]/C
  -------------------------------------------------------------------    -------------------
    SLICE_X38Y132        FDCE (Prop_fdce_C_Q)         0.398     1.185 f  i_kecc_aes_k_axi_top/i_axi2reg/i_axi_to_axi_lite/i_axi_burst_splitter/i_demux_supported_vs_unsupported/gen_demux.gen_aw_id_counter.i_aw_id_counter/gen_counters[23].mst_select_q_reg[23][0]/Q
                         net (fo=2, estimated)        0.674     1.859    i_kecc_aes_k_axi_top/i_axi2reg/i_axi_to_axi_lite/i_axi_burst_splitter/i_demux_supported_vs_unsupported/gen_demux.gen_aw_id_counter.i_aw_id_counter/gen_counters[23].mst_select_q_reg[23]_8
    SLICE_X41Y132        LUT6 (Prop_lut6_I0_O)        0.232     2.091 f  i_kecc_aes_k_axi_top/i_axi2reg/i_axi_to_axi_lite/i_axi_burst_splitter/i_demux_supported_vs_unsupported/gen_demux.gen_aw_id_counter.i_aw_id_counter/i___34_i_36/O
                         net (fo=1, routed)           0.000     2.091    i_kecc_aes_k_axi_top/i_axi2reg/i_axi_to_axi_lite/i_axi_burst_splitter/i_demux_supported_vs_unsupported/gen_demux.gen_aw_id_counter.i_aw_id_counter/i___34_i_36_n_0
    SLICE_X41Y132        MUXF7 (Prop_muxf7_I1_O)      0.206     2.297 f  i_kecc_aes_k_axi_top/i_axi2reg/i_axi_to_axi_lite/i_axi_burst_splitter/i_demux_supported_vs_unsupported/gen_demux.gen_aw_id_counter.i_aw_id_counter/i___34_i_15/O
                         net (fo=1, routed)           0.000     2.297    i_kecc_aes_k_axi_top/i_axi2reg/i_axi_to_axi_lite/i_axi_burst_splitter/i_demux_supported_vs_unsupported/gen_demux.gen_aw_id_counter.i_aw_id_counter/i___34_i_15_n_0
    SLICE_X41Y132        MUXF8 (Prop_muxf8_I0_O)      0.085     2.382 f  i_kecc_aes_k_axi_top/i_axi2reg/i_axi_to_axi_lite/i_axi_burst_splitter/i_demux_supported_vs_unsupported/gen_demux.gen_aw_id_counter.i_aw_id_counter/i___34_i_5/O
                         net (fo=1, estimated)        0.653     3.035    i_kecc_aes_k_axi_top/i_axi2reg/i_axi_to_axi_lite/i_axi_burst_splitter/i_demux_supported_vs_unsupported/gen_demux.gen_aw_id_counter.i_aw_id_counter/gen_counters[3].i_in_flight_cnt/i___34
    SLICE_X41Y133        LUT6 (Prop_lut6_I1_O)        0.264     3.299 r  i_kecc_aes_k_axi_top/i_axi2reg/i_axi_to_axi_lite/i_axi_burst_splitter/i_demux_supported_vs_unsupported/gen_demux.gen_aw_id_counter.i_aw_id_counter/gen_counters[3].i_in_flight_cnt/i___34_i_1/O
                         net (fo=2, estimated)        0.787     4.086    i_kecc_aes_k_axi_top/i_axi2reg/i_axi_to_axi_lite_n_170
    SLICE_X35Y133        LUT5 (Prop_lut5_I0_O)        0.105     4.191 r  i_kecc_aes_k_axi_top/i_axi2reg/i___83/O
                         net (fo=4, estimated)        0.477     4.668    i_kecc_aes_k_axi_top/i_axi2reg/i_axi_to_axi_lite/i_axi_burst_splitter/i_demux_supported_vs_unsupported/gen_demux.gen_aw_id_counter.i_aw_id_counter/gen_counters[3].i_in_flight_cnt/gen_demux.lock_aw_valid_q_reg_2
    SLICE_X35Y134        LUT5 (Prop_lut5_I2_O)        0.105     4.773 r  i_kecc_aes_k_axi_top/i_axi2reg/i_axi_to_axi_lite/i_axi_burst_splitter/i_demux_supported_vs_unsupported/gen_demux.gen_aw_id_counter.i_aw_id_counter/gen_counters[3].i_in_flight_cnt/i___30_i_4/O
                         net (fo=21, estimated)       0.175     4.948    i_kecc_aes_k_axi_top/i_axi2reg/i_axi_burst_splitter/i_axi_burst_splitter_aw_chan/state_d0
    SLICE_X35Y134        LUT5 (Prop_lut5_I4_O)        0.105     5.053 f  i_kecc_aes_k_axi_top/i_axi2reg/i___2_i_3/O
                         net (fo=2, estimated)        0.242     5.295    i_kecc_aes_k_axi_top/i_axi2reg/i___2_i_3_n_0
    SLICE_X37Y135        LUT3 (Prop_lut3_I0_O)        0.105     5.400 r  i_kecc_aes_k_axi_top/i_axi2reg/i___2_i_1/O
                         net (fo=81, estimated)       0.211     5.611    i_kecc_aes_k_axi_top/i_axi2reg/i___2_i_1_n_0
    SLICE_X37Y135        LUT5 (Prop_lut5_I1_O)        0.105     5.716 r  i_kecc_aes_k_axi_top/i_axi2reg/mem_q[0][data][63]_i_45/O
                         net (fo=1, estimated)        0.505     6.221    i_kecc_aes_k_axi_top/i_axi2reg/mem_q[0][data][63]_i_45_n_0
    SLICE_X43Y139        LUT5 (Prop_lut5_I4_O)        0.105     6.326 r  i_kecc_aes_k_axi_top/i_axi2reg/mem_q[0][data][63]_i_27/O
                         net (fo=15, estimated)       0.888     7.214    i_kecc_aes_k_axi_top/i_axi2reg/i_axi_lite_to_reg/i_fifo_read/reg_req_i[addr][6]
    SLICE_X44Y146        LUT5 (Prop_lut5_I0_O)        0.105     7.319 r  i_kecc_aes_k_axi_top/i_axi2reg/i_axi_lite_to_reg/i_fifo_read/q[63]_i_8/O
                         net (fo=20, estimated)       0.882     8.201    i_kecc_aes_k_axi_top/i_axi2reg/i_axi_lite_to_reg/i_fifo_read/q[63]_i_8_n_0
    SLICE_X44Y153        LUT5 (Prop_lut5_I0_O)        0.105     8.306 r  i_kecc_aes_k_axi_top/i_axi2reg/i_axi_lite_to_reg/i_fifo_read/q[63]_i_2__3/O
                         net (fo=65, estimated)       0.544     8.850    i_kecc_aes_k_axi_top/i_axi2reg/i_axi_lite_to_reg/i_fifo_read/mem_q_reg[1][5]_2
    SLICE_X43Y153        LUT5 (Prop_lut5_I2_O)        0.105     8.955 r  i_kecc_aes_k_axi_top/i_axi2reg/i_axi_lite_to_reg/i_fifo_read/mem_q[0][error]_i_20/O
                         net (fo=1, estimated)        0.414     9.369    i_kecc_aes_k_axi_top/i_axi2reg/i_axi_lite_to_reg/i_fifo_read/mem_q[0][error]_i_20_n_0
    SLICE_X42Y153        LUT6 (Prop_lut6_I0_O)        0.105     9.474 r  i_kecc_aes_k_axi_top/i_axi2reg/i_axi_lite_to_reg/i_fifo_read/mem_q[0][error]_i_7/O
                         net (fo=33, estimated)       0.552    10.026    i_kecc_aes_k_axi_top/i_axi2reg/i_axi_lite_to_reg/i_fifo_read/mem_q[0][error]_i_7_n_0
    SLICE_X33Y153        LUT6 (Prop_lut6_I4_O)        0.105    10.131 r  i_kecc_aes_k_axi_top/i_axi2reg/i_axi_lite_to_reg/i_fifo_read/q[63]_i_3__18/O
                         net (fo=65, estimated)       1.039    11.170    i_kecc_aes_k_axi_top/i_axi2reg/i_axi_lite_to_reg/i_fifo_write_req/keccak_data_3_we
    SLICE_X24Y152        LUT3 (Prop_lut3_I2_O)        0.115    11.285 r  i_kecc_aes_k_axi_top/i_axi2reg/i_axi_lite_to_reg/i_fifo_write_req/wr_en_data_arb/q[38]_i_1__2/O
                         net (fo=1, estimated)        0.807    12.092    i_kecc_aes_k_axi_top/kecc_aes_k_axi_reg_top_i/u_keccak_data_3/q_reg[63]_0[38]
    SLICE_X25Y152        FDCE                                         r  i_kecc_aes_k_axi_top/kecc_aes_k_axi_reg_top_i/u_keccak_data_3/q_reg[38]/D
  -------------------------------------------------------------------    -------------------

                         (clock clk_i rise edge)     10.000    10.000 r  
                                                      0.000    10.000 r  clk_i (IN)
                         net (fo=4786, unset)         0.748    10.748    i_kecc_aes_k_axi_top/kecc_aes_k_axi_reg_top_i/u_keccak_data_3/clk_i
    SLICE_X25Y152        FDCE                                         r  i_kecc_aes_k_axi_top/kecc_aes_k_axi_reg_top_i/u_keccak_data_3/q_reg[38]/C
                         clock pessimism              0.000    10.748    
                         clock uncertainty           -0.035    10.712    
    SLICE_X25Y152        FDCE (Setup_fdce_C_D)       -0.234    10.478    i_kecc_aes_k_axi_top/kecc_aes_k_axi_reg_top_i/u_keccak_data_3/q_reg[38]
  -------------------------------------------------------------------
                         required time                         10.478    
                         arrival time                         -12.092    
  -------------------------------------------------------------------
                         slack                                 -1.614    

Slack (VIOLATED) :        -1.614ns  (required time - arrival time)
  Source:                 i_kecc_aes_k_axi_top/i_axi2reg/i_axi_to_axi_lite/i_axi_burst_splitter/i_demux_supported_vs_unsupported/gen_demux.gen_aw_id_counter.i_aw_id_counter/gen_counters[23].mst_select_q_reg[23][0]/C
                            (rising edge-triggered cell FDCE clocked by clk_i  {rise@0.000ns fall@5.000ns period=10.000ns})
  Destination:            i_kecc_aes_k_axi_top/kecc_aes_k_axi_reg_top_i/u_keccak_data_3/q_reg[38]/D
                            (rising edge-triggered cell FDCE clocked by clk_i  {rise@0.000ns fall@5.000ns period=10.000ns})
  Path Group:             clk_i
  Path Type:              Setup (Max at Slow Process Corner)
  Requirement:            10.000ns  (clk_i rise@10.000ns - clk_i rise@0.000ns)
  Data Path Delay:        11.305ns  (logic 2.455ns (21.716%)  route 8.850ns (78.284%))
  Logic Levels:           16  (LUT3=2 LUT5=8 LUT6=4 MUXF7=1 MUXF8=1)
  Clock Path Skew:        -0.039ns (DCD - SCD + CPR)
    Destination Clock Delay (DCD):    0.748ns = ( 10.748 - 10.000 ) 
    Source Clock Delay      (SCD):    0.787ns
    Clock Pessimism Removal (CPR):    0.000ns
  Clock Uncertainty:      0.035ns  ((TSJ^2 + TIJ^2)^1/2 + DJ) / 2 + PE
    Total System Jitter     (TSJ):    0.071ns
    Total Input Jitter      (TIJ):    0.000ns
    Discrete Jitter          (DJ):    0.000ns
    Phase Error              (PE):    0.000ns

    Location             Delay type                Incr(ns)  Path(ns)    Netlist Resource(s)
  -------------------------------------------------------------------    -------------------
                         (clock clk_i rise edge)      0.000     0.000 r  
                                                      0.000     0.000 r  clk_i (IN)
                         net (fo=4786, unset)         0.787     0.787    i_kecc_aes_k_axi_top/i_axi2reg/i_axi_to_axi_lite/i_axi_burst_splitter/i_demux_supported_vs_unsupported/gen_demux.gen_aw_id_counter.i_aw_id_counter/clk_i
    SLICE_X38Y132        FDCE                                         r  i_kecc_aes_k_axi_top/i_axi2reg/i_axi_to_axi_lite/i_axi_burst_splitter/i_demux_supported_vs_unsupported/gen_demux.gen_aw_id_counter.i_aw_id_counter/gen_counters[23].mst_select_q_reg[23][0]/C
  -------------------------------------------------------------------    -------------------
    SLICE_X38Y132        FDCE (Prop_fdce_C_Q)         0.398     1.185 r  i_kecc_aes_k_axi_top/i_axi2reg/i_axi_to_axi_lite/i_axi_burst_splitter/i_demux_supported_vs_unsupported/gen_demux.gen_aw_id_counter.i_aw_id_counter/gen_counters[23].mst_select_q_reg[23][0]/Q
                         net (fo=2, estimated)        0.674     1.859    i_kecc_aes_k_axi_top/i_axi2reg/i_axi_to_axi_lite/i_axi_burst_splitter/i_demux_supported_vs_unsupported/gen_demux.gen_aw_id_counter.i_aw_id_counter/gen_counters[23].mst_select_q_reg[23]_8
    SLICE_X41Y132        LUT6 (Prop_lut6_I0_O)        0.232     2.091 r  i_kecc_aes_k_axi_top/i_axi2reg/i_axi_to_axi_lite/i_axi_burst_splitter/i_demux_supported_vs_unsupported/gen_demux.gen_aw_id_counter.i_aw_id_counter/i___34_i_36/O
                         net (fo=1, routed)           0.000     2.091    i_kecc_aes_k_axi_top/i_axi2reg/i_axi_to_axi_lite/i_axi_burst_splitter/i_demux_supported_vs_unsupported/gen_demux.gen_aw_id_counter.i_aw_id_counter/i___34_i_36_n_0
    SLICE_X41Y132        MUXF7 (Prop_muxf7_I1_O)      0.206     2.297 r  i_kecc_aes_k_axi_top/i_axi2reg/i_axi_to_axi_lite/i_axi_burst_splitter/i_demux_supported_vs_unsupported/gen_demux.gen_aw_id_counter.i_aw_id_counter/i___34_i_15/O
                         net (fo=1, routed)           0.000     2.297    i_kecc_aes_k_axi_top/i_axi2reg/i_axi_to_axi_lite/i_axi_burst_splitter/i_demux_supported_vs_unsupported/gen_demux.gen_aw_id_counter.i_aw_id_counter/i___34_i_15_n_0
    SLICE_X41Y132        MUXF8 (Prop_muxf8_I0_O)      0.085     2.382 r  i_kecc_aes_k_axi_top/i_axi2reg/i_axi_to_axi_lite/i_axi_burst_splitter/i_demux_supported_vs_unsupported/gen_demux.gen_aw_id_counter.i_aw_id_counter/i___34_i_5/O
                         net (fo=1, estimated)        0.653     3.035    i_kecc_aes_k_axi_top/i_axi2reg/i_axi_to_axi_lite/i_axi_burst_splitter/i_demux_supported_vs_unsupported/gen_demux.gen_aw_id_counter.i_aw_id_counter/gen_counters[3].i_in_flight_cnt/i___34
    SLICE_X41Y133        LUT6 (Prop_lut6_I1_O)        0.264     3.299 f  i_kecc_aes_k_axi_top/i_axi2reg/i_axi_to_axi_lite/i_axi_burst_splitter/i_demux_supported_vs_unsupported/gen_demux.gen_aw_id_counter.i_aw_id_counter/gen_counters[3].i_in_flight_cnt/i___34_i_1/O
                         net (fo=2, estimated)        0.787     4.086    i_kecc_aes_k_axi_top/i_axi2reg/i_axi_to_axi_lite_n_170
    SLICE_X35Y133        LUT5 (Prop_lut5_I0_O)        0.105     4.191 f  i_kecc_aes_k_axi_top/i_axi2reg/i___83/O
                         net (fo=4, estimated)        0.477     4.668    i_kecc_aes_k_axi_top/i_axi2reg/i_axi_to_axi_lite/i_axi_burst_splitter/i_demux_supported_vs_unsupported/gen_demux.gen_aw_id_counter.i_aw_id_counter/gen_counters[3].i_in_flight_cnt/gen_demux.lock_aw_valid_q_reg_2
    SLICE_X35Y134        LUT5 (Prop_lut5_I2_O)        0.105     4.773 f  i_kecc_aes_k_axi_top/i_axi2reg/i_axi_to_axi_lite/i_axi_burst_splitter/i_demux_supported_vs_unsupported/gen_demux.gen_aw_id_counter.i_aw_id_counter/gen_counters[3].i_in_flight_cnt/i___30_i_4/O
                         net (fo=21, estimated)       0.175     4.948    i_kecc_aes_k_axi_top/i_axi2reg/i_axi_burst_splitter/i_axi_burst_splitter_aw_chan/state_d0
    SLICE_X35Y134        LUT5 (Prop_lut5_I4_O)        0.105     5.053 r  i_kecc_aes_k_axi_top/i_axi2reg/i___2_i_3/O
                         net (fo=2, estimated)        0.242     5.295    i_kecc_aes_k_axi_top/i_axi2reg/i___2_i_3_n_0
    SLICE_X37Y135        LUT3 (Prop_lut3_I0_O)        0.105     5.400 f  i_kecc_aes_k_axi_top/i_axi2reg/i___2_i_1/O
                         net (fo=81, estimated)       0.211     5.611    i_kecc_aes_k_axi_top/i_axi2reg/i___2_i_1_n_0
    SLICE_X37Y135        LUT5 (Prop_lut5_I1_O)        0.105     5.716 r  i_kecc_aes_k_axi_top/i_axi2reg/mem_q[0][data][63]_i_45/O
                         net (fo=1, estimated)        0.505     6.221    i_kecc_aes_k_axi_top/i_axi2reg/mem_q[0][data][63]_i_45_n_0
    SLICE_X43Y139        LUT5 (Prop_lut5_I4_O)        0.105     6.326 r  i_kecc_aes_k_axi_top/i_axi2reg/mem_q[0][data][63]_i_27/O
                         net (fo=15, estimated)       0.888     7.214    i_kecc_aes_k_axi_top/i_axi2reg/i_axi_lite_to_reg/i_fifo_read/reg_req_i[addr][6]
    SLICE_X44Y146        LUT5 (Prop_lut5_I0_O)        0.105     7.319 r  i_kecc_aes_k_axi_top/i_axi2reg/i_axi_lite_to_reg/i_fifo_read/q[63]_i_8/O
                         net (fo=20, estimated)       0.882     8.201    i_kecc_aes_k_axi_top/i_axi2reg/i_axi_lite_to_reg/i_fifo_read/q[63]_i_8_n_0
    SLICE_X44Y153        LUT5 (Prop_lut5_I0_O)        0.105     8.306 r  i_kecc_aes_k_axi_top/i_axi2reg/i_axi_lite_to_reg/i_fifo_read/q[63]_i_2__3/O
                         net (fo=65, estimated)       0.544     8.850    i_kecc_aes_k_axi_top/i_axi2reg/i_axi_lite_to_reg/i_fifo_read/mem_q_reg[1][5]_2
    SLICE_X43Y153        LUT5 (Prop_lut5_I2_O)        0.105     8.955 r  i_kecc_aes_k_axi_top/i_axi2reg/i_axi_lite_to_reg/i_fifo_read/mem_q[0][error]_i_20/O
                         net (fo=1, estimated)        0.414     9.369    i_kecc_aes_k_axi_top/i_axi2reg/i_axi_lite_to_reg/i_fifo_read/mem_q[0][error]_i_20_n_0
    SLICE_X42Y153        LUT6 (Prop_lut6_I0_O)        0.105     9.474 r  i_kecc_aes_k_axi_top/i_axi2reg/i_axi_lite_to_reg/i_fifo_read/mem_q[0][error]_i_7/O
                         net (fo=33, estimated)       0.552    10.026    i_kecc_aes_k_axi_top/i_axi2reg/i_axi_lite_to_reg/i_fifo_read/mem_q[0][error]_i_7_n_0
    SLICE_X33Y153        LUT6 (Prop_lut6_I4_O)        0.105    10.131 r  i_kecc_aes_k_axi_top/i_axi2reg/i_axi_lite_to_reg/i_fifo_read/q[63]_i_3__18/O
                         net (fo=65, estimated)       1.039    11.170    i_kecc_aes_k_axi_top/i_axi2reg/i_axi_lite_to_reg/i_fifo_write_req/keccak_data_3_we
    SLICE_X24Y152        LUT3 (Prop_lut3_I2_O)        0.115    11.285 r  i_kecc_aes_k_axi_top/i_axi2reg/i_axi_lite_to_reg/i_fifo_write_req/wr_en_data_arb/q[38]_i_1__2/O
                         net (fo=1, estimated)        0.807    12.092    i_kecc_aes_k_axi_top/kecc_aes_k_axi_reg_top_i/u_keccak_data_3/q_reg[63]_0[38]
    SLICE_X25Y152        FDCE                                         r  i_kecc_aes_k_axi_top/kecc_aes_k_axi_reg_top_i/u_keccak_data_3/q_reg[38]/D
  -------------------------------------------------------------------    -------------------

                         (clock clk_i rise edge)     10.000    10.000 r  
                                                      0.000    10.000 r  clk_i (IN)
                         net (fo=4786, unset)         0.748    10.748    i_kecc_aes_k_axi_top/kecc_aes_k_axi_reg_top_i/u_keccak_data_3/clk_i
    SLICE_X25Y152        FDCE                                         r  i_kecc_aes_k_axi_top/kecc_aes_k_axi_reg_top_i/u_keccak_data_3/q_reg[38]/C
                         clock pessimism              0.000    10.748    
                         clock uncertainty           -0.035    10.712    
    SLICE_X25Y152        FDCE (Setup_fdce_C_D)       -0.234    10.478    i_kecc_aes_k_axi_top/kecc_aes_k_axi_reg_top_i/u_keccak_data_3/q_reg[38]
  -------------------------------------------------------------------
                         required time                         10.478    
                         arrival time                         -12.092    
  -------------------------------------------------------------------
                         slack                                 -1.614    

Slack (VIOLATED) :        -1.614ns  (required time - arrival time)
  Source:                 i_kecc_aes_k_axi_top/i_axi2reg/i_axi_to_axi_lite/i_axi_burst_splitter/i_demux_supported_vs_unsupported/gen_demux.gen_aw_id_counter.i_aw_id_counter/gen_counters[23].mst_select_q_reg[23][0]/C
                            (rising edge-triggered cell FDCE clocked by clk_i  {rise@0.000ns fall@5.000ns period=10.000ns})
  Destination:            i_kecc_aes_k_axi_top/kecc_aes_k_axi_reg_top_i/u_keccak_data_3/q_reg[38]/D
                            (rising edge-triggered cell FDCE clocked by clk_i  {rise@0.000ns fall@5.000ns period=10.000ns})
  Path Group:             clk_i
  Path Type:              Setup (Max at Slow Process Corner)
  Requirement:            10.000ns  (clk_i rise@10.000ns - clk_i rise@0.000ns)
  Data Path Delay:        11.305ns  (logic 2.455ns (21.716%)  route 8.850ns (78.284%))
  Logic Levels:           16  (LUT3=2 LUT5=8 LUT6=4 MUXF7=1 MUXF8=1)
  Clock Path Skew:        -0.039ns (DCD - SCD + CPR)
    Destination Clock Delay (DCD):    0.748ns = ( 10.748 - 10.000 ) 
    Source Clock Delay      (SCD):    0.787ns
    Clock Pessimism Removal (CPR):    0.000ns
  Clock Uncertainty:      0.035ns  ((TSJ^2 + TIJ^2)^1/2 + DJ) / 2 + PE
    Total System Jitter     (TSJ):    0.071ns
    Total Input Jitter      (TIJ):    0.000ns
    Discrete Jitter          (DJ):    0.000ns
    Phase Error              (PE):    0.000ns

    Location             Delay type                Incr(ns)  Path(ns)    Netlist Resource(s)
  -------------------------------------------------------------------    -------------------
                         (clock clk_i rise edge)      0.000     0.000 r  
                                                      0.000     0.000 r  clk_i (IN)
                         net (fo=4786, unset)         0.787     0.787    i_kecc_aes_k_axi_top/i_axi2reg/i_axi_to_axi_lite/i_axi_burst_splitter/i_demux_supported_vs_unsupported/gen_demux.gen_aw_id_counter.i_aw_id_counter/clk_i
    SLICE_X38Y132        FDCE                                         r  i_kecc_aes_k_axi_top/i_axi2reg/i_axi_to_axi_lite/i_axi_burst_splitter/i_demux_supported_vs_unsupported/gen_demux.gen_aw_id_counter.i_aw_id_counter/gen_counters[23].mst_select_q_reg[23][0]/C
  -------------------------------------------------------------------    -------------------
    SLICE_X38Y132        FDCE (Prop_fdce_C_Q)         0.398     1.185 f  i_kecc_aes_k_axi_top/i_axi2reg/i_axi_to_axi_lite/i_axi_burst_splitter/i_demux_supported_vs_unsupported/gen_demux.gen_aw_id_counter.i_aw_id_counter/gen_counters[23].mst_select_q_reg[23][0]/Q
                         net (fo=2, estimated)        0.674     1.859    i_kecc_aes_k_axi_top/i_axi2reg/i_axi_to_axi_lite/i_axi_burst_splitter/i_demux_supported_vs_unsupported/gen_demux.gen_aw_id_counter.i_aw_id_counter/gen_counters[23].mst_select_q_reg[23]_8
    SLICE_X41Y132        LUT6 (Prop_lut6_I0_O)        0.232     2.091 f  i_kecc_aes_k_axi_top/i_axi2reg/i_axi_to_axi_lite/i_axi_burst_splitter/i_demux_supported_vs_unsupported/gen_demux.gen_aw_id_counter.i_aw_id_counter/i___34_i_36/O
                         net (fo=1, routed)           0.000     2.091    i_kecc_aes_k_axi_top/i_axi2reg/i_axi_to_axi_lite/i_axi_burst_splitter/i_demux_supported_vs_unsupported/gen_demux.gen_aw_id_counter.i_aw_id_counter/i___34_i_36_n_0
    SLICE_X41Y132        MUXF7 (Prop_muxf7_I1_O)      0.206     2.297 f  i_kecc_aes_k_axi_top/i_axi2reg/i_axi_to_axi_lite/i_axi_burst_splitter/i_demux_supported_vs_unsupported/gen_demux.gen_aw_id_counter.i_aw_id_counter/i___34_i_15/O
                         net (fo=1, routed)           0.000     2.297    i_kecc_aes_k_axi_top/i_axi2reg/i_axi_to_axi_lite/i_axi_burst_splitter/i_demux_supported_vs_unsupported/gen_demux.gen_aw_id_counter.i_aw_id_counter/i___34_i_15_n_0
    SLICE_X41Y132        MUXF8 (Prop_muxf8_I0_O)      0.085     2.382 f  i_kecc_aes_k_axi_top/i_axi2reg/i_axi_to_axi_lite/i_axi_burst_splitter/i_demux_supported_vs_unsupported/gen_demux.gen_aw_id_counter.i_aw_id_counter/i___34_i_5/O
                         net (fo=1, estimated)        0.653     3.035    i_kecc_aes_k_axi_top/i_axi2reg/i_axi_to_axi_lite/i_axi_burst_splitter/i_demux_supported_vs_unsupported/gen_demux.gen_aw_id_counter.i_aw_id_counter/gen_counters[3].i_in_flight_cnt/i___34
    SLICE_X41Y133        LUT6 (Prop_lut6_I1_O)        0.264     3.299 f  i_kecc_aes_k_axi_top/i_axi2reg/i_axi_to_axi_lite/i_axi_burst_splitter/i_demux_supported_vs_unsupported/gen_demux.gen_aw_id_counter.i_aw_id_counter/gen_counters[3].i_in_flight_cnt/i___34_i_1/O
                         net (fo=2, estimated)        0.787     4.086    i_kecc_aes_k_axi_top/i_axi2reg/i_axi_to_axi_lite_n_170
    SLICE_X35Y133        LUT5 (Prop_lut5_I0_O)        0.105     4.191 f  i_kecc_aes_k_axi_top/i_axi2reg/i___83/O
                         net (fo=4, estimated)        0.477     4.668    i_kecc_aes_k_axi_top/i_axi2reg/i_axi_to_axi_lite/i_axi_burst_splitter/i_demux_supported_vs_unsupported/gen_demux.gen_aw_id_counter.i_aw_id_counter/gen_counters[3].i_in_flight_cnt/gen_demux.lock_aw_valid_q_reg_2
    SLICE_X35Y134        LUT5 (Prop_lut5_I2_O)        0.105     4.773 f  i_kecc_aes_k_axi_top/i_axi2reg/i_axi_to_axi_lite/i_axi_burst_splitter/i_demux_supported_vs_unsupported/gen_demux.gen_aw_id_counter.i_aw_id_counter/gen_counters[3].i_in_flight_cnt/i___30_i_4/O
                         net (fo=21, estimated)       0.175     4.948    i_kecc_aes_k_axi_top/i_axi2reg/i_axi_burst_splitter/i_axi_burst_splitter_aw_chan/state_d0
    SLICE_X35Y134        LUT5 (Prop_lut5_I4_O)        0.105     5.053 r  i_kecc_aes_k_axi_top/i_axi2reg/i___2_i_3/O
                         net (fo=2, estimated)        0.242     5.295    i_kecc_aes_k_axi_top/i_axi2reg/i___2_i_3_n_0
    SLICE_X37Y135        LUT3 (Prop_lut3_I0_O)        0.105     5.400 f  i_kecc_aes_k_axi_top/i_axi2reg/i___2_i_1/O
                         net (fo=81, estimated)       0.211     5.611    i_kecc_aes_k_axi_top/i_axi2reg/i___2_i_1_n_0
    SLICE_X37Y135        LUT5 (Prop_lut5_I1_O)        0.105     5.716 r  i_kecc_aes_k_axi_top/i_axi2reg/mem_q[0][data][63]_i_45/O
                         net (fo=1, estimated)        0.505     6.221    i_kecc_aes_k_axi_top/i_axi2reg/mem_q[0][data][63]_i_45_n_0
    SLICE_X43Y139        LUT5 (Prop_lut5_I4_O)        0.105     6.326 r  i_kecc_aes_k_axi_top/i_axi2reg/mem_q[0][data][63]_i_27/O
                         net (fo=15, estimated)       0.888     7.214    i_kecc_aes_k_axi_top/i_axi2reg/i_axi_lite_to_reg/i_fifo_read/reg_req_i[addr][6]
    SLICE_X44Y146        LUT5 (Prop_lut5_I0_O)        0.105     7.319 r  i_kecc_aes_k_axi_top/i_axi2reg/i_axi_lite_to_reg/i_fifo_read/q[63]_i_8/O
                         net (fo=20, estimated)       0.882     8.201    i_kecc_aes_k_axi_top/i_axi2reg/i_axi_lite_to_reg/i_fifo_read/q[63]_i_8_n_0
    SLICE_X44Y153        LUT5 (Prop_lut5_I0_O)        0.105     8.306 r  i_kecc_aes_k_axi_top/i_axi2reg/i_axi_lite_to_reg/i_fifo_read/q[63]_i_2__3/O
                         net (fo=65, estimated)       0.544     8.850    i_kecc_aes_k_axi_top/i_axi2reg/i_axi_lite_to_reg/i_fifo_read/mem_q_reg[1][5]_2
    SLICE_X43Y153        LUT5 (Prop_lut5_I2_O)        0.105     8.955 r  i_kecc_aes_k_axi_top/i_axi2reg/i_axi_lite_to_reg/i_fifo_read/mem_q[0][error]_i_20/O
                         net (fo=1, estimated)        0.414     9.369    i_kecc_aes_k_axi_top/i_axi2reg/i_axi_lite_to_reg/i_fifo_read/mem_q[0][error]_i_20_n_0
    SLICE_X42Y153        LUT6 (Prop_lut6_I0_O)        0.105     9.474 r  i_kecc_aes_k_axi_top/i_axi2reg/i_axi_lite_to_reg/i_fifo_read/mem_q[0][error]_i_7/O
                         net (fo=33, estimated)       0.552    10.026    i_kecc_aes_k_axi_top/i_axi2reg/i_axi_lite_to_reg/i_fifo_read/mem_q[0][error]_i_7_n_0
    SLICE_X33Y153        LUT6 (Prop_lut6_I4_O)        0.105    10.131 r  i_kecc_aes_k_axi_top/i_axi2reg/i_axi_lite_to_reg/i_fifo_read/q[63]_i_3__18/O
                         net (fo=65, estimated)       1.039    11.170    i_kecc_aes_k_axi_top/i_axi2reg/i_axi_lite_to_reg/i_fifo_write_req/keccak_data_3_we
    SLICE_X24Y152        LUT3 (Prop_lut3_I2_O)        0.115    11.285 r  i_kecc_aes_k_axi_top/i_axi2reg/i_axi_lite_to_reg/i_fifo_write_req/wr_en_data_arb/q[38]_i_1__2/O
                         net (fo=1, estimated)        0.807    12.092    i_kecc_aes_k_axi_top/kecc_aes_k_axi_reg_top_i/u_keccak_data_3/q_reg[63]_0[38]
    SLICE_X25Y152        FDCE                                         r  i_kecc_aes_k_axi_top/kecc_aes_k_axi_reg_top_i/u_keccak_data_3/q_reg[38]/D
  -------------------------------------------------------------------    -------------------

                         (clock clk_i rise edge)     10.000    10.000 r  
                                                      0.000    10.000 r  clk_i (IN)
                         net (fo=4786, unset)         0.748    10.748    i_kecc_aes_k_axi_top/kecc_aes_k_axi_reg_top_i/u_keccak_data_3/clk_i
    SLICE_X25Y152        FDCE                                         r  i_kecc_aes_k_axi_top/kecc_aes_k_axi_reg_top_i/u_keccak_data_3/q_reg[38]/C
                         clock pessimism              0.000    10.748    
                         clock uncertainty           -0.035    10.712    
    SLICE_X25Y152        FDCE (Setup_fdce_C_D)       -0.234    10.478    i_kecc_aes_k_axi_top/kecc_aes_k_axi_reg_top_i/u_keccak_data_3/q_reg[38]
  -------------------------------------------------------------------
                         required time                         10.478    
                         arrival time                         -12.092    
  -------------------------------------------------------------------
                         slack                                 -1.614    

Slack (VIOLATED) :        -1.614ns  (required time - arrival time)
  Source:                 i_kecc_aes_k_axi_top/i_axi2reg/i_axi_to_axi_lite/i_axi_burst_splitter/i_demux_supported_vs_unsupported/gen_demux.gen_aw_id_counter.i_aw_id_counter/gen_counters[23].mst_select_q_reg[23][0]/C
                            (rising edge-triggered cell FDCE clocked by clk_i  {rise@0.000ns fall@5.000ns period=10.000ns})
  Destination:            i_kecc_aes_k_axi_top/kecc_aes_k_axi_reg_top_i/u_keccak_data_3/q_reg[38]/D
                            (rising edge-triggered cell FDCE clocked by clk_i  {rise@0.000ns fall@5.000ns period=10.000ns})
  Path Group:             clk_i
  Path Type:              Setup (Max at Slow Process Corner)
  Requirement:            10.000ns  (clk_i rise@10.000ns - clk_i rise@0.000ns)
  Data Path Delay:        11.305ns  (logic 2.455ns (21.716%)  route 8.850ns (78.284%))
  Logic Levels:           16  (LUT3=2 LUT5=8 LUT6=4 MUXF7=1 MUXF8=1)
  Clock Path Skew:        -0.039ns (DCD - SCD + CPR)
    Destination Clock Delay (DCD):    0.748ns = ( 10.748 - 10.000 ) 
    Source Clock Delay      (SCD):    0.787ns
    Clock Pessimism Removal (CPR):    0.000ns
  Clock Uncertainty:      0.035ns  ((TSJ^2 + TIJ^2)^1/2 + DJ) / 2 + PE
    Total System Jitter     (TSJ):    0.071ns
    Total Input Jitter      (TIJ):    0.000ns
    Discrete Jitter          (DJ):    0.000ns
    Phase Error              (PE):    0.000ns

    Location             Delay type                Incr(ns)  Path(ns)    Netlist Resource(s)
  -------------------------------------------------------------------    -------------------
                         (clock clk_i rise edge)      0.000     0.000 r  
                                                      0.000     0.000 r  clk_i (IN)
                         net (fo=4786, unset)         0.787     0.787    i_kecc_aes_k_axi_top/i_axi2reg/i_axi_to_axi_lite/i_axi_burst_splitter/i_demux_supported_vs_unsupported/gen_demux.gen_aw_id_counter.i_aw_id_counter/clk_i
    SLICE_X38Y132        FDCE                                         r  i_kecc_aes_k_axi_top/i_axi2reg/i_axi_to_axi_lite/i_axi_burst_splitter/i_demux_supported_vs_unsupported/gen_demux.gen_aw_id_counter.i_aw_id_counter/gen_counters[23].mst_select_q_reg[23][0]/C
  -------------------------------------------------------------------    -------------------
    SLICE_X38Y132        FDCE (Prop_fdce_C_Q)         0.398     1.185 r  i_kecc_aes_k_axi_top/i_axi2reg/i_axi_to_axi_lite/i_axi_burst_splitter/i_demux_supported_vs_unsupported/gen_demux.gen_aw_id_counter.i_aw_id_counter/gen_counters[23].mst_select_q_reg[23][0]/Q
                         net (fo=2, estimated)        0.674     1.859    i_kecc_aes_k_axi_top/i_axi2reg/i_axi_to_axi_lite/i_axi_burst_splitter/i_demux_supported_vs_unsupported/gen_demux.gen_aw_id_counter.i_aw_id_counter/gen_counters[23].mst_select_q_reg[23]_8
    SLICE_X41Y132        LUT6 (Prop_lut6_I0_O)        0.232     2.091 r  i_kecc_aes_k_axi_top/i_axi2reg/i_axi_to_axi_lite/i_axi_burst_splitter/i_demux_supported_vs_unsupported/gen_demux.gen_aw_id_counter.i_aw_id_counter/i___34_i_36/O
                         net (fo=1, routed)           0.000     2.091    i_kecc_aes_k_axi_top/i_axi2reg/i_axi_to_axi_lite/i_axi_burst_splitter/i_demux_supported_vs_unsupported/gen_demux.gen_aw_id_counter.i_aw_id_counter/i___34_i_36_n_0
    SLICE_X41Y132        MUXF7 (Prop_muxf7_I1_O)      0.206     2.297 r  i_kecc_aes_k_axi_top/i_axi2reg/i_axi_to_axi_lite/i_axi_burst_splitter/i_demux_supported_vs_unsupported/gen_demux.gen_aw_id_counter.i_aw_id_counter/i___34_i_15/O
                         net (fo=1, routed)           0.000     2.297    i_kecc_aes_k_axi_top/i_axi2reg/i_axi_to_axi_lite/i_axi_burst_splitter/i_demux_supported_vs_unsupported/gen_demux.gen_aw_id_counter.i_aw_id_counter/i___34_i_15_n_0
    SLICE_X41Y132        MUXF8 (Prop_muxf8_I0_O)      0.085     2.382 r  i_kecc_aes_k_axi_top/i_axi2reg/i_axi_to_axi_lite/i_axi_burst_splitter/i_demux_supported_vs_unsupported/gen_demux.gen_aw_id_counter.i_aw_id_counter/i___34_i_5/O
                         net (fo=1, estimated)        0.653     3.035    i_kecc_aes_k_axi_top/i_axi2reg/i_axi_to_axi_lite/i_axi_burst_splitter/i_demux_supported_vs_unsupported/gen_demux.gen_aw_id_counter.i_aw_id_counter/gen_counters[3].i_in_flight_cnt/i___34
    SLICE_X41Y133        LUT6 (Prop_lut6_I1_O)        0.264     3.299 r  i_kecc_aes_k_axi_top/i_axi2reg/i_axi_to_axi_lite/i_axi_burst_splitter/i_demux_supported_vs_unsupported/gen_demux.gen_aw_id_counter.i_aw_id_counter/gen_counters[3].i_in_flight_cnt/i___34_i_1/O
                         net (fo=2, estimated)        0.787     4.086    i_kecc_aes_k_axi_top/i_axi2reg/i_axi_to_axi_lite_n_170
    SLICE_X35Y133        LUT5 (Prop_lut5_I0_O)        0.105     4.191 r  i_kecc_aes_k_axi_top/i_axi2reg/i___83/O
                         net (fo=4, estimated)        0.477     4.668    i_kecc_aes_k_axi_top/i_axi2reg/i_axi_to_axi_lite/i_axi_burst_splitter/i_demux_supported_vs_unsupported/gen_demux.gen_aw_id_counter.i_aw_id_counter/gen_counters[3].i_in_flight_cnt/gen_demux.lock_aw_valid_q_reg_2
    SLICE_X35Y134        LUT5 (Prop_lut5_I2_O)        0.105     4.773 r  i_kecc_aes_k_axi_top/i_axi2reg/i_axi_to_axi_lite/i_axi_burst_splitter/i_demux_supported_vs_unsupported/gen_demux.gen_aw_id_counter.i_aw_id_counter/gen_counters[3].i_in_flight_cnt/i___30_i_4/O
                         net (fo=21, estimated)       0.175     4.948    i_kecc_aes_k_axi_top/i_axi2reg/i_axi_burst_splitter/i_axi_burst_splitter_aw_chan/state_d0
    SLICE_X35Y134        LUT5 (Prop_lut5_I4_O)        0.105     5.053 f  i_kecc_aes_k_axi_top/i_axi2reg/i___2_i_3/O
                         net (fo=2, estimated)        0.242     5.295    i_kecc_aes_k_axi_top/i_axi2reg/i___2_i_3_n_0
    SLICE_X37Y135        LUT3 (Prop_lut3_I0_O)        0.105     5.400 r  i_kecc_aes_k_axi_top/i_axi2reg/i___2_i_1/O
                         net (fo=81, estimated)       0.211     5.611    i_kecc_aes_k_axi_top/i_axi2reg/i___2_i_1_n_0
    SLICE_X37Y135        LUT5 (Prop_lut5_I1_O)        0.105     5.716 f  i_kecc_aes_k_axi_top/i_axi2reg/mem_q[0][data][63]_i_45/O
                         net (fo=1, estimated)        0.505     6.221    i_kecc_aes_k_axi_top/i_axi2reg/mem_q[0][data][63]_i_45_n_0
    SLICE_X43Y139        LUT5 (Prop_lut5_I4_O)        0.105     6.326 f  i_kecc_aes_k_axi_top/i_axi2reg/mem_q[0][data][63]_i_27/O
                         net (fo=15, estimated)       0.888     7.214    i_kecc_aes_k_axi_top/i_axi2reg/i_axi_lite_to_reg/i_fifo_read/reg_req_i[addr][6]
    SLICE_X44Y146        LUT5 (Prop_lut5_I0_O)        0.105     7.319 f  i_kecc_aes_k_axi_top/i_axi2reg/i_axi_lite_to_reg/i_fifo_read/q[63]_i_8/O
                         net (fo=20, estimated)       0.882     8.201    i_kecc_aes_k_axi_top/i_axi2reg/i_axi_lite_to_reg/i_fifo_read/q[63]_i_8_n_0
    SLICE_X44Y153        LUT5 (Prop_lut5_I0_O)        0.105     8.306 f  i_kecc_aes_k_axi_top/i_axi2reg/i_axi_lite_to_reg/i_fifo_read/q[63]_i_2__3/O
                         net (fo=65, estimated)       0.544     8.850    i_kecc_aes_k_axi_top/i_axi2reg/i_axi_lite_to_reg/i_fifo_read/mem_q_reg[1][5]_2
    SLICE_X43Y153        LUT5 (Prop_lut5_I2_O)        0.105     8.955 f  i_kecc_aes_k_axi_top/i_axi2reg/i_axi_lite_to_reg/i_fifo_read/mem_q[0][error]_i_20/O
                         net (fo=1, estimated)        0.414     9.369    i_kecc_aes_k_axi_top/i_axi2reg/i_axi_lite_to_reg/i_fifo_read/mem_q[0][error]_i_20_n_0
    SLICE_X42Y153        LUT6 (Prop_lut6_I0_O)        0.105     9.474 f  i_kecc_aes_k_axi_top/i_axi2reg/i_axi_lite_to_reg/i_fifo_read/mem_q[0][error]_i_7/O
                         net (fo=33, estimated)       0.552    10.026    i_kecc_aes_k_axi_top/i_axi2reg/i_axi_lite_to_reg/i_fifo_read/mem_q[0][error]_i_7_n_0
    SLICE_X33Y153        LUT6 (Prop_lut6_I4_O)        0.105    10.131 r  i_kecc_aes_k_axi_top/i_axi2reg/i_axi_lite_to_reg/i_fifo_read/q[63]_i_3__18/O
                         net (fo=65, estimated)       1.039    11.170    i_kecc_aes_k_axi_top/i_axi2reg/i_axi_lite_to_reg/i_fifo_write_req/keccak_data_3_we
    SLICE_X24Y152        LUT3 (Prop_lut3_I2_O)        0.115    11.285 r  i_kecc_aes_k_axi_top/i_axi2reg/i_axi_lite_to_reg/i_fifo_write_req/wr_en_data_arb/q[38]_i_1__2/O
                         net (fo=1, estimated)        0.807    12.092    i_kecc_aes_k_axi_top/kecc_aes_k_axi_reg_top_i/u_keccak_data_3/q_reg[63]_0[38]
    SLICE_X25Y152        FDCE                                         r  i_kecc_aes_k_axi_top/kecc_aes_k_axi_reg_top_i/u_keccak_data_3/q_reg[38]/D
  -------------------------------------------------------------------    -------------------

                         (clock clk_i rise edge)     10.000    10.000 r  
                                                      0.000    10.000 r  clk_i (IN)
                         net (fo=4786, unset)         0.748    10.748    i_kecc_aes_k_axi_top/kecc_aes_k_axi_reg_top_i/u_keccak_data_3/clk_i
    SLICE_X25Y152        FDCE                                         r  i_kecc_aes_k_axi_top/kecc_aes_k_axi_reg_top_i/u_keccak_data_3/q_reg[38]/C
                         clock pessimism              0.000    10.748    
                         clock uncertainty           -0.035    10.712    
    SLICE_X25Y152        FDCE (Setup_fdce_C_D)       -0.234    10.478    i_kecc_aes_k_axi_top/kecc_aes_k_axi_reg_top_i/u_keccak_data_3/q_reg[38]
  -------------------------------------------------------------------
                         required time                         10.478    
                         arrival time                         -12.092    
  -------------------------------------------------------------------
                         slack                                 -1.614    

Slack (VIOLATED) :        -1.614ns  (required time - arrival time)
  Source:                 i_kecc_aes_k_axi_top/i_axi2reg/i_axi_to_axi_lite/i_axi_burst_splitter/i_demux_supported_vs_unsupported/gen_demux.gen_aw_id_counter.i_aw_id_counter/gen_counters[23].mst_select_q_reg[23][0]/C
                            (rising edge-triggered cell FDCE clocked by clk_i  {rise@0.000ns fall@5.000ns period=10.000ns})
  Destination:            i_kecc_aes_k_axi_top/kecc_aes_k_axi_reg_top_i/u_keccak_data_3/q_reg[38]/D
                            (rising edge-triggered cell FDCE clocked by clk_i  {rise@0.000ns fall@5.000ns period=10.000ns})
  Path Group:             clk_i
  Path Type:              Setup (Max at Slow Process Corner)
  Requirement:            10.000ns  (clk_i rise@10.000ns - clk_i rise@0.000ns)
  Data Path Delay:        11.305ns  (logic 2.455ns (21.716%)  route 8.850ns (78.284%))
  Logic Levels:           16  (LUT3=2 LUT5=8 LUT6=4 MUXF7=1 MUXF8=1)
  Clock Path Skew:        -0.039ns (DCD - SCD + CPR)
    Destination Clock Delay (DCD):    0.748ns = ( 10.748 - 10.000 ) 
    Source Clock Delay      (SCD):    0.787ns
    Clock Pessimism Removal (CPR):    0.000ns
  Clock Uncertainty:      0.035ns  ((TSJ^2 + TIJ^2)^1/2 + DJ) / 2 + PE
    Total System Jitter     (TSJ):    0.071ns
    Total Input Jitter      (TIJ):    0.000ns
    Discrete Jitter          (DJ):    0.000ns
    Phase Error              (PE):    0.000ns

    Location             Delay type                Incr(ns)  Path(ns)    Netlist Resource(s)
  -------------------------------------------------------------------    -------------------
                         (clock clk_i rise edge)      0.000     0.000 r  
                                                      0.000     0.000 r  clk_i (IN)
                         net (fo=4786, unset)         0.787     0.787    i_kecc_aes_k_axi_top/i_axi2reg/i_axi_to_axi_lite/i_axi_burst_splitter/i_demux_supported_vs_unsupported/gen_demux.gen_aw_id_counter.i_aw_id_counter/clk_i
    SLICE_X38Y132        FDCE                                         r  i_kecc_aes_k_axi_top/i_axi2reg/i_axi_to_axi_lite/i_axi_burst_splitter/i_demux_supported_vs_unsupported/gen_demux.gen_aw_id_counter.i_aw_id_counter/gen_counters[23].mst_select_q_reg[23][0]/C
  -------------------------------------------------------------------    -------------------
    SLICE_X38Y132        FDCE (Prop_fdce_C_Q)         0.398     1.185 f  i_kecc_aes_k_axi_top/i_axi2reg/i_axi_to_axi_lite/i_axi_burst_splitter/i_demux_supported_vs_unsupported/gen_demux.gen_aw_id_counter.i_aw_id_counter/gen_counters[23].mst_select_q_reg[23][0]/Q
                         net (fo=2, estimated)        0.674     1.859    i_kecc_aes_k_axi_top/i_axi2reg/i_axi_to_axi_lite/i_axi_burst_splitter/i_demux_supported_vs_unsupported/gen_demux.gen_aw_id_counter.i_aw_id_counter/gen_counters[23].mst_select_q_reg[23]_8
    SLICE_X41Y132        LUT6 (Prop_lut6_I0_O)        0.232     2.091 f  i_kecc_aes_k_axi_top/i_axi2reg/i_axi_to_axi_lite/i_axi_burst_splitter/i_demux_supported_vs_unsupported/gen_demux.gen_aw_id_counter.i_aw_id_counter/i___34_i_36/O
                         net (fo=1, routed)           0.000     2.091    i_kecc_aes_k_axi_top/i_axi2reg/i_axi_to_axi_lite/i_axi_burst_splitter/i_demux_supported_vs_unsupported/gen_demux.gen_aw_id_counter.i_aw_id_counter/i___34_i_36_n_0
    SLICE_X41Y132        MUXF7 (Prop_muxf7_I1_O)      0.206     2.297 f  i_kecc_aes_k_axi_top/i_axi2reg/i_axi_to_axi_lite/i_axi_burst_splitter/i_demux_supported_vs_unsupported/gen_demux.gen_aw_id_counter.i_aw_id_counter/i___34_i_15/O
                         net (fo=1, routed)           0.000     2.297    i_kecc_aes_k_axi_top/i_axi2reg/i_axi_to_axi_lite/i_axi_burst_splitter/i_demux_supported_vs_unsupported/gen_demux.gen_aw_id_counter.i_aw_id_counter/i___34_i_15_n_0
    SLICE_X41Y132        MUXF8 (Prop_muxf8_I0_O)      0.085     2.382 f  i_kecc_aes_k_axi_top/i_axi2reg/i_axi_to_axi_lite/i_axi_burst_splitter/i_demux_supported_vs_unsupported/gen_demux.gen_aw_id_counter.i_aw_id_counter/i___34_i_5/O
                         net (fo=1, estimated)        0.653     3.035    i_kecc_aes_k_axi_top/i_axi2reg/i_axi_to_axi_lite/i_axi_burst_splitter/i_demux_supported_vs_unsupported/gen_demux.gen_aw_id_counter.i_aw_id_counter/gen_counters[3].i_in_flight_cnt/i___34
    SLICE_X41Y133        LUT6 (Prop_lut6_I1_O)        0.264     3.299 r  i_kecc_aes_k_axi_top/i_axi2reg/i_axi_to_axi_lite/i_axi_burst_splitter/i_demux_supported_vs_unsupported/gen_demux.gen_aw_id_counter.i_aw_id_counter/gen_counters[3].i_in_flight_cnt/i___34_i_1/O
                         net (fo=2, estimated)        0.787     4.086    i_kecc_aes_k_axi_top/i_axi2reg/i_axi_to_axi_lite_n_170
    SLICE_X35Y133        LUT5 (Prop_lut5_I0_O)        0.105     4.191 r  i_kecc_aes_k_axi_top/i_axi2reg/i___83/O
                         net (fo=4, estimated)        0.477     4.668    i_kecc_aes_k_axi_top/i_axi2reg/i_axi_to_axi_lite/i_axi_burst_splitter/i_demux_supported_vs_unsupported/gen_demux.gen_aw_id_counter.i_aw_id_counter/gen_counters[3].i_in_flight_cnt/gen_demux.lock_aw_valid_q_reg_2
    SLICE_X35Y134        LUT5 (Prop_lut5_I2_O)        0.105     4.773 r  i_kecc_aes_k_axi_top/i_axi2reg/i_axi_to_axi_lite/i_axi_burst_splitter/i_demux_supported_vs_unsupported/gen_demux.gen_aw_id_counter.i_aw_id_counter/gen_counters[3].i_in_flight_cnt/i___30_i_4/O
                         net (fo=21, estimated)       0.175     4.948    i_kecc_aes_k_axi_top/i_axi2reg/i_axi_burst_splitter/i_axi_burst_splitter_aw_chan/state_d0
    SLICE_X35Y134        LUT5 (Prop_lut5_I4_O)        0.105     5.053 f  i_kecc_aes_k_axi_top/i_axi2reg/i___2_i_3/O
                         net (fo=2, estimated)        0.242     5.295    i_kecc_aes_k_axi_top/i_axi2reg/i___2_i_3_n_0
    SLICE_X37Y135        LUT3 (Prop_lut3_I0_O)        0.105     5.400 r  i_kecc_aes_k_axi_top/i_axi2reg/i___2_i_1/O
                         net (fo=81, estimated)       0.211     5.611    i_kecc_aes_k_axi_top/i_axi2reg/i___2_i_1_n_0
    SLICE_X37Y135        LUT5 (Prop_lut5_I1_O)        0.105     5.716 f  i_kecc_aes_k_axi_top/i_axi2reg/mem_q[0][data][63]_i_45/O
                         net (fo=1, estimated)        0.505     6.221    i_kecc_aes_k_axi_top/i_axi2reg/mem_q[0][data][63]_i_45_n_0
    SLICE_X43Y139        LUT5 (Prop_lut5_I4_O)        0.105     6.326 f  i_kecc_aes_k_axi_top/i_axi2reg/mem_q[0][data][63]_i_27/O
                         net (fo=15, estimated)       0.888     7.214    i_kecc_aes_k_axi_top/i_axi2reg/i_axi_lite_to_reg/i_fifo_read/reg_req_i[addr][6]
    SLICE_X44Y146        LUT5 (Prop_lut5_I0_O)        0.105     7.319 f  i_kecc_aes_k_axi_top/i_axi2reg/i_axi_lite_to_reg/i_fifo_read/q[63]_i_8/O
                         net (fo=20, estimated)       0.882     8.201    i_kecc_aes_k_axi_top/i_axi2reg/i_axi_lite_to_reg/i_fifo_read/q[63]_i_8_n_0
    SLICE_X44Y153        LUT5 (Prop_lut5_I0_O)        0.105     8.306 f  i_kecc_aes_k_axi_top/i_axi2reg/i_axi_lite_to_reg/i_fifo_read/q[63]_i_2__3/O
                         net (fo=65, estimated)       0.544     8.850    i_kecc_aes_k_axi_top/i_axi2reg/i_axi_lite_to_reg/i_fifo_read/mem_q_reg[1][5]_2
    SLICE_X43Y153        LUT5 (Prop_lut5_I2_O)        0.105     8.955 f  i_kecc_aes_k_axi_top/i_axi2reg/i_axi_lite_to_reg/i_fifo_read/mem_q[0][error]_i_20/O
                         net (fo=1, estimated)        0.414     9.369    i_kecc_aes_k_axi_top/i_axi2reg/i_axi_lite_to_reg/i_fifo_read/mem_q[0][error]_i_20_n_0
    SLICE_X42Y153        LUT6 (Prop_lut6_I0_O)        0.105     9.474 f  i_kecc_aes_k_axi_top/i_axi2reg/i_axi_lite_to_reg/i_fifo_read/mem_q[0][error]_i_7/O
                         net (fo=33, estimated)       0.552    10.026    i_kecc_aes_k_axi_top/i_axi2reg/i_axi_lite_to_reg/i_fifo_read/mem_q[0][error]_i_7_n_0
    SLICE_X33Y153        LUT6 (Prop_lut6_I4_O)        0.105    10.131 r  i_kecc_aes_k_axi_top/i_axi2reg/i_axi_lite_to_reg/i_fifo_read/q[63]_i_3__18/O
                         net (fo=65, estimated)       1.039    11.170    i_kecc_aes_k_axi_top/i_axi2reg/i_axi_lite_to_reg/i_fifo_write_req/keccak_data_3_we
    SLICE_X24Y152        LUT3 (Prop_lut3_I2_O)        0.115    11.285 r  i_kecc_aes_k_axi_top/i_axi2reg/i_axi_lite_to_reg/i_fifo_write_req/wr_en_data_arb/q[38]_i_1__2/O
                         net (fo=1, estimated)        0.807    12.092    i_kecc_aes_k_axi_top/kecc_aes_k_axi_reg_top_i/u_keccak_data_3/q_reg[63]_0[38]
    SLICE_X25Y152        FDCE                                         r  i_kecc_aes_k_axi_top/kecc_aes_k_axi_reg_top_i/u_keccak_data_3/q_reg[38]/D
  -------------------------------------------------------------------    -------------------

                         (clock clk_i rise edge)     10.000    10.000 r  
                                                      0.000    10.000 r  clk_i (IN)
                         net (fo=4786, unset)         0.748    10.748    i_kecc_aes_k_axi_top/kecc_aes_k_axi_reg_top_i/u_keccak_data_3/clk_i
    SLICE_X25Y152        FDCE                                         r  i_kecc_aes_k_axi_top/kecc_aes_k_axi_reg_top_i/u_keccak_data_3/q_reg[38]/C
                         clock pessimism              0.000    10.748    
                         clock uncertainty           -0.035    10.712    
    SLICE_X25Y152        FDCE (Setup_fdce_C_D)       -0.234    10.478    i_kecc_aes_k_axi_top/kecc_aes_k_axi_reg_top_i/u_keccak_data_3/q_reg[38]
  -------------------------------------------------------------------
                         required time                         10.478    
                         arrival time                         -12.092    
  -------------------------------------------------------------------
                         slack                                 -1.614    

Slack (VIOLATED) :        -1.614ns  (required time - arrival time)
  Source:                 i_kecc_aes_k_axi_top/i_axi2reg/i_axi_to_axi_lite/i_axi_burst_splitter/i_demux_supported_vs_unsupported/gen_demux.gen_aw_id_counter.i_aw_id_counter/gen_counters[23].mst_select_q_reg[23][0]/C
                            (rising edge-triggered cell FDCE clocked by clk_i  {rise@0.000ns fall@5.000ns period=10.000ns})
  Destination:            i_kecc_aes_k_axi_top/kecc_aes_k_axi_reg_top_i/u_keccak_data_3/q_reg[38]/D
                            (rising edge-triggered cell FDCE clocked by clk_i  {rise@0.000ns fall@5.000ns period=10.000ns})
  Path Group:             clk_i
  Path Type:              Setup (Max at Slow Process Corner)
  Requirement:            10.000ns  (clk_i rise@10.000ns - clk_i rise@0.000ns)
  Data Path Delay:        11.305ns  (logic 2.455ns (21.716%)  route 8.850ns (78.284%))
  Logic Levels:           16  (LUT3=2 LUT5=8 LUT6=4 MUXF7=1 MUXF8=1)
  Clock Path Skew:        -0.039ns (DCD - SCD + CPR)
    Destination Clock Delay (DCD):    0.748ns = ( 10.748 - 10.000 ) 
    Source Clock Delay      (SCD):    0.787ns
    Clock Pessimism Removal (CPR):    0.000ns
  Clock Uncertainty:      0.035ns  ((TSJ^2 + TIJ^2)^1/2 + DJ) / 2 + PE
    Total System Jitter     (TSJ):    0.071ns
    Total Input Jitter      (TIJ):    0.000ns
    Discrete Jitter          (DJ):    0.000ns
    Phase Error              (PE):    0.000ns

    Location             Delay type                Incr(ns)  Path(ns)    Netlist Resource(s)
  -------------------------------------------------------------------    -------------------
                         (clock clk_i rise edge)      0.000     0.000 r  
                                                      0.000     0.000 r  clk_i (IN)
                         net (fo=4786, unset)         0.787     0.787    i_kecc_aes_k_axi_top/i_axi2reg/i_axi_to_axi_lite/i_axi_burst_splitter/i_demux_supported_vs_unsupported/gen_demux.gen_aw_id_counter.i_aw_id_counter/clk_i
    SLICE_X38Y132        FDCE                                         r  i_kecc_aes_k_axi_top/i_axi2reg/i_axi_to_axi_lite/i_axi_burst_splitter/i_demux_supported_vs_unsupported/gen_demux.gen_aw_id_counter.i_aw_id_counter/gen_counters[23].mst_select_q_reg[23][0]/C
  -------------------------------------------------------------------    -------------------
    SLICE_X38Y132        FDCE (Prop_fdce_C_Q)         0.398     1.185 r  i_kecc_aes_k_axi_top/i_axi2reg/i_axi_to_axi_lite/i_axi_burst_splitter/i_demux_supported_vs_unsupported/gen_demux.gen_aw_id_counter.i_aw_id_counter/gen_counters[23].mst_select_q_reg[23][0]/Q
                         net (fo=2, estimated)        0.674     1.859    i_kecc_aes_k_axi_top/i_axi2reg/i_axi_to_axi_lite/i_axi_burst_splitter/i_demux_supported_vs_unsupported/gen_demux.gen_aw_id_counter.i_aw_id_counter/gen_counters[23].mst_select_q_reg[23]_8
    SLICE_X41Y132        LUT6 (Prop_lut6_I0_O)        0.232     2.091 r  i_kecc_aes_k_axi_top/i_axi2reg/i_axi_to_axi_lite/i_axi_burst_splitter/i_demux_supported_vs_unsupported/gen_demux.gen_aw_id_counter.i_aw_id_counter/i___34_i_36/O
                         net (fo=1, routed)           0.000     2.091    i_kecc_aes_k_axi_top/i_axi2reg/i_axi_to_axi_lite/i_axi_burst_splitter/i_demux_supported_vs_unsupported/gen_demux.gen_aw_id_counter.i_aw_id_counter/i___34_i_36_n_0
    SLICE_X41Y132        MUXF7 (Prop_muxf7_I1_O)      0.206     2.297 r  i_kecc_aes_k_axi_top/i_axi2reg/i_axi_to_axi_lite/i_axi_burst_splitter/i_demux_supported_vs_unsupported/gen_demux.gen_aw_id_counter.i_aw_id_counter/i___34_i_15/O
                         net (fo=1, routed)           0.000     2.297    i_kecc_aes_k_axi_top/i_axi2reg/i_axi_to_axi_lite/i_axi_burst_splitter/i_demux_supported_vs_unsupported/gen_demux.gen_aw_id_counter.i_aw_id_counter/i___34_i_15_n_0
    SLICE_X41Y132        MUXF8 (Prop_muxf8_I0_O)      0.085     2.382 r  i_kecc_aes_k_axi_top/i_axi2reg/i_axi_to_axi_lite/i_axi_burst_splitter/i_demux_supported_vs_unsupported/gen_demux.gen_aw_id_counter.i_aw_id_counter/i___34_i_5/O
                         net (fo=1, estimated)        0.653     3.035    i_kecc_aes_k_axi_top/i_axi2reg/i_axi_to_axi_lite/i_axi_burst_splitter/i_demux_supported_vs_unsupported/gen_demux.gen_aw_id_counter.i_aw_id_counter/gen_counters[3].i_in_flight_cnt/i___34
    SLICE_X41Y133        LUT6 (Prop_lut6_I1_O)        0.264     3.299 f  i_kecc_aes_k_axi_top/i_axi2reg/i_axi_to_axi_lite/i_axi_burst_splitter/i_demux_supported_vs_unsupported/gen_demux.gen_aw_id_counter.i_aw_id_counter/gen_counters[3].i_in_flight_cnt/i___34_i_1/O
                         net (fo=2, estimated)        0.787     4.086    i_kecc_aes_k_axi_top/i_axi2reg/i_axi_to_axi_lite_n_170
    SLICE_X35Y133        LUT5 (Prop_lut5_I0_O)        0.105     4.191 f  i_kecc_aes_k_axi_top/i_axi2reg/i___83/O
                         net (fo=4, estimated)        0.477     4.668    i_kecc_aes_k_axi_top/i_axi2reg/i_axi_to_axi_lite/i_axi_burst_splitter/i_demux_supported_vs_unsupported/gen_demux.gen_aw_id_counter.i_aw_id_counter/gen_counters[3].i_in_flight_cnt/gen_demux.lock_aw_valid_q_reg_2
    SLICE_X35Y134        LUT5 (Prop_lut5_I2_O)        0.105     4.773 f  i_kecc_aes_k_axi_top/i_axi2reg/i_axi_to_axi_lite/i_axi_burst_splitter/i_demux_supported_vs_unsupported/gen_demux.gen_aw_id_counter.i_aw_id_counter/gen_counters[3].i_in_flight_cnt/i___30_i_4/O
                         net (fo=21, estimated)       0.175     4.948    i_kecc_aes_k_axi_top/i_axi2reg/i_axi_burst_splitter/i_axi_burst_splitter_aw_chan/state_d0
    SLICE_X35Y134        LUT5 (Prop_lut5_I4_O)        0.105     5.053 r  i_kecc_aes_k_axi_top/i_axi2reg/i___2_i_3/O
                         net (fo=2, estimated)        0.242     5.295    i_kecc_aes_k_axi_top/i_axi2reg/i___2_i_3_n_0
    SLICE_X37Y135        LUT3 (Prop_lut3_I0_O)        0.105     5.400 f  i_kecc_aes_k_axi_top/i_axi2reg/i___2_i_1/O
                         net (fo=81, estimated)       0.211     5.611    i_kecc_aes_k_axi_top/i_axi2reg/i___2_i_1_n_0
    SLICE_X37Y135        LUT5 (Prop_lut5_I1_O)        0.105     5.716 f  i_kecc_aes_k_axi_top/i_axi2reg/mem_q[0][data][63]_i_45/O
                         net (fo=1, estimated)        0.505     6.221    i_kecc_aes_k_axi_top/i_axi2reg/mem_q[0][data][63]_i_45_n_0
    SLICE_X43Y139        LUT5 (Prop_lut5_I4_O)        0.105     6.326 f  i_kecc_aes_k_axi_top/i_axi2reg/mem_q[0][data][63]_i_27/O
                         net (fo=15, estimated)       0.888     7.214    i_kecc_aes_k_axi_top/i_axi2reg/i_axi_lite_to_reg/i_fifo_read/reg_req_i[addr][6]
    SLICE_X44Y146        LUT5 (Prop_lut5_I0_O)        0.105     7.319 f  i_kecc_aes_k_axi_top/i_axi2reg/i_axi_lite_to_reg/i_fifo_read/q[63]_i_8/O
                         net (fo=20, estimated)       0.882     8.201    i_kecc_aes_k_axi_top/i_axi2reg/i_axi_lite_to_reg/i_fifo_read/q[63]_i_8_n_0
    SLICE_X44Y153        LUT5 (Prop_lut5_I0_O)        0.105     8.306 f  i_kecc_aes_k_axi_top/i_axi2reg/i_axi_lite_to_reg/i_fifo_read/q[63]_i_2__3/O
                         net (fo=65, estimated)       0.544     8.850    i_kecc_aes_k_axi_top/i_axi2reg/i_axi_lite_to_reg/i_fifo_read/mem_q_reg[1][5]_2
    SLICE_X43Y153        LUT5 (Prop_lut5_I2_O)        0.105     8.955 f  i_kecc_aes_k_axi_top/i_axi2reg/i_axi_lite_to_reg/i_fifo_read/mem_q[0][error]_i_20/O
                         net (fo=1, estimated)        0.414     9.369    i_kecc_aes_k_axi_top/i_axi2reg/i_axi_lite_to_reg/i_fifo_read/mem_q[0][error]_i_20_n_0
    SLICE_X42Y153        LUT6 (Prop_lut6_I0_O)        0.105     9.474 f  i_kecc_aes_k_axi_top/i_axi2reg/i_axi_lite_to_reg/i_fifo_read/mem_q[0][error]_i_7/O
                         net (fo=33, estimated)       0.552    10.026    i_kecc_aes_k_axi_top/i_axi2reg/i_axi_lite_to_reg/i_fifo_read/mem_q[0][error]_i_7_n_0
    SLICE_X33Y153        LUT6 (Prop_lut6_I4_O)        0.105    10.131 r  i_kecc_aes_k_axi_top/i_axi2reg/i_axi_lite_to_reg/i_fifo_read/q[63]_i_3__18/O
                         net (fo=65, estimated)       1.039    11.170    i_kecc_aes_k_axi_top/i_axi2reg/i_axi_lite_to_reg/i_fifo_write_req/keccak_data_3_we
    SLICE_X24Y152        LUT3 (Prop_lut3_I2_O)        0.115    11.285 r  i_kecc_aes_k_axi_top/i_axi2reg/i_axi_lite_to_reg/i_fifo_write_req/wr_en_data_arb/q[38]_i_1__2/O
                         net (fo=1, estimated)        0.807    12.092    i_kecc_aes_k_axi_top/kecc_aes_k_axi_reg_top_i/u_keccak_data_3/q_reg[63]_0[38]
    SLICE_X25Y152        FDCE                                         r  i_kecc_aes_k_axi_top/kecc_aes_k_axi_reg_top_i/u_keccak_data_3/q_reg[38]/D
  -------------------------------------------------------------------    -------------------

                         (clock clk_i rise edge)     10.000    10.000 r  
                                                      0.000    10.000 r  clk_i (IN)
                         net (fo=4786, unset)         0.748    10.748    i_kecc_aes_k_axi_top/kecc_aes_k_axi_reg_top_i/u_keccak_data_3/clk_i
    SLICE_X25Y152        FDCE                                         r  i_kecc_aes_k_axi_top/kecc_aes_k_axi_reg_top_i/u_keccak_data_3/q_reg[38]/C
                         clock pessimism              0.000    10.748    
                         clock uncertainty           -0.035    10.712    
    SLICE_X25Y152        FDCE (Setup_fdce_C_D)       -0.234    10.478    i_kecc_aes_k_axi_top/kecc_aes_k_axi_reg_top_i/u_keccak_data_3/q_reg[38]
  -------------------------------------------------------------------
                         required time                         10.478    
                         arrival time                         -12.092    
  -------------------------------------------------------------------
                         slack                                 -1.614    

Slack (VIOLATED) :        -1.614ns  (required time - arrival time)
  Source:                 i_kecc_aes_k_axi_top/i_axi2reg/i_axi_to_axi_lite/i_axi_burst_splitter/i_demux_supported_vs_unsupported/gen_demux.gen_aw_id_counter.i_aw_id_counter/gen_counters[23].mst_select_q_reg[23][0]/C
                            (rising edge-triggered cell FDCE clocked by clk_i  {rise@0.000ns fall@5.000ns period=10.000ns})
  Destination:            i_kecc_aes_k_axi_top/kecc_aes_k_axi_reg_top_i/u_keccak_data_3/q_reg[38]/D
                            (rising edge-triggered cell FDCE clocked by clk_i  {rise@0.000ns fall@5.000ns period=10.000ns})
  Path Group:             clk_i
  Path Type:              Setup (Max at Slow Process Corner)
  Requirement:            10.000ns  (clk_i rise@10.000ns - clk_i rise@0.000ns)
  Data Path Delay:        11.305ns  (logic 2.455ns (21.716%)  route 8.850ns (78.284%))
  Logic Levels:           16  (LUT3=2 LUT5=8 LUT6=4 MUXF7=1 MUXF8=1)
  Clock Path Skew:        -0.039ns (DCD - SCD + CPR)
    Destination Clock Delay (DCD):    0.748ns = ( 10.748 - 10.000 ) 
    Source Clock Delay      (SCD):    0.787ns
    Clock Pessimism Removal (CPR):    0.000ns
  Clock Uncertainty:      0.035ns  ((TSJ^2 + TIJ^2)^1/2 + DJ) / 2 + PE
    Total System Jitter     (TSJ):    0.071ns
    Total Input Jitter      (TIJ):    0.000ns
    Discrete Jitter          (DJ):    0.000ns
    Phase Error              (PE):    0.000ns

    Location             Delay type                Incr(ns)  Path(ns)    Netlist Resource(s)
  -------------------------------------------------------------------    -------------------
                         (clock clk_i rise edge)      0.000     0.000 r  
                                                      0.000     0.000 r  clk_i (IN)
                         net (fo=4786, unset)         0.787     0.787    i_kecc_aes_k_axi_top/i_axi2reg/i_axi_to_axi_lite/i_axi_burst_splitter/i_demux_supported_vs_unsupported/gen_demux.gen_aw_id_counter.i_aw_id_counter/clk_i
    SLICE_X38Y132        FDCE                                         r  i_kecc_aes_k_axi_top/i_axi2reg/i_axi_to_axi_lite/i_axi_burst_splitter/i_demux_supported_vs_unsupported/gen_demux.gen_aw_id_counter.i_aw_id_counter/gen_counters[23].mst_select_q_reg[23][0]/C
  -------------------------------------------------------------------    -------------------
    SLICE_X38Y132        FDCE (Prop_fdce_C_Q)         0.398     1.185 f  i_kecc_aes_k_axi_top/i_axi2reg/i_axi_to_axi_lite/i_axi_burst_splitter/i_demux_supported_vs_unsupported/gen_demux.gen_aw_id_counter.i_aw_id_counter/gen_counters[23].mst_select_q_reg[23][0]/Q
                         net (fo=2, estimated)        0.674     1.859    i_kecc_aes_k_axi_top/i_axi2reg/i_axi_to_axi_lite/i_axi_burst_splitter/i_demux_supported_vs_unsupported/gen_demux.gen_aw_id_counter.i_aw_id_counter/gen_counters[23].mst_select_q_reg[23]_8
    SLICE_X41Y132        LUT6 (Prop_lut6_I0_O)        0.232     2.091 f  i_kecc_aes_k_axi_top/i_axi2reg/i_axi_to_axi_lite/i_axi_burst_splitter/i_demux_supported_vs_unsupported/gen_demux.gen_aw_id_counter.i_aw_id_counter/i___34_i_36/O
                         net (fo=1, routed)           0.000     2.091    i_kecc_aes_k_axi_top/i_axi2reg/i_axi_to_axi_lite/i_axi_burst_splitter/i_demux_supported_vs_unsupported/gen_demux.gen_aw_id_counter.i_aw_id_counter/i___34_i_36_n_0
    SLICE_X41Y132        MUXF7 (Prop_muxf7_I1_O)      0.206     2.297 f  i_kecc_aes_k_axi_top/i_axi2reg/i_axi_to_axi_lite/i_axi_burst_splitter/i_demux_supported_vs_unsupported/gen_demux.gen_aw_id_counter.i_aw_id_counter/i___34_i_15/O
                         net (fo=1, routed)           0.000     2.297    i_kecc_aes_k_axi_top/i_axi2reg/i_axi_to_axi_lite/i_axi_burst_splitter/i_demux_supported_vs_unsupported/gen_demux.gen_aw_id_counter.i_aw_id_counter/i___34_i_15_n_0
    SLICE_X41Y132        MUXF8 (Prop_muxf8_I0_O)      0.085     2.382 f  i_kecc_aes_k_axi_top/i_axi2reg/i_axi_to_axi_lite/i_axi_burst_splitter/i_demux_supported_vs_unsupported/gen_demux.gen_aw_id_counter.i_aw_id_counter/i___34_i_5/O
                         net (fo=1, estimated)        0.653     3.035    i_kecc_aes_k_axi_top/i_axi2reg/i_axi_to_axi_lite/i_axi_burst_splitter/i_demux_supported_vs_unsupported/gen_demux.gen_aw_id_counter.i_aw_id_counter/gen_counters[3].i_in_flight_cnt/i___34
    SLICE_X41Y133        LUT6 (Prop_lut6_I1_O)        0.264     3.299 f  i_kecc_aes_k_axi_top/i_axi2reg/i_axi_to_axi_lite/i_axi_burst_splitter/i_demux_supported_vs_unsupported/gen_demux.gen_aw_id_counter.i_aw_id_counter/gen_counters[3].i_in_flight_cnt/i___34_i_1/O
                         net (fo=2, estimated)        0.787     4.086    i_kecc_aes_k_axi_top/i_axi2reg/i_axi_to_axi_lite_n_170
    SLICE_X35Y133        LUT5 (Prop_lut5_I0_O)        0.105     4.191 f  i_kecc_aes_k_axi_top/i_axi2reg/i___83/O
                         net (fo=4, estimated)        0.477     4.668    i_kecc_aes_k_axi_top/i_axi2reg/i_axi_to_axi_lite/i_axi_burst_splitter/i_demux_supported_vs_unsupported/gen_demux.gen_aw_id_counter.i_aw_id_counter/gen_counters[3].i_in_flight_cnt/gen_demux.lock_aw_valid_q_reg_2
    SLICE_X35Y134        LUT5 (Prop_lut5_I2_O)        0.105     4.773 f  i_kecc_aes_k_axi_top/i_axi2reg/i_axi_to_axi_lite/i_axi_burst_splitter/i_demux_supported_vs_unsupported/gen_demux.gen_aw_id_counter.i_aw_id_counter/gen_counters[3].i_in_flight_cnt/i___30_i_4/O
                         net (fo=21, estimated)       0.175     4.948    i_kecc_aes_k_axi_top/i_axi2reg/i_axi_burst_splitter/i_axi_burst_splitter_aw_chan/state_d0
    SLICE_X35Y134        LUT5 (Prop_lut5_I4_O)        0.105     5.053 r  i_kecc_aes_k_axi_top/i_axi2reg/i___2_i_3/O
                         net (fo=2, estimated)        0.242     5.295    i_kecc_aes_k_axi_top/i_axi2reg/i___2_i_3_n_0
    SLICE_X37Y135        LUT3 (Prop_lut3_I0_O)        0.105     5.400 f  i_kecc_aes_k_axi_top/i_axi2reg/i___2_i_1/O
                         net (fo=81, estimated)       0.211     5.611    i_kecc_aes_k_axi_top/i_axi2reg/i___2_i_1_n_0
    SLICE_X37Y135        LUT5 (Prop_lut5_I1_O)        0.105     5.716 f  i_kecc_aes_k_axi_top/i_axi2reg/mem_q[0][data][63]_i_45/O
                         net (fo=1, estimated)        0.505     6.221    i_kecc_aes_k_axi_top/i_axi2reg/mem_q[0][data][63]_i_45_n_0
    SLICE_X43Y139        LUT5 (Prop_lut5_I4_O)        0.105     6.326 f  i_kecc_aes_k_axi_top/i_axi2reg/mem_q[0][data][63]_i_27/O
                         net (fo=15, estimated)       0.888     7.214    i_kecc_aes_k_axi_top/i_axi2reg/i_axi_lite_to_reg/i_fifo_read/reg_req_i[addr][6]
    SLICE_X44Y146        LUT5 (Prop_lut5_I0_O)        0.105     7.319 f  i_kecc_aes_k_axi_top/i_axi2reg/i_axi_lite_to_reg/i_fifo_read/q[63]_i_8/O
                         net (fo=20, estimated)       0.882     8.201    i_kecc_aes_k_axi_top/i_axi2reg/i_axi_lite_to_reg/i_fifo_read/q[63]_i_8_n_0
    SLICE_X44Y153        LUT5 (Prop_lut5_I0_O)        0.105     8.306 f  i_kecc_aes_k_axi_top/i_axi2reg/i_axi_lite_to_reg/i_fifo_read/q[63]_i_2__3/O
                         net (fo=65, estimated)       0.544     8.850    i_kecc_aes_k_axi_top/i_axi2reg/i_axi_lite_to_reg/i_fifo_read/mem_q_reg[1][5]_2
    SLICE_X43Y153        LUT5 (Prop_lut5_I2_O)        0.105     8.955 f  i_kecc_aes_k_axi_top/i_axi2reg/i_axi_lite_to_reg/i_fifo_read/mem_q[0][error]_i_20/O
                         net (fo=1, estimated)        0.414     9.369    i_kecc_aes_k_axi_top/i_axi2reg/i_axi_lite_to_reg/i_fifo_read/mem_q[0][error]_i_20_n_0
    SLICE_X42Y153        LUT6 (Prop_lut6_I0_O)        0.105     9.474 f  i_kecc_aes_k_axi_top/i_axi2reg/i_axi_lite_to_reg/i_fifo_read/mem_q[0][error]_i_7/O
                         net (fo=33, estimated)       0.552    10.026    i_kecc_aes_k_axi_top/i_axi2reg/i_axi_lite_to_reg/i_fifo_read/mem_q[0][error]_i_7_n_0
    SLICE_X33Y153        LUT6 (Prop_lut6_I4_O)        0.105    10.131 r  i_kecc_aes_k_axi_top/i_axi2reg/i_axi_lite_to_reg/i_fifo_read/q[63]_i_3__18/O
                         net (fo=65, estimated)       1.039    11.170    i_kecc_aes_k_axi_top/i_axi2reg/i_axi_lite_to_reg/i_fifo_write_req/keccak_data_3_we
    SLICE_X24Y152        LUT3 (Prop_lut3_I2_O)        0.115    11.285 r  i_kecc_aes_k_axi_top/i_axi2reg/i_axi_lite_to_reg/i_fifo_write_req/wr_en_data_arb/q[38]_i_1__2/O
                         net (fo=1, estimated)        0.807    12.092    i_kecc_aes_k_axi_top/kecc_aes_k_axi_reg_top_i/u_keccak_data_3/q_reg[63]_0[38]
    SLICE_X25Y152        FDCE                                         r  i_kecc_aes_k_axi_top/kecc_aes_k_axi_reg_top_i/u_keccak_data_3/q_reg[38]/D
  -------------------------------------------------------------------    -------------------

                         (clock clk_i rise edge)     10.000    10.000 r  
                                                      0.000    10.000 r  clk_i (IN)
                         net (fo=4786, unset)         0.748    10.748    i_kecc_aes_k_axi_top/kecc_aes_k_axi_reg_top_i/u_keccak_data_3/clk_i
    SLICE_X25Y152        FDCE                                         r  i_kecc_aes_k_axi_top/kecc_aes_k_axi_reg_top_i/u_keccak_data_3/q_reg[38]/C
                         clock pessimism              0.000    10.748    
                         clock uncertainty           -0.035    10.712    
    SLICE_X25Y152        FDCE (Setup_fdce_C_D)       -0.234    10.478    i_kecc_aes_k_axi_top/kecc_aes_k_axi_reg_top_i/u_keccak_data_3/q_reg[38]
  -------------------------------------------------------------------
                         required time                         10.478    
                         arrival time                         -12.092    
  -------------------------------------------------------------------
                         slack                                 -1.614    

Slack (VIOLATED) :        -1.614ns  (required time - arrival time)
  Source:                 i_kecc_aes_k_axi_top/i_axi2reg/i_axi_to_axi_lite/i_axi_burst_splitter/i_demux_supported_vs_unsupported/gen_demux.gen_aw_id_counter.i_aw_id_counter/gen_counters[23].mst_select_q_reg[23][0]/C
                            (rising edge-triggered cell FDCE clocked by clk_i  {rise@0.000ns fall@5.000ns period=10.000ns})
  Destination:            i_kecc_aes_k_axi_top/kecc_aes_k_axi_reg_top_i/u_keccak_data_3/q_reg[38]/D
                            (rising edge-triggered cell FDCE clocked by clk_i  {rise@0.000ns fall@5.000ns period=10.000ns})
  Path Group:             clk_i
  Path Type:              Setup (Max at Slow Process Corner)
  Requirement:            10.000ns  (clk_i rise@10.000ns - clk_i rise@0.000ns)
  Data Path Delay:        11.305ns  (logic 2.455ns (21.716%)  route 8.850ns (78.284%))
  Logic Levels:           16  (LUT3=2 LUT5=8 LUT6=4 MUXF7=1 MUXF8=1)
  Clock Path Skew:        -0.039ns (DCD - SCD + CPR)
    Destination Clock Delay (DCD):    0.748ns = ( 10.748 - 10.000 ) 
    Source Clock Delay      (SCD):    0.787ns
    Clock Pessimism Removal (CPR):    0.000ns
  Clock Uncertainty:      0.035ns  ((TSJ^2 + TIJ^2)^1/2 + DJ) / 2 + PE
    Total System Jitter     (TSJ):    0.071ns
    Total Input Jitter      (TIJ):    0.000ns
    Discrete Jitter          (DJ):    0.000ns
    Phase Error              (PE):    0.000ns

    Location             Delay type                Incr(ns)  Path(ns)    Netlist Resource(s)
  -------------------------------------------------------------------    -------------------
                         (clock clk_i rise edge)      0.000     0.000 r  
                                                      0.000     0.000 r  clk_i (IN)
                         net (fo=4786, unset)         0.787     0.787    i_kecc_aes_k_axi_top/i_axi2reg/i_axi_to_axi_lite/i_axi_burst_splitter/i_demux_supported_vs_unsupported/gen_demux.gen_aw_id_counter.i_aw_id_counter/clk_i
    SLICE_X38Y132        FDCE                                         r  i_kecc_aes_k_axi_top/i_axi2reg/i_axi_to_axi_lite/i_axi_burst_splitter/i_demux_supported_vs_unsupported/gen_demux.gen_aw_id_counter.i_aw_id_counter/gen_counters[23].mst_select_q_reg[23][0]/C
  -------------------------------------------------------------------    -------------------
    SLICE_X38Y132        FDCE (Prop_fdce_C_Q)         0.398     1.185 r  i_kecc_aes_k_axi_top/i_axi2reg/i_axi_to_axi_lite/i_axi_burst_splitter/i_demux_supported_vs_unsupported/gen_demux.gen_aw_id_counter.i_aw_id_counter/gen_counters[23].mst_select_q_reg[23][0]/Q
                         net (fo=2, estimated)        0.674     1.859    i_kecc_aes_k_axi_top/i_axi2reg/i_axi_to_axi_lite/i_axi_burst_splitter/i_demux_supported_vs_unsupported/gen_demux.gen_aw_id_counter.i_aw_id_counter/gen_counters[23].mst_select_q_reg[23]_8
    SLICE_X41Y132        LUT6 (Prop_lut6_I0_O)        0.232     2.091 r  i_kecc_aes_k_axi_top/i_axi2reg/i_axi_to_axi_lite/i_axi_burst_splitter/i_demux_supported_vs_unsupported/gen_demux.gen_aw_id_counter.i_aw_id_counter/i___34_i_36/O
                         net (fo=1, routed)           0.000     2.091    i_kecc_aes_k_axi_top/i_axi2reg/i_axi_to_axi_lite/i_axi_burst_splitter/i_demux_supported_vs_unsupported/gen_demux.gen_aw_id_counter.i_aw_id_counter/i___34_i_36_n_0
    SLICE_X41Y132        MUXF7 (Prop_muxf7_I1_O)      0.206     2.297 r  i_kecc_aes_k_axi_top/i_axi2reg/i_axi_to_axi_lite/i_axi_burst_splitter/i_demux_supported_vs_unsupported/gen_demux.gen_aw_id_counter.i_aw_id_counter/i___34_i_15/O
                         net (fo=1, routed)           0.000     2.297    i_kecc_aes_k_axi_top/i_axi2reg/i_axi_to_axi_lite/i_axi_burst_splitter/i_demux_supported_vs_unsupported/gen_demux.gen_aw_id_counter.i_aw_id_counter/i___34_i_15_n_0
    SLICE_X41Y132        MUXF8 (Prop_muxf8_I0_O)      0.085     2.382 r  i_kecc_aes_k_axi_top/i_axi2reg/i_axi_to_axi_lite/i_axi_burst_splitter/i_demux_supported_vs_unsupported/gen_demux.gen_aw_id_counter.i_aw_id_counter/i___34_i_5/O
                         net (fo=1, estimated)        0.653     3.035    i_kecc_aes_k_axi_top/i_axi2reg/i_axi_to_axi_lite/i_axi_burst_splitter/i_demux_supported_vs_unsupported/gen_demux.gen_aw_id_counter.i_aw_id_counter/gen_counters[3].i_in_flight_cnt/i___34
    SLICE_X41Y133        LUT6 (Prop_lut6_I1_O)        0.264     3.299 r  i_kecc_aes_k_axi_top/i_axi2reg/i_axi_to_axi_lite/i_axi_burst_splitter/i_demux_supported_vs_unsupported/gen_demux.gen_aw_id_counter.i_aw_id_counter/gen_counters[3].i_in_flight_cnt/i___34_i_1/O
                         net (fo=2, estimated)        0.787     4.086    i_kecc_aes_k_axi_top/i_axi2reg/i_axi_to_axi_lite_n_170
    SLICE_X35Y133        LUT5 (Prop_lut5_I0_O)        0.105     4.191 r  i_kecc_aes_k_axi_top/i_axi2reg/i___83/O
                         net (fo=4, estimated)        0.477     4.668    i_kecc_aes_k_axi_top/i_axi2reg/i_axi_to_axi_lite/i_axi_burst_splitter/i_demux_supported_vs_unsupported/gen_demux.gen_aw_id_counter.i_aw_id_counter/gen_counters[3].i_in_flight_cnt/gen_demux.lock_aw_valid_q_reg_2
    SLICE_X35Y134        LUT5 (Prop_lut5_I2_O)        0.105     4.773 r  i_kecc_aes_k_axi_top/i_axi2reg/i_axi_to_axi_lite/i_axi_burst_splitter/i_demux_supported_vs_unsupported/gen_demux.gen_aw_id_counter.i_aw_id_counter/gen_counters[3].i_in_flight_cnt/i___30_i_4/O
                         net (fo=21, estimated)       0.175     4.948    i_kecc_aes_k_axi_top/i_axi2reg/i_axi_burst_splitter/i_axi_burst_splitter_aw_chan/state_d0
    SLICE_X35Y134        LUT5 (Prop_lut5_I4_O)        0.105     5.053 f  i_kecc_aes_k_axi_top/i_axi2reg/i___2_i_3/O
                         net (fo=2, estimated)        0.242     5.295    i_kecc_aes_k_axi_top/i_axi2reg/i___2_i_3_n_0
    SLICE_X37Y135        LUT3 (Prop_lut3_I0_O)        0.105     5.400 r  i_kecc_aes_k_axi_top/i_axi2reg/i___2_i_1/O
                         net (fo=81, estimated)       0.211     5.611    i_kecc_aes_k_axi_top/i_axi2reg/i___2_i_1_n_0
    SLICE_X37Y135        LUT5 (Prop_lut5_I1_O)        0.105     5.716 r  i_kecc_aes_k_axi_top/i_axi2reg/mem_q[0][data][63]_i_45/O
                         net (fo=1, estimated)        0.505     6.221    i_kecc_aes_k_axi_top/i_axi2reg/mem_q[0][data][63]_i_45_n_0
    SLICE_X43Y139        LUT5 (Prop_lut5_I4_O)        0.105     6.326 r  i_kecc_aes_k_axi_top/i_axi2reg/mem_q[0][data][63]_i_27/O
                         net (fo=15, estimated)       0.888     7.214    i_kecc_aes_k_axi_top/i_axi2reg/i_axi_lite_to_reg/i_fifo_read/reg_req_i[addr][6]
    SLICE_X44Y146        LUT5 (Prop_lut5_I0_O)        0.105     7.319 r  i_kecc_aes_k_axi_top/i_axi2reg/i_axi_lite_to_reg/i_fifo_read/q[63]_i_8/O
                         net (fo=20, estimated)       0.882     8.201    i_kecc_aes_k_axi_top/i_axi2reg/i_axi_lite_to_reg/i_fifo_read/q[63]_i_8_n_0
    SLICE_X44Y153        LUT5 (Prop_lut5_I0_O)        0.105     8.306 r  i_kecc_aes_k_axi_top/i_axi2reg/i_axi_lite_to_reg/i_fifo_read/q[63]_i_2__3/O
                         net (fo=65, estimated)       0.544     8.850    i_kecc_aes_k_axi_top/i_axi2reg/i_axi_lite_to_reg/i_fifo_read/mem_q_reg[1][5]_2
    SLICE_X43Y153        LUT5 (Prop_lut5_I2_O)        0.105     8.955 r  i_kecc_aes_k_axi_top/i_axi2reg/i_axi_lite_to_reg/i_fifo_read/mem_q[0][error]_i_20/O
                         net (fo=1, estimated)        0.414     9.369    i_kecc_aes_k_axi_top/i_axi2reg/i_axi_lite_to_reg/i_fifo_read/mem_q[0][error]_i_20_n_0
    SLICE_X42Y153        LUT6 (Prop_lut6_I0_O)        0.105     9.474 r  i_kecc_aes_k_axi_top/i_axi2reg/i_axi_lite_to_reg/i_fifo_read/mem_q[0][error]_i_7/O
                         net (fo=33, estimated)       0.552    10.026    i_kecc_aes_k_axi_top/i_axi2reg/i_axi_lite_to_reg/i_fifo_read/mem_q[0][error]_i_7_n_0
    SLICE_X33Y153        LUT6 (Prop_lut6_I4_O)        0.105    10.131 f  i_kecc_aes_k_axi_top/i_axi2reg/i_axi_lite_to_reg/i_fifo_read/q[63]_i_3__18/O
                         net (fo=65, estimated)       1.039    11.170    i_kecc_aes_k_axi_top/i_axi2reg/i_axi_lite_to_reg/i_fifo_write_req/keccak_data_3_we
    SLICE_X24Y152        LUT3 (Prop_lut3_I2_O)        0.115    11.285 r  i_kecc_aes_k_axi_top/i_axi2reg/i_axi_lite_to_reg/i_fifo_write_req/wr_en_data_arb/q[38]_i_1__2/O
                         net (fo=1, estimated)        0.807    12.092    i_kecc_aes_k_axi_top/kecc_aes_k_axi_reg_top_i/u_keccak_data_3/q_reg[63]_0[38]
    SLICE_X25Y152        FDCE                                         r  i_kecc_aes_k_axi_top/kecc_aes_k_axi_reg_top_i/u_keccak_data_3/q_reg[38]/D
  -------------------------------------------------------------------    -------------------

                         (clock clk_i rise edge)     10.000    10.000 r  
                                                      0.000    10.000 r  clk_i (IN)
                         net (fo=4786, unset)         0.748    10.748    i_kecc_aes_k_axi_top/kecc_aes_k_axi_reg_top_i/u_keccak_data_3/clk_i
    SLICE_X25Y152        FDCE                                         r  i_kecc_aes_k_axi_top/kecc_aes_k_axi_reg_top_i/u_keccak_data_3/q_reg[38]/C
                         clock pessimism              0.000    10.748    
                         clock uncertainty           -0.035    10.712    
    SLICE_X25Y152        FDCE (Setup_fdce_C_D)       -0.234    10.478    i_kecc_aes_k_axi_top/kecc_aes_k_axi_reg_top_i/u_keccak_data_3/q_reg[38]
  -------------------------------------------------------------------
                         required time                         10.478    
                         arrival time                         -12.092    
  -------------------------------------------------------------------
                         slack                                 -1.614    

Slack (VIOLATED) :        -1.614ns  (required time - arrival time)
  Source:                 i_kecc_aes_k_axi_top/i_axi2reg/i_axi_to_axi_lite/i_axi_burst_splitter/i_demux_supported_vs_unsupported/gen_demux.gen_aw_id_counter.i_aw_id_counter/gen_counters[23].mst_select_q_reg[23][0]/C
                            (rising edge-triggered cell FDCE clocked by clk_i  {rise@0.000ns fall@5.000ns period=10.000ns})
  Destination:            i_kecc_aes_k_axi_top/kecc_aes_k_axi_reg_top_i/u_keccak_data_3/q_reg[38]/D
                            (rising edge-triggered cell FDCE clocked by clk_i  {rise@0.000ns fall@5.000ns period=10.000ns})
  Path Group:             clk_i
  Path Type:              Setup (Max at Slow Process Corner)
  Requirement:            10.000ns  (clk_i rise@10.000ns - clk_i rise@0.000ns)
  Data Path Delay:        11.305ns  (logic 2.455ns (21.716%)  route 8.850ns (78.284%))
  Logic Levels:           16  (LUT3=2 LUT5=8 LUT6=4 MUXF7=1 MUXF8=1)
  Clock Path Skew:        -0.039ns (DCD - SCD + CPR)
    Destination Clock Delay (DCD):    0.748ns = ( 10.748 - 10.000 ) 
    Source Clock Delay      (SCD):    0.787ns
    Clock Pessimism Removal (CPR):    0.000ns
  Clock Uncertainty:      0.035ns  ((TSJ^2 + TIJ^2)^1/2 + DJ) / 2 + PE
    Total System Jitter     (TSJ):    0.071ns
    Total Input Jitter      (TIJ):    0.000ns
    Discrete Jitter          (DJ):    0.000ns
    Phase Error              (PE):    0.000ns

    Location             Delay type                Incr(ns)  Path(ns)    Netlist Resource(s)
  -------------------------------------------------------------------    -------------------
                         (clock clk_i rise edge)      0.000     0.000 r  
                                                      0.000     0.000 r  clk_i (IN)
                         net (fo=4786, unset)         0.787     0.787    i_kecc_aes_k_axi_top/i_axi2reg/i_axi_to_axi_lite/i_axi_burst_splitter/i_demux_supported_vs_unsupported/gen_demux.gen_aw_id_counter.i_aw_id_counter/clk_i
    SLICE_X38Y132        FDCE                                         r  i_kecc_aes_k_axi_top/i_axi2reg/i_axi_to_axi_lite/i_axi_burst_splitter/i_demux_supported_vs_unsupported/gen_demux.gen_aw_id_counter.i_aw_id_counter/gen_counters[23].mst_select_q_reg[23][0]/C
  -------------------------------------------------------------------    -------------------
    SLICE_X38Y132        FDCE (Prop_fdce_C_Q)         0.398     1.185 f  i_kecc_aes_k_axi_top/i_axi2reg/i_axi_to_axi_lite/i_axi_burst_splitter/i_demux_supported_vs_unsupported/gen_demux.gen_aw_id_counter.i_aw_id_counter/gen_counters[23].mst_select_q_reg[23][0]/Q
                         net (fo=2, estimated)        0.674     1.859    i_kecc_aes_k_axi_top/i_axi2reg/i_axi_to_axi_lite/i_axi_burst_splitter/i_demux_supported_vs_unsupported/gen_demux.gen_aw_id_counter.i_aw_id_counter/gen_counters[23].mst_select_q_reg[23]_8
    SLICE_X41Y132        LUT6 (Prop_lut6_I0_O)        0.232     2.091 f  i_kecc_aes_k_axi_top/i_axi2reg/i_axi_to_axi_lite/i_axi_burst_splitter/i_demux_supported_vs_unsupported/gen_demux.gen_aw_id_counter.i_aw_id_counter/i___34_i_36/O
                         net (fo=1, routed)           0.000     2.091    i_kecc_aes_k_axi_top/i_axi2reg/i_axi_to_axi_lite/i_axi_burst_splitter/i_demux_supported_vs_unsupported/gen_demux.gen_aw_id_counter.i_aw_id_counter/i___34_i_36_n_0
    SLICE_X41Y132        MUXF7 (Prop_muxf7_I1_O)      0.206     2.297 f  i_kecc_aes_k_axi_top/i_axi2reg/i_axi_to_axi_lite/i_axi_burst_splitter/i_demux_supported_vs_unsupported/gen_demux.gen_aw_id_counter.i_aw_id_counter/i___34_i_15/O
                         net (fo=1, routed)           0.000     2.297    i_kecc_aes_k_axi_top/i_axi2reg/i_axi_to_axi_lite/i_axi_burst_splitter/i_demux_supported_vs_unsupported/gen_demux.gen_aw_id_counter.i_aw_id_counter/i___34_i_15_n_0
    SLICE_X41Y132        MUXF8 (Prop_muxf8_I0_O)      0.085     2.382 f  i_kecc_aes_k_axi_top/i_axi2reg/i_axi_to_axi_lite/i_axi_burst_splitter/i_demux_supported_vs_unsupported/gen_demux.gen_aw_id_counter.i_aw_id_counter/i___34_i_5/O
                         net (fo=1, estimated)        0.653     3.035    i_kecc_aes_k_axi_top/i_axi2reg/i_axi_to_axi_lite/i_axi_burst_splitter/i_demux_supported_vs_unsupported/gen_demux.gen_aw_id_counter.i_aw_id_counter/gen_counters[3].i_in_flight_cnt/i___34
    SLICE_X41Y133        LUT6 (Prop_lut6_I1_O)        0.264     3.299 r  i_kecc_aes_k_axi_top/i_axi2reg/i_axi_to_axi_lite/i_axi_burst_splitter/i_demux_supported_vs_unsupported/gen_demux.gen_aw_id_counter.i_aw_id_counter/gen_counters[3].i_in_flight_cnt/i___34_i_1/O
                         net (fo=2, estimated)        0.787     4.086    i_kecc_aes_k_axi_top/i_axi2reg/i_axi_to_axi_lite_n_170
    SLICE_X35Y133        LUT5 (Prop_lut5_I0_O)        0.105     4.191 r  i_kecc_aes_k_axi_top/i_axi2reg/i___83/O
                         net (fo=4, estimated)        0.477     4.668    i_kecc_aes_k_axi_top/i_axi2reg/i_axi_to_axi_lite/i_axi_burst_splitter/i_demux_supported_vs_unsupported/gen_demux.gen_aw_id_counter.i_aw_id_counter/gen_counters[3].i_in_flight_cnt/gen_demux.lock_aw_valid_q_reg_2
    SLICE_X35Y134        LUT5 (Prop_lut5_I2_O)        0.105     4.773 r  i_kecc_aes_k_axi_top/i_axi2reg/i_axi_to_axi_lite/i_axi_burst_splitter/i_demux_supported_vs_unsupported/gen_demux.gen_aw_id_counter.i_aw_id_counter/gen_counters[3].i_in_flight_cnt/i___30_i_4/O
                         net (fo=21, estimated)       0.175     4.948    i_kecc_aes_k_axi_top/i_axi2reg/i_axi_burst_splitter/i_axi_burst_splitter_aw_chan/state_d0
    SLICE_X35Y134        LUT5 (Prop_lut5_I4_O)        0.105     5.053 f  i_kecc_aes_k_axi_top/i_axi2reg/i___2_i_3/O
                         net (fo=2, estimated)        0.242     5.295    i_kecc_aes_k_axi_top/i_axi2reg/i___2_i_3_n_0
    SLICE_X37Y135        LUT3 (Prop_lut3_I0_O)        0.105     5.400 r  i_kecc_aes_k_axi_top/i_axi2reg/i___2_i_1/O
                         net (fo=81, estimated)       0.211     5.611    i_kecc_aes_k_axi_top/i_axi2reg/i___2_i_1_n_0
    SLICE_X37Y135        LUT5 (Prop_lut5_I1_O)        0.105     5.716 r  i_kecc_aes_k_axi_top/i_axi2reg/mem_q[0][data][63]_i_45/O
                         net (fo=1, estimated)        0.505     6.221    i_kecc_aes_k_axi_top/i_axi2reg/mem_q[0][data][63]_i_45_n_0
    SLICE_X43Y139        LUT5 (Prop_lut5_I4_O)        0.105     6.326 r  i_kecc_aes_k_axi_top/i_axi2reg/mem_q[0][data][63]_i_27/O
                         net (fo=15, estimated)       0.888     7.214    i_kecc_aes_k_axi_top/i_axi2reg/i_axi_lite_to_reg/i_fifo_read/reg_req_i[addr][6]
    SLICE_X44Y146        LUT5 (Prop_lut5_I0_O)        0.105     7.319 r  i_kecc_aes_k_axi_top/i_axi2reg/i_axi_lite_to_reg/i_fifo_read/q[63]_i_8/O
                         net (fo=20, estimated)       0.882     8.201    i_kecc_aes_k_axi_top/i_axi2reg/i_axi_lite_to_reg/i_fifo_read/q[63]_i_8_n_0
    SLICE_X44Y153        LUT5 (Prop_lut5_I0_O)        0.105     8.306 r  i_kecc_aes_k_axi_top/i_axi2reg/i_axi_lite_to_reg/i_fifo_read/q[63]_i_2__3/O
                         net (fo=65, estimated)       0.544     8.850    i_kecc_aes_k_axi_top/i_axi2reg/i_axi_lite_to_reg/i_fifo_read/mem_q_reg[1][5]_2
    SLICE_X43Y153        LUT5 (Prop_lut5_I2_O)        0.105     8.955 r  i_kecc_aes_k_axi_top/i_axi2reg/i_axi_lite_to_reg/i_fifo_read/mem_q[0][error]_i_20/O
                         net (fo=1, estimated)        0.414     9.369    i_kecc_aes_k_axi_top/i_axi2reg/i_axi_lite_to_reg/i_fifo_read/mem_q[0][error]_i_20_n_0
    SLICE_X42Y153        LUT6 (Prop_lut6_I0_O)        0.105     9.474 r  i_kecc_aes_k_axi_top/i_axi2reg/i_axi_lite_to_reg/i_fifo_read/mem_q[0][error]_i_7/O
                         net (fo=33, estimated)       0.552    10.026    i_kecc_aes_k_axi_top/i_axi2reg/i_axi_lite_to_reg/i_fifo_read/mem_q[0][error]_i_7_n_0
    SLICE_X33Y153        LUT6 (Prop_lut6_I4_O)        0.105    10.131 f  i_kecc_aes_k_axi_top/i_axi2reg/i_axi_lite_to_reg/i_fifo_read/q[63]_i_3__18/O
                         net (fo=65, estimated)       1.039    11.170    i_kecc_aes_k_axi_top/i_axi2reg/i_axi_lite_to_reg/i_fifo_write_req/keccak_data_3_we
    SLICE_X24Y152        LUT3 (Prop_lut3_I2_O)        0.115    11.285 r  i_kecc_aes_k_axi_top/i_axi2reg/i_axi_lite_to_reg/i_fifo_write_req/wr_en_data_arb/q[38]_i_1__2/O
                         net (fo=1, estimated)        0.807    12.092    i_kecc_aes_k_axi_top/kecc_aes_k_axi_reg_top_i/u_keccak_data_3/q_reg[63]_0[38]
    SLICE_X25Y152        FDCE                                         r  i_kecc_aes_k_axi_top/kecc_aes_k_axi_reg_top_i/u_keccak_data_3/q_reg[38]/D
  -------------------------------------------------------------------    -------------------

                         (clock clk_i rise edge)     10.000    10.000 r  
                                                      0.000    10.000 r  clk_i (IN)
                         net (fo=4786, unset)         0.748    10.748    i_kecc_aes_k_axi_top/kecc_aes_k_axi_reg_top_i/u_keccak_data_3/clk_i
    SLICE_X25Y152        FDCE                                         r  i_kecc_aes_k_axi_top/kecc_aes_k_axi_reg_top_i/u_keccak_data_3/q_reg[38]/C
                         clock pessimism              0.000    10.748    
                         clock uncertainty           -0.035    10.712    
    SLICE_X25Y152        FDCE (Setup_fdce_C_D)       -0.234    10.478    i_kecc_aes_k_axi_top/kecc_aes_k_axi_reg_top_i/u_keccak_data_3/q_reg[38]
  -------------------------------------------------------------------
                         required time                         10.478    
                         arrival time                         -12.092    
  -------------------------------------------------------------------
                         slack                                 -1.614    

Slack (VIOLATED) :        -1.614ns  (required time - arrival time)
  Source:                 i_kecc_aes_k_axi_top/i_axi2reg/i_axi_to_axi_lite/i_axi_burst_splitter/i_demux_supported_vs_unsupported/gen_demux.gen_aw_id_counter.i_aw_id_counter/gen_counters[23].mst_select_q_reg[23][0]/C
                            (rising edge-triggered cell FDCE clocked by clk_i  {rise@0.000ns fall@5.000ns period=10.000ns})
  Destination:            i_kecc_aes_k_axi_top/kecc_aes_k_axi_reg_top_i/u_keccak_data_3/q_reg[38]/D
                            (rising edge-triggered cell FDCE clocked by clk_i  {rise@0.000ns fall@5.000ns period=10.000ns})
  Path Group:             clk_i
  Path Type:              Setup (Max at Slow Process Corner)
  Requirement:            10.000ns  (clk_i rise@10.000ns - clk_i rise@0.000ns)
  Data Path Delay:        11.305ns  (logic 2.455ns (21.716%)  route 8.850ns (78.284%))
  Logic Levels:           16  (LUT3=2 LUT5=8 LUT6=4 MUXF7=1 MUXF8=1)
  Clock Path Skew:        -0.039ns (DCD - SCD + CPR)
    Destination Clock Delay (DCD):    0.748ns = ( 10.748 - 10.000 ) 
    Source Clock Delay      (SCD):    0.787ns
    Clock Pessimism Removal (CPR):    0.000ns
  Clock Uncertainty:      0.035ns  ((TSJ^2 + TIJ^2)^1/2 + DJ) / 2 + PE
    Total System Jitter     (TSJ):    0.071ns
    Total Input Jitter      (TIJ):    0.000ns
    Discrete Jitter          (DJ):    0.000ns
    Phase Error              (PE):    0.000ns

    Location             Delay type                Incr(ns)  Path(ns)    Netlist Resource(s)
  -------------------------------------------------------------------    -------------------
                         (clock clk_i rise edge)      0.000     0.000 r  
                                                      0.000     0.000 r  clk_i (IN)
                         net (fo=4786, unset)         0.787     0.787    i_kecc_aes_k_axi_top/i_axi2reg/i_axi_to_axi_lite/i_axi_burst_splitter/i_demux_supported_vs_unsupported/gen_demux.gen_aw_id_counter.i_aw_id_counter/clk_i
    SLICE_X38Y132        FDCE                                         r  i_kecc_aes_k_axi_top/i_axi2reg/i_axi_to_axi_lite/i_axi_burst_splitter/i_demux_supported_vs_unsupported/gen_demux.gen_aw_id_counter.i_aw_id_counter/gen_counters[23].mst_select_q_reg[23][0]/C
  -------------------------------------------------------------------    -------------------
    SLICE_X38Y132        FDCE (Prop_fdce_C_Q)         0.398     1.185 r  i_kecc_aes_k_axi_top/i_axi2reg/i_axi_to_axi_lite/i_axi_burst_splitter/i_demux_supported_vs_unsupported/gen_demux.gen_aw_id_counter.i_aw_id_counter/gen_counters[23].mst_select_q_reg[23][0]/Q
                         net (fo=2, estimated)        0.674     1.859    i_kecc_aes_k_axi_top/i_axi2reg/i_axi_to_axi_lite/i_axi_burst_splitter/i_demux_supported_vs_unsupported/gen_demux.gen_aw_id_counter.i_aw_id_counter/gen_counters[23].mst_select_q_reg[23]_8
    SLICE_X41Y132        LUT6 (Prop_lut6_I0_O)        0.232     2.091 r  i_kecc_aes_k_axi_top/i_axi2reg/i_axi_to_axi_lite/i_axi_burst_splitter/i_demux_supported_vs_unsupported/gen_demux.gen_aw_id_counter.i_aw_id_counter/i___34_i_36/O
                         net (fo=1, routed)           0.000     2.091    i_kecc_aes_k_axi_top/i_axi2reg/i_axi_to_axi_lite/i_axi_burst_splitter/i_demux_supported_vs_unsupported/gen_demux.gen_aw_id_counter.i_aw_id_counter/i___34_i_36_n_0
    SLICE_X41Y132        MUXF7 (Prop_muxf7_I1_O)      0.206     2.297 r  i_kecc_aes_k_axi_top/i_axi2reg/i_axi_to_axi_lite/i_axi_burst_splitter/i_demux_supported_vs_unsupported/gen_demux.gen_aw_id_counter.i_aw_id_counter/i___34_i_15/O
                         net (fo=1, routed)           0.000     2.297    i_kecc_aes_k_axi_top/i_axi2reg/i_axi_to_axi_lite/i_axi_burst_splitter/i_demux_supported_vs_unsupported/gen_demux.gen_aw_id_counter.i_aw_id_counter/i___34_i_15_n_0
    SLICE_X41Y132        MUXF8 (Prop_muxf8_I0_O)      0.085     2.382 r  i_kecc_aes_k_axi_top/i_axi2reg/i_axi_to_axi_lite/i_axi_burst_splitter/i_demux_supported_vs_unsupported/gen_demux.gen_aw_id_counter.i_aw_id_counter/i___34_i_5/O
                         net (fo=1, estimated)        0.653     3.035    i_kecc_aes_k_axi_top/i_axi2reg/i_axi_to_axi_lite/i_axi_burst_splitter/i_demux_supported_vs_unsupported/gen_demux.gen_aw_id_counter.i_aw_id_counter/gen_counters[3].i_in_flight_cnt/i___34
    SLICE_X41Y133        LUT6 (Prop_lut6_I1_O)        0.264     3.299 f  i_kecc_aes_k_axi_top/i_axi2reg/i_axi_to_axi_lite/i_axi_burst_splitter/i_demux_supported_vs_unsupported/gen_demux.gen_aw_id_counter.i_aw_id_counter/gen_counters[3].i_in_flight_cnt/i___34_i_1/O
                         net (fo=2, estimated)        0.787     4.086    i_kecc_aes_k_axi_top/i_axi2reg/i_axi_to_axi_lite_n_170
    SLICE_X35Y133        LUT5 (Prop_lut5_I0_O)        0.105     4.191 f  i_kecc_aes_k_axi_top/i_axi2reg/i___83/O
                         net (fo=4, estimated)        0.477     4.668    i_kecc_aes_k_axi_top/i_axi2reg/i_axi_to_axi_lite/i_axi_burst_splitter/i_demux_supported_vs_unsupported/gen_demux.gen_aw_id_counter.i_aw_id_counter/gen_counters[3].i_in_flight_cnt/gen_demux.lock_aw_valid_q_reg_2
    SLICE_X35Y134        LUT5 (Prop_lut5_I2_O)        0.105     4.773 f  i_kecc_aes_k_axi_top/i_axi2reg/i_axi_to_axi_lite/i_axi_burst_splitter/i_demux_supported_vs_unsupported/gen_demux.gen_aw_id_counter.i_aw_id_counter/gen_counters[3].i_in_flight_cnt/i___30_i_4/O
                         net (fo=21, estimated)       0.175     4.948    i_kecc_aes_k_axi_top/i_axi2reg/i_axi_burst_splitter/i_axi_burst_splitter_aw_chan/state_d0
    SLICE_X35Y134        LUT5 (Prop_lut5_I4_O)        0.105     5.053 r  i_kecc_aes_k_axi_top/i_axi2reg/i___2_i_3/O
                         net (fo=2, estimated)        0.242     5.295    i_kecc_aes_k_axi_top/i_axi2reg/i___2_i_3_n_0
    SLICE_X37Y135        LUT3 (Prop_lut3_I0_O)        0.105     5.400 f  i_kecc_aes_k_axi_top/i_axi2reg/i___2_i_1/O
                         net (fo=81, estimated)       0.211     5.611    i_kecc_aes_k_axi_top/i_axi2reg/i___2_i_1_n_0
    SLICE_X37Y135        LUT5 (Prop_lut5_I1_O)        0.105     5.716 r  i_kecc_aes_k_axi_top/i_axi2reg/mem_q[0][data][63]_i_45/O
                         net (fo=1, estimated)        0.505     6.221    i_kecc_aes_k_axi_top/i_axi2reg/mem_q[0][data][63]_i_45_n_0
    SLICE_X43Y139        LUT5 (Prop_lut5_I4_O)        0.105     6.326 r  i_kecc_aes_k_axi_top/i_axi2reg/mem_q[0][data][63]_i_27/O
                         net (fo=15, estimated)       0.888     7.214    i_kecc_aes_k_axi_top/i_axi2reg/i_axi_lite_to_reg/i_fifo_read/reg_req_i[addr][6]
    SLICE_X44Y146        LUT5 (Prop_lut5_I0_O)        0.105     7.319 r  i_kecc_aes_k_axi_top/i_axi2reg/i_axi_lite_to_reg/i_fifo_read/q[63]_i_8/O
                         net (fo=20, estimated)       0.882     8.201    i_kecc_aes_k_axi_top/i_axi2reg/i_axi_lite_to_reg/i_fifo_read/q[63]_i_8_n_0
    SLICE_X44Y153        LUT5 (Prop_lut5_I0_O)        0.105     8.306 r  i_kecc_aes_k_axi_top/i_axi2reg/i_axi_lite_to_reg/i_fifo_read/q[63]_i_2__3/O
                         net (fo=65, estimated)       0.544     8.850    i_kecc_aes_k_axi_top/i_axi2reg/i_axi_lite_to_reg/i_fifo_read/mem_q_reg[1][5]_2
    SLICE_X43Y153        LUT5 (Prop_lut5_I2_O)        0.105     8.955 r  i_kecc_aes_k_axi_top/i_axi2reg/i_axi_lite_to_reg/i_fifo_read/mem_q[0][error]_i_20/O
                         net (fo=1, estimated)        0.414     9.369    i_kecc_aes_k_axi_top/i_axi2reg/i_axi_lite_to_reg/i_fifo_read/mem_q[0][error]_i_20_n_0
    SLICE_X42Y153        LUT6 (Prop_lut6_I0_O)        0.105     9.474 r  i_kecc_aes_k_axi_top/i_axi2reg/i_axi_lite_to_reg/i_fifo_read/mem_q[0][error]_i_7/O
                         net (fo=33, estimated)       0.552    10.026    i_kecc_aes_k_axi_top/i_axi2reg/i_axi_lite_to_reg/i_fifo_read/mem_q[0][error]_i_7_n_0
    SLICE_X33Y153        LUT6 (Prop_lut6_I4_O)        0.105    10.131 f  i_kecc_aes_k_axi_top/i_axi2reg/i_axi_lite_to_reg/i_fifo_read/q[63]_i_3__18/O
                         net (fo=65, estimated)       1.039    11.170    i_kecc_aes_k_axi_top/i_axi2reg/i_axi_lite_to_reg/i_fifo_write_req/keccak_data_3_we
    SLICE_X24Y152        LUT3 (Prop_lut3_I2_O)        0.115    11.285 r  i_kecc_aes_k_axi_top/i_axi2reg/i_axi_lite_to_reg/i_fifo_write_req/wr_en_data_arb/q[38]_i_1__2/O
                         net (fo=1, estimated)        0.807    12.092    i_kecc_aes_k_axi_top/kecc_aes_k_axi_reg_top_i/u_keccak_data_3/q_reg[63]_0[38]
    SLICE_X25Y152        FDCE                                         r  i_kecc_aes_k_axi_top/kecc_aes_k_axi_reg_top_i/u_keccak_data_3/q_reg[38]/D
  -------------------------------------------------------------------    -------------------

                         (clock clk_i rise edge)     10.000    10.000 r  
                                                      0.000    10.000 r  clk_i (IN)
                         net (fo=4786, unset)         0.748    10.748    i_kecc_aes_k_axi_top/kecc_aes_k_axi_reg_top_i/u_keccak_data_3/clk_i
    SLICE_X25Y152        FDCE                                         r  i_kecc_aes_k_axi_top/kecc_aes_k_axi_reg_top_i/u_keccak_data_3/q_reg[38]/C
                         clock pessimism              0.000    10.748    
                         clock uncertainty           -0.035    10.712    
    SLICE_X25Y152        FDCE (Setup_fdce_C_D)       -0.234    10.478    i_kecc_aes_k_axi_top/kecc_aes_k_axi_reg_top_i/u_keccak_data_3/q_reg[38]
  -------------------------------------------------------------------
                         required time                         10.478    
                         arrival time                         -12.092    
  -------------------------------------------------------------------
                         slack                                 -1.614    

Slack (VIOLATED) :        -1.614ns  (required time - arrival time)
  Source:                 i_kecc_aes_k_axi_top/i_axi2reg/i_axi_to_axi_lite/i_axi_burst_splitter/i_demux_supported_vs_unsupported/gen_demux.gen_aw_id_counter.i_aw_id_counter/gen_counters[23].mst_select_q_reg[23][0]/C
                            (rising edge-triggered cell FDCE clocked by clk_i  {rise@0.000ns fall@5.000ns period=10.000ns})
  Destination:            i_kecc_aes_k_axi_top/kecc_aes_k_axi_reg_top_i/u_keccak_data_3/q_reg[38]/D
                            (rising edge-triggered cell FDCE clocked by clk_i  {rise@0.000ns fall@5.000ns period=10.000ns})
  Path Group:             clk_i
  Path Type:              Setup (Max at Slow Process Corner)
  Requirement:            10.000ns  (clk_i rise@10.000ns - clk_i rise@0.000ns)
  Data Path Delay:        11.305ns  (logic 2.455ns (21.716%)  route 8.850ns (78.284%))
  Logic Levels:           16  (LUT3=2 LUT5=8 LUT6=4 MUXF7=1 MUXF8=1)
  Clock Path Skew:        -0.039ns (DCD - SCD + CPR)
    Destination Clock Delay (DCD):    0.748ns = ( 10.748 - 10.000 ) 
    Source Clock Delay      (SCD):    0.787ns
    Clock Pessimism Removal (CPR):    0.000ns
  Clock Uncertainty:      0.035ns  ((TSJ^2 + TIJ^2)^1/2 + DJ) / 2 + PE
    Total System Jitter     (TSJ):    0.071ns
    Total Input Jitter      (TIJ):    0.000ns
    Discrete Jitter          (DJ):    0.000ns
    Phase Error              (PE):    0.000ns

    Location             Delay type                Incr(ns)  Path(ns)    Netlist Resource(s)
  -------------------------------------------------------------------    -------------------
                         (clock clk_i rise edge)      0.000     0.000 r  
                                                      0.000     0.000 r  clk_i (IN)
                         net (fo=4786, unset)         0.787     0.787    i_kecc_aes_k_axi_top/i_axi2reg/i_axi_to_axi_lite/i_axi_burst_splitter/i_demux_supported_vs_unsupported/gen_demux.gen_aw_id_counter.i_aw_id_counter/clk_i
    SLICE_X38Y132        FDCE                                         r  i_kecc_aes_k_axi_top/i_axi2reg/i_axi_to_axi_lite/i_axi_burst_splitter/i_demux_supported_vs_unsupported/gen_demux.gen_aw_id_counter.i_aw_id_counter/gen_counters[23].mst_select_q_reg[23][0]/C
  -------------------------------------------------------------------    -------------------
    SLICE_X38Y132        FDCE (Prop_fdce_C_Q)         0.398     1.185 f  i_kecc_aes_k_axi_top/i_axi2reg/i_axi_to_axi_lite/i_axi_burst_splitter/i_demux_supported_vs_unsupported/gen_demux.gen_aw_id_counter.i_aw_id_counter/gen_counters[23].mst_select_q_reg[23][0]/Q
                         net (fo=2, estimated)        0.674     1.859    i_kecc_aes_k_axi_top/i_axi2reg/i_axi_to_axi_lite/i_axi_burst_splitter/i_demux_supported_vs_unsupported/gen_demux.gen_aw_id_counter.i_aw_id_counter/gen_counters[23].mst_select_q_reg[23]_8
    SLICE_X41Y132        LUT6 (Prop_lut6_I0_O)        0.232     2.091 f  i_kecc_aes_k_axi_top/i_axi2reg/i_axi_to_axi_lite/i_axi_burst_splitter/i_demux_supported_vs_unsupported/gen_demux.gen_aw_id_counter.i_aw_id_counter/i___34_i_36/O
                         net (fo=1, routed)           0.000     2.091    i_kecc_aes_k_axi_top/i_axi2reg/i_axi_to_axi_lite/i_axi_burst_splitter/i_demux_supported_vs_unsupported/gen_demux.gen_aw_id_counter.i_aw_id_counter/i___34_i_36_n_0
    SLICE_X41Y132        MUXF7 (Prop_muxf7_I1_O)      0.206     2.297 f  i_kecc_aes_k_axi_top/i_axi2reg/i_axi_to_axi_lite/i_axi_burst_splitter/i_demux_supported_vs_unsupported/gen_demux.gen_aw_id_counter.i_aw_id_counter/i___34_i_15/O
                         net (fo=1, routed)           0.000     2.297    i_kecc_aes_k_axi_top/i_axi2reg/i_axi_to_axi_lite/i_axi_burst_splitter/i_demux_supported_vs_unsupported/gen_demux.gen_aw_id_counter.i_aw_id_counter/i___34_i_15_n_0
    SLICE_X41Y132        MUXF8 (Prop_muxf8_I0_O)      0.085     2.382 f  i_kecc_aes_k_axi_top/i_axi2reg/i_axi_to_axi_lite/i_axi_burst_splitter/i_demux_supported_vs_unsupported/gen_demux.gen_aw_id_counter.i_aw_id_counter/i___34_i_5/O
                         net (fo=1, estimated)        0.653     3.035    i_kecc_aes_k_axi_top/i_axi2reg/i_axi_to_axi_lite/i_axi_burst_splitter/i_demux_supported_vs_unsupported/gen_demux.gen_aw_id_counter.i_aw_id_counter/gen_counters[3].i_in_flight_cnt/i___34
    SLICE_X41Y133        LUT6 (Prop_lut6_I1_O)        0.264     3.299 f  i_kecc_aes_k_axi_top/i_axi2reg/i_axi_to_axi_lite/i_axi_burst_splitter/i_demux_supported_vs_unsupported/gen_demux.gen_aw_id_counter.i_aw_id_counter/gen_counters[3].i_in_flight_cnt/i___34_i_1/O
                         net (fo=2, estimated)        0.787     4.086    i_kecc_aes_k_axi_top/i_axi2reg/i_axi_to_axi_lite_n_170
    SLICE_X35Y133        LUT5 (Prop_lut5_I0_O)        0.105     4.191 f  i_kecc_aes_k_axi_top/i_axi2reg/i___83/O
                         net (fo=4, estimated)        0.477     4.668    i_kecc_aes_k_axi_top/i_axi2reg/i_axi_to_axi_lite/i_axi_burst_splitter/i_demux_supported_vs_unsupported/gen_demux.gen_aw_id_counter.i_aw_id_counter/gen_counters[3].i_in_flight_cnt/gen_demux.lock_aw_valid_q_reg_2
    SLICE_X35Y134        LUT5 (Prop_lut5_I2_O)        0.105     4.773 f  i_kecc_aes_k_axi_top/i_axi2reg/i_axi_to_axi_lite/i_axi_burst_splitter/i_demux_supported_vs_unsupported/gen_demux.gen_aw_id_counter.i_aw_id_counter/gen_counters[3].i_in_flight_cnt/i___30_i_4/O
                         net (fo=21, estimated)       0.175     4.948    i_kecc_aes_k_axi_top/i_axi2reg/i_axi_burst_splitter/i_axi_burst_splitter_aw_chan/state_d0
    SLICE_X35Y134        LUT5 (Prop_lut5_I4_O)        0.105     5.053 r  i_kecc_aes_k_axi_top/i_axi2reg/i___2_i_3/O
                         net (fo=2, estimated)        0.242     5.295    i_kecc_aes_k_axi_top/i_axi2reg/i___2_i_3_n_0
    SLICE_X37Y135        LUT3 (Prop_lut3_I0_O)        0.105     5.400 f  i_kecc_aes_k_axi_top/i_axi2reg/i___2_i_1/O
                         net (fo=81, estimated)       0.211     5.611    i_kecc_aes_k_axi_top/i_axi2reg/i___2_i_1_n_0
    SLICE_X37Y135        LUT5 (Prop_lut5_I1_O)        0.105     5.716 r  i_kecc_aes_k_axi_top/i_axi2reg/mem_q[0][data][63]_i_45/O
                         net (fo=1, estimated)        0.505     6.221    i_kecc_aes_k_axi_top/i_axi2reg/mem_q[0][data][63]_i_45_n_0
    SLICE_X43Y139        LUT5 (Prop_lut5_I4_O)        0.105     6.326 r  i_kecc_aes_k_axi_top/i_axi2reg/mem_q[0][data][63]_i_27/O
                         net (fo=15, estimated)       0.888     7.214    i_kecc_aes_k_axi_top/i_axi2reg/i_axi_lite_to_reg/i_fifo_read/reg_req_i[addr][6]
    SLICE_X44Y146        LUT5 (Prop_lut5_I0_O)        0.105     7.319 r  i_kecc_aes_k_axi_top/i_axi2reg/i_axi_lite_to_reg/i_fifo_read/q[63]_i_8/O
                         net (fo=20, estimated)       0.882     8.201    i_kecc_aes_k_axi_top/i_axi2reg/i_axi_lite_to_reg/i_fifo_read/q[63]_i_8_n_0
    SLICE_X44Y153        LUT5 (Prop_lut5_I0_O)        0.105     8.306 r  i_kecc_aes_k_axi_top/i_axi2reg/i_axi_lite_to_reg/i_fifo_read/q[63]_i_2__3/O
                         net (fo=65, estimated)       0.544     8.850    i_kecc_aes_k_axi_top/i_axi2reg/i_axi_lite_to_reg/i_fifo_read/mem_q_reg[1][5]_2
    SLICE_X43Y153        LUT5 (Prop_lut5_I2_O)        0.105     8.955 r  i_kecc_aes_k_axi_top/i_axi2reg/i_axi_lite_to_reg/i_fifo_read/mem_q[0][error]_i_20/O
                         net (fo=1, estimated)        0.414     9.369    i_kecc_aes_k_axi_top/i_axi2reg/i_axi_lite_to_reg/i_fifo_read/mem_q[0][error]_i_20_n_0
    SLICE_X42Y153        LUT6 (Prop_lut6_I0_O)        0.105     9.474 r  i_kecc_aes_k_axi_top/i_axi2reg/i_axi_lite_to_reg/i_fifo_read/mem_q[0][error]_i_7/O
                         net (fo=33, estimated)       0.552    10.026    i_kecc_aes_k_axi_top/i_axi2reg/i_axi_lite_to_reg/i_fifo_read/mem_q[0][error]_i_7_n_0
    SLICE_X33Y153        LUT6 (Prop_lut6_I4_O)        0.105    10.131 f  i_kecc_aes_k_axi_top/i_axi2reg/i_axi_lite_to_reg/i_fifo_read/q[63]_i_3__18/O
                         net (fo=65, estimated)       1.039    11.170    i_kecc_aes_k_axi_top/i_axi2reg/i_axi_lite_to_reg/i_fifo_write_req/keccak_data_3_we
    SLICE_X24Y152        LUT3 (Prop_lut3_I2_O)        0.115    11.285 r  i_kecc_aes_k_axi_top/i_axi2reg/i_axi_lite_to_reg/i_fifo_write_req/wr_en_data_arb/q[38]_i_1__2/O
                         net (fo=1, estimated)        0.807    12.092    i_kecc_aes_k_axi_top/kecc_aes_k_axi_reg_top_i/u_keccak_data_3/q_reg[63]_0[38]
    SLICE_X25Y152        FDCE                                         r  i_kecc_aes_k_axi_top/kecc_aes_k_axi_reg_top_i/u_keccak_data_3/q_reg[38]/D
  -------------------------------------------------------------------    -------------------

                         (clock clk_i rise edge)     10.000    10.000 r  
                                                      0.000    10.000 r  clk_i (IN)
                         net (fo=4786, unset)         0.748    10.748    i_kecc_aes_k_axi_top/kecc_aes_k_axi_reg_top_i/u_keccak_data_3/clk_i
    SLICE_X25Y152        FDCE                                         r  i_kecc_aes_k_axi_top/kecc_aes_k_axi_reg_top_i/u_keccak_data_3/q_reg[38]/C
                         clock pessimism              0.000    10.748    
                         clock uncertainty           -0.035    10.712    
    SLICE_X25Y152        FDCE (Setup_fdce_C_D)       -0.234    10.478    i_kecc_aes_k_axi_top/kecc_aes_k_axi_reg_top_i/u_keccak_data_3/q_reg[38]
  -------------------------------------------------------------------
                         required time                         10.478    
                         arrival time                         -12.092    
  -------------------------------------------------------------------
                         slack                                 -1.614    

Slack (VIOLATED) :        -1.614ns  (required time - arrival time)
  Source:                 i_kecc_aes_k_axi_top/i_axi2reg/i_axi_to_axi_lite/i_axi_burst_splitter/i_demux_supported_vs_unsupported/gen_demux.gen_aw_id_counter.i_aw_id_counter/gen_counters[23].mst_select_q_reg[23][0]/C
                            (rising edge-triggered cell FDCE clocked by clk_i  {rise@0.000ns fall@5.000ns period=10.000ns})
  Destination:            i_kecc_aes_k_axi_top/kecc_aes_k_axi_reg_top_i/u_keccak_data_3/q_reg[38]/D
                            (rising edge-triggered cell FDCE clocked by clk_i  {rise@0.000ns fall@5.000ns period=10.000ns})
  Path Group:             clk_i
  Path Type:              Setup (Max at Slow Process Corner)
  Requirement:            10.000ns  (clk_i rise@10.000ns - clk_i rise@0.000ns)
  Data Path Delay:        11.305ns  (logic 2.455ns (21.716%)  route 8.850ns (78.284%))
  Logic Levels:           16  (LUT3=2 LUT5=8 LUT6=4 MUXF7=1 MUXF8=1)
  Clock Path Skew:        -0.039ns (DCD - SCD + CPR)
    Destination Clock Delay (DCD):    0.748ns = ( 10.748 - 10.000 ) 
    Source Clock Delay      (SCD):    0.787ns
    Clock Pessimism Removal (CPR):    0.000ns
  Clock Uncertainty:      0.035ns  ((TSJ^2 + TIJ^2)^1/2 + DJ) / 2 + PE
    Total System Jitter     (TSJ):    0.071ns
    Total Input Jitter      (TIJ):    0.000ns
    Discrete Jitter          (DJ):    0.000ns
    Phase Error              (PE):    0.000ns

    Location             Delay type                Incr(ns)  Path(ns)    Netlist Resource(s)
  -------------------------------------------------------------------    -------------------
                         (clock clk_i rise edge)      0.000     0.000 r  
                                                      0.000     0.000 r  clk_i (IN)
                         net (fo=4786, unset)         0.787     0.787    i_kecc_aes_k_axi_top/i_axi2reg/i_axi_to_axi_lite/i_axi_burst_splitter/i_demux_supported_vs_unsupported/gen_demux.gen_aw_id_counter.i_aw_id_counter/clk_i
    SLICE_X38Y132        FDCE                                         r  i_kecc_aes_k_axi_top/i_axi2reg/i_axi_to_axi_lite/i_axi_burst_splitter/i_demux_supported_vs_unsupported/gen_demux.gen_aw_id_counter.i_aw_id_counter/gen_counters[23].mst_select_q_reg[23][0]/C
  -------------------------------------------------------------------    -------------------
    SLICE_X38Y132        FDCE (Prop_fdce_C_Q)         0.398     1.185 r  i_kecc_aes_k_axi_top/i_axi2reg/i_axi_to_axi_lite/i_axi_burst_splitter/i_demux_supported_vs_unsupported/gen_demux.gen_aw_id_counter.i_aw_id_counter/gen_counters[23].mst_select_q_reg[23][0]/Q
                         net (fo=2, estimated)        0.674     1.859    i_kecc_aes_k_axi_top/i_axi2reg/i_axi_to_axi_lite/i_axi_burst_splitter/i_demux_supported_vs_unsupported/gen_demux.gen_aw_id_counter.i_aw_id_counter/gen_counters[23].mst_select_q_reg[23]_8
    SLICE_X41Y132        LUT6 (Prop_lut6_I0_O)        0.232     2.091 r  i_kecc_aes_k_axi_top/i_axi2reg/i_axi_to_axi_lite/i_axi_burst_splitter/i_demux_supported_vs_unsupported/gen_demux.gen_aw_id_counter.i_aw_id_counter/i___34_i_36/O
                         net (fo=1, routed)           0.000     2.091    i_kecc_aes_k_axi_top/i_axi2reg/i_axi_to_axi_lite/i_axi_burst_splitter/i_demux_supported_vs_unsupported/gen_demux.gen_aw_id_counter.i_aw_id_counter/i___34_i_36_n_0
    SLICE_X41Y132        MUXF7 (Prop_muxf7_I1_O)      0.206     2.297 r  i_kecc_aes_k_axi_top/i_axi2reg/i_axi_to_axi_lite/i_axi_burst_splitter/i_demux_supported_vs_unsupported/gen_demux.gen_aw_id_counter.i_aw_id_counter/i___34_i_15/O
                         net (fo=1, routed)           0.000     2.297    i_kecc_aes_k_axi_top/i_axi2reg/i_axi_to_axi_lite/i_axi_burst_splitter/i_demux_supported_vs_unsupported/gen_demux.gen_aw_id_counter.i_aw_id_counter/i___34_i_15_n_0
    SLICE_X41Y132        MUXF8 (Prop_muxf8_I0_O)      0.085     2.382 r  i_kecc_aes_k_axi_top/i_axi2reg/i_axi_to_axi_lite/i_axi_burst_splitter/i_demux_supported_vs_unsupported/gen_demux.gen_aw_id_counter.i_aw_id_counter/i___34_i_5/O
                         net (fo=1, estimated)        0.653     3.035    i_kecc_aes_k_axi_top/i_axi2reg/i_axi_to_axi_lite/i_axi_burst_splitter/i_demux_supported_vs_unsupported/gen_demux.gen_aw_id_counter.i_aw_id_counter/gen_counters[3].i_in_flight_cnt/i___34
    SLICE_X41Y133        LUT6 (Prop_lut6_I1_O)        0.264     3.299 r  i_kecc_aes_k_axi_top/i_axi2reg/i_axi_to_axi_lite/i_axi_burst_splitter/i_demux_supported_vs_unsupported/gen_demux.gen_aw_id_counter.i_aw_id_counter/gen_counters[3].i_in_flight_cnt/i___34_i_1/O
                         net (fo=2, estimated)        0.787     4.086    i_kecc_aes_k_axi_top/i_axi2reg/i_axi_to_axi_lite_n_170
    SLICE_X35Y133        LUT5 (Prop_lut5_I0_O)        0.105     4.191 r  i_kecc_aes_k_axi_top/i_axi2reg/i___83/O
                         net (fo=4, estimated)        0.477     4.668    i_kecc_aes_k_axi_top/i_axi2reg/i_axi_to_axi_lite/i_axi_burst_splitter/i_demux_supported_vs_unsupported/gen_demux.gen_aw_id_counter.i_aw_id_counter/gen_counters[3].i_in_flight_cnt/gen_demux.lock_aw_valid_q_reg_2
    SLICE_X35Y134        LUT5 (Prop_lut5_I2_O)        0.105     4.773 r  i_kecc_aes_k_axi_top/i_axi2reg/i_axi_to_axi_lite/i_axi_burst_splitter/i_demux_supported_vs_unsupported/gen_demux.gen_aw_id_counter.i_aw_id_counter/gen_counters[3].i_in_flight_cnt/i___30_i_4/O
                         net (fo=21, estimated)       0.175     4.948    i_kecc_aes_k_axi_top/i_axi2reg/i_axi_burst_splitter/i_axi_burst_splitter_aw_chan/state_d0
    SLICE_X35Y134        LUT5 (Prop_lut5_I4_O)        0.105     5.053 f  i_kecc_aes_k_axi_top/i_axi2reg/i___2_i_3/O
                         net (fo=2, estimated)        0.242     5.295    i_kecc_aes_k_axi_top/i_axi2reg/i___2_i_3_n_0
    SLICE_X37Y135        LUT3 (Prop_lut3_I0_O)        0.105     5.400 r  i_kecc_aes_k_axi_top/i_axi2reg/i___2_i_1/O
                         net (fo=81, estimated)       0.211     5.611    i_kecc_aes_k_axi_top/i_axi2reg/i___2_i_1_n_0
    SLICE_X37Y135        LUT5 (Prop_lut5_I1_O)        0.105     5.716 f  i_kecc_aes_k_axi_top/i_axi2reg/mem_q[0][data][63]_i_45/O
                         net (fo=1, estimated)        0.505     6.221    i_kecc_aes_k_axi_top/i_axi2reg/mem_q[0][data][63]_i_45_n_0
    SLICE_X43Y139        LUT5 (Prop_lut5_I4_O)        0.105     6.326 f  i_kecc_aes_k_axi_top/i_axi2reg/mem_q[0][data][63]_i_27/O
                         net (fo=15, estimated)       0.888     7.214    i_kecc_aes_k_axi_top/i_axi2reg/i_axi_lite_to_reg/i_fifo_read/reg_req_i[addr][6]
    SLICE_X44Y146        LUT5 (Prop_lut5_I0_O)        0.105     7.319 f  i_kecc_aes_k_axi_top/i_axi2reg/i_axi_lite_to_reg/i_fifo_read/q[63]_i_8/O
                         net (fo=20, estimated)       0.882     8.201    i_kecc_aes_k_axi_top/i_axi2reg/i_axi_lite_to_reg/i_fifo_read/q[63]_i_8_n_0
    SLICE_X44Y153        LUT5 (Prop_lut5_I0_O)        0.105     8.306 f  i_kecc_aes_k_axi_top/i_axi2reg/i_axi_lite_to_reg/i_fifo_read/q[63]_i_2__3/O
                         net (fo=65, estimated)       0.544     8.850    i_kecc_aes_k_axi_top/i_axi2reg/i_axi_lite_to_reg/i_fifo_read/mem_q_reg[1][5]_2
    SLICE_X43Y153        LUT5 (Prop_lut5_I2_O)        0.105     8.955 f  i_kecc_aes_k_axi_top/i_axi2reg/i_axi_lite_to_reg/i_fifo_read/mem_q[0][error]_i_20/O
                         net (fo=1, estimated)        0.414     9.369    i_kecc_aes_k_axi_top/i_axi2reg/i_axi_lite_to_reg/i_fifo_read/mem_q[0][error]_i_20_n_0
    SLICE_X42Y153        LUT6 (Prop_lut6_I0_O)        0.105     9.474 f  i_kecc_aes_k_axi_top/i_axi2reg/i_axi_lite_to_reg/i_fifo_read/mem_q[0][error]_i_7/O
                         net (fo=33, estimated)       0.552    10.026    i_kecc_aes_k_axi_top/i_axi2reg/i_axi_lite_to_reg/i_fifo_read/mem_q[0][error]_i_7_n_0
    SLICE_X33Y153        LUT6 (Prop_lut6_I4_O)        0.105    10.131 f  i_kecc_aes_k_axi_top/i_axi2reg/i_axi_lite_to_reg/i_fifo_read/q[63]_i_3__18/O
                         net (fo=65, estimated)       1.039    11.170    i_kecc_aes_k_axi_top/i_axi2reg/i_axi_lite_to_reg/i_fifo_write_req/keccak_data_3_we
    SLICE_X24Y152        LUT3 (Prop_lut3_I2_O)        0.115    11.285 r  i_kecc_aes_k_axi_top/i_axi2reg/i_axi_lite_to_reg/i_fifo_write_req/wr_en_data_arb/q[38]_i_1__2/O
                         net (fo=1, estimated)        0.807    12.092    i_kecc_aes_k_axi_top/kecc_aes_k_axi_reg_top_i/u_keccak_data_3/q_reg[63]_0[38]
    SLICE_X25Y152        FDCE                                         r  i_kecc_aes_k_axi_top/kecc_aes_k_axi_reg_top_i/u_keccak_data_3/q_reg[38]/D
  -------------------------------------------------------------------    -------------------

                         (clock clk_i rise edge)     10.000    10.000 r  
                                                      0.000    10.000 r  clk_i (IN)
                         net (fo=4786, unset)         0.748    10.748    i_kecc_aes_k_axi_top/kecc_aes_k_axi_reg_top_i/u_keccak_data_3/clk_i
    SLICE_X25Y152        FDCE                                         r  i_kecc_aes_k_axi_top/kecc_aes_k_axi_reg_top_i/u_keccak_data_3/q_reg[38]/C
                         clock pessimism              0.000    10.748    
                         clock uncertainty           -0.035    10.712    
    SLICE_X25Y152        FDCE (Setup_fdce_C_D)       -0.234    10.478    i_kecc_aes_k_axi_top/kecc_aes_k_axi_reg_top_i/u_keccak_data_3/q_reg[38]
  -------------------------------------------------------------------
                         required time                         10.478    
                         arrival time                         -12.092    
  -------------------------------------------------------------------
                         slack                                 -1.614    

Slack (VIOLATED) :        -1.614ns  (required time - arrival time)
  Source:                 i_kecc_aes_k_axi_top/i_axi2reg/i_axi_to_axi_lite/i_axi_burst_splitter/i_demux_supported_vs_unsupported/gen_demux.gen_aw_id_counter.i_aw_id_counter/gen_counters[23].mst_select_q_reg[23][0]/C
                            (rising edge-triggered cell FDCE clocked by clk_i  {rise@0.000ns fall@5.000ns period=10.000ns})
  Destination:            i_kecc_aes_k_axi_top/kecc_aes_k_axi_reg_top_i/u_keccak_data_3/q_reg[38]/D
                            (rising edge-triggered cell FDCE clocked by clk_i  {rise@0.000ns fall@5.000ns period=10.000ns})
  Path Group:             clk_i
  Path Type:              Setup (Max at Slow Process Corner)
  Requirement:            10.000ns  (clk_i rise@10.000ns - clk_i rise@0.000ns)
  Data Path Delay:        11.305ns  (logic 2.455ns (21.716%)  route 8.850ns (78.284%))
  Logic Levels:           16  (LUT3=2 LUT5=8 LUT6=4 MUXF7=1 MUXF8=1)
  Clock Path Skew:        -0.039ns (DCD - SCD + CPR)
    Destination Clock Delay (DCD):    0.748ns = ( 10.748 - 10.000 ) 
    Source Clock Delay      (SCD):    0.787ns
    Clock Pessimism Removal (CPR):    0.000ns
  Clock Uncertainty:      0.035ns  ((TSJ^2 + TIJ^2)^1/2 + DJ) / 2 + PE
    Total System Jitter     (TSJ):    0.071ns
    Total Input Jitter      (TIJ):    0.000ns
    Discrete Jitter          (DJ):    0.000ns
    Phase Error              (PE):    0.000ns

    Location             Delay type                Incr(ns)  Path(ns)    Netlist Resource(s)
  -------------------------------------------------------------------    -------------------
                         (clock clk_i rise edge)      0.000     0.000 r  
                                                      0.000     0.000 r  clk_i (IN)
                         net (fo=4786, unset)         0.787     0.787    i_kecc_aes_k_axi_top/i_axi2reg/i_axi_to_axi_lite/i_axi_burst_splitter/i_demux_supported_vs_unsupported/gen_demux.gen_aw_id_counter.i_aw_id_counter/clk_i
    SLICE_X38Y132        FDCE                                         r  i_kecc_aes_k_axi_top/i_axi2reg/i_axi_to_axi_lite/i_axi_burst_splitter/i_demux_supported_vs_unsupported/gen_demux.gen_aw_id_counter.i_aw_id_counter/gen_counters[23].mst_select_q_reg[23][0]/C
  -------------------------------------------------------------------    -------------------
    SLICE_X38Y132        FDCE (Prop_fdce_C_Q)         0.398     1.185 f  i_kecc_aes_k_axi_top/i_axi2reg/i_axi_to_axi_lite/i_axi_burst_splitter/i_demux_supported_vs_unsupported/gen_demux.gen_aw_id_counter.i_aw_id_counter/gen_counters[23].mst_select_q_reg[23][0]/Q
                         net (fo=2, estimated)        0.674     1.859    i_kecc_aes_k_axi_top/i_axi2reg/i_axi_to_axi_lite/i_axi_burst_splitter/i_demux_supported_vs_unsupported/gen_demux.gen_aw_id_counter.i_aw_id_counter/gen_counters[23].mst_select_q_reg[23]_8
    SLICE_X41Y132        LUT6 (Prop_lut6_I0_O)        0.232     2.091 f  i_kecc_aes_k_axi_top/i_axi2reg/i_axi_to_axi_lite/i_axi_burst_splitter/i_demux_supported_vs_unsupported/gen_demux.gen_aw_id_counter.i_aw_id_counter/i___34_i_36/O
                         net (fo=1, routed)           0.000     2.091    i_kecc_aes_k_axi_top/i_axi2reg/i_axi_to_axi_lite/i_axi_burst_splitter/i_demux_supported_vs_unsupported/gen_demux.gen_aw_id_counter.i_aw_id_counter/i___34_i_36_n_0
    SLICE_X41Y132        MUXF7 (Prop_muxf7_I1_O)      0.206     2.297 f  i_kecc_aes_k_axi_top/i_axi2reg/i_axi_to_axi_lite/i_axi_burst_splitter/i_demux_supported_vs_unsupported/gen_demux.gen_aw_id_counter.i_aw_id_counter/i___34_i_15/O
                         net (fo=1, routed)           0.000     2.297    i_kecc_aes_k_axi_top/i_axi2reg/i_axi_to_axi_lite/i_axi_burst_splitter/i_demux_supported_vs_unsupported/gen_demux.gen_aw_id_counter.i_aw_id_counter/i___34_i_15_n_0
    SLICE_X41Y132        MUXF8 (Prop_muxf8_I0_O)      0.085     2.382 f  i_kecc_aes_k_axi_top/i_axi2reg/i_axi_to_axi_lite/i_axi_burst_splitter/i_demux_supported_vs_unsupported/gen_demux.gen_aw_id_counter.i_aw_id_counter/i___34_i_5/O
                         net (fo=1, estimated)        0.653     3.035    i_kecc_aes_k_axi_top/i_axi2reg/i_axi_to_axi_lite/i_axi_burst_splitter/i_demux_supported_vs_unsupported/gen_demux.gen_aw_id_counter.i_aw_id_counter/gen_counters[3].i_in_flight_cnt/i___34
    SLICE_X41Y133        LUT6 (Prop_lut6_I1_O)        0.264     3.299 r  i_kecc_aes_k_axi_top/i_axi2reg/i_axi_to_axi_lite/i_axi_burst_splitter/i_demux_supported_vs_unsupported/gen_demux.gen_aw_id_counter.i_aw_id_counter/gen_counters[3].i_in_flight_cnt/i___34_i_1/O
                         net (fo=2, estimated)        0.787     4.086    i_kecc_aes_k_axi_top/i_axi2reg/i_axi_to_axi_lite_n_170
    SLICE_X35Y133        LUT5 (Prop_lut5_I0_O)        0.105     4.191 r  i_kecc_aes_k_axi_top/i_axi2reg/i___83/O
                         net (fo=4, estimated)        0.477     4.668    i_kecc_aes_k_axi_top/i_axi2reg/i_axi_to_axi_lite/i_axi_burst_splitter/i_demux_supported_vs_unsupported/gen_demux.gen_aw_id_counter.i_aw_id_counter/gen_counters[3].i_in_flight_cnt/gen_demux.lock_aw_valid_q_reg_2
    SLICE_X35Y134        LUT5 (Prop_lut5_I2_O)        0.105     4.773 r  i_kecc_aes_k_axi_top/i_axi2reg/i_axi_to_axi_lite/i_axi_burst_splitter/i_demux_supported_vs_unsupported/gen_demux.gen_aw_id_counter.i_aw_id_counter/gen_counters[3].i_in_flight_cnt/i___30_i_4/O
                         net (fo=21, estimated)       0.175     4.948    i_kecc_aes_k_axi_top/i_axi2reg/i_axi_burst_splitter/i_axi_burst_splitter_aw_chan/state_d0
    SLICE_X35Y134        LUT5 (Prop_lut5_I4_O)        0.105     5.053 f  i_kecc_aes_k_axi_top/i_axi2reg/i___2_i_3/O
                         net (fo=2, estimated)        0.242     5.295    i_kecc_aes_k_axi_top/i_axi2reg/i___2_i_3_n_0
    SLICE_X37Y135        LUT3 (Prop_lut3_I0_O)        0.105     5.400 r  i_kecc_aes_k_axi_top/i_axi2reg/i___2_i_1/O
                         net (fo=81, estimated)       0.211     5.611    i_kecc_aes_k_axi_top/i_axi2reg/i___2_i_1_n_0
    SLICE_X37Y135        LUT5 (Prop_lut5_I1_O)        0.105     5.716 f  i_kecc_aes_k_axi_top/i_axi2reg/mem_q[0][data][63]_i_45/O
                         net (fo=1, estimated)        0.505     6.221    i_kecc_aes_k_axi_top/i_axi2reg/mem_q[0][data][63]_i_45_n_0
    SLICE_X43Y139        LUT5 (Prop_lut5_I4_O)        0.105     6.326 f  i_kecc_aes_k_axi_top/i_axi2reg/mem_q[0][data][63]_i_27/O
                         net (fo=15, estimated)       0.888     7.214    i_kecc_aes_k_axi_top/i_axi2reg/i_axi_lite_to_reg/i_fifo_read/reg_req_i[addr][6]
    SLICE_X44Y146        LUT5 (Prop_lut5_I0_O)        0.105     7.319 f  i_kecc_aes_k_axi_top/i_axi2reg/i_axi_lite_to_reg/i_fifo_read/q[63]_i_8/O
                         net (fo=20, estimated)       0.882     8.201    i_kecc_aes_k_axi_top/i_axi2reg/i_axi_lite_to_reg/i_fifo_read/q[63]_i_8_n_0
    SLICE_X44Y153        LUT5 (Prop_lut5_I0_O)        0.105     8.306 f  i_kecc_aes_k_axi_top/i_axi2reg/i_axi_lite_to_reg/i_fifo_read/q[63]_i_2__3/O
                         net (fo=65, estimated)       0.544     8.850    i_kecc_aes_k_axi_top/i_axi2reg/i_axi_lite_to_reg/i_fifo_read/mem_q_reg[1][5]_2
    SLICE_X43Y153        LUT5 (Prop_lut5_I2_O)        0.105     8.955 f  i_kecc_aes_k_axi_top/i_axi2reg/i_axi_lite_to_reg/i_fifo_read/mem_q[0][error]_i_20/O
                         net (fo=1, estimated)        0.414     9.369    i_kecc_aes_k_axi_top/i_axi2reg/i_axi_lite_to_reg/i_fifo_read/mem_q[0][error]_i_20_n_0
    SLICE_X42Y153        LUT6 (Prop_lut6_I0_O)        0.105     9.474 f  i_kecc_aes_k_axi_top/i_axi2reg/i_axi_lite_to_reg/i_fifo_read/mem_q[0][error]_i_7/O
                         net (fo=33, estimated)       0.552    10.026    i_kecc_aes_k_axi_top/i_axi2reg/i_axi_lite_to_reg/i_fifo_read/mem_q[0][error]_i_7_n_0
    SLICE_X33Y153        LUT6 (Prop_lut6_I4_O)        0.105    10.131 f  i_kecc_aes_k_axi_top/i_axi2reg/i_axi_lite_to_reg/i_fifo_read/q[63]_i_3__18/O
                         net (fo=65, estimated)       1.039    11.170    i_kecc_aes_k_axi_top/i_axi2reg/i_axi_lite_to_reg/i_fifo_write_req/keccak_data_3_we
    SLICE_X24Y152        LUT3 (Prop_lut3_I2_O)        0.115    11.285 r  i_kecc_aes_k_axi_top/i_axi2reg/i_axi_lite_to_reg/i_fifo_write_req/wr_en_data_arb/q[38]_i_1__2/O
                         net (fo=1, estimated)        0.807    12.092    i_kecc_aes_k_axi_top/kecc_aes_k_axi_reg_top_i/u_keccak_data_3/q_reg[63]_0[38]
    SLICE_X25Y152        FDCE                                         r  i_kecc_aes_k_axi_top/kecc_aes_k_axi_reg_top_i/u_keccak_data_3/q_reg[38]/D
  -------------------------------------------------------------------    -------------------

                         (clock clk_i rise edge)     10.000    10.000 r  
                                                      0.000    10.000 r  clk_i (IN)
                         net (fo=4786, unset)         0.748    10.748    i_kecc_aes_k_axi_top/kecc_aes_k_axi_reg_top_i/u_keccak_data_3/clk_i
    SLICE_X25Y152        FDCE                                         r  i_kecc_aes_k_axi_top/kecc_aes_k_axi_reg_top_i/u_keccak_data_3/q_reg[38]/C
                         clock pessimism              0.000    10.748    
                         clock uncertainty           -0.035    10.712    
    SLICE_X25Y152        FDCE (Setup_fdce_C_D)       -0.234    10.478    i_kecc_aes_k_axi_top/kecc_aes_k_axi_reg_top_i/u_keccak_data_3/q_reg[38]
  -------------------------------------------------------------------
                         required time                         10.478    
                         arrival time                         -12.092    
  -------------------------------------------------------------------
                         slack                                 -1.614    

Slack (VIOLATED) :        -1.614ns  (required time - arrival time)
  Source:                 i_kecc_aes_k_axi_top/i_axi2reg/i_axi_to_axi_lite/i_axi_burst_splitter/i_demux_supported_vs_unsupported/gen_demux.gen_aw_id_counter.i_aw_id_counter/gen_counters[23].mst_select_q_reg[23][0]/C
                            (rising edge-triggered cell FDCE clocked by clk_i  {rise@0.000ns fall@5.000ns period=10.000ns})
  Destination:            i_kecc_aes_k_axi_top/kecc_aes_k_axi_reg_top_i/u_keccak_data_3/q_reg[38]/D
                            (rising edge-triggered cell FDCE clocked by clk_i  {rise@0.000ns fall@5.000ns period=10.000ns})
  Path Group:             clk_i
  Path Type:              Setup (Max at Slow Process Corner)
  Requirement:            10.000ns  (clk_i rise@10.000ns - clk_i rise@0.000ns)
  Data Path Delay:        11.305ns  (logic 2.455ns (21.716%)  route 8.850ns (78.284%))
  Logic Levels:           16  (LUT3=2 LUT5=8 LUT6=4 MUXF7=1 MUXF8=1)
  Clock Path Skew:        -0.039ns (DCD - SCD + CPR)
    Destination Clock Delay (DCD):    0.748ns = ( 10.748 - 10.000 ) 
    Source Clock Delay      (SCD):    0.787ns
    Clock Pessimism Removal (CPR):    0.000ns
  Clock Uncertainty:      0.035ns  ((TSJ^2 + TIJ^2)^1/2 + DJ) / 2 + PE
    Total System Jitter     (TSJ):    0.071ns
    Total Input Jitter      (TIJ):    0.000ns
    Discrete Jitter          (DJ):    0.000ns
    Phase Error              (PE):    0.000ns

    Location             Delay type                Incr(ns)  Path(ns)    Netlist Resource(s)
  -------------------------------------------------------------------    -------------------
                         (clock clk_i rise edge)      0.000     0.000 r  
                                                      0.000     0.000 r  clk_i (IN)
                         net (fo=4786, unset)         0.787     0.787    i_kecc_aes_k_axi_top/i_axi2reg/i_axi_to_axi_lite/i_axi_burst_splitter/i_demux_supported_vs_unsupported/gen_demux.gen_aw_id_counter.i_aw_id_counter/clk_i
    SLICE_X38Y132        FDCE                                         r  i_kecc_aes_k_axi_top/i_axi2reg/i_axi_to_axi_lite/i_axi_burst_splitter/i_demux_supported_vs_unsupported/gen_demux.gen_aw_id_counter.i_aw_id_counter/gen_counters[23].mst_select_q_reg[23][0]/C
  -------------------------------------------------------------------    -------------------
    SLICE_X38Y132        FDCE (Prop_fdce_C_Q)         0.398     1.185 r  i_kecc_aes_k_axi_top/i_axi2reg/i_axi_to_axi_lite/i_axi_burst_splitter/i_demux_supported_vs_unsupported/gen_demux.gen_aw_id_counter.i_aw_id_counter/gen_counters[23].mst_select_q_reg[23][0]/Q
                         net (fo=2, estimated)        0.674     1.859    i_kecc_aes_k_axi_top/i_axi2reg/i_axi_to_axi_lite/i_axi_burst_splitter/i_demux_supported_vs_unsupported/gen_demux.gen_aw_id_counter.i_aw_id_counter/gen_counters[23].mst_select_q_reg[23]_8
    SLICE_X41Y132        LUT6 (Prop_lut6_I0_O)        0.232     2.091 r  i_kecc_aes_k_axi_top/i_axi2reg/i_axi_to_axi_lite/i_axi_burst_splitter/i_demux_supported_vs_unsupported/gen_demux.gen_aw_id_counter.i_aw_id_counter/i___34_i_36/O
                         net (fo=1, routed)           0.000     2.091    i_kecc_aes_k_axi_top/i_axi2reg/i_axi_to_axi_lite/i_axi_burst_splitter/i_demux_supported_vs_unsupported/gen_demux.gen_aw_id_counter.i_aw_id_counter/i___34_i_36_n_0
    SLICE_X41Y132        MUXF7 (Prop_muxf7_I1_O)      0.206     2.297 r  i_kecc_aes_k_axi_top/i_axi2reg/i_axi_to_axi_lite/i_axi_burst_splitter/i_demux_supported_vs_unsupported/gen_demux.gen_aw_id_counter.i_aw_id_counter/i___34_i_15/O
                         net (fo=1, routed)           0.000     2.297    i_kecc_aes_k_axi_top/i_axi2reg/i_axi_to_axi_lite/i_axi_burst_splitter/i_demux_supported_vs_unsupported/gen_demux.gen_aw_id_counter.i_aw_id_counter/i___34_i_15_n_0
    SLICE_X41Y132        MUXF8 (Prop_muxf8_I0_O)      0.085     2.382 r  i_kecc_aes_k_axi_top/i_axi2reg/i_axi_to_axi_lite/i_axi_burst_splitter/i_demux_supported_vs_unsupported/gen_demux.gen_aw_id_counter.i_aw_id_counter/i___34_i_5/O
                         net (fo=1, estimated)        0.653     3.035    i_kecc_aes_k_axi_top/i_axi2reg/i_axi_to_axi_lite/i_axi_burst_splitter/i_demux_supported_vs_unsupported/gen_demux.gen_aw_id_counter.i_aw_id_counter/gen_counters[3].i_in_flight_cnt/i___34
    SLICE_X41Y133        LUT6 (Prop_lut6_I1_O)        0.264     3.299 f  i_kecc_aes_k_axi_top/i_axi2reg/i_axi_to_axi_lite/i_axi_burst_splitter/i_demux_supported_vs_unsupported/gen_demux.gen_aw_id_counter.i_aw_id_counter/gen_counters[3].i_in_flight_cnt/i___34_i_1/O
                         net (fo=2, estimated)        0.787     4.086    i_kecc_aes_k_axi_top/i_axi2reg/i_axi_to_axi_lite_n_170
    SLICE_X35Y133        LUT5 (Prop_lut5_I0_O)        0.105     4.191 f  i_kecc_aes_k_axi_top/i_axi2reg/i___83/O
                         net (fo=4, estimated)        0.477     4.668    i_kecc_aes_k_axi_top/i_axi2reg/i_axi_to_axi_lite/i_axi_burst_splitter/i_demux_supported_vs_unsupported/gen_demux.gen_aw_id_counter.i_aw_id_counter/gen_counters[3].i_in_flight_cnt/gen_demux.lock_aw_valid_q_reg_2
    SLICE_X35Y134        LUT5 (Prop_lut5_I2_O)        0.105     4.773 f  i_kecc_aes_k_axi_top/i_axi2reg/i_axi_to_axi_lite/i_axi_burst_splitter/i_demux_supported_vs_unsupported/gen_demux.gen_aw_id_counter.i_aw_id_counter/gen_counters[3].i_in_flight_cnt/i___30_i_4/O
                         net (fo=21, estimated)       0.175     4.948    i_kecc_aes_k_axi_top/i_axi2reg/i_axi_burst_splitter/i_axi_burst_splitter_aw_chan/state_d0
    SLICE_X35Y134        LUT5 (Prop_lut5_I4_O)        0.105     5.053 r  i_kecc_aes_k_axi_top/i_axi2reg/i___2_i_3/O
                         net (fo=2, estimated)        0.242     5.295    i_kecc_aes_k_axi_top/i_axi2reg/i___2_i_3_n_0
    SLICE_X37Y135        LUT3 (Prop_lut3_I0_O)        0.105     5.400 f  i_kecc_aes_k_axi_top/i_axi2reg/i___2_i_1/O
                         net (fo=81, estimated)       0.211     5.611    i_kecc_aes_k_axi_top/i_axi2reg/i___2_i_1_n_0
    SLICE_X37Y135        LUT5 (Prop_lut5_I1_O)        0.105     5.716 f  i_kecc_aes_k_axi_top/i_axi2reg/mem_q[0][data][63]_i_45/O
                         net (fo=1, estimated)        0.505     6.221    i_kecc_aes_k_axi_top/i_axi2reg/mem_q[0][data][63]_i_45_n_0
    SLICE_X43Y139        LUT5 (Prop_lut5_I4_O)        0.105     6.326 f  i_kecc_aes_k_axi_top/i_axi2reg/mem_q[0][data][63]_i_27/O
                         net (fo=15, estimated)       0.888     7.214    i_kecc_aes_k_axi_top/i_axi2reg/i_axi_lite_to_reg/i_fifo_read/reg_req_i[addr][6]
    SLICE_X44Y146        LUT5 (Prop_lut5_I0_O)        0.105     7.319 f  i_kecc_aes_k_axi_top/i_axi2reg/i_axi_lite_to_reg/i_fifo_read/q[63]_i_8/O
                         net (fo=20, estimated)       0.882     8.201    i_kecc_aes_k_axi_top/i_axi2reg/i_axi_lite_to_reg/i_fifo_read/q[63]_i_8_n_0
    SLICE_X44Y153        LUT5 (Prop_lut5_I0_O)        0.105     8.306 f  i_kecc_aes_k_axi_top/i_axi2reg/i_axi_lite_to_reg/i_fifo_read/q[63]_i_2__3/O
                         net (fo=65, estimated)       0.544     8.850    i_kecc_aes_k_axi_top/i_axi2reg/i_axi_lite_to_reg/i_fifo_read/mem_q_reg[1][5]_2
    SLICE_X43Y153        LUT5 (Prop_lut5_I2_O)        0.105     8.955 f  i_kecc_aes_k_axi_top/i_axi2reg/i_axi_lite_to_reg/i_fifo_read/mem_q[0][error]_i_20/O
                         net (fo=1, estimated)        0.414     9.369    i_kecc_aes_k_axi_top/i_axi2reg/i_axi_lite_to_reg/i_fifo_read/mem_q[0][error]_i_20_n_0
    SLICE_X42Y153        LUT6 (Prop_lut6_I0_O)        0.105     9.474 f  i_kecc_aes_k_axi_top/i_axi2reg/i_axi_lite_to_reg/i_fifo_read/mem_q[0][error]_i_7/O
                         net (fo=33, estimated)       0.552    10.026    i_kecc_aes_k_axi_top/i_axi2reg/i_axi_lite_to_reg/i_fifo_read/mem_q[0][error]_i_7_n_0
    SLICE_X33Y153        LUT6 (Prop_lut6_I4_O)        0.105    10.131 f  i_kecc_aes_k_axi_top/i_axi2reg/i_axi_lite_to_reg/i_fifo_read/q[63]_i_3__18/O
                         net (fo=65, estimated)       1.039    11.170    i_kecc_aes_k_axi_top/i_axi2reg/i_axi_lite_to_reg/i_fifo_write_req/keccak_data_3_we
    SLICE_X24Y152        LUT3 (Prop_lut3_I2_O)        0.115    11.285 r  i_kecc_aes_k_axi_top/i_axi2reg/i_axi_lite_to_reg/i_fifo_write_req/wr_en_data_arb/q[38]_i_1__2/O
                         net (fo=1, estimated)        0.807    12.092    i_kecc_aes_k_axi_top/kecc_aes_k_axi_reg_top_i/u_keccak_data_3/q_reg[63]_0[38]
    SLICE_X25Y152        FDCE                                         r  i_kecc_aes_k_axi_top/kecc_aes_k_axi_reg_top_i/u_keccak_data_3/q_reg[38]/D
  -------------------------------------------------------------------    -------------------

                         (clock clk_i rise edge)     10.000    10.000 r  
                                                      0.000    10.000 r  clk_i (IN)
                         net (fo=4786, unset)         0.748    10.748    i_kecc_aes_k_axi_top/kecc_aes_k_axi_reg_top_i/u_keccak_data_3/clk_i
    SLICE_X25Y152        FDCE                                         r  i_kecc_aes_k_axi_top/kecc_aes_k_axi_reg_top_i/u_keccak_data_3/q_reg[38]/C
                         clock pessimism              0.000    10.748    
                         clock uncertainty           -0.035    10.712    
    SLICE_X25Y152        FDCE (Setup_fdce_C_D)       -0.234    10.478    i_kecc_aes_k_axi_top/kecc_aes_k_axi_reg_top_i/u_keccak_data_3/q_reg[38]
  -------------------------------------------------------------------
                         required time                         10.478    
                         arrival time                         -12.092    
  -------------------------------------------------------------------
                         slack                                 -1.614    

Slack (VIOLATED) :        -1.614ns  (required time - arrival time)
  Source:                 i_kecc_aes_k_axi_top/i_axi2reg/i_axi_to_axi_lite/i_axi_burst_splitter/i_demux_supported_vs_unsupported/gen_demux.gen_aw_id_counter.i_aw_id_counter/gen_counters[23].mst_select_q_reg[23][0]/C
                            (rising edge-triggered cell FDCE clocked by clk_i  {rise@0.000ns fall@5.000ns period=10.000ns})
  Destination:            i_kecc_aes_k_axi_top/kecc_aes_k_axi_reg_top_i/u_keccak_data_3/q_reg[38]/D
                            (rising edge-triggered cell FDCE clocked by clk_i  {rise@0.000ns fall@5.000ns period=10.000ns})
  Path Group:             clk_i
  Path Type:              Setup (Max at Slow Process Corner)
  Requirement:            10.000ns  (clk_i rise@10.000ns - clk_i rise@0.000ns)
  Data Path Delay:        11.305ns  (logic 2.455ns (21.716%)  route 8.850ns (78.284%))
  Logic Levels:           16  (LUT3=2 LUT5=8 LUT6=4 MUXF7=1 MUXF8=1)
  Clock Path Skew:        -0.039ns (DCD - SCD + CPR)
    Destination Clock Delay (DCD):    0.748ns = ( 10.748 - 10.000 ) 
    Source Clock Delay      (SCD):    0.787ns
    Clock Pessimism Removal (CPR):    0.000ns
  Clock Uncertainty:      0.035ns  ((TSJ^2 + TIJ^2)^1/2 + DJ) / 2 + PE
    Total System Jitter     (TSJ):    0.071ns
    Total Input Jitter      (TIJ):    0.000ns
    Discrete Jitter          (DJ):    0.000ns
    Phase Error              (PE):    0.000ns

    Location             Delay type                Incr(ns)  Path(ns)    Netlist Resource(s)
  -------------------------------------------------------------------    -------------------
                         (clock clk_i rise edge)      0.000     0.000 r  
                                                      0.000     0.000 r  clk_i (IN)
                         net (fo=4786, unset)         0.787     0.787    i_kecc_aes_k_axi_top/i_axi2reg/i_axi_to_axi_lite/i_axi_burst_splitter/i_demux_supported_vs_unsupported/gen_demux.gen_aw_id_counter.i_aw_id_counter/clk_i
    SLICE_X38Y132        FDCE                                         r  i_kecc_aes_k_axi_top/i_axi2reg/i_axi_to_axi_lite/i_axi_burst_splitter/i_demux_supported_vs_unsupported/gen_demux.gen_aw_id_counter.i_aw_id_counter/gen_counters[23].mst_select_q_reg[23][0]/C
  -------------------------------------------------------------------    -------------------
    SLICE_X38Y132        FDCE (Prop_fdce_C_Q)         0.398     1.185 f  i_kecc_aes_k_axi_top/i_axi2reg/i_axi_to_axi_lite/i_axi_burst_splitter/i_demux_supported_vs_unsupported/gen_demux.gen_aw_id_counter.i_aw_id_counter/gen_counters[23].mst_select_q_reg[23][0]/Q
                         net (fo=2, estimated)        0.674     1.859    i_kecc_aes_k_axi_top/i_axi2reg/i_axi_to_axi_lite/i_axi_burst_splitter/i_demux_supported_vs_unsupported/gen_demux.gen_aw_id_counter.i_aw_id_counter/gen_counters[23].mst_select_q_reg[23]_8
    SLICE_X41Y132        LUT6 (Prop_lut6_I0_O)        0.232     2.091 f  i_kecc_aes_k_axi_top/i_axi2reg/i_axi_to_axi_lite/i_axi_burst_splitter/i_demux_supported_vs_unsupported/gen_demux.gen_aw_id_counter.i_aw_id_counter/i___34_i_36/O
                         net (fo=1, routed)           0.000     2.091    i_kecc_aes_k_axi_top/i_axi2reg/i_axi_to_axi_lite/i_axi_burst_splitter/i_demux_supported_vs_unsupported/gen_demux.gen_aw_id_counter.i_aw_id_counter/i___34_i_36_n_0
    SLICE_X41Y132        MUXF7 (Prop_muxf7_I1_O)      0.206     2.297 f  i_kecc_aes_k_axi_top/i_axi2reg/i_axi_to_axi_lite/i_axi_burst_splitter/i_demux_supported_vs_unsupported/gen_demux.gen_aw_id_counter.i_aw_id_counter/i___34_i_15/O
                         net (fo=1, routed)           0.000     2.297    i_kecc_aes_k_axi_top/i_axi2reg/i_axi_to_axi_lite/i_axi_burst_splitter/i_demux_supported_vs_unsupported/gen_demux.gen_aw_id_counter.i_aw_id_counter/i___34_i_15_n_0
    SLICE_X41Y132        MUXF8 (Prop_muxf8_I0_O)      0.085     2.382 f  i_kecc_aes_k_axi_top/i_axi2reg/i_axi_to_axi_lite/i_axi_burst_splitter/i_demux_supported_vs_unsupported/gen_demux.gen_aw_id_counter.i_aw_id_counter/i___34_i_5/O
                         net (fo=1, estimated)        0.653     3.035    i_kecc_aes_k_axi_top/i_axi2reg/i_axi_to_axi_lite/i_axi_burst_splitter/i_demux_supported_vs_unsupported/gen_demux.gen_aw_id_counter.i_aw_id_counter/gen_counters[3].i_in_flight_cnt/i___34
    SLICE_X41Y133        LUT6 (Prop_lut6_I1_O)        0.264     3.299 f  i_kecc_aes_k_axi_top/i_axi2reg/i_axi_to_axi_lite/i_axi_burst_splitter/i_demux_supported_vs_unsupported/gen_demux.gen_aw_id_counter.i_aw_id_counter/gen_counters[3].i_in_flight_cnt/i___34_i_1/O
                         net (fo=2, estimated)        0.787     4.086    i_kecc_aes_k_axi_top/i_axi2reg/i_axi_to_axi_lite_n_170
    SLICE_X35Y133        LUT5 (Prop_lut5_I0_O)        0.105     4.191 f  i_kecc_aes_k_axi_top/i_axi2reg/i___83/O
                         net (fo=4, estimated)        0.477     4.668    i_kecc_aes_k_axi_top/i_axi2reg/i_axi_to_axi_lite/i_axi_burst_splitter/i_demux_supported_vs_unsupported/gen_demux.gen_aw_id_counter.i_aw_id_counter/gen_counters[3].i_in_flight_cnt/gen_demux.lock_aw_valid_q_reg_2
    SLICE_X35Y134        LUT5 (Prop_lut5_I2_O)        0.105     4.773 f  i_kecc_aes_k_axi_top/i_axi2reg/i_axi_to_axi_lite/i_axi_burst_splitter/i_demux_supported_vs_unsupported/gen_demux.gen_aw_id_counter.i_aw_id_counter/gen_counters[3].i_in_flight_cnt/i___30_i_4/O
                         net (fo=21, estimated)       0.175     4.948    i_kecc_aes_k_axi_top/i_axi2reg/i_axi_burst_splitter/i_axi_burst_splitter_aw_chan/state_d0
    SLICE_X35Y134        LUT5 (Prop_lut5_I4_O)        0.105     5.053 r  i_kecc_aes_k_axi_top/i_axi2reg/i___2_i_3/O
                         net (fo=2, estimated)        0.242     5.295    i_kecc_aes_k_axi_top/i_axi2reg/i___2_i_3_n_0
    SLICE_X37Y135        LUT3 (Prop_lut3_I0_O)        0.105     5.400 f  i_kecc_aes_k_axi_top/i_axi2reg/i___2_i_1/O
                         net (fo=81, estimated)       0.211     5.611    i_kecc_aes_k_axi_top/i_axi2reg/i___2_i_1_n_0
    SLICE_X37Y135        LUT5 (Prop_lut5_I1_O)        0.105     5.716 f  i_kecc_aes_k_axi_top/i_axi2reg/mem_q[0][data][63]_i_45/O
                         net (fo=1, estimated)        0.505     6.221    i_kecc_aes_k_axi_top/i_axi2reg/mem_q[0][data][63]_i_45_n_0
    SLICE_X43Y139        LUT5 (Prop_lut5_I4_O)        0.105     6.326 f  i_kecc_aes_k_axi_top/i_axi2reg/mem_q[0][data][63]_i_27/O
                         net (fo=15, estimated)       0.888     7.214    i_kecc_aes_k_axi_top/i_axi2reg/i_axi_lite_to_reg/i_fifo_read/reg_req_i[addr][6]
    SLICE_X44Y146        LUT5 (Prop_lut5_I0_O)        0.105     7.319 f  i_kecc_aes_k_axi_top/i_axi2reg/i_axi_lite_to_reg/i_fifo_read/q[63]_i_8/O
                         net (fo=20, estimated)       0.882     8.201    i_kecc_aes_k_axi_top/i_axi2reg/i_axi_lite_to_reg/i_fifo_read/q[63]_i_8_n_0
    SLICE_X44Y153        LUT5 (Prop_lut5_I0_O)        0.105     8.306 f  i_kecc_aes_k_axi_top/i_axi2reg/i_axi_lite_to_reg/i_fifo_read/q[63]_i_2__3/O
                         net (fo=65, estimated)       0.544     8.850    i_kecc_aes_k_axi_top/i_axi2reg/i_axi_lite_to_reg/i_fifo_read/mem_q_reg[1][5]_2
    SLICE_X43Y153        LUT5 (Prop_lut5_I2_O)        0.105     8.955 f  i_kecc_aes_k_axi_top/i_axi2reg/i_axi_lite_to_reg/i_fifo_read/mem_q[0][error]_i_20/O
                         net (fo=1, estimated)        0.414     9.369    i_kecc_aes_k_axi_top/i_axi2reg/i_axi_lite_to_reg/i_fifo_read/mem_q[0][error]_i_20_n_0
    SLICE_X42Y153        LUT6 (Prop_lut6_I0_O)        0.105     9.474 f  i_kecc_aes_k_axi_top/i_axi2reg/i_axi_lite_to_reg/i_fifo_read/mem_q[0][error]_i_7/O
                         net (fo=33, estimated)       0.552    10.026    i_kecc_aes_k_axi_top/i_axi2reg/i_axi_lite_to_reg/i_fifo_read/mem_q[0][error]_i_7_n_0
    SLICE_X33Y153        LUT6 (Prop_lut6_I4_O)        0.105    10.131 f  i_kecc_aes_k_axi_top/i_axi2reg/i_axi_lite_to_reg/i_fifo_read/q[63]_i_3__18/O
                         net (fo=65, estimated)       1.039    11.170    i_kecc_aes_k_axi_top/i_axi2reg/i_axi_lite_to_reg/i_fifo_write_req/keccak_data_3_we
    SLICE_X24Y152        LUT3 (Prop_lut3_I2_O)        0.115    11.285 r  i_kecc_aes_k_axi_top/i_axi2reg/i_axi_lite_to_reg/i_fifo_write_req/wr_en_data_arb/q[38]_i_1__2/O
                         net (fo=1, estimated)        0.807    12.092    i_kecc_aes_k_axi_top/kecc_aes_k_axi_reg_top_i/u_keccak_data_3/q_reg[63]_0[38]
    SLICE_X25Y152        FDCE                                         r  i_kecc_aes_k_axi_top/kecc_aes_k_axi_reg_top_i/u_keccak_data_3/q_reg[38]/D
  -------------------------------------------------------------------    -------------------

                         (clock clk_i rise edge)     10.000    10.000 r  
                                                      0.000    10.000 r  clk_i (IN)
                         net (fo=4786, unset)         0.748    10.748    i_kecc_aes_k_axi_top/kecc_aes_k_axi_reg_top_i/u_keccak_data_3/clk_i
    SLICE_X25Y152        FDCE                                         r  i_kecc_aes_k_axi_top/kecc_aes_k_axi_reg_top_i/u_keccak_data_3/q_reg[38]/C
                         clock pessimism              0.000    10.748    
                         clock uncertainty           -0.035    10.712    
    SLICE_X25Y152        FDCE (Setup_fdce_C_D)       -0.234    10.478    i_kecc_aes_k_axi_top/kecc_aes_k_axi_reg_top_i/u_keccak_data_3/q_reg[38]
  -------------------------------------------------------------------
                         required time                         10.478    
                         arrival time                         -12.092    
  -------------------------------------------------------------------
                         slack                                 -1.614    

Slack (VIOLATED) :        -1.614ns  (required time - arrival time)
  Source:                 i_kecc_aes_k_axi_top/i_axi2reg/i_axi_to_axi_lite/i_axi_burst_splitter/i_demux_supported_vs_unsupported/gen_demux.gen_aw_id_counter.i_aw_id_counter/gen_counters[23].mst_select_q_reg[23][0]/C
                            (rising edge-triggered cell FDCE clocked by clk_i  {rise@0.000ns fall@5.000ns period=10.000ns})
  Destination:            i_kecc_aes_k_axi_top/kecc_aes_k_axi_reg_top_i/u_keccak_data_3/q_reg[38]/D
                            (rising edge-triggered cell FDCE clocked by clk_i  {rise@0.000ns fall@5.000ns period=10.000ns})
  Path Group:             clk_i
  Path Type:              Setup (Max at Slow Process Corner)
  Requirement:            10.000ns  (clk_i rise@10.000ns - clk_i rise@0.000ns)
  Data Path Delay:        11.305ns  (logic 2.455ns (21.716%)  route 8.850ns (78.284%))
  Logic Levels:           16  (LUT3=2 LUT5=8 LUT6=4 MUXF7=1 MUXF8=1)
  Clock Path Skew:        -0.039ns (DCD - SCD + CPR)
    Destination Clock Delay (DCD):    0.748ns = ( 10.748 - 10.000 ) 
    Source Clock Delay      (SCD):    0.787ns
    Clock Pessimism Removal (CPR):    0.000ns
  Clock Uncertainty:      0.035ns  ((TSJ^2 + TIJ^2)^1/2 + DJ) / 2 + PE
    Total System Jitter     (TSJ):    0.071ns
    Total Input Jitter      (TIJ):    0.000ns
    Discrete Jitter          (DJ):    0.000ns
    Phase Error              (PE):    0.000ns

    Location             Delay type                Incr(ns)  Path(ns)    Netlist Resource(s)
  -------------------------------------------------------------------    -------------------
                         (clock clk_i rise edge)      0.000     0.000 r  
                                                      0.000     0.000 r  clk_i (IN)
                         net (fo=4786, unset)         0.787     0.787    i_kecc_aes_k_axi_top/i_axi2reg/i_axi_to_axi_lite/i_axi_burst_splitter/i_demux_supported_vs_unsupported/gen_demux.gen_aw_id_counter.i_aw_id_counter/clk_i
    SLICE_X38Y132        FDCE                                         r  i_kecc_aes_k_axi_top/i_axi2reg/i_axi_to_axi_lite/i_axi_burst_splitter/i_demux_supported_vs_unsupported/gen_demux.gen_aw_id_counter.i_aw_id_counter/gen_counters[23].mst_select_q_reg[23][0]/C
  -------------------------------------------------------------------    -------------------
    SLICE_X38Y132        FDCE (Prop_fdce_C_Q)         0.398     1.185 r  i_kecc_aes_k_axi_top/i_axi2reg/i_axi_to_axi_lite/i_axi_burst_splitter/i_demux_supported_vs_unsupported/gen_demux.gen_aw_id_counter.i_aw_id_counter/gen_counters[23].mst_select_q_reg[23][0]/Q
                         net (fo=2, estimated)        0.674     1.859    i_kecc_aes_k_axi_top/i_axi2reg/i_axi_to_axi_lite/i_axi_burst_splitter/i_demux_supported_vs_unsupported/gen_demux.gen_aw_id_counter.i_aw_id_counter/gen_counters[23].mst_select_q_reg[23]_8
    SLICE_X41Y132        LUT6 (Prop_lut6_I0_O)        0.232     2.091 r  i_kecc_aes_k_axi_top/i_axi2reg/i_axi_to_axi_lite/i_axi_burst_splitter/i_demux_supported_vs_unsupported/gen_demux.gen_aw_id_counter.i_aw_id_counter/i___34_i_36/O
                         net (fo=1, routed)           0.000     2.091    i_kecc_aes_k_axi_top/i_axi2reg/i_axi_to_axi_lite/i_axi_burst_splitter/i_demux_supported_vs_unsupported/gen_demux.gen_aw_id_counter.i_aw_id_counter/i___34_i_36_n_0
    SLICE_X41Y132        MUXF7 (Prop_muxf7_I1_O)      0.206     2.297 r  i_kecc_aes_k_axi_top/i_axi2reg/i_axi_to_axi_lite/i_axi_burst_splitter/i_demux_supported_vs_unsupported/gen_demux.gen_aw_id_counter.i_aw_id_counter/i___34_i_15/O
                         net (fo=1, routed)           0.000     2.297    i_kecc_aes_k_axi_top/i_axi2reg/i_axi_to_axi_lite/i_axi_burst_splitter/i_demux_supported_vs_unsupported/gen_demux.gen_aw_id_counter.i_aw_id_counter/i___34_i_15_n_0
    SLICE_X41Y132        MUXF8 (Prop_muxf8_I0_O)      0.085     2.382 r  i_kecc_aes_k_axi_top/i_axi2reg/i_axi_to_axi_lite/i_axi_burst_splitter/i_demux_supported_vs_unsupported/gen_demux.gen_aw_id_counter.i_aw_id_counter/i___34_i_5/O
                         net (fo=1, estimated)        0.653     3.035    i_kecc_aes_k_axi_top/i_axi2reg/i_axi_to_axi_lite/i_axi_burst_splitter/i_demux_supported_vs_unsupported/gen_demux.gen_aw_id_counter.i_aw_id_counter/gen_counters[3].i_in_flight_cnt/i___34
    SLICE_X41Y133        LUT6 (Prop_lut6_I1_O)        0.264     3.299 r  i_kecc_aes_k_axi_top/i_axi2reg/i_axi_to_axi_lite/i_axi_burst_splitter/i_demux_supported_vs_unsupported/gen_demux.gen_aw_id_counter.i_aw_id_counter/gen_counters[3].i_in_flight_cnt/i___34_i_1/O
                         net (fo=2, estimated)        0.787     4.086    i_kecc_aes_k_axi_top/i_axi2reg/i_axi_to_axi_lite_n_170
    SLICE_X35Y133        LUT5 (Prop_lut5_I0_O)        0.105     4.191 r  i_kecc_aes_k_axi_top/i_axi2reg/i___83/O
                         net (fo=4, estimated)        0.477     4.668    i_kecc_aes_k_axi_top/i_axi2reg/i_axi_to_axi_lite/i_axi_burst_splitter/i_demux_supported_vs_unsupported/gen_demux.gen_aw_id_counter.i_aw_id_counter/gen_counters[3].i_in_flight_cnt/gen_demux.lock_aw_valid_q_reg_2
    SLICE_X35Y134        LUT5 (Prop_lut5_I2_O)        0.105     4.773 r  i_kecc_aes_k_axi_top/i_axi2reg/i_axi_to_axi_lite/i_axi_burst_splitter/i_demux_supported_vs_unsupported/gen_demux.gen_aw_id_counter.i_aw_id_counter/gen_counters[3].i_in_flight_cnt/i___30_i_4/O
                         net (fo=21, estimated)       0.175     4.948    i_kecc_aes_k_axi_top/i_axi2reg/i_axi_burst_splitter/i_axi_burst_splitter_aw_chan/state_d0
    SLICE_X35Y134        LUT5 (Prop_lut5_I4_O)        0.105     5.053 f  i_kecc_aes_k_axi_top/i_axi2reg/i___2_i_3/O
                         net (fo=2, estimated)        0.242     5.295    i_kecc_aes_k_axi_top/i_axi2reg/i___2_i_3_n_0
    SLICE_X37Y135        LUT3 (Prop_lut3_I0_O)        0.105     5.400 r  i_kecc_aes_k_axi_top/i_axi2reg/i___2_i_1/O
                         net (fo=81, estimated)       0.211     5.611    i_kecc_aes_k_axi_top/i_axi2reg/i___2_i_1_n_0
    SLICE_X37Y135        LUT5 (Prop_lut5_I1_O)        0.105     5.716 r  i_kecc_aes_k_axi_top/i_axi2reg/mem_q[0][data][63]_i_45/O
                         net (fo=1, estimated)        0.505     6.221    i_kecc_aes_k_axi_top/i_axi2reg/mem_q[0][data][63]_i_45_n_0
    SLICE_X43Y139        LUT5 (Prop_lut5_I4_O)        0.105     6.326 r  i_kecc_aes_k_axi_top/i_axi2reg/mem_q[0][data][63]_i_27/O
                         net (fo=15, estimated)       0.888     7.214    i_kecc_aes_k_axi_top/i_axi2reg/i_axi_lite_to_reg/i_fifo_read/reg_req_i[addr][6]
    SLICE_X44Y146        LUT5 (Prop_lut5_I0_O)        0.105     7.319 r  i_kecc_aes_k_axi_top/i_axi2reg/i_axi_lite_to_reg/i_fifo_read/q[63]_i_8/O
                         net (fo=20, estimated)       0.882     8.201    i_kecc_aes_k_axi_top/i_axi2reg/i_axi_lite_to_reg/i_fifo_read/q[63]_i_8_n_0
    SLICE_X44Y153        LUT5 (Prop_lut5_I0_O)        0.105     8.306 r  i_kecc_aes_k_axi_top/i_axi2reg/i_axi_lite_to_reg/i_fifo_read/q[63]_i_2__3/O
                         net (fo=65, estimated)       0.544     8.850    i_kecc_aes_k_axi_top/i_axi2reg/i_axi_lite_to_reg/i_fifo_read/mem_q_reg[1][5]_2
    SLICE_X43Y153        LUT5 (Prop_lut5_I2_O)        0.105     8.955 r  i_kecc_aes_k_axi_top/i_axi2reg/i_axi_lite_to_reg/i_fifo_read/mem_q[0][error]_i_20/O
                         net (fo=1, estimated)        0.414     9.369    i_kecc_aes_k_axi_top/i_axi2reg/i_axi_lite_to_reg/i_fifo_read/mem_q[0][error]_i_20_n_0
    SLICE_X42Y153        LUT6 (Prop_lut6_I0_O)        0.105     9.474 r  i_kecc_aes_k_axi_top/i_axi2reg/i_axi_lite_to_reg/i_fifo_read/mem_q[0][error]_i_7/O
                         net (fo=33, estimated)       0.552    10.026    i_kecc_aes_k_axi_top/i_axi2reg/i_axi_lite_to_reg/i_fifo_read/mem_q[0][error]_i_7_n_0
    SLICE_X33Y153        LUT6 (Prop_lut6_I4_O)        0.105    10.131 r  i_kecc_aes_k_axi_top/i_axi2reg/i_axi_lite_to_reg/i_fifo_read/q[63]_i_3__18/O
                         net (fo=65, estimated)       1.039    11.170    i_kecc_aes_k_axi_top/i_axi2reg/i_axi_lite_to_reg/i_fifo_write_req/keccak_data_3_we
    SLICE_X24Y152        LUT3 (Prop_lut3_I2_O)        0.115    11.285 f  i_kecc_aes_k_axi_top/i_axi2reg/i_axi_lite_to_reg/i_fifo_write_req/wr_en_data_arb/q[38]_i_1__2/O
                         net (fo=1, estimated)        0.807    12.092    i_kecc_aes_k_axi_top/kecc_aes_k_axi_reg_top_i/u_keccak_data_3/q_reg[63]_0[38]
    SLICE_X25Y152        FDCE                                         f  i_kecc_aes_k_axi_top/kecc_aes_k_axi_reg_top_i/u_keccak_data_3/q_reg[38]/D
  -------------------------------------------------------------------    -------------------

                         (clock clk_i rise edge)     10.000    10.000 r  
                                                      0.000    10.000 r  clk_i (IN)
                         net (fo=4786, unset)         0.748    10.748    i_kecc_aes_k_axi_top/kecc_aes_k_axi_reg_top_i/u_keccak_data_3/clk_i
    SLICE_X25Y152        FDCE                                         r  i_kecc_aes_k_axi_top/kecc_aes_k_axi_reg_top_i/u_keccak_data_3/q_reg[38]/C
                         clock pessimism              0.000    10.748    
                         clock uncertainty           -0.035    10.712    
    SLICE_X25Y152        FDCE (Setup_fdce_C_D)       -0.234    10.478    i_kecc_aes_k_axi_top/kecc_aes_k_axi_reg_top_i/u_keccak_data_3/q_reg[38]
  -------------------------------------------------------------------
                         required time                         10.478    
                         arrival time                         -12.092    
  -------------------------------------------------------------------
                         slack                                 -1.614    

Slack (VIOLATED) :        -1.614ns  (required time - arrival time)
  Source:                 i_kecc_aes_k_axi_top/i_axi2reg/i_axi_to_axi_lite/i_axi_burst_splitter/i_demux_supported_vs_unsupported/gen_demux.gen_aw_id_counter.i_aw_id_counter/gen_counters[23].mst_select_q_reg[23][0]/C
                            (rising edge-triggered cell FDCE clocked by clk_i  {rise@0.000ns fall@5.000ns period=10.000ns})
  Destination:            i_kecc_aes_k_axi_top/kecc_aes_k_axi_reg_top_i/u_keccak_data_3/q_reg[38]/D
                            (rising edge-triggered cell FDCE clocked by clk_i  {rise@0.000ns fall@5.000ns period=10.000ns})
  Path Group:             clk_i
  Path Type:              Setup (Max at Slow Process Corner)
  Requirement:            10.000ns  (clk_i rise@10.000ns - clk_i rise@0.000ns)
  Data Path Delay:        11.305ns  (logic 2.455ns (21.716%)  route 8.850ns (78.284%))
  Logic Levels:           16  (LUT3=2 LUT5=8 LUT6=4 MUXF7=1 MUXF8=1)
  Clock Path Skew:        -0.039ns (DCD - SCD + CPR)
    Destination Clock Delay (DCD):    0.748ns = ( 10.748 - 10.000 ) 
    Source Clock Delay      (SCD):    0.787ns
    Clock Pessimism Removal (CPR):    0.000ns
  Clock Uncertainty:      0.035ns  ((TSJ^2 + TIJ^2)^1/2 + DJ) / 2 + PE
    Total System Jitter     (TSJ):    0.071ns
    Total Input Jitter      (TIJ):    0.000ns
    Discrete Jitter          (DJ):    0.000ns
    Phase Error              (PE):    0.000ns

    Location             Delay type                Incr(ns)  Path(ns)    Netlist Resource(s)
  -------------------------------------------------------------------    -------------------
                         (clock clk_i rise edge)      0.000     0.000 r  
                                                      0.000     0.000 r  clk_i (IN)
                         net (fo=4786, unset)         0.787     0.787    i_kecc_aes_k_axi_top/i_axi2reg/i_axi_to_axi_lite/i_axi_burst_splitter/i_demux_supported_vs_unsupported/gen_demux.gen_aw_id_counter.i_aw_id_counter/clk_i
    SLICE_X38Y132        FDCE                                         r  i_kecc_aes_k_axi_top/i_axi2reg/i_axi_to_axi_lite/i_axi_burst_splitter/i_demux_supported_vs_unsupported/gen_demux.gen_aw_id_counter.i_aw_id_counter/gen_counters[23].mst_select_q_reg[23][0]/C
  -------------------------------------------------------------------    -------------------
    SLICE_X38Y132        FDCE (Prop_fdce_C_Q)         0.398     1.185 f  i_kecc_aes_k_axi_top/i_axi2reg/i_axi_to_axi_lite/i_axi_burst_splitter/i_demux_supported_vs_unsupported/gen_demux.gen_aw_id_counter.i_aw_id_counter/gen_counters[23].mst_select_q_reg[23][0]/Q
                         net (fo=2, estimated)        0.674     1.859    i_kecc_aes_k_axi_top/i_axi2reg/i_axi_to_axi_lite/i_axi_burst_splitter/i_demux_supported_vs_unsupported/gen_demux.gen_aw_id_counter.i_aw_id_counter/gen_counters[23].mst_select_q_reg[23]_8
    SLICE_X41Y132        LUT6 (Prop_lut6_I0_O)        0.232     2.091 f  i_kecc_aes_k_axi_top/i_axi2reg/i_axi_to_axi_lite/i_axi_burst_splitter/i_demux_supported_vs_unsupported/gen_demux.gen_aw_id_counter.i_aw_id_counter/i___34_i_36/O
                         net (fo=1, routed)           0.000     2.091    i_kecc_aes_k_axi_top/i_axi2reg/i_axi_to_axi_lite/i_axi_burst_splitter/i_demux_supported_vs_unsupported/gen_demux.gen_aw_id_counter.i_aw_id_counter/i___34_i_36_n_0
    SLICE_X41Y132        MUXF7 (Prop_muxf7_I1_O)      0.206     2.297 f  i_kecc_aes_k_axi_top/i_axi2reg/i_axi_to_axi_lite/i_axi_burst_splitter/i_demux_supported_vs_unsupported/gen_demux.gen_aw_id_counter.i_aw_id_counter/i___34_i_15/O
                         net (fo=1, routed)           0.000     2.297    i_kecc_aes_k_axi_top/i_axi2reg/i_axi_to_axi_lite/i_axi_burst_splitter/i_demux_supported_vs_unsupported/gen_demux.gen_aw_id_counter.i_aw_id_counter/i___34_i_15_n_0
    SLICE_X41Y132        MUXF8 (Prop_muxf8_I0_O)      0.085     2.382 f  i_kecc_aes_k_axi_top/i_axi2reg/i_axi_to_axi_lite/i_axi_burst_splitter/i_demux_supported_vs_unsupported/gen_demux.gen_aw_id_counter.i_aw_id_counter/i___34_i_5/O
                         net (fo=1, estimated)        0.653     3.035    i_kecc_aes_k_axi_top/i_axi2reg/i_axi_to_axi_lite/i_axi_burst_splitter/i_demux_supported_vs_unsupported/gen_demux.gen_aw_id_counter.i_aw_id_counter/gen_counters[3].i_in_flight_cnt/i___34
    SLICE_X41Y133        LUT6 (Prop_lut6_I1_O)        0.264     3.299 r  i_kecc_aes_k_axi_top/i_axi2reg/i_axi_to_axi_lite/i_axi_burst_splitter/i_demux_supported_vs_unsupported/gen_demux.gen_aw_id_counter.i_aw_id_counter/gen_counters[3].i_in_flight_cnt/i___34_i_1/O
                         net (fo=2, estimated)        0.787     4.086    i_kecc_aes_k_axi_top/i_axi2reg/i_axi_to_axi_lite_n_170
    SLICE_X35Y133        LUT5 (Prop_lut5_I0_O)        0.105     4.191 r  i_kecc_aes_k_axi_top/i_axi2reg/i___83/O
                         net (fo=4, estimated)        0.477     4.668    i_kecc_aes_k_axi_top/i_axi2reg/i_axi_to_axi_lite/i_axi_burst_splitter/i_demux_supported_vs_unsupported/gen_demux.gen_aw_id_counter.i_aw_id_counter/gen_counters[3].i_in_flight_cnt/gen_demux.lock_aw_valid_q_reg_2
    SLICE_X35Y134        LUT5 (Prop_lut5_I2_O)        0.105     4.773 r  i_kecc_aes_k_axi_top/i_axi2reg/i_axi_to_axi_lite/i_axi_burst_splitter/i_demux_supported_vs_unsupported/gen_demux.gen_aw_id_counter.i_aw_id_counter/gen_counters[3].i_in_flight_cnt/i___30_i_4/O
                         net (fo=21, estimated)       0.175     4.948    i_kecc_aes_k_axi_top/i_axi2reg/i_axi_burst_splitter/i_axi_burst_splitter_aw_chan/state_d0
    SLICE_X35Y134        LUT5 (Prop_lut5_I4_O)        0.105     5.053 f  i_kecc_aes_k_axi_top/i_axi2reg/i___2_i_3/O
                         net (fo=2, estimated)        0.242     5.295    i_kecc_aes_k_axi_top/i_axi2reg/i___2_i_3_n_0
    SLICE_X37Y135        LUT3 (Prop_lut3_I0_O)        0.105     5.400 r  i_kecc_aes_k_axi_top/i_axi2reg/i___2_i_1/O
                         net (fo=81, estimated)       0.211     5.611    i_kecc_aes_k_axi_top/i_axi2reg/i___2_i_1_n_0
    SLICE_X37Y135        LUT5 (Prop_lut5_I1_O)        0.105     5.716 r  i_kecc_aes_k_axi_top/i_axi2reg/mem_q[0][data][63]_i_45/O
                         net (fo=1, estimated)        0.505     6.221    i_kecc_aes_k_axi_top/i_axi2reg/mem_q[0][data][63]_i_45_n_0
    SLICE_X43Y139        LUT5 (Prop_lut5_I4_O)        0.105     6.326 r  i_kecc_aes_k_axi_top/i_axi2reg/mem_q[0][data][63]_i_27/O
                         net (fo=15, estimated)       0.888     7.214    i_kecc_aes_k_axi_top/i_axi2reg/i_axi_lite_to_reg/i_fifo_read/reg_req_i[addr][6]
    SLICE_X44Y146        LUT5 (Prop_lut5_I0_O)        0.105     7.319 r  i_kecc_aes_k_axi_top/i_axi2reg/i_axi_lite_to_reg/i_fifo_read/q[63]_i_8/O
                         net (fo=20, estimated)       0.882     8.201    i_kecc_aes_k_axi_top/i_axi2reg/i_axi_lite_to_reg/i_fifo_read/q[63]_i_8_n_0
    SLICE_X44Y153        LUT5 (Prop_lut5_I0_O)        0.105     8.306 r  i_kecc_aes_k_axi_top/i_axi2reg/i_axi_lite_to_reg/i_fifo_read/q[63]_i_2__3/O
                         net (fo=65, estimated)       0.544     8.850    i_kecc_aes_k_axi_top/i_axi2reg/i_axi_lite_to_reg/i_fifo_read/mem_q_reg[1][5]_2
    SLICE_X43Y153        LUT5 (Prop_lut5_I2_O)        0.105     8.955 r  i_kecc_aes_k_axi_top/i_axi2reg/i_axi_lite_to_reg/i_fifo_read/mem_q[0][error]_i_20/O
                         net (fo=1, estimated)        0.414     9.369    i_kecc_aes_k_axi_top/i_axi2reg/i_axi_lite_to_reg/i_fifo_read/mem_q[0][error]_i_20_n_0
    SLICE_X42Y153        LUT6 (Prop_lut6_I0_O)        0.105     9.474 r  i_kecc_aes_k_axi_top/i_axi2reg/i_axi_lite_to_reg/i_fifo_read/mem_q[0][error]_i_7/O
                         net (fo=33, estimated)       0.552    10.026    i_kecc_aes_k_axi_top/i_axi2reg/i_axi_lite_to_reg/i_fifo_read/mem_q[0][error]_i_7_n_0
    SLICE_X33Y153        LUT6 (Prop_lut6_I4_O)        0.105    10.131 r  i_kecc_aes_k_axi_top/i_axi2reg/i_axi_lite_to_reg/i_fifo_read/q[63]_i_3__18/O
                         net (fo=65, estimated)       1.039    11.170    i_kecc_aes_k_axi_top/i_axi2reg/i_axi_lite_to_reg/i_fifo_write_req/keccak_data_3_we
    SLICE_X24Y152        LUT3 (Prop_lut3_I2_O)        0.115    11.285 f  i_kecc_aes_k_axi_top/i_axi2reg/i_axi_lite_to_reg/i_fifo_write_req/wr_en_data_arb/q[38]_i_1__2/O
                         net (fo=1, estimated)        0.807    12.092    i_kecc_aes_k_axi_top/kecc_aes_k_axi_reg_top_i/u_keccak_data_3/q_reg[63]_0[38]
    SLICE_X25Y152        FDCE                                         f  i_kecc_aes_k_axi_top/kecc_aes_k_axi_reg_top_i/u_keccak_data_3/q_reg[38]/D
  -------------------------------------------------------------------    -------------------

                         (clock clk_i rise edge)     10.000    10.000 r  
                                                      0.000    10.000 r  clk_i (IN)
                         net (fo=4786, unset)         0.748    10.748    i_kecc_aes_k_axi_top/kecc_aes_k_axi_reg_top_i/u_keccak_data_3/clk_i
    SLICE_X25Y152        FDCE                                         r  i_kecc_aes_k_axi_top/kecc_aes_k_axi_reg_top_i/u_keccak_data_3/q_reg[38]/C
                         clock pessimism              0.000    10.748    
                         clock uncertainty           -0.035    10.712    
    SLICE_X25Y152        FDCE (Setup_fdce_C_D)       -0.234    10.478    i_kecc_aes_k_axi_top/kecc_aes_k_axi_reg_top_i/u_keccak_data_3/q_reg[38]
  -------------------------------------------------------------------
                         required time                         10.478    
                         arrival time                         -12.092    
  -------------------------------------------------------------------
                         slack                                 -1.614    

Slack (VIOLATED) :        -1.614ns  (required time - arrival time)
  Source:                 i_kecc_aes_k_axi_top/i_axi2reg/i_axi_to_axi_lite/i_axi_burst_splitter/i_demux_supported_vs_unsupported/gen_demux.gen_aw_id_counter.i_aw_id_counter/gen_counters[23].mst_select_q_reg[23][0]/C
                            (rising edge-triggered cell FDCE clocked by clk_i  {rise@0.000ns fall@5.000ns period=10.000ns})
  Destination:            i_kecc_aes_k_axi_top/kecc_aes_k_axi_reg_top_i/u_keccak_data_3/q_reg[38]/D
                            (rising edge-triggered cell FDCE clocked by clk_i  {rise@0.000ns fall@5.000ns period=10.000ns})
  Path Group:             clk_i
  Path Type:              Setup (Max at Slow Process Corner)
  Requirement:            10.000ns  (clk_i rise@10.000ns - clk_i rise@0.000ns)
  Data Path Delay:        11.305ns  (logic 2.455ns (21.716%)  route 8.850ns (78.284%))
  Logic Levels:           16  (LUT3=2 LUT5=8 LUT6=4 MUXF7=1 MUXF8=1)
  Clock Path Skew:        -0.039ns (DCD - SCD + CPR)
    Destination Clock Delay (DCD):    0.748ns = ( 10.748 - 10.000 ) 
    Source Clock Delay      (SCD):    0.787ns
    Clock Pessimism Removal (CPR):    0.000ns
  Clock Uncertainty:      0.035ns  ((TSJ^2 + TIJ^2)^1/2 + DJ) / 2 + PE
    Total System Jitter     (TSJ):    0.071ns
    Total Input Jitter      (TIJ):    0.000ns
    Discrete Jitter          (DJ):    0.000ns
    Phase Error              (PE):    0.000ns

    Location             Delay type                Incr(ns)  Path(ns)    Netlist Resource(s)
  -------------------------------------------------------------------    -------------------
                         (clock clk_i rise edge)      0.000     0.000 r  
                                                      0.000     0.000 r  clk_i (IN)
                         net (fo=4786, unset)         0.787     0.787    i_kecc_aes_k_axi_top/i_axi2reg/i_axi_to_axi_lite/i_axi_burst_splitter/i_demux_supported_vs_unsupported/gen_demux.gen_aw_id_counter.i_aw_id_counter/clk_i
    SLICE_X38Y132        FDCE                                         r  i_kecc_aes_k_axi_top/i_axi2reg/i_axi_to_axi_lite/i_axi_burst_splitter/i_demux_supported_vs_unsupported/gen_demux.gen_aw_id_counter.i_aw_id_counter/gen_counters[23].mst_select_q_reg[23][0]/C
  -------------------------------------------------------------------    -------------------
    SLICE_X38Y132        FDCE (Prop_fdce_C_Q)         0.398     1.185 r  i_kecc_aes_k_axi_top/i_axi2reg/i_axi_to_axi_lite/i_axi_burst_splitter/i_demux_supported_vs_unsupported/gen_demux.gen_aw_id_counter.i_aw_id_counter/gen_counters[23].mst_select_q_reg[23][0]/Q
                         net (fo=2, estimated)        0.674     1.859    i_kecc_aes_k_axi_top/i_axi2reg/i_axi_to_axi_lite/i_axi_burst_splitter/i_demux_supported_vs_unsupported/gen_demux.gen_aw_id_counter.i_aw_id_counter/gen_counters[23].mst_select_q_reg[23]_8
    SLICE_X41Y132        LUT6 (Prop_lut6_I0_O)        0.232     2.091 r  i_kecc_aes_k_axi_top/i_axi2reg/i_axi_to_axi_lite/i_axi_burst_splitter/i_demux_supported_vs_unsupported/gen_demux.gen_aw_id_counter.i_aw_id_counter/i___34_i_36/O
                         net (fo=1, routed)           0.000     2.091    i_kecc_aes_k_axi_top/i_axi2reg/i_axi_to_axi_lite/i_axi_burst_splitter/i_demux_supported_vs_unsupported/gen_demux.gen_aw_id_counter.i_aw_id_counter/i___34_i_36_n_0
    SLICE_X41Y132        MUXF7 (Prop_muxf7_I1_O)      0.206     2.297 r  i_kecc_aes_k_axi_top/i_axi2reg/i_axi_to_axi_lite/i_axi_burst_splitter/i_demux_supported_vs_unsupported/gen_demux.gen_aw_id_counter.i_aw_id_counter/i___34_i_15/O
                         net (fo=1, routed)           0.000     2.297    i_kecc_aes_k_axi_top/i_axi2reg/i_axi_to_axi_lite/i_axi_burst_splitter/i_demux_supported_vs_unsupported/gen_demux.gen_aw_id_counter.i_aw_id_counter/i___34_i_15_n_0
    SLICE_X41Y132        MUXF8 (Prop_muxf8_I0_O)      0.085     2.382 r  i_kecc_aes_k_axi_top/i_axi2reg/i_axi_to_axi_lite/i_axi_burst_splitter/i_demux_supported_vs_unsupported/gen_demux.gen_aw_id_counter.i_aw_id_counter/i___34_i_5/O
                         net (fo=1, estimated)        0.653     3.035    i_kecc_aes_k_axi_top/i_axi2reg/i_axi_to_axi_lite/i_axi_burst_splitter/i_demux_supported_vs_unsupported/gen_demux.gen_aw_id_counter.i_aw_id_counter/gen_counters[3].i_in_flight_cnt/i___34
    SLICE_X41Y133        LUT6 (Prop_lut6_I1_O)        0.264     3.299 f  i_kecc_aes_k_axi_top/i_axi2reg/i_axi_to_axi_lite/i_axi_burst_splitter/i_demux_supported_vs_unsupported/gen_demux.gen_aw_id_counter.i_aw_id_counter/gen_counters[3].i_in_flight_cnt/i___34_i_1/O
                         net (fo=2, estimated)        0.787     4.086    i_kecc_aes_k_axi_top/i_axi2reg/i_axi_to_axi_lite_n_170
    SLICE_X35Y133        LUT5 (Prop_lut5_I0_O)        0.105     4.191 f  i_kecc_aes_k_axi_top/i_axi2reg/i___83/O
                         net (fo=4, estimated)        0.477     4.668    i_kecc_aes_k_axi_top/i_axi2reg/i_axi_to_axi_lite/i_axi_burst_splitter/i_demux_supported_vs_unsupported/gen_demux.gen_aw_id_counter.i_aw_id_counter/gen_counters[3].i_in_flight_cnt/gen_demux.lock_aw_valid_q_reg_2
    SLICE_X35Y134        LUT5 (Prop_lut5_I2_O)        0.105     4.773 f  i_kecc_aes_k_axi_top/i_axi2reg/i_axi_to_axi_lite/i_axi_burst_splitter/i_demux_supported_vs_unsupported/gen_demux.gen_aw_id_counter.i_aw_id_counter/gen_counters[3].i_in_flight_cnt/i___30_i_4/O
                         net (fo=21, estimated)       0.175     4.948    i_kecc_aes_k_axi_top/i_axi2reg/i_axi_burst_splitter/i_axi_burst_splitter_aw_chan/state_d0
    SLICE_X35Y134        LUT5 (Prop_lut5_I4_O)        0.105     5.053 r  i_kecc_aes_k_axi_top/i_axi2reg/i___2_i_3/O
                         net (fo=2, estimated)        0.242     5.295    i_kecc_aes_k_axi_top/i_axi2reg/i___2_i_3_n_0
    SLICE_X37Y135        LUT3 (Prop_lut3_I0_O)        0.105     5.400 f  i_kecc_aes_k_axi_top/i_axi2reg/i___2_i_1/O
                         net (fo=81, estimated)       0.211     5.611    i_kecc_aes_k_axi_top/i_axi2reg/i___2_i_1_n_0
    SLICE_X37Y135        LUT5 (Prop_lut5_I1_O)        0.105     5.716 r  i_kecc_aes_k_axi_top/i_axi2reg/mem_q[0][data][63]_i_45/O
                         net (fo=1, estimated)        0.505     6.221    i_kecc_aes_k_axi_top/i_axi2reg/mem_q[0][data][63]_i_45_n_0
    SLICE_X43Y139        LUT5 (Prop_lut5_I4_O)        0.105     6.326 r  i_kecc_aes_k_axi_top/i_axi2reg/mem_q[0][data][63]_i_27/O
                         net (fo=15, estimated)       0.888     7.214    i_kecc_aes_k_axi_top/i_axi2reg/i_axi_lite_to_reg/i_fifo_read/reg_req_i[addr][6]
    SLICE_X44Y146        LUT5 (Prop_lut5_I0_O)        0.105     7.319 r  i_kecc_aes_k_axi_top/i_axi2reg/i_axi_lite_to_reg/i_fifo_read/q[63]_i_8/O
                         net (fo=20, estimated)       0.882     8.201    i_kecc_aes_k_axi_top/i_axi2reg/i_axi_lite_to_reg/i_fifo_read/q[63]_i_8_n_0
    SLICE_X44Y153        LUT5 (Prop_lut5_I0_O)        0.105     8.306 r  i_kecc_aes_k_axi_top/i_axi2reg/i_axi_lite_to_reg/i_fifo_read/q[63]_i_2__3/O
                         net (fo=65, estimated)       0.544     8.850    i_kecc_aes_k_axi_top/i_axi2reg/i_axi_lite_to_reg/i_fifo_read/mem_q_reg[1][5]_2
    SLICE_X43Y153        LUT5 (Prop_lut5_I2_O)        0.105     8.955 r  i_kecc_aes_k_axi_top/i_axi2reg/i_axi_lite_to_reg/i_fifo_read/mem_q[0][error]_i_20/O
                         net (fo=1, estimated)        0.414     9.369    i_kecc_aes_k_axi_top/i_axi2reg/i_axi_lite_to_reg/i_fifo_read/mem_q[0][error]_i_20_n_0
    SLICE_X42Y153        LUT6 (Prop_lut6_I0_O)        0.105     9.474 r  i_kecc_aes_k_axi_top/i_axi2reg/i_axi_lite_to_reg/i_fifo_read/mem_q[0][error]_i_7/O
                         net (fo=33, estimated)       0.552    10.026    i_kecc_aes_k_axi_top/i_axi2reg/i_axi_lite_to_reg/i_fifo_read/mem_q[0][error]_i_7_n_0
    SLICE_X33Y153        LUT6 (Prop_lut6_I4_O)        0.105    10.131 r  i_kecc_aes_k_axi_top/i_axi2reg/i_axi_lite_to_reg/i_fifo_read/q[63]_i_3__18/O
                         net (fo=65, estimated)       1.039    11.170    i_kecc_aes_k_axi_top/i_axi2reg/i_axi_lite_to_reg/i_fifo_write_req/keccak_data_3_we
    SLICE_X24Y152        LUT3 (Prop_lut3_I2_O)        0.115    11.285 f  i_kecc_aes_k_axi_top/i_axi2reg/i_axi_lite_to_reg/i_fifo_write_req/wr_en_data_arb/q[38]_i_1__2/O
                         net (fo=1, estimated)        0.807    12.092    i_kecc_aes_k_axi_top/kecc_aes_k_axi_reg_top_i/u_keccak_data_3/q_reg[63]_0[38]
    SLICE_X25Y152        FDCE                                         f  i_kecc_aes_k_axi_top/kecc_aes_k_axi_reg_top_i/u_keccak_data_3/q_reg[38]/D
  -------------------------------------------------------------------    -------------------

                         (clock clk_i rise edge)     10.000    10.000 r  
                                                      0.000    10.000 r  clk_i (IN)
                         net (fo=4786, unset)         0.748    10.748    i_kecc_aes_k_axi_top/kecc_aes_k_axi_reg_top_i/u_keccak_data_3/clk_i
    SLICE_X25Y152        FDCE                                         r  i_kecc_aes_k_axi_top/kecc_aes_k_axi_reg_top_i/u_keccak_data_3/q_reg[38]/C
                         clock pessimism              0.000    10.748    
                         clock uncertainty           -0.035    10.712    
    SLICE_X25Y152        FDCE (Setup_fdce_C_D)       -0.234    10.478    i_kecc_aes_k_axi_top/kecc_aes_k_axi_reg_top_i/u_keccak_data_3/q_reg[38]
  -------------------------------------------------------------------
                         required time                         10.478    
                         arrival time                         -12.092    
  -------------------------------------------------------------------
                         slack                                 -1.614    

Slack (VIOLATED) :        -1.614ns  (required time - arrival time)
  Source:                 i_kecc_aes_k_axi_top/i_axi2reg/i_axi_to_axi_lite/i_axi_burst_splitter/i_demux_supported_vs_unsupported/gen_demux.gen_aw_id_counter.i_aw_id_counter/gen_counters[23].mst_select_q_reg[23][0]/C
                            (rising edge-triggered cell FDCE clocked by clk_i  {rise@0.000ns fall@5.000ns period=10.000ns})
  Destination:            i_kecc_aes_k_axi_top/kecc_aes_k_axi_reg_top_i/u_keccak_data_3/q_reg[38]/D
                            (rising edge-triggered cell FDCE clocked by clk_i  {rise@0.000ns fall@5.000ns period=10.000ns})
  Path Group:             clk_i
  Path Type:              Setup (Max at Slow Process Corner)
  Requirement:            10.000ns  (clk_i rise@10.000ns - clk_i rise@0.000ns)
  Data Path Delay:        11.305ns  (logic 2.455ns (21.716%)  route 8.850ns (78.284%))
  Logic Levels:           16  (LUT3=2 LUT5=8 LUT6=4 MUXF7=1 MUXF8=1)
  Clock Path Skew:        -0.039ns (DCD - SCD + CPR)
    Destination Clock Delay (DCD):    0.748ns = ( 10.748 - 10.000 ) 
    Source Clock Delay      (SCD):    0.787ns
    Clock Pessimism Removal (CPR):    0.000ns
  Clock Uncertainty:      0.035ns  ((TSJ^2 + TIJ^2)^1/2 + DJ) / 2 + PE
    Total System Jitter     (TSJ):    0.071ns
    Total Input Jitter      (TIJ):    0.000ns
    Discrete Jitter          (DJ):    0.000ns
    Phase Error              (PE):    0.000ns

    Location             Delay type                Incr(ns)  Path(ns)    Netlist Resource(s)
  -------------------------------------------------------------------    -------------------
                         (clock clk_i rise edge)      0.000     0.000 r  
                                                      0.000     0.000 r  clk_i (IN)
                         net (fo=4786, unset)         0.787     0.787    i_kecc_aes_k_axi_top/i_axi2reg/i_axi_to_axi_lite/i_axi_burst_splitter/i_demux_supported_vs_unsupported/gen_demux.gen_aw_id_counter.i_aw_id_counter/clk_i
    SLICE_X38Y132        FDCE                                         r  i_kecc_aes_k_axi_top/i_axi2reg/i_axi_to_axi_lite/i_axi_burst_splitter/i_demux_supported_vs_unsupported/gen_demux.gen_aw_id_counter.i_aw_id_counter/gen_counters[23].mst_select_q_reg[23][0]/C
  -------------------------------------------------------------------    -------------------
    SLICE_X38Y132        FDCE (Prop_fdce_C_Q)         0.398     1.185 f  i_kecc_aes_k_axi_top/i_axi2reg/i_axi_to_axi_lite/i_axi_burst_splitter/i_demux_supported_vs_unsupported/gen_demux.gen_aw_id_counter.i_aw_id_counter/gen_counters[23].mst_select_q_reg[23][0]/Q
                         net (fo=2, estimated)        0.674     1.859    i_kecc_aes_k_axi_top/i_axi2reg/i_axi_to_axi_lite/i_axi_burst_splitter/i_demux_supported_vs_unsupported/gen_demux.gen_aw_id_counter.i_aw_id_counter/gen_counters[23].mst_select_q_reg[23]_8
    SLICE_X41Y132        LUT6 (Prop_lut6_I0_O)        0.232     2.091 f  i_kecc_aes_k_axi_top/i_axi2reg/i_axi_to_axi_lite/i_axi_burst_splitter/i_demux_supported_vs_unsupported/gen_demux.gen_aw_id_counter.i_aw_id_counter/i___34_i_36/O
                         net (fo=1, routed)           0.000     2.091    i_kecc_aes_k_axi_top/i_axi2reg/i_axi_to_axi_lite/i_axi_burst_splitter/i_demux_supported_vs_unsupported/gen_demux.gen_aw_id_counter.i_aw_id_counter/i___34_i_36_n_0
    SLICE_X41Y132        MUXF7 (Prop_muxf7_I1_O)      0.206     2.297 f  i_kecc_aes_k_axi_top/i_axi2reg/i_axi_to_axi_lite/i_axi_burst_splitter/i_demux_supported_vs_unsupported/gen_demux.gen_aw_id_counter.i_aw_id_counter/i___34_i_15/O
                         net (fo=1, routed)           0.000     2.297    i_kecc_aes_k_axi_top/i_axi2reg/i_axi_to_axi_lite/i_axi_burst_splitter/i_demux_supported_vs_unsupported/gen_demux.gen_aw_id_counter.i_aw_id_counter/i___34_i_15_n_0
    SLICE_X41Y132        MUXF8 (Prop_muxf8_I0_O)      0.085     2.382 f  i_kecc_aes_k_axi_top/i_axi2reg/i_axi_to_axi_lite/i_axi_burst_splitter/i_demux_supported_vs_unsupported/gen_demux.gen_aw_id_counter.i_aw_id_counter/i___34_i_5/O
                         net (fo=1, estimated)        0.653     3.035    i_kecc_aes_k_axi_top/i_axi2reg/i_axi_to_axi_lite/i_axi_burst_splitter/i_demux_supported_vs_unsupported/gen_demux.gen_aw_id_counter.i_aw_id_counter/gen_counters[3].i_in_flight_cnt/i___34
    SLICE_X41Y133        LUT6 (Prop_lut6_I1_O)        0.264     3.299 f  i_kecc_aes_k_axi_top/i_axi2reg/i_axi_to_axi_lite/i_axi_burst_splitter/i_demux_supported_vs_unsupported/gen_demux.gen_aw_id_counter.i_aw_id_counter/gen_counters[3].i_in_flight_cnt/i___34_i_1/O
                         net (fo=2, estimated)        0.787     4.086    i_kecc_aes_k_axi_top/i_axi2reg/i_axi_to_axi_lite_n_170
    SLICE_X35Y133        LUT5 (Prop_lut5_I0_O)        0.105     4.191 f  i_kecc_aes_k_axi_top/i_axi2reg/i___83/O
                         net (fo=4, estimated)        0.477     4.668    i_kecc_aes_k_axi_top/i_axi2reg/i_axi_to_axi_lite/i_axi_burst_splitter/i_demux_supported_vs_unsupported/gen_demux.gen_aw_id_counter.i_aw_id_counter/gen_counters[3].i_in_flight_cnt/gen_demux.lock_aw_valid_q_reg_2
    SLICE_X35Y134        LUT5 (Prop_lut5_I2_O)        0.105     4.773 f  i_kecc_aes_k_axi_top/i_axi2reg/i_axi_to_axi_lite/i_axi_burst_splitter/i_demux_supported_vs_unsupported/gen_demux.gen_aw_id_counter.i_aw_id_counter/gen_counters[3].i_in_flight_cnt/i___30_i_4/O
                         net (fo=21, estimated)       0.175     4.948    i_kecc_aes_k_axi_top/i_axi2reg/i_axi_burst_splitter/i_axi_burst_splitter_aw_chan/state_d0
    SLICE_X35Y134        LUT5 (Prop_lut5_I4_O)        0.105     5.053 r  i_kecc_aes_k_axi_top/i_axi2reg/i___2_i_3/O
                         net (fo=2, estimated)        0.242     5.295    i_kecc_aes_k_axi_top/i_axi2reg/i___2_i_3_n_0
    SLICE_X37Y135        LUT3 (Prop_lut3_I0_O)        0.105     5.400 f  i_kecc_aes_k_axi_top/i_axi2reg/i___2_i_1/O
                         net (fo=81, estimated)       0.211     5.611    i_kecc_aes_k_axi_top/i_axi2reg/i___2_i_1_n_0
    SLICE_X37Y135        LUT5 (Prop_lut5_I1_O)        0.105     5.716 r  i_kecc_aes_k_axi_top/i_axi2reg/mem_q[0][data][63]_i_45/O
                         net (fo=1, estimated)        0.505     6.221    i_kecc_aes_k_axi_top/i_axi2reg/mem_q[0][data][63]_i_45_n_0
    SLICE_X43Y139        LUT5 (Prop_lut5_I4_O)        0.105     6.326 r  i_kecc_aes_k_axi_top/i_axi2reg/mem_q[0][data][63]_i_27/O
                         net (fo=15, estimated)       0.888     7.214    i_kecc_aes_k_axi_top/i_axi2reg/i_axi_lite_to_reg/i_fifo_read/reg_req_i[addr][6]
    SLICE_X44Y146        LUT5 (Prop_lut5_I0_O)        0.105     7.319 r  i_kecc_aes_k_axi_top/i_axi2reg/i_axi_lite_to_reg/i_fifo_read/q[63]_i_8/O
                         net (fo=20, estimated)       0.882     8.201    i_kecc_aes_k_axi_top/i_axi2reg/i_axi_lite_to_reg/i_fifo_read/q[63]_i_8_n_0
    SLICE_X44Y153        LUT5 (Prop_lut5_I0_O)        0.105     8.306 r  i_kecc_aes_k_axi_top/i_axi2reg/i_axi_lite_to_reg/i_fifo_read/q[63]_i_2__3/O
                         net (fo=65, estimated)       0.544     8.850    i_kecc_aes_k_axi_top/i_axi2reg/i_axi_lite_to_reg/i_fifo_read/mem_q_reg[1][5]_2
    SLICE_X43Y153        LUT5 (Prop_lut5_I2_O)        0.105     8.955 r  i_kecc_aes_k_axi_top/i_axi2reg/i_axi_lite_to_reg/i_fifo_read/mem_q[0][error]_i_20/O
                         net (fo=1, estimated)        0.414     9.369    i_kecc_aes_k_axi_top/i_axi2reg/i_axi_lite_to_reg/i_fifo_read/mem_q[0][error]_i_20_n_0
    SLICE_X42Y153        LUT6 (Prop_lut6_I0_O)        0.105     9.474 r  i_kecc_aes_k_axi_top/i_axi2reg/i_axi_lite_to_reg/i_fifo_read/mem_q[0][error]_i_7/O
                         net (fo=33, estimated)       0.552    10.026    i_kecc_aes_k_axi_top/i_axi2reg/i_axi_lite_to_reg/i_fifo_read/mem_q[0][error]_i_7_n_0
    SLICE_X33Y153        LUT6 (Prop_lut6_I4_O)        0.105    10.131 r  i_kecc_aes_k_axi_top/i_axi2reg/i_axi_lite_to_reg/i_fifo_read/q[63]_i_3__18/O
                         net (fo=65, estimated)       1.039    11.170    i_kecc_aes_k_axi_top/i_axi2reg/i_axi_lite_to_reg/i_fifo_write_req/keccak_data_3_we
    SLICE_X24Y152        LUT3 (Prop_lut3_I2_O)        0.115    11.285 f  i_kecc_aes_k_axi_top/i_axi2reg/i_axi_lite_to_reg/i_fifo_write_req/wr_en_data_arb/q[38]_i_1__2/O
                         net (fo=1, estimated)        0.807    12.092    i_kecc_aes_k_axi_top/kecc_aes_k_axi_reg_top_i/u_keccak_data_3/q_reg[63]_0[38]
    SLICE_X25Y152        FDCE                                         f  i_kecc_aes_k_axi_top/kecc_aes_k_axi_reg_top_i/u_keccak_data_3/q_reg[38]/D
  -------------------------------------------------------------------    -------------------

                         (clock clk_i rise edge)     10.000    10.000 r  
                                                      0.000    10.000 r  clk_i (IN)
                         net (fo=4786, unset)         0.748    10.748    i_kecc_aes_k_axi_top/kecc_aes_k_axi_reg_top_i/u_keccak_data_3/clk_i
    SLICE_X25Y152        FDCE                                         r  i_kecc_aes_k_axi_top/kecc_aes_k_axi_reg_top_i/u_keccak_data_3/q_reg[38]/C
                         clock pessimism              0.000    10.748    
                         clock uncertainty           -0.035    10.712    
    SLICE_X25Y152        FDCE (Setup_fdce_C_D)       -0.234    10.478    i_kecc_aes_k_axi_top/kecc_aes_k_axi_reg_top_i/u_keccak_data_3/q_reg[38]
  -------------------------------------------------------------------
                         required time                         10.478    
                         arrival time                         -12.092    
  -------------------------------------------------------------------
                         slack                                 -1.614    




