Copyright 1986-2022 Xilinx, Inc. All Rights Reserved. Copyright 2022-2024 Advanced Micro Devices, Inc. All Rights Reserved.
---------------------------------------------------------------------------------------------------------------------------------------------
| Tool Version : Vivado v.2024.1 (win64) Build 5076996 Wed May 22 18:37:14 MDT 2024
| Date         : Tue Aug  4 12:58:44 2026
| Host         : AlessandraYOGA running 64-bit major release  (build 9200)
| Command      : report_timing -max_paths 20 -nworst 20 -delay_type max -sort_by slack -file reports/ariane_synth_top.timing_WORST_20.rpt
| Design       : ariane_synth_top
| Device       : 7a100t-ftg256
| Speed File   : -2  PRODUCTION 1.23 2018-06-13
| Design State : Optimized
---------------------------------------------------------------------------------------------------------------------------------------------

Timing Report

Slack (VIOLATED) :        -17.641ns  (required time - arrival time)
  Source:                 i_ariane/i_cva6/ex_stage_i/fpu_gen.fpu_i/fpu_gen.i_fpnew_bulk/gen_operation_groups[3].i_opgroup_block/gen_merged_slice.i_multifmt_slice/gen_num_lanes[0].active_lane.lane_instance.i_fpnew_cast_multi/gen_inside_pipeline[0].mid_pipe_dst_fmt_q_reg[1][1]/C
                            (rising edge-triggered cell FDCE clocked by clk_i  {rise@0.000ns fall@5.000ns period=10.000ns})
  Destination:            i_ariane/gen_cvxif.gen_COPRO_KECC_AES_K.i_kecc_aes_k_xif_coprocessor/i_ex/result_o_reg[2]/D
                            (rising edge-triggered cell FDCE clocked by clk_i  {rise@0.000ns fall@5.000ns period=10.000ns})
  Path Group:             clk_i
  Path Type:              Setup (Max at Slow Process Corner)
  Requirement:            10.000ns  (clk_i rise@10.000ns - clk_i rise@0.000ns)
  Data Path Delay:        27.609ns  (logic 8.852ns (32.062%)  route 18.757ns (67.938%))
  Logic Levels:           54  (CARRY4=17 LUT1=1 LUT2=1 LUT3=2 LUT4=4 LUT5=8 LUT6=20 MUXF7=1)
  Clock Path Skew:        -0.039ns (DCD - SCD + CPR)
    Destination Clock Delay (DCD):    0.748ns = ( 10.748 - 10.000 ) 
    Source Clock Delay      (SCD):    0.787ns
    Clock Pessimism Removal (CPR):    0.000ns
  Clock Uncertainty:      0.035ns  ((TSJ^2 + TIJ^2)^1/2 + DJ) / 2 + PE
    Total System Jitter     (TSJ):    0.071ns
    Total Input Jitter      (TIJ):    0.000ns
    Discrete Jitter          (DJ):    0.000ns
    Phase Error              (PE):    0.000ns

    Location             Delay type                Incr(ns)  Path(ns)    Netlist Resource(s)
  -------------------------------------------------------------------    -------------------
                         (clock clk_i rise edge)      0.000     0.000 r  
                                                      0.000     0.000 r  clk_i (IN)
                         net (fo=23772, unset)        0.787     0.787    i_ariane/i_cva6/ex_stage_i/fpu_gen.fpu_i/fpu_gen.i_fpnew_bulk/gen_operation_groups[3].i_opgroup_block/gen_merged_slice.i_multifmt_slice/gen_num_lanes[0].active_lane.lane_instance.i_fpnew_cast_multi/clk_i
                         FDCE                                         r  i_ariane/i_cva6/ex_stage_i/fpu_gen.fpu_i/fpu_gen.i_fpnew_bulk/gen_operation_groups[3].i_opgroup_block/gen_merged_slice.i_multifmt_slice/gen_num_lanes[0].active_lane.lane_instance.i_fpnew_cast_multi/gen_inside_pipeline[0].mid_pipe_dst_fmt_q_reg[1][1]/C
  -------------------------------------------------------------------    -------------------
                         FDCE (Prop_fdce_C_Q)         0.397     1.184 r  i_ariane/i_cva6/ex_stage_i/fpu_gen.fpu_i/fpu_gen.i_fpnew_bulk/gen_operation_groups[3].i_opgroup_block/gen_merged_slice.i_multifmt_slice/gen_num_lanes[0].active_lane.lane_instance.i_fpnew_cast_multi/gen_inside_pipeline[0].mid_pipe_dst_fmt_q_reg[1][1]/Q
                         net (fo=140, unplaced)       0.733     1.917    i_ariane/i_cva6/ex_stage_i/fpu_gen.fpu_i/fpu_gen.i_fpnew_bulk/gen_operation_groups[3].i_opgroup_block/gen_merged_slice.i_multifmt_slice/gen_num_lanes[0].active_lane.lane_instance.i_fpnew_cast_multi/gen_inside_pipeline[0].mid_pipe_dst_fmt_q_reg_n_0_[1][1]
                         LUT3 (Prop_lut3_I0_O)        0.232     2.149 r  i_ariane/i_cva6/ex_stage_i/fpu_gen.fpu_i/fpu_gen.i_fpnew_bulk/gen_operation_groups[3].i_opgroup_block/gen_merged_slice.i_multifmt_slice/gen_num_lanes[0].active_lane.lane_instance.i_fpnew_cast_multi/mem_q[7][sbe][result][54]_i_102/O
                         net (fo=2, unplaced)         0.269     2.418    i_ariane/i_cva6/ex_stage_i/fpu_gen.fpu_i/fpu_gen.i_fpnew_bulk/gen_operation_groups[3].i_opgroup_block/gen_merged_slice.i_multifmt_slice/gen_num_lanes[0].active_lane.lane_instance.i_fpnew_cast_multi/mem_q[7][sbe][result][54]_i_102_n_0
                         CARRY4 (Prop_carry4_CYINIT_CO[3])
                                                      0.494     2.912 r  i_ariane/i_cva6/ex_stage_i/fpu_gen.fpu_i/fpu_gen.i_fpnew_bulk/gen_operation_groups[3].i_opgroup_block/gen_merged_slice.i_multifmt_slice/gen_num_lanes[0].active_lane.lane_instance.i_fpnew_cast_multi/i___371_i_68/CO[3]
                         net (fo=1, unplaced)         0.000     2.912    i_ariane/i_cva6/ex_stage_i/fpu_gen.fpu_i/fpu_gen.i_fpnew_bulk/gen_operation_groups[3].i_opgroup_block/gen_merged_slice.i_multifmt_slice/gen_num_lanes[0].active_lane.lane_instance.i_fpnew_cast_multi/i___371_i_68_n_0
                         CARRY4 (Prop_carry4_CI_CO[3])
                                                      0.100     3.012 r  i_ariane/i_cva6/ex_stage_i/fpu_gen.fpu_i/fpu_gen.i_fpnew_bulk/gen_operation_groups[3].i_opgroup_block/gen_merged_slice.i_multifmt_slice/gen_num_lanes[0].active_lane.lane_instance.i_fpnew_cast_multi/i___371_i_53/CO[3]
                         net (fo=1, unplaced)         0.000     3.012    i_ariane/i_cva6/ex_stage_i/fpu_gen.fpu_i/fpu_gen.i_fpnew_bulk/gen_operation_groups[3].i_opgroup_block/gen_merged_slice.i_multifmt_slice/gen_num_lanes[0].active_lane.lane_instance.i_fpnew_cast_multi/i___371_i_53_n_0
                         CARRY4 (Prop_carry4_CI_CO[3])
                                                      0.100     3.112 r  i_ariane/i_cva6/ex_stage_i/fpu_gen.fpu_i/fpu_gen.i_fpnew_bulk/gen_operation_groups[3].i_opgroup_block/gen_merged_slice.i_multifmt_slice/gen_num_lanes[0].active_lane.lane_instance.i_fpnew_cast_multi/i___371_i_51/CO[3]
                         net (fo=1, unplaced)         0.000     3.112    i_ariane/i_cva6/ex_stage_i/fpu_gen.fpu_i/fpu_gen.i_fpnew_bulk/gen_operation_groups[3].i_opgroup_block/gen_merged_slice.i_multifmt_slice/gen_num_lanes[0].active_lane.lane_instance.i_fpnew_cast_multi/i___371_i_51_n_0
                         CARRY4 (Prop_carry4_CI_CO[3])
                                                      0.100     3.212 r  i_ariane/i_cva6/ex_stage_i/fpu_gen.fpu_i/fpu_gen.i_fpnew_bulk/gen_operation_groups[3].i_opgroup_block/gen_merged_slice.i_multifmt_slice/gen_num_lanes[0].active_lane.lane_instance.i_fpnew_cast_multi/i___371_i_81/CO[3]
                         net (fo=16, unplaced)        0.664     3.876    i_ariane/i_cva6/ex_stage_i/fpu_gen.fpu_i/fpu_gen.i_fpnew_bulk/gen_operation_groups[3].i_opgroup_block/gen_merged_slice.i_multifmt_slice/gen_num_lanes[0].active_lane.lane_instance.i_fpnew_cast_multi/i___371_i_81_n_0
                         LUT2 (Prop_lut2_I1_O)        0.105     3.981 r  i_ariane/i_cva6/ex_stage_i/fpu_gen.fpu_i/fpu_gen.i_fpnew_bulk/gen_operation_groups[3].i_opgroup_block/gen_merged_slice.i_multifmt_slice/gen_num_lanes[0].active_lane.lane_instance.i_fpnew_cast_multi/i___371_i_76/O
                         net (fo=1, unplaced)         0.000     3.981    i_ariane/i_cva6/ex_stage_i/fpu_gen.fpu_i/fpu_gen.i_fpnew_bulk/gen_operation_groups[3].i_opgroup_block/gen_merged_slice.i_multifmt_slice/gen_num_lanes[0].active_lane.lane_instance.i_fpnew_cast_multi/i___371_i_76_n_0
                         CARRY4 (Prop_carry4_DI[0]_CO[3])
                                                      0.477     4.458 r  i_ariane/i_cva6/ex_stage_i/fpu_gen.fpu_i/fpu_gen.i_fpnew_bulk/gen_operation_groups[3].i_opgroup_block/gen_merged_slice.i_multifmt_slice/gen_num_lanes[0].active_lane.lane_instance.i_fpnew_cast_multi/i___371_i_57/CO[3]
                         net (fo=1, unplaced)         0.000     4.458    i_ariane/i_cva6/ex_stage_i/fpu_gen.fpu_i/fpu_gen.i_fpnew_bulk/gen_operation_groups[3].i_opgroup_block/gen_merged_slice.i_multifmt_slice/gen_num_lanes[0].active_lane.lane_instance.i_fpnew_cast_multi/i___371_i_57_n_0
                         CARRY4 (Prop_carry4_CI_CO[3])
                                                      0.100     4.558 f  i_ariane/i_cva6/ex_stage_i/fpu_gen.fpu_i/fpu_gen.i_fpnew_bulk/gen_operation_groups[3].i_opgroup_block/gen_merged_slice.i_multifmt_slice/gen_num_lanes[0].active_lane.lane_instance.i_fpnew_cast_multi/i___371_i_49/CO[3]
                         net (fo=61, unplaced)        0.697     5.255    i_ariane/i_cva6/ex_stage_i/fpu_gen.fpu_i/fpu_gen.i_fpnew_bulk/gen_operation_groups[3].i_opgroup_block/gen_merged_slice.i_multifmt_slice/gen_num_lanes[0].active_lane.lane_instance.i_fpnew_cast_multi/preshift_mant1
                         LUT4 (Prop_lut4_I3_O)        0.105     5.360 f  i_ariane/i_cva6/ex_stage_i/fpu_gen.fpu_i/fpu_gen.i_fpnew_bulk/gen_operation_groups[3].i_opgroup_block/gen_merged_slice.i_multifmt_slice/gen_num_lanes[0].active_lane.lane_instance.i_fpnew_cast_multi/mem_q[7][sbe][ex][cause][0]_i_129/O
                         net (fo=4, unplaced)         0.371     5.731    i_ariane/i_cva6/ex_stage_i/fpu_gen.fpu_i/fpu_gen.i_fpnew_bulk/gen_operation_groups[3].i_opgroup_block/gen_merged_slice.i_multifmt_slice/gen_num_lanes[0].active_lane.lane_instance.i_fpnew_cast_multi/mem_q[7][sbe][ex][cause][0]_i_129_n_0
                         LUT6 (Prop_lut6_I4_O)        0.105     5.836 f  i_ariane/i_cva6/ex_stage_i/fpu_gen.fpu_i/fpu_gen.i_fpnew_bulk/gen_operation_groups[3].i_opgroup_block/gen_merged_slice.i_multifmt_slice/gen_num_lanes[0].active_lane.lane_instance.i_fpnew_cast_multi/mem_q[7][sbe][ex][cause][0]_i_287/O
                         net (fo=117, unplaced)       0.450     6.286    i_ariane/i_cva6/ex_stage_i/fpu_gen.fpu_i/fpu_gen.i_fpnew_bulk/gen_operation_groups[3].i_opgroup_block/gen_merged_slice.i_multifmt_slice/gen_num_lanes[0].active_lane.lane_instance.i_fpnew_cast_multi/mem_q[7][sbe][ex][cause][0]_i_287_n_0
                         LUT5 (Prop_lut5_I4_O)        0.105     6.391 r  i_ariane/i_cva6/ex_stage_i/fpu_gen.fpu_i/fpu_gen.i_fpnew_bulk/gen_operation_groups[3].i_opgroup_block/gen_merged_slice.i_multifmt_slice/gen_num_lanes[0].active_lane.lane_instance.i_fpnew_cast_multi/mem_q[7][sbe][ex][cause][0]_i_512/O
                         net (fo=35, unplaced)        0.420     6.811    i_ariane/i_cva6/ex_stage_i/fpu_gen.fpu_i/fpu_gen.i_fpnew_bulk/gen_operation_groups[3].i_opgroup_block/gen_merged_slice.i_multifmt_slice/gen_num_lanes[0].active_lane.lane_instance.i_fpnew_cast_multi/mem_q[7][sbe][ex][cause][0]_i_512_n_0
                         LUT6 (Prop_lut6_I2_O)        0.105     6.916 r  i_ariane/i_cva6/ex_stage_i/fpu_gen.fpu_i/fpu_gen.i_fpnew_bulk/gen_operation_groups[3].i_opgroup_block/gen_merged_slice.i_multifmt_slice/gen_num_lanes[0].active_lane.lane_instance.i_fpnew_cast_multi/mem_q[7][sbe][ex][cause][0]_i_481/O
                         net (fo=3, unplaced)         0.600     7.516    i_ariane/i_cva6/ex_stage_i/fpu_gen.fpu_i/fpu_gen.i_fpnew_bulk/gen_operation_groups[3].i_opgroup_block/gen_merged_slice.i_multifmt_slice/gen_num_lanes[0].active_lane.lane_instance.i_fpnew_cast_multi/mem_q[7][sbe][ex][cause][0]_i_481_n_0
                         LUT6 (Prop_lut6_I0_O)        0.105     7.621 r  i_ariane/i_cva6/ex_stage_i/fpu_gen.fpu_i/fpu_gen.i_fpnew_bulk/gen_operation_groups[3].i_opgroup_block/gen_merged_slice.i_multifmt_slice/gen_num_lanes[0].active_lane.lane_instance.i_fpnew_cast_multi/mem_q[7][sbe][ex][cause][0]_i_349/O
                         net (fo=4, unplaced)         0.606     8.227    i_ariane/i_cva6/ex_stage_i/fpu_gen.fpu_i/fpu_gen.i_fpnew_bulk/gen_operation_groups[3].i_opgroup_block/gen_merged_slice.i_multifmt_slice/gen_num_lanes[0].active_lane.lane_instance.i_fpnew_cast_multi/mem_q[7][sbe][ex][cause][0]_i_349_n_0
                         LUT6 (Prop_lut6_I1_O)        0.105     8.332 r  i_ariane/i_cva6/ex_stage_i/fpu_gen.fpu_i/fpu_gen.i_fpnew_bulk/gen_operation_groups[3].i_opgroup_block/gen_merged_slice.i_multifmt_slice/gen_num_lanes[0].active_lane.lane_instance.i_fpnew_cast_multi/mem_q[7][sbe][ex][cause][0]_i_212/O
                         net (fo=3, unplaced)         0.796     9.128    i_ariane/i_cva6/ex_stage_i/fpu_gen.fpu_i/fpu_gen.i_fpnew_bulk/gen_operation_groups[3].i_opgroup_block/gen_merged_slice.i_multifmt_slice/gen_num_lanes[0].active_lane.lane_instance.i_fpnew_cast_multi/mem_q[7][sbe][ex][cause][0]_i_212_n_0
                         LUT6 (Prop_lut6_I0_O)        0.105     9.233 r  i_ariane/i_cva6/ex_stage_i/fpu_gen.fpu_i/fpu_gen.i_fpnew_bulk/gen_operation_groups[3].i_opgroup_block/gen_merged_slice.i_multifmt_slice/gen_num_lanes[0].active_lane.lane_instance.i_fpnew_cast_multi/mem_q[7][sbe][ex][cause][0]_i_99/O
                         net (fo=1, unplaced)         0.778    10.011    i_ariane/i_cva6/ex_stage_i/fpu_gen.fpu_i/fpu_gen.i_fpnew_bulk/gen_operation_groups[3].i_opgroup_block/gen_merged_slice.i_multifmt_slice/gen_num_lanes[0].active_lane.lane_instance.i_fpnew_cast_multi/mem_q[7][sbe][ex][cause][0]_i_99_n_0
                         LUT5 (Prop_lut5_I0_O)        0.105    10.116 r  i_ariane/i_cva6/ex_stage_i/fpu_gen.fpu_i/fpu_gen.i_fpnew_bulk/gen_operation_groups[3].i_opgroup_block/gen_merged_slice.i_multifmt_slice/gen_num_lanes[0].active_lane.lane_instance.i_fpnew_cast_multi/mem_q[7][sbe][ex][cause][0]_i_27/O
                         net (fo=1, unplaced)         0.582    10.698    i_ariane/i_cva6/ex_stage_i/fpu_gen.fpu_i/fpu_gen.i_fpnew_bulk/gen_operation_groups[3].i_opgroup_block/gen_merged_slice.i_multifmt_slice/gen_num_lanes[0].active_lane.lane_instance.i_fpnew_cast_multi/mem_q[7][sbe][ex][cause][0]_i_27_n_0
                         LUT6 (Prop_lut6_I3_O)        0.105    10.803 r  i_ariane/i_cva6/ex_stage_i/fpu_gen.fpu_i/fpu_gen.i_fpnew_bulk/gen_operation_groups[3].i_opgroup_block/gen_merged_slice.i_multifmt_slice/gen_num_lanes[0].active_lane.lane_instance.i_fpnew_cast_multi/mem_q[7][sbe][ex][cause][0]_i_10/O
                         net (fo=4, unplaced)         0.371    11.174    i_ariane/i_cva6/ex_stage_i/fpu_gen.fpu_i/fpu_gen.i_fpnew_bulk/gen_operation_groups[3].i_opgroup_block/gen_merged_slice.i_multifmt_slice/gen_num_lanes[0].active_lane.lane_instance.i_fpnew_cast_multi/mem_q[7][sbe][ex][cause][0]_i_10_n_0
                         LUT6 (Prop_lut6_I4_O)        0.105    11.279 r  i_ariane/i_cva6/ex_stage_i/fpu_gen.fpu_i/fpu_gen.i_fpnew_bulk/gen_operation_groups[3].i_opgroup_block/gen_merged_slice.i_multifmt_slice/gen_num_lanes[0].active_lane.lane_instance.i_fpnew_cast_multi/i___366_i_119/O
                         net (fo=1, unplaced)         0.582    11.861    i_ariane/i_cva6/ex_stage_i/fpu_gen.fpu_i/fpu_gen.i_fpnew_bulk/gen_operation_groups[3].i_opgroup_block/gen_merged_slice.i_multifmt_slice/gen_num_lanes[0].active_lane.lane_instance.i_fpnew_cast_multi/i___366_i_119_n_0
                         LUT6 (Prop_lut6_I1_O)        0.105    11.966 r  i_ariane/i_cva6/ex_stage_i/fpu_gen.fpu_i/fpu_gen.i_fpnew_bulk/gen_operation_groups[3].i_opgroup_block/gen_merged_slice.i_multifmt_slice/gen_num_lanes[0].active_lane.lane_instance.i_fpnew_cast_multi/i___366_i_62/O
                         net (fo=1, unplaced)         0.000    11.966    i_ariane/i_cva6/ex_stage_i/fpu_gen.fpu_i/fpu_gen.i_fpnew_bulk/gen_operation_groups[3].i_opgroup_block/gen_merged_slice.i_multifmt_slice/gen_num_lanes[0].active_lane.lane_instance.i_fpnew_cast_multi/i___366_i_62_n_0
                         CARRY4 (Prop_carry4_S[0]_CO[3])
                                                      0.423    12.389 r  i_ariane/i_cva6/ex_stage_i/fpu_gen.fpu_i/fpu_gen.i_fpnew_bulk/gen_operation_groups[3].i_opgroup_block/gen_merged_slice.i_multifmt_slice/gen_num_lanes[0].active_lane.lane_instance.i_fpnew_cast_multi/i___366_i_32/CO[3]
                         net (fo=1, unplaced)         0.000    12.389    i_ariane/i_cva6/ex_stage_i/fpu_gen.fpu_i/fpu_gen.i_fpnew_bulk/gen_operation_groups[3].i_opgroup_block/gen_merged_slice.i_multifmt_slice/gen_num_lanes[0].active_lane.lane_instance.i_fpnew_cast_multi/i___366_i_32_n_0
                         CARRY4 (Prop_carry4_CI_CO[3])
                                                      0.100    12.489 r  i_ariane/i_cva6/ex_stage_i/fpu_gen.fpu_i/fpu_gen.i_fpnew_bulk/gen_operation_groups[3].i_opgroup_block/gen_merged_slice.i_multifmt_slice/gen_num_lanes[0].active_lane.lane_instance.i_fpnew_cast_multi/mem_q_reg[7][sbe][result][7]_i_34/CO[3]
                         net (fo=1, unplaced)         0.000    12.489    i_ariane/i_cva6/ex_stage_i/fpu_gen.fpu_i/fpu_gen.i_fpnew_bulk/gen_operation_groups[3].i_opgroup_block/gen_merged_slice.i_multifmt_slice/gen_num_lanes[0].active_lane.lane_instance.i_fpnew_cast_multi/mem_q_reg[7][sbe][result][7]_i_34_n_0
                         CARRY4 (Prop_carry4_CI_CO[3])
                                                      0.100    12.589 r  i_ariane/i_cva6/ex_stage_i/fpu_gen.fpu_i/fpu_gen.i_fpnew_bulk/gen_operation_groups[3].i_opgroup_block/gen_merged_slice.i_multifmt_slice/gen_num_lanes[0].active_lane.lane_instance.i_fpnew_cast_multi/mem_q_reg[7][sbe][result][11]_i_57/CO[3]
                         net (fo=1, unplaced)         0.000    12.589    i_ariane/i_cva6/ex_stage_i/fpu_gen.fpu_i/fpu_gen.i_fpnew_bulk/gen_operation_groups[3].i_opgroup_block/gen_merged_slice.i_multifmt_slice/gen_num_lanes[0].active_lane.lane_instance.i_fpnew_cast_multi/mem_q_reg[7][sbe][result][11]_i_57_n_0
                         CARRY4 (Prop_carry4_CI_CO[3])
                                                      0.100    12.689 r  i_ariane/i_cva6/ex_stage_i/fpu_gen.fpu_i/fpu_gen.i_fpnew_bulk/gen_operation_groups[3].i_opgroup_block/gen_merged_slice.i_multifmt_slice/gen_num_lanes[0].active_lane.lane_instance.i_fpnew_cast_multi/mem_q_reg[7][sbe][result][15]_i_52/CO[3]
                         net (fo=1, unplaced)         0.000    12.689    i_ariane/i_cva6/ex_stage_i/fpu_gen.fpu_i/fpu_gen.i_fpnew_bulk/gen_operation_groups[3].i_opgroup_block/gen_merged_slice.i_multifmt_slice/gen_num_lanes[0].active_lane.lane_instance.i_fpnew_cast_multi/mem_q_reg[7][sbe][result][15]_i_52_n_0
                         CARRY4 (Prop_carry4_CI_CO[3])
                                                      0.100    12.789 r  i_ariane/i_cva6/ex_stage_i/fpu_gen.fpu_i/fpu_gen.i_fpnew_bulk/gen_operation_groups[3].i_opgroup_block/gen_merged_slice.i_multifmt_slice/gen_num_lanes[0].active_lane.lane_instance.i_fpnew_cast_multi/mem_q_reg[7][sbe][result][23]_i_46/CO[3]
                         net (fo=1, unplaced)         0.000    12.789    i_ariane/i_cva6/ex_stage_i/fpu_gen.fpu_i/fpu_gen.i_fpnew_bulk/gen_operation_groups[3].i_opgroup_block/gen_merged_slice.i_multifmt_slice/gen_num_lanes[0].active_lane.lane_instance.i_fpnew_cast_multi/mem_q_reg[7][sbe][result][23]_i_46_n_0
                         CARRY4 (Prop_carry4_CI_CO[3])
                                                      0.100    12.889 r  i_ariane/i_cva6/ex_stage_i/fpu_gen.fpu_i/fpu_gen.i_fpnew_bulk/gen_operation_groups[3].i_opgroup_block/gen_merged_slice.i_multifmt_slice/gen_num_lanes[0].active_lane.lane_instance.i_fpnew_cast_multi/mem_q_reg[7][sbe][result][23]_i_29/CO[3]
                         net (fo=1, unplaced)         0.000    12.889    i_ariane/i_cva6/ex_stage_i/fpu_gen.fpu_i/fpu_gen.i_fpnew_bulk/gen_operation_groups[3].i_opgroup_block/gen_merged_slice.i_multifmt_slice/gen_num_lanes[0].active_lane.lane_instance.i_fpnew_cast_multi/mem_q_reg[7][sbe][result][23]_i_29_n_0
                         CARRY4 (Prop_carry4_CI_O[2])
                                                      0.214    13.103 f  i_ariane/i_cva6/ex_stage_i/fpu_gen.fpu_i/fpu_gen.i_fpnew_bulk/gen_operation_groups[3].i_opgroup_block/gen_merged_slice.i_multifmt_slice/gen_num_lanes[0].active_lane.lane_instance.i_fpnew_cast_multi/mem_q_reg[7][sbe][result][27]_i_35/O[2]
                         net (fo=6, unplaced)         0.381    13.484    i_ariane/i_cva6/ex_stage_i/fpu_gen.fpu_i/fpu_gen.i_fpnew_bulk/gen_operation_groups[3].i_opgroup_block/gen_merged_slice.i_multifmt_slice/gen_num_lanes[0].active_lane.lane_instance.i_fpnew_cast_multi/rounded_abs[26]
                         LUT1 (Prop_lut1_I0_O)        0.244    13.728 r  i_ariane/i_cva6/ex_stage_i/fpu_gen.fpu_i/fpu_gen.i_fpnew_bulk/gen_operation_groups[3].i_opgroup_block/gen_merged_slice.i_multifmt_slice/gen_num_lanes[0].active_lane.lane_instance.i_fpnew_cast_multi/mem_q[7][sbe][result][28]_i_58/O
                         net (fo=1, unplaced)         0.000    13.728    i_ariane/i_cva6/ex_stage_i/fpu_gen.fpu_i/fpu_gen.i_fpnew_bulk/gen_operation_groups[3].i_opgroup_block/gen_merged_slice.i_multifmt_slice/gen_num_lanes[0].active_lane.lane_instance.i_fpnew_cast_multi/mem_q[7][sbe][result][28]_i_58_n_0
                         CARRY4 (Prop_carry4_S[1]_CO[3])
                                                      0.444    14.172 r  i_ariane/i_cva6/ex_stage_i/fpu_gen.fpu_i/fpu_gen.i_fpnew_bulk/gen_operation_groups[3].i_opgroup_block/gen_merged_slice.i_multifmt_slice/gen_num_lanes[0].active_lane.lane_instance.i_fpnew_cast_multi/mem_q_reg[7][sbe][result][28]_i_31/CO[3]
                         net (fo=1, unplaced)         0.000    14.172    i_ariane/i_cva6/ex_stage_i/fpu_gen.fpu_i/fpu_gen.i_fpnew_bulk/gen_operation_groups[3].i_opgroup_block/gen_merged_slice.i_multifmt_slice/gen_num_lanes[0].active_lane.lane_instance.i_fpnew_cast_multi/mem_q_reg[7][sbe][result][28]_i_31_n_0
                         CARRY4 (Prop_carry4_CI_O[2])
                                                      0.214    14.386 f  i_ariane/i_cva6/ex_stage_i/fpu_gen.fpu_i/fpu_gen.i_fpnew_bulk/gen_operation_groups[3].i_opgroup_block/gen_merged_slice.i_multifmt_slice/gen_num_lanes[0].active_lane.lane_instance.i_fpnew_cast_multi/i___368_i_14/O[2]
                         net (fo=4, unplaced)         0.373    14.759    i_ariane/i_cva6/ex_stage_i/fpu_gen.fpu_i/fpu_gen.i_fpnew_bulk/gen_operation_groups[3].i_opgroup_block/gen_merged_slice.i_multifmt_slice/gen_num_lanes[0].active_lane.lane_instance.i_fpnew_cast_multi/rounded_uint_res0[31]
                         LUT5 (Prop_lut5_I1_O)        0.244    15.003 f  i_ariane/i_cva6/ex_stage_i/fpu_gen.fpu_i/fpu_gen.i_fpnew_bulk/gen_operation_groups[3].i_opgroup_block/gen_merged_slice.i_multifmt_slice/gen_num_lanes[0].active_lane.lane_instance.i_fpnew_cast_multi/i___368_i_11/O
                         net (fo=33, unplaced)        0.654    15.657    i_ariane/i_cva6/ex_stage_i/fpu_gen.fpu_i/fpu_gen.i_fpnew_bulk/gen_operation_groups[3].i_opgroup_block/gen_merged_slice.i_multifmt_slice/gen_num_lanes[0].active_lane.lane_instance.i_fpnew_cast_multi/i___368_i_11_n_0
                         LUT5 (Prop_lut5_I4_O)        0.105    15.762 r  i_ariane/i_cva6/ex_stage_i/fpu_gen.fpu_i/fpu_gen.i_fpnew_bulk/gen_operation_groups[3].i_opgroup_block/gen_merged_slice.i_multifmt_slice/gen_num_lanes[0].active_lane.lane_instance.i_fpnew_cast_multi/mem_q[7][sbe][result][51]_i_19/O
                         net (fo=2, unplaced)         0.593    16.355    i_ariane/i_cva6/ex_stage_i/fpu_gen.fpu_i/fpu_gen.i_fpnew_bulk/gen_operation_groups[3].i_opgroup_block/gen_merged_slice.i_multifmt_slice/gen_num_lanes[0].active_lane.lane_instance.i_fpnew_cast_multi/mem_q[7][sbe][result][51]_i_19_n_0
                         LUT6 (Prop_lut6_I0_O)        0.105    16.460 r  i_ariane/i_cva6/ex_stage_i/fpu_gen.fpu_i/fpu_gen.i_fpnew_bulk/gen_operation_groups[3].i_opgroup_block/gen_merged_slice.i_multifmt_slice/gen_num_lanes[0].active_lane.lane_instance.i_fpnew_cast_multi/i___366_i_125/O
                         net (fo=1, unplaced)         0.000    16.460    i_ariane/i_cva6/ex_stage_i/fpu_gen.fpu_i/fpu_gen.i_fpnew_bulk/gen_operation_groups[3].i_opgroup_block/gen_merged_slice.i_multifmt_slice/gen_num_lanes[0].active_lane.lane_instance.i_fpnew_cast_multi/i___366_i_125_n_0
                         CARRY4 (Prop_carry4_S[1]_CO[3])
                                                      0.444    16.904 r  i_ariane/i_cva6/ex_stage_i/fpu_gen.fpu_i/fpu_gen.i_fpnew_bulk/gen_operation_groups[3].i_opgroup_block/gen_merged_slice.i_multifmt_slice/gen_num_lanes[0].active_lane.lane_instance.i_fpnew_cast_multi/i___366_i_63/CO[3]
                         net (fo=1, unplaced)         0.000    16.904    i_ariane/i_cva6/ex_stage_i/fpu_gen.fpu_i/fpu_gen.i_fpnew_bulk/gen_operation_groups[3].i_opgroup_block/gen_merged_slice.i_multifmt_slice/gen_num_lanes[0].active_lane.lane_instance.i_fpnew_cast_multi/i___366_i_63_n_0
                         CARRY4 (Prop_carry4_CI_CO[1])
                                                      0.150    17.054 r  i_ariane/i_cva6/ex_stage_i/fpu_gen.fpu_i/fpu_gen.i_fpnew_bulk/gen_operation_groups[3].i_opgroup_block/gen_merged_slice.i_multifmt_slice/gen_num_lanes[0].active_lane.lane_instance.i_fpnew_cast_multi/i___366_i_34/CO[1]
                         net (fo=1, unplaced)         0.240    17.294    i_ariane/i_cva6/ex_stage_i/fpu_gen.fpu_i/fpu_gen.i_fpnew_bulk/gen_operation_groups[3].i_opgroup_block/gen_merged_slice.i_multifmt_slice/gen_num_lanes[0].active_lane.lane_instance.i_fpnew_cast_multi/int_result_is_special1
                         LUT6 (Prop_lut6_I4_O)        0.277    17.571 f  i_ariane/i_cva6/ex_stage_i/fpu_gen.fpu_i/fpu_gen.i_fpnew_bulk/gen_operation_groups[3].i_opgroup_block/gen_merged_slice.i_multifmt_slice/gen_num_lanes[0].active_lane.lane_instance.i_fpnew_cast_multi/i___366_i_19/O
                         net (fo=45, unplaced)        0.427    17.998    i_ariane/i_cva6/ex_stage_i/fpu_gen.fpu_i/fpu_gen.i_fpnew_bulk/gen_operation_groups[3].i_opgroup_block/gen_merged_slice.i_multifmt_slice/gen_num_lanes[0].active_lane.lane_instance.i_fpnew_cast_multi/i___366_i_19_n_0
                         LUT4 (Prop_lut4_I3_O)        0.105    18.103 r  i_ariane/i_cva6/ex_stage_i/fpu_gen.fpu_i/fpu_gen.i_fpnew_bulk/gen_operation_groups[3].i_opgroup_block/gen_merged_slice.i_multifmt_slice/gen_num_lanes[0].active_lane.lane_instance.i_fpnew_cast_multi/i___366_i_21/O
                         net (fo=8, unplaced)         0.385    18.488    i_ariane/i_cva6/ex_stage_i/fpu_gen.fpu_i/fpu_gen.i_fpnew_bulk/gen_operation_groups[3].i_opgroup_block/gen_merged_slice.i_multifmt_slice/gen_num_lanes[0].active_lane.lane_instance.i_fpnew_cast_multi/i___366_i_21_n_0
                         LUT6 (Prop_lut6_I4_O)        0.105    18.593 r  i_ariane/i_cva6/ex_stage_i/fpu_gen.fpu_i/fpu_gen.i_fpnew_bulk/gen_operation_groups[3].i_opgroup_block/gen_merged_slice.i_multifmt_slice/gen_num_lanes[0].active_lane.lane_instance.i_fpnew_cast_multi/i___366_i_13/O
                         net (fo=1, unplaced)         0.582    19.175    i_ariane/i_cva6/ex_stage_i/fpu_gen.fpu_i/fpu_gen.i_fpnew_bulk/gen_operation_groups[3].i_opgroup_block/gen_merged_slice.i_multifmt_slice/gen_num_lanes[0].active_lane.lane_instance.i_fpnew_cast_multi/i___366_i_13_n_0
                         LUT6 (Prop_lut6_I0_O)        0.105    19.280 r  i_ariane/i_cva6/ex_stage_i/fpu_gen.fpu_i/fpu_gen.i_fpnew_bulk/gen_operation_groups[3].i_opgroup_block/gen_merged_slice.i_multifmt_slice/gen_num_lanes[0].active_lane.lane_instance.i_fpnew_cast_multi/i___366_i_5/O
                         net (fo=1, unplaced)         0.347    19.627    i_ariane/i_cva6/ex_stage_i/fpu_gen.fpu_i/fpu_gen.i_fpnew_bulk/gen_operation_groups[0].i_opgroup_block/gen_parallel_slices[0].active_format.i_fmt_slice/gen_num_lanes[0].active_lane.lane_instance.i_fma/gen_arbiter.data_nodes[2][result][3]
                         LUT5 (Prop_lut5_I0_O)        0.105    19.732 r  i_ariane/i_cva6/ex_stage_i/fpu_gen.fpu_i/fpu_gen.i_fpnew_bulk/gen_operation_groups[0].i_opgroup_block/gen_parallel_slices[0].active_format.i_fmt_slice/gen_num_lanes[0].active_lane.lane_instance.i_fma/i___366_i_1/O
                         net (fo=19, unplaced)        0.406    20.138    i_ariane/i_cva6/issue_stage_i/i_issue_read_operands/fpu_result_ex_id[3]
                         LUT5 (Prop_lut5_I0_O)        0.105    20.243 f  i_ariane/i_cva6/issue_stage_i/i_issue_read_operands/i___328_i_2/O
                         net (fo=3, unplaced)         0.600    20.843    i_ariane/i_cva6/issue_stage_i/i_issue_read_operands/i___328_i_2_n_0
                         LUT6 (Prop_lut6_I1_O)        0.105    20.948 f  i_ariane/i_cva6/issue_stage_i/i_issue_read_operands/fu_data_q[0][operand_a][3]_i_12/O
                         net (fo=1, unplaced)         0.000    20.948    i_ariane/i_cva6/issue_stage_i/i_issue_read_operands/fu_data_q[0][operand_a][3]_i_12_n_0
                         MUXF7 (Prop_muxf7_I0_O)      0.201    21.149 f  i_ariane/i_cva6/issue_stage_i/i_issue_read_operands/fu_data_q_reg[0][operand_a][3]_i_5/O
                         net (fo=1, unplaced)         0.349    21.498    i_ariane/i_cva6/issue_stage_i/i_issue_read_operands/fu_data_q_reg[0][operand_a][3]_i_5_n_0
                         LUT6 (Prop_lut6_I5_O)        0.242    21.740 f  i_ariane/i_cva6/issue_stage_i/i_issue_read_operands/fu_data_q[0][operand_a][3]_i_2/O
                         net (fo=1, unplaced)         0.347    22.087    i_ariane/i_cva6/issue_stage_i/i_issue_read_operands/fu_data_q[0][operand_a][3]_i_2_n_0
                         LUT5 (Prop_lut5_I4_O)        0.105    22.192 r  i_ariane/i_cva6/issue_stage_i/i_issue_read_operands/fu_data_q[0][operand_a][3]_i_1/O
                         net (fo=17, unplaced)        0.403    22.595    i_ariane/gen_cvxif.gen_COPRO_KECC_AES_K.i_kecc_aes_k_xif_coprocessor/D[3]
                         LUT3 (Prop_lut3_I0_O)        0.105    22.700 r  i_ariane/gen_cvxif.gen_COPRO_KECC_AES_K.i_kecc_aes_k_xif_coprocessor/i___30_i_9/O
                         net (fo=6, unplaced)         0.379    23.079    i_ariane/i_cva6/id_stage_i/registers[0]_23[3]
                         LUT6 (Prop_lut6_I5_O)        0.105    23.184 r  i_ariane/i_cva6/id_stage_i/i___30_i_2/O
                         net (fo=11, unplaced)        0.628    23.812    i_ariane/i_cva6/id_stage_i/issue_q_reg[0][orig_instr][21]_7
                         LUT6 (Prop_lut6_I1_O)        0.105    23.917 r  i_ariane/i_cva6/id_stage_i/i___25_i_10/O
                         net (fo=3, unplaced)         0.796    24.713    i_ariane/i_cva6/id_stage_i/i___25_i_10_n_0
                         LUT6 (Prop_lut6_I3_O)        0.105    24.818 r  i_ariane/i_cva6/id_stage_i/i___25_i_2/O
                         net (fo=10, unplaced)        0.625    25.443    i_ariane/i_cva6/id_stage_i/i___235_i_3_0
                         LUT4 (Prop_lut4_I1_O)        0.105    25.548 r  i_ariane/i_cva6/id_stage_i/i___235_i_1/O
                         net (fo=6, unplaced)         0.614    26.162    i_ariane/i_cva6/id_stage_i/i___25_i_1_0
                         LUT4 (Prop_lut4_I0_O)        0.105    26.267 r  i_ariane/i_cva6/id_stage_i/i___75_i_6/O
                         net (fo=4, unplaced)         0.606    26.873    i_ariane/i_cva6/id_stage_i/i___12_i_4_0
                         LUT6 (Prop_lut6_I2_O)        0.105    26.978 r  i_ariane/i_cva6/id_stage_i/i___20_i_1/O
                         net (fo=8, unplaced)         0.385    27.363    i_ariane/i_cva6/id_stage_i/i___13_i_3_0
                         LUT5 (Prop_lut5_I1_O)        0.105    27.468 r  i_ariane/i_cva6/id_stage_i/result_o[34]_i_8/O
                         net (fo=4, unplaced)         0.371    27.839    i_ariane/i_cva6/id_stage_i/result_o[34]_i_8_n_0
                         LUT6 (Prop_lut6_I0_O)        0.105    27.944 r  i_ariane/i_cva6/id_stage_i/result_o[2]_i_4/O
                         net (fo=1, unplaced)         0.347    28.291    i_ariane/i_cva6/id_stage_i/result_o[2]_i_4_n_0
                         LUT6 (Prop_lut6_I3_O)        0.105    28.396 r  i_ariane/i_cva6/id_stage_i/result_o[2]_i_1/O
                         net (fo=1, unplaced)         0.000    28.396    i_ariane/gen_cvxif.gen_COPRO_KECC_AES_K.i_kecc_aes_k_xif_coprocessor/i_ex/result_o_reg[63]_1[2]
                         FDCE                                         r  i_ariane/gen_cvxif.gen_COPRO_KECC_AES_K.i_kecc_aes_k_xif_coprocessor/i_ex/result_o_reg[2]/D
  -------------------------------------------------------------------    -------------------

                         (clock clk_i rise edge)     10.000    10.000 r  
                                                      0.000    10.000 r  clk_i (IN)
                         net (fo=23772, unset)        0.748    10.748    i_ariane/gen_cvxif.gen_COPRO_KECC_AES_K.i_kecc_aes_k_xif_coprocessor/i_ex/clk_i
                         FDCE                                         r  i_ariane/gen_cvxif.gen_COPRO_KECC_AES_K.i_kecc_aes_k_xif_coprocessor/i_ex/result_o_reg[2]/C
                         clock pessimism              0.000    10.748    
                         clock uncertainty           -0.035    10.712    
                         FDCE (Setup_fdce_C_D)        0.043    10.755    i_ariane/gen_cvxif.gen_COPRO_KECC_AES_K.i_kecc_aes_k_xif_coprocessor/i_ex/result_o_reg[2]
  -------------------------------------------------------------------
                         required time                         10.755    
                         arrival time                         -28.396    
  -------------------------------------------------------------------
                         slack                                -17.641    

Slack (VIOLATED) :        -17.641ns  (required time - arrival time)
  Source:                 i_ariane/i_cva6/ex_stage_i/fpu_gen.fpu_i/fpu_gen.i_fpnew_bulk/gen_operation_groups[3].i_opgroup_block/gen_merged_slice.i_multifmt_slice/gen_num_lanes[0].active_lane.lane_instance.i_fpnew_cast_multi/gen_inside_pipeline[0].mid_pipe_dst_fmt_q_reg[1][1]/C
                            (rising edge-triggered cell FDCE clocked by clk_i  {rise@0.000ns fall@5.000ns period=10.000ns})
  Destination:            i_ariane/gen_cvxif.gen_COPRO_KECC_AES_K.i_kecc_aes_k_xif_coprocessor/i_ex/result_o_reg[2]/D
                            (rising edge-triggered cell FDCE clocked by clk_i  {rise@0.000ns fall@5.000ns period=10.000ns})
  Path Group:             clk_i
  Path Type:              Setup (Max at Slow Process Corner)
  Requirement:            10.000ns  (clk_i rise@10.000ns - clk_i rise@0.000ns)
  Data Path Delay:        27.609ns  (logic 8.852ns (32.062%)  route 18.757ns (67.938%))
  Logic Levels:           54  (CARRY4=17 LUT1=1 LUT2=1 LUT3=2 LUT4=4 LUT5=8 LUT6=20 MUXF7=1)
  Clock Path Skew:        -0.039ns (DCD - SCD + CPR)
    Destination Clock Delay (DCD):    0.748ns = ( 10.748 - 10.000 ) 
    Source Clock Delay      (SCD):    0.787ns
    Clock Pessimism Removal (CPR):    0.000ns
  Clock Uncertainty:      0.035ns  ((TSJ^2 + TIJ^2)^1/2 + DJ) / 2 + PE
    Total System Jitter     (TSJ):    0.071ns
    Total Input Jitter      (TIJ):    0.000ns
    Discrete Jitter          (DJ):    0.000ns
    Phase Error              (PE):    0.000ns

    Location             Delay type                Incr(ns)  Path(ns)    Netlist Resource(s)
  -------------------------------------------------------------------    -------------------
                         (clock clk_i rise edge)      0.000     0.000 r  
                                                      0.000     0.000 r  clk_i (IN)
                         net (fo=23772, unset)        0.787     0.787    i_ariane/i_cva6/ex_stage_i/fpu_gen.fpu_i/fpu_gen.i_fpnew_bulk/gen_operation_groups[3].i_opgroup_block/gen_merged_slice.i_multifmt_slice/gen_num_lanes[0].active_lane.lane_instance.i_fpnew_cast_multi/clk_i
                         FDCE                                         r  i_ariane/i_cva6/ex_stage_i/fpu_gen.fpu_i/fpu_gen.i_fpnew_bulk/gen_operation_groups[3].i_opgroup_block/gen_merged_slice.i_multifmt_slice/gen_num_lanes[0].active_lane.lane_instance.i_fpnew_cast_multi/gen_inside_pipeline[0].mid_pipe_dst_fmt_q_reg[1][1]/C
  -------------------------------------------------------------------    -------------------
                         FDCE (Prop_fdce_C_Q)         0.397     1.184 r  i_ariane/i_cva6/ex_stage_i/fpu_gen.fpu_i/fpu_gen.i_fpnew_bulk/gen_operation_groups[3].i_opgroup_block/gen_merged_slice.i_multifmt_slice/gen_num_lanes[0].active_lane.lane_instance.i_fpnew_cast_multi/gen_inside_pipeline[0].mid_pipe_dst_fmt_q_reg[1][1]/Q
                         net (fo=140, unplaced)       0.733     1.917    i_ariane/i_cva6/ex_stage_i/fpu_gen.fpu_i/fpu_gen.i_fpnew_bulk/gen_operation_groups[3].i_opgroup_block/gen_merged_slice.i_multifmt_slice/gen_num_lanes[0].active_lane.lane_instance.i_fpnew_cast_multi/gen_inside_pipeline[0].mid_pipe_dst_fmt_q_reg_n_0_[1][1]
                         LUT3 (Prop_lut3_I0_O)        0.232     2.149 r  i_ariane/i_cva6/ex_stage_i/fpu_gen.fpu_i/fpu_gen.i_fpnew_bulk/gen_operation_groups[3].i_opgroup_block/gen_merged_slice.i_multifmt_slice/gen_num_lanes[0].active_lane.lane_instance.i_fpnew_cast_multi/mem_q[7][sbe][result][54]_i_102/O
                         net (fo=2, unplaced)         0.269     2.418    i_ariane/i_cva6/ex_stage_i/fpu_gen.fpu_i/fpu_gen.i_fpnew_bulk/gen_operation_groups[3].i_opgroup_block/gen_merged_slice.i_multifmt_slice/gen_num_lanes[0].active_lane.lane_instance.i_fpnew_cast_multi/mem_q[7][sbe][result][54]_i_102_n_0
                         CARRY4 (Prop_carry4_CYINIT_CO[3])
                                                      0.494     2.912 r  i_ariane/i_cva6/ex_stage_i/fpu_gen.fpu_i/fpu_gen.i_fpnew_bulk/gen_operation_groups[3].i_opgroup_block/gen_merged_slice.i_multifmt_slice/gen_num_lanes[0].active_lane.lane_instance.i_fpnew_cast_multi/i___371_i_68/CO[3]
                         net (fo=1, unplaced)         0.000     2.912    i_ariane/i_cva6/ex_stage_i/fpu_gen.fpu_i/fpu_gen.i_fpnew_bulk/gen_operation_groups[3].i_opgroup_block/gen_merged_slice.i_multifmt_slice/gen_num_lanes[0].active_lane.lane_instance.i_fpnew_cast_multi/i___371_i_68_n_0
                         CARRY4 (Prop_carry4_CI_CO[3])
                                                      0.100     3.012 r  i_ariane/i_cva6/ex_stage_i/fpu_gen.fpu_i/fpu_gen.i_fpnew_bulk/gen_operation_groups[3].i_opgroup_block/gen_merged_slice.i_multifmt_slice/gen_num_lanes[0].active_lane.lane_instance.i_fpnew_cast_multi/i___371_i_53/CO[3]
                         net (fo=1, unplaced)         0.000     3.012    i_ariane/i_cva6/ex_stage_i/fpu_gen.fpu_i/fpu_gen.i_fpnew_bulk/gen_operation_groups[3].i_opgroup_block/gen_merged_slice.i_multifmt_slice/gen_num_lanes[0].active_lane.lane_instance.i_fpnew_cast_multi/i___371_i_53_n_0
                         CARRY4 (Prop_carry4_CI_CO[3])
                                                      0.100     3.112 r  i_ariane/i_cva6/ex_stage_i/fpu_gen.fpu_i/fpu_gen.i_fpnew_bulk/gen_operation_groups[3].i_opgroup_block/gen_merged_slice.i_multifmt_slice/gen_num_lanes[0].active_lane.lane_instance.i_fpnew_cast_multi/i___371_i_51/CO[3]
                         net (fo=1, unplaced)         0.000     3.112    i_ariane/i_cva6/ex_stage_i/fpu_gen.fpu_i/fpu_gen.i_fpnew_bulk/gen_operation_groups[3].i_opgroup_block/gen_merged_slice.i_multifmt_slice/gen_num_lanes[0].active_lane.lane_instance.i_fpnew_cast_multi/i___371_i_51_n_0
                         CARRY4 (Prop_carry4_CI_CO[3])
                                                      0.100     3.212 r  i_ariane/i_cva6/ex_stage_i/fpu_gen.fpu_i/fpu_gen.i_fpnew_bulk/gen_operation_groups[3].i_opgroup_block/gen_merged_slice.i_multifmt_slice/gen_num_lanes[0].active_lane.lane_instance.i_fpnew_cast_multi/i___371_i_81/CO[3]
                         net (fo=16, unplaced)        0.664     3.876    i_ariane/i_cva6/ex_stage_i/fpu_gen.fpu_i/fpu_gen.i_fpnew_bulk/gen_operation_groups[3].i_opgroup_block/gen_merged_slice.i_multifmt_slice/gen_num_lanes[0].active_lane.lane_instance.i_fpnew_cast_multi/i___371_i_81_n_0
                         LUT2 (Prop_lut2_I1_O)        0.105     3.981 r  i_ariane/i_cva6/ex_stage_i/fpu_gen.fpu_i/fpu_gen.i_fpnew_bulk/gen_operation_groups[3].i_opgroup_block/gen_merged_slice.i_multifmt_slice/gen_num_lanes[0].active_lane.lane_instance.i_fpnew_cast_multi/i___371_i_76/O
                         net (fo=1, unplaced)         0.000     3.981    i_ariane/i_cva6/ex_stage_i/fpu_gen.fpu_i/fpu_gen.i_fpnew_bulk/gen_operation_groups[3].i_opgroup_block/gen_merged_slice.i_multifmt_slice/gen_num_lanes[0].active_lane.lane_instance.i_fpnew_cast_multi/i___371_i_76_n_0
                         CARRY4 (Prop_carry4_DI[0]_CO[3])
                                                      0.477     4.458 r  i_ariane/i_cva6/ex_stage_i/fpu_gen.fpu_i/fpu_gen.i_fpnew_bulk/gen_operation_groups[3].i_opgroup_block/gen_merged_slice.i_multifmt_slice/gen_num_lanes[0].active_lane.lane_instance.i_fpnew_cast_multi/i___371_i_57/CO[3]
                         net (fo=1, unplaced)         0.000     4.458    i_ariane/i_cva6/ex_stage_i/fpu_gen.fpu_i/fpu_gen.i_fpnew_bulk/gen_operation_groups[3].i_opgroup_block/gen_merged_slice.i_multifmt_slice/gen_num_lanes[0].active_lane.lane_instance.i_fpnew_cast_multi/i___371_i_57_n_0
                         CARRY4 (Prop_carry4_CI_CO[3])
                                                      0.100     4.558 r  i_ariane/i_cva6/ex_stage_i/fpu_gen.fpu_i/fpu_gen.i_fpnew_bulk/gen_operation_groups[3].i_opgroup_block/gen_merged_slice.i_multifmt_slice/gen_num_lanes[0].active_lane.lane_instance.i_fpnew_cast_multi/i___371_i_49/CO[3]
                         net (fo=61, unplaced)        0.697     5.255    i_ariane/i_cva6/ex_stage_i/fpu_gen.fpu_i/fpu_gen.i_fpnew_bulk/gen_operation_groups[3].i_opgroup_block/gen_merged_slice.i_multifmt_slice/gen_num_lanes[0].active_lane.lane_instance.i_fpnew_cast_multi/preshift_mant1
                         LUT4 (Prop_lut4_I3_O)        0.105     5.360 r  i_ariane/i_cva6/ex_stage_i/fpu_gen.fpu_i/fpu_gen.i_fpnew_bulk/gen_operation_groups[3].i_opgroup_block/gen_merged_slice.i_multifmt_slice/gen_num_lanes[0].active_lane.lane_instance.i_fpnew_cast_multi/mem_q[7][sbe][ex][cause][0]_i_129/O
                         net (fo=4, unplaced)         0.371     5.731    i_ariane/i_cva6/ex_stage_i/fpu_gen.fpu_i/fpu_gen.i_fpnew_bulk/gen_operation_groups[3].i_opgroup_block/gen_merged_slice.i_multifmt_slice/gen_num_lanes[0].active_lane.lane_instance.i_fpnew_cast_multi/mem_q[7][sbe][ex][cause][0]_i_129_n_0
                         LUT6 (Prop_lut6_I4_O)        0.105     5.836 r  i_ariane/i_cva6/ex_stage_i/fpu_gen.fpu_i/fpu_gen.i_fpnew_bulk/gen_operation_groups[3].i_opgroup_block/gen_merged_slice.i_multifmt_slice/gen_num_lanes[0].active_lane.lane_instance.i_fpnew_cast_multi/mem_q[7][sbe][ex][cause][0]_i_287/O
                         net (fo=117, unplaced)       0.450     6.286    i_ariane/i_cva6/ex_stage_i/fpu_gen.fpu_i/fpu_gen.i_fpnew_bulk/gen_operation_groups[3].i_opgroup_block/gen_merged_slice.i_multifmt_slice/gen_num_lanes[0].active_lane.lane_instance.i_fpnew_cast_multi/mem_q[7][sbe][ex][cause][0]_i_287_n_0
                         LUT5 (Prop_lut5_I4_O)        0.105     6.391 f  i_ariane/i_cva6/ex_stage_i/fpu_gen.fpu_i/fpu_gen.i_fpnew_bulk/gen_operation_groups[3].i_opgroup_block/gen_merged_slice.i_multifmt_slice/gen_num_lanes[0].active_lane.lane_instance.i_fpnew_cast_multi/mem_q[7][sbe][ex][cause][0]_i_512/O
                         net (fo=35, unplaced)        0.420     6.811    i_ariane/i_cva6/ex_stage_i/fpu_gen.fpu_i/fpu_gen.i_fpnew_bulk/gen_operation_groups[3].i_opgroup_block/gen_merged_slice.i_multifmt_slice/gen_num_lanes[0].active_lane.lane_instance.i_fpnew_cast_multi/mem_q[7][sbe][ex][cause][0]_i_512_n_0
                         LUT6 (Prop_lut6_I2_O)        0.105     6.916 f  i_ariane/i_cva6/ex_stage_i/fpu_gen.fpu_i/fpu_gen.i_fpnew_bulk/gen_operation_groups[3].i_opgroup_block/gen_merged_slice.i_multifmt_slice/gen_num_lanes[0].active_lane.lane_instance.i_fpnew_cast_multi/mem_q[7][sbe][ex][cause][0]_i_481/O
                         net (fo=3, unplaced)         0.600     7.516    i_ariane/i_cva6/ex_stage_i/fpu_gen.fpu_i/fpu_gen.i_fpnew_bulk/gen_operation_groups[3].i_opgroup_block/gen_merged_slice.i_multifmt_slice/gen_num_lanes[0].active_lane.lane_instance.i_fpnew_cast_multi/mem_q[7][sbe][ex][cause][0]_i_481_n_0
                         LUT6 (Prop_lut6_I0_O)        0.105     7.621 f  i_ariane/i_cva6/ex_stage_i/fpu_gen.fpu_i/fpu_gen.i_fpnew_bulk/gen_operation_groups[3].i_opgroup_block/gen_merged_slice.i_multifmt_slice/gen_num_lanes[0].active_lane.lane_instance.i_fpnew_cast_multi/mem_q[7][sbe][ex][cause][0]_i_349/O
                         net (fo=4, unplaced)         0.606     8.227    i_ariane/i_cva6/ex_stage_i/fpu_gen.fpu_i/fpu_gen.i_fpnew_bulk/gen_operation_groups[3].i_opgroup_block/gen_merged_slice.i_multifmt_slice/gen_num_lanes[0].active_lane.lane_instance.i_fpnew_cast_multi/mem_q[7][sbe][ex][cause][0]_i_349_n_0
                         LUT6 (Prop_lut6_I1_O)        0.105     8.332 f  i_ariane/i_cva6/ex_stage_i/fpu_gen.fpu_i/fpu_gen.i_fpnew_bulk/gen_operation_groups[3].i_opgroup_block/gen_merged_slice.i_multifmt_slice/gen_num_lanes[0].active_lane.lane_instance.i_fpnew_cast_multi/mem_q[7][sbe][ex][cause][0]_i_212/O
                         net (fo=3, unplaced)         0.796     9.128    i_ariane/i_cva6/ex_stage_i/fpu_gen.fpu_i/fpu_gen.i_fpnew_bulk/gen_operation_groups[3].i_opgroup_block/gen_merged_slice.i_multifmt_slice/gen_num_lanes[0].active_lane.lane_instance.i_fpnew_cast_multi/mem_q[7][sbe][ex][cause][0]_i_212_n_0
                         LUT6 (Prop_lut6_I0_O)        0.105     9.233 f  i_ariane/i_cva6/ex_stage_i/fpu_gen.fpu_i/fpu_gen.i_fpnew_bulk/gen_operation_groups[3].i_opgroup_block/gen_merged_slice.i_multifmt_slice/gen_num_lanes[0].active_lane.lane_instance.i_fpnew_cast_multi/mem_q[7][sbe][ex][cause][0]_i_99/O
                         net (fo=1, unplaced)         0.778    10.011    i_ariane/i_cva6/ex_stage_i/fpu_gen.fpu_i/fpu_gen.i_fpnew_bulk/gen_operation_groups[3].i_opgroup_block/gen_merged_slice.i_multifmt_slice/gen_num_lanes[0].active_lane.lane_instance.i_fpnew_cast_multi/mem_q[7][sbe][ex][cause][0]_i_99_n_0
                         LUT5 (Prop_lut5_I0_O)        0.105    10.116 f  i_ariane/i_cva6/ex_stage_i/fpu_gen.fpu_i/fpu_gen.i_fpnew_bulk/gen_operation_groups[3].i_opgroup_block/gen_merged_slice.i_multifmt_slice/gen_num_lanes[0].active_lane.lane_instance.i_fpnew_cast_multi/mem_q[7][sbe][ex][cause][0]_i_27/O
                         net (fo=1, unplaced)         0.582    10.698    i_ariane/i_cva6/ex_stage_i/fpu_gen.fpu_i/fpu_gen.i_fpnew_bulk/gen_operation_groups[3].i_opgroup_block/gen_merged_slice.i_multifmt_slice/gen_num_lanes[0].active_lane.lane_instance.i_fpnew_cast_multi/mem_q[7][sbe][ex][cause][0]_i_27_n_0
                         LUT6 (Prop_lut6_I3_O)        0.105    10.803 f  i_ariane/i_cva6/ex_stage_i/fpu_gen.fpu_i/fpu_gen.i_fpnew_bulk/gen_operation_groups[3].i_opgroup_block/gen_merged_slice.i_multifmt_slice/gen_num_lanes[0].active_lane.lane_instance.i_fpnew_cast_multi/mem_q[7][sbe][ex][cause][0]_i_10/O
                         net (fo=4, unplaced)         0.371    11.174    i_ariane/i_cva6/ex_stage_i/fpu_gen.fpu_i/fpu_gen.i_fpnew_bulk/gen_operation_groups[3].i_opgroup_block/gen_merged_slice.i_multifmt_slice/gen_num_lanes[0].active_lane.lane_instance.i_fpnew_cast_multi/mem_q[7][sbe][ex][cause][0]_i_10_n_0
                         LUT6 (Prop_lut6_I4_O)        0.105    11.279 f  i_ariane/i_cva6/ex_stage_i/fpu_gen.fpu_i/fpu_gen.i_fpnew_bulk/gen_operation_groups[3].i_opgroup_block/gen_merged_slice.i_multifmt_slice/gen_num_lanes[0].active_lane.lane_instance.i_fpnew_cast_multi/i___366_i_119/O
                         net (fo=1, unplaced)         0.582    11.861    i_ariane/i_cva6/ex_stage_i/fpu_gen.fpu_i/fpu_gen.i_fpnew_bulk/gen_operation_groups[3].i_opgroup_block/gen_merged_slice.i_multifmt_slice/gen_num_lanes[0].active_lane.lane_instance.i_fpnew_cast_multi/i___366_i_119_n_0
                         LUT6 (Prop_lut6_I1_O)        0.105    11.966 r  i_ariane/i_cva6/ex_stage_i/fpu_gen.fpu_i/fpu_gen.i_fpnew_bulk/gen_operation_groups[3].i_opgroup_block/gen_merged_slice.i_multifmt_slice/gen_num_lanes[0].active_lane.lane_instance.i_fpnew_cast_multi/i___366_i_62/O
                         net (fo=1, unplaced)         0.000    11.966    i_ariane/i_cva6/ex_stage_i/fpu_gen.fpu_i/fpu_gen.i_fpnew_bulk/gen_operation_groups[3].i_opgroup_block/gen_merged_slice.i_multifmt_slice/gen_num_lanes[0].active_lane.lane_instance.i_fpnew_cast_multi/i___366_i_62_n_0
                         CARRY4 (Prop_carry4_S[0]_CO[3])
                                                      0.423    12.389 r  i_ariane/i_cva6/ex_stage_i/fpu_gen.fpu_i/fpu_gen.i_fpnew_bulk/gen_operation_groups[3].i_opgroup_block/gen_merged_slice.i_multifmt_slice/gen_num_lanes[0].active_lane.lane_instance.i_fpnew_cast_multi/i___366_i_32/CO[3]
                         net (fo=1, unplaced)         0.000    12.389    i_ariane/i_cva6/ex_stage_i/fpu_gen.fpu_i/fpu_gen.i_fpnew_bulk/gen_operation_groups[3].i_opgroup_block/gen_merged_slice.i_multifmt_slice/gen_num_lanes[0].active_lane.lane_instance.i_fpnew_cast_multi/i___366_i_32_n_0
                         CARRY4 (Prop_carry4_CI_CO[3])
                                                      0.100    12.489 r  i_ariane/i_cva6/ex_stage_i/fpu_gen.fpu_i/fpu_gen.i_fpnew_bulk/gen_operation_groups[3].i_opgroup_block/gen_merged_slice.i_multifmt_slice/gen_num_lanes[0].active_lane.lane_instance.i_fpnew_cast_multi/mem_q_reg[7][sbe][result][7]_i_34/CO[3]
                         net (fo=1, unplaced)         0.000    12.489    i_ariane/i_cva6/ex_stage_i/fpu_gen.fpu_i/fpu_gen.i_fpnew_bulk/gen_operation_groups[3].i_opgroup_block/gen_merged_slice.i_multifmt_slice/gen_num_lanes[0].active_lane.lane_instance.i_fpnew_cast_multi/mem_q_reg[7][sbe][result][7]_i_34_n_0
                         CARRY4 (Prop_carry4_CI_CO[3])
                                                      0.100    12.589 r  i_ariane/i_cva6/ex_stage_i/fpu_gen.fpu_i/fpu_gen.i_fpnew_bulk/gen_operation_groups[3].i_opgroup_block/gen_merged_slice.i_multifmt_slice/gen_num_lanes[0].active_lane.lane_instance.i_fpnew_cast_multi/mem_q_reg[7][sbe][result][11]_i_57/CO[3]
                         net (fo=1, unplaced)         0.000    12.589    i_ariane/i_cva6/ex_stage_i/fpu_gen.fpu_i/fpu_gen.i_fpnew_bulk/gen_operation_groups[3].i_opgroup_block/gen_merged_slice.i_multifmt_slice/gen_num_lanes[0].active_lane.lane_instance.i_fpnew_cast_multi/mem_q_reg[7][sbe][result][11]_i_57_n_0
                         CARRY4 (Prop_carry4_CI_CO[3])
                                                      0.100    12.689 r  i_ariane/i_cva6/ex_stage_i/fpu_gen.fpu_i/fpu_gen.i_fpnew_bulk/gen_operation_groups[3].i_opgroup_block/gen_merged_slice.i_multifmt_slice/gen_num_lanes[0].active_lane.lane_instance.i_fpnew_cast_multi/mem_q_reg[7][sbe][result][15]_i_52/CO[3]
                         net (fo=1, unplaced)         0.000    12.689    i_ariane/i_cva6/ex_stage_i/fpu_gen.fpu_i/fpu_gen.i_fpnew_bulk/gen_operation_groups[3].i_opgroup_block/gen_merged_slice.i_multifmt_slice/gen_num_lanes[0].active_lane.lane_instance.i_fpnew_cast_multi/mem_q_reg[7][sbe][result][15]_i_52_n_0
                         CARRY4 (Prop_carry4_CI_CO[3])
                                                      0.100    12.789 r  i_ariane/i_cva6/ex_stage_i/fpu_gen.fpu_i/fpu_gen.i_fpnew_bulk/gen_operation_groups[3].i_opgroup_block/gen_merged_slice.i_multifmt_slice/gen_num_lanes[0].active_lane.lane_instance.i_fpnew_cast_multi/mem_q_reg[7][sbe][result][23]_i_46/CO[3]
                         net (fo=1, unplaced)         0.000    12.789    i_ariane/i_cva6/ex_stage_i/fpu_gen.fpu_i/fpu_gen.i_fpnew_bulk/gen_operation_groups[3].i_opgroup_block/gen_merged_slice.i_multifmt_slice/gen_num_lanes[0].active_lane.lane_instance.i_fpnew_cast_multi/mem_q_reg[7][sbe][result][23]_i_46_n_0
                         CARRY4 (Prop_carry4_CI_CO[3])
                                                      0.100    12.889 r  i_ariane/i_cva6/ex_stage_i/fpu_gen.fpu_i/fpu_gen.i_fpnew_bulk/gen_operation_groups[3].i_opgroup_block/gen_merged_slice.i_multifmt_slice/gen_num_lanes[0].active_lane.lane_instance.i_fpnew_cast_multi/mem_q_reg[7][sbe][result][23]_i_29/CO[3]
                         net (fo=1, unplaced)         0.000    12.889    i_ariane/i_cva6/ex_stage_i/fpu_gen.fpu_i/fpu_gen.i_fpnew_bulk/gen_operation_groups[3].i_opgroup_block/gen_merged_slice.i_multifmt_slice/gen_num_lanes[0].active_lane.lane_instance.i_fpnew_cast_multi/mem_q_reg[7][sbe][result][23]_i_29_n_0
                         CARRY4 (Prop_carry4_CI_O[2])
                                                      0.214    13.103 f  i_ariane/i_cva6/ex_stage_i/fpu_gen.fpu_i/fpu_gen.i_fpnew_bulk/gen_operation_groups[3].i_opgroup_block/gen_merged_slice.i_multifmt_slice/gen_num_lanes[0].active_lane.lane_instance.i_fpnew_cast_multi/mem_q_reg[7][sbe][result][27]_i_35/O[2]
                         net (fo=6, unplaced)         0.381    13.484    i_ariane/i_cva6/ex_stage_i/fpu_gen.fpu_i/fpu_gen.i_fpnew_bulk/gen_operation_groups[3].i_opgroup_block/gen_merged_slice.i_multifmt_slice/gen_num_lanes[0].active_lane.lane_instance.i_fpnew_cast_multi/rounded_abs[26]
                         LUT1 (Prop_lut1_I0_O)        0.244    13.728 r  i_ariane/i_cva6/ex_stage_i/fpu_gen.fpu_i/fpu_gen.i_fpnew_bulk/gen_operation_groups[3].i_opgroup_block/gen_merged_slice.i_multifmt_slice/gen_num_lanes[0].active_lane.lane_instance.i_fpnew_cast_multi/mem_q[7][sbe][result][28]_i_58/O
                         net (fo=1, unplaced)         0.000    13.728    i_ariane/i_cva6/ex_stage_i/fpu_gen.fpu_i/fpu_gen.i_fpnew_bulk/gen_operation_groups[3].i_opgroup_block/gen_merged_slice.i_multifmt_slice/gen_num_lanes[0].active_lane.lane_instance.i_fpnew_cast_multi/mem_q[7][sbe][result][28]_i_58_n_0
                         CARRY4 (Prop_carry4_S[1]_CO[3])
                                                      0.444    14.172 r  i_ariane/i_cva6/ex_stage_i/fpu_gen.fpu_i/fpu_gen.i_fpnew_bulk/gen_operation_groups[3].i_opgroup_block/gen_merged_slice.i_multifmt_slice/gen_num_lanes[0].active_lane.lane_instance.i_fpnew_cast_multi/mem_q_reg[7][sbe][result][28]_i_31/CO[3]
                         net (fo=1, unplaced)         0.000    14.172    i_ariane/i_cva6/ex_stage_i/fpu_gen.fpu_i/fpu_gen.i_fpnew_bulk/gen_operation_groups[3].i_opgroup_block/gen_merged_slice.i_multifmt_slice/gen_num_lanes[0].active_lane.lane_instance.i_fpnew_cast_multi/mem_q_reg[7][sbe][result][28]_i_31_n_0
                         CARRY4 (Prop_carry4_CI_O[2])
                                                      0.214    14.386 f  i_ariane/i_cva6/ex_stage_i/fpu_gen.fpu_i/fpu_gen.i_fpnew_bulk/gen_operation_groups[3].i_opgroup_block/gen_merged_slice.i_multifmt_slice/gen_num_lanes[0].active_lane.lane_instance.i_fpnew_cast_multi/i___368_i_14/O[2]
                         net (fo=4, unplaced)         0.373    14.759    i_ariane/i_cva6/ex_stage_i/fpu_gen.fpu_i/fpu_gen.i_fpnew_bulk/gen_operation_groups[3].i_opgroup_block/gen_merged_slice.i_multifmt_slice/gen_num_lanes[0].active_lane.lane_instance.i_fpnew_cast_multi/rounded_uint_res0[31]
                         LUT5 (Prop_lut5_I1_O)        0.244    15.003 f  i_ariane/i_cva6/ex_stage_i/fpu_gen.fpu_i/fpu_gen.i_fpnew_bulk/gen_operation_groups[3].i_opgroup_block/gen_merged_slice.i_multifmt_slice/gen_num_lanes[0].active_lane.lane_instance.i_fpnew_cast_multi/i___368_i_11/O
                         net (fo=33, unplaced)        0.654    15.657    i_ariane/i_cva6/ex_stage_i/fpu_gen.fpu_i/fpu_gen.i_fpnew_bulk/gen_operation_groups[3].i_opgroup_block/gen_merged_slice.i_multifmt_slice/gen_num_lanes[0].active_lane.lane_instance.i_fpnew_cast_multi/i___368_i_11_n_0
                         LUT5 (Prop_lut5_I4_O)        0.105    15.762 r  i_ariane/i_cva6/ex_stage_i/fpu_gen.fpu_i/fpu_gen.i_fpnew_bulk/gen_operation_groups[3].i_opgroup_block/gen_merged_slice.i_multifmt_slice/gen_num_lanes[0].active_lane.lane_instance.i_fpnew_cast_multi/mem_q[7][sbe][result][51]_i_19/O
                         net (fo=2, unplaced)         0.593    16.355    i_ariane/i_cva6/ex_stage_i/fpu_gen.fpu_i/fpu_gen.i_fpnew_bulk/gen_operation_groups[3].i_opgroup_block/gen_merged_slice.i_multifmt_slice/gen_num_lanes[0].active_lane.lane_instance.i_fpnew_cast_multi/mem_q[7][sbe][result][51]_i_19_n_0
                         LUT6 (Prop_lut6_I0_O)        0.105    16.460 r  i_ariane/i_cva6/ex_stage_i/fpu_gen.fpu_i/fpu_gen.i_fpnew_bulk/gen_operation_groups[3].i_opgroup_block/gen_merged_slice.i_multifmt_slice/gen_num_lanes[0].active_lane.lane_instance.i_fpnew_cast_multi/i___366_i_125/O
                         net (fo=1, unplaced)         0.000    16.460    i_ariane/i_cva6/ex_stage_i/fpu_gen.fpu_i/fpu_gen.i_fpnew_bulk/gen_operation_groups[3].i_opgroup_block/gen_merged_slice.i_multifmt_slice/gen_num_lanes[0].active_lane.lane_instance.i_fpnew_cast_multi/i___366_i_125_n_0
                         CARRY4 (Prop_carry4_S[1]_CO[3])
                                                      0.444    16.904 r  i_ariane/i_cva6/ex_stage_i/fpu_gen.fpu_i/fpu_gen.i_fpnew_bulk/gen_operation_groups[3].i_opgroup_block/gen_merged_slice.i_multifmt_slice/gen_num_lanes[0].active_lane.lane_instance.i_fpnew_cast_multi/i___366_i_63/CO[3]
                         net (fo=1, unplaced)         0.000    16.904    i_ariane/i_cva6/ex_stage_i/fpu_gen.fpu_i/fpu_gen.i_fpnew_bulk/gen_operation_groups[3].i_opgroup_block/gen_merged_slice.i_multifmt_slice/gen_num_lanes[0].active_lane.lane_instance.i_fpnew_cast_multi/i___366_i_63_n_0
                         CARRY4 (Prop_carry4_CI_CO[1])
                                                      0.150    17.054 r  i_ariane/i_cva6/ex_stage_i/fpu_gen.fpu_i/fpu_gen.i_fpnew_bulk/gen_operation_groups[3].i_opgroup_block/gen_merged_slice.i_multifmt_slice/gen_num_lanes[0].active_lane.lane_instance.i_fpnew_cast_multi/i___366_i_34/CO[1]
                         net (fo=1, unplaced)         0.240    17.294    i_ariane/i_cva6/ex_stage_i/fpu_gen.fpu_i/fpu_gen.i_fpnew_bulk/gen_operation_groups[3].i_opgroup_block/gen_merged_slice.i_multifmt_slice/gen_num_lanes[0].active_lane.lane_instance.i_fpnew_cast_multi/int_result_is_special1
                         LUT6 (Prop_lut6_I4_O)        0.277    17.571 f  i_ariane/i_cva6/ex_stage_i/fpu_gen.fpu_i/fpu_gen.i_fpnew_bulk/gen_operation_groups[3].i_opgroup_block/gen_merged_slice.i_multifmt_slice/gen_num_lanes[0].active_lane.lane_instance.i_fpnew_cast_multi/i___366_i_19/O
                         net (fo=45, unplaced)        0.427    17.998    i_ariane/i_cva6/ex_stage_i/fpu_gen.fpu_i/fpu_gen.i_fpnew_bulk/gen_operation_groups[3].i_opgroup_block/gen_merged_slice.i_multifmt_slice/gen_num_lanes[0].active_lane.lane_instance.i_fpnew_cast_multi/i___366_i_19_n_0
                         LUT4 (Prop_lut4_I3_O)        0.105    18.103 r  i_ariane/i_cva6/ex_stage_i/fpu_gen.fpu_i/fpu_gen.i_fpnew_bulk/gen_operation_groups[3].i_opgroup_block/gen_merged_slice.i_multifmt_slice/gen_num_lanes[0].active_lane.lane_instance.i_fpnew_cast_multi/i___366_i_21/O
                         net (fo=8, unplaced)         0.385    18.488    i_ariane/i_cva6/ex_stage_i/fpu_gen.fpu_i/fpu_gen.i_fpnew_bulk/gen_operation_groups[3].i_opgroup_block/gen_merged_slice.i_multifmt_slice/gen_num_lanes[0].active_lane.lane_instance.i_fpnew_cast_multi/i___366_i_21_n_0
                         LUT6 (Prop_lut6_I4_O)        0.105    18.593 r  i_ariane/i_cva6/ex_stage_i/fpu_gen.fpu_i/fpu_gen.i_fpnew_bulk/gen_operation_groups[3].i_opgroup_block/gen_merged_slice.i_multifmt_slice/gen_num_lanes[0].active_lane.lane_instance.i_fpnew_cast_multi/i___366_i_13/O
                         net (fo=1, unplaced)         0.582    19.175    i_ariane/i_cva6/ex_stage_i/fpu_gen.fpu_i/fpu_gen.i_fpnew_bulk/gen_operation_groups[3].i_opgroup_block/gen_merged_slice.i_multifmt_slice/gen_num_lanes[0].active_lane.lane_instance.i_fpnew_cast_multi/i___366_i_13_n_0
                         LUT6 (Prop_lut6_I0_O)        0.105    19.280 r  i_ariane/i_cva6/ex_stage_i/fpu_gen.fpu_i/fpu_gen.i_fpnew_bulk/gen_operation_groups[3].i_opgroup_block/gen_merged_slice.i_multifmt_slice/gen_num_lanes[0].active_lane.lane_instance.i_fpnew_cast_multi/i___366_i_5/O
                         net (fo=1, unplaced)         0.347    19.627    i_ariane/i_cva6/ex_stage_i/fpu_gen.fpu_i/fpu_gen.i_fpnew_bulk/gen_operation_groups[0].i_opgroup_block/gen_parallel_slices[0].active_format.i_fmt_slice/gen_num_lanes[0].active_lane.lane_instance.i_fma/gen_arbiter.data_nodes[2][result][3]
                         LUT5 (Prop_lut5_I0_O)        0.105    19.732 r  i_ariane/i_cva6/ex_stage_i/fpu_gen.fpu_i/fpu_gen.i_fpnew_bulk/gen_operation_groups[0].i_opgroup_block/gen_parallel_slices[0].active_format.i_fmt_slice/gen_num_lanes[0].active_lane.lane_instance.i_fma/i___366_i_1/O
                         net (fo=19, unplaced)        0.406    20.138    i_ariane/i_cva6/issue_stage_i/i_issue_read_operands/fpu_result_ex_id[3]
                         LUT5 (Prop_lut5_I0_O)        0.105    20.243 f  i_ariane/i_cva6/issue_stage_i/i_issue_read_operands/i___328_i_2/O
                         net (fo=3, unplaced)         0.600    20.843    i_ariane/i_cva6/issue_stage_i/i_issue_read_operands/i___328_i_2_n_0
                         LUT6 (Prop_lut6_I1_O)        0.105    20.948 f  i_ariane/i_cva6/issue_stage_i/i_issue_read_operands/fu_data_q[0][operand_a][3]_i_12/O
                         net (fo=1, unplaced)         0.000    20.948    i_ariane/i_cva6/issue_stage_i/i_issue_read_operands/fu_data_q[0][operand_a][3]_i_12_n_0
                         MUXF7 (Prop_muxf7_I0_O)      0.201    21.149 f  i_ariane/i_cva6/issue_stage_i/i_issue_read_operands/fu_data_q_reg[0][operand_a][3]_i_5/O
                         net (fo=1, unplaced)         0.349    21.498    i_ariane/i_cva6/issue_stage_i/i_issue_read_operands/fu_data_q_reg[0][operand_a][3]_i_5_n_0
                         LUT6 (Prop_lut6_I5_O)        0.242    21.740 f  i_ariane/i_cva6/issue_stage_i/i_issue_read_operands/fu_data_q[0][operand_a][3]_i_2/O
                         net (fo=1, unplaced)         0.347    22.087    i_ariane/i_cva6/issue_stage_i/i_issue_read_operands/fu_data_q[0][operand_a][3]_i_2_n_0
                         LUT5 (Prop_lut5_I4_O)        0.105    22.192 r  i_ariane/i_cva6/issue_stage_i/i_issue_read_operands/fu_data_q[0][operand_a][3]_i_1/O
                         net (fo=17, unplaced)        0.403    22.595    i_ariane/gen_cvxif.gen_COPRO_KECC_AES_K.i_kecc_aes_k_xif_coprocessor/D[3]
                         LUT3 (Prop_lut3_I0_O)        0.105    22.700 r  i_ariane/gen_cvxif.gen_COPRO_KECC_AES_K.i_kecc_aes_k_xif_coprocessor/i___30_i_9/O
                         net (fo=6, unplaced)         0.379    23.079    i_ariane/i_cva6/id_stage_i/registers[0]_23[3]
                         LUT6 (Prop_lut6_I5_O)        0.105    23.184 r  i_ariane/i_cva6/id_stage_i/i___30_i_2/O
                         net (fo=11, unplaced)        0.628    23.812    i_ariane/i_cva6/id_stage_i/issue_q_reg[0][orig_instr][21]_7
                         LUT6 (Prop_lut6_I1_O)        0.105    23.917 r  i_ariane/i_cva6/id_stage_i/i___25_i_10/O
                         net (fo=3, unplaced)         0.796    24.713    i_ariane/i_cva6/id_stage_i/i___25_i_10_n_0
                         LUT6 (Prop_lut6_I3_O)        0.105    24.818 r  i_ariane/i_cva6/id_stage_i/i___25_i_2/O
                         net (fo=10, unplaced)        0.625    25.443    i_ariane/i_cva6/id_stage_i/i___235_i_3_0
                         LUT4 (Prop_lut4_I1_O)        0.105    25.548 r  i_ariane/i_cva6/id_stage_i/i___235_i_1/O
                         net (fo=6, unplaced)         0.614    26.162    i_ariane/i_cva6/id_stage_i/i___25_i_1_0
                         LUT4 (Prop_lut4_I0_O)        0.105    26.267 r  i_ariane/i_cva6/id_stage_i/i___75_i_6/O
                         net (fo=4, unplaced)         0.606    26.873    i_ariane/i_cva6/id_stage_i/i___12_i_4_0
                         LUT6 (Prop_lut6_I2_O)        0.105    26.978 r  i_ariane/i_cva6/id_stage_i/i___20_i_1/O
                         net (fo=8, unplaced)         0.385    27.363    i_ariane/i_cva6/id_stage_i/i___13_i_3_0
                         LUT5 (Prop_lut5_I1_O)        0.105    27.468 r  i_ariane/i_cva6/id_stage_i/result_o[34]_i_8/O
                         net (fo=4, unplaced)         0.371    27.839    i_ariane/i_cva6/id_stage_i/result_o[34]_i_8_n_0
                         LUT6 (Prop_lut6_I0_O)        0.105    27.944 r  i_ariane/i_cva6/id_stage_i/result_o[2]_i_4/O
                         net (fo=1, unplaced)         0.347    28.291    i_ariane/i_cva6/id_stage_i/result_o[2]_i_4_n_0
                         LUT6 (Prop_lut6_I3_O)        0.105    28.396 r  i_ariane/i_cva6/id_stage_i/result_o[2]_i_1/O
                         net (fo=1, unplaced)         0.000    28.396    i_ariane/gen_cvxif.gen_COPRO_KECC_AES_K.i_kecc_aes_k_xif_coprocessor/i_ex/result_o_reg[63]_1[2]
                         FDCE                                         r  i_ariane/gen_cvxif.gen_COPRO_KECC_AES_K.i_kecc_aes_k_xif_coprocessor/i_ex/result_o_reg[2]/D
  -------------------------------------------------------------------    -------------------

                         (clock clk_i rise edge)     10.000    10.000 r  
                                                      0.000    10.000 r  clk_i (IN)
                         net (fo=23772, unset)        0.748    10.748    i_ariane/gen_cvxif.gen_COPRO_KECC_AES_K.i_kecc_aes_k_xif_coprocessor/i_ex/clk_i
                         FDCE                                         r  i_ariane/gen_cvxif.gen_COPRO_KECC_AES_K.i_kecc_aes_k_xif_coprocessor/i_ex/result_o_reg[2]/C
                         clock pessimism              0.000    10.748    
                         clock uncertainty           -0.035    10.712    
                         FDCE (Setup_fdce_C_D)        0.043    10.755    i_ariane/gen_cvxif.gen_COPRO_KECC_AES_K.i_kecc_aes_k_xif_coprocessor/i_ex/result_o_reg[2]
  -------------------------------------------------------------------
                         required time                         10.755    
                         arrival time                         -28.396    
  -------------------------------------------------------------------
                         slack                                -17.641    

Slack (VIOLATED) :        -17.641ns  (required time - arrival time)
  Source:                 i_ariane/i_cva6/ex_stage_i/fpu_gen.fpu_i/fpu_gen.i_fpnew_bulk/gen_operation_groups[3].i_opgroup_block/gen_merged_slice.i_multifmt_slice/gen_num_lanes[0].active_lane.lane_instance.i_fpnew_cast_multi/gen_inside_pipeline[0].mid_pipe_dst_fmt_q_reg[1][1]/C
                            (rising edge-triggered cell FDCE clocked by clk_i  {rise@0.000ns fall@5.000ns period=10.000ns})
  Destination:            i_ariane/gen_cvxif.gen_COPRO_KECC_AES_K.i_kecc_aes_k_xif_coprocessor/i_ex/result_o_reg[2]/D
                            (rising edge-triggered cell FDCE clocked by clk_i  {rise@0.000ns fall@5.000ns period=10.000ns})
  Path Group:             clk_i
  Path Type:              Setup (Max at Slow Process Corner)
  Requirement:            10.000ns  (clk_i rise@10.000ns - clk_i rise@0.000ns)
  Data Path Delay:        27.609ns  (logic 8.852ns (32.062%)  route 18.757ns (67.938%))
  Logic Levels:           54  (CARRY4=17 LUT1=1 LUT2=1 LUT3=2 LUT4=4 LUT5=8 LUT6=20 MUXF7=1)
  Clock Path Skew:        -0.039ns (DCD - SCD + CPR)
    Destination Clock Delay (DCD):    0.748ns = ( 10.748 - 10.000 ) 
    Source Clock Delay      (SCD):    0.787ns
    Clock Pessimism Removal (CPR):    0.000ns
  Clock Uncertainty:      0.035ns  ((TSJ^2 + TIJ^2)^1/2 + DJ) / 2 + PE
    Total System Jitter     (TSJ):    0.071ns
    Total Input Jitter      (TIJ):    0.000ns
    Discrete Jitter          (DJ):    0.000ns
    Phase Error              (PE):    0.000ns

    Location             Delay type                Incr(ns)  Path(ns)    Netlist Resource(s)
  -------------------------------------------------------------------    -------------------
                         (clock clk_i rise edge)      0.000     0.000 r  
                                                      0.000     0.000 r  clk_i (IN)
                         net (fo=23772, unset)        0.787     0.787    i_ariane/i_cva6/ex_stage_i/fpu_gen.fpu_i/fpu_gen.i_fpnew_bulk/gen_operation_groups[3].i_opgroup_block/gen_merged_slice.i_multifmt_slice/gen_num_lanes[0].active_lane.lane_instance.i_fpnew_cast_multi/clk_i
                         FDCE                                         r  i_ariane/i_cva6/ex_stage_i/fpu_gen.fpu_i/fpu_gen.i_fpnew_bulk/gen_operation_groups[3].i_opgroup_block/gen_merged_slice.i_multifmt_slice/gen_num_lanes[0].active_lane.lane_instance.i_fpnew_cast_multi/gen_inside_pipeline[0].mid_pipe_dst_fmt_q_reg[1][1]/C
  -------------------------------------------------------------------    -------------------
                         FDCE (Prop_fdce_C_Q)         0.397     1.184 r  i_ariane/i_cva6/ex_stage_i/fpu_gen.fpu_i/fpu_gen.i_fpnew_bulk/gen_operation_groups[3].i_opgroup_block/gen_merged_slice.i_multifmt_slice/gen_num_lanes[0].active_lane.lane_instance.i_fpnew_cast_multi/gen_inside_pipeline[0].mid_pipe_dst_fmt_q_reg[1][1]/Q
                         net (fo=140, unplaced)       0.733     1.917    i_ariane/i_cva6/ex_stage_i/fpu_gen.fpu_i/fpu_gen.i_fpnew_bulk/gen_operation_groups[3].i_opgroup_block/gen_merged_slice.i_multifmt_slice/gen_num_lanes[0].active_lane.lane_instance.i_fpnew_cast_multi/gen_inside_pipeline[0].mid_pipe_dst_fmt_q_reg_n_0_[1][1]
                         LUT3 (Prop_lut3_I0_O)        0.232     2.149 r  i_ariane/i_cva6/ex_stage_i/fpu_gen.fpu_i/fpu_gen.i_fpnew_bulk/gen_operation_groups[3].i_opgroup_block/gen_merged_slice.i_multifmt_slice/gen_num_lanes[0].active_lane.lane_instance.i_fpnew_cast_multi/mem_q[7][sbe][result][54]_i_102/O
                         net (fo=2, unplaced)         0.269     2.418    i_ariane/i_cva6/ex_stage_i/fpu_gen.fpu_i/fpu_gen.i_fpnew_bulk/gen_operation_groups[3].i_opgroup_block/gen_merged_slice.i_multifmt_slice/gen_num_lanes[0].active_lane.lane_instance.i_fpnew_cast_multi/mem_q[7][sbe][result][54]_i_102_n_0
                         CARRY4 (Prop_carry4_CYINIT_CO[3])
                                                      0.494     2.912 r  i_ariane/i_cva6/ex_stage_i/fpu_gen.fpu_i/fpu_gen.i_fpnew_bulk/gen_operation_groups[3].i_opgroup_block/gen_merged_slice.i_multifmt_slice/gen_num_lanes[0].active_lane.lane_instance.i_fpnew_cast_multi/i___371_i_68/CO[3]
                         net (fo=1, unplaced)         0.000     2.912    i_ariane/i_cva6/ex_stage_i/fpu_gen.fpu_i/fpu_gen.i_fpnew_bulk/gen_operation_groups[3].i_opgroup_block/gen_merged_slice.i_multifmt_slice/gen_num_lanes[0].active_lane.lane_instance.i_fpnew_cast_multi/i___371_i_68_n_0
                         CARRY4 (Prop_carry4_CI_CO[3])
                                                      0.100     3.012 r  i_ariane/i_cva6/ex_stage_i/fpu_gen.fpu_i/fpu_gen.i_fpnew_bulk/gen_operation_groups[3].i_opgroup_block/gen_merged_slice.i_multifmt_slice/gen_num_lanes[0].active_lane.lane_instance.i_fpnew_cast_multi/i___371_i_53/CO[3]
                         net (fo=1, unplaced)         0.000     3.012    i_ariane/i_cva6/ex_stage_i/fpu_gen.fpu_i/fpu_gen.i_fpnew_bulk/gen_operation_groups[3].i_opgroup_block/gen_merged_slice.i_multifmt_slice/gen_num_lanes[0].active_lane.lane_instance.i_fpnew_cast_multi/i___371_i_53_n_0
                         CARRY4 (Prop_carry4_CI_CO[3])
                                                      0.100     3.112 r  i_ariane/i_cva6/ex_stage_i/fpu_gen.fpu_i/fpu_gen.i_fpnew_bulk/gen_operation_groups[3].i_opgroup_block/gen_merged_slice.i_multifmt_slice/gen_num_lanes[0].active_lane.lane_instance.i_fpnew_cast_multi/i___371_i_51/CO[3]
                         net (fo=1, unplaced)         0.000     3.112    i_ariane/i_cva6/ex_stage_i/fpu_gen.fpu_i/fpu_gen.i_fpnew_bulk/gen_operation_groups[3].i_opgroup_block/gen_merged_slice.i_multifmt_slice/gen_num_lanes[0].active_lane.lane_instance.i_fpnew_cast_multi/i___371_i_51_n_0
                         CARRY4 (Prop_carry4_CI_CO[3])
                                                      0.100     3.212 r  i_ariane/i_cva6/ex_stage_i/fpu_gen.fpu_i/fpu_gen.i_fpnew_bulk/gen_operation_groups[3].i_opgroup_block/gen_merged_slice.i_multifmt_slice/gen_num_lanes[0].active_lane.lane_instance.i_fpnew_cast_multi/i___371_i_81/CO[3]
                         net (fo=16, unplaced)        0.664     3.876    i_ariane/i_cva6/ex_stage_i/fpu_gen.fpu_i/fpu_gen.i_fpnew_bulk/gen_operation_groups[3].i_opgroup_block/gen_merged_slice.i_multifmt_slice/gen_num_lanes[0].active_lane.lane_instance.i_fpnew_cast_multi/i___371_i_81_n_0
                         LUT2 (Prop_lut2_I1_O)        0.105     3.981 r  i_ariane/i_cva6/ex_stage_i/fpu_gen.fpu_i/fpu_gen.i_fpnew_bulk/gen_operation_groups[3].i_opgroup_block/gen_merged_slice.i_multifmt_slice/gen_num_lanes[0].active_lane.lane_instance.i_fpnew_cast_multi/i___371_i_76/O
                         net (fo=1, unplaced)         0.000     3.981    i_ariane/i_cva6/ex_stage_i/fpu_gen.fpu_i/fpu_gen.i_fpnew_bulk/gen_operation_groups[3].i_opgroup_block/gen_merged_slice.i_multifmt_slice/gen_num_lanes[0].active_lane.lane_instance.i_fpnew_cast_multi/i___371_i_76_n_0
                         CARRY4 (Prop_carry4_DI[0]_CO[3])
                                                      0.477     4.458 r  i_ariane/i_cva6/ex_stage_i/fpu_gen.fpu_i/fpu_gen.i_fpnew_bulk/gen_operation_groups[3].i_opgroup_block/gen_merged_slice.i_multifmt_slice/gen_num_lanes[0].active_lane.lane_instance.i_fpnew_cast_multi/i___371_i_57/CO[3]
                         net (fo=1, unplaced)         0.000     4.458    i_ariane/i_cva6/ex_stage_i/fpu_gen.fpu_i/fpu_gen.i_fpnew_bulk/gen_operation_groups[3].i_opgroup_block/gen_merged_slice.i_multifmt_slice/gen_num_lanes[0].active_lane.lane_instance.i_fpnew_cast_multi/i___371_i_57_n_0
                         CARRY4 (Prop_carry4_CI_CO[3])
                                                      0.100     4.558 f  i_ariane/i_cva6/ex_stage_i/fpu_gen.fpu_i/fpu_gen.i_fpnew_bulk/gen_operation_groups[3].i_opgroup_block/gen_merged_slice.i_multifmt_slice/gen_num_lanes[0].active_lane.lane_instance.i_fpnew_cast_multi/i___371_i_49/CO[3]
                         net (fo=61, unplaced)        0.697     5.255    i_ariane/i_cva6/ex_stage_i/fpu_gen.fpu_i/fpu_gen.i_fpnew_bulk/gen_operation_groups[3].i_opgroup_block/gen_merged_slice.i_multifmt_slice/gen_num_lanes[0].active_lane.lane_instance.i_fpnew_cast_multi/preshift_mant1
                         LUT4 (Prop_lut4_I3_O)        0.105     5.360 f  i_ariane/i_cva6/ex_stage_i/fpu_gen.fpu_i/fpu_gen.i_fpnew_bulk/gen_operation_groups[3].i_opgroup_block/gen_merged_slice.i_multifmt_slice/gen_num_lanes[0].active_lane.lane_instance.i_fpnew_cast_multi/mem_q[7][sbe][ex][cause][0]_i_129/O
                         net (fo=4, unplaced)         0.371     5.731    i_ariane/i_cva6/ex_stage_i/fpu_gen.fpu_i/fpu_gen.i_fpnew_bulk/gen_operation_groups[3].i_opgroup_block/gen_merged_slice.i_multifmt_slice/gen_num_lanes[0].active_lane.lane_instance.i_fpnew_cast_multi/mem_q[7][sbe][ex][cause][0]_i_129_n_0
                         LUT6 (Prop_lut6_I4_O)        0.105     5.836 f  i_ariane/i_cva6/ex_stage_i/fpu_gen.fpu_i/fpu_gen.i_fpnew_bulk/gen_operation_groups[3].i_opgroup_block/gen_merged_slice.i_multifmt_slice/gen_num_lanes[0].active_lane.lane_instance.i_fpnew_cast_multi/mem_q[7][sbe][ex][cause][0]_i_287/O
                         net (fo=117, unplaced)       0.450     6.286    i_ariane/i_cva6/ex_stage_i/fpu_gen.fpu_i/fpu_gen.i_fpnew_bulk/gen_operation_groups[3].i_opgroup_block/gen_merged_slice.i_multifmt_slice/gen_num_lanes[0].active_lane.lane_instance.i_fpnew_cast_multi/mem_q[7][sbe][ex][cause][0]_i_287_n_0
                         LUT5 (Prop_lut5_I4_O)        0.105     6.391 r  i_ariane/i_cva6/ex_stage_i/fpu_gen.fpu_i/fpu_gen.i_fpnew_bulk/gen_operation_groups[3].i_opgroup_block/gen_merged_slice.i_multifmt_slice/gen_num_lanes[0].active_lane.lane_instance.i_fpnew_cast_multi/mem_q[7][sbe][ex][cause][0]_i_512/O
                         net (fo=35, unplaced)        0.420     6.811    i_ariane/i_cva6/ex_stage_i/fpu_gen.fpu_i/fpu_gen.i_fpnew_bulk/gen_operation_groups[3].i_opgroup_block/gen_merged_slice.i_multifmt_slice/gen_num_lanes[0].active_lane.lane_instance.i_fpnew_cast_multi/mem_q[7][sbe][ex][cause][0]_i_512_n_0
                         LUT6 (Prop_lut6_I2_O)        0.105     6.916 r  i_ariane/i_cva6/ex_stage_i/fpu_gen.fpu_i/fpu_gen.i_fpnew_bulk/gen_operation_groups[3].i_opgroup_block/gen_merged_slice.i_multifmt_slice/gen_num_lanes[0].active_lane.lane_instance.i_fpnew_cast_multi/mem_q[7][sbe][ex][cause][0]_i_481/O
                         net (fo=3, unplaced)         0.600     7.516    i_ariane/i_cva6/ex_stage_i/fpu_gen.fpu_i/fpu_gen.i_fpnew_bulk/gen_operation_groups[3].i_opgroup_block/gen_merged_slice.i_multifmt_slice/gen_num_lanes[0].active_lane.lane_instance.i_fpnew_cast_multi/mem_q[7][sbe][ex][cause][0]_i_481_n_0
                         LUT6 (Prop_lut6_I0_O)        0.105     7.621 r  i_ariane/i_cva6/ex_stage_i/fpu_gen.fpu_i/fpu_gen.i_fpnew_bulk/gen_operation_groups[3].i_opgroup_block/gen_merged_slice.i_multifmt_slice/gen_num_lanes[0].active_lane.lane_instance.i_fpnew_cast_multi/mem_q[7][sbe][ex][cause][0]_i_349/O
                         net (fo=4, unplaced)         0.606     8.227    i_ariane/i_cva6/ex_stage_i/fpu_gen.fpu_i/fpu_gen.i_fpnew_bulk/gen_operation_groups[3].i_opgroup_block/gen_merged_slice.i_multifmt_slice/gen_num_lanes[0].active_lane.lane_instance.i_fpnew_cast_multi/mem_q[7][sbe][ex][cause][0]_i_349_n_0
                         LUT6 (Prop_lut6_I1_O)        0.105     8.332 r  i_ariane/i_cva6/ex_stage_i/fpu_gen.fpu_i/fpu_gen.i_fpnew_bulk/gen_operation_groups[3].i_opgroup_block/gen_merged_slice.i_multifmt_slice/gen_num_lanes[0].active_lane.lane_instance.i_fpnew_cast_multi/mem_q[7][sbe][ex][cause][0]_i_212/O
                         net (fo=3, unplaced)         0.796     9.128    i_ariane/i_cva6/ex_stage_i/fpu_gen.fpu_i/fpu_gen.i_fpnew_bulk/gen_operation_groups[3].i_opgroup_block/gen_merged_slice.i_multifmt_slice/gen_num_lanes[0].active_lane.lane_instance.i_fpnew_cast_multi/mem_q[7][sbe][ex][cause][0]_i_212_n_0
                         LUT6 (Prop_lut6_I0_O)        0.105     9.233 r  i_ariane/i_cva6/ex_stage_i/fpu_gen.fpu_i/fpu_gen.i_fpnew_bulk/gen_operation_groups[3].i_opgroup_block/gen_merged_slice.i_multifmt_slice/gen_num_lanes[0].active_lane.lane_instance.i_fpnew_cast_multi/mem_q[7][sbe][ex][cause][0]_i_99/O
                         net (fo=1, unplaced)         0.778    10.011    i_ariane/i_cva6/ex_stage_i/fpu_gen.fpu_i/fpu_gen.i_fpnew_bulk/gen_operation_groups[3].i_opgroup_block/gen_merged_slice.i_multifmt_slice/gen_num_lanes[0].active_lane.lane_instance.i_fpnew_cast_multi/mem_q[7][sbe][ex][cause][0]_i_99_n_0
                         LUT5 (Prop_lut5_I0_O)        0.105    10.116 r  i_ariane/i_cva6/ex_stage_i/fpu_gen.fpu_i/fpu_gen.i_fpnew_bulk/gen_operation_groups[3].i_opgroup_block/gen_merged_slice.i_multifmt_slice/gen_num_lanes[0].active_lane.lane_instance.i_fpnew_cast_multi/mem_q[7][sbe][ex][cause][0]_i_27/O
                         net (fo=1, unplaced)         0.582    10.698    i_ariane/i_cva6/ex_stage_i/fpu_gen.fpu_i/fpu_gen.i_fpnew_bulk/gen_operation_groups[3].i_opgroup_block/gen_merged_slice.i_multifmt_slice/gen_num_lanes[0].active_lane.lane_instance.i_fpnew_cast_multi/mem_q[7][sbe][ex][cause][0]_i_27_n_0
                         LUT6 (Prop_lut6_I3_O)        0.105    10.803 r  i_ariane/i_cva6/ex_stage_i/fpu_gen.fpu_i/fpu_gen.i_fpnew_bulk/gen_operation_groups[3].i_opgroup_block/gen_merged_slice.i_multifmt_slice/gen_num_lanes[0].active_lane.lane_instance.i_fpnew_cast_multi/mem_q[7][sbe][ex][cause][0]_i_10/O
                         net (fo=4, unplaced)         0.371    11.174    i_ariane/i_cva6/ex_stage_i/fpu_gen.fpu_i/fpu_gen.i_fpnew_bulk/gen_operation_groups[3].i_opgroup_block/gen_merged_slice.i_multifmt_slice/gen_num_lanes[0].active_lane.lane_instance.i_fpnew_cast_multi/mem_q[7][sbe][ex][cause][0]_i_10_n_0
                         LUT6 (Prop_lut6_I4_O)        0.105    11.279 r  i_ariane/i_cva6/ex_stage_i/fpu_gen.fpu_i/fpu_gen.i_fpnew_bulk/gen_operation_groups[3].i_opgroup_block/gen_merged_slice.i_multifmt_slice/gen_num_lanes[0].active_lane.lane_instance.i_fpnew_cast_multi/i___366_i_119/O
                         net (fo=1, unplaced)         0.582    11.861    i_ariane/i_cva6/ex_stage_i/fpu_gen.fpu_i/fpu_gen.i_fpnew_bulk/gen_operation_groups[3].i_opgroup_block/gen_merged_slice.i_multifmt_slice/gen_num_lanes[0].active_lane.lane_instance.i_fpnew_cast_multi/i___366_i_119_n_0
                         LUT6 (Prop_lut6_I1_O)        0.105    11.966 f  i_ariane/i_cva6/ex_stage_i/fpu_gen.fpu_i/fpu_gen.i_fpnew_bulk/gen_operation_groups[3].i_opgroup_block/gen_merged_slice.i_multifmt_slice/gen_num_lanes[0].active_lane.lane_instance.i_fpnew_cast_multi/i___366_i_62/O
                         net (fo=1, unplaced)         0.000    11.966    i_ariane/i_cva6/ex_stage_i/fpu_gen.fpu_i/fpu_gen.i_fpnew_bulk/gen_operation_groups[3].i_opgroup_block/gen_merged_slice.i_multifmt_slice/gen_num_lanes[0].active_lane.lane_instance.i_fpnew_cast_multi/i___366_i_62_n_0
                         CARRY4 (Prop_carry4_S[0]_CO[3])
                                                      0.423    12.389 r  i_ariane/i_cva6/ex_stage_i/fpu_gen.fpu_i/fpu_gen.i_fpnew_bulk/gen_operation_groups[3].i_opgroup_block/gen_merged_slice.i_multifmt_slice/gen_num_lanes[0].active_lane.lane_instance.i_fpnew_cast_multi/i___366_i_32/CO[3]
                         net (fo=1, unplaced)         0.000    12.389    i_ariane/i_cva6/ex_stage_i/fpu_gen.fpu_i/fpu_gen.i_fpnew_bulk/gen_operation_groups[3].i_opgroup_block/gen_merged_slice.i_multifmt_slice/gen_num_lanes[0].active_lane.lane_instance.i_fpnew_cast_multi/i___366_i_32_n_0
                         CARRY4 (Prop_carry4_CI_CO[3])
                                                      0.100    12.489 r  i_ariane/i_cva6/ex_stage_i/fpu_gen.fpu_i/fpu_gen.i_fpnew_bulk/gen_operation_groups[3].i_opgroup_block/gen_merged_slice.i_multifmt_slice/gen_num_lanes[0].active_lane.lane_instance.i_fpnew_cast_multi/mem_q_reg[7][sbe][result][7]_i_34/CO[3]
                         net (fo=1, unplaced)         0.000    12.489    i_ariane/i_cva6/ex_stage_i/fpu_gen.fpu_i/fpu_gen.i_fpnew_bulk/gen_operation_groups[3].i_opgroup_block/gen_merged_slice.i_multifmt_slice/gen_num_lanes[0].active_lane.lane_instance.i_fpnew_cast_multi/mem_q_reg[7][sbe][result][7]_i_34_n_0
                         CARRY4 (Prop_carry4_CI_CO[3])
                                                      0.100    12.589 r  i_ariane/i_cva6/ex_stage_i/fpu_gen.fpu_i/fpu_gen.i_fpnew_bulk/gen_operation_groups[3].i_opgroup_block/gen_merged_slice.i_multifmt_slice/gen_num_lanes[0].active_lane.lane_instance.i_fpnew_cast_multi/mem_q_reg[7][sbe][result][11]_i_57/CO[3]
                         net (fo=1, unplaced)         0.000    12.589    i_ariane/i_cva6/ex_stage_i/fpu_gen.fpu_i/fpu_gen.i_fpnew_bulk/gen_operation_groups[3].i_opgroup_block/gen_merged_slice.i_multifmt_slice/gen_num_lanes[0].active_lane.lane_instance.i_fpnew_cast_multi/mem_q_reg[7][sbe][result][11]_i_57_n_0
                         CARRY4 (Prop_carry4_CI_CO[3])
                                                      0.100    12.689 r  i_ariane/i_cva6/ex_stage_i/fpu_gen.fpu_i/fpu_gen.i_fpnew_bulk/gen_operation_groups[3].i_opgroup_block/gen_merged_slice.i_multifmt_slice/gen_num_lanes[0].active_lane.lane_instance.i_fpnew_cast_multi/mem_q_reg[7][sbe][result][15]_i_52/CO[3]
                         net (fo=1, unplaced)         0.000    12.689    i_ariane/i_cva6/ex_stage_i/fpu_gen.fpu_i/fpu_gen.i_fpnew_bulk/gen_operation_groups[3].i_opgroup_block/gen_merged_slice.i_multifmt_slice/gen_num_lanes[0].active_lane.lane_instance.i_fpnew_cast_multi/mem_q_reg[7][sbe][result][15]_i_52_n_0
                         CARRY4 (Prop_carry4_CI_CO[3])
                                                      0.100    12.789 r  i_ariane/i_cva6/ex_stage_i/fpu_gen.fpu_i/fpu_gen.i_fpnew_bulk/gen_operation_groups[3].i_opgroup_block/gen_merged_slice.i_multifmt_slice/gen_num_lanes[0].active_lane.lane_instance.i_fpnew_cast_multi/mem_q_reg[7][sbe][result][23]_i_46/CO[3]
                         net (fo=1, unplaced)         0.000    12.789    i_ariane/i_cva6/ex_stage_i/fpu_gen.fpu_i/fpu_gen.i_fpnew_bulk/gen_operation_groups[3].i_opgroup_block/gen_merged_slice.i_multifmt_slice/gen_num_lanes[0].active_lane.lane_instance.i_fpnew_cast_multi/mem_q_reg[7][sbe][result][23]_i_46_n_0
                         CARRY4 (Prop_carry4_CI_CO[3])
                                                      0.100    12.889 r  i_ariane/i_cva6/ex_stage_i/fpu_gen.fpu_i/fpu_gen.i_fpnew_bulk/gen_operation_groups[3].i_opgroup_block/gen_merged_slice.i_multifmt_slice/gen_num_lanes[0].active_lane.lane_instance.i_fpnew_cast_multi/mem_q_reg[7][sbe][result][23]_i_29/CO[3]
                         net (fo=1, unplaced)         0.000    12.889    i_ariane/i_cva6/ex_stage_i/fpu_gen.fpu_i/fpu_gen.i_fpnew_bulk/gen_operation_groups[3].i_opgroup_block/gen_merged_slice.i_multifmt_slice/gen_num_lanes[0].active_lane.lane_instance.i_fpnew_cast_multi/mem_q_reg[7][sbe][result][23]_i_29_n_0
                         CARRY4 (Prop_carry4_CI_O[2])
                                                      0.214    13.103 f  i_ariane/i_cva6/ex_stage_i/fpu_gen.fpu_i/fpu_gen.i_fpnew_bulk/gen_operation_groups[3].i_opgroup_block/gen_merged_slice.i_multifmt_slice/gen_num_lanes[0].active_lane.lane_instance.i_fpnew_cast_multi/mem_q_reg[7][sbe][result][27]_i_35/O[2]
                         net (fo=6, unplaced)         0.381    13.484    i_ariane/i_cva6/ex_stage_i/fpu_gen.fpu_i/fpu_gen.i_fpnew_bulk/gen_operation_groups[3].i_opgroup_block/gen_merged_slice.i_multifmt_slice/gen_num_lanes[0].active_lane.lane_instance.i_fpnew_cast_multi/rounded_abs[26]
                         LUT1 (Prop_lut1_I0_O)        0.244    13.728 r  i_ariane/i_cva6/ex_stage_i/fpu_gen.fpu_i/fpu_gen.i_fpnew_bulk/gen_operation_groups[3].i_opgroup_block/gen_merged_slice.i_multifmt_slice/gen_num_lanes[0].active_lane.lane_instance.i_fpnew_cast_multi/mem_q[7][sbe][result][28]_i_58/O
                         net (fo=1, unplaced)         0.000    13.728    i_ariane/i_cva6/ex_stage_i/fpu_gen.fpu_i/fpu_gen.i_fpnew_bulk/gen_operation_groups[3].i_opgroup_block/gen_merged_slice.i_multifmt_slice/gen_num_lanes[0].active_lane.lane_instance.i_fpnew_cast_multi/mem_q[7][sbe][result][28]_i_58_n_0
                         CARRY4 (Prop_carry4_S[1]_CO[3])
                                                      0.444    14.172 r  i_ariane/i_cva6/ex_stage_i/fpu_gen.fpu_i/fpu_gen.i_fpnew_bulk/gen_operation_groups[3].i_opgroup_block/gen_merged_slice.i_multifmt_slice/gen_num_lanes[0].active_lane.lane_instance.i_fpnew_cast_multi/mem_q_reg[7][sbe][result][28]_i_31/CO[3]
                         net (fo=1, unplaced)         0.000    14.172    i_ariane/i_cva6/ex_stage_i/fpu_gen.fpu_i/fpu_gen.i_fpnew_bulk/gen_operation_groups[3].i_opgroup_block/gen_merged_slice.i_multifmt_slice/gen_num_lanes[0].active_lane.lane_instance.i_fpnew_cast_multi/mem_q_reg[7][sbe][result][28]_i_31_n_0
                         CARRY4 (Prop_carry4_CI_O[2])
                                                      0.214    14.386 f  i_ariane/i_cva6/ex_stage_i/fpu_gen.fpu_i/fpu_gen.i_fpnew_bulk/gen_operation_groups[3].i_opgroup_block/gen_merged_slice.i_multifmt_slice/gen_num_lanes[0].active_lane.lane_instance.i_fpnew_cast_multi/i___368_i_14/O[2]
                         net (fo=4, unplaced)         0.373    14.759    i_ariane/i_cva6/ex_stage_i/fpu_gen.fpu_i/fpu_gen.i_fpnew_bulk/gen_operation_groups[3].i_opgroup_block/gen_merged_slice.i_multifmt_slice/gen_num_lanes[0].active_lane.lane_instance.i_fpnew_cast_multi/rounded_uint_res0[31]
                         LUT5 (Prop_lut5_I1_O)        0.244    15.003 f  i_ariane/i_cva6/ex_stage_i/fpu_gen.fpu_i/fpu_gen.i_fpnew_bulk/gen_operation_groups[3].i_opgroup_block/gen_merged_slice.i_multifmt_slice/gen_num_lanes[0].active_lane.lane_instance.i_fpnew_cast_multi/i___368_i_11/O
                         net (fo=33, unplaced)        0.654    15.657    i_ariane/i_cva6/ex_stage_i/fpu_gen.fpu_i/fpu_gen.i_fpnew_bulk/gen_operation_groups[3].i_opgroup_block/gen_merged_slice.i_multifmt_slice/gen_num_lanes[0].active_lane.lane_instance.i_fpnew_cast_multi/i___368_i_11_n_0
                         LUT5 (Prop_lut5_I4_O)        0.105    15.762 r  i_ariane/i_cva6/ex_stage_i/fpu_gen.fpu_i/fpu_gen.i_fpnew_bulk/gen_operation_groups[3].i_opgroup_block/gen_merged_slice.i_multifmt_slice/gen_num_lanes[0].active_lane.lane_instance.i_fpnew_cast_multi/mem_q[7][sbe][result][51]_i_19/O
                         net (fo=2, unplaced)         0.593    16.355    i_ariane/i_cva6/ex_stage_i/fpu_gen.fpu_i/fpu_gen.i_fpnew_bulk/gen_operation_groups[3].i_opgroup_block/gen_merged_slice.i_multifmt_slice/gen_num_lanes[0].active_lane.lane_instance.i_fpnew_cast_multi/mem_q[7][sbe][result][51]_i_19_n_0
                         LUT6 (Prop_lut6_I0_O)        0.105    16.460 r  i_ariane/i_cva6/ex_stage_i/fpu_gen.fpu_i/fpu_gen.i_fpnew_bulk/gen_operation_groups[3].i_opgroup_block/gen_merged_slice.i_multifmt_slice/gen_num_lanes[0].active_lane.lane_instance.i_fpnew_cast_multi/i___366_i_125/O
                         net (fo=1, unplaced)         0.000    16.460    i_ariane/i_cva6/ex_stage_i/fpu_gen.fpu_i/fpu_gen.i_fpnew_bulk/gen_operation_groups[3].i_opgroup_block/gen_merged_slice.i_multifmt_slice/gen_num_lanes[0].active_lane.lane_instance.i_fpnew_cast_multi/i___366_i_125_n_0
                         CARRY4 (Prop_carry4_S[1]_CO[3])
                                                      0.444    16.904 r  i_ariane/i_cva6/ex_stage_i/fpu_gen.fpu_i/fpu_gen.i_fpnew_bulk/gen_operation_groups[3].i_opgroup_block/gen_merged_slice.i_multifmt_slice/gen_num_lanes[0].active_lane.lane_instance.i_fpnew_cast_multi/i___366_i_63/CO[3]
                         net (fo=1, unplaced)         0.000    16.904    i_ariane/i_cva6/ex_stage_i/fpu_gen.fpu_i/fpu_gen.i_fpnew_bulk/gen_operation_groups[3].i_opgroup_block/gen_merged_slice.i_multifmt_slice/gen_num_lanes[0].active_lane.lane_instance.i_fpnew_cast_multi/i___366_i_63_n_0
                         CARRY4 (Prop_carry4_CI_CO[1])
                                                      0.150    17.054 r  i_ariane/i_cva6/ex_stage_i/fpu_gen.fpu_i/fpu_gen.i_fpnew_bulk/gen_operation_groups[3].i_opgroup_block/gen_merged_slice.i_multifmt_slice/gen_num_lanes[0].active_lane.lane_instance.i_fpnew_cast_multi/i___366_i_34/CO[1]
                         net (fo=1, unplaced)         0.240    17.294    i_ariane/i_cva6/ex_stage_i/fpu_gen.fpu_i/fpu_gen.i_fpnew_bulk/gen_operation_groups[3].i_opgroup_block/gen_merged_slice.i_multifmt_slice/gen_num_lanes[0].active_lane.lane_instance.i_fpnew_cast_multi/int_result_is_special1
                         LUT6 (Prop_lut6_I4_O)        0.277    17.571 f  i_ariane/i_cva6/ex_stage_i/fpu_gen.fpu_i/fpu_gen.i_fpnew_bulk/gen_operation_groups[3].i_opgroup_block/gen_merged_slice.i_multifmt_slice/gen_num_lanes[0].active_lane.lane_instance.i_fpnew_cast_multi/i___366_i_19/O
                         net (fo=45, unplaced)        0.427    17.998    i_ariane/i_cva6/ex_stage_i/fpu_gen.fpu_i/fpu_gen.i_fpnew_bulk/gen_operation_groups[3].i_opgroup_block/gen_merged_slice.i_multifmt_slice/gen_num_lanes[0].active_lane.lane_instance.i_fpnew_cast_multi/i___366_i_19_n_0
                         LUT4 (Prop_lut4_I3_O)        0.105    18.103 r  i_ariane/i_cva6/ex_stage_i/fpu_gen.fpu_i/fpu_gen.i_fpnew_bulk/gen_operation_groups[3].i_opgroup_block/gen_merged_slice.i_multifmt_slice/gen_num_lanes[0].active_lane.lane_instance.i_fpnew_cast_multi/i___366_i_21/O
                         net (fo=8, unplaced)         0.385    18.488    i_ariane/i_cva6/ex_stage_i/fpu_gen.fpu_i/fpu_gen.i_fpnew_bulk/gen_operation_groups[3].i_opgroup_block/gen_merged_slice.i_multifmt_slice/gen_num_lanes[0].active_lane.lane_instance.i_fpnew_cast_multi/i___366_i_21_n_0
                         LUT6 (Prop_lut6_I4_O)        0.105    18.593 r  i_ariane/i_cva6/ex_stage_i/fpu_gen.fpu_i/fpu_gen.i_fpnew_bulk/gen_operation_groups[3].i_opgroup_block/gen_merged_slice.i_multifmt_slice/gen_num_lanes[0].active_lane.lane_instance.i_fpnew_cast_multi/i___366_i_13/O
                         net (fo=1, unplaced)         0.582    19.175    i_ariane/i_cva6/ex_stage_i/fpu_gen.fpu_i/fpu_gen.i_fpnew_bulk/gen_operation_groups[3].i_opgroup_block/gen_merged_slice.i_multifmt_slice/gen_num_lanes[0].active_lane.lane_instance.i_fpnew_cast_multi/i___366_i_13_n_0
                         LUT6 (Prop_lut6_I0_O)        0.105    19.280 r  i_ariane/i_cva6/ex_stage_i/fpu_gen.fpu_i/fpu_gen.i_fpnew_bulk/gen_operation_groups[3].i_opgroup_block/gen_merged_slice.i_multifmt_slice/gen_num_lanes[0].active_lane.lane_instance.i_fpnew_cast_multi/i___366_i_5/O
                         net (fo=1, unplaced)         0.347    19.627    i_ariane/i_cva6/ex_stage_i/fpu_gen.fpu_i/fpu_gen.i_fpnew_bulk/gen_operation_groups[0].i_opgroup_block/gen_parallel_slices[0].active_format.i_fmt_slice/gen_num_lanes[0].active_lane.lane_instance.i_fma/gen_arbiter.data_nodes[2][result][3]
                         LUT5 (Prop_lut5_I0_O)        0.105    19.732 r  i_ariane/i_cva6/ex_stage_i/fpu_gen.fpu_i/fpu_gen.i_fpnew_bulk/gen_operation_groups[0].i_opgroup_block/gen_parallel_slices[0].active_format.i_fmt_slice/gen_num_lanes[0].active_lane.lane_instance.i_fma/i___366_i_1/O
                         net (fo=19, unplaced)        0.406    20.138    i_ariane/i_cva6/issue_stage_i/i_issue_read_operands/fpu_result_ex_id[3]
                         LUT5 (Prop_lut5_I0_O)        0.105    20.243 f  i_ariane/i_cva6/issue_stage_i/i_issue_read_operands/i___328_i_2/O
                         net (fo=3, unplaced)         0.600    20.843    i_ariane/i_cva6/issue_stage_i/i_issue_read_operands/i___328_i_2_n_0
                         LUT6 (Prop_lut6_I1_O)        0.105    20.948 f  i_ariane/i_cva6/issue_stage_i/i_issue_read_operands/fu_data_q[0][operand_a][3]_i_12/O
                         net (fo=1, unplaced)         0.000    20.948    i_ariane/i_cva6/issue_stage_i/i_issue_read_operands/fu_data_q[0][operand_a][3]_i_12_n_0
                         MUXF7 (Prop_muxf7_I0_O)      0.201    21.149 f  i_ariane/i_cva6/issue_stage_i/i_issue_read_operands/fu_data_q_reg[0][operand_a][3]_i_5/O
                         net (fo=1, unplaced)         0.349    21.498    i_ariane/i_cva6/issue_stage_i/i_issue_read_operands/fu_data_q_reg[0][operand_a][3]_i_5_n_0
                         LUT6 (Prop_lut6_I5_O)        0.242    21.740 f  i_ariane/i_cva6/issue_stage_i/i_issue_read_operands/fu_data_q[0][operand_a][3]_i_2/O
                         net (fo=1, unplaced)         0.347    22.087    i_ariane/i_cva6/issue_stage_i/i_issue_read_operands/fu_data_q[0][operand_a][3]_i_2_n_0
                         LUT5 (Prop_lut5_I4_O)        0.105    22.192 r  i_ariane/i_cva6/issue_stage_i/i_issue_read_operands/fu_data_q[0][operand_a][3]_i_1/O
                         net (fo=17, unplaced)        0.403    22.595    i_ariane/gen_cvxif.gen_COPRO_KECC_AES_K.i_kecc_aes_k_xif_coprocessor/D[3]
                         LUT3 (Prop_lut3_I0_O)        0.105    22.700 r  i_ariane/gen_cvxif.gen_COPRO_KECC_AES_K.i_kecc_aes_k_xif_coprocessor/i___30_i_9/O
                         net (fo=6, unplaced)         0.379    23.079    i_ariane/i_cva6/id_stage_i/registers[0]_23[3]
                         LUT6 (Prop_lut6_I5_O)        0.105    23.184 r  i_ariane/i_cva6/id_stage_i/i___30_i_2/O
                         net (fo=11, unplaced)        0.628    23.812    i_ariane/i_cva6/id_stage_i/issue_q_reg[0][orig_instr][21]_7
                         LUT6 (Prop_lut6_I1_O)        0.105    23.917 r  i_ariane/i_cva6/id_stage_i/i___25_i_10/O
                         net (fo=3, unplaced)         0.796    24.713    i_ariane/i_cva6/id_stage_i/i___25_i_10_n_0
                         LUT6 (Prop_lut6_I3_O)        0.105    24.818 r  i_ariane/i_cva6/id_stage_i/i___25_i_2/O
                         net (fo=10, unplaced)        0.625    25.443    i_ariane/i_cva6/id_stage_i/i___235_i_3_0
                         LUT4 (Prop_lut4_I1_O)        0.105    25.548 r  i_ariane/i_cva6/id_stage_i/i___235_i_1/O
                         net (fo=6, unplaced)         0.614    26.162    i_ariane/i_cva6/id_stage_i/i___25_i_1_0
                         LUT4 (Prop_lut4_I0_O)        0.105    26.267 r  i_ariane/i_cva6/id_stage_i/i___75_i_6/O
                         net (fo=4, unplaced)         0.606    26.873    i_ariane/i_cva6/id_stage_i/i___12_i_4_0
                         LUT6 (Prop_lut6_I2_O)        0.105    26.978 r  i_ariane/i_cva6/id_stage_i/i___20_i_1/O
                         net (fo=8, unplaced)         0.385    27.363    i_ariane/i_cva6/id_stage_i/i___13_i_3_0
                         LUT5 (Prop_lut5_I1_O)        0.105    27.468 r  i_ariane/i_cva6/id_stage_i/result_o[34]_i_8/O
                         net (fo=4, unplaced)         0.371    27.839    i_ariane/i_cva6/id_stage_i/result_o[34]_i_8_n_0
                         LUT6 (Prop_lut6_I0_O)        0.105    27.944 r  i_ariane/i_cva6/id_stage_i/result_o[2]_i_4/O
                         net (fo=1, unplaced)         0.347    28.291    i_ariane/i_cva6/id_stage_i/result_o[2]_i_4_n_0
                         LUT6 (Prop_lut6_I3_O)        0.105    28.396 r  i_ariane/i_cva6/id_stage_i/result_o[2]_i_1/O
                         net (fo=1, unplaced)         0.000    28.396    i_ariane/gen_cvxif.gen_COPRO_KECC_AES_K.i_kecc_aes_k_xif_coprocessor/i_ex/result_o_reg[63]_1[2]
                         FDCE                                         r  i_ariane/gen_cvxif.gen_COPRO_KECC_AES_K.i_kecc_aes_k_xif_coprocessor/i_ex/result_o_reg[2]/D
  -------------------------------------------------------------------    -------------------

                         (clock clk_i rise edge)     10.000    10.000 r  
                                                      0.000    10.000 r  clk_i (IN)
                         net (fo=23772, unset)        0.748    10.748    i_ariane/gen_cvxif.gen_COPRO_KECC_AES_K.i_kecc_aes_k_xif_coprocessor/i_ex/clk_i
                         FDCE                                         r  i_ariane/gen_cvxif.gen_COPRO_KECC_AES_K.i_kecc_aes_k_xif_coprocessor/i_ex/result_o_reg[2]/C
                         clock pessimism              0.000    10.748    
                         clock uncertainty           -0.035    10.712    
                         FDCE (Setup_fdce_C_D)        0.043    10.755    i_ariane/gen_cvxif.gen_COPRO_KECC_AES_K.i_kecc_aes_k_xif_coprocessor/i_ex/result_o_reg[2]
  -------------------------------------------------------------------
                         required time                         10.755    
                         arrival time                         -28.396    
  -------------------------------------------------------------------
                         slack                                -17.641    

Slack (VIOLATED) :        -17.641ns  (required time - arrival time)
  Source:                 i_ariane/i_cva6/ex_stage_i/fpu_gen.fpu_i/fpu_gen.i_fpnew_bulk/gen_operation_groups[3].i_opgroup_block/gen_merged_slice.i_multifmt_slice/gen_num_lanes[0].active_lane.lane_instance.i_fpnew_cast_multi/gen_inside_pipeline[0].mid_pipe_dst_fmt_q_reg[1][1]/C
                            (rising edge-triggered cell FDCE clocked by clk_i  {rise@0.000ns fall@5.000ns period=10.000ns})
  Destination:            i_ariane/gen_cvxif.gen_COPRO_KECC_AES_K.i_kecc_aes_k_xif_coprocessor/i_ex/result_o_reg[2]/D
                            (rising edge-triggered cell FDCE clocked by clk_i  {rise@0.000ns fall@5.000ns period=10.000ns})
  Path Group:             clk_i
  Path Type:              Setup (Max at Slow Process Corner)
  Requirement:            10.000ns  (clk_i rise@10.000ns - clk_i rise@0.000ns)
  Data Path Delay:        27.609ns  (logic 8.852ns (32.062%)  route 18.757ns (67.938%))
  Logic Levels:           54  (CARRY4=17 LUT1=1 LUT2=1 LUT3=2 LUT4=4 LUT5=8 LUT6=20 MUXF7=1)
  Clock Path Skew:        -0.039ns (DCD - SCD + CPR)
    Destination Clock Delay (DCD):    0.748ns = ( 10.748 - 10.000 ) 
    Source Clock Delay      (SCD):    0.787ns
    Clock Pessimism Removal (CPR):    0.000ns
  Clock Uncertainty:      0.035ns  ((TSJ^2 + TIJ^2)^1/2 + DJ) / 2 + PE
    Total System Jitter     (TSJ):    0.071ns
    Total Input Jitter      (TIJ):    0.000ns
    Discrete Jitter          (DJ):    0.000ns
    Phase Error              (PE):    0.000ns

    Location             Delay type                Incr(ns)  Path(ns)    Netlist Resource(s)
  -------------------------------------------------------------------    -------------------
                         (clock clk_i rise edge)      0.000     0.000 r  
                                                      0.000     0.000 r  clk_i (IN)
                         net (fo=23772, unset)        0.787     0.787    i_ariane/i_cva6/ex_stage_i/fpu_gen.fpu_i/fpu_gen.i_fpnew_bulk/gen_operation_groups[3].i_opgroup_block/gen_merged_slice.i_multifmt_slice/gen_num_lanes[0].active_lane.lane_instance.i_fpnew_cast_multi/clk_i
                         FDCE                                         r  i_ariane/i_cva6/ex_stage_i/fpu_gen.fpu_i/fpu_gen.i_fpnew_bulk/gen_operation_groups[3].i_opgroup_block/gen_merged_slice.i_multifmt_slice/gen_num_lanes[0].active_lane.lane_instance.i_fpnew_cast_multi/gen_inside_pipeline[0].mid_pipe_dst_fmt_q_reg[1][1]/C
  -------------------------------------------------------------------    -------------------
                         FDCE (Prop_fdce_C_Q)         0.397     1.184 r  i_ariane/i_cva6/ex_stage_i/fpu_gen.fpu_i/fpu_gen.i_fpnew_bulk/gen_operation_groups[3].i_opgroup_block/gen_merged_slice.i_multifmt_slice/gen_num_lanes[0].active_lane.lane_instance.i_fpnew_cast_multi/gen_inside_pipeline[0].mid_pipe_dst_fmt_q_reg[1][1]/Q
                         net (fo=140, unplaced)       0.733     1.917    i_ariane/i_cva6/ex_stage_i/fpu_gen.fpu_i/fpu_gen.i_fpnew_bulk/gen_operation_groups[3].i_opgroup_block/gen_merged_slice.i_multifmt_slice/gen_num_lanes[0].active_lane.lane_instance.i_fpnew_cast_multi/gen_inside_pipeline[0].mid_pipe_dst_fmt_q_reg_n_0_[1][1]
                         LUT3 (Prop_lut3_I0_O)        0.232     2.149 r  i_ariane/i_cva6/ex_stage_i/fpu_gen.fpu_i/fpu_gen.i_fpnew_bulk/gen_operation_groups[3].i_opgroup_block/gen_merged_slice.i_multifmt_slice/gen_num_lanes[0].active_lane.lane_instance.i_fpnew_cast_multi/mem_q[7][sbe][result][54]_i_102/O
                         net (fo=2, unplaced)         0.269     2.418    i_ariane/i_cva6/ex_stage_i/fpu_gen.fpu_i/fpu_gen.i_fpnew_bulk/gen_operation_groups[3].i_opgroup_block/gen_merged_slice.i_multifmt_slice/gen_num_lanes[0].active_lane.lane_instance.i_fpnew_cast_multi/mem_q[7][sbe][result][54]_i_102_n_0
                         CARRY4 (Prop_carry4_CYINIT_CO[3])
                                                      0.494     2.912 r  i_ariane/i_cva6/ex_stage_i/fpu_gen.fpu_i/fpu_gen.i_fpnew_bulk/gen_operation_groups[3].i_opgroup_block/gen_merged_slice.i_multifmt_slice/gen_num_lanes[0].active_lane.lane_instance.i_fpnew_cast_multi/i___371_i_68/CO[3]
                         net (fo=1, unplaced)         0.000     2.912    i_ariane/i_cva6/ex_stage_i/fpu_gen.fpu_i/fpu_gen.i_fpnew_bulk/gen_operation_groups[3].i_opgroup_block/gen_merged_slice.i_multifmt_slice/gen_num_lanes[0].active_lane.lane_instance.i_fpnew_cast_multi/i___371_i_68_n_0
                         CARRY4 (Prop_carry4_CI_CO[3])
                                                      0.100     3.012 r  i_ariane/i_cva6/ex_stage_i/fpu_gen.fpu_i/fpu_gen.i_fpnew_bulk/gen_operation_groups[3].i_opgroup_block/gen_merged_slice.i_multifmt_slice/gen_num_lanes[0].active_lane.lane_instance.i_fpnew_cast_multi/i___371_i_53/CO[3]
                         net (fo=1, unplaced)         0.000     3.012    i_ariane/i_cva6/ex_stage_i/fpu_gen.fpu_i/fpu_gen.i_fpnew_bulk/gen_operation_groups[3].i_opgroup_block/gen_merged_slice.i_multifmt_slice/gen_num_lanes[0].active_lane.lane_instance.i_fpnew_cast_multi/i___371_i_53_n_0
                         CARRY4 (Prop_carry4_CI_CO[3])
                                                      0.100     3.112 r  i_ariane/i_cva6/ex_stage_i/fpu_gen.fpu_i/fpu_gen.i_fpnew_bulk/gen_operation_groups[3].i_opgroup_block/gen_merged_slice.i_multifmt_slice/gen_num_lanes[0].active_lane.lane_instance.i_fpnew_cast_multi/i___371_i_51/CO[3]
                         net (fo=1, unplaced)         0.000     3.112    i_ariane/i_cva6/ex_stage_i/fpu_gen.fpu_i/fpu_gen.i_fpnew_bulk/gen_operation_groups[3].i_opgroup_block/gen_merged_slice.i_multifmt_slice/gen_num_lanes[0].active_lane.lane_instance.i_fpnew_cast_multi/i___371_i_51_n_0
                         CARRY4 (Prop_carry4_CI_CO[3])
                                                      0.100     3.212 r  i_ariane/i_cva6/ex_stage_i/fpu_gen.fpu_i/fpu_gen.i_fpnew_bulk/gen_operation_groups[3].i_opgroup_block/gen_merged_slice.i_multifmt_slice/gen_num_lanes[0].active_lane.lane_instance.i_fpnew_cast_multi/i___371_i_81/CO[3]
                         net (fo=16, unplaced)        0.664     3.876    i_ariane/i_cva6/ex_stage_i/fpu_gen.fpu_i/fpu_gen.i_fpnew_bulk/gen_operation_groups[3].i_opgroup_block/gen_merged_slice.i_multifmt_slice/gen_num_lanes[0].active_lane.lane_instance.i_fpnew_cast_multi/i___371_i_81_n_0
                         LUT2 (Prop_lut2_I1_O)        0.105     3.981 r  i_ariane/i_cva6/ex_stage_i/fpu_gen.fpu_i/fpu_gen.i_fpnew_bulk/gen_operation_groups[3].i_opgroup_block/gen_merged_slice.i_multifmt_slice/gen_num_lanes[0].active_lane.lane_instance.i_fpnew_cast_multi/i___371_i_76/O
                         net (fo=1, unplaced)         0.000     3.981    i_ariane/i_cva6/ex_stage_i/fpu_gen.fpu_i/fpu_gen.i_fpnew_bulk/gen_operation_groups[3].i_opgroup_block/gen_merged_slice.i_multifmt_slice/gen_num_lanes[0].active_lane.lane_instance.i_fpnew_cast_multi/i___371_i_76_n_0
                         CARRY4 (Prop_carry4_DI[0]_CO[3])
                                                      0.477     4.458 r  i_ariane/i_cva6/ex_stage_i/fpu_gen.fpu_i/fpu_gen.i_fpnew_bulk/gen_operation_groups[3].i_opgroup_block/gen_merged_slice.i_multifmt_slice/gen_num_lanes[0].active_lane.lane_instance.i_fpnew_cast_multi/i___371_i_57/CO[3]
                         net (fo=1, unplaced)         0.000     4.458    i_ariane/i_cva6/ex_stage_i/fpu_gen.fpu_i/fpu_gen.i_fpnew_bulk/gen_operation_groups[3].i_opgroup_block/gen_merged_slice.i_multifmt_slice/gen_num_lanes[0].active_lane.lane_instance.i_fpnew_cast_multi/i___371_i_57_n_0
                         CARRY4 (Prop_carry4_CI_CO[3])
                                                      0.100     4.558 r  i_ariane/i_cva6/ex_stage_i/fpu_gen.fpu_i/fpu_gen.i_fpnew_bulk/gen_operation_groups[3].i_opgroup_block/gen_merged_slice.i_multifmt_slice/gen_num_lanes[0].active_lane.lane_instance.i_fpnew_cast_multi/i___371_i_49/CO[3]
                         net (fo=61, unplaced)        0.697     5.255    i_ariane/i_cva6/ex_stage_i/fpu_gen.fpu_i/fpu_gen.i_fpnew_bulk/gen_operation_groups[3].i_opgroup_block/gen_merged_slice.i_multifmt_slice/gen_num_lanes[0].active_lane.lane_instance.i_fpnew_cast_multi/preshift_mant1
                         LUT4 (Prop_lut4_I3_O)        0.105     5.360 r  i_ariane/i_cva6/ex_stage_i/fpu_gen.fpu_i/fpu_gen.i_fpnew_bulk/gen_operation_groups[3].i_opgroup_block/gen_merged_slice.i_multifmt_slice/gen_num_lanes[0].active_lane.lane_instance.i_fpnew_cast_multi/mem_q[7][sbe][ex][cause][0]_i_129/O
                         net (fo=4, unplaced)         0.371     5.731    i_ariane/i_cva6/ex_stage_i/fpu_gen.fpu_i/fpu_gen.i_fpnew_bulk/gen_operation_groups[3].i_opgroup_block/gen_merged_slice.i_multifmt_slice/gen_num_lanes[0].active_lane.lane_instance.i_fpnew_cast_multi/mem_q[7][sbe][ex][cause][0]_i_129_n_0
                         LUT6 (Prop_lut6_I4_O)        0.105     5.836 r  i_ariane/i_cva6/ex_stage_i/fpu_gen.fpu_i/fpu_gen.i_fpnew_bulk/gen_operation_groups[3].i_opgroup_block/gen_merged_slice.i_multifmt_slice/gen_num_lanes[0].active_lane.lane_instance.i_fpnew_cast_multi/mem_q[7][sbe][ex][cause][0]_i_287/O
                         net (fo=117, unplaced)       0.450     6.286    i_ariane/i_cva6/ex_stage_i/fpu_gen.fpu_i/fpu_gen.i_fpnew_bulk/gen_operation_groups[3].i_opgroup_block/gen_merged_slice.i_multifmt_slice/gen_num_lanes[0].active_lane.lane_instance.i_fpnew_cast_multi/mem_q[7][sbe][ex][cause][0]_i_287_n_0
                         LUT5 (Prop_lut5_I4_O)        0.105     6.391 f  i_ariane/i_cva6/ex_stage_i/fpu_gen.fpu_i/fpu_gen.i_fpnew_bulk/gen_operation_groups[3].i_opgroup_block/gen_merged_slice.i_multifmt_slice/gen_num_lanes[0].active_lane.lane_instance.i_fpnew_cast_multi/mem_q[7][sbe][ex][cause][0]_i_512/O
                         net (fo=35, unplaced)        0.420     6.811    i_ariane/i_cva6/ex_stage_i/fpu_gen.fpu_i/fpu_gen.i_fpnew_bulk/gen_operation_groups[3].i_opgroup_block/gen_merged_slice.i_multifmt_slice/gen_num_lanes[0].active_lane.lane_instance.i_fpnew_cast_multi/mem_q[7][sbe][ex][cause][0]_i_512_n_0
                         LUT6 (Prop_lut6_I2_O)        0.105     6.916 f  i_ariane/i_cva6/ex_stage_i/fpu_gen.fpu_i/fpu_gen.i_fpnew_bulk/gen_operation_groups[3].i_opgroup_block/gen_merged_slice.i_multifmt_slice/gen_num_lanes[0].active_lane.lane_instance.i_fpnew_cast_multi/mem_q[7][sbe][ex][cause][0]_i_481/O
                         net (fo=3, unplaced)         0.600     7.516    i_ariane/i_cva6/ex_stage_i/fpu_gen.fpu_i/fpu_gen.i_fpnew_bulk/gen_operation_groups[3].i_opgroup_block/gen_merged_slice.i_multifmt_slice/gen_num_lanes[0].active_lane.lane_instance.i_fpnew_cast_multi/mem_q[7][sbe][ex][cause][0]_i_481_n_0
                         LUT6 (Prop_lut6_I0_O)        0.105     7.621 f  i_ariane/i_cva6/ex_stage_i/fpu_gen.fpu_i/fpu_gen.i_fpnew_bulk/gen_operation_groups[3].i_opgroup_block/gen_merged_slice.i_multifmt_slice/gen_num_lanes[0].active_lane.lane_instance.i_fpnew_cast_multi/mem_q[7][sbe][ex][cause][0]_i_349/O
                         net (fo=4, unplaced)         0.606     8.227    i_ariane/i_cva6/ex_stage_i/fpu_gen.fpu_i/fpu_gen.i_fpnew_bulk/gen_operation_groups[3].i_opgroup_block/gen_merged_slice.i_multifmt_slice/gen_num_lanes[0].active_lane.lane_instance.i_fpnew_cast_multi/mem_q[7][sbe][ex][cause][0]_i_349_n_0
                         LUT6 (Prop_lut6_I1_O)        0.105     8.332 f  i_ariane/i_cva6/ex_stage_i/fpu_gen.fpu_i/fpu_gen.i_fpnew_bulk/gen_operation_groups[3].i_opgroup_block/gen_merged_slice.i_multifmt_slice/gen_num_lanes[0].active_lane.lane_instance.i_fpnew_cast_multi/mem_q[7][sbe][ex][cause][0]_i_212/O
                         net (fo=3, unplaced)         0.796     9.128    i_ariane/i_cva6/ex_stage_i/fpu_gen.fpu_i/fpu_gen.i_fpnew_bulk/gen_operation_groups[3].i_opgroup_block/gen_merged_slice.i_multifmt_slice/gen_num_lanes[0].active_lane.lane_instance.i_fpnew_cast_multi/mem_q[7][sbe][ex][cause][0]_i_212_n_0
                         LUT6 (Prop_lut6_I0_O)        0.105     9.233 f  i_ariane/i_cva6/ex_stage_i/fpu_gen.fpu_i/fpu_gen.i_fpnew_bulk/gen_operation_groups[3].i_opgroup_block/gen_merged_slice.i_multifmt_slice/gen_num_lanes[0].active_lane.lane_instance.i_fpnew_cast_multi/mem_q[7][sbe][ex][cause][0]_i_99/O
                         net (fo=1, unplaced)         0.778    10.011    i_ariane/i_cva6/ex_stage_i/fpu_gen.fpu_i/fpu_gen.i_fpnew_bulk/gen_operation_groups[3].i_opgroup_block/gen_merged_slice.i_multifmt_slice/gen_num_lanes[0].active_lane.lane_instance.i_fpnew_cast_multi/mem_q[7][sbe][ex][cause][0]_i_99_n_0
                         LUT5 (Prop_lut5_I0_O)        0.105    10.116 f  i_ariane/i_cva6/ex_stage_i/fpu_gen.fpu_i/fpu_gen.i_fpnew_bulk/gen_operation_groups[3].i_opgroup_block/gen_merged_slice.i_multifmt_slice/gen_num_lanes[0].active_lane.lane_instance.i_fpnew_cast_multi/mem_q[7][sbe][ex][cause][0]_i_27/O
                         net (fo=1, unplaced)         0.582    10.698    i_ariane/i_cva6/ex_stage_i/fpu_gen.fpu_i/fpu_gen.i_fpnew_bulk/gen_operation_groups[3].i_opgroup_block/gen_merged_slice.i_multifmt_slice/gen_num_lanes[0].active_lane.lane_instance.i_fpnew_cast_multi/mem_q[7][sbe][ex][cause][0]_i_27_n_0
                         LUT6 (Prop_lut6_I3_O)        0.105    10.803 f  i_ariane/i_cva6/ex_stage_i/fpu_gen.fpu_i/fpu_gen.i_fpnew_bulk/gen_operation_groups[3].i_opgroup_block/gen_merged_slice.i_multifmt_slice/gen_num_lanes[0].active_lane.lane_instance.i_fpnew_cast_multi/mem_q[7][sbe][ex][cause][0]_i_10/O
                         net (fo=4, unplaced)         0.371    11.174    i_ariane/i_cva6/ex_stage_i/fpu_gen.fpu_i/fpu_gen.i_fpnew_bulk/gen_operation_groups[3].i_opgroup_block/gen_merged_slice.i_multifmt_slice/gen_num_lanes[0].active_lane.lane_instance.i_fpnew_cast_multi/mem_q[7][sbe][ex][cause][0]_i_10_n_0
                         LUT6 (Prop_lut6_I4_O)        0.105    11.279 f  i_ariane/i_cva6/ex_stage_i/fpu_gen.fpu_i/fpu_gen.i_fpnew_bulk/gen_operation_groups[3].i_opgroup_block/gen_merged_slice.i_multifmt_slice/gen_num_lanes[0].active_lane.lane_instance.i_fpnew_cast_multi/i___366_i_119/O
                         net (fo=1, unplaced)         0.582    11.861    i_ariane/i_cva6/ex_stage_i/fpu_gen.fpu_i/fpu_gen.i_fpnew_bulk/gen_operation_groups[3].i_opgroup_block/gen_merged_slice.i_multifmt_slice/gen_num_lanes[0].active_lane.lane_instance.i_fpnew_cast_multi/i___366_i_119_n_0
                         LUT6 (Prop_lut6_I1_O)        0.105    11.966 f  i_ariane/i_cva6/ex_stage_i/fpu_gen.fpu_i/fpu_gen.i_fpnew_bulk/gen_operation_groups[3].i_opgroup_block/gen_merged_slice.i_multifmt_slice/gen_num_lanes[0].active_lane.lane_instance.i_fpnew_cast_multi/i___366_i_62/O
                         net (fo=1, unplaced)         0.000    11.966    i_ariane/i_cva6/ex_stage_i/fpu_gen.fpu_i/fpu_gen.i_fpnew_bulk/gen_operation_groups[3].i_opgroup_block/gen_merged_slice.i_multifmt_slice/gen_num_lanes[0].active_lane.lane_instance.i_fpnew_cast_multi/i___366_i_62_n_0
                         CARRY4 (Prop_carry4_S[0]_CO[3])
                                                      0.423    12.389 r  i_ariane/i_cva6/ex_stage_i/fpu_gen.fpu_i/fpu_gen.i_fpnew_bulk/gen_operation_groups[3].i_opgroup_block/gen_merged_slice.i_multifmt_slice/gen_num_lanes[0].active_lane.lane_instance.i_fpnew_cast_multi/i___366_i_32/CO[3]
                         net (fo=1, unplaced)         0.000    12.389    i_ariane/i_cva6/ex_stage_i/fpu_gen.fpu_i/fpu_gen.i_fpnew_bulk/gen_operation_groups[3].i_opgroup_block/gen_merged_slice.i_multifmt_slice/gen_num_lanes[0].active_lane.lane_instance.i_fpnew_cast_multi/i___366_i_32_n_0
                         CARRY4 (Prop_carry4_CI_CO[3])
                                                      0.100    12.489 r  i_ariane/i_cva6/ex_stage_i/fpu_gen.fpu_i/fpu_gen.i_fpnew_bulk/gen_operation_groups[3].i_opgroup_block/gen_merged_slice.i_multifmt_slice/gen_num_lanes[0].active_lane.lane_instance.i_fpnew_cast_multi/mem_q_reg[7][sbe][result][7]_i_34/CO[3]
                         net (fo=1, unplaced)         0.000    12.489    i_ariane/i_cva6/ex_stage_i/fpu_gen.fpu_i/fpu_gen.i_fpnew_bulk/gen_operation_groups[3].i_opgroup_block/gen_merged_slice.i_multifmt_slice/gen_num_lanes[0].active_lane.lane_instance.i_fpnew_cast_multi/mem_q_reg[7][sbe][result][7]_i_34_n_0
                         CARRY4 (Prop_carry4_CI_CO[3])
                                                      0.100    12.589 r  i_ariane/i_cva6/ex_stage_i/fpu_gen.fpu_i/fpu_gen.i_fpnew_bulk/gen_operation_groups[3].i_opgroup_block/gen_merged_slice.i_multifmt_slice/gen_num_lanes[0].active_lane.lane_instance.i_fpnew_cast_multi/mem_q_reg[7][sbe][result][11]_i_57/CO[3]
                         net (fo=1, unplaced)         0.000    12.589    i_ariane/i_cva6/ex_stage_i/fpu_gen.fpu_i/fpu_gen.i_fpnew_bulk/gen_operation_groups[3].i_opgroup_block/gen_merged_slice.i_multifmt_slice/gen_num_lanes[0].active_lane.lane_instance.i_fpnew_cast_multi/mem_q_reg[7][sbe][result][11]_i_57_n_0
                         CARRY4 (Prop_carry4_CI_CO[3])
                                                      0.100    12.689 r  i_ariane/i_cva6/ex_stage_i/fpu_gen.fpu_i/fpu_gen.i_fpnew_bulk/gen_operation_groups[3].i_opgroup_block/gen_merged_slice.i_multifmt_slice/gen_num_lanes[0].active_lane.lane_instance.i_fpnew_cast_multi/mem_q_reg[7][sbe][result][15]_i_52/CO[3]
                         net (fo=1, unplaced)         0.000    12.689    i_ariane/i_cva6/ex_stage_i/fpu_gen.fpu_i/fpu_gen.i_fpnew_bulk/gen_operation_groups[3].i_opgroup_block/gen_merged_slice.i_multifmt_slice/gen_num_lanes[0].active_lane.lane_instance.i_fpnew_cast_multi/mem_q_reg[7][sbe][result][15]_i_52_n_0
                         CARRY4 (Prop_carry4_CI_CO[3])
                                                      0.100    12.789 r  i_ariane/i_cva6/ex_stage_i/fpu_gen.fpu_i/fpu_gen.i_fpnew_bulk/gen_operation_groups[3].i_opgroup_block/gen_merged_slice.i_multifmt_slice/gen_num_lanes[0].active_lane.lane_instance.i_fpnew_cast_multi/mem_q_reg[7][sbe][result][23]_i_46/CO[3]
                         net (fo=1, unplaced)         0.000    12.789    i_ariane/i_cva6/ex_stage_i/fpu_gen.fpu_i/fpu_gen.i_fpnew_bulk/gen_operation_groups[3].i_opgroup_block/gen_merged_slice.i_multifmt_slice/gen_num_lanes[0].active_lane.lane_instance.i_fpnew_cast_multi/mem_q_reg[7][sbe][result][23]_i_46_n_0
                         CARRY4 (Prop_carry4_CI_CO[3])
                                                      0.100    12.889 r  i_ariane/i_cva6/ex_stage_i/fpu_gen.fpu_i/fpu_gen.i_fpnew_bulk/gen_operation_groups[3].i_opgroup_block/gen_merged_slice.i_multifmt_slice/gen_num_lanes[0].active_lane.lane_instance.i_fpnew_cast_multi/mem_q_reg[7][sbe][result][23]_i_29/CO[3]
                         net (fo=1, unplaced)         0.000    12.889    i_ariane/i_cva6/ex_stage_i/fpu_gen.fpu_i/fpu_gen.i_fpnew_bulk/gen_operation_groups[3].i_opgroup_block/gen_merged_slice.i_multifmt_slice/gen_num_lanes[0].active_lane.lane_instance.i_fpnew_cast_multi/mem_q_reg[7][sbe][result][23]_i_29_n_0
                         CARRY4 (Prop_carry4_CI_O[2])
                                                      0.214    13.103 f  i_ariane/i_cva6/ex_stage_i/fpu_gen.fpu_i/fpu_gen.i_fpnew_bulk/gen_operation_groups[3].i_opgroup_block/gen_merged_slice.i_multifmt_slice/gen_num_lanes[0].active_lane.lane_instance.i_fpnew_cast_multi/mem_q_reg[7][sbe][result][27]_i_35/O[2]
                         net (fo=6, unplaced)         0.381    13.484    i_ariane/i_cva6/ex_stage_i/fpu_gen.fpu_i/fpu_gen.i_fpnew_bulk/gen_operation_groups[3].i_opgroup_block/gen_merged_slice.i_multifmt_slice/gen_num_lanes[0].active_lane.lane_instance.i_fpnew_cast_multi/rounded_abs[26]
                         LUT1 (Prop_lut1_I0_O)        0.244    13.728 r  i_ariane/i_cva6/ex_stage_i/fpu_gen.fpu_i/fpu_gen.i_fpnew_bulk/gen_operation_groups[3].i_opgroup_block/gen_merged_slice.i_multifmt_slice/gen_num_lanes[0].active_lane.lane_instance.i_fpnew_cast_multi/mem_q[7][sbe][result][28]_i_58/O
                         net (fo=1, unplaced)         0.000    13.728    i_ariane/i_cva6/ex_stage_i/fpu_gen.fpu_i/fpu_gen.i_fpnew_bulk/gen_operation_groups[3].i_opgroup_block/gen_merged_slice.i_multifmt_slice/gen_num_lanes[0].active_lane.lane_instance.i_fpnew_cast_multi/mem_q[7][sbe][result][28]_i_58_n_0
                         CARRY4 (Prop_carry4_S[1]_CO[3])
                                                      0.444    14.172 r  i_ariane/i_cva6/ex_stage_i/fpu_gen.fpu_i/fpu_gen.i_fpnew_bulk/gen_operation_groups[3].i_opgroup_block/gen_merged_slice.i_multifmt_slice/gen_num_lanes[0].active_lane.lane_instance.i_fpnew_cast_multi/mem_q_reg[7][sbe][result][28]_i_31/CO[3]
                         net (fo=1, unplaced)         0.000    14.172    i_ariane/i_cva6/ex_stage_i/fpu_gen.fpu_i/fpu_gen.i_fpnew_bulk/gen_operation_groups[3].i_opgroup_block/gen_merged_slice.i_multifmt_slice/gen_num_lanes[0].active_lane.lane_instance.i_fpnew_cast_multi/mem_q_reg[7][sbe][result][28]_i_31_n_0
                         CARRY4 (Prop_carry4_CI_O[2])
                                                      0.214    14.386 f  i_ariane/i_cva6/ex_stage_i/fpu_gen.fpu_i/fpu_gen.i_fpnew_bulk/gen_operation_groups[3].i_opgroup_block/gen_merged_slice.i_multifmt_slice/gen_num_lanes[0].active_lane.lane_instance.i_fpnew_cast_multi/i___368_i_14/O[2]
                         net (fo=4, unplaced)         0.373    14.759    i_ariane/i_cva6/ex_stage_i/fpu_gen.fpu_i/fpu_gen.i_fpnew_bulk/gen_operation_groups[3].i_opgroup_block/gen_merged_slice.i_multifmt_slice/gen_num_lanes[0].active_lane.lane_instance.i_fpnew_cast_multi/rounded_uint_res0[31]
                         LUT5 (Prop_lut5_I1_O)        0.244    15.003 f  i_ariane/i_cva6/ex_stage_i/fpu_gen.fpu_i/fpu_gen.i_fpnew_bulk/gen_operation_groups[3].i_opgroup_block/gen_merged_slice.i_multifmt_slice/gen_num_lanes[0].active_lane.lane_instance.i_fpnew_cast_multi/i___368_i_11/O
                         net (fo=33, unplaced)        0.654    15.657    i_ariane/i_cva6/ex_stage_i/fpu_gen.fpu_i/fpu_gen.i_fpnew_bulk/gen_operation_groups[3].i_opgroup_block/gen_merged_slice.i_multifmt_slice/gen_num_lanes[0].active_lane.lane_instance.i_fpnew_cast_multi/i___368_i_11_n_0
                         LUT5 (Prop_lut5_I4_O)        0.105    15.762 r  i_ariane/i_cva6/ex_stage_i/fpu_gen.fpu_i/fpu_gen.i_fpnew_bulk/gen_operation_groups[3].i_opgroup_block/gen_merged_slice.i_multifmt_slice/gen_num_lanes[0].active_lane.lane_instance.i_fpnew_cast_multi/mem_q[7][sbe][result][51]_i_19/O
                         net (fo=2, unplaced)         0.593    16.355    i_ariane/i_cva6/ex_stage_i/fpu_gen.fpu_i/fpu_gen.i_fpnew_bulk/gen_operation_groups[3].i_opgroup_block/gen_merged_slice.i_multifmt_slice/gen_num_lanes[0].active_lane.lane_instance.i_fpnew_cast_multi/mem_q[7][sbe][result][51]_i_19_n_0
                         LUT6 (Prop_lut6_I0_O)        0.105    16.460 r  i_ariane/i_cva6/ex_stage_i/fpu_gen.fpu_i/fpu_gen.i_fpnew_bulk/gen_operation_groups[3].i_opgroup_block/gen_merged_slice.i_multifmt_slice/gen_num_lanes[0].active_lane.lane_instance.i_fpnew_cast_multi/i___366_i_125/O
                         net (fo=1, unplaced)         0.000    16.460    i_ariane/i_cva6/ex_stage_i/fpu_gen.fpu_i/fpu_gen.i_fpnew_bulk/gen_operation_groups[3].i_opgroup_block/gen_merged_slice.i_multifmt_slice/gen_num_lanes[0].active_lane.lane_instance.i_fpnew_cast_multi/i___366_i_125_n_0
                         CARRY4 (Prop_carry4_S[1]_CO[3])
                                                      0.444    16.904 r  i_ariane/i_cva6/ex_stage_i/fpu_gen.fpu_i/fpu_gen.i_fpnew_bulk/gen_operation_groups[3].i_opgroup_block/gen_merged_slice.i_multifmt_slice/gen_num_lanes[0].active_lane.lane_instance.i_fpnew_cast_multi/i___366_i_63/CO[3]
                         net (fo=1, unplaced)         0.000    16.904    i_ariane/i_cva6/ex_stage_i/fpu_gen.fpu_i/fpu_gen.i_fpnew_bulk/gen_operation_groups[3].i_opgroup_block/gen_merged_slice.i_multifmt_slice/gen_num_lanes[0].active_lane.lane_instance.i_fpnew_cast_multi/i___366_i_63_n_0
                         CARRY4 (Prop_carry4_CI_CO[1])
                                                      0.150    17.054 r  i_ariane/i_cva6/ex_stage_i/fpu_gen.fpu_i/fpu_gen.i_fpnew_bulk/gen_operation_groups[3].i_opgroup_block/gen_merged_slice.i_multifmt_slice/gen_num_lanes[0].active_lane.lane_instance.i_fpnew_cast_multi/i___366_i_34/CO[1]
                         net (fo=1, unplaced)         0.240    17.294    i_ariane/i_cva6/ex_stage_i/fpu_gen.fpu_i/fpu_gen.i_fpnew_bulk/gen_operation_groups[3].i_opgroup_block/gen_merged_slice.i_multifmt_slice/gen_num_lanes[0].active_lane.lane_instance.i_fpnew_cast_multi/int_result_is_special1
                         LUT6 (Prop_lut6_I4_O)        0.277    17.571 f  i_ariane/i_cva6/ex_stage_i/fpu_gen.fpu_i/fpu_gen.i_fpnew_bulk/gen_operation_groups[3].i_opgroup_block/gen_merged_slice.i_multifmt_slice/gen_num_lanes[0].active_lane.lane_instance.i_fpnew_cast_multi/i___366_i_19/O
                         net (fo=45, unplaced)        0.427    17.998    i_ariane/i_cva6/ex_stage_i/fpu_gen.fpu_i/fpu_gen.i_fpnew_bulk/gen_operation_groups[3].i_opgroup_block/gen_merged_slice.i_multifmt_slice/gen_num_lanes[0].active_lane.lane_instance.i_fpnew_cast_multi/i___366_i_19_n_0
                         LUT4 (Prop_lut4_I3_O)        0.105    18.103 r  i_ariane/i_cva6/ex_stage_i/fpu_gen.fpu_i/fpu_gen.i_fpnew_bulk/gen_operation_groups[3].i_opgroup_block/gen_merged_slice.i_multifmt_slice/gen_num_lanes[0].active_lane.lane_instance.i_fpnew_cast_multi/i___366_i_21/O
                         net (fo=8, unplaced)         0.385    18.488    i_ariane/i_cva6/ex_stage_i/fpu_gen.fpu_i/fpu_gen.i_fpnew_bulk/gen_operation_groups[3].i_opgroup_block/gen_merged_slice.i_multifmt_slice/gen_num_lanes[0].active_lane.lane_instance.i_fpnew_cast_multi/i___366_i_21_n_0
                         LUT6 (Prop_lut6_I4_O)        0.105    18.593 r  i_ariane/i_cva6/ex_stage_i/fpu_gen.fpu_i/fpu_gen.i_fpnew_bulk/gen_operation_groups[3].i_opgroup_block/gen_merged_slice.i_multifmt_slice/gen_num_lanes[0].active_lane.lane_instance.i_fpnew_cast_multi/i___366_i_13/O
                         net (fo=1, unplaced)         0.582    19.175    i_ariane/i_cva6/ex_stage_i/fpu_gen.fpu_i/fpu_gen.i_fpnew_bulk/gen_operation_groups[3].i_opgroup_block/gen_merged_slice.i_multifmt_slice/gen_num_lanes[0].active_lane.lane_instance.i_fpnew_cast_multi/i___366_i_13_n_0
                         LUT6 (Prop_lut6_I0_O)        0.105    19.280 r  i_ariane/i_cva6/ex_stage_i/fpu_gen.fpu_i/fpu_gen.i_fpnew_bulk/gen_operation_groups[3].i_opgroup_block/gen_merged_slice.i_multifmt_slice/gen_num_lanes[0].active_lane.lane_instance.i_fpnew_cast_multi/i___366_i_5/O
                         net (fo=1, unplaced)         0.347    19.627    i_ariane/i_cva6/ex_stage_i/fpu_gen.fpu_i/fpu_gen.i_fpnew_bulk/gen_operation_groups[0].i_opgroup_block/gen_parallel_slices[0].active_format.i_fmt_slice/gen_num_lanes[0].active_lane.lane_instance.i_fma/gen_arbiter.data_nodes[2][result][3]
                         LUT5 (Prop_lut5_I0_O)        0.105    19.732 r  i_ariane/i_cva6/ex_stage_i/fpu_gen.fpu_i/fpu_gen.i_fpnew_bulk/gen_operation_groups[0].i_opgroup_block/gen_parallel_slices[0].active_format.i_fmt_slice/gen_num_lanes[0].active_lane.lane_instance.i_fma/i___366_i_1/O
                         net (fo=19, unplaced)        0.406    20.138    i_ariane/i_cva6/issue_stage_i/i_issue_read_operands/fpu_result_ex_id[3]
                         LUT5 (Prop_lut5_I0_O)        0.105    20.243 f  i_ariane/i_cva6/issue_stage_i/i_issue_read_operands/i___328_i_2/O
                         net (fo=3, unplaced)         0.600    20.843    i_ariane/i_cva6/issue_stage_i/i_issue_read_operands/i___328_i_2_n_0
                         LUT6 (Prop_lut6_I1_O)        0.105    20.948 f  i_ariane/i_cva6/issue_stage_i/i_issue_read_operands/fu_data_q[0][operand_a][3]_i_12/O
                         net (fo=1, unplaced)         0.000    20.948    i_ariane/i_cva6/issue_stage_i/i_issue_read_operands/fu_data_q[0][operand_a][3]_i_12_n_0
                         MUXF7 (Prop_muxf7_I0_O)      0.201    21.149 f  i_ariane/i_cva6/issue_stage_i/i_issue_read_operands/fu_data_q_reg[0][operand_a][3]_i_5/O
                         net (fo=1, unplaced)         0.349    21.498    i_ariane/i_cva6/issue_stage_i/i_issue_read_operands/fu_data_q_reg[0][operand_a][3]_i_5_n_0
                         LUT6 (Prop_lut6_I5_O)        0.242    21.740 f  i_ariane/i_cva6/issue_stage_i/i_issue_read_operands/fu_data_q[0][operand_a][3]_i_2/O
                         net (fo=1, unplaced)         0.347    22.087    i_ariane/i_cva6/issue_stage_i/i_issue_read_operands/fu_data_q[0][operand_a][3]_i_2_n_0
                         LUT5 (Prop_lut5_I4_O)        0.105    22.192 r  i_ariane/i_cva6/issue_stage_i/i_issue_read_operands/fu_data_q[0][operand_a][3]_i_1/O
                         net (fo=17, unplaced)        0.403    22.595    i_ariane/gen_cvxif.gen_COPRO_KECC_AES_K.i_kecc_aes_k_xif_coprocessor/D[3]
                         LUT3 (Prop_lut3_I0_O)        0.105    22.700 r  i_ariane/gen_cvxif.gen_COPRO_KECC_AES_K.i_kecc_aes_k_xif_coprocessor/i___30_i_9/O
                         net (fo=6, unplaced)         0.379    23.079    i_ariane/i_cva6/id_stage_i/registers[0]_23[3]
                         LUT6 (Prop_lut6_I5_O)        0.105    23.184 r  i_ariane/i_cva6/id_stage_i/i___30_i_2/O
                         net (fo=11, unplaced)        0.628    23.812    i_ariane/i_cva6/id_stage_i/issue_q_reg[0][orig_instr][21]_7
                         LUT6 (Prop_lut6_I1_O)        0.105    23.917 r  i_ariane/i_cva6/id_stage_i/i___25_i_10/O
                         net (fo=3, unplaced)         0.796    24.713    i_ariane/i_cva6/id_stage_i/i___25_i_10_n_0
                         LUT6 (Prop_lut6_I3_O)        0.105    24.818 r  i_ariane/i_cva6/id_stage_i/i___25_i_2/O
                         net (fo=10, unplaced)        0.625    25.443    i_ariane/i_cva6/id_stage_i/i___235_i_3_0
                         LUT4 (Prop_lut4_I1_O)        0.105    25.548 r  i_ariane/i_cva6/id_stage_i/i___235_i_1/O
                         net (fo=6, unplaced)         0.614    26.162    i_ariane/i_cva6/id_stage_i/i___25_i_1_0
                         LUT4 (Prop_lut4_I0_O)        0.105    26.267 r  i_ariane/i_cva6/id_stage_i/i___75_i_6/O
                         net (fo=4, unplaced)         0.606    26.873    i_ariane/i_cva6/id_stage_i/i___12_i_4_0
                         LUT6 (Prop_lut6_I2_O)        0.105    26.978 r  i_ariane/i_cva6/id_stage_i/i___20_i_1/O
                         net (fo=8, unplaced)         0.385    27.363    i_ariane/i_cva6/id_stage_i/i___13_i_3_0
                         LUT5 (Prop_lut5_I1_O)        0.105    27.468 r  i_ariane/i_cva6/id_stage_i/result_o[34]_i_8/O
                         net (fo=4, unplaced)         0.371    27.839    i_ariane/i_cva6/id_stage_i/result_o[34]_i_8_n_0
                         LUT6 (Prop_lut6_I0_O)        0.105    27.944 r  i_ariane/i_cva6/id_stage_i/result_o[2]_i_4/O
                         net (fo=1, unplaced)         0.347    28.291    i_ariane/i_cva6/id_stage_i/result_o[2]_i_4_n_0
                         LUT6 (Prop_lut6_I3_O)        0.105    28.396 r  i_ariane/i_cva6/id_stage_i/result_o[2]_i_1/O
                         net (fo=1, unplaced)         0.000    28.396    i_ariane/gen_cvxif.gen_COPRO_KECC_AES_K.i_kecc_aes_k_xif_coprocessor/i_ex/result_o_reg[63]_1[2]
                         FDCE                                         r  i_ariane/gen_cvxif.gen_COPRO_KECC_AES_K.i_kecc_aes_k_xif_coprocessor/i_ex/result_o_reg[2]/D
  -------------------------------------------------------------------    -------------------

                         (clock clk_i rise edge)     10.000    10.000 r  
                                                      0.000    10.000 r  clk_i (IN)
                         net (fo=23772, unset)        0.748    10.748    i_ariane/gen_cvxif.gen_COPRO_KECC_AES_K.i_kecc_aes_k_xif_coprocessor/i_ex/clk_i
                         FDCE                                         r  i_ariane/gen_cvxif.gen_COPRO_KECC_AES_K.i_kecc_aes_k_xif_coprocessor/i_ex/result_o_reg[2]/C
                         clock pessimism              0.000    10.748    
                         clock uncertainty           -0.035    10.712    
                         FDCE (Setup_fdce_C_D)        0.043    10.755    i_ariane/gen_cvxif.gen_COPRO_KECC_AES_K.i_kecc_aes_k_xif_coprocessor/i_ex/result_o_reg[2]
  -------------------------------------------------------------------
                         required time                         10.755    
                         arrival time                         -28.396    
  -------------------------------------------------------------------
                         slack                                -17.641    

Slack (VIOLATED) :        -17.641ns  (required time - arrival time)
  Source:                 i_ariane/i_cva6/ex_stage_i/fpu_gen.fpu_i/fpu_gen.i_fpnew_bulk/gen_operation_groups[3].i_opgroup_block/gen_merged_slice.i_multifmt_slice/gen_num_lanes[0].active_lane.lane_instance.i_fpnew_cast_multi/gen_inside_pipeline[0].mid_pipe_dst_fmt_q_reg[1][1]/C
                            (rising edge-triggered cell FDCE clocked by clk_i  {rise@0.000ns fall@5.000ns period=10.000ns})
  Destination:            i_ariane/gen_cvxif.gen_COPRO_KECC_AES_K.i_kecc_aes_k_xif_coprocessor/i_ex/result_o_reg[2]/D
                            (rising edge-triggered cell FDCE clocked by clk_i  {rise@0.000ns fall@5.000ns period=10.000ns})
  Path Group:             clk_i
  Path Type:              Setup (Max at Slow Process Corner)
  Requirement:            10.000ns  (clk_i rise@10.000ns - clk_i rise@0.000ns)
  Data Path Delay:        27.609ns  (logic 8.852ns (32.062%)  route 18.757ns (67.938%))
  Logic Levels:           54  (CARRY4=17 LUT1=1 LUT2=1 LUT3=2 LUT4=4 LUT5=8 LUT6=20 MUXF7=1)
  Clock Path Skew:        -0.039ns (DCD - SCD + CPR)
    Destination Clock Delay (DCD):    0.748ns = ( 10.748 - 10.000 ) 
    Source Clock Delay      (SCD):    0.787ns
    Clock Pessimism Removal (CPR):    0.000ns
  Clock Uncertainty:      0.035ns  ((TSJ^2 + TIJ^2)^1/2 + DJ) / 2 + PE
    Total System Jitter     (TSJ):    0.071ns
    Total Input Jitter      (TIJ):    0.000ns
    Discrete Jitter          (DJ):    0.000ns
    Phase Error              (PE):    0.000ns

    Location             Delay type                Incr(ns)  Path(ns)    Netlist Resource(s)
  -------------------------------------------------------------------    -------------------
                         (clock clk_i rise edge)      0.000     0.000 r  
                                                      0.000     0.000 r  clk_i (IN)
                         net (fo=23772, unset)        0.787     0.787    i_ariane/i_cva6/ex_stage_i/fpu_gen.fpu_i/fpu_gen.i_fpnew_bulk/gen_operation_groups[3].i_opgroup_block/gen_merged_slice.i_multifmt_slice/gen_num_lanes[0].active_lane.lane_instance.i_fpnew_cast_multi/clk_i
                         FDCE                                         r  i_ariane/i_cva6/ex_stage_i/fpu_gen.fpu_i/fpu_gen.i_fpnew_bulk/gen_operation_groups[3].i_opgroup_block/gen_merged_slice.i_multifmt_slice/gen_num_lanes[0].active_lane.lane_instance.i_fpnew_cast_multi/gen_inside_pipeline[0].mid_pipe_dst_fmt_q_reg[1][1]/C
  -------------------------------------------------------------------    -------------------
                         FDCE (Prop_fdce_C_Q)         0.397     1.184 r  i_ariane/i_cva6/ex_stage_i/fpu_gen.fpu_i/fpu_gen.i_fpnew_bulk/gen_operation_groups[3].i_opgroup_block/gen_merged_slice.i_multifmt_slice/gen_num_lanes[0].active_lane.lane_instance.i_fpnew_cast_multi/gen_inside_pipeline[0].mid_pipe_dst_fmt_q_reg[1][1]/Q
                         net (fo=140, unplaced)       0.733     1.917    i_ariane/i_cva6/ex_stage_i/fpu_gen.fpu_i/fpu_gen.i_fpnew_bulk/gen_operation_groups[3].i_opgroup_block/gen_merged_slice.i_multifmt_slice/gen_num_lanes[0].active_lane.lane_instance.i_fpnew_cast_multi/gen_inside_pipeline[0].mid_pipe_dst_fmt_q_reg_n_0_[1][1]
                         LUT3 (Prop_lut3_I0_O)        0.232     2.149 r  i_ariane/i_cva6/ex_stage_i/fpu_gen.fpu_i/fpu_gen.i_fpnew_bulk/gen_operation_groups[3].i_opgroup_block/gen_merged_slice.i_multifmt_slice/gen_num_lanes[0].active_lane.lane_instance.i_fpnew_cast_multi/mem_q[7][sbe][result][54]_i_102/O
                         net (fo=2, unplaced)         0.269     2.418    i_ariane/i_cva6/ex_stage_i/fpu_gen.fpu_i/fpu_gen.i_fpnew_bulk/gen_operation_groups[3].i_opgroup_block/gen_merged_slice.i_multifmt_slice/gen_num_lanes[0].active_lane.lane_instance.i_fpnew_cast_multi/mem_q[7][sbe][result][54]_i_102_n_0
                         CARRY4 (Prop_carry4_CYINIT_CO[3])
                                                      0.494     2.912 r  i_ariane/i_cva6/ex_stage_i/fpu_gen.fpu_i/fpu_gen.i_fpnew_bulk/gen_operation_groups[3].i_opgroup_block/gen_merged_slice.i_multifmt_slice/gen_num_lanes[0].active_lane.lane_instance.i_fpnew_cast_multi/i___371_i_68/CO[3]
                         net (fo=1, unplaced)         0.000     2.912    i_ariane/i_cva6/ex_stage_i/fpu_gen.fpu_i/fpu_gen.i_fpnew_bulk/gen_operation_groups[3].i_opgroup_block/gen_merged_slice.i_multifmt_slice/gen_num_lanes[0].active_lane.lane_instance.i_fpnew_cast_multi/i___371_i_68_n_0
                         CARRY4 (Prop_carry4_CI_CO[3])
                                                      0.100     3.012 r  i_ariane/i_cva6/ex_stage_i/fpu_gen.fpu_i/fpu_gen.i_fpnew_bulk/gen_operation_groups[3].i_opgroup_block/gen_merged_slice.i_multifmt_slice/gen_num_lanes[0].active_lane.lane_instance.i_fpnew_cast_multi/i___371_i_53/CO[3]
                         net (fo=1, unplaced)         0.000     3.012    i_ariane/i_cva6/ex_stage_i/fpu_gen.fpu_i/fpu_gen.i_fpnew_bulk/gen_operation_groups[3].i_opgroup_block/gen_merged_slice.i_multifmt_slice/gen_num_lanes[0].active_lane.lane_instance.i_fpnew_cast_multi/i___371_i_53_n_0
                         CARRY4 (Prop_carry4_CI_CO[3])
                                                      0.100     3.112 r  i_ariane/i_cva6/ex_stage_i/fpu_gen.fpu_i/fpu_gen.i_fpnew_bulk/gen_operation_groups[3].i_opgroup_block/gen_merged_slice.i_multifmt_slice/gen_num_lanes[0].active_lane.lane_instance.i_fpnew_cast_multi/i___371_i_51/CO[3]
                         net (fo=1, unplaced)         0.000     3.112    i_ariane/i_cva6/ex_stage_i/fpu_gen.fpu_i/fpu_gen.i_fpnew_bulk/gen_operation_groups[3].i_opgroup_block/gen_merged_slice.i_multifmt_slice/gen_num_lanes[0].active_lane.lane_instance.i_fpnew_cast_multi/i___371_i_51_n_0
                         CARRY4 (Prop_carry4_CI_CO[3])
                                                      0.100     3.212 r  i_ariane/i_cva6/ex_stage_i/fpu_gen.fpu_i/fpu_gen.i_fpnew_bulk/gen_operation_groups[3].i_opgroup_block/gen_merged_slice.i_multifmt_slice/gen_num_lanes[0].active_lane.lane_instance.i_fpnew_cast_multi/i___371_i_81/CO[3]
                         net (fo=16, unplaced)        0.664     3.876    i_ariane/i_cva6/ex_stage_i/fpu_gen.fpu_i/fpu_gen.i_fpnew_bulk/gen_operation_groups[3].i_opgroup_block/gen_merged_slice.i_multifmt_slice/gen_num_lanes[0].active_lane.lane_instance.i_fpnew_cast_multi/i___371_i_81_n_0
                         LUT2 (Prop_lut2_I1_O)        0.105     3.981 r  i_ariane/i_cva6/ex_stage_i/fpu_gen.fpu_i/fpu_gen.i_fpnew_bulk/gen_operation_groups[3].i_opgroup_block/gen_merged_slice.i_multifmt_slice/gen_num_lanes[0].active_lane.lane_instance.i_fpnew_cast_multi/i___371_i_76/O
                         net (fo=1, unplaced)         0.000     3.981    i_ariane/i_cva6/ex_stage_i/fpu_gen.fpu_i/fpu_gen.i_fpnew_bulk/gen_operation_groups[3].i_opgroup_block/gen_merged_slice.i_multifmt_slice/gen_num_lanes[0].active_lane.lane_instance.i_fpnew_cast_multi/i___371_i_76_n_0
                         CARRY4 (Prop_carry4_DI[0]_CO[3])
                                                      0.477     4.458 r  i_ariane/i_cva6/ex_stage_i/fpu_gen.fpu_i/fpu_gen.i_fpnew_bulk/gen_operation_groups[3].i_opgroup_block/gen_merged_slice.i_multifmt_slice/gen_num_lanes[0].active_lane.lane_instance.i_fpnew_cast_multi/i___371_i_57/CO[3]
                         net (fo=1, unplaced)         0.000     4.458    i_ariane/i_cva6/ex_stage_i/fpu_gen.fpu_i/fpu_gen.i_fpnew_bulk/gen_operation_groups[3].i_opgroup_block/gen_merged_slice.i_multifmt_slice/gen_num_lanes[0].active_lane.lane_instance.i_fpnew_cast_multi/i___371_i_57_n_0
                         CARRY4 (Prop_carry4_CI_CO[3])
                                                      0.100     4.558 f  i_ariane/i_cva6/ex_stage_i/fpu_gen.fpu_i/fpu_gen.i_fpnew_bulk/gen_operation_groups[3].i_opgroup_block/gen_merged_slice.i_multifmt_slice/gen_num_lanes[0].active_lane.lane_instance.i_fpnew_cast_multi/i___371_i_49/CO[3]
                         net (fo=61, unplaced)        0.697     5.255    i_ariane/i_cva6/ex_stage_i/fpu_gen.fpu_i/fpu_gen.i_fpnew_bulk/gen_operation_groups[3].i_opgroup_block/gen_merged_slice.i_multifmt_slice/gen_num_lanes[0].active_lane.lane_instance.i_fpnew_cast_multi/preshift_mant1
                         LUT4 (Prop_lut4_I3_O)        0.105     5.360 f  i_ariane/i_cva6/ex_stage_i/fpu_gen.fpu_i/fpu_gen.i_fpnew_bulk/gen_operation_groups[3].i_opgroup_block/gen_merged_slice.i_multifmt_slice/gen_num_lanes[0].active_lane.lane_instance.i_fpnew_cast_multi/mem_q[7][sbe][ex][cause][0]_i_129/O
                         net (fo=4, unplaced)         0.371     5.731    i_ariane/i_cva6/ex_stage_i/fpu_gen.fpu_i/fpu_gen.i_fpnew_bulk/gen_operation_groups[3].i_opgroup_block/gen_merged_slice.i_multifmt_slice/gen_num_lanes[0].active_lane.lane_instance.i_fpnew_cast_multi/mem_q[7][sbe][ex][cause][0]_i_129_n_0
                         LUT6 (Prop_lut6_I4_O)        0.105     5.836 f  i_ariane/i_cva6/ex_stage_i/fpu_gen.fpu_i/fpu_gen.i_fpnew_bulk/gen_operation_groups[3].i_opgroup_block/gen_merged_slice.i_multifmt_slice/gen_num_lanes[0].active_lane.lane_instance.i_fpnew_cast_multi/mem_q[7][sbe][ex][cause][0]_i_287/O
                         net (fo=117, unplaced)       0.450     6.286    i_ariane/i_cva6/ex_stage_i/fpu_gen.fpu_i/fpu_gen.i_fpnew_bulk/gen_operation_groups[3].i_opgroup_block/gen_merged_slice.i_multifmt_slice/gen_num_lanes[0].active_lane.lane_instance.i_fpnew_cast_multi/mem_q[7][sbe][ex][cause][0]_i_287_n_0
                         LUT5 (Prop_lut5_I4_O)        0.105     6.391 r  i_ariane/i_cva6/ex_stage_i/fpu_gen.fpu_i/fpu_gen.i_fpnew_bulk/gen_operation_groups[3].i_opgroup_block/gen_merged_slice.i_multifmt_slice/gen_num_lanes[0].active_lane.lane_instance.i_fpnew_cast_multi/mem_q[7][sbe][ex][cause][0]_i_512/O
                         net (fo=35, unplaced)        0.420     6.811    i_ariane/i_cva6/ex_stage_i/fpu_gen.fpu_i/fpu_gen.i_fpnew_bulk/gen_operation_groups[3].i_opgroup_block/gen_merged_slice.i_multifmt_slice/gen_num_lanes[0].active_lane.lane_instance.i_fpnew_cast_multi/mem_q[7][sbe][ex][cause][0]_i_512_n_0
                         LUT6 (Prop_lut6_I2_O)        0.105     6.916 r  i_ariane/i_cva6/ex_stage_i/fpu_gen.fpu_i/fpu_gen.i_fpnew_bulk/gen_operation_groups[3].i_opgroup_block/gen_merged_slice.i_multifmt_slice/gen_num_lanes[0].active_lane.lane_instance.i_fpnew_cast_multi/mem_q[7][sbe][ex][cause][0]_i_481/O
                         net (fo=3, unplaced)         0.600     7.516    i_ariane/i_cva6/ex_stage_i/fpu_gen.fpu_i/fpu_gen.i_fpnew_bulk/gen_operation_groups[3].i_opgroup_block/gen_merged_slice.i_multifmt_slice/gen_num_lanes[0].active_lane.lane_instance.i_fpnew_cast_multi/mem_q[7][sbe][ex][cause][0]_i_481_n_0
                         LUT6 (Prop_lut6_I0_O)        0.105     7.621 r  i_ariane/i_cva6/ex_stage_i/fpu_gen.fpu_i/fpu_gen.i_fpnew_bulk/gen_operation_groups[3].i_opgroup_block/gen_merged_slice.i_multifmt_slice/gen_num_lanes[0].active_lane.lane_instance.i_fpnew_cast_multi/mem_q[7][sbe][ex][cause][0]_i_349/O
                         net (fo=4, unplaced)         0.606     8.227    i_ariane/i_cva6/ex_stage_i/fpu_gen.fpu_i/fpu_gen.i_fpnew_bulk/gen_operation_groups[3].i_opgroup_block/gen_merged_slice.i_multifmt_slice/gen_num_lanes[0].active_lane.lane_instance.i_fpnew_cast_multi/mem_q[7][sbe][ex][cause][0]_i_349_n_0
                         LUT6 (Prop_lut6_I1_O)        0.105     8.332 r  i_ariane/i_cva6/ex_stage_i/fpu_gen.fpu_i/fpu_gen.i_fpnew_bulk/gen_operation_groups[3].i_opgroup_block/gen_merged_slice.i_multifmt_slice/gen_num_lanes[0].active_lane.lane_instance.i_fpnew_cast_multi/mem_q[7][sbe][ex][cause][0]_i_212/O
                         net (fo=3, unplaced)         0.796     9.128    i_ariane/i_cva6/ex_stage_i/fpu_gen.fpu_i/fpu_gen.i_fpnew_bulk/gen_operation_groups[3].i_opgroup_block/gen_merged_slice.i_multifmt_slice/gen_num_lanes[0].active_lane.lane_instance.i_fpnew_cast_multi/mem_q[7][sbe][ex][cause][0]_i_212_n_0
                         LUT6 (Prop_lut6_I0_O)        0.105     9.233 r  i_ariane/i_cva6/ex_stage_i/fpu_gen.fpu_i/fpu_gen.i_fpnew_bulk/gen_operation_groups[3].i_opgroup_block/gen_merged_slice.i_multifmt_slice/gen_num_lanes[0].active_lane.lane_instance.i_fpnew_cast_multi/mem_q[7][sbe][ex][cause][0]_i_99/O
                         net (fo=1, unplaced)         0.778    10.011    i_ariane/i_cva6/ex_stage_i/fpu_gen.fpu_i/fpu_gen.i_fpnew_bulk/gen_operation_groups[3].i_opgroup_block/gen_merged_slice.i_multifmt_slice/gen_num_lanes[0].active_lane.lane_instance.i_fpnew_cast_multi/mem_q[7][sbe][ex][cause][0]_i_99_n_0
                         LUT5 (Prop_lut5_I0_O)        0.105    10.116 r  i_ariane/i_cva6/ex_stage_i/fpu_gen.fpu_i/fpu_gen.i_fpnew_bulk/gen_operation_groups[3].i_opgroup_block/gen_merged_slice.i_multifmt_slice/gen_num_lanes[0].active_lane.lane_instance.i_fpnew_cast_multi/mem_q[7][sbe][ex][cause][0]_i_27/O
                         net (fo=1, unplaced)         0.582    10.698    i_ariane/i_cva6/ex_stage_i/fpu_gen.fpu_i/fpu_gen.i_fpnew_bulk/gen_operation_groups[3].i_opgroup_block/gen_merged_slice.i_multifmt_slice/gen_num_lanes[0].active_lane.lane_instance.i_fpnew_cast_multi/mem_q[7][sbe][ex][cause][0]_i_27_n_0
                         LUT6 (Prop_lut6_I3_O)        0.105    10.803 r  i_ariane/i_cva6/ex_stage_i/fpu_gen.fpu_i/fpu_gen.i_fpnew_bulk/gen_operation_groups[3].i_opgroup_block/gen_merged_slice.i_multifmt_slice/gen_num_lanes[0].active_lane.lane_instance.i_fpnew_cast_multi/mem_q[7][sbe][ex][cause][0]_i_10/O
                         net (fo=4, unplaced)         0.371    11.174    i_ariane/i_cva6/ex_stage_i/fpu_gen.fpu_i/fpu_gen.i_fpnew_bulk/gen_operation_groups[3].i_opgroup_block/gen_merged_slice.i_multifmt_slice/gen_num_lanes[0].active_lane.lane_instance.i_fpnew_cast_multi/mem_q[7][sbe][ex][cause][0]_i_10_n_0
                         LUT6 (Prop_lut6_I4_O)        0.105    11.279 r  i_ariane/i_cva6/ex_stage_i/fpu_gen.fpu_i/fpu_gen.i_fpnew_bulk/gen_operation_groups[3].i_opgroup_block/gen_merged_slice.i_multifmt_slice/gen_num_lanes[0].active_lane.lane_instance.i_fpnew_cast_multi/i___366_i_119/O
                         net (fo=1, unplaced)         0.582    11.861    i_ariane/i_cva6/ex_stage_i/fpu_gen.fpu_i/fpu_gen.i_fpnew_bulk/gen_operation_groups[3].i_opgroup_block/gen_merged_slice.i_multifmt_slice/gen_num_lanes[0].active_lane.lane_instance.i_fpnew_cast_multi/i___366_i_119_n_0
                         LUT6 (Prop_lut6_I1_O)        0.105    11.966 r  i_ariane/i_cva6/ex_stage_i/fpu_gen.fpu_i/fpu_gen.i_fpnew_bulk/gen_operation_groups[3].i_opgroup_block/gen_merged_slice.i_multifmt_slice/gen_num_lanes[0].active_lane.lane_instance.i_fpnew_cast_multi/i___366_i_62/O
                         net (fo=1, unplaced)         0.000    11.966    i_ariane/i_cva6/ex_stage_i/fpu_gen.fpu_i/fpu_gen.i_fpnew_bulk/gen_operation_groups[3].i_opgroup_block/gen_merged_slice.i_multifmt_slice/gen_num_lanes[0].active_lane.lane_instance.i_fpnew_cast_multi/i___366_i_62_n_0
                         CARRY4 (Prop_carry4_S[0]_CO[3])
                                                      0.423    12.389 r  i_ariane/i_cva6/ex_stage_i/fpu_gen.fpu_i/fpu_gen.i_fpnew_bulk/gen_operation_groups[3].i_opgroup_block/gen_merged_slice.i_multifmt_slice/gen_num_lanes[0].active_lane.lane_instance.i_fpnew_cast_multi/i___366_i_32/CO[3]
                         net (fo=1, unplaced)         0.000    12.389    i_ariane/i_cva6/ex_stage_i/fpu_gen.fpu_i/fpu_gen.i_fpnew_bulk/gen_operation_groups[3].i_opgroup_block/gen_merged_slice.i_multifmt_slice/gen_num_lanes[0].active_lane.lane_instance.i_fpnew_cast_multi/i___366_i_32_n_0
                         CARRY4 (Prop_carry4_CI_CO[3])
                                                      0.100    12.489 r  i_ariane/i_cva6/ex_stage_i/fpu_gen.fpu_i/fpu_gen.i_fpnew_bulk/gen_operation_groups[3].i_opgroup_block/gen_merged_slice.i_multifmt_slice/gen_num_lanes[0].active_lane.lane_instance.i_fpnew_cast_multi/mem_q_reg[7][sbe][result][7]_i_34/CO[3]
                         net (fo=1, unplaced)         0.000    12.489    i_ariane/i_cva6/ex_stage_i/fpu_gen.fpu_i/fpu_gen.i_fpnew_bulk/gen_operation_groups[3].i_opgroup_block/gen_merged_slice.i_multifmt_slice/gen_num_lanes[0].active_lane.lane_instance.i_fpnew_cast_multi/mem_q_reg[7][sbe][result][7]_i_34_n_0
                         CARRY4 (Prop_carry4_CI_CO[3])
                                                      0.100    12.589 r  i_ariane/i_cva6/ex_stage_i/fpu_gen.fpu_i/fpu_gen.i_fpnew_bulk/gen_operation_groups[3].i_opgroup_block/gen_merged_slice.i_multifmt_slice/gen_num_lanes[0].active_lane.lane_instance.i_fpnew_cast_multi/mem_q_reg[7][sbe][result][11]_i_57/CO[3]
                         net (fo=1, unplaced)         0.000    12.589    i_ariane/i_cva6/ex_stage_i/fpu_gen.fpu_i/fpu_gen.i_fpnew_bulk/gen_operation_groups[3].i_opgroup_block/gen_merged_slice.i_multifmt_slice/gen_num_lanes[0].active_lane.lane_instance.i_fpnew_cast_multi/mem_q_reg[7][sbe][result][11]_i_57_n_0
                         CARRY4 (Prop_carry4_CI_CO[3])
                                                      0.100    12.689 r  i_ariane/i_cva6/ex_stage_i/fpu_gen.fpu_i/fpu_gen.i_fpnew_bulk/gen_operation_groups[3].i_opgroup_block/gen_merged_slice.i_multifmt_slice/gen_num_lanes[0].active_lane.lane_instance.i_fpnew_cast_multi/mem_q_reg[7][sbe][result][15]_i_52/CO[3]
                         net (fo=1, unplaced)         0.000    12.689    i_ariane/i_cva6/ex_stage_i/fpu_gen.fpu_i/fpu_gen.i_fpnew_bulk/gen_operation_groups[3].i_opgroup_block/gen_merged_slice.i_multifmt_slice/gen_num_lanes[0].active_lane.lane_instance.i_fpnew_cast_multi/mem_q_reg[7][sbe][result][15]_i_52_n_0
                         CARRY4 (Prop_carry4_CI_CO[3])
                                                      0.100    12.789 r  i_ariane/i_cva6/ex_stage_i/fpu_gen.fpu_i/fpu_gen.i_fpnew_bulk/gen_operation_groups[3].i_opgroup_block/gen_merged_slice.i_multifmt_slice/gen_num_lanes[0].active_lane.lane_instance.i_fpnew_cast_multi/mem_q_reg[7][sbe][result][23]_i_46/CO[3]
                         net (fo=1, unplaced)         0.000    12.789    i_ariane/i_cva6/ex_stage_i/fpu_gen.fpu_i/fpu_gen.i_fpnew_bulk/gen_operation_groups[3].i_opgroup_block/gen_merged_slice.i_multifmt_slice/gen_num_lanes[0].active_lane.lane_instance.i_fpnew_cast_multi/mem_q_reg[7][sbe][result][23]_i_46_n_0
                         CARRY4 (Prop_carry4_CI_CO[3])
                                                      0.100    12.889 r  i_ariane/i_cva6/ex_stage_i/fpu_gen.fpu_i/fpu_gen.i_fpnew_bulk/gen_operation_groups[3].i_opgroup_block/gen_merged_slice.i_multifmt_slice/gen_num_lanes[0].active_lane.lane_instance.i_fpnew_cast_multi/mem_q_reg[7][sbe][result][23]_i_29/CO[3]
                         net (fo=1, unplaced)         0.000    12.889    i_ariane/i_cva6/ex_stage_i/fpu_gen.fpu_i/fpu_gen.i_fpnew_bulk/gen_operation_groups[3].i_opgroup_block/gen_merged_slice.i_multifmt_slice/gen_num_lanes[0].active_lane.lane_instance.i_fpnew_cast_multi/mem_q_reg[7][sbe][result][23]_i_29_n_0
                         CARRY4 (Prop_carry4_CI_O[2])
                                                      0.214    13.103 f  i_ariane/i_cva6/ex_stage_i/fpu_gen.fpu_i/fpu_gen.i_fpnew_bulk/gen_operation_groups[3].i_opgroup_block/gen_merged_slice.i_multifmt_slice/gen_num_lanes[0].active_lane.lane_instance.i_fpnew_cast_multi/mem_q_reg[7][sbe][result][27]_i_35/O[2]
                         net (fo=6, unplaced)         0.381    13.484    i_ariane/i_cva6/ex_stage_i/fpu_gen.fpu_i/fpu_gen.i_fpnew_bulk/gen_operation_groups[3].i_opgroup_block/gen_merged_slice.i_multifmt_slice/gen_num_lanes[0].active_lane.lane_instance.i_fpnew_cast_multi/rounded_abs[26]
                         LUT1 (Prop_lut1_I0_O)        0.244    13.728 r  i_ariane/i_cva6/ex_stage_i/fpu_gen.fpu_i/fpu_gen.i_fpnew_bulk/gen_operation_groups[3].i_opgroup_block/gen_merged_slice.i_multifmt_slice/gen_num_lanes[0].active_lane.lane_instance.i_fpnew_cast_multi/mem_q[7][sbe][result][28]_i_58/O
                         net (fo=1, unplaced)         0.000    13.728    i_ariane/i_cva6/ex_stage_i/fpu_gen.fpu_i/fpu_gen.i_fpnew_bulk/gen_operation_groups[3].i_opgroup_block/gen_merged_slice.i_multifmt_slice/gen_num_lanes[0].active_lane.lane_instance.i_fpnew_cast_multi/mem_q[7][sbe][result][28]_i_58_n_0
                         CARRY4 (Prop_carry4_S[1]_CO[3])
                                                      0.444    14.172 r  i_ariane/i_cva6/ex_stage_i/fpu_gen.fpu_i/fpu_gen.i_fpnew_bulk/gen_operation_groups[3].i_opgroup_block/gen_merged_slice.i_multifmt_slice/gen_num_lanes[0].active_lane.lane_instance.i_fpnew_cast_multi/mem_q_reg[7][sbe][result][28]_i_31/CO[3]
                         net (fo=1, unplaced)         0.000    14.172    i_ariane/i_cva6/ex_stage_i/fpu_gen.fpu_i/fpu_gen.i_fpnew_bulk/gen_operation_groups[3].i_opgroup_block/gen_merged_slice.i_multifmt_slice/gen_num_lanes[0].active_lane.lane_instance.i_fpnew_cast_multi/mem_q_reg[7][sbe][result][28]_i_31_n_0
                         CARRY4 (Prop_carry4_CI_O[2])
                                                      0.214    14.386 r  i_ariane/i_cva6/ex_stage_i/fpu_gen.fpu_i/fpu_gen.i_fpnew_bulk/gen_operation_groups[3].i_opgroup_block/gen_merged_slice.i_multifmt_slice/gen_num_lanes[0].active_lane.lane_instance.i_fpnew_cast_multi/i___368_i_14/O[2]
                         net (fo=4, unplaced)         0.373    14.759    i_ariane/i_cva6/ex_stage_i/fpu_gen.fpu_i/fpu_gen.i_fpnew_bulk/gen_operation_groups[3].i_opgroup_block/gen_merged_slice.i_multifmt_slice/gen_num_lanes[0].active_lane.lane_instance.i_fpnew_cast_multi/rounded_uint_res0[31]
                         LUT5 (Prop_lut5_I1_O)        0.244    15.003 r  i_ariane/i_cva6/ex_stage_i/fpu_gen.fpu_i/fpu_gen.i_fpnew_bulk/gen_operation_groups[3].i_opgroup_block/gen_merged_slice.i_multifmt_slice/gen_num_lanes[0].active_lane.lane_instance.i_fpnew_cast_multi/i___368_i_11/O
                         net (fo=33, unplaced)        0.654    15.657    i_ariane/i_cva6/ex_stage_i/fpu_gen.fpu_i/fpu_gen.i_fpnew_bulk/gen_operation_groups[3].i_opgroup_block/gen_merged_slice.i_multifmt_slice/gen_num_lanes[0].active_lane.lane_instance.i_fpnew_cast_multi/i___368_i_11_n_0
                         LUT5 (Prop_lut5_I4_O)        0.105    15.762 f  i_ariane/i_cva6/ex_stage_i/fpu_gen.fpu_i/fpu_gen.i_fpnew_bulk/gen_operation_groups[3].i_opgroup_block/gen_merged_slice.i_multifmt_slice/gen_num_lanes[0].active_lane.lane_instance.i_fpnew_cast_multi/mem_q[7][sbe][result][51]_i_19/O
                         net (fo=2, unplaced)         0.593    16.355    i_ariane/i_cva6/ex_stage_i/fpu_gen.fpu_i/fpu_gen.i_fpnew_bulk/gen_operation_groups[3].i_opgroup_block/gen_merged_slice.i_multifmt_slice/gen_num_lanes[0].active_lane.lane_instance.i_fpnew_cast_multi/mem_q[7][sbe][result][51]_i_19_n_0
                         LUT6 (Prop_lut6_I0_O)        0.105    16.460 f  i_ariane/i_cva6/ex_stage_i/fpu_gen.fpu_i/fpu_gen.i_fpnew_bulk/gen_operation_groups[3].i_opgroup_block/gen_merged_slice.i_multifmt_slice/gen_num_lanes[0].active_lane.lane_instance.i_fpnew_cast_multi/i___366_i_125/O
                         net (fo=1, unplaced)         0.000    16.460    i_ariane/i_cva6/ex_stage_i/fpu_gen.fpu_i/fpu_gen.i_fpnew_bulk/gen_operation_groups[3].i_opgroup_block/gen_merged_slice.i_multifmt_slice/gen_num_lanes[0].active_lane.lane_instance.i_fpnew_cast_multi/i___366_i_125_n_0
                         CARRY4 (Prop_carry4_S[1]_CO[3])
                                                      0.444    16.904 r  i_ariane/i_cva6/ex_stage_i/fpu_gen.fpu_i/fpu_gen.i_fpnew_bulk/gen_operation_groups[3].i_opgroup_block/gen_merged_slice.i_multifmt_slice/gen_num_lanes[0].active_lane.lane_instance.i_fpnew_cast_multi/i___366_i_63/CO[3]
                         net (fo=1, unplaced)         0.000    16.904    i_ariane/i_cva6/ex_stage_i/fpu_gen.fpu_i/fpu_gen.i_fpnew_bulk/gen_operation_groups[3].i_opgroup_block/gen_merged_slice.i_multifmt_slice/gen_num_lanes[0].active_lane.lane_instance.i_fpnew_cast_multi/i___366_i_63_n_0
                         CARRY4 (Prop_carry4_CI_CO[1])
                                                      0.150    17.054 r  i_ariane/i_cva6/ex_stage_i/fpu_gen.fpu_i/fpu_gen.i_fpnew_bulk/gen_operation_groups[3].i_opgroup_block/gen_merged_slice.i_multifmt_slice/gen_num_lanes[0].active_lane.lane_instance.i_fpnew_cast_multi/i___366_i_34/CO[1]
                         net (fo=1, unplaced)         0.240    17.294    i_ariane/i_cva6/ex_stage_i/fpu_gen.fpu_i/fpu_gen.i_fpnew_bulk/gen_operation_groups[3].i_opgroup_block/gen_merged_slice.i_multifmt_slice/gen_num_lanes[0].active_lane.lane_instance.i_fpnew_cast_multi/int_result_is_special1
                         LUT6 (Prop_lut6_I4_O)        0.277    17.571 f  i_ariane/i_cva6/ex_stage_i/fpu_gen.fpu_i/fpu_gen.i_fpnew_bulk/gen_operation_groups[3].i_opgroup_block/gen_merged_slice.i_multifmt_slice/gen_num_lanes[0].active_lane.lane_instance.i_fpnew_cast_multi/i___366_i_19/O
                         net (fo=45, unplaced)        0.427    17.998    i_ariane/i_cva6/ex_stage_i/fpu_gen.fpu_i/fpu_gen.i_fpnew_bulk/gen_operation_groups[3].i_opgroup_block/gen_merged_slice.i_multifmt_slice/gen_num_lanes[0].active_lane.lane_instance.i_fpnew_cast_multi/i___366_i_19_n_0
                         LUT4 (Prop_lut4_I3_O)        0.105    18.103 r  i_ariane/i_cva6/ex_stage_i/fpu_gen.fpu_i/fpu_gen.i_fpnew_bulk/gen_operation_groups[3].i_opgroup_block/gen_merged_slice.i_multifmt_slice/gen_num_lanes[0].active_lane.lane_instance.i_fpnew_cast_multi/i___366_i_21/O
                         net (fo=8, unplaced)         0.385    18.488    i_ariane/i_cva6/ex_stage_i/fpu_gen.fpu_i/fpu_gen.i_fpnew_bulk/gen_operation_groups[3].i_opgroup_block/gen_merged_slice.i_multifmt_slice/gen_num_lanes[0].active_lane.lane_instance.i_fpnew_cast_multi/i___366_i_21_n_0
                         LUT6 (Prop_lut6_I4_O)        0.105    18.593 r  i_ariane/i_cva6/ex_stage_i/fpu_gen.fpu_i/fpu_gen.i_fpnew_bulk/gen_operation_groups[3].i_opgroup_block/gen_merged_slice.i_multifmt_slice/gen_num_lanes[0].active_lane.lane_instance.i_fpnew_cast_multi/i___366_i_13/O
                         net (fo=1, unplaced)         0.582    19.175    i_ariane/i_cva6/ex_stage_i/fpu_gen.fpu_i/fpu_gen.i_fpnew_bulk/gen_operation_groups[3].i_opgroup_block/gen_merged_slice.i_multifmt_slice/gen_num_lanes[0].active_lane.lane_instance.i_fpnew_cast_multi/i___366_i_13_n_0
                         LUT6 (Prop_lut6_I0_O)        0.105    19.280 r  i_ariane/i_cva6/ex_stage_i/fpu_gen.fpu_i/fpu_gen.i_fpnew_bulk/gen_operation_groups[3].i_opgroup_block/gen_merged_slice.i_multifmt_slice/gen_num_lanes[0].active_lane.lane_instance.i_fpnew_cast_multi/i___366_i_5/O
                         net (fo=1, unplaced)         0.347    19.627    i_ariane/i_cva6/ex_stage_i/fpu_gen.fpu_i/fpu_gen.i_fpnew_bulk/gen_operation_groups[0].i_opgroup_block/gen_parallel_slices[0].active_format.i_fmt_slice/gen_num_lanes[0].active_lane.lane_instance.i_fma/gen_arbiter.data_nodes[2][result][3]
                         LUT5 (Prop_lut5_I0_O)        0.105    19.732 r  i_ariane/i_cva6/ex_stage_i/fpu_gen.fpu_i/fpu_gen.i_fpnew_bulk/gen_operation_groups[0].i_opgroup_block/gen_parallel_slices[0].active_format.i_fmt_slice/gen_num_lanes[0].active_lane.lane_instance.i_fma/i___366_i_1/O
                         net (fo=19, unplaced)        0.406    20.138    i_ariane/i_cva6/issue_stage_i/i_issue_read_operands/fpu_result_ex_id[3]
                         LUT5 (Prop_lut5_I0_O)        0.105    20.243 f  i_ariane/i_cva6/issue_stage_i/i_issue_read_operands/i___328_i_2/O
                         net (fo=3, unplaced)         0.600    20.843    i_ariane/i_cva6/issue_stage_i/i_issue_read_operands/i___328_i_2_n_0
                         LUT6 (Prop_lut6_I1_O)        0.105    20.948 f  i_ariane/i_cva6/issue_stage_i/i_issue_read_operands/fu_data_q[0][operand_a][3]_i_12/O
                         net (fo=1, unplaced)         0.000    20.948    i_ariane/i_cva6/issue_stage_i/i_issue_read_operands/fu_data_q[0][operand_a][3]_i_12_n_0
                         MUXF7 (Prop_muxf7_I0_O)      0.201    21.149 f  i_ariane/i_cva6/issue_stage_i/i_issue_read_operands/fu_data_q_reg[0][operand_a][3]_i_5/O
                         net (fo=1, unplaced)         0.349    21.498    i_ariane/i_cva6/issue_stage_i/i_issue_read_operands/fu_data_q_reg[0][operand_a][3]_i_5_n_0
                         LUT6 (Prop_lut6_I5_O)        0.242    21.740 f  i_ariane/i_cva6/issue_stage_i/i_issue_read_operands/fu_data_q[0][operand_a][3]_i_2/O
                         net (fo=1, unplaced)         0.347    22.087    i_ariane/i_cva6/issue_stage_i/i_issue_read_operands/fu_data_q[0][operand_a][3]_i_2_n_0
                         LUT5 (Prop_lut5_I4_O)        0.105    22.192 r  i_ariane/i_cva6/issue_stage_i/i_issue_read_operands/fu_data_q[0][operand_a][3]_i_1/O
                         net (fo=17, unplaced)        0.403    22.595    i_ariane/gen_cvxif.gen_COPRO_KECC_AES_K.i_kecc_aes_k_xif_coprocessor/D[3]
                         LUT3 (Prop_lut3_I0_O)        0.105    22.700 r  i_ariane/gen_cvxif.gen_COPRO_KECC_AES_K.i_kecc_aes_k_xif_coprocessor/i___30_i_9/O
                         net (fo=6, unplaced)         0.379    23.079    i_ariane/i_cva6/id_stage_i/registers[0]_23[3]
                         LUT6 (Prop_lut6_I5_O)        0.105    23.184 r  i_ariane/i_cva6/id_stage_i/i___30_i_2/O
                         net (fo=11, unplaced)        0.628    23.812    i_ariane/i_cva6/id_stage_i/issue_q_reg[0][orig_instr][21]_7
                         LUT6 (Prop_lut6_I1_O)        0.105    23.917 r  i_ariane/i_cva6/id_stage_i/i___25_i_10/O
                         net (fo=3, unplaced)         0.796    24.713    i_ariane/i_cva6/id_stage_i/i___25_i_10_n_0
                         LUT6 (Prop_lut6_I3_O)        0.105    24.818 r  i_ariane/i_cva6/id_stage_i/i___25_i_2/O
                         net (fo=10, unplaced)        0.625    25.443    i_ariane/i_cva6/id_stage_i/i___235_i_3_0
                         LUT4 (Prop_lut4_I1_O)        0.105    25.548 r  i_ariane/i_cva6/id_stage_i/i___235_i_1/O
                         net (fo=6, unplaced)         0.614    26.162    i_ariane/i_cva6/id_stage_i/i___25_i_1_0
                         LUT4 (Prop_lut4_I0_O)        0.105    26.267 r  i_ariane/i_cva6/id_stage_i/i___75_i_6/O
                         net (fo=4, unplaced)         0.606    26.873    i_ariane/i_cva6/id_stage_i/i___12_i_4_0
                         LUT6 (Prop_lut6_I2_O)        0.105    26.978 r  i_ariane/i_cva6/id_stage_i/i___20_i_1/O
                         net (fo=8, unplaced)         0.385    27.363    i_ariane/i_cva6/id_stage_i/i___13_i_3_0
                         LUT5 (Prop_lut5_I1_O)        0.105    27.468 r  i_ariane/i_cva6/id_stage_i/result_o[34]_i_8/O
                         net (fo=4, unplaced)         0.371    27.839    i_ariane/i_cva6/id_stage_i/result_o[34]_i_8_n_0
                         LUT6 (Prop_lut6_I0_O)        0.105    27.944 r  i_ariane/i_cva6/id_stage_i/result_o[2]_i_4/O
                         net (fo=1, unplaced)         0.347    28.291    i_ariane/i_cva6/id_stage_i/result_o[2]_i_4_n_0
                         LUT6 (Prop_lut6_I3_O)        0.105    28.396 r  i_ariane/i_cva6/id_stage_i/result_o[2]_i_1/O
                         net (fo=1, unplaced)         0.000    28.396    i_ariane/gen_cvxif.gen_COPRO_KECC_AES_K.i_kecc_aes_k_xif_coprocessor/i_ex/result_o_reg[63]_1[2]
                         FDCE                                         r  i_ariane/gen_cvxif.gen_COPRO_KECC_AES_K.i_kecc_aes_k_xif_coprocessor/i_ex/result_o_reg[2]/D
  -------------------------------------------------------------------    -------------------

                         (clock clk_i rise edge)     10.000    10.000 r  
                                                      0.000    10.000 r  clk_i (IN)
                         net (fo=23772, unset)        0.748    10.748    i_ariane/gen_cvxif.gen_COPRO_KECC_AES_K.i_kecc_aes_k_xif_coprocessor/i_ex/clk_i
                         FDCE                                         r  i_ariane/gen_cvxif.gen_COPRO_KECC_AES_K.i_kecc_aes_k_xif_coprocessor/i_ex/result_o_reg[2]/C
                         clock pessimism              0.000    10.748    
                         clock uncertainty           -0.035    10.712    
                         FDCE (Setup_fdce_C_D)        0.043    10.755    i_ariane/gen_cvxif.gen_COPRO_KECC_AES_K.i_kecc_aes_k_xif_coprocessor/i_ex/result_o_reg[2]
  -------------------------------------------------------------------
                         required time                         10.755    
                         arrival time                         -28.396    
  -------------------------------------------------------------------
                         slack                                -17.641    

Slack (VIOLATED) :        -17.641ns  (required time - arrival time)
  Source:                 i_ariane/i_cva6/ex_stage_i/fpu_gen.fpu_i/fpu_gen.i_fpnew_bulk/gen_operation_groups[3].i_opgroup_block/gen_merged_slice.i_multifmt_slice/gen_num_lanes[0].active_lane.lane_instance.i_fpnew_cast_multi/gen_inside_pipeline[0].mid_pipe_dst_fmt_q_reg[1][1]/C
                            (rising edge-triggered cell FDCE clocked by clk_i  {rise@0.000ns fall@5.000ns period=10.000ns})
  Destination:            i_ariane/gen_cvxif.gen_COPRO_KECC_AES_K.i_kecc_aes_k_xif_coprocessor/i_ex/result_o_reg[2]/D
                            (rising edge-triggered cell FDCE clocked by clk_i  {rise@0.000ns fall@5.000ns period=10.000ns})
  Path Group:             clk_i
  Path Type:              Setup (Max at Slow Process Corner)
  Requirement:            10.000ns  (clk_i rise@10.000ns - clk_i rise@0.000ns)
  Data Path Delay:        27.609ns  (logic 8.852ns (32.062%)  route 18.757ns (67.938%))
  Logic Levels:           54  (CARRY4=17 LUT1=1 LUT2=1 LUT3=2 LUT4=4 LUT5=8 LUT6=20 MUXF7=1)
  Clock Path Skew:        -0.039ns (DCD - SCD + CPR)
    Destination Clock Delay (DCD):    0.748ns = ( 10.748 - 10.000 ) 
    Source Clock Delay      (SCD):    0.787ns
    Clock Pessimism Removal (CPR):    0.000ns
  Clock Uncertainty:      0.035ns  ((TSJ^2 + TIJ^2)^1/2 + DJ) / 2 + PE
    Total System Jitter     (TSJ):    0.071ns
    Total Input Jitter      (TIJ):    0.000ns
    Discrete Jitter          (DJ):    0.000ns
    Phase Error              (PE):    0.000ns

    Location             Delay type                Incr(ns)  Path(ns)    Netlist Resource(s)
  -------------------------------------------------------------------    -------------------
                         (clock clk_i rise edge)      0.000     0.000 r  
                                                      0.000     0.000 r  clk_i (IN)
                         net (fo=23772, unset)        0.787     0.787    i_ariane/i_cva6/ex_stage_i/fpu_gen.fpu_i/fpu_gen.i_fpnew_bulk/gen_operation_groups[3].i_opgroup_block/gen_merged_slice.i_multifmt_slice/gen_num_lanes[0].active_lane.lane_instance.i_fpnew_cast_multi/clk_i
                         FDCE                                         r  i_ariane/i_cva6/ex_stage_i/fpu_gen.fpu_i/fpu_gen.i_fpnew_bulk/gen_operation_groups[3].i_opgroup_block/gen_merged_slice.i_multifmt_slice/gen_num_lanes[0].active_lane.lane_instance.i_fpnew_cast_multi/gen_inside_pipeline[0].mid_pipe_dst_fmt_q_reg[1][1]/C
  -------------------------------------------------------------------    -------------------
                         FDCE (Prop_fdce_C_Q)         0.397     1.184 r  i_ariane/i_cva6/ex_stage_i/fpu_gen.fpu_i/fpu_gen.i_fpnew_bulk/gen_operation_groups[3].i_opgroup_block/gen_merged_slice.i_multifmt_slice/gen_num_lanes[0].active_lane.lane_instance.i_fpnew_cast_multi/gen_inside_pipeline[0].mid_pipe_dst_fmt_q_reg[1][1]/Q
                         net (fo=140, unplaced)       0.733     1.917    i_ariane/i_cva6/ex_stage_i/fpu_gen.fpu_i/fpu_gen.i_fpnew_bulk/gen_operation_groups[3].i_opgroup_block/gen_merged_slice.i_multifmt_slice/gen_num_lanes[0].active_lane.lane_instance.i_fpnew_cast_multi/gen_inside_pipeline[0].mid_pipe_dst_fmt_q_reg_n_0_[1][1]
                         LUT3 (Prop_lut3_I0_O)        0.232     2.149 r  i_ariane/i_cva6/ex_stage_i/fpu_gen.fpu_i/fpu_gen.i_fpnew_bulk/gen_operation_groups[3].i_opgroup_block/gen_merged_slice.i_multifmt_slice/gen_num_lanes[0].active_lane.lane_instance.i_fpnew_cast_multi/mem_q[7][sbe][result][54]_i_102/O
                         net (fo=2, unplaced)         0.269     2.418    i_ariane/i_cva6/ex_stage_i/fpu_gen.fpu_i/fpu_gen.i_fpnew_bulk/gen_operation_groups[3].i_opgroup_block/gen_merged_slice.i_multifmt_slice/gen_num_lanes[0].active_lane.lane_instance.i_fpnew_cast_multi/mem_q[7][sbe][result][54]_i_102_n_0
                         CARRY4 (Prop_carry4_CYINIT_CO[3])
                                                      0.494     2.912 r  i_ariane/i_cva6/ex_stage_i/fpu_gen.fpu_i/fpu_gen.i_fpnew_bulk/gen_operation_groups[3].i_opgroup_block/gen_merged_slice.i_multifmt_slice/gen_num_lanes[0].active_lane.lane_instance.i_fpnew_cast_multi/i___371_i_68/CO[3]
                         net (fo=1, unplaced)         0.000     2.912    i_ariane/i_cva6/ex_stage_i/fpu_gen.fpu_i/fpu_gen.i_fpnew_bulk/gen_operation_groups[3].i_opgroup_block/gen_merged_slice.i_multifmt_slice/gen_num_lanes[0].active_lane.lane_instance.i_fpnew_cast_multi/i___371_i_68_n_0
                         CARRY4 (Prop_carry4_CI_CO[3])
                                                      0.100     3.012 r  i_ariane/i_cva6/ex_stage_i/fpu_gen.fpu_i/fpu_gen.i_fpnew_bulk/gen_operation_groups[3].i_opgroup_block/gen_merged_slice.i_multifmt_slice/gen_num_lanes[0].active_lane.lane_instance.i_fpnew_cast_multi/i___371_i_53/CO[3]
                         net (fo=1, unplaced)         0.000     3.012    i_ariane/i_cva6/ex_stage_i/fpu_gen.fpu_i/fpu_gen.i_fpnew_bulk/gen_operation_groups[3].i_opgroup_block/gen_merged_slice.i_multifmt_slice/gen_num_lanes[0].active_lane.lane_instance.i_fpnew_cast_multi/i___371_i_53_n_0
                         CARRY4 (Prop_carry4_CI_CO[3])
                                                      0.100     3.112 r  i_ariane/i_cva6/ex_stage_i/fpu_gen.fpu_i/fpu_gen.i_fpnew_bulk/gen_operation_groups[3].i_opgroup_block/gen_merged_slice.i_multifmt_slice/gen_num_lanes[0].active_lane.lane_instance.i_fpnew_cast_multi/i___371_i_51/CO[3]
                         net (fo=1, unplaced)         0.000     3.112    i_ariane/i_cva6/ex_stage_i/fpu_gen.fpu_i/fpu_gen.i_fpnew_bulk/gen_operation_groups[3].i_opgroup_block/gen_merged_slice.i_multifmt_slice/gen_num_lanes[0].active_lane.lane_instance.i_fpnew_cast_multi/i___371_i_51_n_0
                         CARRY4 (Prop_carry4_CI_CO[3])
                                                      0.100     3.212 r  i_ariane/i_cva6/ex_stage_i/fpu_gen.fpu_i/fpu_gen.i_fpnew_bulk/gen_operation_groups[3].i_opgroup_block/gen_merged_slice.i_multifmt_slice/gen_num_lanes[0].active_lane.lane_instance.i_fpnew_cast_multi/i___371_i_81/CO[3]
                         net (fo=16, unplaced)        0.664     3.876    i_ariane/i_cva6/ex_stage_i/fpu_gen.fpu_i/fpu_gen.i_fpnew_bulk/gen_operation_groups[3].i_opgroup_block/gen_merged_slice.i_multifmt_slice/gen_num_lanes[0].active_lane.lane_instance.i_fpnew_cast_multi/i___371_i_81_n_0
                         LUT2 (Prop_lut2_I1_O)        0.105     3.981 r  i_ariane/i_cva6/ex_stage_i/fpu_gen.fpu_i/fpu_gen.i_fpnew_bulk/gen_operation_groups[3].i_opgroup_block/gen_merged_slice.i_multifmt_slice/gen_num_lanes[0].active_lane.lane_instance.i_fpnew_cast_multi/i___371_i_76/O
                         net (fo=1, unplaced)         0.000     3.981    i_ariane/i_cva6/ex_stage_i/fpu_gen.fpu_i/fpu_gen.i_fpnew_bulk/gen_operation_groups[3].i_opgroup_block/gen_merged_slice.i_multifmt_slice/gen_num_lanes[0].active_lane.lane_instance.i_fpnew_cast_multi/i___371_i_76_n_0
                         CARRY4 (Prop_carry4_DI[0]_CO[3])
                                                      0.477     4.458 r  i_ariane/i_cva6/ex_stage_i/fpu_gen.fpu_i/fpu_gen.i_fpnew_bulk/gen_operation_groups[3].i_opgroup_block/gen_merged_slice.i_multifmt_slice/gen_num_lanes[0].active_lane.lane_instance.i_fpnew_cast_multi/i___371_i_57/CO[3]
                         net (fo=1, unplaced)         0.000     4.458    i_ariane/i_cva6/ex_stage_i/fpu_gen.fpu_i/fpu_gen.i_fpnew_bulk/gen_operation_groups[3].i_opgroup_block/gen_merged_slice.i_multifmt_slice/gen_num_lanes[0].active_lane.lane_instance.i_fpnew_cast_multi/i___371_i_57_n_0
                         CARRY4 (Prop_carry4_CI_CO[3])
                                                      0.100     4.558 r  i_ariane/i_cva6/ex_stage_i/fpu_gen.fpu_i/fpu_gen.i_fpnew_bulk/gen_operation_groups[3].i_opgroup_block/gen_merged_slice.i_multifmt_slice/gen_num_lanes[0].active_lane.lane_instance.i_fpnew_cast_multi/i___371_i_49/CO[3]
                         net (fo=61, unplaced)        0.697     5.255    i_ariane/i_cva6/ex_stage_i/fpu_gen.fpu_i/fpu_gen.i_fpnew_bulk/gen_operation_groups[3].i_opgroup_block/gen_merged_slice.i_multifmt_slice/gen_num_lanes[0].active_lane.lane_instance.i_fpnew_cast_multi/preshift_mant1
                         LUT4 (Prop_lut4_I3_O)        0.105     5.360 r  i_ariane/i_cva6/ex_stage_i/fpu_gen.fpu_i/fpu_gen.i_fpnew_bulk/gen_operation_groups[3].i_opgroup_block/gen_merged_slice.i_multifmt_slice/gen_num_lanes[0].active_lane.lane_instance.i_fpnew_cast_multi/mem_q[7][sbe][ex][cause][0]_i_129/O
                         net (fo=4, unplaced)         0.371     5.731    i_ariane/i_cva6/ex_stage_i/fpu_gen.fpu_i/fpu_gen.i_fpnew_bulk/gen_operation_groups[3].i_opgroup_block/gen_merged_slice.i_multifmt_slice/gen_num_lanes[0].active_lane.lane_instance.i_fpnew_cast_multi/mem_q[7][sbe][ex][cause][0]_i_129_n_0
                         LUT6 (Prop_lut6_I4_O)        0.105     5.836 r  i_ariane/i_cva6/ex_stage_i/fpu_gen.fpu_i/fpu_gen.i_fpnew_bulk/gen_operation_groups[3].i_opgroup_block/gen_merged_slice.i_multifmt_slice/gen_num_lanes[0].active_lane.lane_instance.i_fpnew_cast_multi/mem_q[7][sbe][ex][cause][0]_i_287/O
                         net (fo=117, unplaced)       0.450     6.286    i_ariane/i_cva6/ex_stage_i/fpu_gen.fpu_i/fpu_gen.i_fpnew_bulk/gen_operation_groups[3].i_opgroup_block/gen_merged_slice.i_multifmt_slice/gen_num_lanes[0].active_lane.lane_instance.i_fpnew_cast_multi/mem_q[7][sbe][ex][cause][0]_i_287_n_0
                         LUT5 (Prop_lut5_I4_O)        0.105     6.391 f  i_ariane/i_cva6/ex_stage_i/fpu_gen.fpu_i/fpu_gen.i_fpnew_bulk/gen_operation_groups[3].i_opgroup_block/gen_merged_slice.i_multifmt_slice/gen_num_lanes[0].active_lane.lane_instance.i_fpnew_cast_multi/mem_q[7][sbe][ex][cause][0]_i_512/O
                         net (fo=35, unplaced)        0.420     6.811    i_ariane/i_cva6/ex_stage_i/fpu_gen.fpu_i/fpu_gen.i_fpnew_bulk/gen_operation_groups[3].i_opgroup_block/gen_merged_slice.i_multifmt_slice/gen_num_lanes[0].active_lane.lane_instance.i_fpnew_cast_multi/mem_q[7][sbe][ex][cause][0]_i_512_n_0
                         LUT6 (Prop_lut6_I2_O)        0.105     6.916 f  i_ariane/i_cva6/ex_stage_i/fpu_gen.fpu_i/fpu_gen.i_fpnew_bulk/gen_operation_groups[3].i_opgroup_block/gen_merged_slice.i_multifmt_slice/gen_num_lanes[0].active_lane.lane_instance.i_fpnew_cast_multi/mem_q[7][sbe][ex][cause][0]_i_481/O
                         net (fo=3, unplaced)         0.600     7.516    i_ariane/i_cva6/ex_stage_i/fpu_gen.fpu_i/fpu_gen.i_fpnew_bulk/gen_operation_groups[3].i_opgroup_block/gen_merged_slice.i_multifmt_slice/gen_num_lanes[0].active_lane.lane_instance.i_fpnew_cast_multi/mem_q[7][sbe][ex][cause][0]_i_481_n_0
                         LUT6 (Prop_lut6_I0_O)        0.105     7.621 f  i_ariane/i_cva6/ex_stage_i/fpu_gen.fpu_i/fpu_gen.i_fpnew_bulk/gen_operation_groups[3].i_opgroup_block/gen_merged_slice.i_multifmt_slice/gen_num_lanes[0].active_lane.lane_instance.i_fpnew_cast_multi/mem_q[7][sbe][ex][cause][0]_i_349/O
                         net (fo=4, unplaced)         0.606     8.227    i_ariane/i_cva6/ex_stage_i/fpu_gen.fpu_i/fpu_gen.i_fpnew_bulk/gen_operation_groups[3].i_opgroup_block/gen_merged_slice.i_multifmt_slice/gen_num_lanes[0].active_lane.lane_instance.i_fpnew_cast_multi/mem_q[7][sbe][ex][cause][0]_i_349_n_0
                         LUT6 (Prop_lut6_I1_O)        0.105     8.332 f  i_ariane/i_cva6/ex_stage_i/fpu_gen.fpu_i/fpu_gen.i_fpnew_bulk/gen_operation_groups[3].i_opgroup_block/gen_merged_slice.i_multifmt_slice/gen_num_lanes[0].active_lane.lane_instance.i_fpnew_cast_multi/mem_q[7][sbe][ex][cause][0]_i_212/O
                         net (fo=3, unplaced)         0.796     9.128    i_ariane/i_cva6/ex_stage_i/fpu_gen.fpu_i/fpu_gen.i_fpnew_bulk/gen_operation_groups[3].i_opgroup_block/gen_merged_slice.i_multifmt_slice/gen_num_lanes[0].active_lane.lane_instance.i_fpnew_cast_multi/mem_q[7][sbe][ex][cause][0]_i_212_n_0
                         LUT6 (Prop_lut6_I0_O)        0.105     9.233 f  i_ariane/i_cva6/ex_stage_i/fpu_gen.fpu_i/fpu_gen.i_fpnew_bulk/gen_operation_groups[3].i_opgroup_block/gen_merged_slice.i_multifmt_slice/gen_num_lanes[0].active_lane.lane_instance.i_fpnew_cast_multi/mem_q[7][sbe][ex][cause][0]_i_99/O
                         net (fo=1, unplaced)         0.778    10.011    i_ariane/i_cva6/ex_stage_i/fpu_gen.fpu_i/fpu_gen.i_fpnew_bulk/gen_operation_groups[3].i_opgroup_block/gen_merged_slice.i_multifmt_slice/gen_num_lanes[0].active_lane.lane_instance.i_fpnew_cast_multi/mem_q[7][sbe][ex][cause][0]_i_99_n_0
                         LUT5 (Prop_lut5_I0_O)        0.105    10.116 f  i_ariane/i_cva6/ex_stage_i/fpu_gen.fpu_i/fpu_gen.i_fpnew_bulk/gen_operation_groups[3].i_opgroup_block/gen_merged_slice.i_multifmt_slice/gen_num_lanes[0].active_lane.lane_instance.i_fpnew_cast_multi/mem_q[7][sbe][ex][cause][0]_i_27/O
                         net (fo=1, unplaced)         0.582    10.698    i_ariane/i_cva6/ex_stage_i/fpu_gen.fpu_i/fpu_gen.i_fpnew_bulk/gen_operation_groups[3].i_opgroup_block/gen_merged_slice.i_multifmt_slice/gen_num_lanes[0].active_lane.lane_instance.i_fpnew_cast_multi/mem_q[7][sbe][ex][cause][0]_i_27_n_0
                         LUT6 (Prop_lut6_I3_O)        0.105    10.803 f  i_ariane/i_cva6/ex_stage_i/fpu_gen.fpu_i/fpu_gen.i_fpnew_bulk/gen_operation_groups[3].i_opgroup_block/gen_merged_slice.i_multifmt_slice/gen_num_lanes[0].active_lane.lane_instance.i_fpnew_cast_multi/mem_q[7][sbe][ex][cause][0]_i_10/O
                         net (fo=4, unplaced)         0.371    11.174    i_ariane/i_cva6/ex_stage_i/fpu_gen.fpu_i/fpu_gen.i_fpnew_bulk/gen_operation_groups[3].i_opgroup_block/gen_merged_slice.i_multifmt_slice/gen_num_lanes[0].active_lane.lane_instance.i_fpnew_cast_multi/mem_q[7][sbe][ex][cause][0]_i_10_n_0
                         LUT6 (Prop_lut6_I4_O)        0.105    11.279 f  i_ariane/i_cva6/ex_stage_i/fpu_gen.fpu_i/fpu_gen.i_fpnew_bulk/gen_operation_groups[3].i_opgroup_block/gen_merged_slice.i_multifmt_slice/gen_num_lanes[0].active_lane.lane_instance.i_fpnew_cast_multi/i___366_i_119/O
                         net (fo=1, unplaced)         0.582    11.861    i_ariane/i_cva6/ex_stage_i/fpu_gen.fpu_i/fpu_gen.i_fpnew_bulk/gen_operation_groups[3].i_opgroup_block/gen_merged_slice.i_multifmt_slice/gen_num_lanes[0].active_lane.lane_instance.i_fpnew_cast_multi/i___366_i_119_n_0
                         LUT6 (Prop_lut6_I1_O)        0.105    11.966 r  i_ariane/i_cva6/ex_stage_i/fpu_gen.fpu_i/fpu_gen.i_fpnew_bulk/gen_operation_groups[3].i_opgroup_block/gen_merged_slice.i_multifmt_slice/gen_num_lanes[0].active_lane.lane_instance.i_fpnew_cast_multi/i___366_i_62/O
                         net (fo=1, unplaced)         0.000    11.966    i_ariane/i_cva6/ex_stage_i/fpu_gen.fpu_i/fpu_gen.i_fpnew_bulk/gen_operation_groups[3].i_opgroup_block/gen_merged_slice.i_multifmt_slice/gen_num_lanes[0].active_lane.lane_instance.i_fpnew_cast_multi/i___366_i_62_n_0
                         CARRY4 (Prop_carry4_S[0]_CO[3])
                                                      0.423    12.389 r  i_ariane/i_cva6/ex_stage_i/fpu_gen.fpu_i/fpu_gen.i_fpnew_bulk/gen_operation_groups[3].i_opgroup_block/gen_merged_slice.i_multifmt_slice/gen_num_lanes[0].active_lane.lane_instance.i_fpnew_cast_multi/i___366_i_32/CO[3]
                         net (fo=1, unplaced)         0.000    12.389    i_ariane/i_cva6/ex_stage_i/fpu_gen.fpu_i/fpu_gen.i_fpnew_bulk/gen_operation_groups[3].i_opgroup_block/gen_merged_slice.i_multifmt_slice/gen_num_lanes[0].active_lane.lane_instance.i_fpnew_cast_multi/i___366_i_32_n_0
                         CARRY4 (Prop_carry4_CI_CO[3])
                                                      0.100    12.489 r  i_ariane/i_cva6/ex_stage_i/fpu_gen.fpu_i/fpu_gen.i_fpnew_bulk/gen_operation_groups[3].i_opgroup_block/gen_merged_slice.i_multifmt_slice/gen_num_lanes[0].active_lane.lane_instance.i_fpnew_cast_multi/mem_q_reg[7][sbe][result][7]_i_34/CO[3]
                         net (fo=1, unplaced)         0.000    12.489    i_ariane/i_cva6/ex_stage_i/fpu_gen.fpu_i/fpu_gen.i_fpnew_bulk/gen_operation_groups[3].i_opgroup_block/gen_merged_slice.i_multifmt_slice/gen_num_lanes[0].active_lane.lane_instance.i_fpnew_cast_multi/mem_q_reg[7][sbe][result][7]_i_34_n_0
                         CARRY4 (Prop_carry4_CI_CO[3])
                                                      0.100    12.589 r  i_ariane/i_cva6/ex_stage_i/fpu_gen.fpu_i/fpu_gen.i_fpnew_bulk/gen_operation_groups[3].i_opgroup_block/gen_merged_slice.i_multifmt_slice/gen_num_lanes[0].active_lane.lane_instance.i_fpnew_cast_multi/mem_q_reg[7][sbe][result][11]_i_57/CO[3]
                         net (fo=1, unplaced)         0.000    12.589    i_ariane/i_cva6/ex_stage_i/fpu_gen.fpu_i/fpu_gen.i_fpnew_bulk/gen_operation_groups[3].i_opgroup_block/gen_merged_slice.i_multifmt_slice/gen_num_lanes[0].active_lane.lane_instance.i_fpnew_cast_multi/mem_q_reg[7][sbe][result][11]_i_57_n_0
                         CARRY4 (Prop_carry4_CI_CO[3])
                                                      0.100    12.689 r  i_ariane/i_cva6/ex_stage_i/fpu_gen.fpu_i/fpu_gen.i_fpnew_bulk/gen_operation_groups[3].i_opgroup_block/gen_merged_slice.i_multifmt_slice/gen_num_lanes[0].active_lane.lane_instance.i_fpnew_cast_multi/mem_q_reg[7][sbe][result][15]_i_52/CO[3]
                         net (fo=1, unplaced)         0.000    12.689    i_ariane/i_cva6/ex_stage_i/fpu_gen.fpu_i/fpu_gen.i_fpnew_bulk/gen_operation_groups[3].i_opgroup_block/gen_merged_slice.i_multifmt_slice/gen_num_lanes[0].active_lane.lane_instance.i_fpnew_cast_multi/mem_q_reg[7][sbe][result][15]_i_52_n_0
                         CARRY4 (Prop_carry4_CI_CO[3])
                                                      0.100    12.789 r  i_ariane/i_cva6/ex_stage_i/fpu_gen.fpu_i/fpu_gen.i_fpnew_bulk/gen_operation_groups[3].i_opgroup_block/gen_merged_slice.i_multifmt_slice/gen_num_lanes[0].active_lane.lane_instance.i_fpnew_cast_multi/mem_q_reg[7][sbe][result][23]_i_46/CO[3]
                         net (fo=1, unplaced)         0.000    12.789    i_ariane/i_cva6/ex_stage_i/fpu_gen.fpu_i/fpu_gen.i_fpnew_bulk/gen_operation_groups[3].i_opgroup_block/gen_merged_slice.i_multifmt_slice/gen_num_lanes[0].active_lane.lane_instance.i_fpnew_cast_multi/mem_q_reg[7][sbe][result][23]_i_46_n_0
                         CARRY4 (Prop_carry4_CI_CO[3])
                                                      0.100    12.889 r  i_ariane/i_cva6/ex_stage_i/fpu_gen.fpu_i/fpu_gen.i_fpnew_bulk/gen_operation_groups[3].i_opgroup_block/gen_merged_slice.i_multifmt_slice/gen_num_lanes[0].active_lane.lane_instance.i_fpnew_cast_multi/mem_q_reg[7][sbe][result][23]_i_29/CO[3]
                         net (fo=1, unplaced)         0.000    12.889    i_ariane/i_cva6/ex_stage_i/fpu_gen.fpu_i/fpu_gen.i_fpnew_bulk/gen_operation_groups[3].i_opgroup_block/gen_merged_slice.i_multifmt_slice/gen_num_lanes[0].active_lane.lane_instance.i_fpnew_cast_multi/mem_q_reg[7][sbe][result][23]_i_29_n_0
                         CARRY4 (Prop_carry4_CI_O[2])
                                                      0.214    13.103 f  i_ariane/i_cva6/ex_stage_i/fpu_gen.fpu_i/fpu_gen.i_fpnew_bulk/gen_operation_groups[3].i_opgroup_block/gen_merged_slice.i_multifmt_slice/gen_num_lanes[0].active_lane.lane_instance.i_fpnew_cast_multi/mem_q_reg[7][sbe][result][27]_i_35/O[2]
                         net (fo=6, unplaced)         0.381    13.484    i_ariane/i_cva6/ex_stage_i/fpu_gen.fpu_i/fpu_gen.i_fpnew_bulk/gen_operation_groups[3].i_opgroup_block/gen_merged_slice.i_multifmt_slice/gen_num_lanes[0].active_lane.lane_instance.i_fpnew_cast_multi/rounded_abs[26]
                         LUT1 (Prop_lut1_I0_O)        0.244    13.728 r  i_ariane/i_cva6/ex_stage_i/fpu_gen.fpu_i/fpu_gen.i_fpnew_bulk/gen_operation_groups[3].i_opgroup_block/gen_merged_slice.i_multifmt_slice/gen_num_lanes[0].active_lane.lane_instance.i_fpnew_cast_multi/mem_q[7][sbe][result][28]_i_58/O
                         net (fo=1, unplaced)         0.000    13.728    i_ariane/i_cva6/ex_stage_i/fpu_gen.fpu_i/fpu_gen.i_fpnew_bulk/gen_operation_groups[3].i_opgroup_block/gen_merged_slice.i_multifmt_slice/gen_num_lanes[0].active_lane.lane_instance.i_fpnew_cast_multi/mem_q[7][sbe][result][28]_i_58_n_0
                         CARRY4 (Prop_carry4_S[1]_CO[3])
                                                      0.444    14.172 r  i_ariane/i_cva6/ex_stage_i/fpu_gen.fpu_i/fpu_gen.i_fpnew_bulk/gen_operation_groups[3].i_opgroup_block/gen_merged_slice.i_multifmt_slice/gen_num_lanes[0].active_lane.lane_instance.i_fpnew_cast_multi/mem_q_reg[7][sbe][result][28]_i_31/CO[3]
                         net (fo=1, unplaced)         0.000    14.172    i_ariane/i_cva6/ex_stage_i/fpu_gen.fpu_i/fpu_gen.i_fpnew_bulk/gen_operation_groups[3].i_opgroup_block/gen_merged_slice.i_multifmt_slice/gen_num_lanes[0].active_lane.lane_instance.i_fpnew_cast_multi/mem_q_reg[7][sbe][result][28]_i_31_n_0
                         CARRY4 (Prop_carry4_CI_O[2])
                                                      0.214    14.386 r  i_ariane/i_cva6/ex_stage_i/fpu_gen.fpu_i/fpu_gen.i_fpnew_bulk/gen_operation_groups[3].i_opgroup_block/gen_merged_slice.i_multifmt_slice/gen_num_lanes[0].active_lane.lane_instance.i_fpnew_cast_multi/i___368_i_14/O[2]
                         net (fo=4, unplaced)         0.373    14.759    i_ariane/i_cva6/ex_stage_i/fpu_gen.fpu_i/fpu_gen.i_fpnew_bulk/gen_operation_groups[3].i_opgroup_block/gen_merged_slice.i_multifmt_slice/gen_num_lanes[0].active_lane.lane_instance.i_fpnew_cast_multi/rounded_uint_res0[31]
                         LUT5 (Prop_lut5_I1_O)        0.244    15.003 r  i_ariane/i_cva6/ex_stage_i/fpu_gen.fpu_i/fpu_gen.i_fpnew_bulk/gen_operation_groups[3].i_opgroup_block/gen_merged_slice.i_multifmt_slice/gen_num_lanes[0].active_lane.lane_instance.i_fpnew_cast_multi/i___368_i_11/O
                         net (fo=33, unplaced)        0.654    15.657    i_ariane/i_cva6/ex_stage_i/fpu_gen.fpu_i/fpu_gen.i_fpnew_bulk/gen_operation_groups[3].i_opgroup_block/gen_merged_slice.i_multifmt_slice/gen_num_lanes[0].active_lane.lane_instance.i_fpnew_cast_multi/i___368_i_11_n_0
                         LUT5 (Prop_lut5_I4_O)        0.105    15.762 f  i_ariane/i_cva6/ex_stage_i/fpu_gen.fpu_i/fpu_gen.i_fpnew_bulk/gen_operation_groups[3].i_opgroup_block/gen_merged_slice.i_multifmt_slice/gen_num_lanes[0].active_lane.lane_instance.i_fpnew_cast_multi/mem_q[7][sbe][result][51]_i_19/O
                         net (fo=2, unplaced)         0.593    16.355    i_ariane/i_cva6/ex_stage_i/fpu_gen.fpu_i/fpu_gen.i_fpnew_bulk/gen_operation_groups[3].i_opgroup_block/gen_merged_slice.i_multifmt_slice/gen_num_lanes[0].active_lane.lane_instance.i_fpnew_cast_multi/mem_q[7][sbe][result][51]_i_19_n_0
                         LUT6 (Prop_lut6_I0_O)        0.105    16.460 f  i_ariane/i_cva6/ex_stage_i/fpu_gen.fpu_i/fpu_gen.i_fpnew_bulk/gen_operation_groups[3].i_opgroup_block/gen_merged_slice.i_multifmt_slice/gen_num_lanes[0].active_lane.lane_instance.i_fpnew_cast_multi/i___366_i_125/O
                         net (fo=1, unplaced)         0.000    16.460    i_ariane/i_cva6/ex_stage_i/fpu_gen.fpu_i/fpu_gen.i_fpnew_bulk/gen_operation_groups[3].i_opgroup_block/gen_merged_slice.i_multifmt_slice/gen_num_lanes[0].active_lane.lane_instance.i_fpnew_cast_multi/i___366_i_125_n_0
                         CARRY4 (Prop_carry4_S[1]_CO[3])
                                                      0.444    16.904 r  i_ariane/i_cva6/ex_stage_i/fpu_gen.fpu_i/fpu_gen.i_fpnew_bulk/gen_operation_groups[3].i_opgroup_block/gen_merged_slice.i_multifmt_slice/gen_num_lanes[0].active_lane.lane_instance.i_fpnew_cast_multi/i___366_i_63/CO[3]
                         net (fo=1, unplaced)         0.000    16.904    i_ariane/i_cva6/ex_stage_i/fpu_gen.fpu_i/fpu_gen.i_fpnew_bulk/gen_operation_groups[3].i_opgroup_block/gen_merged_slice.i_multifmt_slice/gen_num_lanes[0].active_lane.lane_instance.i_fpnew_cast_multi/i___366_i_63_n_0
                         CARRY4 (Prop_carry4_CI_CO[1])
                                                      0.150    17.054 r  i_ariane/i_cva6/ex_stage_i/fpu_gen.fpu_i/fpu_gen.i_fpnew_bulk/gen_operation_groups[3].i_opgroup_block/gen_merged_slice.i_multifmt_slice/gen_num_lanes[0].active_lane.lane_instance.i_fpnew_cast_multi/i___366_i_34/CO[1]
                         net (fo=1, unplaced)         0.240    17.294    i_ariane/i_cva6/ex_stage_i/fpu_gen.fpu_i/fpu_gen.i_fpnew_bulk/gen_operation_groups[3].i_opgroup_block/gen_merged_slice.i_multifmt_slice/gen_num_lanes[0].active_lane.lane_instance.i_fpnew_cast_multi/int_result_is_special1
                         LUT6 (Prop_lut6_I4_O)        0.277    17.571 f  i_ariane/i_cva6/ex_stage_i/fpu_gen.fpu_i/fpu_gen.i_fpnew_bulk/gen_operation_groups[3].i_opgroup_block/gen_merged_slice.i_multifmt_slice/gen_num_lanes[0].active_lane.lane_instance.i_fpnew_cast_multi/i___366_i_19/O
                         net (fo=45, unplaced)        0.427    17.998    i_ariane/i_cva6/ex_stage_i/fpu_gen.fpu_i/fpu_gen.i_fpnew_bulk/gen_operation_groups[3].i_opgroup_block/gen_merged_slice.i_multifmt_slice/gen_num_lanes[0].active_lane.lane_instance.i_fpnew_cast_multi/i___366_i_19_n_0
                         LUT4 (Prop_lut4_I3_O)        0.105    18.103 r  i_ariane/i_cva6/ex_stage_i/fpu_gen.fpu_i/fpu_gen.i_fpnew_bulk/gen_operation_groups[3].i_opgroup_block/gen_merged_slice.i_multifmt_slice/gen_num_lanes[0].active_lane.lane_instance.i_fpnew_cast_multi/i___366_i_21/O
                         net (fo=8, unplaced)         0.385    18.488    i_ariane/i_cva6/ex_stage_i/fpu_gen.fpu_i/fpu_gen.i_fpnew_bulk/gen_operation_groups[3].i_opgroup_block/gen_merged_slice.i_multifmt_slice/gen_num_lanes[0].active_lane.lane_instance.i_fpnew_cast_multi/i___366_i_21_n_0
                         LUT6 (Prop_lut6_I4_O)        0.105    18.593 r  i_ariane/i_cva6/ex_stage_i/fpu_gen.fpu_i/fpu_gen.i_fpnew_bulk/gen_operation_groups[3].i_opgroup_block/gen_merged_slice.i_multifmt_slice/gen_num_lanes[0].active_lane.lane_instance.i_fpnew_cast_multi/i___366_i_13/O
                         net (fo=1, unplaced)         0.582    19.175    i_ariane/i_cva6/ex_stage_i/fpu_gen.fpu_i/fpu_gen.i_fpnew_bulk/gen_operation_groups[3].i_opgroup_block/gen_merged_slice.i_multifmt_slice/gen_num_lanes[0].active_lane.lane_instance.i_fpnew_cast_multi/i___366_i_13_n_0
                         LUT6 (Prop_lut6_I0_O)        0.105    19.280 r  i_ariane/i_cva6/ex_stage_i/fpu_gen.fpu_i/fpu_gen.i_fpnew_bulk/gen_operation_groups[3].i_opgroup_block/gen_merged_slice.i_multifmt_slice/gen_num_lanes[0].active_lane.lane_instance.i_fpnew_cast_multi/i___366_i_5/O
                         net (fo=1, unplaced)         0.347    19.627    i_ariane/i_cva6/ex_stage_i/fpu_gen.fpu_i/fpu_gen.i_fpnew_bulk/gen_operation_groups[0].i_opgroup_block/gen_parallel_slices[0].active_format.i_fmt_slice/gen_num_lanes[0].active_lane.lane_instance.i_fma/gen_arbiter.data_nodes[2][result][3]
                         LUT5 (Prop_lut5_I0_O)        0.105    19.732 r  i_ariane/i_cva6/ex_stage_i/fpu_gen.fpu_i/fpu_gen.i_fpnew_bulk/gen_operation_groups[0].i_opgroup_block/gen_parallel_slices[0].active_format.i_fmt_slice/gen_num_lanes[0].active_lane.lane_instance.i_fma/i___366_i_1/O
                         net (fo=19, unplaced)        0.406    20.138    i_ariane/i_cva6/issue_stage_i/i_issue_read_operands/fpu_result_ex_id[3]
                         LUT5 (Prop_lut5_I0_O)        0.105    20.243 f  i_ariane/i_cva6/issue_stage_i/i_issue_read_operands/i___328_i_2/O
                         net (fo=3, unplaced)         0.600    20.843    i_ariane/i_cva6/issue_stage_i/i_issue_read_operands/i___328_i_2_n_0
                         LUT6 (Prop_lut6_I1_O)        0.105    20.948 f  i_ariane/i_cva6/issue_stage_i/i_issue_read_operands/fu_data_q[0][operand_a][3]_i_12/O
                         net (fo=1, unplaced)         0.000    20.948    i_ariane/i_cva6/issue_stage_i/i_issue_read_operands/fu_data_q[0][operand_a][3]_i_12_n_0
                         MUXF7 (Prop_muxf7_I0_O)      0.201    21.149 f  i_ariane/i_cva6/issue_stage_i/i_issue_read_operands/fu_data_q_reg[0][operand_a][3]_i_5/O
                         net (fo=1, unplaced)         0.349    21.498    i_ariane/i_cva6/issue_stage_i/i_issue_read_operands/fu_data_q_reg[0][operand_a][3]_i_5_n_0
                         LUT6 (Prop_lut6_I5_O)        0.242    21.740 f  i_ariane/i_cva6/issue_stage_i/i_issue_read_operands/fu_data_q[0][operand_a][3]_i_2/O
                         net (fo=1, unplaced)         0.347    22.087    i_ariane/i_cva6/issue_stage_i/i_issue_read_operands/fu_data_q[0][operand_a][3]_i_2_n_0
                         LUT5 (Prop_lut5_I4_O)        0.105    22.192 r  i_ariane/i_cva6/issue_stage_i/i_issue_read_operands/fu_data_q[0][operand_a][3]_i_1/O
                         net (fo=17, unplaced)        0.403    22.595    i_ariane/gen_cvxif.gen_COPRO_KECC_AES_K.i_kecc_aes_k_xif_coprocessor/D[3]
                         LUT3 (Prop_lut3_I0_O)        0.105    22.700 r  i_ariane/gen_cvxif.gen_COPRO_KECC_AES_K.i_kecc_aes_k_xif_coprocessor/i___30_i_9/O
                         net (fo=6, unplaced)         0.379    23.079    i_ariane/i_cva6/id_stage_i/registers[0]_23[3]
                         LUT6 (Prop_lut6_I5_O)        0.105    23.184 r  i_ariane/i_cva6/id_stage_i/i___30_i_2/O
                         net (fo=11, unplaced)        0.628    23.812    i_ariane/i_cva6/id_stage_i/issue_q_reg[0][orig_instr][21]_7
                         LUT6 (Prop_lut6_I1_O)        0.105    23.917 r  i_ariane/i_cva6/id_stage_i/i___25_i_10/O
                         net (fo=3, unplaced)         0.796    24.713    i_ariane/i_cva6/id_stage_i/i___25_i_10_n_0
                         LUT6 (Prop_lut6_I3_O)        0.105    24.818 r  i_ariane/i_cva6/id_stage_i/i___25_i_2/O
                         net (fo=10, unplaced)        0.625    25.443    i_ariane/i_cva6/id_stage_i/i___235_i_3_0
                         LUT4 (Prop_lut4_I1_O)        0.105    25.548 r  i_ariane/i_cva6/id_stage_i/i___235_i_1/O
                         net (fo=6, unplaced)         0.614    26.162    i_ariane/i_cva6/id_stage_i/i___25_i_1_0
                         LUT4 (Prop_lut4_I0_O)        0.105    26.267 r  i_ariane/i_cva6/id_stage_i/i___75_i_6/O
                         net (fo=4, unplaced)         0.606    26.873    i_ariane/i_cva6/id_stage_i/i___12_i_4_0
                         LUT6 (Prop_lut6_I2_O)        0.105    26.978 r  i_ariane/i_cva6/id_stage_i/i___20_i_1/O
                         net (fo=8, unplaced)         0.385    27.363    i_ariane/i_cva6/id_stage_i/i___13_i_3_0
                         LUT5 (Prop_lut5_I1_O)        0.105    27.468 r  i_ariane/i_cva6/id_stage_i/result_o[34]_i_8/O
                         net (fo=4, unplaced)         0.371    27.839    i_ariane/i_cva6/id_stage_i/result_o[34]_i_8_n_0
                         LUT6 (Prop_lut6_I0_O)        0.105    27.944 r  i_ariane/i_cva6/id_stage_i/result_o[2]_i_4/O
                         net (fo=1, unplaced)         0.347    28.291    i_ariane/i_cva6/id_stage_i/result_o[2]_i_4_n_0
                         LUT6 (Prop_lut6_I3_O)        0.105    28.396 r  i_ariane/i_cva6/id_stage_i/result_o[2]_i_1/O
                         net (fo=1, unplaced)         0.000    28.396    i_ariane/gen_cvxif.gen_COPRO_KECC_AES_K.i_kecc_aes_k_xif_coprocessor/i_ex/result_o_reg[63]_1[2]
                         FDCE                                         r  i_ariane/gen_cvxif.gen_COPRO_KECC_AES_K.i_kecc_aes_k_xif_coprocessor/i_ex/result_o_reg[2]/D
  -------------------------------------------------------------------    -------------------

                         (clock clk_i rise edge)     10.000    10.000 r  
                                                      0.000    10.000 r  clk_i (IN)
                         net (fo=23772, unset)        0.748    10.748    i_ariane/gen_cvxif.gen_COPRO_KECC_AES_K.i_kecc_aes_k_xif_coprocessor/i_ex/clk_i
                         FDCE                                         r  i_ariane/gen_cvxif.gen_COPRO_KECC_AES_K.i_kecc_aes_k_xif_coprocessor/i_ex/result_o_reg[2]/C
                         clock pessimism              0.000    10.748    
                         clock uncertainty           -0.035    10.712    
                         FDCE (Setup_fdce_C_D)        0.043    10.755    i_ariane/gen_cvxif.gen_COPRO_KECC_AES_K.i_kecc_aes_k_xif_coprocessor/i_ex/result_o_reg[2]
  -------------------------------------------------------------------
                         required time                         10.755    
                         arrival time                         -28.396    
  -------------------------------------------------------------------
                         slack                                -17.641    

Slack (VIOLATED) :        -17.641ns  (required time - arrival time)
  Source:                 i_ariane/i_cva6/ex_stage_i/fpu_gen.fpu_i/fpu_gen.i_fpnew_bulk/gen_operation_groups[3].i_opgroup_block/gen_merged_slice.i_multifmt_slice/gen_num_lanes[0].active_lane.lane_instance.i_fpnew_cast_multi/gen_inside_pipeline[0].mid_pipe_dst_fmt_q_reg[1][1]/C
                            (rising edge-triggered cell FDCE clocked by clk_i  {rise@0.000ns fall@5.000ns period=10.000ns})
  Destination:            i_ariane/gen_cvxif.gen_COPRO_KECC_AES_K.i_kecc_aes_k_xif_coprocessor/i_ex/result_o_reg[2]/D
                            (rising edge-triggered cell FDCE clocked by clk_i  {rise@0.000ns fall@5.000ns period=10.000ns})
  Path Group:             clk_i
  Path Type:              Setup (Max at Slow Process Corner)
  Requirement:            10.000ns  (clk_i rise@10.000ns - clk_i rise@0.000ns)
  Data Path Delay:        27.609ns  (logic 8.852ns (32.062%)  route 18.757ns (67.938%))
  Logic Levels:           54  (CARRY4=17 LUT1=1 LUT2=1 LUT3=2 LUT4=4 LUT5=8 LUT6=20 MUXF7=1)
  Clock Path Skew:        -0.039ns (DCD - SCD + CPR)
    Destination Clock Delay (DCD):    0.748ns = ( 10.748 - 10.000 ) 
    Source Clock Delay      (SCD):    0.787ns
    Clock Pessimism Removal (CPR):    0.000ns
  Clock Uncertainty:      0.035ns  ((TSJ^2 + TIJ^2)^1/2 + DJ) / 2 + PE
    Total System Jitter     (TSJ):    0.071ns
    Total Input Jitter      (TIJ):    0.000ns
    Discrete Jitter          (DJ):    0.000ns
    Phase Error              (PE):    0.000ns

    Location             Delay type                Incr(ns)  Path(ns)    Netlist Resource(s)
  -------------------------------------------------------------------    -------------------
                         (clock clk_i rise edge)      0.000     0.000 r  
                                                      0.000     0.000 r  clk_i (IN)
                         net (fo=23772, unset)        0.787     0.787    i_ariane/i_cva6/ex_stage_i/fpu_gen.fpu_i/fpu_gen.i_fpnew_bulk/gen_operation_groups[3].i_opgroup_block/gen_merged_slice.i_multifmt_slice/gen_num_lanes[0].active_lane.lane_instance.i_fpnew_cast_multi/clk_i
                         FDCE                                         r  i_ariane/i_cva6/ex_stage_i/fpu_gen.fpu_i/fpu_gen.i_fpnew_bulk/gen_operation_groups[3].i_opgroup_block/gen_merged_slice.i_multifmt_slice/gen_num_lanes[0].active_lane.lane_instance.i_fpnew_cast_multi/gen_inside_pipeline[0].mid_pipe_dst_fmt_q_reg[1][1]/C
  -------------------------------------------------------------------    -------------------
                         FDCE (Prop_fdce_C_Q)         0.397     1.184 r  i_ariane/i_cva6/ex_stage_i/fpu_gen.fpu_i/fpu_gen.i_fpnew_bulk/gen_operation_groups[3].i_opgroup_block/gen_merged_slice.i_multifmt_slice/gen_num_lanes[0].active_lane.lane_instance.i_fpnew_cast_multi/gen_inside_pipeline[0].mid_pipe_dst_fmt_q_reg[1][1]/Q
                         net (fo=140, unplaced)       0.733     1.917    i_ariane/i_cva6/ex_stage_i/fpu_gen.fpu_i/fpu_gen.i_fpnew_bulk/gen_operation_groups[3].i_opgroup_block/gen_merged_slice.i_multifmt_slice/gen_num_lanes[0].active_lane.lane_instance.i_fpnew_cast_multi/gen_inside_pipeline[0].mid_pipe_dst_fmt_q_reg_n_0_[1][1]
                         LUT3 (Prop_lut3_I0_O)        0.232     2.149 r  i_ariane/i_cva6/ex_stage_i/fpu_gen.fpu_i/fpu_gen.i_fpnew_bulk/gen_operation_groups[3].i_opgroup_block/gen_merged_slice.i_multifmt_slice/gen_num_lanes[0].active_lane.lane_instance.i_fpnew_cast_multi/mem_q[7][sbe][result][54]_i_102/O
                         net (fo=2, unplaced)         0.269     2.418    i_ariane/i_cva6/ex_stage_i/fpu_gen.fpu_i/fpu_gen.i_fpnew_bulk/gen_operation_groups[3].i_opgroup_block/gen_merged_slice.i_multifmt_slice/gen_num_lanes[0].active_lane.lane_instance.i_fpnew_cast_multi/mem_q[7][sbe][result][54]_i_102_n_0
                         CARRY4 (Prop_carry4_CYINIT_CO[3])
                                                      0.494     2.912 r  i_ariane/i_cva6/ex_stage_i/fpu_gen.fpu_i/fpu_gen.i_fpnew_bulk/gen_operation_groups[3].i_opgroup_block/gen_merged_slice.i_multifmt_slice/gen_num_lanes[0].active_lane.lane_instance.i_fpnew_cast_multi/i___371_i_68/CO[3]
                         net (fo=1, unplaced)         0.000     2.912    i_ariane/i_cva6/ex_stage_i/fpu_gen.fpu_i/fpu_gen.i_fpnew_bulk/gen_operation_groups[3].i_opgroup_block/gen_merged_slice.i_multifmt_slice/gen_num_lanes[0].active_lane.lane_instance.i_fpnew_cast_multi/i___371_i_68_n_0
                         CARRY4 (Prop_carry4_CI_CO[3])
                                                      0.100     3.012 r  i_ariane/i_cva6/ex_stage_i/fpu_gen.fpu_i/fpu_gen.i_fpnew_bulk/gen_operation_groups[3].i_opgroup_block/gen_merged_slice.i_multifmt_slice/gen_num_lanes[0].active_lane.lane_instance.i_fpnew_cast_multi/i___371_i_53/CO[3]
                         net (fo=1, unplaced)         0.000     3.012    i_ariane/i_cva6/ex_stage_i/fpu_gen.fpu_i/fpu_gen.i_fpnew_bulk/gen_operation_groups[3].i_opgroup_block/gen_merged_slice.i_multifmt_slice/gen_num_lanes[0].active_lane.lane_instance.i_fpnew_cast_multi/i___371_i_53_n_0
                         CARRY4 (Prop_carry4_CI_CO[3])
                                                      0.100     3.112 r  i_ariane/i_cva6/ex_stage_i/fpu_gen.fpu_i/fpu_gen.i_fpnew_bulk/gen_operation_groups[3].i_opgroup_block/gen_merged_slice.i_multifmt_slice/gen_num_lanes[0].active_lane.lane_instance.i_fpnew_cast_multi/i___371_i_51/CO[3]
                         net (fo=1, unplaced)         0.000     3.112    i_ariane/i_cva6/ex_stage_i/fpu_gen.fpu_i/fpu_gen.i_fpnew_bulk/gen_operation_groups[3].i_opgroup_block/gen_merged_slice.i_multifmt_slice/gen_num_lanes[0].active_lane.lane_instance.i_fpnew_cast_multi/i___371_i_51_n_0
                         CARRY4 (Prop_carry4_CI_CO[3])
                                                      0.100     3.212 r  i_ariane/i_cva6/ex_stage_i/fpu_gen.fpu_i/fpu_gen.i_fpnew_bulk/gen_operation_groups[3].i_opgroup_block/gen_merged_slice.i_multifmt_slice/gen_num_lanes[0].active_lane.lane_instance.i_fpnew_cast_multi/i___371_i_81/CO[3]
                         net (fo=16, unplaced)        0.664     3.876    i_ariane/i_cva6/ex_stage_i/fpu_gen.fpu_i/fpu_gen.i_fpnew_bulk/gen_operation_groups[3].i_opgroup_block/gen_merged_slice.i_multifmt_slice/gen_num_lanes[0].active_lane.lane_instance.i_fpnew_cast_multi/i___371_i_81_n_0
                         LUT2 (Prop_lut2_I1_O)        0.105     3.981 r  i_ariane/i_cva6/ex_stage_i/fpu_gen.fpu_i/fpu_gen.i_fpnew_bulk/gen_operation_groups[3].i_opgroup_block/gen_merged_slice.i_multifmt_slice/gen_num_lanes[0].active_lane.lane_instance.i_fpnew_cast_multi/i___371_i_76/O
                         net (fo=1, unplaced)         0.000     3.981    i_ariane/i_cva6/ex_stage_i/fpu_gen.fpu_i/fpu_gen.i_fpnew_bulk/gen_operation_groups[3].i_opgroup_block/gen_merged_slice.i_multifmt_slice/gen_num_lanes[0].active_lane.lane_instance.i_fpnew_cast_multi/i___371_i_76_n_0
                         CARRY4 (Prop_carry4_DI[0]_CO[3])
                                                      0.477     4.458 r  i_ariane/i_cva6/ex_stage_i/fpu_gen.fpu_i/fpu_gen.i_fpnew_bulk/gen_operation_groups[3].i_opgroup_block/gen_merged_slice.i_multifmt_slice/gen_num_lanes[0].active_lane.lane_instance.i_fpnew_cast_multi/i___371_i_57/CO[3]
                         net (fo=1, unplaced)         0.000     4.458    i_ariane/i_cva6/ex_stage_i/fpu_gen.fpu_i/fpu_gen.i_fpnew_bulk/gen_operation_groups[3].i_opgroup_block/gen_merged_slice.i_multifmt_slice/gen_num_lanes[0].active_lane.lane_instance.i_fpnew_cast_multi/i___371_i_57_n_0
                         CARRY4 (Prop_carry4_CI_CO[3])
                                                      0.100     4.558 f  i_ariane/i_cva6/ex_stage_i/fpu_gen.fpu_i/fpu_gen.i_fpnew_bulk/gen_operation_groups[3].i_opgroup_block/gen_merged_slice.i_multifmt_slice/gen_num_lanes[0].active_lane.lane_instance.i_fpnew_cast_multi/i___371_i_49/CO[3]
                         net (fo=61, unplaced)        0.697     5.255    i_ariane/i_cva6/ex_stage_i/fpu_gen.fpu_i/fpu_gen.i_fpnew_bulk/gen_operation_groups[3].i_opgroup_block/gen_merged_slice.i_multifmt_slice/gen_num_lanes[0].active_lane.lane_instance.i_fpnew_cast_multi/preshift_mant1
                         LUT4 (Prop_lut4_I3_O)        0.105     5.360 f  i_ariane/i_cva6/ex_stage_i/fpu_gen.fpu_i/fpu_gen.i_fpnew_bulk/gen_operation_groups[3].i_opgroup_block/gen_merged_slice.i_multifmt_slice/gen_num_lanes[0].active_lane.lane_instance.i_fpnew_cast_multi/mem_q[7][sbe][ex][cause][0]_i_129/O
                         net (fo=4, unplaced)         0.371     5.731    i_ariane/i_cva6/ex_stage_i/fpu_gen.fpu_i/fpu_gen.i_fpnew_bulk/gen_operation_groups[3].i_opgroup_block/gen_merged_slice.i_multifmt_slice/gen_num_lanes[0].active_lane.lane_instance.i_fpnew_cast_multi/mem_q[7][sbe][ex][cause][0]_i_129_n_0
                         LUT6 (Prop_lut6_I4_O)        0.105     5.836 f  i_ariane/i_cva6/ex_stage_i/fpu_gen.fpu_i/fpu_gen.i_fpnew_bulk/gen_operation_groups[3].i_opgroup_block/gen_merged_slice.i_multifmt_slice/gen_num_lanes[0].active_lane.lane_instance.i_fpnew_cast_multi/mem_q[7][sbe][ex][cause][0]_i_287/O
                         net (fo=117, unplaced)       0.450     6.286    i_ariane/i_cva6/ex_stage_i/fpu_gen.fpu_i/fpu_gen.i_fpnew_bulk/gen_operation_groups[3].i_opgroup_block/gen_merged_slice.i_multifmt_slice/gen_num_lanes[0].active_lane.lane_instance.i_fpnew_cast_multi/mem_q[7][sbe][ex][cause][0]_i_287_n_0
                         LUT5 (Prop_lut5_I4_O)        0.105     6.391 r  i_ariane/i_cva6/ex_stage_i/fpu_gen.fpu_i/fpu_gen.i_fpnew_bulk/gen_operation_groups[3].i_opgroup_block/gen_merged_slice.i_multifmt_slice/gen_num_lanes[0].active_lane.lane_instance.i_fpnew_cast_multi/mem_q[7][sbe][ex][cause][0]_i_512/O
                         net (fo=35, unplaced)        0.420     6.811    i_ariane/i_cva6/ex_stage_i/fpu_gen.fpu_i/fpu_gen.i_fpnew_bulk/gen_operation_groups[3].i_opgroup_block/gen_merged_slice.i_multifmt_slice/gen_num_lanes[0].active_lane.lane_instance.i_fpnew_cast_multi/mem_q[7][sbe][ex][cause][0]_i_512_n_0
                         LUT6 (Prop_lut6_I2_O)        0.105     6.916 r  i_ariane/i_cva6/ex_stage_i/fpu_gen.fpu_i/fpu_gen.i_fpnew_bulk/gen_operation_groups[3].i_opgroup_block/gen_merged_slice.i_multifmt_slice/gen_num_lanes[0].active_lane.lane_instance.i_fpnew_cast_multi/mem_q[7][sbe][ex][cause][0]_i_481/O
                         net (fo=3, unplaced)         0.600     7.516    i_ariane/i_cva6/ex_stage_i/fpu_gen.fpu_i/fpu_gen.i_fpnew_bulk/gen_operation_groups[3].i_opgroup_block/gen_merged_slice.i_multifmt_slice/gen_num_lanes[0].active_lane.lane_instance.i_fpnew_cast_multi/mem_q[7][sbe][ex][cause][0]_i_481_n_0
                         LUT6 (Prop_lut6_I0_O)        0.105     7.621 r  i_ariane/i_cva6/ex_stage_i/fpu_gen.fpu_i/fpu_gen.i_fpnew_bulk/gen_operation_groups[3].i_opgroup_block/gen_merged_slice.i_multifmt_slice/gen_num_lanes[0].active_lane.lane_instance.i_fpnew_cast_multi/mem_q[7][sbe][ex][cause][0]_i_349/O
                         net (fo=4, unplaced)         0.606     8.227    i_ariane/i_cva6/ex_stage_i/fpu_gen.fpu_i/fpu_gen.i_fpnew_bulk/gen_operation_groups[3].i_opgroup_block/gen_merged_slice.i_multifmt_slice/gen_num_lanes[0].active_lane.lane_instance.i_fpnew_cast_multi/mem_q[7][sbe][ex][cause][0]_i_349_n_0
                         LUT6 (Prop_lut6_I1_O)        0.105     8.332 r  i_ariane/i_cva6/ex_stage_i/fpu_gen.fpu_i/fpu_gen.i_fpnew_bulk/gen_operation_groups[3].i_opgroup_block/gen_merged_slice.i_multifmt_slice/gen_num_lanes[0].active_lane.lane_instance.i_fpnew_cast_multi/mem_q[7][sbe][ex][cause][0]_i_212/O
                         net (fo=3, unplaced)         0.796     9.128    i_ariane/i_cva6/ex_stage_i/fpu_gen.fpu_i/fpu_gen.i_fpnew_bulk/gen_operation_groups[3].i_opgroup_block/gen_merged_slice.i_multifmt_slice/gen_num_lanes[0].active_lane.lane_instance.i_fpnew_cast_multi/mem_q[7][sbe][ex][cause][0]_i_212_n_0
                         LUT6 (Prop_lut6_I0_O)        0.105     9.233 r  i_ariane/i_cva6/ex_stage_i/fpu_gen.fpu_i/fpu_gen.i_fpnew_bulk/gen_operation_groups[3].i_opgroup_block/gen_merged_slice.i_multifmt_slice/gen_num_lanes[0].active_lane.lane_instance.i_fpnew_cast_multi/mem_q[7][sbe][ex][cause][0]_i_99/O
                         net (fo=1, unplaced)         0.778    10.011    i_ariane/i_cva6/ex_stage_i/fpu_gen.fpu_i/fpu_gen.i_fpnew_bulk/gen_operation_groups[3].i_opgroup_block/gen_merged_slice.i_multifmt_slice/gen_num_lanes[0].active_lane.lane_instance.i_fpnew_cast_multi/mem_q[7][sbe][ex][cause][0]_i_99_n_0
                         LUT5 (Prop_lut5_I0_O)        0.105    10.116 r  i_ariane/i_cva6/ex_stage_i/fpu_gen.fpu_i/fpu_gen.i_fpnew_bulk/gen_operation_groups[3].i_opgroup_block/gen_merged_slice.i_multifmt_slice/gen_num_lanes[0].active_lane.lane_instance.i_fpnew_cast_multi/mem_q[7][sbe][ex][cause][0]_i_27/O
                         net (fo=1, unplaced)         0.582    10.698    i_ariane/i_cva6/ex_stage_i/fpu_gen.fpu_i/fpu_gen.i_fpnew_bulk/gen_operation_groups[3].i_opgroup_block/gen_merged_slice.i_multifmt_slice/gen_num_lanes[0].active_lane.lane_instance.i_fpnew_cast_multi/mem_q[7][sbe][ex][cause][0]_i_27_n_0
                         LUT6 (Prop_lut6_I3_O)        0.105    10.803 r  i_ariane/i_cva6/ex_stage_i/fpu_gen.fpu_i/fpu_gen.i_fpnew_bulk/gen_operation_groups[3].i_opgroup_block/gen_merged_slice.i_multifmt_slice/gen_num_lanes[0].active_lane.lane_instance.i_fpnew_cast_multi/mem_q[7][sbe][ex][cause][0]_i_10/O
                         net (fo=4, unplaced)         0.371    11.174    i_ariane/i_cva6/ex_stage_i/fpu_gen.fpu_i/fpu_gen.i_fpnew_bulk/gen_operation_groups[3].i_opgroup_block/gen_merged_slice.i_multifmt_slice/gen_num_lanes[0].active_lane.lane_instance.i_fpnew_cast_multi/mem_q[7][sbe][ex][cause][0]_i_10_n_0
                         LUT6 (Prop_lut6_I4_O)        0.105    11.279 r  i_ariane/i_cva6/ex_stage_i/fpu_gen.fpu_i/fpu_gen.i_fpnew_bulk/gen_operation_groups[3].i_opgroup_block/gen_merged_slice.i_multifmt_slice/gen_num_lanes[0].active_lane.lane_instance.i_fpnew_cast_multi/i___366_i_119/O
                         net (fo=1, unplaced)         0.582    11.861    i_ariane/i_cva6/ex_stage_i/fpu_gen.fpu_i/fpu_gen.i_fpnew_bulk/gen_operation_groups[3].i_opgroup_block/gen_merged_slice.i_multifmt_slice/gen_num_lanes[0].active_lane.lane_instance.i_fpnew_cast_multi/i___366_i_119_n_0
                         LUT6 (Prop_lut6_I1_O)        0.105    11.966 f  i_ariane/i_cva6/ex_stage_i/fpu_gen.fpu_i/fpu_gen.i_fpnew_bulk/gen_operation_groups[3].i_opgroup_block/gen_merged_slice.i_multifmt_slice/gen_num_lanes[0].active_lane.lane_instance.i_fpnew_cast_multi/i___366_i_62/O
                         net (fo=1, unplaced)         0.000    11.966    i_ariane/i_cva6/ex_stage_i/fpu_gen.fpu_i/fpu_gen.i_fpnew_bulk/gen_operation_groups[3].i_opgroup_block/gen_merged_slice.i_multifmt_slice/gen_num_lanes[0].active_lane.lane_instance.i_fpnew_cast_multi/i___366_i_62_n_0
                         CARRY4 (Prop_carry4_S[0]_CO[3])
                                                      0.423    12.389 r  i_ariane/i_cva6/ex_stage_i/fpu_gen.fpu_i/fpu_gen.i_fpnew_bulk/gen_operation_groups[3].i_opgroup_block/gen_merged_slice.i_multifmt_slice/gen_num_lanes[0].active_lane.lane_instance.i_fpnew_cast_multi/i___366_i_32/CO[3]
                         net (fo=1, unplaced)         0.000    12.389    i_ariane/i_cva6/ex_stage_i/fpu_gen.fpu_i/fpu_gen.i_fpnew_bulk/gen_operation_groups[3].i_opgroup_block/gen_merged_slice.i_multifmt_slice/gen_num_lanes[0].active_lane.lane_instance.i_fpnew_cast_multi/i___366_i_32_n_0
                         CARRY4 (Prop_carry4_CI_CO[3])
                                                      0.100    12.489 r  i_ariane/i_cva6/ex_stage_i/fpu_gen.fpu_i/fpu_gen.i_fpnew_bulk/gen_operation_groups[3].i_opgroup_block/gen_merged_slice.i_multifmt_slice/gen_num_lanes[0].active_lane.lane_instance.i_fpnew_cast_multi/mem_q_reg[7][sbe][result][7]_i_34/CO[3]
                         net (fo=1, unplaced)         0.000    12.489    i_ariane/i_cva6/ex_stage_i/fpu_gen.fpu_i/fpu_gen.i_fpnew_bulk/gen_operation_groups[3].i_opgroup_block/gen_merged_slice.i_multifmt_slice/gen_num_lanes[0].active_lane.lane_instance.i_fpnew_cast_multi/mem_q_reg[7][sbe][result][7]_i_34_n_0
                         CARRY4 (Prop_carry4_CI_CO[3])
                                                      0.100    12.589 r  i_ariane/i_cva6/ex_stage_i/fpu_gen.fpu_i/fpu_gen.i_fpnew_bulk/gen_operation_groups[3].i_opgroup_block/gen_merged_slice.i_multifmt_slice/gen_num_lanes[0].active_lane.lane_instance.i_fpnew_cast_multi/mem_q_reg[7][sbe][result][11]_i_57/CO[3]
                         net (fo=1, unplaced)         0.000    12.589    i_ariane/i_cva6/ex_stage_i/fpu_gen.fpu_i/fpu_gen.i_fpnew_bulk/gen_operation_groups[3].i_opgroup_block/gen_merged_slice.i_multifmt_slice/gen_num_lanes[0].active_lane.lane_instance.i_fpnew_cast_multi/mem_q_reg[7][sbe][result][11]_i_57_n_0
                         CARRY4 (Prop_carry4_CI_CO[3])
                                                      0.100    12.689 r  i_ariane/i_cva6/ex_stage_i/fpu_gen.fpu_i/fpu_gen.i_fpnew_bulk/gen_operation_groups[3].i_opgroup_block/gen_merged_slice.i_multifmt_slice/gen_num_lanes[0].active_lane.lane_instance.i_fpnew_cast_multi/mem_q_reg[7][sbe][result][15]_i_52/CO[3]
                         net (fo=1, unplaced)         0.000    12.689    i_ariane/i_cva6/ex_stage_i/fpu_gen.fpu_i/fpu_gen.i_fpnew_bulk/gen_operation_groups[3].i_opgroup_block/gen_merged_slice.i_multifmt_slice/gen_num_lanes[0].active_lane.lane_instance.i_fpnew_cast_multi/mem_q_reg[7][sbe][result][15]_i_52_n_0
                         CARRY4 (Prop_carry4_CI_CO[3])
                                                      0.100    12.789 r  i_ariane/i_cva6/ex_stage_i/fpu_gen.fpu_i/fpu_gen.i_fpnew_bulk/gen_operation_groups[3].i_opgroup_block/gen_merged_slice.i_multifmt_slice/gen_num_lanes[0].active_lane.lane_instance.i_fpnew_cast_multi/mem_q_reg[7][sbe][result][23]_i_46/CO[3]
                         net (fo=1, unplaced)         0.000    12.789    i_ariane/i_cva6/ex_stage_i/fpu_gen.fpu_i/fpu_gen.i_fpnew_bulk/gen_operation_groups[3].i_opgroup_block/gen_merged_slice.i_multifmt_slice/gen_num_lanes[0].active_lane.lane_instance.i_fpnew_cast_multi/mem_q_reg[7][sbe][result][23]_i_46_n_0
                         CARRY4 (Prop_carry4_CI_CO[3])
                                                      0.100    12.889 r  i_ariane/i_cva6/ex_stage_i/fpu_gen.fpu_i/fpu_gen.i_fpnew_bulk/gen_operation_groups[3].i_opgroup_block/gen_merged_slice.i_multifmt_slice/gen_num_lanes[0].active_lane.lane_instance.i_fpnew_cast_multi/mem_q_reg[7][sbe][result][23]_i_29/CO[3]
                         net (fo=1, unplaced)         0.000    12.889    i_ariane/i_cva6/ex_stage_i/fpu_gen.fpu_i/fpu_gen.i_fpnew_bulk/gen_operation_groups[3].i_opgroup_block/gen_merged_slice.i_multifmt_slice/gen_num_lanes[0].active_lane.lane_instance.i_fpnew_cast_multi/mem_q_reg[7][sbe][result][23]_i_29_n_0
                         CARRY4 (Prop_carry4_CI_O[2])
                                                      0.214    13.103 f  i_ariane/i_cva6/ex_stage_i/fpu_gen.fpu_i/fpu_gen.i_fpnew_bulk/gen_operation_groups[3].i_opgroup_block/gen_merged_slice.i_multifmt_slice/gen_num_lanes[0].active_lane.lane_instance.i_fpnew_cast_multi/mem_q_reg[7][sbe][result][27]_i_35/O[2]
                         net (fo=6, unplaced)         0.381    13.484    i_ariane/i_cva6/ex_stage_i/fpu_gen.fpu_i/fpu_gen.i_fpnew_bulk/gen_operation_groups[3].i_opgroup_block/gen_merged_slice.i_multifmt_slice/gen_num_lanes[0].active_lane.lane_instance.i_fpnew_cast_multi/rounded_abs[26]
                         LUT1 (Prop_lut1_I0_O)        0.244    13.728 r  i_ariane/i_cva6/ex_stage_i/fpu_gen.fpu_i/fpu_gen.i_fpnew_bulk/gen_operation_groups[3].i_opgroup_block/gen_merged_slice.i_multifmt_slice/gen_num_lanes[0].active_lane.lane_instance.i_fpnew_cast_multi/mem_q[7][sbe][result][28]_i_58/O
                         net (fo=1, unplaced)         0.000    13.728    i_ariane/i_cva6/ex_stage_i/fpu_gen.fpu_i/fpu_gen.i_fpnew_bulk/gen_operation_groups[3].i_opgroup_block/gen_merged_slice.i_multifmt_slice/gen_num_lanes[0].active_lane.lane_instance.i_fpnew_cast_multi/mem_q[7][sbe][result][28]_i_58_n_0
                         CARRY4 (Prop_carry4_S[1]_CO[3])
                                                      0.444    14.172 r  i_ariane/i_cva6/ex_stage_i/fpu_gen.fpu_i/fpu_gen.i_fpnew_bulk/gen_operation_groups[3].i_opgroup_block/gen_merged_slice.i_multifmt_slice/gen_num_lanes[0].active_lane.lane_instance.i_fpnew_cast_multi/mem_q_reg[7][sbe][result][28]_i_31/CO[3]
                         net (fo=1, unplaced)         0.000    14.172    i_ariane/i_cva6/ex_stage_i/fpu_gen.fpu_i/fpu_gen.i_fpnew_bulk/gen_operation_groups[3].i_opgroup_block/gen_merged_slice.i_multifmt_slice/gen_num_lanes[0].active_lane.lane_instance.i_fpnew_cast_multi/mem_q_reg[7][sbe][result][28]_i_31_n_0
                         CARRY4 (Prop_carry4_CI_O[2])
                                                      0.214    14.386 r  i_ariane/i_cva6/ex_stage_i/fpu_gen.fpu_i/fpu_gen.i_fpnew_bulk/gen_operation_groups[3].i_opgroup_block/gen_merged_slice.i_multifmt_slice/gen_num_lanes[0].active_lane.lane_instance.i_fpnew_cast_multi/i___368_i_14/O[2]
                         net (fo=4, unplaced)         0.373    14.759    i_ariane/i_cva6/ex_stage_i/fpu_gen.fpu_i/fpu_gen.i_fpnew_bulk/gen_operation_groups[3].i_opgroup_block/gen_merged_slice.i_multifmt_slice/gen_num_lanes[0].active_lane.lane_instance.i_fpnew_cast_multi/rounded_uint_res0[31]
                         LUT5 (Prop_lut5_I1_O)        0.244    15.003 r  i_ariane/i_cva6/ex_stage_i/fpu_gen.fpu_i/fpu_gen.i_fpnew_bulk/gen_operation_groups[3].i_opgroup_block/gen_merged_slice.i_multifmt_slice/gen_num_lanes[0].active_lane.lane_instance.i_fpnew_cast_multi/i___368_i_11/O
                         net (fo=33, unplaced)        0.654    15.657    i_ariane/i_cva6/ex_stage_i/fpu_gen.fpu_i/fpu_gen.i_fpnew_bulk/gen_operation_groups[3].i_opgroup_block/gen_merged_slice.i_multifmt_slice/gen_num_lanes[0].active_lane.lane_instance.i_fpnew_cast_multi/i___368_i_11_n_0
                         LUT5 (Prop_lut5_I4_O)        0.105    15.762 f  i_ariane/i_cva6/ex_stage_i/fpu_gen.fpu_i/fpu_gen.i_fpnew_bulk/gen_operation_groups[3].i_opgroup_block/gen_merged_slice.i_multifmt_slice/gen_num_lanes[0].active_lane.lane_instance.i_fpnew_cast_multi/mem_q[7][sbe][result][51]_i_19/O
                         net (fo=2, unplaced)         0.593    16.355    i_ariane/i_cva6/ex_stage_i/fpu_gen.fpu_i/fpu_gen.i_fpnew_bulk/gen_operation_groups[3].i_opgroup_block/gen_merged_slice.i_multifmt_slice/gen_num_lanes[0].active_lane.lane_instance.i_fpnew_cast_multi/mem_q[7][sbe][result][51]_i_19_n_0
                         LUT6 (Prop_lut6_I0_O)        0.105    16.460 f  i_ariane/i_cva6/ex_stage_i/fpu_gen.fpu_i/fpu_gen.i_fpnew_bulk/gen_operation_groups[3].i_opgroup_block/gen_merged_slice.i_multifmt_slice/gen_num_lanes[0].active_lane.lane_instance.i_fpnew_cast_multi/i___366_i_125/O
                         net (fo=1, unplaced)         0.000    16.460    i_ariane/i_cva6/ex_stage_i/fpu_gen.fpu_i/fpu_gen.i_fpnew_bulk/gen_operation_groups[3].i_opgroup_block/gen_merged_slice.i_multifmt_slice/gen_num_lanes[0].active_lane.lane_instance.i_fpnew_cast_multi/i___366_i_125_n_0
                         CARRY4 (Prop_carry4_S[1]_CO[3])
                                                      0.444    16.904 r  i_ariane/i_cva6/ex_stage_i/fpu_gen.fpu_i/fpu_gen.i_fpnew_bulk/gen_operation_groups[3].i_opgroup_block/gen_merged_slice.i_multifmt_slice/gen_num_lanes[0].active_lane.lane_instance.i_fpnew_cast_multi/i___366_i_63/CO[3]
                         net (fo=1, unplaced)         0.000    16.904    i_ariane/i_cva6/ex_stage_i/fpu_gen.fpu_i/fpu_gen.i_fpnew_bulk/gen_operation_groups[3].i_opgroup_block/gen_merged_slice.i_multifmt_slice/gen_num_lanes[0].active_lane.lane_instance.i_fpnew_cast_multi/i___366_i_63_n_0
                         CARRY4 (Prop_carry4_CI_CO[1])
                                                      0.150    17.054 r  i_ariane/i_cva6/ex_stage_i/fpu_gen.fpu_i/fpu_gen.i_fpnew_bulk/gen_operation_groups[3].i_opgroup_block/gen_merged_slice.i_multifmt_slice/gen_num_lanes[0].active_lane.lane_instance.i_fpnew_cast_multi/i___366_i_34/CO[1]
                         net (fo=1, unplaced)         0.240    17.294    i_ariane/i_cva6/ex_stage_i/fpu_gen.fpu_i/fpu_gen.i_fpnew_bulk/gen_operation_groups[3].i_opgroup_block/gen_merged_slice.i_multifmt_slice/gen_num_lanes[0].active_lane.lane_instance.i_fpnew_cast_multi/int_result_is_special1
                         LUT6 (Prop_lut6_I4_O)        0.277    17.571 f  i_ariane/i_cva6/ex_stage_i/fpu_gen.fpu_i/fpu_gen.i_fpnew_bulk/gen_operation_groups[3].i_opgroup_block/gen_merged_slice.i_multifmt_slice/gen_num_lanes[0].active_lane.lane_instance.i_fpnew_cast_multi/i___366_i_19/O
                         net (fo=45, unplaced)        0.427    17.998    i_ariane/i_cva6/ex_stage_i/fpu_gen.fpu_i/fpu_gen.i_fpnew_bulk/gen_operation_groups[3].i_opgroup_block/gen_merged_slice.i_multifmt_slice/gen_num_lanes[0].active_lane.lane_instance.i_fpnew_cast_multi/i___366_i_19_n_0
                         LUT4 (Prop_lut4_I3_O)        0.105    18.103 r  i_ariane/i_cva6/ex_stage_i/fpu_gen.fpu_i/fpu_gen.i_fpnew_bulk/gen_operation_groups[3].i_opgroup_block/gen_merged_slice.i_multifmt_slice/gen_num_lanes[0].active_lane.lane_instance.i_fpnew_cast_multi/i___366_i_21/O
                         net (fo=8, unplaced)         0.385    18.488    i_ariane/i_cva6/ex_stage_i/fpu_gen.fpu_i/fpu_gen.i_fpnew_bulk/gen_operation_groups[3].i_opgroup_block/gen_merged_slice.i_multifmt_slice/gen_num_lanes[0].active_lane.lane_instance.i_fpnew_cast_multi/i___366_i_21_n_0
                         LUT6 (Prop_lut6_I4_O)        0.105    18.593 r  i_ariane/i_cva6/ex_stage_i/fpu_gen.fpu_i/fpu_gen.i_fpnew_bulk/gen_operation_groups[3].i_opgroup_block/gen_merged_slice.i_multifmt_slice/gen_num_lanes[0].active_lane.lane_instance.i_fpnew_cast_multi/i___366_i_13/O
                         net (fo=1, unplaced)         0.582    19.175    i_ariane/i_cva6/ex_stage_i/fpu_gen.fpu_i/fpu_gen.i_fpnew_bulk/gen_operation_groups[3].i_opgroup_block/gen_merged_slice.i_multifmt_slice/gen_num_lanes[0].active_lane.lane_instance.i_fpnew_cast_multi/i___366_i_13_n_0
                         LUT6 (Prop_lut6_I0_O)        0.105    19.280 r  i_ariane/i_cva6/ex_stage_i/fpu_gen.fpu_i/fpu_gen.i_fpnew_bulk/gen_operation_groups[3].i_opgroup_block/gen_merged_slice.i_multifmt_slice/gen_num_lanes[0].active_lane.lane_instance.i_fpnew_cast_multi/i___366_i_5/O
                         net (fo=1, unplaced)         0.347    19.627    i_ariane/i_cva6/ex_stage_i/fpu_gen.fpu_i/fpu_gen.i_fpnew_bulk/gen_operation_groups[0].i_opgroup_block/gen_parallel_slices[0].active_format.i_fmt_slice/gen_num_lanes[0].active_lane.lane_instance.i_fma/gen_arbiter.data_nodes[2][result][3]
                         LUT5 (Prop_lut5_I0_O)        0.105    19.732 r  i_ariane/i_cva6/ex_stage_i/fpu_gen.fpu_i/fpu_gen.i_fpnew_bulk/gen_operation_groups[0].i_opgroup_block/gen_parallel_slices[0].active_format.i_fmt_slice/gen_num_lanes[0].active_lane.lane_instance.i_fma/i___366_i_1/O
                         net (fo=19, unplaced)        0.406    20.138    i_ariane/i_cva6/issue_stage_i/i_issue_read_operands/fpu_result_ex_id[3]
                         LUT5 (Prop_lut5_I0_O)        0.105    20.243 f  i_ariane/i_cva6/issue_stage_i/i_issue_read_operands/i___328_i_2/O
                         net (fo=3, unplaced)         0.600    20.843    i_ariane/i_cva6/issue_stage_i/i_issue_read_operands/i___328_i_2_n_0
                         LUT6 (Prop_lut6_I1_O)        0.105    20.948 f  i_ariane/i_cva6/issue_stage_i/i_issue_read_operands/fu_data_q[0][operand_a][3]_i_12/O
                         net (fo=1, unplaced)         0.000    20.948    i_ariane/i_cva6/issue_stage_i/i_issue_read_operands/fu_data_q[0][operand_a][3]_i_12_n_0
                         MUXF7 (Prop_muxf7_I0_O)      0.201    21.149 f  i_ariane/i_cva6/issue_stage_i/i_issue_read_operands/fu_data_q_reg[0][operand_a][3]_i_5/O
                         net (fo=1, unplaced)         0.349    21.498    i_ariane/i_cva6/issue_stage_i/i_issue_read_operands/fu_data_q_reg[0][operand_a][3]_i_5_n_0
                         LUT6 (Prop_lut6_I5_O)        0.242    21.740 f  i_ariane/i_cva6/issue_stage_i/i_issue_read_operands/fu_data_q[0][operand_a][3]_i_2/O
                         net (fo=1, unplaced)         0.347    22.087    i_ariane/i_cva6/issue_stage_i/i_issue_read_operands/fu_data_q[0][operand_a][3]_i_2_n_0
                         LUT5 (Prop_lut5_I4_O)        0.105    22.192 r  i_ariane/i_cva6/issue_stage_i/i_issue_read_operands/fu_data_q[0][operand_a][3]_i_1/O
                         net (fo=17, unplaced)        0.403    22.595    i_ariane/gen_cvxif.gen_COPRO_KECC_AES_K.i_kecc_aes_k_xif_coprocessor/D[3]
                         LUT3 (Prop_lut3_I0_O)        0.105    22.700 r  i_ariane/gen_cvxif.gen_COPRO_KECC_AES_K.i_kecc_aes_k_xif_coprocessor/i___30_i_9/O
                         net (fo=6, unplaced)         0.379    23.079    i_ariane/i_cva6/id_stage_i/registers[0]_23[3]
                         LUT6 (Prop_lut6_I5_O)        0.105    23.184 r  i_ariane/i_cva6/id_stage_i/i___30_i_2/O
                         net (fo=11, unplaced)        0.628    23.812    i_ariane/i_cva6/id_stage_i/issue_q_reg[0][orig_instr][21]_7
                         LUT6 (Prop_lut6_I1_O)        0.105    23.917 r  i_ariane/i_cva6/id_stage_i/i___25_i_10/O
                         net (fo=3, unplaced)         0.796    24.713    i_ariane/i_cva6/id_stage_i/i___25_i_10_n_0
                         LUT6 (Prop_lut6_I3_O)        0.105    24.818 r  i_ariane/i_cva6/id_stage_i/i___25_i_2/O
                         net (fo=10, unplaced)        0.625    25.443    i_ariane/i_cva6/id_stage_i/i___235_i_3_0
                         LUT4 (Prop_lut4_I1_O)        0.105    25.548 r  i_ariane/i_cva6/id_stage_i/i___235_i_1/O
                         net (fo=6, unplaced)         0.614    26.162    i_ariane/i_cva6/id_stage_i/i___25_i_1_0
                         LUT4 (Prop_lut4_I0_O)        0.105    26.267 r  i_ariane/i_cva6/id_stage_i/i___75_i_6/O
                         net (fo=4, unplaced)         0.606    26.873    i_ariane/i_cva6/id_stage_i/i___12_i_4_0
                         LUT6 (Prop_lut6_I2_O)        0.105    26.978 r  i_ariane/i_cva6/id_stage_i/i___20_i_1/O
                         net (fo=8, unplaced)         0.385    27.363    i_ariane/i_cva6/id_stage_i/i___13_i_3_0
                         LUT5 (Prop_lut5_I1_O)        0.105    27.468 r  i_ariane/i_cva6/id_stage_i/result_o[34]_i_8/O
                         net (fo=4, unplaced)         0.371    27.839    i_ariane/i_cva6/id_stage_i/result_o[34]_i_8_n_0
                         LUT6 (Prop_lut6_I0_O)        0.105    27.944 r  i_ariane/i_cva6/id_stage_i/result_o[2]_i_4/O
                         net (fo=1, unplaced)         0.347    28.291    i_ariane/i_cva6/id_stage_i/result_o[2]_i_4_n_0
                         LUT6 (Prop_lut6_I3_O)        0.105    28.396 r  i_ariane/i_cva6/id_stage_i/result_o[2]_i_1/O
                         net (fo=1, unplaced)         0.000    28.396    i_ariane/gen_cvxif.gen_COPRO_KECC_AES_K.i_kecc_aes_k_xif_coprocessor/i_ex/result_o_reg[63]_1[2]
                         FDCE                                         r  i_ariane/gen_cvxif.gen_COPRO_KECC_AES_K.i_kecc_aes_k_xif_coprocessor/i_ex/result_o_reg[2]/D
  -------------------------------------------------------------------    -------------------

                         (clock clk_i rise edge)     10.000    10.000 r  
                                                      0.000    10.000 r  clk_i (IN)
                         net (fo=23772, unset)        0.748    10.748    i_ariane/gen_cvxif.gen_COPRO_KECC_AES_K.i_kecc_aes_k_xif_coprocessor/i_ex/clk_i
                         FDCE                                         r  i_ariane/gen_cvxif.gen_COPRO_KECC_AES_K.i_kecc_aes_k_xif_coprocessor/i_ex/result_o_reg[2]/C
                         clock pessimism              0.000    10.748    
                         clock uncertainty           -0.035    10.712    
                         FDCE (Setup_fdce_C_D)        0.043    10.755    i_ariane/gen_cvxif.gen_COPRO_KECC_AES_K.i_kecc_aes_k_xif_coprocessor/i_ex/result_o_reg[2]
  -------------------------------------------------------------------
                         required time                         10.755    
                         arrival time                         -28.396    
  -------------------------------------------------------------------
                         slack                                -17.641    

Slack (VIOLATED) :        -17.641ns  (required time - arrival time)
  Source:                 i_ariane/i_cva6/ex_stage_i/fpu_gen.fpu_i/fpu_gen.i_fpnew_bulk/gen_operation_groups[3].i_opgroup_block/gen_merged_slice.i_multifmt_slice/gen_num_lanes[0].active_lane.lane_instance.i_fpnew_cast_multi/gen_inside_pipeline[0].mid_pipe_dst_fmt_q_reg[1][1]/C
                            (rising edge-triggered cell FDCE clocked by clk_i  {rise@0.000ns fall@5.000ns period=10.000ns})
  Destination:            i_ariane/gen_cvxif.gen_COPRO_KECC_AES_K.i_kecc_aes_k_xif_coprocessor/i_ex/result_o_reg[2]/D
                            (rising edge-triggered cell FDCE clocked by clk_i  {rise@0.000ns fall@5.000ns period=10.000ns})
  Path Group:             clk_i
  Path Type:              Setup (Max at Slow Process Corner)
  Requirement:            10.000ns  (clk_i rise@10.000ns - clk_i rise@0.000ns)
  Data Path Delay:        27.609ns  (logic 8.852ns (32.062%)  route 18.757ns (67.938%))
  Logic Levels:           54  (CARRY4=17 LUT1=1 LUT2=1 LUT3=2 LUT4=4 LUT5=8 LUT6=20 MUXF7=1)
  Clock Path Skew:        -0.039ns (DCD - SCD + CPR)
    Destination Clock Delay (DCD):    0.748ns = ( 10.748 - 10.000 ) 
    Source Clock Delay      (SCD):    0.787ns
    Clock Pessimism Removal (CPR):    0.000ns
  Clock Uncertainty:      0.035ns  ((TSJ^2 + TIJ^2)^1/2 + DJ) / 2 + PE
    Total System Jitter     (TSJ):    0.071ns
    Total Input Jitter      (TIJ):    0.000ns
    Discrete Jitter          (DJ):    0.000ns
    Phase Error              (PE):    0.000ns

    Location             Delay type                Incr(ns)  Path(ns)    Netlist Resource(s)
  -------------------------------------------------------------------    -------------------
                         (clock clk_i rise edge)      0.000     0.000 r  
                                                      0.000     0.000 r  clk_i (IN)
                         net (fo=23772, unset)        0.787     0.787    i_ariane/i_cva6/ex_stage_i/fpu_gen.fpu_i/fpu_gen.i_fpnew_bulk/gen_operation_groups[3].i_opgroup_block/gen_merged_slice.i_multifmt_slice/gen_num_lanes[0].active_lane.lane_instance.i_fpnew_cast_multi/clk_i
                         FDCE                                         r  i_ariane/i_cva6/ex_stage_i/fpu_gen.fpu_i/fpu_gen.i_fpnew_bulk/gen_operation_groups[3].i_opgroup_block/gen_merged_slice.i_multifmt_slice/gen_num_lanes[0].active_lane.lane_instance.i_fpnew_cast_multi/gen_inside_pipeline[0].mid_pipe_dst_fmt_q_reg[1][1]/C
  -------------------------------------------------------------------    -------------------
                         FDCE (Prop_fdce_C_Q)         0.397     1.184 r  i_ariane/i_cva6/ex_stage_i/fpu_gen.fpu_i/fpu_gen.i_fpnew_bulk/gen_operation_groups[3].i_opgroup_block/gen_merged_slice.i_multifmt_slice/gen_num_lanes[0].active_lane.lane_instance.i_fpnew_cast_multi/gen_inside_pipeline[0].mid_pipe_dst_fmt_q_reg[1][1]/Q
                         net (fo=140, unplaced)       0.733     1.917    i_ariane/i_cva6/ex_stage_i/fpu_gen.fpu_i/fpu_gen.i_fpnew_bulk/gen_operation_groups[3].i_opgroup_block/gen_merged_slice.i_multifmt_slice/gen_num_lanes[0].active_lane.lane_instance.i_fpnew_cast_multi/gen_inside_pipeline[0].mid_pipe_dst_fmt_q_reg_n_0_[1][1]
                         LUT3 (Prop_lut3_I0_O)        0.232     2.149 r  i_ariane/i_cva6/ex_stage_i/fpu_gen.fpu_i/fpu_gen.i_fpnew_bulk/gen_operation_groups[3].i_opgroup_block/gen_merged_slice.i_multifmt_slice/gen_num_lanes[0].active_lane.lane_instance.i_fpnew_cast_multi/mem_q[7][sbe][result][54]_i_102/O
                         net (fo=2, unplaced)         0.269     2.418    i_ariane/i_cva6/ex_stage_i/fpu_gen.fpu_i/fpu_gen.i_fpnew_bulk/gen_operation_groups[3].i_opgroup_block/gen_merged_slice.i_multifmt_slice/gen_num_lanes[0].active_lane.lane_instance.i_fpnew_cast_multi/mem_q[7][sbe][result][54]_i_102_n_0
                         CARRY4 (Prop_carry4_CYINIT_CO[3])
                                                      0.494     2.912 r  i_ariane/i_cva6/ex_stage_i/fpu_gen.fpu_i/fpu_gen.i_fpnew_bulk/gen_operation_groups[3].i_opgroup_block/gen_merged_slice.i_multifmt_slice/gen_num_lanes[0].active_lane.lane_instance.i_fpnew_cast_multi/i___371_i_68/CO[3]
                         net (fo=1, unplaced)         0.000     2.912    i_ariane/i_cva6/ex_stage_i/fpu_gen.fpu_i/fpu_gen.i_fpnew_bulk/gen_operation_groups[3].i_opgroup_block/gen_merged_slice.i_multifmt_slice/gen_num_lanes[0].active_lane.lane_instance.i_fpnew_cast_multi/i___371_i_68_n_0
                         CARRY4 (Prop_carry4_CI_CO[3])
                                                      0.100     3.012 r  i_ariane/i_cva6/ex_stage_i/fpu_gen.fpu_i/fpu_gen.i_fpnew_bulk/gen_operation_groups[3].i_opgroup_block/gen_merged_slice.i_multifmt_slice/gen_num_lanes[0].active_lane.lane_instance.i_fpnew_cast_multi/i___371_i_53/CO[3]
                         net (fo=1, unplaced)         0.000     3.012    i_ariane/i_cva6/ex_stage_i/fpu_gen.fpu_i/fpu_gen.i_fpnew_bulk/gen_operation_groups[3].i_opgroup_block/gen_merged_slice.i_multifmt_slice/gen_num_lanes[0].active_lane.lane_instance.i_fpnew_cast_multi/i___371_i_53_n_0
                         CARRY4 (Prop_carry4_CI_CO[3])
                                                      0.100     3.112 r  i_ariane/i_cva6/ex_stage_i/fpu_gen.fpu_i/fpu_gen.i_fpnew_bulk/gen_operation_groups[3].i_opgroup_block/gen_merged_slice.i_multifmt_slice/gen_num_lanes[0].active_lane.lane_instance.i_fpnew_cast_multi/i___371_i_51/CO[3]
                         net (fo=1, unplaced)         0.000     3.112    i_ariane/i_cva6/ex_stage_i/fpu_gen.fpu_i/fpu_gen.i_fpnew_bulk/gen_operation_groups[3].i_opgroup_block/gen_merged_slice.i_multifmt_slice/gen_num_lanes[0].active_lane.lane_instance.i_fpnew_cast_multi/i___371_i_51_n_0
                         CARRY4 (Prop_carry4_CI_CO[3])
                                                      0.100     3.212 r  i_ariane/i_cva6/ex_stage_i/fpu_gen.fpu_i/fpu_gen.i_fpnew_bulk/gen_operation_groups[3].i_opgroup_block/gen_merged_slice.i_multifmt_slice/gen_num_lanes[0].active_lane.lane_instance.i_fpnew_cast_multi/i___371_i_81/CO[3]
                         net (fo=16, unplaced)        0.664     3.876    i_ariane/i_cva6/ex_stage_i/fpu_gen.fpu_i/fpu_gen.i_fpnew_bulk/gen_operation_groups[3].i_opgroup_block/gen_merged_slice.i_multifmt_slice/gen_num_lanes[0].active_lane.lane_instance.i_fpnew_cast_multi/i___371_i_81_n_0
                         LUT2 (Prop_lut2_I1_O)        0.105     3.981 r  i_ariane/i_cva6/ex_stage_i/fpu_gen.fpu_i/fpu_gen.i_fpnew_bulk/gen_operation_groups[3].i_opgroup_block/gen_merged_slice.i_multifmt_slice/gen_num_lanes[0].active_lane.lane_instance.i_fpnew_cast_multi/i___371_i_76/O
                         net (fo=1, unplaced)         0.000     3.981    i_ariane/i_cva6/ex_stage_i/fpu_gen.fpu_i/fpu_gen.i_fpnew_bulk/gen_operation_groups[3].i_opgroup_block/gen_merged_slice.i_multifmt_slice/gen_num_lanes[0].active_lane.lane_instance.i_fpnew_cast_multi/i___371_i_76_n_0
                         CARRY4 (Prop_carry4_DI[0]_CO[3])
                                                      0.477     4.458 r  i_ariane/i_cva6/ex_stage_i/fpu_gen.fpu_i/fpu_gen.i_fpnew_bulk/gen_operation_groups[3].i_opgroup_block/gen_merged_slice.i_multifmt_slice/gen_num_lanes[0].active_lane.lane_instance.i_fpnew_cast_multi/i___371_i_57/CO[3]
                         net (fo=1, unplaced)         0.000     4.458    i_ariane/i_cva6/ex_stage_i/fpu_gen.fpu_i/fpu_gen.i_fpnew_bulk/gen_operation_groups[3].i_opgroup_block/gen_merged_slice.i_multifmt_slice/gen_num_lanes[0].active_lane.lane_instance.i_fpnew_cast_multi/i___371_i_57_n_0
                         CARRY4 (Prop_carry4_CI_CO[3])
                                                      0.100     4.558 r  i_ariane/i_cva6/ex_stage_i/fpu_gen.fpu_i/fpu_gen.i_fpnew_bulk/gen_operation_groups[3].i_opgroup_block/gen_merged_slice.i_multifmt_slice/gen_num_lanes[0].active_lane.lane_instance.i_fpnew_cast_multi/i___371_i_49/CO[3]
                         net (fo=61, unplaced)        0.697     5.255    i_ariane/i_cva6/ex_stage_i/fpu_gen.fpu_i/fpu_gen.i_fpnew_bulk/gen_operation_groups[3].i_opgroup_block/gen_merged_slice.i_multifmt_slice/gen_num_lanes[0].active_lane.lane_instance.i_fpnew_cast_multi/preshift_mant1
                         LUT4 (Prop_lut4_I3_O)        0.105     5.360 r  i_ariane/i_cva6/ex_stage_i/fpu_gen.fpu_i/fpu_gen.i_fpnew_bulk/gen_operation_groups[3].i_opgroup_block/gen_merged_slice.i_multifmt_slice/gen_num_lanes[0].active_lane.lane_instance.i_fpnew_cast_multi/mem_q[7][sbe][ex][cause][0]_i_129/O
                         net (fo=4, unplaced)         0.371     5.731    i_ariane/i_cva6/ex_stage_i/fpu_gen.fpu_i/fpu_gen.i_fpnew_bulk/gen_operation_groups[3].i_opgroup_block/gen_merged_slice.i_multifmt_slice/gen_num_lanes[0].active_lane.lane_instance.i_fpnew_cast_multi/mem_q[7][sbe][ex][cause][0]_i_129_n_0
                         LUT6 (Prop_lut6_I4_O)        0.105     5.836 r  i_ariane/i_cva6/ex_stage_i/fpu_gen.fpu_i/fpu_gen.i_fpnew_bulk/gen_operation_groups[3].i_opgroup_block/gen_merged_slice.i_multifmt_slice/gen_num_lanes[0].active_lane.lane_instance.i_fpnew_cast_multi/mem_q[7][sbe][ex][cause][0]_i_287/O
                         net (fo=117, unplaced)       0.450     6.286    i_ariane/i_cva6/ex_stage_i/fpu_gen.fpu_i/fpu_gen.i_fpnew_bulk/gen_operation_groups[3].i_opgroup_block/gen_merged_slice.i_multifmt_slice/gen_num_lanes[0].active_lane.lane_instance.i_fpnew_cast_multi/mem_q[7][sbe][ex][cause][0]_i_287_n_0
                         LUT5 (Prop_lut5_I4_O)        0.105     6.391 f  i_ariane/i_cva6/ex_stage_i/fpu_gen.fpu_i/fpu_gen.i_fpnew_bulk/gen_operation_groups[3].i_opgroup_block/gen_merged_slice.i_multifmt_slice/gen_num_lanes[0].active_lane.lane_instance.i_fpnew_cast_multi/mem_q[7][sbe][ex][cause][0]_i_512/O
                         net (fo=35, unplaced)        0.420     6.811    i_ariane/i_cva6/ex_stage_i/fpu_gen.fpu_i/fpu_gen.i_fpnew_bulk/gen_operation_groups[3].i_opgroup_block/gen_merged_slice.i_multifmt_slice/gen_num_lanes[0].active_lane.lane_instance.i_fpnew_cast_multi/mem_q[7][sbe][ex][cause][0]_i_512_n_0
                         LUT6 (Prop_lut6_I2_O)        0.105     6.916 f  i_ariane/i_cva6/ex_stage_i/fpu_gen.fpu_i/fpu_gen.i_fpnew_bulk/gen_operation_groups[3].i_opgroup_block/gen_merged_slice.i_multifmt_slice/gen_num_lanes[0].active_lane.lane_instance.i_fpnew_cast_multi/mem_q[7][sbe][ex][cause][0]_i_481/O
                         net (fo=3, unplaced)         0.600     7.516    i_ariane/i_cva6/ex_stage_i/fpu_gen.fpu_i/fpu_gen.i_fpnew_bulk/gen_operation_groups[3].i_opgroup_block/gen_merged_slice.i_multifmt_slice/gen_num_lanes[0].active_lane.lane_instance.i_fpnew_cast_multi/mem_q[7][sbe][ex][cause][0]_i_481_n_0
                         LUT6 (Prop_lut6_I0_O)        0.105     7.621 f  i_ariane/i_cva6/ex_stage_i/fpu_gen.fpu_i/fpu_gen.i_fpnew_bulk/gen_operation_groups[3].i_opgroup_block/gen_merged_slice.i_multifmt_slice/gen_num_lanes[0].active_lane.lane_instance.i_fpnew_cast_multi/mem_q[7][sbe][ex][cause][0]_i_349/O
                         net (fo=4, unplaced)         0.606     8.227    i_ariane/i_cva6/ex_stage_i/fpu_gen.fpu_i/fpu_gen.i_fpnew_bulk/gen_operation_groups[3].i_opgroup_block/gen_merged_slice.i_multifmt_slice/gen_num_lanes[0].active_lane.lane_instance.i_fpnew_cast_multi/mem_q[7][sbe][ex][cause][0]_i_349_n_0
                         LUT6 (Prop_lut6_I1_O)        0.105     8.332 f  i_ariane/i_cva6/ex_stage_i/fpu_gen.fpu_i/fpu_gen.i_fpnew_bulk/gen_operation_groups[3].i_opgroup_block/gen_merged_slice.i_multifmt_slice/gen_num_lanes[0].active_lane.lane_instance.i_fpnew_cast_multi/mem_q[7][sbe][ex][cause][0]_i_212/O
                         net (fo=3, unplaced)         0.796     9.128    i_ariane/i_cva6/ex_stage_i/fpu_gen.fpu_i/fpu_gen.i_fpnew_bulk/gen_operation_groups[3].i_opgroup_block/gen_merged_slice.i_multifmt_slice/gen_num_lanes[0].active_lane.lane_instance.i_fpnew_cast_multi/mem_q[7][sbe][ex][cause][0]_i_212_n_0
                         LUT6 (Prop_lut6_I0_O)        0.105     9.233 f  i_ariane/i_cva6/ex_stage_i/fpu_gen.fpu_i/fpu_gen.i_fpnew_bulk/gen_operation_groups[3].i_opgroup_block/gen_merged_slice.i_multifmt_slice/gen_num_lanes[0].active_lane.lane_instance.i_fpnew_cast_multi/mem_q[7][sbe][ex][cause][0]_i_99/O
                         net (fo=1, unplaced)         0.778    10.011    i_ariane/i_cva6/ex_stage_i/fpu_gen.fpu_i/fpu_gen.i_fpnew_bulk/gen_operation_groups[3].i_opgroup_block/gen_merged_slice.i_multifmt_slice/gen_num_lanes[0].active_lane.lane_instance.i_fpnew_cast_multi/mem_q[7][sbe][ex][cause][0]_i_99_n_0
                         LUT5 (Prop_lut5_I0_O)        0.105    10.116 f  i_ariane/i_cva6/ex_stage_i/fpu_gen.fpu_i/fpu_gen.i_fpnew_bulk/gen_operation_groups[3].i_opgroup_block/gen_merged_slice.i_multifmt_slice/gen_num_lanes[0].active_lane.lane_instance.i_fpnew_cast_multi/mem_q[7][sbe][ex][cause][0]_i_27/O
                         net (fo=1, unplaced)         0.582    10.698    i_ariane/i_cva6/ex_stage_i/fpu_gen.fpu_i/fpu_gen.i_fpnew_bulk/gen_operation_groups[3].i_opgroup_block/gen_merged_slice.i_multifmt_slice/gen_num_lanes[0].active_lane.lane_instance.i_fpnew_cast_multi/mem_q[7][sbe][ex][cause][0]_i_27_n_0
                         LUT6 (Prop_lut6_I3_O)        0.105    10.803 f  i_ariane/i_cva6/ex_stage_i/fpu_gen.fpu_i/fpu_gen.i_fpnew_bulk/gen_operation_groups[3].i_opgroup_block/gen_merged_slice.i_multifmt_slice/gen_num_lanes[0].active_lane.lane_instance.i_fpnew_cast_multi/mem_q[7][sbe][ex][cause][0]_i_10/O
                         net (fo=4, unplaced)         0.371    11.174    i_ariane/i_cva6/ex_stage_i/fpu_gen.fpu_i/fpu_gen.i_fpnew_bulk/gen_operation_groups[3].i_opgroup_block/gen_merged_slice.i_multifmt_slice/gen_num_lanes[0].active_lane.lane_instance.i_fpnew_cast_multi/mem_q[7][sbe][ex][cause][0]_i_10_n_0
                         LUT6 (Prop_lut6_I4_O)        0.105    11.279 f  i_ariane/i_cva6/ex_stage_i/fpu_gen.fpu_i/fpu_gen.i_fpnew_bulk/gen_operation_groups[3].i_opgroup_block/gen_merged_slice.i_multifmt_slice/gen_num_lanes[0].active_lane.lane_instance.i_fpnew_cast_multi/i___366_i_119/O
                         net (fo=1, unplaced)         0.582    11.861    i_ariane/i_cva6/ex_stage_i/fpu_gen.fpu_i/fpu_gen.i_fpnew_bulk/gen_operation_groups[3].i_opgroup_block/gen_merged_slice.i_multifmt_slice/gen_num_lanes[0].active_lane.lane_instance.i_fpnew_cast_multi/i___366_i_119_n_0
                         LUT6 (Prop_lut6_I1_O)        0.105    11.966 f  i_ariane/i_cva6/ex_stage_i/fpu_gen.fpu_i/fpu_gen.i_fpnew_bulk/gen_operation_groups[3].i_opgroup_block/gen_merged_slice.i_multifmt_slice/gen_num_lanes[0].active_lane.lane_instance.i_fpnew_cast_multi/i___366_i_62/O
                         net (fo=1, unplaced)         0.000    11.966    i_ariane/i_cva6/ex_stage_i/fpu_gen.fpu_i/fpu_gen.i_fpnew_bulk/gen_operation_groups[3].i_opgroup_block/gen_merged_slice.i_multifmt_slice/gen_num_lanes[0].active_lane.lane_instance.i_fpnew_cast_multi/i___366_i_62_n_0
                         CARRY4 (Prop_carry4_S[0]_CO[3])
                                                      0.423    12.389 r  i_ariane/i_cva6/ex_stage_i/fpu_gen.fpu_i/fpu_gen.i_fpnew_bulk/gen_operation_groups[3].i_opgroup_block/gen_merged_slice.i_multifmt_slice/gen_num_lanes[0].active_lane.lane_instance.i_fpnew_cast_multi/i___366_i_32/CO[3]
                         net (fo=1, unplaced)         0.000    12.389    i_ariane/i_cva6/ex_stage_i/fpu_gen.fpu_i/fpu_gen.i_fpnew_bulk/gen_operation_groups[3].i_opgroup_block/gen_merged_slice.i_multifmt_slice/gen_num_lanes[0].active_lane.lane_instance.i_fpnew_cast_multi/i___366_i_32_n_0
                         CARRY4 (Prop_carry4_CI_CO[3])
                                                      0.100    12.489 r  i_ariane/i_cva6/ex_stage_i/fpu_gen.fpu_i/fpu_gen.i_fpnew_bulk/gen_operation_groups[3].i_opgroup_block/gen_merged_slice.i_multifmt_slice/gen_num_lanes[0].active_lane.lane_instance.i_fpnew_cast_multi/mem_q_reg[7][sbe][result][7]_i_34/CO[3]
                         net (fo=1, unplaced)         0.000    12.489    i_ariane/i_cva6/ex_stage_i/fpu_gen.fpu_i/fpu_gen.i_fpnew_bulk/gen_operation_groups[3].i_opgroup_block/gen_merged_slice.i_multifmt_slice/gen_num_lanes[0].active_lane.lane_instance.i_fpnew_cast_multi/mem_q_reg[7][sbe][result][7]_i_34_n_0
                         CARRY4 (Prop_carry4_CI_CO[3])
                                                      0.100    12.589 r  i_ariane/i_cva6/ex_stage_i/fpu_gen.fpu_i/fpu_gen.i_fpnew_bulk/gen_operation_groups[3].i_opgroup_block/gen_merged_slice.i_multifmt_slice/gen_num_lanes[0].active_lane.lane_instance.i_fpnew_cast_multi/mem_q_reg[7][sbe][result][11]_i_57/CO[3]
                         net (fo=1, unplaced)         0.000    12.589    i_ariane/i_cva6/ex_stage_i/fpu_gen.fpu_i/fpu_gen.i_fpnew_bulk/gen_operation_groups[3].i_opgroup_block/gen_merged_slice.i_multifmt_slice/gen_num_lanes[0].active_lane.lane_instance.i_fpnew_cast_multi/mem_q_reg[7][sbe][result][11]_i_57_n_0
                         CARRY4 (Prop_carry4_CI_CO[3])
                                                      0.100    12.689 r  i_ariane/i_cva6/ex_stage_i/fpu_gen.fpu_i/fpu_gen.i_fpnew_bulk/gen_operation_groups[3].i_opgroup_block/gen_merged_slice.i_multifmt_slice/gen_num_lanes[0].active_lane.lane_instance.i_fpnew_cast_multi/mem_q_reg[7][sbe][result][15]_i_52/CO[3]
                         net (fo=1, unplaced)         0.000    12.689    i_ariane/i_cva6/ex_stage_i/fpu_gen.fpu_i/fpu_gen.i_fpnew_bulk/gen_operation_groups[3].i_opgroup_block/gen_merged_slice.i_multifmt_slice/gen_num_lanes[0].active_lane.lane_instance.i_fpnew_cast_multi/mem_q_reg[7][sbe][result][15]_i_52_n_0
                         CARRY4 (Prop_carry4_CI_CO[3])
                                                      0.100    12.789 r  i_ariane/i_cva6/ex_stage_i/fpu_gen.fpu_i/fpu_gen.i_fpnew_bulk/gen_operation_groups[3].i_opgroup_block/gen_merged_slice.i_multifmt_slice/gen_num_lanes[0].active_lane.lane_instance.i_fpnew_cast_multi/mem_q_reg[7][sbe][result][23]_i_46/CO[3]
                         net (fo=1, unplaced)         0.000    12.789    i_ariane/i_cva6/ex_stage_i/fpu_gen.fpu_i/fpu_gen.i_fpnew_bulk/gen_operation_groups[3].i_opgroup_block/gen_merged_slice.i_multifmt_slice/gen_num_lanes[0].active_lane.lane_instance.i_fpnew_cast_multi/mem_q_reg[7][sbe][result][23]_i_46_n_0
                         CARRY4 (Prop_carry4_CI_CO[3])
                                                      0.100    12.889 r  i_ariane/i_cva6/ex_stage_i/fpu_gen.fpu_i/fpu_gen.i_fpnew_bulk/gen_operation_groups[3].i_opgroup_block/gen_merged_slice.i_multifmt_slice/gen_num_lanes[0].active_lane.lane_instance.i_fpnew_cast_multi/mem_q_reg[7][sbe][result][23]_i_29/CO[3]
                         net (fo=1, unplaced)         0.000    12.889    i_ariane/i_cva6/ex_stage_i/fpu_gen.fpu_i/fpu_gen.i_fpnew_bulk/gen_operation_groups[3].i_opgroup_block/gen_merged_slice.i_multifmt_slice/gen_num_lanes[0].active_lane.lane_instance.i_fpnew_cast_multi/mem_q_reg[7][sbe][result][23]_i_29_n_0
                         CARRY4 (Prop_carry4_CI_O[2])
                                                      0.214    13.103 f  i_ariane/i_cva6/ex_stage_i/fpu_gen.fpu_i/fpu_gen.i_fpnew_bulk/gen_operation_groups[3].i_opgroup_block/gen_merged_slice.i_multifmt_slice/gen_num_lanes[0].active_lane.lane_instance.i_fpnew_cast_multi/mem_q_reg[7][sbe][result][27]_i_35/O[2]
                         net (fo=6, unplaced)         0.381    13.484    i_ariane/i_cva6/ex_stage_i/fpu_gen.fpu_i/fpu_gen.i_fpnew_bulk/gen_operation_groups[3].i_opgroup_block/gen_merged_slice.i_multifmt_slice/gen_num_lanes[0].active_lane.lane_instance.i_fpnew_cast_multi/rounded_abs[26]
                         LUT1 (Prop_lut1_I0_O)        0.244    13.728 r  i_ariane/i_cva6/ex_stage_i/fpu_gen.fpu_i/fpu_gen.i_fpnew_bulk/gen_operation_groups[3].i_opgroup_block/gen_merged_slice.i_multifmt_slice/gen_num_lanes[0].active_lane.lane_instance.i_fpnew_cast_multi/mem_q[7][sbe][result][28]_i_58/O
                         net (fo=1, unplaced)         0.000    13.728    i_ariane/i_cva6/ex_stage_i/fpu_gen.fpu_i/fpu_gen.i_fpnew_bulk/gen_operation_groups[3].i_opgroup_block/gen_merged_slice.i_multifmt_slice/gen_num_lanes[0].active_lane.lane_instance.i_fpnew_cast_multi/mem_q[7][sbe][result][28]_i_58_n_0
                         CARRY4 (Prop_carry4_S[1]_CO[3])
                                                      0.444    14.172 r  i_ariane/i_cva6/ex_stage_i/fpu_gen.fpu_i/fpu_gen.i_fpnew_bulk/gen_operation_groups[3].i_opgroup_block/gen_merged_slice.i_multifmt_slice/gen_num_lanes[0].active_lane.lane_instance.i_fpnew_cast_multi/mem_q_reg[7][sbe][result][28]_i_31/CO[3]
                         net (fo=1, unplaced)         0.000    14.172    i_ariane/i_cva6/ex_stage_i/fpu_gen.fpu_i/fpu_gen.i_fpnew_bulk/gen_operation_groups[3].i_opgroup_block/gen_merged_slice.i_multifmt_slice/gen_num_lanes[0].active_lane.lane_instance.i_fpnew_cast_multi/mem_q_reg[7][sbe][result][28]_i_31_n_0
                         CARRY4 (Prop_carry4_CI_O[2])
                                                      0.214    14.386 r  i_ariane/i_cva6/ex_stage_i/fpu_gen.fpu_i/fpu_gen.i_fpnew_bulk/gen_operation_groups[3].i_opgroup_block/gen_merged_slice.i_multifmt_slice/gen_num_lanes[0].active_lane.lane_instance.i_fpnew_cast_multi/i___368_i_14/O[2]
                         net (fo=4, unplaced)         0.373    14.759    i_ariane/i_cva6/ex_stage_i/fpu_gen.fpu_i/fpu_gen.i_fpnew_bulk/gen_operation_groups[3].i_opgroup_block/gen_merged_slice.i_multifmt_slice/gen_num_lanes[0].active_lane.lane_instance.i_fpnew_cast_multi/rounded_uint_res0[31]
                         LUT5 (Prop_lut5_I1_O)        0.244    15.003 r  i_ariane/i_cva6/ex_stage_i/fpu_gen.fpu_i/fpu_gen.i_fpnew_bulk/gen_operation_groups[3].i_opgroup_block/gen_merged_slice.i_multifmt_slice/gen_num_lanes[0].active_lane.lane_instance.i_fpnew_cast_multi/i___368_i_11/O
                         net (fo=33, unplaced)        0.654    15.657    i_ariane/i_cva6/ex_stage_i/fpu_gen.fpu_i/fpu_gen.i_fpnew_bulk/gen_operation_groups[3].i_opgroup_block/gen_merged_slice.i_multifmt_slice/gen_num_lanes[0].active_lane.lane_instance.i_fpnew_cast_multi/i___368_i_11_n_0
                         LUT5 (Prop_lut5_I4_O)        0.105    15.762 f  i_ariane/i_cva6/ex_stage_i/fpu_gen.fpu_i/fpu_gen.i_fpnew_bulk/gen_operation_groups[3].i_opgroup_block/gen_merged_slice.i_multifmt_slice/gen_num_lanes[0].active_lane.lane_instance.i_fpnew_cast_multi/mem_q[7][sbe][result][51]_i_19/O
                         net (fo=2, unplaced)         0.593    16.355    i_ariane/i_cva6/ex_stage_i/fpu_gen.fpu_i/fpu_gen.i_fpnew_bulk/gen_operation_groups[3].i_opgroup_block/gen_merged_slice.i_multifmt_slice/gen_num_lanes[0].active_lane.lane_instance.i_fpnew_cast_multi/mem_q[7][sbe][result][51]_i_19_n_0
                         LUT6 (Prop_lut6_I0_O)        0.105    16.460 f  i_ariane/i_cva6/ex_stage_i/fpu_gen.fpu_i/fpu_gen.i_fpnew_bulk/gen_operation_groups[3].i_opgroup_block/gen_merged_slice.i_multifmt_slice/gen_num_lanes[0].active_lane.lane_instance.i_fpnew_cast_multi/i___366_i_125/O
                         net (fo=1, unplaced)         0.000    16.460    i_ariane/i_cva6/ex_stage_i/fpu_gen.fpu_i/fpu_gen.i_fpnew_bulk/gen_operation_groups[3].i_opgroup_block/gen_merged_slice.i_multifmt_slice/gen_num_lanes[0].active_lane.lane_instance.i_fpnew_cast_multi/i___366_i_125_n_0
                         CARRY4 (Prop_carry4_S[1]_CO[3])
                                                      0.444    16.904 r  i_ariane/i_cva6/ex_stage_i/fpu_gen.fpu_i/fpu_gen.i_fpnew_bulk/gen_operation_groups[3].i_opgroup_block/gen_merged_slice.i_multifmt_slice/gen_num_lanes[0].active_lane.lane_instance.i_fpnew_cast_multi/i___366_i_63/CO[3]
                         net (fo=1, unplaced)         0.000    16.904    i_ariane/i_cva6/ex_stage_i/fpu_gen.fpu_i/fpu_gen.i_fpnew_bulk/gen_operation_groups[3].i_opgroup_block/gen_merged_slice.i_multifmt_slice/gen_num_lanes[0].active_lane.lane_instance.i_fpnew_cast_multi/i___366_i_63_n_0
                         CARRY4 (Prop_carry4_CI_CO[1])
                                                      0.150    17.054 r  i_ariane/i_cva6/ex_stage_i/fpu_gen.fpu_i/fpu_gen.i_fpnew_bulk/gen_operation_groups[3].i_opgroup_block/gen_merged_slice.i_multifmt_slice/gen_num_lanes[0].active_lane.lane_instance.i_fpnew_cast_multi/i___366_i_34/CO[1]
                         net (fo=1, unplaced)         0.240    17.294    i_ariane/i_cva6/ex_stage_i/fpu_gen.fpu_i/fpu_gen.i_fpnew_bulk/gen_operation_groups[3].i_opgroup_block/gen_merged_slice.i_multifmt_slice/gen_num_lanes[0].active_lane.lane_instance.i_fpnew_cast_multi/int_result_is_special1
                         LUT6 (Prop_lut6_I4_O)        0.277    17.571 f  i_ariane/i_cva6/ex_stage_i/fpu_gen.fpu_i/fpu_gen.i_fpnew_bulk/gen_operation_groups[3].i_opgroup_block/gen_merged_slice.i_multifmt_slice/gen_num_lanes[0].active_lane.lane_instance.i_fpnew_cast_multi/i___366_i_19/O
                         net (fo=45, unplaced)        0.427    17.998    i_ariane/i_cva6/ex_stage_i/fpu_gen.fpu_i/fpu_gen.i_fpnew_bulk/gen_operation_groups[3].i_opgroup_block/gen_merged_slice.i_multifmt_slice/gen_num_lanes[0].active_lane.lane_instance.i_fpnew_cast_multi/i___366_i_19_n_0
                         LUT4 (Prop_lut4_I3_O)        0.105    18.103 r  i_ariane/i_cva6/ex_stage_i/fpu_gen.fpu_i/fpu_gen.i_fpnew_bulk/gen_operation_groups[3].i_opgroup_block/gen_merged_slice.i_multifmt_slice/gen_num_lanes[0].active_lane.lane_instance.i_fpnew_cast_multi/i___366_i_21/O
                         net (fo=8, unplaced)         0.385    18.488    i_ariane/i_cva6/ex_stage_i/fpu_gen.fpu_i/fpu_gen.i_fpnew_bulk/gen_operation_groups[3].i_opgroup_block/gen_merged_slice.i_multifmt_slice/gen_num_lanes[0].active_lane.lane_instance.i_fpnew_cast_multi/i___366_i_21_n_0
                         LUT6 (Prop_lut6_I4_O)        0.105    18.593 r  i_ariane/i_cva6/ex_stage_i/fpu_gen.fpu_i/fpu_gen.i_fpnew_bulk/gen_operation_groups[3].i_opgroup_block/gen_merged_slice.i_multifmt_slice/gen_num_lanes[0].active_lane.lane_instance.i_fpnew_cast_multi/i___366_i_13/O
                         net (fo=1, unplaced)         0.582    19.175    i_ariane/i_cva6/ex_stage_i/fpu_gen.fpu_i/fpu_gen.i_fpnew_bulk/gen_operation_groups[3].i_opgroup_block/gen_merged_slice.i_multifmt_slice/gen_num_lanes[0].active_lane.lane_instance.i_fpnew_cast_multi/i___366_i_13_n_0
                         LUT6 (Prop_lut6_I0_O)        0.105    19.280 r  i_ariane/i_cva6/ex_stage_i/fpu_gen.fpu_i/fpu_gen.i_fpnew_bulk/gen_operation_groups[3].i_opgroup_block/gen_merged_slice.i_multifmt_slice/gen_num_lanes[0].active_lane.lane_instance.i_fpnew_cast_multi/i___366_i_5/O
                         net (fo=1, unplaced)         0.347    19.627    i_ariane/i_cva6/ex_stage_i/fpu_gen.fpu_i/fpu_gen.i_fpnew_bulk/gen_operation_groups[0].i_opgroup_block/gen_parallel_slices[0].active_format.i_fmt_slice/gen_num_lanes[0].active_lane.lane_instance.i_fma/gen_arbiter.data_nodes[2][result][3]
                         LUT5 (Prop_lut5_I0_O)        0.105    19.732 r  i_ariane/i_cva6/ex_stage_i/fpu_gen.fpu_i/fpu_gen.i_fpnew_bulk/gen_operation_groups[0].i_opgroup_block/gen_parallel_slices[0].active_format.i_fmt_slice/gen_num_lanes[0].active_lane.lane_instance.i_fma/i___366_i_1/O
                         net (fo=19, unplaced)        0.406    20.138    i_ariane/i_cva6/issue_stage_i/i_issue_read_operands/fpu_result_ex_id[3]
                         LUT5 (Prop_lut5_I0_O)        0.105    20.243 f  i_ariane/i_cva6/issue_stage_i/i_issue_read_operands/i___328_i_2/O
                         net (fo=3, unplaced)         0.600    20.843    i_ariane/i_cva6/issue_stage_i/i_issue_read_operands/i___328_i_2_n_0
                         LUT6 (Prop_lut6_I1_O)        0.105    20.948 f  i_ariane/i_cva6/issue_stage_i/i_issue_read_operands/fu_data_q[0][operand_a][3]_i_12/O
                         net (fo=1, unplaced)         0.000    20.948    i_ariane/i_cva6/issue_stage_i/i_issue_read_operands/fu_data_q[0][operand_a][3]_i_12_n_0
                         MUXF7 (Prop_muxf7_I0_O)      0.201    21.149 f  i_ariane/i_cva6/issue_stage_i/i_issue_read_operands/fu_data_q_reg[0][operand_a][3]_i_5/O
                         net (fo=1, unplaced)         0.349    21.498    i_ariane/i_cva6/issue_stage_i/i_issue_read_operands/fu_data_q_reg[0][operand_a][3]_i_5_n_0
                         LUT6 (Prop_lut6_I5_O)        0.242    21.740 f  i_ariane/i_cva6/issue_stage_i/i_issue_read_operands/fu_data_q[0][operand_a][3]_i_2/O
                         net (fo=1, unplaced)         0.347    22.087    i_ariane/i_cva6/issue_stage_i/i_issue_read_operands/fu_data_q[0][operand_a][3]_i_2_n_0
                         LUT5 (Prop_lut5_I4_O)        0.105    22.192 r  i_ariane/i_cva6/issue_stage_i/i_issue_read_operands/fu_data_q[0][operand_a][3]_i_1/O
                         net (fo=17, unplaced)        0.403    22.595    i_ariane/gen_cvxif.gen_COPRO_KECC_AES_K.i_kecc_aes_k_xif_coprocessor/D[3]
                         LUT3 (Prop_lut3_I0_O)        0.105    22.700 r  i_ariane/gen_cvxif.gen_COPRO_KECC_AES_K.i_kecc_aes_k_xif_coprocessor/i___30_i_9/O
                         net (fo=6, unplaced)         0.379    23.079    i_ariane/i_cva6/id_stage_i/registers[0]_23[3]
                         LUT6 (Prop_lut6_I5_O)        0.105    23.184 r  i_ariane/i_cva6/id_stage_i/i___30_i_2/O
                         net (fo=11, unplaced)        0.628    23.812    i_ariane/i_cva6/id_stage_i/issue_q_reg[0][orig_instr][21]_7
                         LUT6 (Prop_lut6_I1_O)        0.105    23.917 r  i_ariane/i_cva6/id_stage_i/i___25_i_10/O
                         net (fo=3, unplaced)         0.796    24.713    i_ariane/i_cva6/id_stage_i/i___25_i_10_n_0
                         LUT6 (Prop_lut6_I3_O)        0.105    24.818 r  i_ariane/i_cva6/id_stage_i/i___25_i_2/O
                         net (fo=10, unplaced)        0.625    25.443    i_ariane/i_cva6/id_stage_i/i___235_i_3_0
                         LUT4 (Prop_lut4_I1_O)        0.105    25.548 r  i_ariane/i_cva6/id_stage_i/i___235_i_1/O
                         net (fo=6, unplaced)         0.614    26.162    i_ariane/i_cva6/id_stage_i/i___25_i_1_0
                         LUT4 (Prop_lut4_I0_O)        0.105    26.267 r  i_ariane/i_cva6/id_stage_i/i___75_i_6/O
                         net (fo=4, unplaced)         0.606    26.873    i_ariane/i_cva6/id_stage_i/i___12_i_4_0
                         LUT6 (Prop_lut6_I2_O)        0.105    26.978 r  i_ariane/i_cva6/id_stage_i/i___20_i_1/O
                         net (fo=8, unplaced)         0.385    27.363    i_ariane/i_cva6/id_stage_i/i___13_i_3_0
                         LUT5 (Prop_lut5_I1_O)        0.105    27.468 r  i_ariane/i_cva6/id_stage_i/result_o[34]_i_8/O
                         net (fo=4, unplaced)         0.371    27.839    i_ariane/i_cva6/id_stage_i/result_o[34]_i_8_n_0
                         LUT6 (Prop_lut6_I0_O)        0.105    27.944 r  i_ariane/i_cva6/id_stage_i/result_o[2]_i_4/O
                         net (fo=1, unplaced)         0.347    28.291    i_ariane/i_cva6/id_stage_i/result_o[2]_i_4_n_0
                         LUT6 (Prop_lut6_I3_O)        0.105    28.396 r  i_ariane/i_cva6/id_stage_i/result_o[2]_i_1/O
                         net (fo=1, unplaced)         0.000    28.396    i_ariane/gen_cvxif.gen_COPRO_KECC_AES_K.i_kecc_aes_k_xif_coprocessor/i_ex/result_o_reg[63]_1[2]
                         FDCE                                         r  i_ariane/gen_cvxif.gen_COPRO_KECC_AES_K.i_kecc_aes_k_xif_coprocessor/i_ex/result_o_reg[2]/D
  -------------------------------------------------------------------    -------------------

                         (clock clk_i rise edge)     10.000    10.000 r  
                                                      0.000    10.000 r  clk_i (IN)
                         net (fo=23772, unset)        0.748    10.748    i_ariane/gen_cvxif.gen_COPRO_KECC_AES_K.i_kecc_aes_k_xif_coprocessor/i_ex/clk_i
                         FDCE                                         r  i_ariane/gen_cvxif.gen_COPRO_KECC_AES_K.i_kecc_aes_k_xif_coprocessor/i_ex/result_o_reg[2]/C
                         clock pessimism              0.000    10.748    
                         clock uncertainty           -0.035    10.712    
                         FDCE (Setup_fdce_C_D)        0.043    10.755    i_ariane/gen_cvxif.gen_COPRO_KECC_AES_K.i_kecc_aes_k_xif_coprocessor/i_ex/result_o_reg[2]
  -------------------------------------------------------------------
                         required time                         10.755    
                         arrival time                         -28.396    
  -------------------------------------------------------------------
                         slack                                -17.641    

Slack (VIOLATED) :        -17.641ns  (required time - arrival time)
  Source:                 i_ariane/i_cva6/ex_stage_i/fpu_gen.fpu_i/fpu_gen.i_fpnew_bulk/gen_operation_groups[3].i_opgroup_block/gen_merged_slice.i_multifmt_slice/gen_num_lanes[0].active_lane.lane_instance.i_fpnew_cast_multi/gen_inside_pipeline[0].mid_pipe_dst_fmt_q_reg[1][1]/C
                            (rising edge-triggered cell FDCE clocked by clk_i  {rise@0.000ns fall@5.000ns period=10.000ns})
  Destination:            i_ariane/gen_cvxif.gen_COPRO_KECC_AES_K.i_kecc_aes_k_xif_coprocessor/i_ex/result_o_reg[2]/D
                            (rising edge-triggered cell FDCE clocked by clk_i  {rise@0.000ns fall@5.000ns period=10.000ns})
  Path Group:             clk_i
  Path Type:              Setup (Max at Slow Process Corner)
  Requirement:            10.000ns  (clk_i rise@10.000ns - clk_i rise@0.000ns)
  Data Path Delay:        27.609ns  (logic 8.852ns (32.062%)  route 18.757ns (67.938%))
  Logic Levels:           54  (CARRY4=17 LUT1=1 LUT2=1 LUT3=2 LUT4=4 LUT5=8 LUT6=20 MUXF7=1)
  Clock Path Skew:        -0.039ns (DCD - SCD + CPR)
    Destination Clock Delay (DCD):    0.748ns = ( 10.748 - 10.000 ) 
    Source Clock Delay      (SCD):    0.787ns
    Clock Pessimism Removal (CPR):    0.000ns
  Clock Uncertainty:      0.035ns  ((TSJ^2 + TIJ^2)^1/2 + DJ) / 2 + PE
    Total System Jitter     (TSJ):    0.071ns
    Total Input Jitter      (TIJ):    0.000ns
    Discrete Jitter          (DJ):    0.000ns
    Phase Error              (PE):    0.000ns

    Location             Delay type                Incr(ns)  Path(ns)    Netlist Resource(s)
  -------------------------------------------------------------------    -------------------
                         (clock clk_i rise edge)      0.000     0.000 r  
                                                      0.000     0.000 r  clk_i (IN)
                         net (fo=23772, unset)        0.787     0.787    i_ariane/i_cva6/ex_stage_i/fpu_gen.fpu_i/fpu_gen.i_fpnew_bulk/gen_operation_groups[3].i_opgroup_block/gen_merged_slice.i_multifmt_slice/gen_num_lanes[0].active_lane.lane_instance.i_fpnew_cast_multi/clk_i
                         FDCE                                         r  i_ariane/i_cva6/ex_stage_i/fpu_gen.fpu_i/fpu_gen.i_fpnew_bulk/gen_operation_groups[3].i_opgroup_block/gen_merged_slice.i_multifmt_slice/gen_num_lanes[0].active_lane.lane_instance.i_fpnew_cast_multi/gen_inside_pipeline[0].mid_pipe_dst_fmt_q_reg[1][1]/C
  -------------------------------------------------------------------    -------------------
                         FDCE (Prop_fdce_C_Q)         0.397     1.184 r  i_ariane/i_cva6/ex_stage_i/fpu_gen.fpu_i/fpu_gen.i_fpnew_bulk/gen_operation_groups[3].i_opgroup_block/gen_merged_slice.i_multifmt_slice/gen_num_lanes[0].active_lane.lane_instance.i_fpnew_cast_multi/gen_inside_pipeline[0].mid_pipe_dst_fmt_q_reg[1][1]/Q
                         net (fo=140, unplaced)       0.733     1.917    i_ariane/i_cva6/ex_stage_i/fpu_gen.fpu_i/fpu_gen.i_fpnew_bulk/gen_operation_groups[3].i_opgroup_block/gen_merged_slice.i_multifmt_slice/gen_num_lanes[0].active_lane.lane_instance.i_fpnew_cast_multi/gen_inside_pipeline[0].mid_pipe_dst_fmt_q_reg_n_0_[1][1]
                         LUT3 (Prop_lut3_I0_O)        0.232     2.149 r  i_ariane/i_cva6/ex_stage_i/fpu_gen.fpu_i/fpu_gen.i_fpnew_bulk/gen_operation_groups[3].i_opgroup_block/gen_merged_slice.i_multifmt_slice/gen_num_lanes[0].active_lane.lane_instance.i_fpnew_cast_multi/mem_q[7][sbe][result][54]_i_102/O
                         net (fo=2, unplaced)         0.269     2.418    i_ariane/i_cva6/ex_stage_i/fpu_gen.fpu_i/fpu_gen.i_fpnew_bulk/gen_operation_groups[3].i_opgroup_block/gen_merged_slice.i_multifmt_slice/gen_num_lanes[0].active_lane.lane_instance.i_fpnew_cast_multi/mem_q[7][sbe][result][54]_i_102_n_0
                         CARRY4 (Prop_carry4_CYINIT_CO[3])
                                                      0.494     2.912 r  i_ariane/i_cva6/ex_stage_i/fpu_gen.fpu_i/fpu_gen.i_fpnew_bulk/gen_operation_groups[3].i_opgroup_block/gen_merged_slice.i_multifmt_slice/gen_num_lanes[0].active_lane.lane_instance.i_fpnew_cast_multi/i___371_i_68/CO[3]
                         net (fo=1, unplaced)         0.000     2.912    i_ariane/i_cva6/ex_stage_i/fpu_gen.fpu_i/fpu_gen.i_fpnew_bulk/gen_operation_groups[3].i_opgroup_block/gen_merged_slice.i_multifmt_slice/gen_num_lanes[0].active_lane.lane_instance.i_fpnew_cast_multi/i___371_i_68_n_0
                         CARRY4 (Prop_carry4_CI_CO[3])
                                                      0.100     3.012 r  i_ariane/i_cva6/ex_stage_i/fpu_gen.fpu_i/fpu_gen.i_fpnew_bulk/gen_operation_groups[3].i_opgroup_block/gen_merged_slice.i_multifmt_slice/gen_num_lanes[0].active_lane.lane_instance.i_fpnew_cast_multi/i___371_i_53/CO[3]
                         net (fo=1, unplaced)         0.000     3.012    i_ariane/i_cva6/ex_stage_i/fpu_gen.fpu_i/fpu_gen.i_fpnew_bulk/gen_operation_groups[3].i_opgroup_block/gen_merged_slice.i_multifmt_slice/gen_num_lanes[0].active_lane.lane_instance.i_fpnew_cast_multi/i___371_i_53_n_0
                         CARRY4 (Prop_carry4_CI_CO[3])
                                                      0.100     3.112 r  i_ariane/i_cva6/ex_stage_i/fpu_gen.fpu_i/fpu_gen.i_fpnew_bulk/gen_operation_groups[3].i_opgroup_block/gen_merged_slice.i_multifmt_slice/gen_num_lanes[0].active_lane.lane_instance.i_fpnew_cast_multi/i___371_i_51/CO[3]
                         net (fo=1, unplaced)         0.000     3.112    i_ariane/i_cva6/ex_stage_i/fpu_gen.fpu_i/fpu_gen.i_fpnew_bulk/gen_operation_groups[3].i_opgroup_block/gen_merged_slice.i_multifmt_slice/gen_num_lanes[0].active_lane.lane_instance.i_fpnew_cast_multi/i___371_i_51_n_0
                         CARRY4 (Prop_carry4_CI_CO[3])
                                                      0.100     3.212 r  i_ariane/i_cva6/ex_stage_i/fpu_gen.fpu_i/fpu_gen.i_fpnew_bulk/gen_operation_groups[3].i_opgroup_block/gen_merged_slice.i_multifmt_slice/gen_num_lanes[0].active_lane.lane_instance.i_fpnew_cast_multi/i___371_i_81/CO[3]
                         net (fo=16, unplaced)        0.664     3.876    i_ariane/i_cva6/ex_stage_i/fpu_gen.fpu_i/fpu_gen.i_fpnew_bulk/gen_operation_groups[3].i_opgroup_block/gen_merged_slice.i_multifmt_slice/gen_num_lanes[0].active_lane.lane_instance.i_fpnew_cast_multi/i___371_i_81_n_0
                         LUT2 (Prop_lut2_I1_O)        0.105     3.981 r  i_ariane/i_cva6/ex_stage_i/fpu_gen.fpu_i/fpu_gen.i_fpnew_bulk/gen_operation_groups[3].i_opgroup_block/gen_merged_slice.i_multifmt_slice/gen_num_lanes[0].active_lane.lane_instance.i_fpnew_cast_multi/i___371_i_76/O
                         net (fo=1, unplaced)         0.000     3.981    i_ariane/i_cva6/ex_stage_i/fpu_gen.fpu_i/fpu_gen.i_fpnew_bulk/gen_operation_groups[3].i_opgroup_block/gen_merged_slice.i_multifmt_slice/gen_num_lanes[0].active_lane.lane_instance.i_fpnew_cast_multi/i___371_i_76_n_0
                         CARRY4 (Prop_carry4_DI[0]_CO[3])
                                                      0.477     4.458 r  i_ariane/i_cva6/ex_stage_i/fpu_gen.fpu_i/fpu_gen.i_fpnew_bulk/gen_operation_groups[3].i_opgroup_block/gen_merged_slice.i_multifmt_slice/gen_num_lanes[0].active_lane.lane_instance.i_fpnew_cast_multi/i___371_i_57/CO[3]
                         net (fo=1, unplaced)         0.000     4.458    i_ariane/i_cva6/ex_stage_i/fpu_gen.fpu_i/fpu_gen.i_fpnew_bulk/gen_operation_groups[3].i_opgroup_block/gen_merged_slice.i_multifmt_slice/gen_num_lanes[0].active_lane.lane_instance.i_fpnew_cast_multi/i___371_i_57_n_0
                         CARRY4 (Prop_carry4_CI_CO[3])
                                                      0.100     4.558 f  i_ariane/i_cva6/ex_stage_i/fpu_gen.fpu_i/fpu_gen.i_fpnew_bulk/gen_operation_groups[3].i_opgroup_block/gen_merged_slice.i_multifmt_slice/gen_num_lanes[0].active_lane.lane_instance.i_fpnew_cast_multi/i___371_i_49/CO[3]
                         net (fo=61, unplaced)        0.697     5.255    i_ariane/i_cva6/ex_stage_i/fpu_gen.fpu_i/fpu_gen.i_fpnew_bulk/gen_operation_groups[3].i_opgroup_block/gen_merged_slice.i_multifmt_slice/gen_num_lanes[0].active_lane.lane_instance.i_fpnew_cast_multi/preshift_mant1
                         LUT4 (Prop_lut4_I3_O)        0.105     5.360 f  i_ariane/i_cva6/ex_stage_i/fpu_gen.fpu_i/fpu_gen.i_fpnew_bulk/gen_operation_groups[3].i_opgroup_block/gen_merged_slice.i_multifmt_slice/gen_num_lanes[0].active_lane.lane_instance.i_fpnew_cast_multi/mem_q[7][sbe][ex][cause][0]_i_129/O
                         net (fo=4, unplaced)         0.371     5.731    i_ariane/i_cva6/ex_stage_i/fpu_gen.fpu_i/fpu_gen.i_fpnew_bulk/gen_operation_groups[3].i_opgroup_block/gen_merged_slice.i_multifmt_slice/gen_num_lanes[0].active_lane.lane_instance.i_fpnew_cast_multi/mem_q[7][sbe][ex][cause][0]_i_129_n_0
                         LUT6 (Prop_lut6_I4_O)        0.105     5.836 f  i_ariane/i_cva6/ex_stage_i/fpu_gen.fpu_i/fpu_gen.i_fpnew_bulk/gen_operation_groups[3].i_opgroup_block/gen_merged_slice.i_multifmt_slice/gen_num_lanes[0].active_lane.lane_instance.i_fpnew_cast_multi/mem_q[7][sbe][ex][cause][0]_i_287/O
                         net (fo=117, unplaced)       0.450     6.286    i_ariane/i_cva6/ex_stage_i/fpu_gen.fpu_i/fpu_gen.i_fpnew_bulk/gen_operation_groups[3].i_opgroup_block/gen_merged_slice.i_multifmt_slice/gen_num_lanes[0].active_lane.lane_instance.i_fpnew_cast_multi/mem_q[7][sbe][ex][cause][0]_i_287_n_0
                         LUT5 (Prop_lut5_I4_O)        0.105     6.391 r  i_ariane/i_cva6/ex_stage_i/fpu_gen.fpu_i/fpu_gen.i_fpnew_bulk/gen_operation_groups[3].i_opgroup_block/gen_merged_slice.i_multifmt_slice/gen_num_lanes[0].active_lane.lane_instance.i_fpnew_cast_multi/mem_q[7][sbe][ex][cause][0]_i_512/O
                         net (fo=35, unplaced)        0.420     6.811    i_ariane/i_cva6/ex_stage_i/fpu_gen.fpu_i/fpu_gen.i_fpnew_bulk/gen_operation_groups[3].i_opgroup_block/gen_merged_slice.i_multifmt_slice/gen_num_lanes[0].active_lane.lane_instance.i_fpnew_cast_multi/mem_q[7][sbe][ex][cause][0]_i_512_n_0
                         LUT6 (Prop_lut6_I2_O)        0.105     6.916 r  i_ariane/i_cva6/ex_stage_i/fpu_gen.fpu_i/fpu_gen.i_fpnew_bulk/gen_operation_groups[3].i_opgroup_block/gen_merged_slice.i_multifmt_slice/gen_num_lanes[0].active_lane.lane_instance.i_fpnew_cast_multi/mem_q[7][sbe][ex][cause][0]_i_481/O
                         net (fo=3, unplaced)         0.600     7.516    i_ariane/i_cva6/ex_stage_i/fpu_gen.fpu_i/fpu_gen.i_fpnew_bulk/gen_operation_groups[3].i_opgroup_block/gen_merged_slice.i_multifmt_slice/gen_num_lanes[0].active_lane.lane_instance.i_fpnew_cast_multi/mem_q[7][sbe][ex][cause][0]_i_481_n_0
                         LUT6 (Prop_lut6_I0_O)        0.105     7.621 r  i_ariane/i_cva6/ex_stage_i/fpu_gen.fpu_i/fpu_gen.i_fpnew_bulk/gen_operation_groups[3].i_opgroup_block/gen_merged_slice.i_multifmt_slice/gen_num_lanes[0].active_lane.lane_instance.i_fpnew_cast_multi/mem_q[7][sbe][ex][cause][0]_i_349/O
                         net (fo=4, unplaced)         0.606     8.227    i_ariane/i_cva6/ex_stage_i/fpu_gen.fpu_i/fpu_gen.i_fpnew_bulk/gen_operation_groups[3].i_opgroup_block/gen_merged_slice.i_multifmt_slice/gen_num_lanes[0].active_lane.lane_instance.i_fpnew_cast_multi/mem_q[7][sbe][ex][cause][0]_i_349_n_0
                         LUT6 (Prop_lut6_I1_O)        0.105     8.332 r  i_ariane/i_cva6/ex_stage_i/fpu_gen.fpu_i/fpu_gen.i_fpnew_bulk/gen_operation_groups[3].i_opgroup_block/gen_merged_slice.i_multifmt_slice/gen_num_lanes[0].active_lane.lane_instance.i_fpnew_cast_multi/mem_q[7][sbe][ex][cause][0]_i_212/O
                         net (fo=3, unplaced)         0.796     9.128    i_ariane/i_cva6/ex_stage_i/fpu_gen.fpu_i/fpu_gen.i_fpnew_bulk/gen_operation_groups[3].i_opgroup_block/gen_merged_slice.i_multifmt_slice/gen_num_lanes[0].active_lane.lane_instance.i_fpnew_cast_multi/mem_q[7][sbe][ex][cause][0]_i_212_n_0
                         LUT6 (Prop_lut6_I0_O)        0.105     9.233 r  i_ariane/i_cva6/ex_stage_i/fpu_gen.fpu_i/fpu_gen.i_fpnew_bulk/gen_operation_groups[3].i_opgroup_block/gen_merged_slice.i_multifmt_slice/gen_num_lanes[0].active_lane.lane_instance.i_fpnew_cast_multi/mem_q[7][sbe][ex][cause][0]_i_99/O
                         net (fo=1, unplaced)         0.778    10.011    i_ariane/i_cva6/ex_stage_i/fpu_gen.fpu_i/fpu_gen.i_fpnew_bulk/gen_operation_groups[3].i_opgroup_block/gen_merged_slice.i_multifmt_slice/gen_num_lanes[0].active_lane.lane_instance.i_fpnew_cast_multi/mem_q[7][sbe][ex][cause][0]_i_99_n_0
                         LUT5 (Prop_lut5_I0_O)        0.105    10.116 r  i_ariane/i_cva6/ex_stage_i/fpu_gen.fpu_i/fpu_gen.i_fpnew_bulk/gen_operation_groups[3].i_opgroup_block/gen_merged_slice.i_multifmt_slice/gen_num_lanes[0].active_lane.lane_instance.i_fpnew_cast_multi/mem_q[7][sbe][ex][cause][0]_i_27/O
                         net (fo=1, unplaced)         0.582    10.698    i_ariane/i_cva6/ex_stage_i/fpu_gen.fpu_i/fpu_gen.i_fpnew_bulk/gen_operation_groups[3].i_opgroup_block/gen_merged_slice.i_multifmt_slice/gen_num_lanes[0].active_lane.lane_instance.i_fpnew_cast_multi/mem_q[7][sbe][ex][cause][0]_i_27_n_0
                         LUT6 (Prop_lut6_I3_O)        0.105    10.803 r  i_ariane/i_cva6/ex_stage_i/fpu_gen.fpu_i/fpu_gen.i_fpnew_bulk/gen_operation_groups[3].i_opgroup_block/gen_merged_slice.i_multifmt_slice/gen_num_lanes[0].active_lane.lane_instance.i_fpnew_cast_multi/mem_q[7][sbe][ex][cause][0]_i_10/O
                         net (fo=4, unplaced)         0.371    11.174    i_ariane/i_cva6/ex_stage_i/fpu_gen.fpu_i/fpu_gen.i_fpnew_bulk/gen_operation_groups[3].i_opgroup_block/gen_merged_slice.i_multifmt_slice/gen_num_lanes[0].active_lane.lane_instance.i_fpnew_cast_multi/mem_q[7][sbe][ex][cause][0]_i_10_n_0
                         LUT6 (Prop_lut6_I4_O)        0.105    11.279 r  i_ariane/i_cva6/ex_stage_i/fpu_gen.fpu_i/fpu_gen.i_fpnew_bulk/gen_operation_groups[3].i_opgroup_block/gen_merged_slice.i_multifmt_slice/gen_num_lanes[0].active_lane.lane_instance.i_fpnew_cast_multi/i___366_i_119/O
                         net (fo=1, unplaced)         0.582    11.861    i_ariane/i_cva6/ex_stage_i/fpu_gen.fpu_i/fpu_gen.i_fpnew_bulk/gen_operation_groups[3].i_opgroup_block/gen_merged_slice.i_multifmt_slice/gen_num_lanes[0].active_lane.lane_instance.i_fpnew_cast_multi/i___366_i_119_n_0
                         LUT6 (Prop_lut6_I1_O)        0.105    11.966 r  i_ariane/i_cva6/ex_stage_i/fpu_gen.fpu_i/fpu_gen.i_fpnew_bulk/gen_operation_groups[3].i_opgroup_block/gen_merged_slice.i_multifmt_slice/gen_num_lanes[0].active_lane.lane_instance.i_fpnew_cast_multi/i___366_i_62/O
                         net (fo=1, unplaced)         0.000    11.966    i_ariane/i_cva6/ex_stage_i/fpu_gen.fpu_i/fpu_gen.i_fpnew_bulk/gen_operation_groups[3].i_opgroup_block/gen_merged_slice.i_multifmt_slice/gen_num_lanes[0].active_lane.lane_instance.i_fpnew_cast_multi/i___366_i_62_n_0
                         CARRY4 (Prop_carry4_S[0]_CO[3])
                                                      0.423    12.389 r  i_ariane/i_cva6/ex_stage_i/fpu_gen.fpu_i/fpu_gen.i_fpnew_bulk/gen_operation_groups[3].i_opgroup_block/gen_merged_slice.i_multifmt_slice/gen_num_lanes[0].active_lane.lane_instance.i_fpnew_cast_multi/i___366_i_32/CO[3]
                         net (fo=1, unplaced)         0.000    12.389    i_ariane/i_cva6/ex_stage_i/fpu_gen.fpu_i/fpu_gen.i_fpnew_bulk/gen_operation_groups[3].i_opgroup_block/gen_merged_slice.i_multifmt_slice/gen_num_lanes[0].active_lane.lane_instance.i_fpnew_cast_multi/i___366_i_32_n_0
                         CARRY4 (Prop_carry4_CI_CO[3])
                                                      0.100    12.489 r  i_ariane/i_cva6/ex_stage_i/fpu_gen.fpu_i/fpu_gen.i_fpnew_bulk/gen_operation_groups[3].i_opgroup_block/gen_merged_slice.i_multifmt_slice/gen_num_lanes[0].active_lane.lane_instance.i_fpnew_cast_multi/mem_q_reg[7][sbe][result][7]_i_34/CO[3]
                         net (fo=1, unplaced)         0.000    12.489    i_ariane/i_cva6/ex_stage_i/fpu_gen.fpu_i/fpu_gen.i_fpnew_bulk/gen_operation_groups[3].i_opgroup_block/gen_merged_slice.i_multifmt_slice/gen_num_lanes[0].active_lane.lane_instance.i_fpnew_cast_multi/mem_q_reg[7][sbe][result][7]_i_34_n_0
                         CARRY4 (Prop_carry4_CI_CO[3])
                                                      0.100    12.589 r  i_ariane/i_cva6/ex_stage_i/fpu_gen.fpu_i/fpu_gen.i_fpnew_bulk/gen_operation_groups[3].i_opgroup_block/gen_merged_slice.i_multifmt_slice/gen_num_lanes[0].active_lane.lane_instance.i_fpnew_cast_multi/mem_q_reg[7][sbe][result][11]_i_57/CO[3]
                         net (fo=1, unplaced)         0.000    12.589    i_ariane/i_cva6/ex_stage_i/fpu_gen.fpu_i/fpu_gen.i_fpnew_bulk/gen_operation_groups[3].i_opgroup_block/gen_merged_slice.i_multifmt_slice/gen_num_lanes[0].active_lane.lane_instance.i_fpnew_cast_multi/mem_q_reg[7][sbe][result][11]_i_57_n_0
                         CARRY4 (Prop_carry4_CI_CO[3])
                                                      0.100    12.689 r  i_ariane/i_cva6/ex_stage_i/fpu_gen.fpu_i/fpu_gen.i_fpnew_bulk/gen_operation_groups[3].i_opgroup_block/gen_merged_slice.i_multifmt_slice/gen_num_lanes[0].active_lane.lane_instance.i_fpnew_cast_multi/mem_q_reg[7][sbe][result][15]_i_52/CO[3]
                         net (fo=1, unplaced)         0.000    12.689    i_ariane/i_cva6/ex_stage_i/fpu_gen.fpu_i/fpu_gen.i_fpnew_bulk/gen_operation_groups[3].i_opgroup_block/gen_merged_slice.i_multifmt_slice/gen_num_lanes[0].active_lane.lane_instance.i_fpnew_cast_multi/mem_q_reg[7][sbe][result][15]_i_52_n_0
                         CARRY4 (Prop_carry4_CI_CO[3])
                                                      0.100    12.789 r  i_ariane/i_cva6/ex_stage_i/fpu_gen.fpu_i/fpu_gen.i_fpnew_bulk/gen_operation_groups[3].i_opgroup_block/gen_merged_slice.i_multifmt_slice/gen_num_lanes[0].active_lane.lane_instance.i_fpnew_cast_multi/mem_q_reg[7][sbe][result][23]_i_46/CO[3]
                         net (fo=1, unplaced)         0.000    12.789    i_ariane/i_cva6/ex_stage_i/fpu_gen.fpu_i/fpu_gen.i_fpnew_bulk/gen_operation_groups[3].i_opgroup_block/gen_merged_slice.i_multifmt_slice/gen_num_lanes[0].active_lane.lane_instance.i_fpnew_cast_multi/mem_q_reg[7][sbe][result][23]_i_46_n_0
                         CARRY4 (Prop_carry4_CI_CO[3])
                                                      0.100    12.889 r  i_ariane/i_cva6/ex_stage_i/fpu_gen.fpu_i/fpu_gen.i_fpnew_bulk/gen_operation_groups[3].i_opgroup_block/gen_merged_slice.i_multifmt_slice/gen_num_lanes[0].active_lane.lane_instance.i_fpnew_cast_multi/mem_q_reg[7][sbe][result][23]_i_29/CO[3]
                         net (fo=1, unplaced)         0.000    12.889    i_ariane/i_cva6/ex_stage_i/fpu_gen.fpu_i/fpu_gen.i_fpnew_bulk/gen_operation_groups[3].i_opgroup_block/gen_merged_slice.i_multifmt_slice/gen_num_lanes[0].active_lane.lane_instance.i_fpnew_cast_multi/mem_q_reg[7][sbe][result][23]_i_29_n_0
                         CARRY4 (Prop_carry4_CI_O[2])
                                                      0.214    13.103 f  i_ariane/i_cva6/ex_stage_i/fpu_gen.fpu_i/fpu_gen.i_fpnew_bulk/gen_operation_groups[3].i_opgroup_block/gen_merged_slice.i_multifmt_slice/gen_num_lanes[0].active_lane.lane_instance.i_fpnew_cast_multi/mem_q_reg[7][sbe][result][27]_i_35/O[2]
                         net (fo=6, unplaced)         0.381    13.484    i_ariane/i_cva6/ex_stage_i/fpu_gen.fpu_i/fpu_gen.i_fpnew_bulk/gen_operation_groups[3].i_opgroup_block/gen_merged_slice.i_multifmt_slice/gen_num_lanes[0].active_lane.lane_instance.i_fpnew_cast_multi/rounded_abs[26]
                         LUT1 (Prop_lut1_I0_O)        0.244    13.728 r  i_ariane/i_cva6/ex_stage_i/fpu_gen.fpu_i/fpu_gen.i_fpnew_bulk/gen_operation_groups[3].i_opgroup_block/gen_merged_slice.i_multifmt_slice/gen_num_lanes[0].active_lane.lane_instance.i_fpnew_cast_multi/mem_q[7][sbe][result][28]_i_58/O
                         net (fo=1, unplaced)         0.000    13.728    i_ariane/i_cva6/ex_stage_i/fpu_gen.fpu_i/fpu_gen.i_fpnew_bulk/gen_operation_groups[3].i_opgroup_block/gen_merged_slice.i_multifmt_slice/gen_num_lanes[0].active_lane.lane_instance.i_fpnew_cast_multi/mem_q[7][sbe][result][28]_i_58_n_0
                         CARRY4 (Prop_carry4_S[1]_CO[3])
                                                      0.444    14.172 f  i_ariane/i_cva6/ex_stage_i/fpu_gen.fpu_i/fpu_gen.i_fpnew_bulk/gen_operation_groups[3].i_opgroup_block/gen_merged_slice.i_multifmt_slice/gen_num_lanes[0].active_lane.lane_instance.i_fpnew_cast_multi/mem_q_reg[7][sbe][result][28]_i_31/CO[3]
                         net (fo=1, unplaced)         0.000    14.172    i_ariane/i_cva6/ex_stage_i/fpu_gen.fpu_i/fpu_gen.i_fpnew_bulk/gen_operation_groups[3].i_opgroup_block/gen_merged_slice.i_multifmt_slice/gen_num_lanes[0].active_lane.lane_instance.i_fpnew_cast_multi/mem_q_reg[7][sbe][result][28]_i_31_n_0
                         CARRY4 (Prop_carry4_CI_O[2])
                                                      0.214    14.386 r  i_ariane/i_cva6/ex_stage_i/fpu_gen.fpu_i/fpu_gen.i_fpnew_bulk/gen_operation_groups[3].i_opgroup_block/gen_merged_slice.i_multifmt_slice/gen_num_lanes[0].active_lane.lane_instance.i_fpnew_cast_multi/i___368_i_14/O[2]
                         net (fo=4, unplaced)         0.373    14.759    i_ariane/i_cva6/ex_stage_i/fpu_gen.fpu_i/fpu_gen.i_fpnew_bulk/gen_operation_groups[3].i_opgroup_block/gen_merged_slice.i_multifmt_slice/gen_num_lanes[0].active_lane.lane_instance.i_fpnew_cast_multi/rounded_uint_res0[31]
                         LUT5 (Prop_lut5_I1_O)        0.244    15.003 r  i_ariane/i_cva6/ex_stage_i/fpu_gen.fpu_i/fpu_gen.i_fpnew_bulk/gen_operation_groups[3].i_opgroup_block/gen_merged_slice.i_multifmt_slice/gen_num_lanes[0].active_lane.lane_instance.i_fpnew_cast_multi/i___368_i_11/O
                         net (fo=33, unplaced)        0.654    15.657    i_ariane/i_cva6/ex_stage_i/fpu_gen.fpu_i/fpu_gen.i_fpnew_bulk/gen_operation_groups[3].i_opgroup_block/gen_merged_slice.i_multifmt_slice/gen_num_lanes[0].active_lane.lane_instance.i_fpnew_cast_multi/i___368_i_11_n_0
                         LUT5 (Prop_lut5_I4_O)        0.105    15.762 f  i_ariane/i_cva6/ex_stage_i/fpu_gen.fpu_i/fpu_gen.i_fpnew_bulk/gen_operation_groups[3].i_opgroup_block/gen_merged_slice.i_multifmt_slice/gen_num_lanes[0].active_lane.lane_instance.i_fpnew_cast_multi/mem_q[7][sbe][result][51]_i_19/O
                         net (fo=2, unplaced)         0.593    16.355    i_ariane/i_cva6/ex_stage_i/fpu_gen.fpu_i/fpu_gen.i_fpnew_bulk/gen_operation_groups[3].i_opgroup_block/gen_merged_slice.i_multifmt_slice/gen_num_lanes[0].active_lane.lane_instance.i_fpnew_cast_multi/mem_q[7][sbe][result][51]_i_19_n_0
                         LUT6 (Prop_lut6_I0_O)        0.105    16.460 f  i_ariane/i_cva6/ex_stage_i/fpu_gen.fpu_i/fpu_gen.i_fpnew_bulk/gen_operation_groups[3].i_opgroup_block/gen_merged_slice.i_multifmt_slice/gen_num_lanes[0].active_lane.lane_instance.i_fpnew_cast_multi/i___366_i_125/O
                         net (fo=1, unplaced)         0.000    16.460    i_ariane/i_cva6/ex_stage_i/fpu_gen.fpu_i/fpu_gen.i_fpnew_bulk/gen_operation_groups[3].i_opgroup_block/gen_merged_slice.i_multifmt_slice/gen_num_lanes[0].active_lane.lane_instance.i_fpnew_cast_multi/i___366_i_125_n_0
                         CARRY4 (Prop_carry4_S[1]_CO[3])
                                                      0.444    16.904 r  i_ariane/i_cva6/ex_stage_i/fpu_gen.fpu_i/fpu_gen.i_fpnew_bulk/gen_operation_groups[3].i_opgroup_block/gen_merged_slice.i_multifmt_slice/gen_num_lanes[0].active_lane.lane_instance.i_fpnew_cast_multi/i___366_i_63/CO[3]
                         net (fo=1, unplaced)         0.000    16.904    i_ariane/i_cva6/ex_stage_i/fpu_gen.fpu_i/fpu_gen.i_fpnew_bulk/gen_operation_groups[3].i_opgroup_block/gen_merged_slice.i_multifmt_slice/gen_num_lanes[0].active_lane.lane_instance.i_fpnew_cast_multi/i___366_i_63_n_0
                         CARRY4 (Prop_carry4_CI_CO[1])
                                                      0.150    17.054 r  i_ariane/i_cva6/ex_stage_i/fpu_gen.fpu_i/fpu_gen.i_fpnew_bulk/gen_operation_groups[3].i_opgroup_block/gen_merged_slice.i_multifmt_slice/gen_num_lanes[0].active_lane.lane_instance.i_fpnew_cast_multi/i___366_i_34/CO[1]
                         net (fo=1, unplaced)         0.240    17.294    i_ariane/i_cva6/ex_stage_i/fpu_gen.fpu_i/fpu_gen.i_fpnew_bulk/gen_operation_groups[3].i_opgroup_block/gen_merged_slice.i_multifmt_slice/gen_num_lanes[0].active_lane.lane_instance.i_fpnew_cast_multi/int_result_is_special1
                         LUT6 (Prop_lut6_I4_O)        0.277    17.571 f  i_ariane/i_cva6/ex_stage_i/fpu_gen.fpu_i/fpu_gen.i_fpnew_bulk/gen_operation_groups[3].i_opgroup_block/gen_merged_slice.i_multifmt_slice/gen_num_lanes[0].active_lane.lane_instance.i_fpnew_cast_multi/i___366_i_19/O
                         net (fo=45, unplaced)        0.427    17.998    i_ariane/i_cva6/ex_stage_i/fpu_gen.fpu_i/fpu_gen.i_fpnew_bulk/gen_operation_groups[3].i_opgroup_block/gen_merged_slice.i_multifmt_slice/gen_num_lanes[0].active_lane.lane_instance.i_fpnew_cast_multi/i___366_i_19_n_0
                         LUT4 (Prop_lut4_I3_O)        0.105    18.103 r  i_ariane/i_cva6/ex_stage_i/fpu_gen.fpu_i/fpu_gen.i_fpnew_bulk/gen_operation_groups[3].i_opgroup_block/gen_merged_slice.i_multifmt_slice/gen_num_lanes[0].active_lane.lane_instance.i_fpnew_cast_multi/i___366_i_21/O
                         net (fo=8, unplaced)         0.385    18.488    i_ariane/i_cva6/ex_stage_i/fpu_gen.fpu_i/fpu_gen.i_fpnew_bulk/gen_operation_groups[3].i_opgroup_block/gen_merged_slice.i_multifmt_slice/gen_num_lanes[0].active_lane.lane_instance.i_fpnew_cast_multi/i___366_i_21_n_0
                         LUT6 (Prop_lut6_I4_O)        0.105    18.593 r  i_ariane/i_cva6/ex_stage_i/fpu_gen.fpu_i/fpu_gen.i_fpnew_bulk/gen_operation_groups[3].i_opgroup_block/gen_merged_slice.i_multifmt_slice/gen_num_lanes[0].active_lane.lane_instance.i_fpnew_cast_multi/i___366_i_13/O
                         net (fo=1, unplaced)         0.582    19.175    i_ariane/i_cva6/ex_stage_i/fpu_gen.fpu_i/fpu_gen.i_fpnew_bulk/gen_operation_groups[3].i_opgroup_block/gen_merged_slice.i_multifmt_slice/gen_num_lanes[0].active_lane.lane_instance.i_fpnew_cast_multi/i___366_i_13_n_0
                         LUT6 (Prop_lut6_I0_O)        0.105    19.280 r  i_ariane/i_cva6/ex_stage_i/fpu_gen.fpu_i/fpu_gen.i_fpnew_bulk/gen_operation_groups[3].i_opgroup_block/gen_merged_slice.i_multifmt_slice/gen_num_lanes[0].active_lane.lane_instance.i_fpnew_cast_multi/i___366_i_5/O
                         net (fo=1, unplaced)         0.347    19.627    i_ariane/i_cva6/ex_stage_i/fpu_gen.fpu_i/fpu_gen.i_fpnew_bulk/gen_operation_groups[0].i_opgroup_block/gen_parallel_slices[0].active_format.i_fmt_slice/gen_num_lanes[0].active_lane.lane_instance.i_fma/gen_arbiter.data_nodes[2][result][3]
                         LUT5 (Prop_lut5_I0_O)        0.105    19.732 r  i_ariane/i_cva6/ex_stage_i/fpu_gen.fpu_i/fpu_gen.i_fpnew_bulk/gen_operation_groups[0].i_opgroup_block/gen_parallel_slices[0].active_format.i_fmt_slice/gen_num_lanes[0].active_lane.lane_instance.i_fma/i___366_i_1/O
                         net (fo=19, unplaced)        0.406    20.138    i_ariane/i_cva6/issue_stage_i/i_issue_read_operands/fpu_result_ex_id[3]
                         LUT5 (Prop_lut5_I0_O)        0.105    20.243 f  i_ariane/i_cva6/issue_stage_i/i_issue_read_operands/i___328_i_2/O
                         net (fo=3, unplaced)         0.600    20.843    i_ariane/i_cva6/issue_stage_i/i_issue_read_operands/i___328_i_2_n_0
                         LUT6 (Prop_lut6_I1_O)        0.105    20.948 f  i_ariane/i_cva6/issue_stage_i/i_issue_read_operands/fu_data_q[0][operand_a][3]_i_12/O
                         net (fo=1, unplaced)         0.000    20.948    i_ariane/i_cva6/issue_stage_i/i_issue_read_operands/fu_data_q[0][operand_a][3]_i_12_n_0
                         MUXF7 (Prop_muxf7_I0_O)      0.201    21.149 f  i_ariane/i_cva6/issue_stage_i/i_issue_read_operands/fu_data_q_reg[0][operand_a][3]_i_5/O
                         net (fo=1, unplaced)         0.349    21.498    i_ariane/i_cva6/issue_stage_i/i_issue_read_operands/fu_data_q_reg[0][operand_a][3]_i_5_n_0
                         LUT6 (Prop_lut6_I5_O)        0.242    21.740 f  i_ariane/i_cva6/issue_stage_i/i_issue_read_operands/fu_data_q[0][operand_a][3]_i_2/O
                         net (fo=1, unplaced)         0.347    22.087    i_ariane/i_cva6/issue_stage_i/i_issue_read_operands/fu_data_q[0][operand_a][3]_i_2_n_0
                         LUT5 (Prop_lut5_I4_O)        0.105    22.192 r  i_ariane/i_cva6/issue_stage_i/i_issue_read_operands/fu_data_q[0][operand_a][3]_i_1/O
                         net (fo=17, unplaced)        0.403    22.595    i_ariane/gen_cvxif.gen_COPRO_KECC_AES_K.i_kecc_aes_k_xif_coprocessor/D[3]
                         LUT3 (Prop_lut3_I0_O)        0.105    22.700 r  i_ariane/gen_cvxif.gen_COPRO_KECC_AES_K.i_kecc_aes_k_xif_coprocessor/i___30_i_9/O
                         net (fo=6, unplaced)         0.379    23.079    i_ariane/i_cva6/id_stage_i/registers[0]_23[3]
                         LUT6 (Prop_lut6_I5_O)        0.105    23.184 r  i_ariane/i_cva6/id_stage_i/i___30_i_2/O
                         net (fo=11, unplaced)        0.628    23.812    i_ariane/i_cva6/id_stage_i/issue_q_reg[0][orig_instr][21]_7
                         LUT6 (Prop_lut6_I1_O)        0.105    23.917 r  i_ariane/i_cva6/id_stage_i/i___25_i_10/O
                         net (fo=3, unplaced)         0.796    24.713    i_ariane/i_cva6/id_stage_i/i___25_i_10_n_0
                         LUT6 (Prop_lut6_I3_O)        0.105    24.818 r  i_ariane/i_cva6/id_stage_i/i___25_i_2/O
                         net (fo=10, unplaced)        0.625    25.443    i_ariane/i_cva6/id_stage_i/i___235_i_3_0
                         LUT4 (Prop_lut4_I1_O)        0.105    25.548 r  i_ariane/i_cva6/id_stage_i/i___235_i_1/O
                         net (fo=6, unplaced)         0.614    26.162    i_ariane/i_cva6/id_stage_i/i___25_i_1_0
                         LUT4 (Prop_lut4_I0_O)        0.105    26.267 r  i_ariane/i_cva6/id_stage_i/i___75_i_6/O
                         net (fo=4, unplaced)         0.606    26.873    i_ariane/i_cva6/id_stage_i/i___12_i_4_0
                         LUT6 (Prop_lut6_I2_O)        0.105    26.978 r  i_ariane/i_cva6/id_stage_i/i___20_i_1/O
                         net (fo=8, unplaced)         0.385    27.363    i_ariane/i_cva6/id_stage_i/i___13_i_3_0
                         LUT5 (Prop_lut5_I1_O)        0.105    27.468 r  i_ariane/i_cva6/id_stage_i/result_o[34]_i_8/O
                         net (fo=4, unplaced)         0.371    27.839    i_ariane/i_cva6/id_stage_i/result_o[34]_i_8_n_0
                         LUT6 (Prop_lut6_I0_O)        0.105    27.944 r  i_ariane/i_cva6/id_stage_i/result_o[2]_i_4/O
                         net (fo=1, unplaced)         0.347    28.291    i_ariane/i_cva6/id_stage_i/result_o[2]_i_4_n_0
                         LUT6 (Prop_lut6_I3_O)        0.105    28.396 r  i_ariane/i_cva6/id_stage_i/result_o[2]_i_1/O
                         net (fo=1, unplaced)         0.000    28.396    i_ariane/gen_cvxif.gen_COPRO_KECC_AES_K.i_kecc_aes_k_xif_coprocessor/i_ex/result_o_reg[63]_1[2]
                         FDCE                                         r  i_ariane/gen_cvxif.gen_COPRO_KECC_AES_K.i_kecc_aes_k_xif_coprocessor/i_ex/result_o_reg[2]/D
  -------------------------------------------------------------------    -------------------

                         (clock clk_i rise edge)     10.000    10.000 r  
                                                      0.000    10.000 r  clk_i (IN)
                         net (fo=23772, unset)        0.748    10.748    i_ariane/gen_cvxif.gen_COPRO_KECC_AES_K.i_kecc_aes_k_xif_coprocessor/i_ex/clk_i
                         FDCE                                         r  i_ariane/gen_cvxif.gen_COPRO_KECC_AES_K.i_kecc_aes_k_xif_coprocessor/i_ex/result_o_reg[2]/C
                         clock pessimism              0.000    10.748    
                         clock uncertainty           -0.035    10.712    
                         FDCE (Setup_fdce_C_D)        0.043    10.755    i_ariane/gen_cvxif.gen_COPRO_KECC_AES_K.i_kecc_aes_k_xif_coprocessor/i_ex/result_o_reg[2]
  -------------------------------------------------------------------
                         required time                         10.755    
                         arrival time                         -28.396    
  -------------------------------------------------------------------
                         slack                                -17.641    

Slack (VIOLATED) :        -17.641ns  (required time - arrival time)
  Source:                 i_ariane/i_cva6/ex_stage_i/fpu_gen.fpu_i/fpu_gen.i_fpnew_bulk/gen_operation_groups[3].i_opgroup_block/gen_merged_slice.i_multifmt_slice/gen_num_lanes[0].active_lane.lane_instance.i_fpnew_cast_multi/gen_inside_pipeline[0].mid_pipe_dst_fmt_q_reg[1][1]/C
                            (rising edge-triggered cell FDCE clocked by clk_i  {rise@0.000ns fall@5.000ns period=10.000ns})
  Destination:            i_ariane/gen_cvxif.gen_COPRO_KECC_AES_K.i_kecc_aes_k_xif_coprocessor/i_ex/result_o_reg[2]/D
                            (rising edge-triggered cell FDCE clocked by clk_i  {rise@0.000ns fall@5.000ns period=10.000ns})
  Path Group:             clk_i
  Path Type:              Setup (Max at Slow Process Corner)
  Requirement:            10.000ns  (clk_i rise@10.000ns - clk_i rise@0.000ns)
  Data Path Delay:        27.609ns  (logic 8.852ns (32.062%)  route 18.757ns (67.938%))
  Logic Levels:           54  (CARRY4=17 LUT1=1 LUT2=1 LUT3=2 LUT4=4 LUT5=8 LUT6=20 MUXF7=1)
  Clock Path Skew:        -0.039ns (DCD - SCD + CPR)
    Destination Clock Delay (DCD):    0.748ns = ( 10.748 - 10.000 ) 
    Source Clock Delay      (SCD):    0.787ns
    Clock Pessimism Removal (CPR):    0.000ns
  Clock Uncertainty:      0.035ns  ((TSJ^2 + TIJ^2)^1/2 + DJ) / 2 + PE
    Total System Jitter     (TSJ):    0.071ns
    Total Input Jitter      (TIJ):    0.000ns
    Discrete Jitter          (DJ):    0.000ns
    Phase Error              (PE):    0.000ns

    Location             Delay type                Incr(ns)  Path(ns)    Netlist Resource(s)
  -------------------------------------------------------------------    -------------------
                         (clock clk_i rise edge)      0.000     0.000 r  
                                                      0.000     0.000 r  clk_i (IN)
                         net (fo=23772, unset)        0.787     0.787    i_ariane/i_cva6/ex_stage_i/fpu_gen.fpu_i/fpu_gen.i_fpnew_bulk/gen_operation_groups[3].i_opgroup_block/gen_merged_slice.i_multifmt_slice/gen_num_lanes[0].active_lane.lane_instance.i_fpnew_cast_multi/clk_i
                         FDCE                                         r  i_ariane/i_cva6/ex_stage_i/fpu_gen.fpu_i/fpu_gen.i_fpnew_bulk/gen_operation_groups[3].i_opgroup_block/gen_merged_slice.i_multifmt_slice/gen_num_lanes[0].active_lane.lane_instance.i_fpnew_cast_multi/gen_inside_pipeline[0].mid_pipe_dst_fmt_q_reg[1][1]/C
  -------------------------------------------------------------------    -------------------
                         FDCE (Prop_fdce_C_Q)         0.397     1.184 r  i_ariane/i_cva6/ex_stage_i/fpu_gen.fpu_i/fpu_gen.i_fpnew_bulk/gen_operation_groups[3].i_opgroup_block/gen_merged_slice.i_multifmt_slice/gen_num_lanes[0].active_lane.lane_instance.i_fpnew_cast_multi/gen_inside_pipeline[0].mid_pipe_dst_fmt_q_reg[1][1]/Q
                         net (fo=140, unplaced)       0.733     1.917    i_ariane/i_cva6/ex_stage_i/fpu_gen.fpu_i/fpu_gen.i_fpnew_bulk/gen_operation_groups[3].i_opgroup_block/gen_merged_slice.i_multifmt_slice/gen_num_lanes[0].active_lane.lane_instance.i_fpnew_cast_multi/gen_inside_pipeline[0].mid_pipe_dst_fmt_q_reg_n_0_[1][1]
                         LUT3 (Prop_lut3_I0_O)        0.232     2.149 r  i_ariane/i_cva6/ex_stage_i/fpu_gen.fpu_i/fpu_gen.i_fpnew_bulk/gen_operation_groups[3].i_opgroup_block/gen_merged_slice.i_multifmt_slice/gen_num_lanes[0].active_lane.lane_instance.i_fpnew_cast_multi/mem_q[7][sbe][result][54]_i_102/O
                         net (fo=2, unplaced)         0.269     2.418    i_ariane/i_cva6/ex_stage_i/fpu_gen.fpu_i/fpu_gen.i_fpnew_bulk/gen_operation_groups[3].i_opgroup_block/gen_merged_slice.i_multifmt_slice/gen_num_lanes[0].active_lane.lane_instance.i_fpnew_cast_multi/mem_q[7][sbe][result][54]_i_102_n_0
                         CARRY4 (Prop_carry4_CYINIT_CO[3])
                                                      0.494     2.912 r  i_ariane/i_cva6/ex_stage_i/fpu_gen.fpu_i/fpu_gen.i_fpnew_bulk/gen_operation_groups[3].i_opgroup_block/gen_merged_slice.i_multifmt_slice/gen_num_lanes[0].active_lane.lane_instance.i_fpnew_cast_multi/i___371_i_68/CO[3]
                         net (fo=1, unplaced)         0.000     2.912    i_ariane/i_cva6/ex_stage_i/fpu_gen.fpu_i/fpu_gen.i_fpnew_bulk/gen_operation_groups[3].i_opgroup_block/gen_merged_slice.i_multifmt_slice/gen_num_lanes[0].active_lane.lane_instance.i_fpnew_cast_multi/i___371_i_68_n_0
                         CARRY4 (Prop_carry4_CI_CO[3])
                                                      0.100     3.012 r  i_ariane/i_cva6/ex_stage_i/fpu_gen.fpu_i/fpu_gen.i_fpnew_bulk/gen_operation_groups[3].i_opgroup_block/gen_merged_slice.i_multifmt_slice/gen_num_lanes[0].active_lane.lane_instance.i_fpnew_cast_multi/i___371_i_53/CO[3]
                         net (fo=1, unplaced)         0.000     3.012    i_ariane/i_cva6/ex_stage_i/fpu_gen.fpu_i/fpu_gen.i_fpnew_bulk/gen_operation_groups[3].i_opgroup_block/gen_merged_slice.i_multifmt_slice/gen_num_lanes[0].active_lane.lane_instance.i_fpnew_cast_multi/i___371_i_53_n_0
                         CARRY4 (Prop_carry4_CI_CO[3])
                                                      0.100     3.112 r  i_ariane/i_cva6/ex_stage_i/fpu_gen.fpu_i/fpu_gen.i_fpnew_bulk/gen_operation_groups[3].i_opgroup_block/gen_merged_slice.i_multifmt_slice/gen_num_lanes[0].active_lane.lane_instance.i_fpnew_cast_multi/i___371_i_51/CO[3]
                         net (fo=1, unplaced)         0.000     3.112    i_ariane/i_cva6/ex_stage_i/fpu_gen.fpu_i/fpu_gen.i_fpnew_bulk/gen_operation_groups[3].i_opgroup_block/gen_merged_slice.i_multifmt_slice/gen_num_lanes[0].active_lane.lane_instance.i_fpnew_cast_multi/i___371_i_51_n_0
                         CARRY4 (Prop_carry4_CI_CO[3])
                                                      0.100     3.212 r  i_ariane/i_cva6/ex_stage_i/fpu_gen.fpu_i/fpu_gen.i_fpnew_bulk/gen_operation_groups[3].i_opgroup_block/gen_merged_slice.i_multifmt_slice/gen_num_lanes[0].active_lane.lane_instance.i_fpnew_cast_multi/i___371_i_81/CO[3]
                         net (fo=16, unplaced)        0.664     3.876    i_ariane/i_cva6/ex_stage_i/fpu_gen.fpu_i/fpu_gen.i_fpnew_bulk/gen_operation_groups[3].i_opgroup_block/gen_merged_slice.i_multifmt_slice/gen_num_lanes[0].active_lane.lane_instance.i_fpnew_cast_multi/i___371_i_81_n_0
                         LUT2 (Prop_lut2_I1_O)        0.105     3.981 r  i_ariane/i_cva6/ex_stage_i/fpu_gen.fpu_i/fpu_gen.i_fpnew_bulk/gen_operation_groups[3].i_opgroup_block/gen_merged_slice.i_multifmt_slice/gen_num_lanes[0].active_lane.lane_instance.i_fpnew_cast_multi/i___371_i_76/O
                         net (fo=1, unplaced)         0.000     3.981    i_ariane/i_cva6/ex_stage_i/fpu_gen.fpu_i/fpu_gen.i_fpnew_bulk/gen_operation_groups[3].i_opgroup_block/gen_merged_slice.i_multifmt_slice/gen_num_lanes[0].active_lane.lane_instance.i_fpnew_cast_multi/i___371_i_76_n_0
                         CARRY4 (Prop_carry4_DI[0]_CO[3])
                                                      0.477     4.458 r  i_ariane/i_cva6/ex_stage_i/fpu_gen.fpu_i/fpu_gen.i_fpnew_bulk/gen_operation_groups[3].i_opgroup_block/gen_merged_slice.i_multifmt_slice/gen_num_lanes[0].active_lane.lane_instance.i_fpnew_cast_multi/i___371_i_57/CO[3]
                         net (fo=1, unplaced)         0.000     4.458    i_ariane/i_cva6/ex_stage_i/fpu_gen.fpu_i/fpu_gen.i_fpnew_bulk/gen_operation_groups[3].i_opgroup_block/gen_merged_slice.i_multifmt_slice/gen_num_lanes[0].active_lane.lane_instance.i_fpnew_cast_multi/i___371_i_57_n_0
                         CARRY4 (Prop_carry4_CI_CO[3])
                                                      0.100     4.558 r  i_ariane/i_cva6/ex_stage_i/fpu_gen.fpu_i/fpu_gen.i_fpnew_bulk/gen_operation_groups[3].i_opgroup_block/gen_merged_slice.i_multifmt_slice/gen_num_lanes[0].active_lane.lane_instance.i_fpnew_cast_multi/i___371_i_49/CO[3]
                         net (fo=61, unplaced)        0.697     5.255    i_ariane/i_cva6/ex_stage_i/fpu_gen.fpu_i/fpu_gen.i_fpnew_bulk/gen_operation_groups[3].i_opgroup_block/gen_merged_slice.i_multifmt_slice/gen_num_lanes[0].active_lane.lane_instance.i_fpnew_cast_multi/preshift_mant1
                         LUT4 (Prop_lut4_I3_O)        0.105     5.360 r  i_ariane/i_cva6/ex_stage_i/fpu_gen.fpu_i/fpu_gen.i_fpnew_bulk/gen_operation_groups[3].i_opgroup_block/gen_merged_slice.i_multifmt_slice/gen_num_lanes[0].active_lane.lane_instance.i_fpnew_cast_multi/mem_q[7][sbe][ex][cause][0]_i_129/O
                         net (fo=4, unplaced)         0.371     5.731    i_ariane/i_cva6/ex_stage_i/fpu_gen.fpu_i/fpu_gen.i_fpnew_bulk/gen_operation_groups[3].i_opgroup_block/gen_merged_slice.i_multifmt_slice/gen_num_lanes[0].active_lane.lane_instance.i_fpnew_cast_multi/mem_q[7][sbe][ex][cause][0]_i_129_n_0
                         LUT6 (Prop_lut6_I4_O)        0.105     5.836 r  i_ariane/i_cva6/ex_stage_i/fpu_gen.fpu_i/fpu_gen.i_fpnew_bulk/gen_operation_groups[3].i_opgroup_block/gen_merged_slice.i_multifmt_slice/gen_num_lanes[0].active_lane.lane_instance.i_fpnew_cast_multi/mem_q[7][sbe][ex][cause][0]_i_287/O
                         net (fo=117, unplaced)       0.450     6.286    i_ariane/i_cva6/ex_stage_i/fpu_gen.fpu_i/fpu_gen.i_fpnew_bulk/gen_operation_groups[3].i_opgroup_block/gen_merged_slice.i_multifmt_slice/gen_num_lanes[0].active_lane.lane_instance.i_fpnew_cast_multi/mem_q[7][sbe][ex][cause][0]_i_287_n_0
                         LUT5 (Prop_lut5_I4_O)        0.105     6.391 f  i_ariane/i_cva6/ex_stage_i/fpu_gen.fpu_i/fpu_gen.i_fpnew_bulk/gen_operation_groups[3].i_opgroup_block/gen_merged_slice.i_multifmt_slice/gen_num_lanes[0].active_lane.lane_instance.i_fpnew_cast_multi/mem_q[7][sbe][ex][cause][0]_i_512/O
                         net (fo=35, unplaced)        0.420     6.811    i_ariane/i_cva6/ex_stage_i/fpu_gen.fpu_i/fpu_gen.i_fpnew_bulk/gen_operation_groups[3].i_opgroup_block/gen_merged_slice.i_multifmt_slice/gen_num_lanes[0].active_lane.lane_instance.i_fpnew_cast_multi/mem_q[7][sbe][ex][cause][0]_i_512_n_0
                         LUT6 (Prop_lut6_I2_O)        0.105     6.916 f  i_ariane/i_cva6/ex_stage_i/fpu_gen.fpu_i/fpu_gen.i_fpnew_bulk/gen_operation_groups[3].i_opgroup_block/gen_merged_slice.i_multifmt_slice/gen_num_lanes[0].active_lane.lane_instance.i_fpnew_cast_multi/mem_q[7][sbe][ex][cause][0]_i_481/O
                         net (fo=3, unplaced)         0.600     7.516    i_ariane/i_cva6/ex_stage_i/fpu_gen.fpu_i/fpu_gen.i_fpnew_bulk/gen_operation_groups[3].i_opgroup_block/gen_merged_slice.i_multifmt_slice/gen_num_lanes[0].active_lane.lane_instance.i_fpnew_cast_multi/mem_q[7][sbe][ex][cause][0]_i_481_n_0
                         LUT6 (Prop_lut6_I0_O)        0.105     7.621 f  i_ariane/i_cva6/ex_stage_i/fpu_gen.fpu_i/fpu_gen.i_fpnew_bulk/gen_operation_groups[3].i_opgroup_block/gen_merged_slice.i_multifmt_slice/gen_num_lanes[0].active_lane.lane_instance.i_fpnew_cast_multi/mem_q[7][sbe][ex][cause][0]_i_349/O
                         net (fo=4, unplaced)         0.606     8.227    i_ariane/i_cva6/ex_stage_i/fpu_gen.fpu_i/fpu_gen.i_fpnew_bulk/gen_operation_groups[3].i_opgroup_block/gen_merged_slice.i_multifmt_slice/gen_num_lanes[0].active_lane.lane_instance.i_fpnew_cast_multi/mem_q[7][sbe][ex][cause][0]_i_349_n_0
                         LUT6 (Prop_lut6_I1_O)        0.105     8.332 f  i_ariane/i_cva6/ex_stage_i/fpu_gen.fpu_i/fpu_gen.i_fpnew_bulk/gen_operation_groups[3].i_opgroup_block/gen_merged_slice.i_multifmt_slice/gen_num_lanes[0].active_lane.lane_instance.i_fpnew_cast_multi/mem_q[7][sbe][ex][cause][0]_i_212/O
                         net (fo=3, unplaced)         0.796     9.128    i_ariane/i_cva6/ex_stage_i/fpu_gen.fpu_i/fpu_gen.i_fpnew_bulk/gen_operation_groups[3].i_opgroup_block/gen_merged_slice.i_multifmt_slice/gen_num_lanes[0].active_lane.lane_instance.i_fpnew_cast_multi/mem_q[7][sbe][ex][cause][0]_i_212_n_0
                         LUT6 (Prop_lut6_I0_O)        0.105     9.233 f  i_ariane/i_cva6/ex_stage_i/fpu_gen.fpu_i/fpu_gen.i_fpnew_bulk/gen_operation_groups[3].i_opgroup_block/gen_merged_slice.i_multifmt_slice/gen_num_lanes[0].active_lane.lane_instance.i_fpnew_cast_multi/mem_q[7][sbe][ex][cause][0]_i_99/O
                         net (fo=1, unplaced)         0.778    10.011    i_ariane/i_cva6/ex_stage_i/fpu_gen.fpu_i/fpu_gen.i_fpnew_bulk/gen_operation_groups[3].i_opgroup_block/gen_merged_slice.i_multifmt_slice/gen_num_lanes[0].active_lane.lane_instance.i_fpnew_cast_multi/mem_q[7][sbe][ex][cause][0]_i_99_n_0
                         LUT5 (Prop_lut5_I0_O)        0.105    10.116 f  i_ariane/i_cva6/ex_stage_i/fpu_gen.fpu_i/fpu_gen.i_fpnew_bulk/gen_operation_groups[3].i_opgroup_block/gen_merged_slice.i_multifmt_slice/gen_num_lanes[0].active_lane.lane_instance.i_fpnew_cast_multi/mem_q[7][sbe][ex][cause][0]_i_27/O
                         net (fo=1, unplaced)         0.582    10.698    i_ariane/i_cva6/ex_stage_i/fpu_gen.fpu_i/fpu_gen.i_fpnew_bulk/gen_operation_groups[3].i_opgroup_block/gen_merged_slice.i_multifmt_slice/gen_num_lanes[0].active_lane.lane_instance.i_fpnew_cast_multi/mem_q[7][sbe][ex][cause][0]_i_27_n_0
                         LUT6 (Prop_lut6_I3_O)        0.105    10.803 f  i_ariane/i_cva6/ex_stage_i/fpu_gen.fpu_i/fpu_gen.i_fpnew_bulk/gen_operation_groups[3].i_opgroup_block/gen_merged_slice.i_multifmt_slice/gen_num_lanes[0].active_lane.lane_instance.i_fpnew_cast_multi/mem_q[7][sbe][ex][cause][0]_i_10/O
                         net (fo=4, unplaced)         0.371    11.174    i_ariane/i_cva6/ex_stage_i/fpu_gen.fpu_i/fpu_gen.i_fpnew_bulk/gen_operation_groups[3].i_opgroup_block/gen_merged_slice.i_multifmt_slice/gen_num_lanes[0].active_lane.lane_instance.i_fpnew_cast_multi/mem_q[7][sbe][ex][cause][0]_i_10_n_0
                         LUT6 (Prop_lut6_I4_O)        0.105    11.279 f  i_ariane/i_cva6/ex_stage_i/fpu_gen.fpu_i/fpu_gen.i_fpnew_bulk/gen_operation_groups[3].i_opgroup_block/gen_merged_slice.i_multifmt_slice/gen_num_lanes[0].active_lane.lane_instance.i_fpnew_cast_multi/i___366_i_119/O
                         net (fo=1, unplaced)         0.582    11.861    i_ariane/i_cva6/ex_stage_i/fpu_gen.fpu_i/fpu_gen.i_fpnew_bulk/gen_operation_groups[3].i_opgroup_block/gen_merged_slice.i_multifmt_slice/gen_num_lanes[0].active_lane.lane_instance.i_fpnew_cast_multi/i___366_i_119_n_0
                         LUT6 (Prop_lut6_I1_O)        0.105    11.966 r  i_ariane/i_cva6/ex_stage_i/fpu_gen.fpu_i/fpu_gen.i_fpnew_bulk/gen_operation_groups[3].i_opgroup_block/gen_merged_slice.i_multifmt_slice/gen_num_lanes[0].active_lane.lane_instance.i_fpnew_cast_multi/i___366_i_62/O
                         net (fo=1, unplaced)         0.000    11.966    i_ariane/i_cva6/ex_stage_i/fpu_gen.fpu_i/fpu_gen.i_fpnew_bulk/gen_operation_groups[3].i_opgroup_block/gen_merged_slice.i_multifmt_slice/gen_num_lanes[0].active_lane.lane_instance.i_fpnew_cast_multi/i___366_i_62_n_0
                         CARRY4 (Prop_carry4_S[0]_CO[3])
                                                      0.423    12.389 r  i_ariane/i_cva6/ex_stage_i/fpu_gen.fpu_i/fpu_gen.i_fpnew_bulk/gen_operation_groups[3].i_opgroup_block/gen_merged_slice.i_multifmt_slice/gen_num_lanes[0].active_lane.lane_instance.i_fpnew_cast_multi/i___366_i_32/CO[3]
                         net (fo=1, unplaced)         0.000    12.389    i_ariane/i_cva6/ex_stage_i/fpu_gen.fpu_i/fpu_gen.i_fpnew_bulk/gen_operation_groups[3].i_opgroup_block/gen_merged_slice.i_multifmt_slice/gen_num_lanes[0].active_lane.lane_instance.i_fpnew_cast_multi/i___366_i_32_n_0
                         CARRY4 (Prop_carry4_CI_CO[3])
                                                      0.100    12.489 r  i_ariane/i_cva6/ex_stage_i/fpu_gen.fpu_i/fpu_gen.i_fpnew_bulk/gen_operation_groups[3].i_opgroup_block/gen_merged_slice.i_multifmt_slice/gen_num_lanes[0].active_lane.lane_instance.i_fpnew_cast_multi/mem_q_reg[7][sbe][result][7]_i_34/CO[3]
                         net (fo=1, unplaced)         0.000    12.489    i_ariane/i_cva6/ex_stage_i/fpu_gen.fpu_i/fpu_gen.i_fpnew_bulk/gen_operation_groups[3].i_opgroup_block/gen_merged_slice.i_multifmt_slice/gen_num_lanes[0].active_lane.lane_instance.i_fpnew_cast_multi/mem_q_reg[7][sbe][result][7]_i_34_n_0
                         CARRY4 (Prop_carry4_CI_CO[3])
                                                      0.100    12.589 r  i_ariane/i_cva6/ex_stage_i/fpu_gen.fpu_i/fpu_gen.i_fpnew_bulk/gen_operation_groups[3].i_opgroup_block/gen_merged_slice.i_multifmt_slice/gen_num_lanes[0].active_lane.lane_instance.i_fpnew_cast_multi/mem_q_reg[7][sbe][result][11]_i_57/CO[3]
                         net (fo=1, unplaced)         0.000    12.589    i_ariane/i_cva6/ex_stage_i/fpu_gen.fpu_i/fpu_gen.i_fpnew_bulk/gen_operation_groups[3].i_opgroup_block/gen_merged_slice.i_multifmt_slice/gen_num_lanes[0].active_lane.lane_instance.i_fpnew_cast_multi/mem_q_reg[7][sbe][result][11]_i_57_n_0
                         CARRY4 (Prop_carry4_CI_CO[3])
                                                      0.100    12.689 r  i_ariane/i_cva6/ex_stage_i/fpu_gen.fpu_i/fpu_gen.i_fpnew_bulk/gen_operation_groups[3].i_opgroup_block/gen_merged_slice.i_multifmt_slice/gen_num_lanes[0].active_lane.lane_instance.i_fpnew_cast_multi/mem_q_reg[7][sbe][result][15]_i_52/CO[3]
                         net (fo=1, unplaced)         0.000    12.689    i_ariane/i_cva6/ex_stage_i/fpu_gen.fpu_i/fpu_gen.i_fpnew_bulk/gen_operation_groups[3].i_opgroup_block/gen_merged_slice.i_multifmt_slice/gen_num_lanes[0].active_lane.lane_instance.i_fpnew_cast_multi/mem_q_reg[7][sbe][result][15]_i_52_n_0
                         CARRY4 (Prop_carry4_CI_CO[3])
                                                      0.100    12.789 r  i_ariane/i_cva6/ex_stage_i/fpu_gen.fpu_i/fpu_gen.i_fpnew_bulk/gen_operation_groups[3].i_opgroup_block/gen_merged_slice.i_multifmt_slice/gen_num_lanes[0].active_lane.lane_instance.i_fpnew_cast_multi/mem_q_reg[7][sbe][result][23]_i_46/CO[3]
                         net (fo=1, unplaced)         0.000    12.789    i_ariane/i_cva6/ex_stage_i/fpu_gen.fpu_i/fpu_gen.i_fpnew_bulk/gen_operation_groups[3].i_opgroup_block/gen_merged_slice.i_multifmt_slice/gen_num_lanes[0].active_lane.lane_instance.i_fpnew_cast_multi/mem_q_reg[7][sbe][result][23]_i_46_n_0
                         CARRY4 (Prop_carry4_CI_CO[3])
                                                      0.100    12.889 r  i_ariane/i_cva6/ex_stage_i/fpu_gen.fpu_i/fpu_gen.i_fpnew_bulk/gen_operation_groups[3].i_opgroup_block/gen_merged_slice.i_multifmt_slice/gen_num_lanes[0].active_lane.lane_instance.i_fpnew_cast_multi/mem_q_reg[7][sbe][result][23]_i_29/CO[3]
                         net (fo=1, unplaced)         0.000    12.889    i_ariane/i_cva6/ex_stage_i/fpu_gen.fpu_i/fpu_gen.i_fpnew_bulk/gen_operation_groups[3].i_opgroup_block/gen_merged_slice.i_multifmt_slice/gen_num_lanes[0].active_lane.lane_instance.i_fpnew_cast_multi/mem_q_reg[7][sbe][result][23]_i_29_n_0
                         CARRY4 (Prop_carry4_CI_O[2])
                                                      0.214    13.103 f  i_ariane/i_cva6/ex_stage_i/fpu_gen.fpu_i/fpu_gen.i_fpnew_bulk/gen_operation_groups[3].i_opgroup_block/gen_merged_slice.i_multifmt_slice/gen_num_lanes[0].active_lane.lane_instance.i_fpnew_cast_multi/mem_q_reg[7][sbe][result][27]_i_35/O[2]
                         net (fo=6, unplaced)         0.381    13.484    i_ariane/i_cva6/ex_stage_i/fpu_gen.fpu_i/fpu_gen.i_fpnew_bulk/gen_operation_groups[3].i_opgroup_block/gen_merged_slice.i_multifmt_slice/gen_num_lanes[0].active_lane.lane_instance.i_fpnew_cast_multi/rounded_abs[26]
                         LUT1 (Prop_lut1_I0_O)        0.244    13.728 r  i_ariane/i_cva6/ex_stage_i/fpu_gen.fpu_i/fpu_gen.i_fpnew_bulk/gen_operation_groups[3].i_opgroup_block/gen_merged_slice.i_multifmt_slice/gen_num_lanes[0].active_lane.lane_instance.i_fpnew_cast_multi/mem_q[7][sbe][result][28]_i_58/O
                         net (fo=1, unplaced)         0.000    13.728    i_ariane/i_cva6/ex_stage_i/fpu_gen.fpu_i/fpu_gen.i_fpnew_bulk/gen_operation_groups[3].i_opgroup_block/gen_merged_slice.i_multifmt_slice/gen_num_lanes[0].active_lane.lane_instance.i_fpnew_cast_multi/mem_q[7][sbe][result][28]_i_58_n_0
                         CARRY4 (Prop_carry4_S[1]_CO[3])
                                                      0.444    14.172 f  i_ariane/i_cva6/ex_stage_i/fpu_gen.fpu_i/fpu_gen.i_fpnew_bulk/gen_operation_groups[3].i_opgroup_block/gen_merged_slice.i_multifmt_slice/gen_num_lanes[0].active_lane.lane_instance.i_fpnew_cast_multi/mem_q_reg[7][sbe][result][28]_i_31/CO[3]
                         net (fo=1, unplaced)         0.000    14.172    i_ariane/i_cva6/ex_stage_i/fpu_gen.fpu_i/fpu_gen.i_fpnew_bulk/gen_operation_groups[3].i_opgroup_block/gen_merged_slice.i_multifmt_slice/gen_num_lanes[0].active_lane.lane_instance.i_fpnew_cast_multi/mem_q_reg[7][sbe][result][28]_i_31_n_0
                         CARRY4 (Prop_carry4_CI_O[2])
                                                      0.214    14.386 r  i_ariane/i_cva6/ex_stage_i/fpu_gen.fpu_i/fpu_gen.i_fpnew_bulk/gen_operation_groups[3].i_opgroup_block/gen_merged_slice.i_multifmt_slice/gen_num_lanes[0].active_lane.lane_instance.i_fpnew_cast_multi/i___368_i_14/O[2]
                         net (fo=4, unplaced)         0.373    14.759    i_ariane/i_cva6/ex_stage_i/fpu_gen.fpu_i/fpu_gen.i_fpnew_bulk/gen_operation_groups[3].i_opgroup_block/gen_merged_slice.i_multifmt_slice/gen_num_lanes[0].active_lane.lane_instance.i_fpnew_cast_multi/rounded_uint_res0[31]
                         LUT5 (Prop_lut5_I1_O)        0.244    15.003 r  i_ariane/i_cva6/ex_stage_i/fpu_gen.fpu_i/fpu_gen.i_fpnew_bulk/gen_operation_groups[3].i_opgroup_block/gen_merged_slice.i_multifmt_slice/gen_num_lanes[0].active_lane.lane_instance.i_fpnew_cast_multi/i___368_i_11/O
                         net (fo=33, unplaced)        0.654    15.657    i_ariane/i_cva6/ex_stage_i/fpu_gen.fpu_i/fpu_gen.i_fpnew_bulk/gen_operation_groups[3].i_opgroup_block/gen_merged_slice.i_multifmt_slice/gen_num_lanes[0].active_lane.lane_instance.i_fpnew_cast_multi/i___368_i_11_n_0
                         LUT5 (Prop_lut5_I4_O)        0.105    15.762 f  i_ariane/i_cva6/ex_stage_i/fpu_gen.fpu_i/fpu_gen.i_fpnew_bulk/gen_operation_groups[3].i_opgroup_block/gen_merged_slice.i_multifmt_slice/gen_num_lanes[0].active_lane.lane_instance.i_fpnew_cast_multi/mem_q[7][sbe][result][51]_i_19/O
                         net (fo=2, unplaced)         0.593    16.355    i_ariane/i_cva6/ex_stage_i/fpu_gen.fpu_i/fpu_gen.i_fpnew_bulk/gen_operation_groups[3].i_opgroup_block/gen_merged_slice.i_multifmt_slice/gen_num_lanes[0].active_lane.lane_instance.i_fpnew_cast_multi/mem_q[7][sbe][result][51]_i_19_n_0
                         LUT6 (Prop_lut6_I0_O)        0.105    16.460 f  i_ariane/i_cva6/ex_stage_i/fpu_gen.fpu_i/fpu_gen.i_fpnew_bulk/gen_operation_groups[3].i_opgroup_block/gen_merged_slice.i_multifmt_slice/gen_num_lanes[0].active_lane.lane_instance.i_fpnew_cast_multi/i___366_i_125/O
                         net (fo=1, unplaced)         0.000    16.460    i_ariane/i_cva6/ex_stage_i/fpu_gen.fpu_i/fpu_gen.i_fpnew_bulk/gen_operation_groups[3].i_opgroup_block/gen_merged_slice.i_multifmt_slice/gen_num_lanes[0].active_lane.lane_instance.i_fpnew_cast_multi/i___366_i_125_n_0
                         CARRY4 (Prop_carry4_S[1]_CO[3])
                                                      0.444    16.904 r  i_ariane/i_cva6/ex_stage_i/fpu_gen.fpu_i/fpu_gen.i_fpnew_bulk/gen_operation_groups[3].i_opgroup_block/gen_merged_slice.i_multifmt_slice/gen_num_lanes[0].active_lane.lane_instance.i_fpnew_cast_multi/i___366_i_63/CO[3]
                         net (fo=1, unplaced)         0.000    16.904    i_ariane/i_cva6/ex_stage_i/fpu_gen.fpu_i/fpu_gen.i_fpnew_bulk/gen_operation_groups[3].i_opgroup_block/gen_merged_slice.i_multifmt_slice/gen_num_lanes[0].active_lane.lane_instance.i_fpnew_cast_multi/i___366_i_63_n_0
                         CARRY4 (Prop_carry4_CI_CO[1])
                                                      0.150    17.054 r  i_ariane/i_cva6/ex_stage_i/fpu_gen.fpu_i/fpu_gen.i_fpnew_bulk/gen_operation_groups[3].i_opgroup_block/gen_merged_slice.i_multifmt_slice/gen_num_lanes[0].active_lane.lane_instance.i_fpnew_cast_multi/i___366_i_34/CO[1]
                         net (fo=1, unplaced)         0.240    17.294    i_ariane/i_cva6/ex_stage_i/fpu_gen.fpu_i/fpu_gen.i_fpnew_bulk/gen_operation_groups[3].i_opgroup_block/gen_merged_slice.i_multifmt_slice/gen_num_lanes[0].active_lane.lane_instance.i_fpnew_cast_multi/int_result_is_special1
                         LUT6 (Prop_lut6_I4_O)        0.277    17.571 f  i_ariane/i_cva6/ex_stage_i/fpu_gen.fpu_i/fpu_gen.i_fpnew_bulk/gen_operation_groups[3].i_opgroup_block/gen_merged_slice.i_multifmt_slice/gen_num_lanes[0].active_lane.lane_instance.i_fpnew_cast_multi/i___366_i_19/O
                         net (fo=45, unplaced)        0.427    17.998    i_ariane/i_cva6/ex_stage_i/fpu_gen.fpu_i/fpu_gen.i_fpnew_bulk/gen_operation_groups[3].i_opgroup_block/gen_merged_slice.i_multifmt_slice/gen_num_lanes[0].active_lane.lane_instance.i_fpnew_cast_multi/i___366_i_19_n_0
                         LUT4 (Prop_lut4_I3_O)        0.105    18.103 r  i_ariane/i_cva6/ex_stage_i/fpu_gen.fpu_i/fpu_gen.i_fpnew_bulk/gen_operation_groups[3].i_opgroup_block/gen_merged_slice.i_multifmt_slice/gen_num_lanes[0].active_lane.lane_instance.i_fpnew_cast_multi/i___366_i_21/O
                         net (fo=8, unplaced)         0.385    18.488    i_ariane/i_cva6/ex_stage_i/fpu_gen.fpu_i/fpu_gen.i_fpnew_bulk/gen_operation_groups[3].i_opgroup_block/gen_merged_slice.i_multifmt_slice/gen_num_lanes[0].active_lane.lane_instance.i_fpnew_cast_multi/i___366_i_21_n_0
                         LUT6 (Prop_lut6_I4_O)        0.105    18.593 r  i_ariane/i_cva6/ex_stage_i/fpu_gen.fpu_i/fpu_gen.i_fpnew_bulk/gen_operation_groups[3].i_opgroup_block/gen_merged_slice.i_multifmt_slice/gen_num_lanes[0].active_lane.lane_instance.i_fpnew_cast_multi/i___366_i_13/O
                         net (fo=1, unplaced)         0.582    19.175    i_ariane/i_cva6/ex_stage_i/fpu_gen.fpu_i/fpu_gen.i_fpnew_bulk/gen_operation_groups[3].i_opgroup_block/gen_merged_slice.i_multifmt_slice/gen_num_lanes[0].active_lane.lane_instance.i_fpnew_cast_multi/i___366_i_13_n_0
                         LUT6 (Prop_lut6_I0_O)        0.105    19.280 r  i_ariane/i_cva6/ex_stage_i/fpu_gen.fpu_i/fpu_gen.i_fpnew_bulk/gen_operation_groups[3].i_opgroup_block/gen_merged_slice.i_multifmt_slice/gen_num_lanes[0].active_lane.lane_instance.i_fpnew_cast_multi/i___366_i_5/O
                         net (fo=1, unplaced)         0.347    19.627    i_ariane/i_cva6/ex_stage_i/fpu_gen.fpu_i/fpu_gen.i_fpnew_bulk/gen_operation_groups[0].i_opgroup_block/gen_parallel_slices[0].active_format.i_fmt_slice/gen_num_lanes[0].active_lane.lane_instance.i_fma/gen_arbiter.data_nodes[2][result][3]
                         LUT5 (Prop_lut5_I0_O)        0.105    19.732 r  i_ariane/i_cva6/ex_stage_i/fpu_gen.fpu_i/fpu_gen.i_fpnew_bulk/gen_operation_groups[0].i_opgroup_block/gen_parallel_slices[0].active_format.i_fmt_slice/gen_num_lanes[0].active_lane.lane_instance.i_fma/i___366_i_1/O
                         net (fo=19, unplaced)        0.406    20.138    i_ariane/i_cva6/issue_stage_i/i_issue_read_operands/fpu_result_ex_id[3]
                         LUT5 (Prop_lut5_I0_O)        0.105    20.243 f  i_ariane/i_cva6/issue_stage_i/i_issue_read_operands/i___328_i_2/O
                         net (fo=3, unplaced)         0.600    20.843    i_ariane/i_cva6/issue_stage_i/i_issue_read_operands/i___328_i_2_n_0
                         LUT6 (Prop_lut6_I1_O)        0.105    20.948 f  i_ariane/i_cva6/issue_stage_i/i_issue_read_operands/fu_data_q[0][operand_a][3]_i_12/O
                         net (fo=1, unplaced)         0.000    20.948    i_ariane/i_cva6/issue_stage_i/i_issue_read_operands/fu_data_q[0][operand_a][3]_i_12_n_0
                         MUXF7 (Prop_muxf7_I0_O)      0.201    21.149 f  i_ariane/i_cva6/issue_stage_i/i_issue_read_operands/fu_data_q_reg[0][operand_a][3]_i_5/O
                         net (fo=1, unplaced)         0.349    21.498    i_ariane/i_cva6/issue_stage_i/i_issue_read_operands/fu_data_q_reg[0][operand_a][3]_i_5_n_0
                         LUT6 (Prop_lut6_I5_O)        0.242    21.740 f  i_ariane/i_cva6/issue_stage_i/i_issue_read_operands/fu_data_q[0][operand_a][3]_i_2/O
                         net (fo=1, unplaced)         0.347    22.087    i_ariane/i_cva6/issue_stage_i/i_issue_read_operands/fu_data_q[0][operand_a][3]_i_2_n_0
                         LUT5 (Prop_lut5_I4_O)        0.105    22.192 r  i_ariane/i_cva6/issue_stage_i/i_issue_read_operands/fu_data_q[0][operand_a][3]_i_1/O
                         net (fo=17, unplaced)        0.403    22.595    i_ariane/gen_cvxif.gen_COPRO_KECC_AES_K.i_kecc_aes_k_xif_coprocessor/D[3]
                         LUT3 (Prop_lut3_I0_O)        0.105    22.700 r  i_ariane/gen_cvxif.gen_COPRO_KECC_AES_K.i_kecc_aes_k_xif_coprocessor/i___30_i_9/O
                         net (fo=6, unplaced)         0.379    23.079    i_ariane/i_cva6/id_stage_i/registers[0]_23[3]
                         LUT6 (Prop_lut6_I5_O)        0.105    23.184 r  i_ariane/i_cva6/id_stage_i/i___30_i_2/O
                         net (fo=11, unplaced)        0.628    23.812    i_ariane/i_cva6/id_stage_i/issue_q_reg[0][orig_instr][21]_7
                         LUT6 (Prop_lut6_I1_O)        0.105    23.917 r  i_ariane/i_cva6/id_stage_i/i___25_i_10/O
                         net (fo=3, unplaced)         0.796    24.713    i_ariane/i_cva6/id_stage_i/i___25_i_10_n_0
                         LUT6 (Prop_lut6_I3_O)        0.105    24.818 r  i_ariane/i_cva6/id_stage_i/i___25_i_2/O
                         net (fo=10, unplaced)        0.625    25.443    i_ariane/i_cva6/id_stage_i/i___235_i_3_0
                         LUT4 (Prop_lut4_I1_O)        0.105    25.548 r  i_ariane/i_cva6/id_stage_i/i___235_i_1/O
                         net (fo=6, unplaced)         0.614    26.162    i_ariane/i_cva6/id_stage_i/i___25_i_1_0
                         LUT4 (Prop_lut4_I0_O)        0.105    26.267 r  i_ariane/i_cva6/id_stage_i/i___75_i_6/O
                         net (fo=4, unplaced)         0.606    26.873    i_ariane/i_cva6/id_stage_i/i___12_i_4_0
                         LUT6 (Prop_lut6_I2_O)        0.105    26.978 r  i_ariane/i_cva6/id_stage_i/i___20_i_1/O
                         net (fo=8, unplaced)         0.385    27.363    i_ariane/i_cva6/id_stage_i/i___13_i_3_0
                         LUT5 (Prop_lut5_I1_O)        0.105    27.468 r  i_ariane/i_cva6/id_stage_i/result_o[34]_i_8/O
                         net (fo=4, unplaced)         0.371    27.839    i_ariane/i_cva6/id_stage_i/result_o[34]_i_8_n_0
                         LUT6 (Prop_lut6_I0_O)        0.105    27.944 r  i_ariane/i_cva6/id_stage_i/result_o[2]_i_4/O
                         net (fo=1, unplaced)         0.347    28.291    i_ariane/i_cva6/id_stage_i/result_o[2]_i_4_n_0
                         LUT6 (Prop_lut6_I3_O)        0.105    28.396 r  i_ariane/i_cva6/id_stage_i/result_o[2]_i_1/O
                         net (fo=1, unplaced)         0.000    28.396    i_ariane/gen_cvxif.gen_COPRO_KECC_AES_K.i_kecc_aes_k_xif_coprocessor/i_ex/result_o_reg[63]_1[2]
                         FDCE                                         r  i_ariane/gen_cvxif.gen_COPRO_KECC_AES_K.i_kecc_aes_k_xif_coprocessor/i_ex/result_o_reg[2]/D
  -------------------------------------------------------------------    -------------------

                         (clock clk_i rise edge)     10.000    10.000 r  
                                                      0.000    10.000 r  clk_i (IN)
                         net (fo=23772, unset)        0.748    10.748    i_ariane/gen_cvxif.gen_COPRO_KECC_AES_K.i_kecc_aes_k_xif_coprocessor/i_ex/clk_i
                         FDCE                                         r  i_ariane/gen_cvxif.gen_COPRO_KECC_AES_K.i_kecc_aes_k_xif_coprocessor/i_ex/result_o_reg[2]/C
                         clock pessimism              0.000    10.748    
                         clock uncertainty           -0.035    10.712    
                         FDCE (Setup_fdce_C_D)        0.043    10.755    i_ariane/gen_cvxif.gen_COPRO_KECC_AES_K.i_kecc_aes_k_xif_coprocessor/i_ex/result_o_reg[2]
  -------------------------------------------------------------------
                         required time                         10.755    
                         arrival time                         -28.396    
  -------------------------------------------------------------------
                         slack                                -17.641    

Slack (VIOLATED) :        -17.641ns  (required time - arrival time)
  Source:                 i_ariane/i_cva6/ex_stage_i/fpu_gen.fpu_i/fpu_gen.i_fpnew_bulk/gen_operation_groups[3].i_opgroup_block/gen_merged_slice.i_multifmt_slice/gen_num_lanes[0].active_lane.lane_instance.i_fpnew_cast_multi/gen_inside_pipeline[0].mid_pipe_dst_fmt_q_reg[1][1]/C
                            (rising edge-triggered cell FDCE clocked by clk_i  {rise@0.000ns fall@5.000ns period=10.000ns})
  Destination:            i_ariane/gen_cvxif.gen_COPRO_KECC_AES_K.i_kecc_aes_k_xif_coprocessor/i_ex/result_o_reg[2]/D
                            (rising edge-triggered cell FDCE clocked by clk_i  {rise@0.000ns fall@5.000ns period=10.000ns})
  Path Group:             clk_i
  Path Type:              Setup (Max at Slow Process Corner)
  Requirement:            10.000ns  (clk_i rise@10.000ns - clk_i rise@0.000ns)
  Data Path Delay:        27.609ns  (logic 8.852ns (32.062%)  route 18.757ns (67.938%))
  Logic Levels:           54  (CARRY4=17 LUT1=1 LUT2=1 LUT3=2 LUT4=4 LUT5=8 LUT6=20 MUXF7=1)
  Clock Path Skew:        -0.039ns (DCD - SCD + CPR)
    Destination Clock Delay (DCD):    0.748ns = ( 10.748 - 10.000 ) 
    Source Clock Delay      (SCD):    0.787ns
    Clock Pessimism Removal (CPR):    0.000ns
  Clock Uncertainty:      0.035ns  ((TSJ^2 + TIJ^2)^1/2 + DJ) / 2 + PE
    Total System Jitter     (TSJ):    0.071ns
    Total Input Jitter      (TIJ):    0.000ns
    Discrete Jitter          (DJ):    0.000ns
    Phase Error              (PE):    0.000ns

    Location             Delay type                Incr(ns)  Path(ns)    Netlist Resource(s)
  -------------------------------------------------------------------    -------------------
                         (clock clk_i rise edge)      0.000     0.000 r  
                                                      0.000     0.000 r  clk_i (IN)
                         net (fo=23772, unset)        0.787     0.787    i_ariane/i_cva6/ex_stage_i/fpu_gen.fpu_i/fpu_gen.i_fpnew_bulk/gen_operation_groups[3].i_opgroup_block/gen_merged_slice.i_multifmt_slice/gen_num_lanes[0].active_lane.lane_instance.i_fpnew_cast_multi/clk_i
                         FDCE                                         r  i_ariane/i_cva6/ex_stage_i/fpu_gen.fpu_i/fpu_gen.i_fpnew_bulk/gen_operation_groups[3].i_opgroup_block/gen_merged_slice.i_multifmt_slice/gen_num_lanes[0].active_lane.lane_instance.i_fpnew_cast_multi/gen_inside_pipeline[0].mid_pipe_dst_fmt_q_reg[1][1]/C
  -------------------------------------------------------------------    -------------------
                         FDCE (Prop_fdce_C_Q)         0.397     1.184 r  i_ariane/i_cva6/ex_stage_i/fpu_gen.fpu_i/fpu_gen.i_fpnew_bulk/gen_operation_groups[3].i_opgroup_block/gen_merged_slice.i_multifmt_slice/gen_num_lanes[0].active_lane.lane_instance.i_fpnew_cast_multi/gen_inside_pipeline[0].mid_pipe_dst_fmt_q_reg[1][1]/Q
                         net (fo=140, unplaced)       0.733     1.917    i_ariane/i_cva6/ex_stage_i/fpu_gen.fpu_i/fpu_gen.i_fpnew_bulk/gen_operation_groups[3].i_opgroup_block/gen_merged_slice.i_multifmt_slice/gen_num_lanes[0].active_lane.lane_instance.i_fpnew_cast_multi/gen_inside_pipeline[0].mid_pipe_dst_fmt_q_reg_n_0_[1][1]
                         LUT3 (Prop_lut3_I0_O)        0.232     2.149 r  i_ariane/i_cva6/ex_stage_i/fpu_gen.fpu_i/fpu_gen.i_fpnew_bulk/gen_operation_groups[3].i_opgroup_block/gen_merged_slice.i_multifmt_slice/gen_num_lanes[0].active_lane.lane_instance.i_fpnew_cast_multi/mem_q[7][sbe][result][54]_i_102/O
                         net (fo=2, unplaced)         0.269     2.418    i_ariane/i_cva6/ex_stage_i/fpu_gen.fpu_i/fpu_gen.i_fpnew_bulk/gen_operation_groups[3].i_opgroup_block/gen_merged_slice.i_multifmt_slice/gen_num_lanes[0].active_lane.lane_instance.i_fpnew_cast_multi/mem_q[7][sbe][result][54]_i_102_n_0
                         CARRY4 (Prop_carry4_CYINIT_CO[3])
                                                      0.494     2.912 r  i_ariane/i_cva6/ex_stage_i/fpu_gen.fpu_i/fpu_gen.i_fpnew_bulk/gen_operation_groups[3].i_opgroup_block/gen_merged_slice.i_multifmt_slice/gen_num_lanes[0].active_lane.lane_instance.i_fpnew_cast_multi/i___371_i_68/CO[3]
                         net (fo=1, unplaced)         0.000     2.912    i_ariane/i_cva6/ex_stage_i/fpu_gen.fpu_i/fpu_gen.i_fpnew_bulk/gen_operation_groups[3].i_opgroup_block/gen_merged_slice.i_multifmt_slice/gen_num_lanes[0].active_lane.lane_instance.i_fpnew_cast_multi/i___371_i_68_n_0
                         CARRY4 (Prop_carry4_CI_CO[3])
                                                      0.100     3.012 r  i_ariane/i_cva6/ex_stage_i/fpu_gen.fpu_i/fpu_gen.i_fpnew_bulk/gen_operation_groups[3].i_opgroup_block/gen_merged_slice.i_multifmt_slice/gen_num_lanes[0].active_lane.lane_instance.i_fpnew_cast_multi/i___371_i_53/CO[3]
                         net (fo=1, unplaced)         0.000     3.012    i_ariane/i_cva6/ex_stage_i/fpu_gen.fpu_i/fpu_gen.i_fpnew_bulk/gen_operation_groups[3].i_opgroup_block/gen_merged_slice.i_multifmt_slice/gen_num_lanes[0].active_lane.lane_instance.i_fpnew_cast_multi/i___371_i_53_n_0
                         CARRY4 (Prop_carry4_CI_CO[3])
                                                      0.100     3.112 r  i_ariane/i_cva6/ex_stage_i/fpu_gen.fpu_i/fpu_gen.i_fpnew_bulk/gen_operation_groups[3].i_opgroup_block/gen_merged_slice.i_multifmt_slice/gen_num_lanes[0].active_lane.lane_instance.i_fpnew_cast_multi/i___371_i_51/CO[3]
                         net (fo=1, unplaced)         0.000     3.112    i_ariane/i_cva6/ex_stage_i/fpu_gen.fpu_i/fpu_gen.i_fpnew_bulk/gen_operation_groups[3].i_opgroup_block/gen_merged_slice.i_multifmt_slice/gen_num_lanes[0].active_lane.lane_instance.i_fpnew_cast_multi/i___371_i_51_n_0
                         CARRY4 (Prop_carry4_CI_CO[3])
                                                      0.100     3.212 r  i_ariane/i_cva6/ex_stage_i/fpu_gen.fpu_i/fpu_gen.i_fpnew_bulk/gen_operation_groups[3].i_opgroup_block/gen_merged_slice.i_multifmt_slice/gen_num_lanes[0].active_lane.lane_instance.i_fpnew_cast_multi/i___371_i_81/CO[3]
                         net (fo=16, unplaced)        0.664     3.876    i_ariane/i_cva6/ex_stage_i/fpu_gen.fpu_i/fpu_gen.i_fpnew_bulk/gen_operation_groups[3].i_opgroup_block/gen_merged_slice.i_multifmt_slice/gen_num_lanes[0].active_lane.lane_instance.i_fpnew_cast_multi/i___371_i_81_n_0
                         LUT2 (Prop_lut2_I1_O)        0.105     3.981 r  i_ariane/i_cva6/ex_stage_i/fpu_gen.fpu_i/fpu_gen.i_fpnew_bulk/gen_operation_groups[3].i_opgroup_block/gen_merged_slice.i_multifmt_slice/gen_num_lanes[0].active_lane.lane_instance.i_fpnew_cast_multi/i___371_i_76/O
                         net (fo=1, unplaced)         0.000     3.981    i_ariane/i_cva6/ex_stage_i/fpu_gen.fpu_i/fpu_gen.i_fpnew_bulk/gen_operation_groups[3].i_opgroup_block/gen_merged_slice.i_multifmt_slice/gen_num_lanes[0].active_lane.lane_instance.i_fpnew_cast_multi/i___371_i_76_n_0
                         CARRY4 (Prop_carry4_DI[0]_CO[3])
                                                      0.477     4.458 r  i_ariane/i_cva6/ex_stage_i/fpu_gen.fpu_i/fpu_gen.i_fpnew_bulk/gen_operation_groups[3].i_opgroup_block/gen_merged_slice.i_multifmt_slice/gen_num_lanes[0].active_lane.lane_instance.i_fpnew_cast_multi/i___371_i_57/CO[3]
                         net (fo=1, unplaced)         0.000     4.458    i_ariane/i_cva6/ex_stage_i/fpu_gen.fpu_i/fpu_gen.i_fpnew_bulk/gen_operation_groups[3].i_opgroup_block/gen_merged_slice.i_multifmt_slice/gen_num_lanes[0].active_lane.lane_instance.i_fpnew_cast_multi/i___371_i_57_n_0
                         CARRY4 (Prop_carry4_CI_CO[3])
                                                      0.100     4.558 f  i_ariane/i_cva6/ex_stage_i/fpu_gen.fpu_i/fpu_gen.i_fpnew_bulk/gen_operation_groups[3].i_opgroup_block/gen_merged_slice.i_multifmt_slice/gen_num_lanes[0].active_lane.lane_instance.i_fpnew_cast_multi/i___371_i_49/CO[3]
                         net (fo=61, unplaced)        0.697     5.255    i_ariane/i_cva6/ex_stage_i/fpu_gen.fpu_i/fpu_gen.i_fpnew_bulk/gen_operation_groups[3].i_opgroup_block/gen_merged_slice.i_multifmt_slice/gen_num_lanes[0].active_lane.lane_instance.i_fpnew_cast_multi/preshift_mant1
                         LUT4 (Prop_lut4_I3_O)        0.105     5.360 f  i_ariane/i_cva6/ex_stage_i/fpu_gen.fpu_i/fpu_gen.i_fpnew_bulk/gen_operation_groups[3].i_opgroup_block/gen_merged_slice.i_multifmt_slice/gen_num_lanes[0].active_lane.lane_instance.i_fpnew_cast_multi/mem_q[7][sbe][ex][cause][0]_i_129/O
                         net (fo=4, unplaced)         0.371     5.731    i_ariane/i_cva6/ex_stage_i/fpu_gen.fpu_i/fpu_gen.i_fpnew_bulk/gen_operation_groups[3].i_opgroup_block/gen_merged_slice.i_multifmt_slice/gen_num_lanes[0].active_lane.lane_instance.i_fpnew_cast_multi/mem_q[7][sbe][ex][cause][0]_i_129_n_0
                         LUT6 (Prop_lut6_I4_O)        0.105     5.836 f  i_ariane/i_cva6/ex_stage_i/fpu_gen.fpu_i/fpu_gen.i_fpnew_bulk/gen_operation_groups[3].i_opgroup_block/gen_merged_slice.i_multifmt_slice/gen_num_lanes[0].active_lane.lane_instance.i_fpnew_cast_multi/mem_q[7][sbe][ex][cause][0]_i_287/O
                         net (fo=117, unplaced)       0.450     6.286    i_ariane/i_cva6/ex_stage_i/fpu_gen.fpu_i/fpu_gen.i_fpnew_bulk/gen_operation_groups[3].i_opgroup_block/gen_merged_slice.i_multifmt_slice/gen_num_lanes[0].active_lane.lane_instance.i_fpnew_cast_multi/mem_q[7][sbe][ex][cause][0]_i_287_n_0
                         LUT5 (Prop_lut5_I4_O)        0.105     6.391 r  i_ariane/i_cva6/ex_stage_i/fpu_gen.fpu_i/fpu_gen.i_fpnew_bulk/gen_operation_groups[3].i_opgroup_block/gen_merged_slice.i_multifmt_slice/gen_num_lanes[0].active_lane.lane_instance.i_fpnew_cast_multi/mem_q[7][sbe][ex][cause][0]_i_512/O
                         net (fo=35, unplaced)        0.420     6.811    i_ariane/i_cva6/ex_stage_i/fpu_gen.fpu_i/fpu_gen.i_fpnew_bulk/gen_operation_groups[3].i_opgroup_block/gen_merged_slice.i_multifmt_slice/gen_num_lanes[0].active_lane.lane_instance.i_fpnew_cast_multi/mem_q[7][sbe][ex][cause][0]_i_512_n_0
                         LUT6 (Prop_lut6_I2_O)        0.105     6.916 r  i_ariane/i_cva6/ex_stage_i/fpu_gen.fpu_i/fpu_gen.i_fpnew_bulk/gen_operation_groups[3].i_opgroup_block/gen_merged_slice.i_multifmt_slice/gen_num_lanes[0].active_lane.lane_instance.i_fpnew_cast_multi/mem_q[7][sbe][ex][cause][0]_i_481/O
                         net (fo=3, unplaced)         0.600     7.516    i_ariane/i_cva6/ex_stage_i/fpu_gen.fpu_i/fpu_gen.i_fpnew_bulk/gen_operation_groups[3].i_opgroup_block/gen_merged_slice.i_multifmt_slice/gen_num_lanes[0].active_lane.lane_instance.i_fpnew_cast_multi/mem_q[7][sbe][ex][cause][0]_i_481_n_0
                         LUT6 (Prop_lut6_I0_O)        0.105     7.621 r  i_ariane/i_cva6/ex_stage_i/fpu_gen.fpu_i/fpu_gen.i_fpnew_bulk/gen_operation_groups[3].i_opgroup_block/gen_merged_slice.i_multifmt_slice/gen_num_lanes[0].active_lane.lane_instance.i_fpnew_cast_multi/mem_q[7][sbe][ex][cause][0]_i_349/O
                         net (fo=4, unplaced)         0.606     8.227    i_ariane/i_cva6/ex_stage_i/fpu_gen.fpu_i/fpu_gen.i_fpnew_bulk/gen_operation_groups[3].i_opgroup_block/gen_merged_slice.i_multifmt_slice/gen_num_lanes[0].active_lane.lane_instance.i_fpnew_cast_multi/mem_q[7][sbe][ex][cause][0]_i_349_n_0
                         LUT6 (Prop_lut6_I1_O)        0.105     8.332 r  i_ariane/i_cva6/ex_stage_i/fpu_gen.fpu_i/fpu_gen.i_fpnew_bulk/gen_operation_groups[3].i_opgroup_block/gen_merged_slice.i_multifmt_slice/gen_num_lanes[0].active_lane.lane_instance.i_fpnew_cast_multi/mem_q[7][sbe][ex][cause][0]_i_212/O
                         net (fo=3, unplaced)         0.796     9.128    i_ariane/i_cva6/ex_stage_i/fpu_gen.fpu_i/fpu_gen.i_fpnew_bulk/gen_operation_groups[3].i_opgroup_block/gen_merged_slice.i_multifmt_slice/gen_num_lanes[0].active_lane.lane_instance.i_fpnew_cast_multi/mem_q[7][sbe][ex][cause][0]_i_212_n_0
                         LUT6 (Prop_lut6_I0_O)        0.105     9.233 r  i_ariane/i_cva6/ex_stage_i/fpu_gen.fpu_i/fpu_gen.i_fpnew_bulk/gen_operation_groups[3].i_opgroup_block/gen_merged_slice.i_multifmt_slice/gen_num_lanes[0].active_lane.lane_instance.i_fpnew_cast_multi/mem_q[7][sbe][ex][cause][0]_i_99/O
                         net (fo=1, unplaced)         0.778    10.011    i_ariane/i_cva6/ex_stage_i/fpu_gen.fpu_i/fpu_gen.i_fpnew_bulk/gen_operation_groups[3].i_opgroup_block/gen_merged_slice.i_multifmt_slice/gen_num_lanes[0].active_lane.lane_instance.i_fpnew_cast_multi/mem_q[7][sbe][ex][cause][0]_i_99_n_0
                         LUT5 (Prop_lut5_I0_O)        0.105    10.116 r  i_ariane/i_cva6/ex_stage_i/fpu_gen.fpu_i/fpu_gen.i_fpnew_bulk/gen_operation_groups[3].i_opgroup_block/gen_merged_slice.i_multifmt_slice/gen_num_lanes[0].active_lane.lane_instance.i_fpnew_cast_multi/mem_q[7][sbe][ex][cause][0]_i_27/O
                         net (fo=1, unplaced)         0.582    10.698    i_ariane/i_cva6/ex_stage_i/fpu_gen.fpu_i/fpu_gen.i_fpnew_bulk/gen_operation_groups[3].i_opgroup_block/gen_merged_slice.i_multifmt_slice/gen_num_lanes[0].active_lane.lane_instance.i_fpnew_cast_multi/mem_q[7][sbe][ex][cause][0]_i_27_n_0
                         LUT6 (Prop_lut6_I3_O)        0.105    10.803 r  i_ariane/i_cva6/ex_stage_i/fpu_gen.fpu_i/fpu_gen.i_fpnew_bulk/gen_operation_groups[3].i_opgroup_block/gen_merged_slice.i_multifmt_slice/gen_num_lanes[0].active_lane.lane_instance.i_fpnew_cast_multi/mem_q[7][sbe][ex][cause][0]_i_10/O
                         net (fo=4, unplaced)         0.371    11.174    i_ariane/i_cva6/ex_stage_i/fpu_gen.fpu_i/fpu_gen.i_fpnew_bulk/gen_operation_groups[3].i_opgroup_block/gen_merged_slice.i_multifmt_slice/gen_num_lanes[0].active_lane.lane_instance.i_fpnew_cast_multi/mem_q[7][sbe][ex][cause][0]_i_10_n_0
                         LUT6 (Prop_lut6_I4_O)        0.105    11.279 r  i_ariane/i_cva6/ex_stage_i/fpu_gen.fpu_i/fpu_gen.i_fpnew_bulk/gen_operation_groups[3].i_opgroup_block/gen_merged_slice.i_multifmt_slice/gen_num_lanes[0].active_lane.lane_instance.i_fpnew_cast_multi/i___366_i_119/O
                         net (fo=1, unplaced)         0.582    11.861    i_ariane/i_cva6/ex_stage_i/fpu_gen.fpu_i/fpu_gen.i_fpnew_bulk/gen_operation_groups[3].i_opgroup_block/gen_merged_slice.i_multifmt_slice/gen_num_lanes[0].active_lane.lane_instance.i_fpnew_cast_multi/i___366_i_119_n_0
                         LUT6 (Prop_lut6_I1_O)        0.105    11.966 f  i_ariane/i_cva6/ex_stage_i/fpu_gen.fpu_i/fpu_gen.i_fpnew_bulk/gen_operation_groups[3].i_opgroup_block/gen_merged_slice.i_multifmt_slice/gen_num_lanes[0].active_lane.lane_instance.i_fpnew_cast_multi/i___366_i_62/O
                         net (fo=1, unplaced)         0.000    11.966    i_ariane/i_cva6/ex_stage_i/fpu_gen.fpu_i/fpu_gen.i_fpnew_bulk/gen_operation_groups[3].i_opgroup_block/gen_merged_slice.i_multifmt_slice/gen_num_lanes[0].active_lane.lane_instance.i_fpnew_cast_multi/i___366_i_62_n_0
                         CARRY4 (Prop_carry4_S[0]_CO[3])
                                                      0.423    12.389 r  i_ariane/i_cva6/ex_stage_i/fpu_gen.fpu_i/fpu_gen.i_fpnew_bulk/gen_operation_groups[3].i_opgroup_block/gen_merged_slice.i_multifmt_slice/gen_num_lanes[0].active_lane.lane_instance.i_fpnew_cast_multi/i___366_i_32/CO[3]
                         net (fo=1, unplaced)         0.000    12.389    i_ariane/i_cva6/ex_stage_i/fpu_gen.fpu_i/fpu_gen.i_fpnew_bulk/gen_operation_groups[3].i_opgroup_block/gen_merged_slice.i_multifmt_slice/gen_num_lanes[0].active_lane.lane_instance.i_fpnew_cast_multi/i___366_i_32_n_0
                         CARRY4 (Prop_carry4_CI_CO[3])
                                                      0.100    12.489 r  i_ariane/i_cva6/ex_stage_i/fpu_gen.fpu_i/fpu_gen.i_fpnew_bulk/gen_operation_groups[3].i_opgroup_block/gen_merged_slice.i_multifmt_slice/gen_num_lanes[0].active_lane.lane_instance.i_fpnew_cast_multi/mem_q_reg[7][sbe][result][7]_i_34/CO[3]
                         net (fo=1, unplaced)         0.000    12.489    i_ariane/i_cva6/ex_stage_i/fpu_gen.fpu_i/fpu_gen.i_fpnew_bulk/gen_operation_groups[3].i_opgroup_block/gen_merged_slice.i_multifmt_slice/gen_num_lanes[0].active_lane.lane_instance.i_fpnew_cast_multi/mem_q_reg[7][sbe][result][7]_i_34_n_0
                         CARRY4 (Prop_carry4_CI_CO[3])
                                                      0.100    12.589 r  i_ariane/i_cva6/ex_stage_i/fpu_gen.fpu_i/fpu_gen.i_fpnew_bulk/gen_operation_groups[3].i_opgroup_block/gen_merged_slice.i_multifmt_slice/gen_num_lanes[0].active_lane.lane_instance.i_fpnew_cast_multi/mem_q_reg[7][sbe][result][11]_i_57/CO[3]
                         net (fo=1, unplaced)         0.000    12.589    i_ariane/i_cva6/ex_stage_i/fpu_gen.fpu_i/fpu_gen.i_fpnew_bulk/gen_operation_groups[3].i_opgroup_block/gen_merged_slice.i_multifmt_slice/gen_num_lanes[0].active_lane.lane_instance.i_fpnew_cast_multi/mem_q_reg[7][sbe][result][11]_i_57_n_0
                         CARRY4 (Prop_carry4_CI_CO[3])
                                                      0.100    12.689 r  i_ariane/i_cva6/ex_stage_i/fpu_gen.fpu_i/fpu_gen.i_fpnew_bulk/gen_operation_groups[3].i_opgroup_block/gen_merged_slice.i_multifmt_slice/gen_num_lanes[0].active_lane.lane_instance.i_fpnew_cast_multi/mem_q_reg[7][sbe][result][15]_i_52/CO[3]
                         net (fo=1, unplaced)         0.000    12.689    i_ariane/i_cva6/ex_stage_i/fpu_gen.fpu_i/fpu_gen.i_fpnew_bulk/gen_operation_groups[3].i_opgroup_block/gen_merged_slice.i_multifmt_slice/gen_num_lanes[0].active_lane.lane_instance.i_fpnew_cast_multi/mem_q_reg[7][sbe][result][15]_i_52_n_0
                         CARRY4 (Prop_carry4_CI_CO[3])
                                                      0.100    12.789 r  i_ariane/i_cva6/ex_stage_i/fpu_gen.fpu_i/fpu_gen.i_fpnew_bulk/gen_operation_groups[3].i_opgroup_block/gen_merged_slice.i_multifmt_slice/gen_num_lanes[0].active_lane.lane_instance.i_fpnew_cast_multi/mem_q_reg[7][sbe][result][23]_i_46/CO[3]
                         net (fo=1, unplaced)         0.000    12.789    i_ariane/i_cva6/ex_stage_i/fpu_gen.fpu_i/fpu_gen.i_fpnew_bulk/gen_operation_groups[3].i_opgroup_block/gen_merged_slice.i_multifmt_slice/gen_num_lanes[0].active_lane.lane_instance.i_fpnew_cast_multi/mem_q_reg[7][sbe][result][23]_i_46_n_0
                         CARRY4 (Prop_carry4_CI_CO[3])
                                                      0.100    12.889 r  i_ariane/i_cva6/ex_stage_i/fpu_gen.fpu_i/fpu_gen.i_fpnew_bulk/gen_operation_groups[3].i_opgroup_block/gen_merged_slice.i_multifmt_slice/gen_num_lanes[0].active_lane.lane_instance.i_fpnew_cast_multi/mem_q_reg[7][sbe][result][23]_i_29/CO[3]
                         net (fo=1, unplaced)         0.000    12.889    i_ariane/i_cva6/ex_stage_i/fpu_gen.fpu_i/fpu_gen.i_fpnew_bulk/gen_operation_groups[3].i_opgroup_block/gen_merged_slice.i_multifmt_slice/gen_num_lanes[0].active_lane.lane_instance.i_fpnew_cast_multi/mem_q_reg[7][sbe][result][23]_i_29_n_0
                         CARRY4 (Prop_carry4_CI_O[2])
                                                      0.214    13.103 f  i_ariane/i_cva6/ex_stage_i/fpu_gen.fpu_i/fpu_gen.i_fpnew_bulk/gen_operation_groups[3].i_opgroup_block/gen_merged_slice.i_multifmt_slice/gen_num_lanes[0].active_lane.lane_instance.i_fpnew_cast_multi/mem_q_reg[7][sbe][result][27]_i_35/O[2]
                         net (fo=6, unplaced)         0.381    13.484    i_ariane/i_cva6/ex_stage_i/fpu_gen.fpu_i/fpu_gen.i_fpnew_bulk/gen_operation_groups[3].i_opgroup_block/gen_merged_slice.i_multifmt_slice/gen_num_lanes[0].active_lane.lane_instance.i_fpnew_cast_multi/rounded_abs[26]
                         LUT1 (Prop_lut1_I0_O)        0.244    13.728 r  i_ariane/i_cva6/ex_stage_i/fpu_gen.fpu_i/fpu_gen.i_fpnew_bulk/gen_operation_groups[3].i_opgroup_block/gen_merged_slice.i_multifmt_slice/gen_num_lanes[0].active_lane.lane_instance.i_fpnew_cast_multi/mem_q[7][sbe][result][28]_i_58/O
                         net (fo=1, unplaced)         0.000    13.728    i_ariane/i_cva6/ex_stage_i/fpu_gen.fpu_i/fpu_gen.i_fpnew_bulk/gen_operation_groups[3].i_opgroup_block/gen_merged_slice.i_multifmt_slice/gen_num_lanes[0].active_lane.lane_instance.i_fpnew_cast_multi/mem_q[7][sbe][result][28]_i_58_n_0
                         CARRY4 (Prop_carry4_S[1]_CO[3])
                                                      0.444    14.172 f  i_ariane/i_cva6/ex_stage_i/fpu_gen.fpu_i/fpu_gen.i_fpnew_bulk/gen_operation_groups[3].i_opgroup_block/gen_merged_slice.i_multifmt_slice/gen_num_lanes[0].active_lane.lane_instance.i_fpnew_cast_multi/mem_q_reg[7][sbe][result][28]_i_31/CO[3]
                         net (fo=1, unplaced)         0.000    14.172    i_ariane/i_cva6/ex_stage_i/fpu_gen.fpu_i/fpu_gen.i_fpnew_bulk/gen_operation_groups[3].i_opgroup_block/gen_merged_slice.i_multifmt_slice/gen_num_lanes[0].active_lane.lane_instance.i_fpnew_cast_multi/mem_q_reg[7][sbe][result][28]_i_31_n_0
                         CARRY4 (Prop_carry4_CI_O[2])
                                                      0.214    14.386 r  i_ariane/i_cva6/ex_stage_i/fpu_gen.fpu_i/fpu_gen.i_fpnew_bulk/gen_operation_groups[3].i_opgroup_block/gen_merged_slice.i_multifmt_slice/gen_num_lanes[0].active_lane.lane_instance.i_fpnew_cast_multi/i___368_i_14/O[2]
                         net (fo=4, unplaced)         0.373    14.759    i_ariane/i_cva6/ex_stage_i/fpu_gen.fpu_i/fpu_gen.i_fpnew_bulk/gen_operation_groups[3].i_opgroup_block/gen_merged_slice.i_multifmt_slice/gen_num_lanes[0].active_lane.lane_instance.i_fpnew_cast_multi/rounded_uint_res0[31]
                         LUT5 (Prop_lut5_I1_O)        0.244    15.003 r  i_ariane/i_cva6/ex_stage_i/fpu_gen.fpu_i/fpu_gen.i_fpnew_bulk/gen_operation_groups[3].i_opgroup_block/gen_merged_slice.i_multifmt_slice/gen_num_lanes[0].active_lane.lane_instance.i_fpnew_cast_multi/i___368_i_11/O
                         net (fo=33, unplaced)        0.654    15.657    i_ariane/i_cva6/ex_stage_i/fpu_gen.fpu_i/fpu_gen.i_fpnew_bulk/gen_operation_groups[3].i_opgroup_block/gen_merged_slice.i_multifmt_slice/gen_num_lanes[0].active_lane.lane_instance.i_fpnew_cast_multi/i___368_i_11_n_0
                         LUT5 (Prop_lut5_I4_O)        0.105    15.762 f  i_ariane/i_cva6/ex_stage_i/fpu_gen.fpu_i/fpu_gen.i_fpnew_bulk/gen_operation_groups[3].i_opgroup_block/gen_merged_slice.i_multifmt_slice/gen_num_lanes[0].active_lane.lane_instance.i_fpnew_cast_multi/mem_q[7][sbe][result][51]_i_19/O
                         net (fo=2, unplaced)         0.593    16.355    i_ariane/i_cva6/ex_stage_i/fpu_gen.fpu_i/fpu_gen.i_fpnew_bulk/gen_operation_groups[3].i_opgroup_block/gen_merged_slice.i_multifmt_slice/gen_num_lanes[0].active_lane.lane_instance.i_fpnew_cast_multi/mem_q[7][sbe][result][51]_i_19_n_0
                         LUT6 (Prop_lut6_I0_O)        0.105    16.460 f  i_ariane/i_cva6/ex_stage_i/fpu_gen.fpu_i/fpu_gen.i_fpnew_bulk/gen_operation_groups[3].i_opgroup_block/gen_merged_slice.i_multifmt_slice/gen_num_lanes[0].active_lane.lane_instance.i_fpnew_cast_multi/i___366_i_125/O
                         net (fo=1, unplaced)         0.000    16.460    i_ariane/i_cva6/ex_stage_i/fpu_gen.fpu_i/fpu_gen.i_fpnew_bulk/gen_operation_groups[3].i_opgroup_block/gen_merged_slice.i_multifmt_slice/gen_num_lanes[0].active_lane.lane_instance.i_fpnew_cast_multi/i___366_i_125_n_0
                         CARRY4 (Prop_carry4_S[1]_CO[3])
                                                      0.444    16.904 r  i_ariane/i_cva6/ex_stage_i/fpu_gen.fpu_i/fpu_gen.i_fpnew_bulk/gen_operation_groups[3].i_opgroup_block/gen_merged_slice.i_multifmt_slice/gen_num_lanes[0].active_lane.lane_instance.i_fpnew_cast_multi/i___366_i_63/CO[3]
                         net (fo=1, unplaced)         0.000    16.904    i_ariane/i_cva6/ex_stage_i/fpu_gen.fpu_i/fpu_gen.i_fpnew_bulk/gen_operation_groups[3].i_opgroup_block/gen_merged_slice.i_multifmt_slice/gen_num_lanes[0].active_lane.lane_instance.i_fpnew_cast_multi/i___366_i_63_n_0
                         CARRY4 (Prop_carry4_CI_CO[1])
                                                      0.150    17.054 r  i_ariane/i_cva6/ex_stage_i/fpu_gen.fpu_i/fpu_gen.i_fpnew_bulk/gen_operation_groups[3].i_opgroup_block/gen_merged_slice.i_multifmt_slice/gen_num_lanes[0].active_lane.lane_instance.i_fpnew_cast_multi/i___366_i_34/CO[1]
                         net (fo=1, unplaced)         0.240    17.294    i_ariane/i_cva6/ex_stage_i/fpu_gen.fpu_i/fpu_gen.i_fpnew_bulk/gen_operation_groups[3].i_opgroup_block/gen_merged_slice.i_multifmt_slice/gen_num_lanes[0].active_lane.lane_instance.i_fpnew_cast_multi/int_result_is_special1
                         LUT6 (Prop_lut6_I4_O)        0.277    17.571 f  i_ariane/i_cva6/ex_stage_i/fpu_gen.fpu_i/fpu_gen.i_fpnew_bulk/gen_operation_groups[3].i_opgroup_block/gen_merged_slice.i_multifmt_slice/gen_num_lanes[0].active_lane.lane_instance.i_fpnew_cast_multi/i___366_i_19/O
                         net (fo=45, unplaced)        0.427    17.998    i_ariane/i_cva6/ex_stage_i/fpu_gen.fpu_i/fpu_gen.i_fpnew_bulk/gen_operation_groups[3].i_opgroup_block/gen_merged_slice.i_multifmt_slice/gen_num_lanes[0].active_lane.lane_instance.i_fpnew_cast_multi/i___366_i_19_n_0
                         LUT4 (Prop_lut4_I3_O)        0.105    18.103 r  i_ariane/i_cva6/ex_stage_i/fpu_gen.fpu_i/fpu_gen.i_fpnew_bulk/gen_operation_groups[3].i_opgroup_block/gen_merged_slice.i_multifmt_slice/gen_num_lanes[0].active_lane.lane_instance.i_fpnew_cast_multi/i___366_i_21/O
                         net (fo=8, unplaced)         0.385    18.488    i_ariane/i_cva6/ex_stage_i/fpu_gen.fpu_i/fpu_gen.i_fpnew_bulk/gen_operation_groups[3].i_opgroup_block/gen_merged_slice.i_multifmt_slice/gen_num_lanes[0].active_lane.lane_instance.i_fpnew_cast_multi/i___366_i_21_n_0
                         LUT6 (Prop_lut6_I4_O)        0.105    18.593 r  i_ariane/i_cva6/ex_stage_i/fpu_gen.fpu_i/fpu_gen.i_fpnew_bulk/gen_operation_groups[3].i_opgroup_block/gen_merged_slice.i_multifmt_slice/gen_num_lanes[0].active_lane.lane_instance.i_fpnew_cast_multi/i___366_i_13/O
                         net (fo=1, unplaced)         0.582    19.175    i_ariane/i_cva6/ex_stage_i/fpu_gen.fpu_i/fpu_gen.i_fpnew_bulk/gen_operation_groups[3].i_opgroup_block/gen_merged_slice.i_multifmt_slice/gen_num_lanes[0].active_lane.lane_instance.i_fpnew_cast_multi/i___366_i_13_n_0
                         LUT6 (Prop_lut6_I0_O)        0.105    19.280 r  i_ariane/i_cva6/ex_stage_i/fpu_gen.fpu_i/fpu_gen.i_fpnew_bulk/gen_operation_groups[3].i_opgroup_block/gen_merged_slice.i_multifmt_slice/gen_num_lanes[0].active_lane.lane_instance.i_fpnew_cast_multi/i___366_i_5/O
                         net (fo=1, unplaced)         0.347    19.627    i_ariane/i_cva6/ex_stage_i/fpu_gen.fpu_i/fpu_gen.i_fpnew_bulk/gen_operation_groups[0].i_opgroup_block/gen_parallel_slices[0].active_format.i_fmt_slice/gen_num_lanes[0].active_lane.lane_instance.i_fma/gen_arbiter.data_nodes[2][result][3]
                         LUT5 (Prop_lut5_I0_O)        0.105    19.732 r  i_ariane/i_cva6/ex_stage_i/fpu_gen.fpu_i/fpu_gen.i_fpnew_bulk/gen_operation_groups[0].i_opgroup_block/gen_parallel_slices[0].active_format.i_fmt_slice/gen_num_lanes[0].active_lane.lane_instance.i_fma/i___366_i_1/O
                         net (fo=19, unplaced)        0.406    20.138    i_ariane/i_cva6/issue_stage_i/i_issue_read_operands/fpu_result_ex_id[3]
                         LUT5 (Prop_lut5_I0_O)        0.105    20.243 f  i_ariane/i_cva6/issue_stage_i/i_issue_read_operands/i___328_i_2/O
                         net (fo=3, unplaced)         0.600    20.843    i_ariane/i_cva6/issue_stage_i/i_issue_read_operands/i___328_i_2_n_0
                         LUT6 (Prop_lut6_I1_O)        0.105    20.948 f  i_ariane/i_cva6/issue_stage_i/i_issue_read_operands/fu_data_q[0][operand_a][3]_i_12/O
                         net (fo=1, unplaced)         0.000    20.948    i_ariane/i_cva6/issue_stage_i/i_issue_read_operands/fu_data_q[0][operand_a][3]_i_12_n_0
                         MUXF7 (Prop_muxf7_I0_O)      0.201    21.149 f  i_ariane/i_cva6/issue_stage_i/i_issue_read_operands/fu_data_q_reg[0][operand_a][3]_i_5/O
                         net (fo=1, unplaced)         0.349    21.498    i_ariane/i_cva6/issue_stage_i/i_issue_read_operands/fu_data_q_reg[0][operand_a][3]_i_5_n_0
                         LUT6 (Prop_lut6_I5_O)        0.242    21.740 f  i_ariane/i_cva6/issue_stage_i/i_issue_read_operands/fu_data_q[0][operand_a][3]_i_2/O
                         net (fo=1, unplaced)         0.347    22.087    i_ariane/i_cva6/issue_stage_i/i_issue_read_operands/fu_data_q[0][operand_a][3]_i_2_n_0
                         LUT5 (Prop_lut5_I4_O)        0.105    22.192 r  i_ariane/i_cva6/issue_stage_i/i_issue_read_operands/fu_data_q[0][operand_a][3]_i_1/O
                         net (fo=17, unplaced)        0.403    22.595    i_ariane/gen_cvxif.gen_COPRO_KECC_AES_K.i_kecc_aes_k_xif_coprocessor/D[3]
                         LUT3 (Prop_lut3_I0_O)        0.105    22.700 r  i_ariane/gen_cvxif.gen_COPRO_KECC_AES_K.i_kecc_aes_k_xif_coprocessor/i___30_i_9/O
                         net (fo=6, unplaced)         0.379    23.079    i_ariane/i_cva6/id_stage_i/registers[0]_23[3]
                         LUT6 (Prop_lut6_I5_O)        0.105    23.184 r  i_ariane/i_cva6/id_stage_i/i___30_i_2/O
                         net (fo=11, unplaced)        0.628    23.812    i_ariane/i_cva6/id_stage_i/issue_q_reg[0][orig_instr][21]_7
                         LUT6 (Prop_lut6_I1_O)        0.105    23.917 r  i_ariane/i_cva6/id_stage_i/i___25_i_10/O
                         net (fo=3, unplaced)         0.796    24.713    i_ariane/i_cva6/id_stage_i/i___25_i_10_n_0
                         LUT6 (Prop_lut6_I3_O)        0.105    24.818 r  i_ariane/i_cva6/id_stage_i/i___25_i_2/O
                         net (fo=10, unplaced)        0.625    25.443    i_ariane/i_cva6/id_stage_i/i___235_i_3_0
                         LUT4 (Prop_lut4_I1_O)        0.105    25.548 r  i_ariane/i_cva6/id_stage_i/i___235_i_1/O
                         net (fo=6, unplaced)         0.614    26.162    i_ariane/i_cva6/id_stage_i/i___25_i_1_0
                         LUT4 (Prop_lut4_I0_O)        0.105    26.267 r  i_ariane/i_cva6/id_stage_i/i___75_i_6/O
                         net (fo=4, unplaced)         0.606    26.873    i_ariane/i_cva6/id_stage_i/i___12_i_4_0
                         LUT6 (Prop_lut6_I2_O)        0.105    26.978 r  i_ariane/i_cva6/id_stage_i/i___20_i_1/O
                         net (fo=8, unplaced)         0.385    27.363    i_ariane/i_cva6/id_stage_i/i___13_i_3_0
                         LUT5 (Prop_lut5_I1_O)        0.105    27.468 r  i_ariane/i_cva6/id_stage_i/result_o[34]_i_8/O
                         net (fo=4, unplaced)         0.371    27.839    i_ariane/i_cva6/id_stage_i/result_o[34]_i_8_n_0
                         LUT6 (Prop_lut6_I0_O)        0.105    27.944 r  i_ariane/i_cva6/id_stage_i/result_o[2]_i_4/O
                         net (fo=1, unplaced)         0.347    28.291    i_ariane/i_cva6/id_stage_i/result_o[2]_i_4_n_0
                         LUT6 (Prop_lut6_I3_O)        0.105    28.396 r  i_ariane/i_cva6/id_stage_i/result_o[2]_i_1/O
                         net (fo=1, unplaced)         0.000    28.396    i_ariane/gen_cvxif.gen_COPRO_KECC_AES_K.i_kecc_aes_k_xif_coprocessor/i_ex/result_o_reg[63]_1[2]
                         FDCE                                         r  i_ariane/gen_cvxif.gen_COPRO_KECC_AES_K.i_kecc_aes_k_xif_coprocessor/i_ex/result_o_reg[2]/D
  -------------------------------------------------------------------    -------------------

                         (clock clk_i rise edge)     10.000    10.000 r  
                                                      0.000    10.000 r  clk_i (IN)
                         net (fo=23772, unset)        0.748    10.748    i_ariane/gen_cvxif.gen_COPRO_KECC_AES_K.i_kecc_aes_k_xif_coprocessor/i_ex/clk_i
                         FDCE                                         r  i_ariane/gen_cvxif.gen_COPRO_KECC_AES_K.i_kecc_aes_k_xif_coprocessor/i_ex/result_o_reg[2]/C
                         clock pessimism              0.000    10.748    
                         clock uncertainty           -0.035    10.712    
                         FDCE (Setup_fdce_C_D)        0.043    10.755    i_ariane/gen_cvxif.gen_COPRO_KECC_AES_K.i_kecc_aes_k_xif_coprocessor/i_ex/result_o_reg[2]
  -------------------------------------------------------------------
                         required time                         10.755    
                         arrival time                         -28.396    
  -------------------------------------------------------------------
                         slack                                -17.641    

Slack (VIOLATED) :        -17.641ns  (required time - arrival time)
  Source:                 i_ariane/i_cva6/ex_stage_i/fpu_gen.fpu_i/fpu_gen.i_fpnew_bulk/gen_operation_groups[3].i_opgroup_block/gen_merged_slice.i_multifmt_slice/gen_num_lanes[0].active_lane.lane_instance.i_fpnew_cast_multi/gen_inside_pipeline[0].mid_pipe_dst_fmt_q_reg[1][1]/C
                            (rising edge-triggered cell FDCE clocked by clk_i  {rise@0.000ns fall@5.000ns period=10.000ns})
  Destination:            i_ariane/gen_cvxif.gen_COPRO_KECC_AES_K.i_kecc_aes_k_xif_coprocessor/i_ex/result_o_reg[2]/D
                            (rising edge-triggered cell FDCE clocked by clk_i  {rise@0.000ns fall@5.000ns period=10.000ns})
  Path Group:             clk_i
  Path Type:              Setup (Max at Slow Process Corner)
  Requirement:            10.000ns  (clk_i rise@10.000ns - clk_i rise@0.000ns)
  Data Path Delay:        27.609ns  (logic 8.852ns (32.062%)  route 18.757ns (67.938%))
  Logic Levels:           54  (CARRY4=17 LUT1=1 LUT2=1 LUT3=2 LUT4=4 LUT5=8 LUT6=20 MUXF7=1)
  Clock Path Skew:        -0.039ns (DCD - SCD + CPR)
    Destination Clock Delay (DCD):    0.748ns = ( 10.748 - 10.000 ) 
    Source Clock Delay      (SCD):    0.787ns
    Clock Pessimism Removal (CPR):    0.000ns
  Clock Uncertainty:      0.035ns  ((TSJ^2 + TIJ^2)^1/2 + DJ) / 2 + PE
    Total System Jitter     (TSJ):    0.071ns
    Total Input Jitter      (TIJ):    0.000ns
    Discrete Jitter          (DJ):    0.000ns
    Phase Error              (PE):    0.000ns

    Location             Delay type                Incr(ns)  Path(ns)    Netlist Resource(s)
  -------------------------------------------------------------------    -------------------
                         (clock clk_i rise edge)      0.000     0.000 r  
                                                      0.000     0.000 r  clk_i (IN)
                         net (fo=23772, unset)        0.787     0.787    i_ariane/i_cva6/ex_stage_i/fpu_gen.fpu_i/fpu_gen.i_fpnew_bulk/gen_operation_groups[3].i_opgroup_block/gen_merged_slice.i_multifmt_slice/gen_num_lanes[0].active_lane.lane_instance.i_fpnew_cast_multi/clk_i
                         FDCE                                         r  i_ariane/i_cva6/ex_stage_i/fpu_gen.fpu_i/fpu_gen.i_fpnew_bulk/gen_operation_groups[3].i_opgroup_block/gen_merged_slice.i_multifmt_slice/gen_num_lanes[0].active_lane.lane_instance.i_fpnew_cast_multi/gen_inside_pipeline[0].mid_pipe_dst_fmt_q_reg[1][1]/C
  -------------------------------------------------------------------    -------------------
                         FDCE (Prop_fdce_C_Q)         0.397     1.184 r  i_ariane/i_cva6/ex_stage_i/fpu_gen.fpu_i/fpu_gen.i_fpnew_bulk/gen_operation_groups[3].i_opgroup_block/gen_merged_slice.i_multifmt_slice/gen_num_lanes[0].active_lane.lane_instance.i_fpnew_cast_multi/gen_inside_pipeline[0].mid_pipe_dst_fmt_q_reg[1][1]/Q
                         net (fo=140, unplaced)       0.733     1.917    i_ariane/i_cva6/ex_stage_i/fpu_gen.fpu_i/fpu_gen.i_fpnew_bulk/gen_operation_groups[3].i_opgroup_block/gen_merged_slice.i_multifmt_slice/gen_num_lanes[0].active_lane.lane_instance.i_fpnew_cast_multi/gen_inside_pipeline[0].mid_pipe_dst_fmt_q_reg_n_0_[1][1]
                         LUT3 (Prop_lut3_I0_O)        0.232     2.149 r  i_ariane/i_cva6/ex_stage_i/fpu_gen.fpu_i/fpu_gen.i_fpnew_bulk/gen_operation_groups[3].i_opgroup_block/gen_merged_slice.i_multifmt_slice/gen_num_lanes[0].active_lane.lane_instance.i_fpnew_cast_multi/mem_q[7][sbe][result][54]_i_102/O
                         net (fo=2, unplaced)         0.269     2.418    i_ariane/i_cva6/ex_stage_i/fpu_gen.fpu_i/fpu_gen.i_fpnew_bulk/gen_operation_groups[3].i_opgroup_block/gen_merged_slice.i_multifmt_slice/gen_num_lanes[0].active_lane.lane_instance.i_fpnew_cast_multi/mem_q[7][sbe][result][54]_i_102_n_0
                         CARRY4 (Prop_carry4_CYINIT_CO[3])
                                                      0.494     2.912 r  i_ariane/i_cva6/ex_stage_i/fpu_gen.fpu_i/fpu_gen.i_fpnew_bulk/gen_operation_groups[3].i_opgroup_block/gen_merged_slice.i_multifmt_slice/gen_num_lanes[0].active_lane.lane_instance.i_fpnew_cast_multi/i___371_i_68/CO[3]
                         net (fo=1, unplaced)         0.000     2.912    i_ariane/i_cva6/ex_stage_i/fpu_gen.fpu_i/fpu_gen.i_fpnew_bulk/gen_operation_groups[3].i_opgroup_block/gen_merged_slice.i_multifmt_slice/gen_num_lanes[0].active_lane.lane_instance.i_fpnew_cast_multi/i___371_i_68_n_0
                         CARRY4 (Prop_carry4_CI_CO[3])
                                                      0.100     3.012 r  i_ariane/i_cva6/ex_stage_i/fpu_gen.fpu_i/fpu_gen.i_fpnew_bulk/gen_operation_groups[3].i_opgroup_block/gen_merged_slice.i_multifmt_slice/gen_num_lanes[0].active_lane.lane_instance.i_fpnew_cast_multi/i___371_i_53/CO[3]
                         net (fo=1, unplaced)         0.000     3.012    i_ariane/i_cva6/ex_stage_i/fpu_gen.fpu_i/fpu_gen.i_fpnew_bulk/gen_operation_groups[3].i_opgroup_block/gen_merged_slice.i_multifmt_slice/gen_num_lanes[0].active_lane.lane_instance.i_fpnew_cast_multi/i___371_i_53_n_0
                         CARRY4 (Prop_carry4_CI_CO[3])
                                                      0.100     3.112 r  i_ariane/i_cva6/ex_stage_i/fpu_gen.fpu_i/fpu_gen.i_fpnew_bulk/gen_operation_groups[3].i_opgroup_block/gen_merged_slice.i_multifmt_slice/gen_num_lanes[0].active_lane.lane_instance.i_fpnew_cast_multi/i___371_i_51/CO[3]
                         net (fo=1, unplaced)         0.000     3.112    i_ariane/i_cva6/ex_stage_i/fpu_gen.fpu_i/fpu_gen.i_fpnew_bulk/gen_operation_groups[3].i_opgroup_block/gen_merged_slice.i_multifmt_slice/gen_num_lanes[0].active_lane.lane_instance.i_fpnew_cast_multi/i___371_i_51_n_0
                         CARRY4 (Prop_carry4_CI_CO[3])
                                                      0.100     3.212 r  i_ariane/i_cva6/ex_stage_i/fpu_gen.fpu_i/fpu_gen.i_fpnew_bulk/gen_operation_groups[3].i_opgroup_block/gen_merged_slice.i_multifmt_slice/gen_num_lanes[0].active_lane.lane_instance.i_fpnew_cast_multi/i___371_i_81/CO[3]
                         net (fo=16, unplaced)        0.664     3.876    i_ariane/i_cva6/ex_stage_i/fpu_gen.fpu_i/fpu_gen.i_fpnew_bulk/gen_operation_groups[3].i_opgroup_block/gen_merged_slice.i_multifmt_slice/gen_num_lanes[0].active_lane.lane_instance.i_fpnew_cast_multi/i___371_i_81_n_0
                         LUT2 (Prop_lut2_I1_O)        0.105     3.981 r  i_ariane/i_cva6/ex_stage_i/fpu_gen.fpu_i/fpu_gen.i_fpnew_bulk/gen_operation_groups[3].i_opgroup_block/gen_merged_slice.i_multifmt_slice/gen_num_lanes[0].active_lane.lane_instance.i_fpnew_cast_multi/i___371_i_76/O
                         net (fo=1, unplaced)         0.000     3.981    i_ariane/i_cva6/ex_stage_i/fpu_gen.fpu_i/fpu_gen.i_fpnew_bulk/gen_operation_groups[3].i_opgroup_block/gen_merged_slice.i_multifmt_slice/gen_num_lanes[0].active_lane.lane_instance.i_fpnew_cast_multi/i___371_i_76_n_0
                         CARRY4 (Prop_carry4_DI[0]_CO[3])
                                                      0.477     4.458 r  i_ariane/i_cva6/ex_stage_i/fpu_gen.fpu_i/fpu_gen.i_fpnew_bulk/gen_operation_groups[3].i_opgroup_block/gen_merged_slice.i_multifmt_slice/gen_num_lanes[0].active_lane.lane_instance.i_fpnew_cast_multi/i___371_i_57/CO[3]
                         net (fo=1, unplaced)         0.000     4.458    i_ariane/i_cva6/ex_stage_i/fpu_gen.fpu_i/fpu_gen.i_fpnew_bulk/gen_operation_groups[3].i_opgroup_block/gen_merged_slice.i_multifmt_slice/gen_num_lanes[0].active_lane.lane_instance.i_fpnew_cast_multi/i___371_i_57_n_0
                         CARRY4 (Prop_carry4_CI_CO[3])
                                                      0.100     4.558 r  i_ariane/i_cva6/ex_stage_i/fpu_gen.fpu_i/fpu_gen.i_fpnew_bulk/gen_operation_groups[3].i_opgroup_block/gen_merged_slice.i_multifmt_slice/gen_num_lanes[0].active_lane.lane_instance.i_fpnew_cast_multi/i___371_i_49/CO[3]
                         net (fo=61, unplaced)        0.697     5.255    i_ariane/i_cva6/ex_stage_i/fpu_gen.fpu_i/fpu_gen.i_fpnew_bulk/gen_operation_groups[3].i_opgroup_block/gen_merged_slice.i_multifmt_slice/gen_num_lanes[0].active_lane.lane_instance.i_fpnew_cast_multi/preshift_mant1
                         LUT4 (Prop_lut4_I3_O)        0.105     5.360 r  i_ariane/i_cva6/ex_stage_i/fpu_gen.fpu_i/fpu_gen.i_fpnew_bulk/gen_operation_groups[3].i_opgroup_block/gen_merged_slice.i_multifmt_slice/gen_num_lanes[0].active_lane.lane_instance.i_fpnew_cast_multi/mem_q[7][sbe][ex][cause][0]_i_129/O
                         net (fo=4, unplaced)         0.371     5.731    i_ariane/i_cva6/ex_stage_i/fpu_gen.fpu_i/fpu_gen.i_fpnew_bulk/gen_operation_groups[3].i_opgroup_block/gen_merged_slice.i_multifmt_slice/gen_num_lanes[0].active_lane.lane_instance.i_fpnew_cast_multi/mem_q[7][sbe][ex][cause][0]_i_129_n_0
                         LUT6 (Prop_lut6_I4_O)        0.105     5.836 r  i_ariane/i_cva6/ex_stage_i/fpu_gen.fpu_i/fpu_gen.i_fpnew_bulk/gen_operation_groups[3].i_opgroup_block/gen_merged_slice.i_multifmt_slice/gen_num_lanes[0].active_lane.lane_instance.i_fpnew_cast_multi/mem_q[7][sbe][ex][cause][0]_i_287/O
                         net (fo=117, unplaced)       0.450     6.286    i_ariane/i_cva6/ex_stage_i/fpu_gen.fpu_i/fpu_gen.i_fpnew_bulk/gen_operation_groups[3].i_opgroup_block/gen_merged_slice.i_multifmt_slice/gen_num_lanes[0].active_lane.lane_instance.i_fpnew_cast_multi/mem_q[7][sbe][ex][cause][0]_i_287_n_0
                         LUT5 (Prop_lut5_I4_O)        0.105     6.391 f  i_ariane/i_cva6/ex_stage_i/fpu_gen.fpu_i/fpu_gen.i_fpnew_bulk/gen_operation_groups[3].i_opgroup_block/gen_merged_slice.i_multifmt_slice/gen_num_lanes[0].active_lane.lane_instance.i_fpnew_cast_multi/mem_q[7][sbe][ex][cause][0]_i_512/O
                         net (fo=35, unplaced)        0.420     6.811    i_ariane/i_cva6/ex_stage_i/fpu_gen.fpu_i/fpu_gen.i_fpnew_bulk/gen_operation_groups[3].i_opgroup_block/gen_merged_slice.i_multifmt_slice/gen_num_lanes[0].active_lane.lane_instance.i_fpnew_cast_multi/mem_q[7][sbe][ex][cause][0]_i_512_n_0
                         LUT6 (Prop_lut6_I2_O)        0.105     6.916 f  i_ariane/i_cva6/ex_stage_i/fpu_gen.fpu_i/fpu_gen.i_fpnew_bulk/gen_operation_groups[3].i_opgroup_block/gen_merged_slice.i_multifmt_slice/gen_num_lanes[0].active_lane.lane_instance.i_fpnew_cast_multi/mem_q[7][sbe][ex][cause][0]_i_481/O
                         net (fo=3, unplaced)         0.600     7.516    i_ariane/i_cva6/ex_stage_i/fpu_gen.fpu_i/fpu_gen.i_fpnew_bulk/gen_operation_groups[3].i_opgroup_block/gen_merged_slice.i_multifmt_slice/gen_num_lanes[0].active_lane.lane_instance.i_fpnew_cast_multi/mem_q[7][sbe][ex][cause][0]_i_481_n_0
                         LUT6 (Prop_lut6_I0_O)        0.105     7.621 f  i_ariane/i_cva6/ex_stage_i/fpu_gen.fpu_i/fpu_gen.i_fpnew_bulk/gen_operation_groups[3].i_opgroup_block/gen_merged_slice.i_multifmt_slice/gen_num_lanes[0].active_lane.lane_instance.i_fpnew_cast_multi/mem_q[7][sbe][ex][cause][0]_i_349/O
                         net (fo=4, unplaced)         0.606     8.227    i_ariane/i_cva6/ex_stage_i/fpu_gen.fpu_i/fpu_gen.i_fpnew_bulk/gen_operation_groups[3].i_opgroup_block/gen_merged_slice.i_multifmt_slice/gen_num_lanes[0].active_lane.lane_instance.i_fpnew_cast_multi/mem_q[7][sbe][ex][cause][0]_i_349_n_0
                         LUT6 (Prop_lut6_I1_O)        0.105     8.332 f  i_ariane/i_cva6/ex_stage_i/fpu_gen.fpu_i/fpu_gen.i_fpnew_bulk/gen_operation_groups[3].i_opgroup_block/gen_merged_slice.i_multifmt_slice/gen_num_lanes[0].active_lane.lane_instance.i_fpnew_cast_multi/mem_q[7][sbe][ex][cause][0]_i_212/O
                         net (fo=3, unplaced)         0.796     9.128    i_ariane/i_cva6/ex_stage_i/fpu_gen.fpu_i/fpu_gen.i_fpnew_bulk/gen_operation_groups[3].i_opgroup_block/gen_merged_slice.i_multifmt_slice/gen_num_lanes[0].active_lane.lane_instance.i_fpnew_cast_multi/mem_q[7][sbe][ex][cause][0]_i_212_n_0
                         LUT6 (Prop_lut6_I0_O)        0.105     9.233 f  i_ariane/i_cva6/ex_stage_i/fpu_gen.fpu_i/fpu_gen.i_fpnew_bulk/gen_operation_groups[3].i_opgroup_block/gen_merged_slice.i_multifmt_slice/gen_num_lanes[0].active_lane.lane_instance.i_fpnew_cast_multi/mem_q[7][sbe][ex][cause][0]_i_99/O
                         net (fo=1, unplaced)         0.778    10.011    i_ariane/i_cva6/ex_stage_i/fpu_gen.fpu_i/fpu_gen.i_fpnew_bulk/gen_operation_groups[3].i_opgroup_block/gen_merged_slice.i_multifmt_slice/gen_num_lanes[0].active_lane.lane_instance.i_fpnew_cast_multi/mem_q[7][sbe][ex][cause][0]_i_99_n_0
                         LUT5 (Prop_lut5_I0_O)        0.105    10.116 f  i_ariane/i_cva6/ex_stage_i/fpu_gen.fpu_i/fpu_gen.i_fpnew_bulk/gen_operation_groups[3].i_opgroup_block/gen_merged_slice.i_multifmt_slice/gen_num_lanes[0].active_lane.lane_instance.i_fpnew_cast_multi/mem_q[7][sbe][ex][cause][0]_i_27/O
                         net (fo=1, unplaced)         0.582    10.698    i_ariane/i_cva6/ex_stage_i/fpu_gen.fpu_i/fpu_gen.i_fpnew_bulk/gen_operation_groups[3].i_opgroup_block/gen_merged_slice.i_multifmt_slice/gen_num_lanes[0].active_lane.lane_instance.i_fpnew_cast_multi/mem_q[7][sbe][ex][cause][0]_i_27_n_0
                         LUT6 (Prop_lut6_I3_O)        0.105    10.803 f  i_ariane/i_cva6/ex_stage_i/fpu_gen.fpu_i/fpu_gen.i_fpnew_bulk/gen_operation_groups[3].i_opgroup_block/gen_merged_slice.i_multifmt_slice/gen_num_lanes[0].active_lane.lane_instance.i_fpnew_cast_multi/mem_q[7][sbe][ex][cause][0]_i_10/O
                         net (fo=4, unplaced)         0.371    11.174    i_ariane/i_cva6/ex_stage_i/fpu_gen.fpu_i/fpu_gen.i_fpnew_bulk/gen_operation_groups[3].i_opgroup_block/gen_merged_slice.i_multifmt_slice/gen_num_lanes[0].active_lane.lane_instance.i_fpnew_cast_multi/mem_q[7][sbe][ex][cause][0]_i_10_n_0
                         LUT6 (Prop_lut6_I4_O)        0.105    11.279 f  i_ariane/i_cva6/ex_stage_i/fpu_gen.fpu_i/fpu_gen.i_fpnew_bulk/gen_operation_groups[3].i_opgroup_block/gen_merged_slice.i_multifmt_slice/gen_num_lanes[0].active_lane.lane_instance.i_fpnew_cast_multi/i___366_i_119/O
                         net (fo=1, unplaced)         0.582    11.861    i_ariane/i_cva6/ex_stage_i/fpu_gen.fpu_i/fpu_gen.i_fpnew_bulk/gen_operation_groups[3].i_opgroup_block/gen_merged_slice.i_multifmt_slice/gen_num_lanes[0].active_lane.lane_instance.i_fpnew_cast_multi/i___366_i_119_n_0
                         LUT6 (Prop_lut6_I1_O)        0.105    11.966 f  i_ariane/i_cva6/ex_stage_i/fpu_gen.fpu_i/fpu_gen.i_fpnew_bulk/gen_operation_groups[3].i_opgroup_block/gen_merged_slice.i_multifmt_slice/gen_num_lanes[0].active_lane.lane_instance.i_fpnew_cast_multi/i___366_i_62/O
                         net (fo=1, unplaced)         0.000    11.966    i_ariane/i_cva6/ex_stage_i/fpu_gen.fpu_i/fpu_gen.i_fpnew_bulk/gen_operation_groups[3].i_opgroup_block/gen_merged_slice.i_multifmt_slice/gen_num_lanes[0].active_lane.lane_instance.i_fpnew_cast_multi/i___366_i_62_n_0
                         CARRY4 (Prop_carry4_S[0]_CO[3])
                                                      0.423    12.389 r  i_ariane/i_cva6/ex_stage_i/fpu_gen.fpu_i/fpu_gen.i_fpnew_bulk/gen_operation_groups[3].i_opgroup_block/gen_merged_slice.i_multifmt_slice/gen_num_lanes[0].active_lane.lane_instance.i_fpnew_cast_multi/i___366_i_32/CO[3]
                         net (fo=1, unplaced)         0.000    12.389    i_ariane/i_cva6/ex_stage_i/fpu_gen.fpu_i/fpu_gen.i_fpnew_bulk/gen_operation_groups[3].i_opgroup_block/gen_merged_slice.i_multifmt_slice/gen_num_lanes[0].active_lane.lane_instance.i_fpnew_cast_multi/i___366_i_32_n_0
                         CARRY4 (Prop_carry4_CI_CO[3])
                                                      0.100    12.489 r  i_ariane/i_cva6/ex_stage_i/fpu_gen.fpu_i/fpu_gen.i_fpnew_bulk/gen_operation_groups[3].i_opgroup_block/gen_merged_slice.i_multifmt_slice/gen_num_lanes[0].active_lane.lane_instance.i_fpnew_cast_multi/mem_q_reg[7][sbe][result][7]_i_34/CO[3]
                         net (fo=1, unplaced)         0.000    12.489    i_ariane/i_cva6/ex_stage_i/fpu_gen.fpu_i/fpu_gen.i_fpnew_bulk/gen_operation_groups[3].i_opgroup_block/gen_merged_slice.i_multifmt_slice/gen_num_lanes[0].active_lane.lane_instance.i_fpnew_cast_multi/mem_q_reg[7][sbe][result][7]_i_34_n_0
                         CARRY4 (Prop_carry4_CI_CO[3])
                                                      0.100    12.589 r  i_ariane/i_cva6/ex_stage_i/fpu_gen.fpu_i/fpu_gen.i_fpnew_bulk/gen_operation_groups[3].i_opgroup_block/gen_merged_slice.i_multifmt_slice/gen_num_lanes[0].active_lane.lane_instance.i_fpnew_cast_multi/mem_q_reg[7][sbe][result][11]_i_57/CO[3]
                         net (fo=1, unplaced)         0.000    12.589    i_ariane/i_cva6/ex_stage_i/fpu_gen.fpu_i/fpu_gen.i_fpnew_bulk/gen_operation_groups[3].i_opgroup_block/gen_merged_slice.i_multifmt_slice/gen_num_lanes[0].active_lane.lane_instance.i_fpnew_cast_multi/mem_q_reg[7][sbe][result][11]_i_57_n_0
                         CARRY4 (Prop_carry4_CI_CO[3])
                                                      0.100    12.689 r  i_ariane/i_cva6/ex_stage_i/fpu_gen.fpu_i/fpu_gen.i_fpnew_bulk/gen_operation_groups[3].i_opgroup_block/gen_merged_slice.i_multifmt_slice/gen_num_lanes[0].active_lane.lane_instance.i_fpnew_cast_multi/mem_q_reg[7][sbe][result][15]_i_52/CO[3]
                         net (fo=1, unplaced)         0.000    12.689    i_ariane/i_cva6/ex_stage_i/fpu_gen.fpu_i/fpu_gen.i_fpnew_bulk/gen_operation_groups[3].i_opgroup_block/gen_merged_slice.i_multifmt_slice/gen_num_lanes[0].active_lane.lane_instance.i_fpnew_cast_multi/mem_q_reg[7][sbe][result][15]_i_52_n_0
                         CARRY4 (Prop_carry4_CI_CO[3])
                                                      0.100    12.789 r  i_ariane/i_cva6/ex_stage_i/fpu_gen.fpu_i/fpu_gen.i_fpnew_bulk/gen_operation_groups[3].i_opgroup_block/gen_merged_slice.i_multifmt_slice/gen_num_lanes[0].active_lane.lane_instance.i_fpnew_cast_multi/mem_q_reg[7][sbe][result][23]_i_46/CO[3]
                         net (fo=1, unplaced)         0.000    12.789    i_ariane/i_cva6/ex_stage_i/fpu_gen.fpu_i/fpu_gen.i_fpnew_bulk/gen_operation_groups[3].i_opgroup_block/gen_merged_slice.i_multifmt_slice/gen_num_lanes[0].active_lane.lane_instance.i_fpnew_cast_multi/mem_q_reg[7][sbe][result][23]_i_46_n_0
                         CARRY4 (Prop_carry4_CI_CO[3])
                                                      0.100    12.889 r  i_ariane/i_cva6/ex_stage_i/fpu_gen.fpu_i/fpu_gen.i_fpnew_bulk/gen_operation_groups[3].i_opgroup_block/gen_merged_slice.i_multifmt_slice/gen_num_lanes[0].active_lane.lane_instance.i_fpnew_cast_multi/mem_q_reg[7][sbe][result][23]_i_29/CO[3]
                         net (fo=1, unplaced)         0.000    12.889    i_ariane/i_cva6/ex_stage_i/fpu_gen.fpu_i/fpu_gen.i_fpnew_bulk/gen_operation_groups[3].i_opgroup_block/gen_merged_slice.i_multifmt_slice/gen_num_lanes[0].active_lane.lane_instance.i_fpnew_cast_multi/mem_q_reg[7][sbe][result][23]_i_29_n_0
                         CARRY4 (Prop_carry4_CI_O[2])
                                                      0.214    13.103 f  i_ariane/i_cva6/ex_stage_i/fpu_gen.fpu_i/fpu_gen.i_fpnew_bulk/gen_operation_groups[3].i_opgroup_block/gen_merged_slice.i_multifmt_slice/gen_num_lanes[0].active_lane.lane_instance.i_fpnew_cast_multi/mem_q_reg[7][sbe][result][27]_i_35/O[2]
                         net (fo=6, unplaced)         0.381    13.484    i_ariane/i_cva6/ex_stage_i/fpu_gen.fpu_i/fpu_gen.i_fpnew_bulk/gen_operation_groups[3].i_opgroup_block/gen_merged_slice.i_multifmt_slice/gen_num_lanes[0].active_lane.lane_instance.i_fpnew_cast_multi/rounded_abs[26]
                         LUT1 (Prop_lut1_I0_O)        0.244    13.728 r  i_ariane/i_cva6/ex_stage_i/fpu_gen.fpu_i/fpu_gen.i_fpnew_bulk/gen_operation_groups[3].i_opgroup_block/gen_merged_slice.i_multifmt_slice/gen_num_lanes[0].active_lane.lane_instance.i_fpnew_cast_multi/mem_q[7][sbe][result][28]_i_58/O
                         net (fo=1, unplaced)         0.000    13.728    i_ariane/i_cva6/ex_stage_i/fpu_gen.fpu_i/fpu_gen.i_fpnew_bulk/gen_operation_groups[3].i_opgroup_block/gen_merged_slice.i_multifmt_slice/gen_num_lanes[0].active_lane.lane_instance.i_fpnew_cast_multi/mem_q[7][sbe][result][28]_i_58_n_0
                         CARRY4 (Prop_carry4_S[1]_CO[3])
                                                      0.444    14.172 f  i_ariane/i_cva6/ex_stage_i/fpu_gen.fpu_i/fpu_gen.i_fpnew_bulk/gen_operation_groups[3].i_opgroup_block/gen_merged_slice.i_multifmt_slice/gen_num_lanes[0].active_lane.lane_instance.i_fpnew_cast_multi/mem_q_reg[7][sbe][result][28]_i_31/CO[3]
                         net (fo=1, unplaced)         0.000    14.172    i_ariane/i_cva6/ex_stage_i/fpu_gen.fpu_i/fpu_gen.i_fpnew_bulk/gen_operation_groups[3].i_opgroup_block/gen_merged_slice.i_multifmt_slice/gen_num_lanes[0].active_lane.lane_instance.i_fpnew_cast_multi/mem_q_reg[7][sbe][result][28]_i_31_n_0
                         CARRY4 (Prop_carry4_CI_O[2])
                                                      0.214    14.386 r  i_ariane/i_cva6/ex_stage_i/fpu_gen.fpu_i/fpu_gen.i_fpnew_bulk/gen_operation_groups[3].i_opgroup_block/gen_merged_slice.i_multifmt_slice/gen_num_lanes[0].active_lane.lane_instance.i_fpnew_cast_multi/i___368_i_14/O[2]
                         net (fo=4, unplaced)         0.373    14.759    i_ariane/i_cva6/ex_stage_i/fpu_gen.fpu_i/fpu_gen.i_fpnew_bulk/gen_operation_groups[3].i_opgroup_block/gen_merged_slice.i_multifmt_slice/gen_num_lanes[0].active_lane.lane_instance.i_fpnew_cast_multi/rounded_uint_res0[31]
                         LUT5 (Prop_lut5_I1_O)        0.244    15.003 r  i_ariane/i_cva6/ex_stage_i/fpu_gen.fpu_i/fpu_gen.i_fpnew_bulk/gen_operation_groups[3].i_opgroup_block/gen_merged_slice.i_multifmt_slice/gen_num_lanes[0].active_lane.lane_instance.i_fpnew_cast_multi/i___368_i_11/O
                         net (fo=33, unplaced)        0.654    15.657    i_ariane/i_cva6/ex_stage_i/fpu_gen.fpu_i/fpu_gen.i_fpnew_bulk/gen_operation_groups[3].i_opgroup_block/gen_merged_slice.i_multifmt_slice/gen_num_lanes[0].active_lane.lane_instance.i_fpnew_cast_multi/i___368_i_11_n_0
                         LUT5 (Prop_lut5_I4_O)        0.105    15.762 f  i_ariane/i_cva6/ex_stage_i/fpu_gen.fpu_i/fpu_gen.i_fpnew_bulk/gen_operation_groups[3].i_opgroup_block/gen_merged_slice.i_multifmt_slice/gen_num_lanes[0].active_lane.lane_instance.i_fpnew_cast_multi/mem_q[7][sbe][result][51]_i_19/O
                         net (fo=2, unplaced)         0.593    16.355    i_ariane/i_cva6/ex_stage_i/fpu_gen.fpu_i/fpu_gen.i_fpnew_bulk/gen_operation_groups[3].i_opgroup_block/gen_merged_slice.i_multifmt_slice/gen_num_lanes[0].active_lane.lane_instance.i_fpnew_cast_multi/mem_q[7][sbe][result][51]_i_19_n_0
                         LUT6 (Prop_lut6_I0_O)        0.105    16.460 f  i_ariane/i_cva6/ex_stage_i/fpu_gen.fpu_i/fpu_gen.i_fpnew_bulk/gen_operation_groups[3].i_opgroup_block/gen_merged_slice.i_multifmt_slice/gen_num_lanes[0].active_lane.lane_instance.i_fpnew_cast_multi/i___366_i_125/O
                         net (fo=1, unplaced)         0.000    16.460    i_ariane/i_cva6/ex_stage_i/fpu_gen.fpu_i/fpu_gen.i_fpnew_bulk/gen_operation_groups[3].i_opgroup_block/gen_merged_slice.i_multifmt_slice/gen_num_lanes[0].active_lane.lane_instance.i_fpnew_cast_multi/i___366_i_125_n_0
                         CARRY4 (Prop_carry4_S[1]_CO[3])
                                                      0.444    16.904 r  i_ariane/i_cva6/ex_stage_i/fpu_gen.fpu_i/fpu_gen.i_fpnew_bulk/gen_operation_groups[3].i_opgroup_block/gen_merged_slice.i_multifmt_slice/gen_num_lanes[0].active_lane.lane_instance.i_fpnew_cast_multi/i___366_i_63/CO[3]
                         net (fo=1, unplaced)         0.000    16.904    i_ariane/i_cva6/ex_stage_i/fpu_gen.fpu_i/fpu_gen.i_fpnew_bulk/gen_operation_groups[3].i_opgroup_block/gen_merged_slice.i_multifmt_slice/gen_num_lanes[0].active_lane.lane_instance.i_fpnew_cast_multi/i___366_i_63_n_0
                         CARRY4 (Prop_carry4_CI_CO[1])
                                                      0.150    17.054 r  i_ariane/i_cva6/ex_stage_i/fpu_gen.fpu_i/fpu_gen.i_fpnew_bulk/gen_operation_groups[3].i_opgroup_block/gen_merged_slice.i_multifmt_slice/gen_num_lanes[0].active_lane.lane_instance.i_fpnew_cast_multi/i___366_i_34/CO[1]
                         net (fo=1, unplaced)         0.240    17.294    i_ariane/i_cva6/ex_stage_i/fpu_gen.fpu_i/fpu_gen.i_fpnew_bulk/gen_operation_groups[3].i_opgroup_block/gen_merged_slice.i_multifmt_slice/gen_num_lanes[0].active_lane.lane_instance.i_fpnew_cast_multi/int_result_is_special1
                         LUT6 (Prop_lut6_I4_O)        0.277    17.571 f  i_ariane/i_cva6/ex_stage_i/fpu_gen.fpu_i/fpu_gen.i_fpnew_bulk/gen_operation_groups[3].i_opgroup_block/gen_merged_slice.i_multifmt_slice/gen_num_lanes[0].active_lane.lane_instance.i_fpnew_cast_multi/i___366_i_19/O
                         net (fo=45, unplaced)        0.427    17.998    i_ariane/i_cva6/ex_stage_i/fpu_gen.fpu_i/fpu_gen.i_fpnew_bulk/gen_operation_groups[3].i_opgroup_block/gen_merged_slice.i_multifmt_slice/gen_num_lanes[0].active_lane.lane_instance.i_fpnew_cast_multi/i___366_i_19_n_0
                         LUT4 (Prop_lut4_I3_O)        0.105    18.103 r  i_ariane/i_cva6/ex_stage_i/fpu_gen.fpu_i/fpu_gen.i_fpnew_bulk/gen_operation_groups[3].i_opgroup_block/gen_merged_slice.i_multifmt_slice/gen_num_lanes[0].active_lane.lane_instance.i_fpnew_cast_multi/i___366_i_21/O
                         net (fo=8, unplaced)         0.385    18.488    i_ariane/i_cva6/ex_stage_i/fpu_gen.fpu_i/fpu_gen.i_fpnew_bulk/gen_operation_groups[3].i_opgroup_block/gen_merged_slice.i_multifmt_slice/gen_num_lanes[0].active_lane.lane_instance.i_fpnew_cast_multi/i___366_i_21_n_0
                         LUT6 (Prop_lut6_I4_O)        0.105    18.593 r  i_ariane/i_cva6/ex_stage_i/fpu_gen.fpu_i/fpu_gen.i_fpnew_bulk/gen_operation_groups[3].i_opgroup_block/gen_merged_slice.i_multifmt_slice/gen_num_lanes[0].active_lane.lane_instance.i_fpnew_cast_multi/i___366_i_13/O
                         net (fo=1, unplaced)         0.582    19.175    i_ariane/i_cva6/ex_stage_i/fpu_gen.fpu_i/fpu_gen.i_fpnew_bulk/gen_operation_groups[3].i_opgroup_block/gen_merged_slice.i_multifmt_slice/gen_num_lanes[0].active_lane.lane_instance.i_fpnew_cast_multi/i___366_i_13_n_0
                         LUT6 (Prop_lut6_I0_O)        0.105    19.280 r  i_ariane/i_cva6/ex_stage_i/fpu_gen.fpu_i/fpu_gen.i_fpnew_bulk/gen_operation_groups[3].i_opgroup_block/gen_merged_slice.i_multifmt_slice/gen_num_lanes[0].active_lane.lane_instance.i_fpnew_cast_multi/i___366_i_5/O
                         net (fo=1, unplaced)         0.347    19.627    i_ariane/i_cva6/ex_stage_i/fpu_gen.fpu_i/fpu_gen.i_fpnew_bulk/gen_operation_groups[0].i_opgroup_block/gen_parallel_slices[0].active_format.i_fmt_slice/gen_num_lanes[0].active_lane.lane_instance.i_fma/gen_arbiter.data_nodes[2][result][3]
                         LUT5 (Prop_lut5_I0_O)        0.105    19.732 r  i_ariane/i_cva6/ex_stage_i/fpu_gen.fpu_i/fpu_gen.i_fpnew_bulk/gen_operation_groups[0].i_opgroup_block/gen_parallel_slices[0].active_format.i_fmt_slice/gen_num_lanes[0].active_lane.lane_instance.i_fma/i___366_i_1/O
                         net (fo=19, unplaced)        0.406    20.138    i_ariane/i_cva6/issue_stage_i/i_issue_read_operands/fpu_result_ex_id[3]
                         LUT5 (Prop_lut5_I0_O)        0.105    20.243 f  i_ariane/i_cva6/issue_stage_i/i_issue_read_operands/i___328_i_2/O
                         net (fo=3, unplaced)         0.600    20.843    i_ariane/i_cva6/issue_stage_i/i_issue_read_operands/i___328_i_2_n_0
                         LUT6 (Prop_lut6_I1_O)        0.105    20.948 f  i_ariane/i_cva6/issue_stage_i/i_issue_read_operands/fu_data_q[0][operand_a][3]_i_12/O
                         net (fo=1, unplaced)         0.000    20.948    i_ariane/i_cva6/issue_stage_i/i_issue_read_operands/fu_data_q[0][operand_a][3]_i_12_n_0
                         MUXF7 (Prop_muxf7_I0_O)      0.201    21.149 f  i_ariane/i_cva6/issue_stage_i/i_issue_read_operands/fu_data_q_reg[0][operand_a][3]_i_5/O
                         net (fo=1, unplaced)         0.349    21.498    i_ariane/i_cva6/issue_stage_i/i_issue_read_operands/fu_data_q_reg[0][operand_a][3]_i_5_n_0
                         LUT6 (Prop_lut6_I5_O)        0.242    21.740 f  i_ariane/i_cva6/issue_stage_i/i_issue_read_operands/fu_data_q[0][operand_a][3]_i_2/O
                         net (fo=1, unplaced)         0.347    22.087    i_ariane/i_cva6/issue_stage_i/i_issue_read_operands/fu_data_q[0][operand_a][3]_i_2_n_0
                         LUT5 (Prop_lut5_I4_O)        0.105    22.192 r  i_ariane/i_cva6/issue_stage_i/i_issue_read_operands/fu_data_q[0][operand_a][3]_i_1/O
                         net (fo=17, unplaced)        0.403    22.595    i_ariane/gen_cvxif.gen_COPRO_KECC_AES_K.i_kecc_aes_k_xif_coprocessor/D[3]
                         LUT3 (Prop_lut3_I0_O)        0.105    22.700 r  i_ariane/gen_cvxif.gen_COPRO_KECC_AES_K.i_kecc_aes_k_xif_coprocessor/i___30_i_9/O
                         net (fo=6, unplaced)         0.379    23.079    i_ariane/i_cva6/id_stage_i/registers[0]_23[3]
                         LUT6 (Prop_lut6_I5_O)        0.105    23.184 r  i_ariane/i_cva6/id_stage_i/i___30_i_2/O
                         net (fo=11, unplaced)        0.628    23.812    i_ariane/i_cva6/id_stage_i/issue_q_reg[0][orig_instr][21]_7
                         LUT6 (Prop_lut6_I1_O)        0.105    23.917 r  i_ariane/i_cva6/id_stage_i/i___25_i_10/O
                         net (fo=3, unplaced)         0.796    24.713    i_ariane/i_cva6/id_stage_i/i___25_i_10_n_0
                         LUT6 (Prop_lut6_I3_O)        0.105    24.818 r  i_ariane/i_cva6/id_stage_i/i___25_i_2/O
                         net (fo=10, unplaced)        0.625    25.443    i_ariane/i_cva6/id_stage_i/i___235_i_3_0
                         LUT4 (Prop_lut4_I1_O)        0.105    25.548 r  i_ariane/i_cva6/id_stage_i/i___235_i_1/O
                         net (fo=6, unplaced)         0.614    26.162    i_ariane/i_cva6/id_stage_i/i___25_i_1_0
                         LUT4 (Prop_lut4_I0_O)        0.105    26.267 r  i_ariane/i_cva6/id_stage_i/i___75_i_6/O
                         net (fo=4, unplaced)         0.606    26.873    i_ariane/i_cva6/id_stage_i/i___12_i_4_0
                         LUT6 (Prop_lut6_I2_O)        0.105    26.978 r  i_ariane/i_cva6/id_stage_i/i___20_i_1/O
                         net (fo=8, unplaced)         0.385    27.363    i_ariane/i_cva6/id_stage_i/i___13_i_3_0
                         LUT5 (Prop_lut5_I1_O)        0.105    27.468 r  i_ariane/i_cva6/id_stage_i/result_o[34]_i_8/O
                         net (fo=4, unplaced)         0.371    27.839    i_ariane/i_cva6/id_stage_i/result_o[34]_i_8_n_0
                         LUT6 (Prop_lut6_I0_O)        0.105    27.944 r  i_ariane/i_cva6/id_stage_i/result_o[2]_i_4/O
                         net (fo=1, unplaced)         0.347    28.291    i_ariane/i_cva6/id_stage_i/result_o[2]_i_4_n_0
                         LUT6 (Prop_lut6_I3_O)        0.105    28.396 r  i_ariane/i_cva6/id_stage_i/result_o[2]_i_1/O
                         net (fo=1, unplaced)         0.000    28.396    i_ariane/gen_cvxif.gen_COPRO_KECC_AES_K.i_kecc_aes_k_xif_coprocessor/i_ex/result_o_reg[63]_1[2]
                         FDCE                                         r  i_ariane/gen_cvxif.gen_COPRO_KECC_AES_K.i_kecc_aes_k_xif_coprocessor/i_ex/result_o_reg[2]/D
  -------------------------------------------------------------------    -------------------

                         (clock clk_i rise edge)     10.000    10.000 r  
                                                      0.000    10.000 r  clk_i (IN)
                         net (fo=23772, unset)        0.748    10.748    i_ariane/gen_cvxif.gen_COPRO_KECC_AES_K.i_kecc_aes_k_xif_coprocessor/i_ex/clk_i
                         FDCE                                         r  i_ariane/gen_cvxif.gen_COPRO_KECC_AES_K.i_kecc_aes_k_xif_coprocessor/i_ex/result_o_reg[2]/C
                         clock pessimism              0.000    10.748    
                         clock uncertainty           -0.035    10.712    
                         FDCE (Setup_fdce_C_D)        0.043    10.755    i_ariane/gen_cvxif.gen_COPRO_KECC_AES_K.i_kecc_aes_k_xif_coprocessor/i_ex/result_o_reg[2]
  -------------------------------------------------------------------
                         required time                         10.755    
                         arrival time                         -28.396    
  -------------------------------------------------------------------
                         slack                                -17.641    

Slack (VIOLATED) :        -17.641ns  (required time - arrival time)
  Source:                 i_ariane/i_cva6/ex_stage_i/fpu_gen.fpu_i/fpu_gen.i_fpnew_bulk/gen_operation_groups[3].i_opgroup_block/gen_merged_slice.i_multifmt_slice/gen_num_lanes[0].active_lane.lane_instance.i_fpnew_cast_multi/gen_inside_pipeline[0].mid_pipe_dst_fmt_q_reg[1][1]/C
                            (rising edge-triggered cell FDCE clocked by clk_i  {rise@0.000ns fall@5.000ns period=10.000ns})
  Destination:            i_ariane/gen_cvxif.gen_COPRO_KECC_AES_K.i_kecc_aes_k_xif_coprocessor/i_ex/result_o_reg[2]/D
                            (rising edge-triggered cell FDCE clocked by clk_i  {rise@0.000ns fall@5.000ns period=10.000ns})
  Path Group:             clk_i
  Path Type:              Setup (Max at Slow Process Corner)
  Requirement:            10.000ns  (clk_i rise@10.000ns - clk_i rise@0.000ns)
  Data Path Delay:        27.609ns  (logic 8.852ns (32.062%)  route 18.757ns (67.938%))
  Logic Levels:           54  (CARRY4=17 LUT1=1 LUT2=1 LUT3=2 LUT4=4 LUT5=8 LUT6=20 MUXF7=1)
  Clock Path Skew:        -0.039ns (DCD - SCD + CPR)
    Destination Clock Delay (DCD):    0.748ns = ( 10.748 - 10.000 ) 
    Source Clock Delay      (SCD):    0.787ns
    Clock Pessimism Removal (CPR):    0.000ns
  Clock Uncertainty:      0.035ns  ((TSJ^2 + TIJ^2)^1/2 + DJ) / 2 + PE
    Total System Jitter     (TSJ):    0.071ns
    Total Input Jitter      (TIJ):    0.000ns
    Discrete Jitter          (DJ):    0.000ns
    Phase Error              (PE):    0.000ns

    Location             Delay type                Incr(ns)  Path(ns)    Netlist Resource(s)
  -------------------------------------------------------------------    -------------------
                         (clock clk_i rise edge)      0.000     0.000 r  
                                                      0.000     0.000 r  clk_i (IN)
                         net (fo=23772, unset)        0.787     0.787    i_ariane/i_cva6/ex_stage_i/fpu_gen.fpu_i/fpu_gen.i_fpnew_bulk/gen_operation_groups[3].i_opgroup_block/gen_merged_slice.i_multifmt_slice/gen_num_lanes[0].active_lane.lane_instance.i_fpnew_cast_multi/clk_i
                         FDCE                                         r  i_ariane/i_cva6/ex_stage_i/fpu_gen.fpu_i/fpu_gen.i_fpnew_bulk/gen_operation_groups[3].i_opgroup_block/gen_merged_slice.i_multifmt_slice/gen_num_lanes[0].active_lane.lane_instance.i_fpnew_cast_multi/gen_inside_pipeline[0].mid_pipe_dst_fmt_q_reg[1][1]/C
  -------------------------------------------------------------------    -------------------
                         FDCE (Prop_fdce_C_Q)         0.397     1.184 r  i_ariane/i_cva6/ex_stage_i/fpu_gen.fpu_i/fpu_gen.i_fpnew_bulk/gen_operation_groups[3].i_opgroup_block/gen_merged_slice.i_multifmt_slice/gen_num_lanes[0].active_lane.lane_instance.i_fpnew_cast_multi/gen_inside_pipeline[0].mid_pipe_dst_fmt_q_reg[1][1]/Q
                         net (fo=140, unplaced)       0.733     1.917    i_ariane/i_cva6/ex_stage_i/fpu_gen.fpu_i/fpu_gen.i_fpnew_bulk/gen_operation_groups[3].i_opgroup_block/gen_merged_slice.i_multifmt_slice/gen_num_lanes[0].active_lane.lane_instance.i_fpnew_cast_multi/gen_inside_pipeline[0].mid_pipe_dst_fmt_q_reg_n_0_[1][1]
                         LUT3 (Prop_lut3_I0_O)        0.232     2.149 r  i_ariane/i_cva6/ex_stage_i/fpu_gen.fpu_i/fpu_gen.i_fpnew_bulk/gen_operation_groups[3].i_opgroup_block/gen_merged_slice.i_multifmt_slice/gen_num_lanes[0].active_lane.lane_instance.i_fpnew_cast_multi/mem_q[7][sbe][result][54]_i_102/O
                         net (fo=2, unplaced)         0.269     2.418    i_ariane/i_cva6/ex_stage_i/fpu_gen.fpu_i/fpu_gen.i_fpnew_bulk/gen_operation_groups[3].i_opgroup_block/gen_merged_slice.i_multifmt_slice/gen_num_lanes[0].active_lane.lane_instance.i_fpnew_cast_multi/mem_q[7][sbe][result][54]_i_102_n_0
                         CARRY4 (Prop_carry4_CYINIT_CO[3])
                                                      0.494     2.912 r  i_ariane/i_cva6/ex_stage_i/fpu_gen.fpu_i/fpu_gen.i_fpnew_bulk/gen_operation_groups[3].i_opgroup_block/gen_merged_slice.i_multifmt_slice/gen_num_lanes[0].active_lane.lane_instance.i_fpnew_cast_multi/i___371_i_68/CO[3]
                         net (fo=1, unplaced)         0.000     2.912    i_ariane/i_cva6/ex_stage_i/fpu_gen.fpu_i/fpu_gen.i_fpnew_bulk/gen_operation_groups[3].i_opgroup_block/gen_merged_slice.i_multifmt_slice/gen_num_lanes[0].active_lane.lane_instance.i_fpnew_cast_multi/i___371_i_68_n_0
                         CARRY4 (Prop_carry4_CI_CO[3])
                                                      0.100     3.012 r  i_ariane/i_cva6/ex_stage_i/fpu_gen.fpu_i/fpu_gen.i_fpnew_bulk/gen_operation_groups[3].i_opgroup_block/gen_merged_slice.i_multifmt_slice/gen_num_lanes[0].active_lane.lane_instance.i_fpnew_cast_multi/i___371_i_53/CO[3]
                         net (fo=1, unplaced)         0.000     3.012    i_ariane/i_cva6/ex_stage_i/fpu_gen.fpu_i/fpu_gen.i_fpnew_bulk/gen_operation_groups[3].i_opgroup_block/gen_merged_slice.i_multifmt_slice/gen_num_lanes[0].active_lane.lane_instance.i_fpnew_cast_multi/i___371_i_53_n_0
                         CARRY4 (Prop_carry4_CI_CO[3])
                                                      0.100     3.112 r  i_ariane/i_cva6/ex_stage_i/fpu_gen.fpu_i/fpu_gen.i_fpnew_bulk/gen_operation_groups[3].i_opgroup_block/gen_merged_slice.i_multifmt_slice/gen_num_lanes[0].active_lane.lane_instance.i_fpnew_cast_multi/i___371_i_51/CO[3]
                         net (fo=1, unplaced)         0.000     3.112    i_ariane/i_cva6/ex_stage_i/fpu_gen.fpu_i/fpu_gen.i_fpnew_bulk/gen_operation_groups[3].i_opgroup_block/gen_merged_slice.i_multifmt_slice/gen_num_lanes[0].active_lane.lane_instance.i_fpnew_cast_multi/i___371_i_51_n_0
                         CARRY4 (Prop_carry4_CI_CO[3])
                                                      0.100     3.212 r  i_ariane/i_cva6/ex_stage_i/fpu_gen.fpu_i/fpu_gen.i_fpnew_bulk/gen_operation_groups[3].i_opgroup_block/gen_merged_slice.i_multifmt_slice/gen_num_lanes[0].active_lane.lane_instance.i_fpnew_cast_multi/i___371_i_81/CO[3]
                         net (fo=16, unplaced)        0.664     3.876    i_ariane/i_cva6/ex_stage_i/fpu_gen.fpu_i/fpu_gen.i_fpnew_bulk/gen_operation_groups[3].i_opgroup_block/gen_merged_slice.i_multifmt_slice/gen_num_lanes[0].active_lane.lane_instance.i_fpnew_cast_multi/i___371_i_81_n_0
                         LUT2 (Prop_lut2_I1_O)        0.105     3.981 r  i_ariane/i_cva6/ex_stage_i/fpu_gen.fpu_i/fpu_gen.i_fpnew_bulk/gen_operation_groups[3].i_opgroup_block/gen_merged_slice.i_multifmt_slice/gen_num_lanes[0].active_lane.lane_instance.i_fpnew_cast_multi/i___371_i_76/O
                         net (fo=1, unplaced)         0.000     3.981    i_ariane/i_cva6/ex_stage_i/fpu_gen.fpu_i/fpu_gen.i_fpnew_bulk/gen_operation_groups[3].i_opgroup_block/gen_merged_slice.i_multifmt_slice/gen_num_lanes[0].active_lane.lane_instance.i_fpnew_cast_multi/i___371_i_76_n_0
                         CARRY4 (Prop_carry4_DI[0]_CO[3])
                                                      0.477     4.458 r  i_ariane/i_cva6/ex_stage_i/fpu_gen.fpu_i/fpu_gen.i_fpnew_bulk/gen_operation_groups[3].i_opgroup_block/gen_merged_slice.i_multifmt_slice/gen_num_lanes[0].active_lane.lane_instance.i_fpnew_cast_multi/i___371_i_57/CO[3]
                         net (fo=1, unplaced)         0.000     4.458    i_ariane/i_cva6/ex_stage_i/fpu_gen.fpu_i/fpu_gen.i_fpnew_bulk/gen_operation_groups[3].i_opgroup_block/gen_merged_slice.i_multifmt_slice/gen_num_lanes[0].active_lane.lane_instance.i_fpnew_cast_multi/i___371_i_57_n_0
                         CARRY4 (Prop_carry4_CI_CO[3])
                                                      0.100     4.558 f  i_ariane/i_cva6/ex_stage_i/fpu_gen.fpu_i/fpu_gen.i_fpnew_bulk/gen_operation_groups[3].i_opgroup_block/gen_merged_slice.i_multifmt_slice/gen_num_lanes[0].active_lane.lane_instance.i_fpnew_cast_multi/i___371_i_49/CO[3]
                         net (fo=61, unplaced)        0.697     5.255    i_ariane/i_cva6/ex_stage_i/fpu_gen.fpu_i/fpu_gen.i_fpnew_bulk/gen_operation_groups[3].i_opgroup_block/gen_merged_slice.i_multifmt_slice/gen_num_lanes[0].active_lane.lane_instance.i_fpnew_cast_multi/preshift_mant1
                         LUT4 (Prop_lut4_I3_O)        0.105     5.360 f  i_ariane/i_cva6/ex_stage_i/fpu_gen.fpu_i/fpu_gen.i_fpnew_bulk/gen_operation_groups[3].i_opgroup_block/gen_merged_slice.i_multifmt_slice/gen_num_lanes[0].active_lane.lane_instance.i_fpnew_cast_multi/mem_q[7][sbe][ex][cause][0]_i_129/O
                         net (fo=4, unplaced)         0.371     5.731    i_ariane/i_cva6/ex_stage_i/fpu_gen.fpu_i/fpu_gen.i_fpnew_bulk/gen_operation_groups[3].i_opgroup_block/gen_merged_slice.i_multifmt_slice/gen_num_lanes[0].active_lane.lane_instance.i_fpnew_cast_multi/mem_q[7][sbe][ex][cause][0]_i_129_n_0
                         LUT6 (Prop_lut6_I4_O)        0.105     5.836 f  i_ariane/i_cva6/ex_stage_i/fpu_gen.fpu_i/fpu_gen.i_fpnew_bulk/gen_operation_groups[3].i_opgroup_block/gen_merged_slice.i_multifmt_slice/gen_num_lanes[0].active_lane.lane_instance.i_fpnew_cast_multi/mem_q[7][sbe][ex][cause][0]_i_287/O
                         net (fo=117, unplaced)       0.450     6.286    i_ariane/i_cva6/ex_stage_i/fpu_gen.fpu_i/fpu_gen.i_fpnew_bulk/gen_operation_groups[3].i_opgroup_block/gen_merged_slice.i_multifmt_slice/gen_num_lanes[0].active_lane.lane_instance.i_fpnew_cast_multi/mem_q[7][sbe][ex][cause][0]_i_287_n_0
                         LUT5 (Prop_lut5_I4_O)        0.105     6.391 r  i_ariane/i_cva6/ex_stage_i/fpu_gen.fpu_i/fpu_gen.i_fpnew_bulk/gen_operation_groups[3].i_opgroup_block/gen_merged_slice.i_multifmt_slice/gen_num_lanes[0].active_lane.lane_instance.i_fpnew_cast_multi/mem_q[7][sbe][ex][cause][0]_i_512/O
                         net (fo=35, unplaced)        0.420     6.811    i_ariane/i_cva6/ex_stage_i/fpu_gen.fpu_i/fpu_gen.i_fpnew_bulk/gen_operation_groups[3].i_opgroup_block/gen_merged_slice.i_multifmt_slice/gen_num_lanes[0].active_lane.lane_instance.i_fpnew_cast_multi/mem_q[7][sbe][ex][cause][0]_i_512_n_0
                         LUT6 (Prop_lut6_I2_O)        0.105     6.916 r  i_ariane/i_cva6/ex_stage_i/fpu_gen.fpu_i/fpu_gen.i_fpnew_bulk/gen_operation_groups[3].i_opgroup_block/gen_merged_slice.i_multifmt_slice/gen_num_lanes[0].active_lane.lane_instance.i_fpnew_cast_multi/mem_q[7][sbe][ex][cause][0]_i_481/O
                         net (fo=3, unplaced)         0.600     7.516    i_ariane/i_cva6/ex_stage_i/fpu_gen.fpu_i/fpu_gen.i_fpnew_bulk/gen_operation_groups[3].i_opgroup_block/gen_merged_slice.i_multifmt_slice/gen_num_lanes[0].active_lane.lane_instance.i_fpnew_cast_multi/mem_q[7][sbe][ex][cause][0]_i_481_n_0
                         LUT6 (Prop_lut6_I0_O)        0.105     7.621 r  i_ariane/i_cva6/ex_stage_i/fpu_gen.fpu_i/fpu_gen.i_fpnew_bulk/gen_operation_groups[3].i_opgroup_block/gen_merged_slice.i_multifmt_slice/gen_num_lanes[0].active_lane.lane_instance.i_fpnew_cast_multi/mem_q[7][sbe][ex][cause][0]_i_349/O
                         net (fo=4, unplaced)         0.606     8.227    i_ariane/i_cva6/ex_stage_i/fpu_gen.fpu_i/fpu_gen.i_fpnew_bulk/gen_operation_groups[3].i_opgroup_block/gen_merged_slice.i_multifmt_slice/gen_num_lanes[0].active_lane.lane_instance.i_fpnew_cast_multi/mem_q[7][sbe][ex][cause][0]_i_349_n_0
                         LUT6 (Prop_lut6_I1_O)        0.105     8.332 r  i_ariane/i_cva6/ex_stage_i/fpu_gen.fpu_i/fpu_gen.i_fpnew_bulk/gen_operation_groups[3].i_opgroup_block/gen_merged_slice.i_multifmt_slice/gen_num_lanes[0].active_lane.lane_instance.i_fpnew_cast_multi/mem_q[7][sbe][ex][cause][0]_i_212/O
                         net (fo=3, unplaced)         0.796     9.128    i_ariane/i_cva6/ex_stage_i/fpu_gen.fpu_i/fpu_gen.i_fpnew_bulk/gen_operation_groups[3].i_opgroup_block/gen_merged_slice.i_multifmt_slice/gen_num_lanes[0].active_lane.lane_instance.i_fpnew_cast_multi/mem_q[7][sbe][ex][cause][0]_i_212_n_0
                         LUT6 (Prop_lut6_I0_O)        0.105     9.233 r  i_ariane/i_cva6/ex_stage_i/fpu_gen.fpu_i/fpu_gen.i_fpnew_bulk/gen_operation_groups[3].i_opgroup_block/gen_merged_slice.i_multifmt_slice/gen_num_lanes[0].active_lane.lane_instance.i_fpnew_cast_multi/mem_q[7][sbe][ex][cause][0]_i_99/O
                         net (fo=1, unplaced)         0.778    10.011    i_ariane/i_cva6/ex_stage_i/fpu_gen.fpu_i/fpu_gen.i_fpnew_bulk/gen_operation_groups[3].i_opgroup_block/gen_merged_slice.i_multifmt_slice/gen_num_lanes[0].active_lane.lane_instance.i_fpnew_cast_multi/mem_q[7][sbe][ex][cause][0]_i_99_n_0
                         LUT5 (Prop_lut5_I0_O)        0.105    10.116 r  i_ariane/i_cva6/ex_stage_i/fpu_gen.fpu_i/fpu_gen.i_fpnew_bulk/gen_operation_groups[3].i_opgroup_block/gen_merged_slice.i_multifmt_slice/gen_num_lanes[0].active_lane.lane_instance.i_fpnew_cast_multi/mem_q[7][sbe][ex][cause][0]_i_27/O
                         net (fo=1, unplaced)         0.582    10.698    i_ariane/i_cva6/ex_stage_i/fpu_gen.fpu_i/fpu_gen.i_fpnew_bulk/gen_operation_groups[3].i_opgroup_block/gen_merged_slice.i_multifmt_slice/gen_num_lanes[0].active_lane.lane_instance.i_fpnew_cast_multi/mem_q[7][sbe][ex][cause][0]_i_27_n_0
                         LUT6 (Prop_lut6_I3_O)        0.105    10.803 r  i_ariane/i_cva6/ex_stage_i/fpu_gen.fpu_i/fpu_gen.i_fpnew_bulk/gen_operation_groups[3].i_opgroup_block/gen_merged_slice.i_multifmt_slice/gen_num_lanes[0].active_lane.lane_instance.i_fpnew_cast_multi/mem_q[7][sbe][ex][cause][0]_i_10/O
                         net (fo=4, unplaced)         0.371    11.174    i_ariane/i_cva6/ex_stage_i/fpu_gen.fpu_i/fpu_gen.i_fpnew_bulk/gen_operation_groups[3].i_opgroup_block/gen_merged_slice.i_multifmt_slice/gen_num_lanes[0].active_lane.lane_instance.i_fpnew_cast_multi/mem_q[7][sbe][ex][cause][0]_i_10_n_0
                         LUT6 (Prop_lut6_I4_O)        0.105    11.279 r  i_ariane/i_cva6/ex_stage_i/fpu_gen.fpu_i/fpu_gen.i_fpnew_bulk/gen_operation_groups[3].i_opgroup_block/gen_merged_slice.i_multifmt_slice/gen_num_lanes[0].active_lane.lane_instance.i_fpnew_cast_multi/i___366_i_119/O
                         net (fo=1, unplaced)         0.582    11.861    i_ariane/i_cva6/ex_stage_i/fpu_gen.fpu_i/fpu_gen.i_fpnew_bulk/gen_operation_groups[3].i_opgroup_block/gen_merged_slice.i_multifmt_slice/gen_num_lanes[0].active_lane.lane_instance.i_fpnew_cast_multi/i___366_i_119_n_0
                         LUT6 (Prop_lut6_I1_O)        0.105    11.966 r  i_ariane/i_cva6/ex_stage_i/fpu_gen.fpu_i/fpu_gen.i_fpnew_bulk/gen_operation_groups[3].i_opgroup_block/gen_merged_slice.i_multifmt_slice/gen_num_lanes[0].active_lane.lane_instance.i_fpnew_cast_multi/i___366_i_62/O
                         net (fo=1, unplaced)         0.000    11.966    i_ariane/i_cva6/ex_stage_i/fpu_gen.fpu_i/fpu_gen.i_fpnew_bulk/gen_operation_groups[3].i_opgroup_block/gen_merged_slice.i_multifmt_slice/gen_num_lanes[0].active_lane.lane_instance.i_fpnew_cast_multi/i___366_i_62_n_0
                         CARRY4 (Prop_carry4_S[0]_CO[3])
                                                      0.423    12.389 r  i_ariane/i_cva6/ex_stage_i/fpu_gen.fpu_i/fpu_gen.i_fpnew_bulk/gen_operation_groups[3].i_opgroup_block/gen_merged_slice.i_multifmt_slice/gen_num_lanes[0].active_lane.lane_instance.i_fpnew_cast_multi/i___366_i_32/CO[3]
                         net (fo=1, unplaced)         0.000    12.389    i_ariane/i_cva6/ex_stage_i/fpu_gen.fpu_i/fpu_gen.i_fpnew_bulk/gen_operation_groups[3].i_opgroup_block/gen_merged_slice.i_multifmt_slice/gen_num_lanes[0].active_lane.lane_instance.i_fpnew_cast_multi/i___366_i_32_n_0
                         CARRY4 (Prop_carry4_CI_CO[3])
                                                      0.100    12.489 r  i_ariane/i_cva6/ex_stage_i/fpu_gen.fpu_i/fpu_gen.i_fpnew_bulk/gen_operation_groups[3].i_opgroup_block/gen_merged_slice.i_multifmt_slice/gen_num_lanes[0].active_lane.lane_instance.i_fpnew_cast_multi/mem_q_reg[7][sbe][result][7]_i_34/CO[3]
                         net (fo=1, unplaced)         0.000    12.489    i_ariane/i_cva6/ex_stage_i/fpu_gen.fpu_i/fpu_gen.i_fpnew_bulk/gen_operation_groups[3].i_opgroup_block/gen_merged_slice.i_multifmt_slice/gen_num_lanes[0].active_lane.lane_instance.i_fpnew_cast_multi/mem_q_reg[7][sbe][result][7]_i_34_n_0
                         CARRY4 (Prop_carry4_CI_CO[3])
                                                      0.100    12.589 r  i_ariane/i_cva6/ex_stage_i/fpu_gen.fpu_i/fpu_gen.i_fpnew_bulk/gen_operation_groups[3].i_opgroup_block/gen_merged_slice.i_multifmt_slice/gen_num_lanes[0].active_lane.lane_instance.i_fpnew_cast_multi/mem_q_reg[7][sbe][result][11]_i_57/CO[3]
                         net (fo=1, unplaced)         0.000    12.589    i_ariane/i_cva6/ex_stage_i/fpu_gen.fpu_i/fpu_gen.i_fpnew_bulk/gen_operation_groups[3].i_opgroup_block/gen_merged_slice.i_multifmt_slice/gen_num_lanes[0].active_lane.lane_instance.i_fpnew_cast_multi/mem_q_reg[7][sbe][result][11]_i_57_n_0
                         CARRY4 (Prop_carry4_CI_CO[3])
                                                      0.100    12.689 r  i_ariane/i_cva6/ex_stage_i/fpu_gen.fpu_i/fpu_gen.i_fpnew_bulk/gen_operation_groups[3].i_opgroup_block/gen_merged_slice.i_multifmt_slice/gen_num_lanes[0].active_lane.lane_instance.i_fpnew_cast_multi/mem_q_reg[7][sbe][result][15]_i_52/CO[3]
                         net (fo=1, unplaced)         0.000    12.689    i_ariane/i_cva6/ex_stage_i/fpu_gen.fpu_i/fpu_gen.i_fpnew_bulk/gen_operation_groups[3].i_opgroup_block/gen_merged_slice.i_multifmt_slice/gen_num_lanes[0].active_lane.lane_instance.i_fpnew_cast_multi/mem_q_reg[7][sbe][result][15]_i_52_n_0
                         CARRY4 (Prop_carry4_CI_CO[3])
                                                      0.100    12.789 r  i_ariane/i_cva6/ex_stage_i/fpu_gen.fpu_i/fpu_gen.i_fpnew_bulk/gen_operation_groups[3].i_opgroup_block/gen_merged_slice.i_multifmt_slice/gen_num_lanes[0].active_lane.lane_instance.i_fpnew_cast_multi/mem_q_reg[7][sbe][result][23]_i_46/CO[3]
                         net (fo=1, unplaced)         0.000    12.789    i_ariane/i_cva6/ex_stage_i/fpu_gen.fpu_i/fpu_gen.i_fpnew_bulk/gen_operation_groups[3].i_opgroup_block/gen_merged_slice.i_multifmt_slice/gen_num_lanes[0].active_lane.lane_instance.i_fpnew_cast_multi/mem_q_reg[7][sbe][result][23]_i_46_n_0
                         CARRY4 (Prop_carry4_CI_CO[3])
                                                      0.100    12.889 r  i_ariane/i_cva6/ex_stage_i/fpu_gen.fpu_i/fpu_gen.i_fpnew_bulk/gen_operation_groups[3].i_opgroup_block/gen_merged_slice.i_multifmt_slice/gen_num_lanes[0].active_lane.lane_instance.i_fpnew_cast_multi/mem_q_reg[7][sbe][result][23]_i_29/CO[3]
                         net (fo=1, unplaced)         0.000    12.889    i_ariane/i_cva6/ex_stage_i/fpu_gen.fpu_i/fpu_gen.i_fpnew_bulk/gen_operation_groups[3].i_opgroup_block/gen_merged_slice.i_multifmt_slice/gen_num_lanes[0].active_lane.lane_instance.i_fpnew_cast_multi/mem_q_reg[7][sbe][result][23]_i_29_n_0
                         CARRY4 (Prop_carry4_CI_O[2])
                                                      0.214    13.103 f  i_ariane/i_cva6/ex_stage_i/fpu_gen.fpu_i/fpu_gen.i_fpnew_bulk/gen_operation_groups[3].i_opgroup_block/gen_merged_slice.i_multifmt_slice/gen_num_lanes[0].active_lane.lane_instance.i_fpnew_cast_multi/mem_q_reg[7][sbe][result][27]_i_35/O[2]
                         net (fo=6, unplaced)         0.381    13.484    i_ariane/i_cva6/ex_stage_i/fpu_gen.fpu_i/fpu_gen.i_fpnew_bulk/gen_operation_groups[3].i_opgroup_block/gen_merged_slice.i_multifmt_slice/gen_num_lanes[0].active_lane.lane_instance.i_fpnew_cast_multi/rounded_abs[26]
                         LUT1 (Prop_lut1_I0_O)        0.244    13.728 r  i_ariane/i_cva6/ex_stage_i/fpu_gen.fpu_i/fpu_gen.i_fpnew_bulk/gen_operation_groups[3].i_opgroup_block/gen_merged_slice.i_multifmt_slice/gen_num_lanes[0].active_lane.lane_instance.i_fpnew_cast_multi/mem_q[7][sbe][result][28]_i_58/O
                         net (fo=1, unplaced)         0.000    13.728    i_ariane/i_cva6/ex_stage_i/fpu_gen.fpu_i/fpu_gen.i_fpnew_bulk/gen_operation_groups[3].i_opgroup_block/gen_merged_slice.i_multifmt_slice/gen_num_lanes[0].active_lane.lane_instance.i_fpnew_cast_multi/mem_q[7][sbe][result][28]_i_58_n_0
                         CARRY4 (Prop_carry4_S[1]_CO[3])
                                                      0.444    14.172 r  i_ariane/i_cva6/ex_stage_i/fpu_gen.fpu_i/fpu_gen.i_fpnew_bulk/gen_operation_groups[3].i_opgroup_block/gen_merged_slice.i_multifmt_slice/gen_num_lanes[0].active_lane.lane_instance.i_fpnew_cast_multi/mem_q_reg[7][sbe][result][28]_i_31/CO[3]
                         net (fo=1, unplaced)         0.000    14.172    i_ariane/i_cva6/ex_stage_i/fpu_gen.fpu_i/fpu_gen.i_fpnew_bulk/gen_operation_groups[3].i_opgroup_block/gen_merged_slice.i_multifmt_slice/gen_num_lanes[0].active_lane.lane_instance.i_fpnew_cast_multi/mem_q_reg[7][sbe][result][28]_i_31_n_0
                         CARRY4 (Prop_carry4_CI_O[2])
                                                      0.214    14.386 f  i_ariane/i_cva6/ex_stage_i/fpu_gen.fpu_i/fpu_gen.i_fpnew_bulk/gen_operation_groups[3].i_opgroup_block/gen_merged_slice.i_multifmt_slice/gen_num_lanes[0].active_lane.lane_instance.i_fpnew_cast_multi/i___368_i_14/O[2]
                         net (fo=4, unplaced)         0.373    14.759    i_ariane/i_cva6/ex_stage_i/fpu_gen.fpu_i/fpu_gen.i_fpnew_bulk/gen_operation_groups[3].i_opgroup_block/gen_merged_slice.i_multifmt_slice/gen_num_lanes[0].active_lane.lane_instance.i_fpnew_cast_multi/rounded_uint_res0[31]
                         LUT5 (Prop_lut5_I1_O)        0.244    15.003 f  i_ariane/i_cva6/ex_stage_i/fpu_gen.fpu_i/fpu_gen.i_fpnew_bulk/gen_operation_groups[3].i_opgroup_block/gen_merged_slice.i_multifmt_slice/gen_num_lanes[0].active_lane.lane_instance.i_fpnew_cast_multi/i___368_i_11/O
                         net (fo=33, unplaced)        0.654    15.657    i_ariane/i_cva6/ex_stage_i/fpu_gen.fpu_i/fpu_gen.i_fpnew_bulk/gen_operation_groups[3].i_opgroup_block/gen_merged_slice.i_multifmt_slice/gen_num_lanes[0].active_lane.lane_instance.i_fpnew_cast_multi/i___368_i_11_n_0
                         LUT5 (Prop_lut5_I4_O)        0.105    15.762 r  i_ariane/i_cva6/ex_stage_i/fpu_gen.fpu_i/fpu_gen.i_fpnew_bulk/gen_operation_groups[3].i_opgroup_block/gen_merged_slice.i_multifmt_slice/gen_num_lanes[0].active_lane.lane_instance.i_fpnew_cast_multi/mem_q[7][sbe][result][51]_i_19/O
                         net (fo=2, unplaced)         0.593    16.355    i_ariane/i_cva6/ex_stage_i/fpu_gen.fpu_i/fpu_gen.i_fpnew_bulk/gen_operation_groups[3].i_opgroup_block/gen_merged_slice.i_multifmt_slice/gen_num_lanes[0].active_lane.lane_instance.i_fpnew_cast_multi/mem_q[7][sbe][result][51]_i_19_n_0
                         LUT6 (Prop_lut6_I0_O)        0.105    16.460 r  i_ariane/i_cva6/ex_stage_i/fpu_gen.fpu_i/fpu_gen.i_fpnew_bulk/gen_operation_groups[3].i_opgroup_block/gen_merged_slice.i_multifmt_slice/gen_num_lanes[0].active_lane.lane_instance.i_fpnew_cast_multi/i___366_i_125/O
                         net (fo=1, unplaced)         0.000    16.460    i_ariane/i_cva6/ex_stage_i/fpu_gen.fpu_i/fpu_gen.i_fpnew_bulk/gen_operation_groups[3].i_opgroup_block/gen_merged_slice.i_multifmt_slice/gen_num_lanes[0].active_lane.lane_instance.i_fpnew_cast_multi/i___366_i_125_n_0
                         CARRY4 (Prop_carry4_S[1]_CO[3])
                                                      0.444    16.904 f  i_ariane/i_cva6/ex_stage_i/fpu_gen.fpu_i/fpu_gen.i_fpnew_bulk/gen_operation_groups[3].i_opgroup_block/gen_merged_slice.i_multifmt_slice/gen_num_lanes[0].active_lane.lane_instance.i_fpnew_cast_multi/i___366_i_63/CO[3]
                         net (fo=1, unplaced)         0.000    16.904    i_ariane/i_cva6/ex_stage_i/fpu_gen.fpu_i/fpu_gen.i_fpnew_bulk/gen_operation_groups[3].i_opgroup_block/gen_merged_slice.i_multifmt_slice/gen_num_lanes[0].active_lane.lane_instance.i_fpnew_cast_multi/i___366_i_63_n_0
                         CARRY4 (Prop_carry4_CI_CO[1])
                                                      0.150    17.054 r  i_ariane/i_cva6/ex_stage_i/fpu_gen.fpu_i/fpu_gen.i_fpnew_bulk/gen_operation_groups[3].i_opgroup_block/gen_merged_slice.i_multifmt_slice/gen_num_lanes[0].active_lane.lane_instance.i_fpnew_cast_multi/i___366_i_34/CO[1]
                         net (fo=1, unplaced)         0.240    17.294    i_ariane/i_cva6/ex_stage_i/fpu_gen.fpu_i/fpu_gen.i_fpnew_bulk/gen_operation_groups[3].i_opgroup_block/gen_merged_slice.i_multifmt_slice/gen_num_lanes[0].active_lane.lane_instance.i_fpnew_cast_multi/int_result_is_special1
                         LUT6 (Prop_lut6_I4_O)        0.277    17.571 f  i_ariane/i_cva6/ex_stage_i/fpu_gen.fpu_i/fpu_gen.i_fpnew_bulk/gen_operation_groups[3].i_opgroup_block/gen_merged_slice.i_multifmt_slice/gen_num_lanes[0].active_lane.lane_instance.i_fpnew_cast_multi/i___366_i_19/O
                         net (fo=45, unplaced)        0.427    17.998    i_ariane/i_cva6/ex_stage_i/fpu_gen.fpu_i/fpu_gen.i_fpnew_bulk/gen_operation_groups[3].i_opgroup_block/gen_merged_slice.i_multifmt_slice/gen_num_lanes[0].active_lane.lane_instance.i_fpnew_cast_multi/i___366_i_19_n_0
                         LUT4 (Prop_lut4_I3_O)        0.105    18.103 r  i_ariane/i_cva6/ex_stage_i/fpu_gen.fpu_i/fpu_gen.i_fpnew_bulk/gen_operation_groups[3].i_opgroup_block/gen_merged_slice.i_multifmt_slice/gen_num_lanes[0].active_lane.lane_instance.i_fpnew_cast_multi/i___366_i_21/O
                         net (fo=8, unplaced)         0.385    18.488    i_ariane/i_cva6/ex_stage_i/fpu_gen.fpu_i/fpu_gen.i_fpnew_bulk/gen_operation_groups[3].i_opgroup_block/gen_merged_slice.i_multifmt_slice/gen_num_lanes[0].active_lane.lane_instance.i_fpnew_cast_multi/i___366_i_21_n_0
                         LUT6 (Prop_lut6_I4_O)        0.105    18.593 r  i_ariane/i_cva6/ex_stage_i/fpu_gen.fpu_i/fpu_gen.i_fpnew_bulk/gen_operation_groups[3].i_opgroup_block/gen_merged_slice.i_multifmt_slice/gen_num_lanes[0].active_lane.lane_instance.i_fpnew_cast_multi/i___366_i_13/O
                         net (fo=1, unplaced)         0.582    19.175    i_ariane/i_cva6/ex_stage_i/fpu_gen.fpu_i/fpu_gen.i_fpnew_bulk/gen_operation_groups[3].i_opgroup_block/gen_merged_slice.i_multifmt_slice/gen_num_lanes[0].active_lane.lane_instance.i_fpnew_cast_multi/i___366_i_13_n_0
                         LUT6 (Prop_lut6_I0_O)        0.105    19.280 r  i_ariane/i_cva6/ex_stage_i/fpu_gen.fpu_i/fpu_gen.i_fpnew_bulk/gen_operation_groups[3].i_opgroup_block/gen_merged_slice.i_multifmt_slice/gen_num_lanes[0].active_lane.lane_instance.i_fpnew_cast_multi/i___366_i_5/O
                         net (fo=1, unplaced)         0.347    19.627    i_ariane/i_cva6/ex_stage_i/fpu_gen.fpu_i/fpu_gen.i_fpnew_bulk/gen_operation_groups[0].i_opgroup_block/gen_parallel_slices[0].active_format.i_fmt_slice/gen_num_lanes[0].active_lane.lane_instance.i_fma/gen_arbiter.data_nodes[2][result][3]
                         LUT5 (Prop_lut5_I0_O)        0.105    19.732 r  i_ariane/i_cva6/ex_stage_i/fpu_gen.fpu_i/fpu_gen.i_fpnew_bulk/gen_operation_groups[0].i_opgroup_block/gen_parallel_slices[0].active_format.i_fmt_slice/gen_num_lanes[0].active_lane.lane_instance.i_fma/i___366_i_1/O
                         net (fo=19, unplaced)        0.406    20.138    i_ariane/i_cva6/issue_stage_i/i_issue_read_operands/fpu_result_ex_id[3]
                         LUT5 (Prop_lut5_I0_O)        0.105    20.243 f  i_ariane/i_cva6/issue_stage_i/i_issue_read_operands/i___328_i_2/O
                         net (fo=3, unplaced)         0.600    20.843    i_ariane/i_cva6/issue_stage_i/i_issue_read_operands/i___328_i_2_n_0
                         LUT6 (Prop_lut6_I1_O)        0.105    20.948 f  i_ariane/i_cva6/issue_stage_i/i_issue_read_operands/fu_data_q[0][operand_a][3]_i_12/O
                         net (fo=1, unplaced)         0.000    20.948    i_ariane/i_cva6/issue_stage_i/i_issue_read_operands/fu_data_q[0][operand_a][3]_i_12_n_0
                         MUXF7 (Prop_muxf7_I0_O)      0.201    21.149 f  i_ariane/i_cva6/issue_stage_i/i_issue_read_operands/fu_data_q_reg[0][operand_a][3]_i_5/O
                         net (fo=1, unplaced)         0.349    21.498    i_ariane/i_cva6/issue_stage_i/i_issue_read_operands/fu_data_q_reg[0][operand_a][3]_i_5_n_0
                         LUT6 (Prop_lut6_I5_O)        0.242    21.740 f  i_ariane/i_cva6/issue_stage_i/i_issue_read_operands/fu_data_q[0][operand_a][3]_i_2/O
                         net (fo=1, unplaced)         0.347    22.087    i_ariane/i_cva6/issue_stage_i/i_issue_read_operands/fu_data_q[0][operand_a][3]_i_2_n_0
                         LUT5 (Prop_lut5_I4_O)        0.105    22.192 r  i_ariane/i_cva6/issue_stage_i/i_issue_read_operands/fu_data_q[0][operand_a][3]_i_1/O
                         net (fo=17, unplaced)        0.403    22.595    i_ariane/gen_cvxif.gen_COPRO_KECC_AES_K.i_kecc_aes_k_xif_coprocessor/D[3]
                         LUT3 (Prop_lut3_I0_O)        0.105    22.700 r  i_ariane/gen_cvxif.gen_COPRO_KECC_AES_K.i_kecc_aes_k_xif_coprocessor/i___30_i_9/O
                         net (fo=6, unplaced)         0.379    23.079    i_ariane/i_cva6/id_stage_i/registers[0]_23[3]
                         LUT6 (Prop_lut6_I5_O)        0.105    23.184 r  i_ariane/i_cva6/id_stage_i/i___30_i_2/O
                         net (fo=11, unplaced)        0.628    23.812    i_ariane/i_cva6/id_stage_i/issue_q_reg[0][orig_instr][21]_7
                         LUT6 (Prop_lut6_I1_O)        0.105    23.917 r  i_ariane/i_cva6/id_stage_i/i___25_i_10/O
                         net (fo=3, unplaced)         0.796    24.713    i_ariane/i_cva6/id_stage_i/i___25_i_10_n_0
                         LUT6 (Prop_lut6_I3_O)        0.105    24.818 r  i_ariane/i_cva6/id_stage_i/i___25_i_2/O
                         net (fo=10, unplaced)        0.625    25.443    i_ariane/i_cva6/id_stage_i/i___235_i_3_0
                         LUT4 (Prop_lut4_I1_O)        0.105    25.548 r  i_ariane/i_cva6/id_stage_i/i___235_i_1/O
                         net (fo=6, unplaced)         0.614    26.162    i_ariane/i_cva6/id_stage_i/i___25_i_1_0
                         LUT4 (Prop_lut4_I0_O)        0.105    26.267 r  i_ariane/i_cva6/id_stage_i/i___75_i_6/O
                         net (fo=4, unplaced)         0.606    26.873    i_ariane/i_cva6/id_stage_i/i___12_i_4_0
                         LUT6 (Prop_lut6_I2_O)        0.105    26.978 r  i_ariane/i_cva6/id_stage_i/i___20_i_1/O
                         net (fo=8, unplaced)         0.385    27.363    i_ariane/i_cva6/id_stage_i/i___13_i_3_0
                         LUT5 (Prop_lut5_I1_O)        0.105    27.468 r  i_ariane/i_cva6/id_stage_i/result_o[34]_i_8/O
                         net (fo=4, unplaced)         0.371    27.839    i_ariane/i_cva6/id_stage_i/result_o[34]_i_8_n_0
                         LUT6 (Prop_lut6_I0_O)        0.105    27.944 r  i_ariane/i_cva6/id_stage_i/result_o[2]_i_4/O
                         net (fo=1, unplaced)         0.347    28.291    i_ariane/i_cva6/id_stage_i/result_o[2]_i_4_n_0
                         LUT6 (Prop_lut6_I3_O)        0.105    28.396 r  i_ariane/i_cva6/id_stage_i/result_o[2]_i_1/O
                         net (fo=1, unplaced)         0.000    28.396    i_ariane/gen_cvxif.gen_COPRO_KECC_AES_K.i_kecc_aes_k_xif_coprocessor/i_ex/result_o_reg[63]_1[2]
                         FDCE                                         r  i_ariane/gen_cvxif.gen_COPRO_KECC_AES_K.i_kecc_aes_k_xif_coprocessor/i_ex/result_o_reg[2]/D
  -------------------------------------------------------------------    -------------------

                         (clock clk_i rise edge)     10.000    10.000 r  
                                                      0.000    10.000 r  clk_i (IN)
                         net (fo=23772, unset)        0.748    10.748    i_ariane/gen_cvxif.gen_COPRO_KECC_AES_K.i_kecc_aes_k_xif_coprocessor/i_ex/clk_i
                         FDCE                                         r  i_ariane/gen_cvxif.gen_COPRO_KECC_AES_K.i_kecc_aes_k_xif_coprocessor/i_ex/result_o_reg[2]/C
                         clock pessimism              0.000    10.748    
                         clock uncertainty           -0.035    10.712    
                         FDCE (Setup_fdce_C_D)        0.043    10.755    i_ariane/gen_cvxif.gen_COPRO_KECC_AES_K.i_kecc_aes_k_xif_coprocessor/i_ex/result_o_reg[2]
  -------------------------------------------------------------------
                         required time                         10.755    
                         arrival time                         -28.396    
  -------------------------------------------------------------------
                         slack                                -17.641    

Slack (VIOLATED) :        -17.641ns  (required time - arrival time)
  Source:                 i_ariane/i_cva6/ex_stage_i/fpu_gen.fpu_i/fpu_gen.i_fpnew_bulk/gen_operation_groups[3].i_opgroup_block/gen_merged_slice.i_multifmt_slice/gen_num_lanes[0].active_lane.lane_instance.i_fpnew_cast_multi/gen_inside_pipeline[0].mid_pipe_dst_fmt_q_reg[1][1]/C
                            (rising edge-triggered cell FDCE clocked by clk_i  {rise@0.000ns fall@5.000ns period=10.000ns})
  Destination:            i_ariane/gen_cvxif.gen_COPRO_KECC_AES_K.i_kecc_aes_k_xif_coprocessor/i_ex/result_o_reg[2]/D
                            (rising edge-triggered cell FDCE clocked by clk_i  {rise@0.000ns fall@5.000ns period=10.000ns})
  Path Group:             clk_i
  Path Type:              Setup (Max at Slow Process Corner)
  Requirement:            10.000ns  (clk_i rise@10.000ns - clk_i rise@0.000ns)
  Data Path Delay:        27.609ns  (logic 8.852ns (32.062%)  route 18.757ns (67.938%))
  Logic Levels:           54  (CARRY4=17 LUT1=1 LUT2=1 LUT3=2 LUT4=4 LUT5=8 LUT6=20 MUXF7=1)
  Clock Path Skew:        -0.039ns (DCD - SCD + CPR)
    Destination Clock Delay (DCD):    0.748ns = ( 10.748 - 10.000 ) 
    Source Clock Delay      (SCD):    0.787ns
    Clock Pessimism Removal (CPR):    0.000ns
  Clock Uncertainty:      0.035ns  ((TSJ^2 + TIJ^2)^1/2 + DJ) / 2 + PE
    Total System Jitter     (TSJ):    0.071ns
    Total Input Jitter      (TIJ):    0.000ns
    Discrete Jitter          (DJ):    0.000ns
    Phase Error              (PE):    0.000ns

    Location             Delay type                Incr(ns)  Path(ns)    Netlist Resource(s)
  -------------------------------------------------------------------    -------------------
                         (clock clk_i rise edge)      0.000     0.000 r  
                                                      0.000     0.000 r  clk_i (IN)
                         net (fo=23772, unset)        0.787     0.787    i_ariane/i_cva6/ex_stage_i/fpu_gen.fpu_i/fpu_gen.i_fpnew_bulk/gen_operation_groups[3].i_opgroup_block/gen_merged_slice.i_multifmt_slice/gen_num_lanes[0].active_lane.lane_instance.i_fpnew_cast_multi/clk_i
                         FDCE                                         r  i_ariane/i_cva6/ex_stage_i/fpu_gen.fpu_i/fpu_gen.i_fpnew_bulk/gen_operation_groups[3].i_opgroup_block/gen_merged_slice.i_multifmt_slice/gen_num_lanes[0].active_lane.lane_instance.i_fpnew_cast_multi/gen_inside_pipeline[0].mid_pipe_dst_fmt_q_reg[1][1]/C
  -------------------------------------------------------------------    -------------------
                         FDCE (Prop_fdce_C_Q)         0.397     1.184 r  i_ariane/i_cva6/ex_stage_i/fpu_gen.fpu_i/fpu_gen.i_fpnew_bulk/gen_operation_groups[3].i_opgroup_block/gen_merged_slice.i_multifmt_slice/gen_num_lanes[0].active_lane.lane_instance.i_fpnew_cast_multi/gen_inside_pipeline[0].mid_pipe_dst_fmt_q_reg[1][1]/Q
                         net (fo=140, unplaced)       0.733     1.917    i_ariane/i_cva6/ex_stage_i/fpu_gen.fpu_i/fpu_gen.i_fpnew_bulk/gen_operation_groups[3].i_opgroup_block/gen_merged_slice.i_multifmt_slice/gen_num_lanes[0].active_lane.lane_instance.i_fpnew_cast_multi/gen_inside_pipeline[0].mid_pipe_dst_fmt_q_reg_n_0_[1][1]
                         LUT3 (Prop_lut3_I0_O)        0.232     2.149 r  i_ariane/i_cva6/ex_stage_i/fpu_gen.fpu_i/fpu_gen.i_fpnew_bulk/gen_operation_groups[3].i_opgroup_block/gen_merged_slice.i_multifmt_slice/gen_num_lanes[0].active_lane.lane_instance.i_fpnew_cast_multi/mem_q[7][sbe][result][54]_i_102/O
                         net (fo=2, unplaced)         0.269     2.418    i_ariane/i_cva6/ex_stage_i/fpu_gen.fpu_i/fpu_gen.i_fpnew_bulk/gen_operation_groups[3].i_opgroup_block/gen_merged_slice.i_multifmt_slice/gen_num_lanes[0].active_lane.lane_instance.i_fpnew_cast_multi/mem_q[7][sbe][result][54]_i_102_n_0
                         CARRY4 (Prop_carry4_CYINIT_CO[3])
                                                      0.494     2.912 r  i_ariane/i_cva6/ex_stage_i/fpu_gen.fpu_i/fpu_gen.i_fpnew_bulk/gen_operation_groups[3].i_opgroup_block/gen_merged_slice.i_multifmt_slice/gen_num_lanes[0].active_lane.lane_instance.i_fpnew_cast_multi/i___371_i_68/CO[3]
                         net (fo=1, unplaced)         0.000     2.912    i_ariane/i_cva6/ex_stage_i/fpu_gen.fpu_i/fpu_gen.i_fpnew_bulk/gen_operation_groups[3].i_opgroup_block/gen_merged_slice.i_multifmt_slice/gen_num_lanes[0].active_lane.lane_instance.i_fpnew_cast_multi/i___371_i_68_n_0
                         CARRY4 (Prop_carry4_CI_CO[3])
                                                      0.100     3.012 r  i_ariane/i_cva6/ex_stage_i/fpu_gen.fpu_i/fpu_gen.i_fpnew_bulk/gen_operation_groups[3].i_opgroup_block/gen_merged_slice.i_multifmt_slice/gen_num_lanes[0].active_lane.lane_instance.i_fpnew_cast_multi/i___371_i_53/CO[3]
                         net (fo=1, unplaced)         0.000     3.012    i_ariane/i_cva6/ex_stage_i/fpu_gen.fpu_i/fpu_gen.i_fpnew_bulk/gen_operation_groups[3].i_opgroup_block/gen_merged_slice.i_multifmt_slice/gen_num_lanes[0].active_lane.lane_instance.i_fpnew_cast_multi/i___371_i_53_n_0
                         CARRY4 (Prop_carry4_CI_CO[3])
                                                      0.100     3.112 r  i_ariane/i_cva6/ex_stage_i/fpu_gen.fpu_i/fpu_gen.i_fpnew_bulk/gen_operation_groups[3].i_opgroup_block/gen_merged_slice.i_multifmt_slice/gen_num_lanes[0].active_lane.lane_instance.i_fpnew_cast_multi/i___371_i_51/CO[3]
                         net (fo=1, unplaced)         0.000     3.112    i_ariane/i_cva6/ex_stage_i/fpu_gen.fpu_i/fpu_gen.i_fpnew_bulk/gen_operation_groups[3].i_opgroup_block/gen_merged_slice.i_multifmt_slice/gen_num_lanes[0].active_lane.lane_instance.i_fpnew_cast_multi/i___371_i_51_n_0
                         CARRY4 (Prop_carry4_CI_CO[3])
                                                      0.100     3.212 r  i_ariane/i_cva6/ex_stage_i/fpu_gen.fpu_i/fpu_gen.i_fpnew_bulk/gen_operation_groups[3].i_opgroup_block/gen_merged_slice.i_multifmt_slice/gen_num_lanes[0].active_lane.lane_instance.i_fpnew_cast_multi/i___371_i_81/CO[3]
                         net (fo=16, unplaced)        0.664     3.876    i_ariane/i_cva6/ex_stage_i/fpu_gen.fpu_i/fpu_gen.i_fpnew_bulk/gen_operation_groups[3].i_opgroup_block/gen_merged_slice.i_multifmt_slice/gen_num_lanes[0].active_lane.lane_instance.i_fpnew_cast_multi/i___371_i_81_n_0
                         LUT2 (Prop_lut2_I1_O)        0.105     3.981 r  i_ariane/i_cva6/ex_stage_i/fpu_gen.fpu_i/fpu_gen.i_fpnew_bulk/gen_operation_groups[3].i_opgroup_block/gen_merged_slice.i_multifmt_slice/gen_num_lanes[0].active_lane.lane_instance.i_fpnew_cast_multi/i___371_i_76/O
                         net (fo=1, unplaced)         0.000     3.981    i_ariane/i_cva6/ex_stage_i/fpu_gen.fpu_i/fpu_gen.i_fpnew_bulk/gen_operation_groups[3].i_opgroup_block/gen_merged_slice.i_multifmt_slice/gen_num_lanes[0].active_lane.lane_instance.i_fpnew_cast_multi/i___371_i_76_n_0
                         CARRY4 (Prop_carry4_DI[0]_CO[3])
                                                      0.477     4.458 r  i_ariane/i_cva6/ex_stage_i/fpu_gen.fpu_i/fpu_gen.i_fpnew_bulk/gen_operation_groups[3].i_opgroup_block/gen_merged_slice.i_multifmt_slice/gen_num_lanes[0].active_lane.lane_instance.i_fpnew_cast_multi/i___371_i_57/CO[3]
                         net (fo=1, unplaced)         0.000     4.458    i_ariane/i_cva6/ex_stage_i/fpu_gen.fpu_i/fpu_gen.i_fpnew_bulk/gen_operation_groups[3].i_opgroup_block/gen_merged_slice.i_multifmt_slice/gen_num_lanes[0].active_lane.lane_instance.i_fpnew_cast_multi/i___371_i_57_n_0
                         CARRY4 (Prop_carry4_CI_CO[3])
                                                      0.100     4.558 r  i_ariane/i_cva6/ex_stage_i/fpu_gen.fpu_i/fpu_gen.i_fpnew_bulk/gen_operation_groups[3].i_opgroup_block/gen_merged_slice.i_multifmt_slice/gen_num_lanes[0].active_lane.lane_instance.i_fpnew_cast_multi/i___371_i_49/CO[3]
                         net (fo=61, unplaced)        0.697     5.255    i_ariane/i_cva6/ex_stage_i/fpu_gen.fpu_i/fpu_gen.i_fpnew_bulk/gen_operation_groups[3].i_opgroup_block/gen_merged_slice.i_multifmt_slice/gen_num_lanes[0].active_lane.lane_instance.i_fpnew_cast_multi/preshift_mant1
                         LUT4 (Prop_lut4_I3_O)        0.105     5.360 r  i_ariane/i_cva6/ex_stage_i/fpu_gen.fpu_i/fpu_gen.i_fpnew_bulk/gen_operation_groups[3].i_opgroup_block/gen_merged_slice.i_multifmt_slice/gen_num_lanes[0].active_lane.lane_instance.i_fpnew_cast_multi/mem_q[7][sbe][ex][cause][0]_i_129/O
                         net (fo=4, unplaced)         0.371     5.731    i_ariane/i_cva6/ex_stage_i/fpu_gen.fpu_i/fpu_gen.i_fpnew_bulk/gen_operation_groups[3].i_opgroup_block/gen_merged_slice.i_multifmt_slice/gen_num_lanes[0].active_lane.lane_instance.i_fpnew_cast_multi/mem_q[7][sbe][ex][cause][0]_i_129_n_0
                         LUT6 (Prop_lut6_I4_O)        0.105     5.836 r  i_ariane/i_cva6/ex_stage_i/fpu_gen.fpu_i/fpu_gen.i_fpnew_bulk/gen_operation_groups[3].i_opgroup_block/gen_merged_slice.i_multifmt_slice/gen_num_lanes[0].active_lane.lane_instance.i_fpnew_cast_multi/mem_q[7][sbe][ex][cause][0]_i_287/O
                         net (fo=117, unplaced)       0.450     6.286    i_ariane/i_cva6/ex_stage_i/fpu_gen.fpu_i/fpu_gen.i_fpnew_bulk/gen_operation_groups[3].i_opgroup_block/gen_merged_slice.i_multifmt_slice/gen_num_lanes[0].active_lane.lane_instance.i_fpnew_cast_multi/mem_q[7][sbe][ex][cause][0]_i_287_n_0
                         LUT5 (Prop_lut5_I4_O)        0.105     6.391 f  i_ariane/i_cva6/ex_stage_i/fpu_gen.fpu_i/fpu_gen.i_fpnew_bulk/gen_operation_groups[3].i_opgroup_block/gen_merged_slice.i_multifmt_slice/gen_num_lanes[0].active_lane.lane_instance.i_fpnew_cast_multi/mem_q[7][sbe][ex][cause][0]_i_512/O
                         net (fo=35, unplaced)        0.420     6.811    i_ariane/i_cva6/ex_stage_i/fpu_gen.fpu_i/fpu_gen.i_fpnew_bulk/gen_operation_groups[3].i_opgroup_block/gen_merged_slice.i_multifmt_slice/gen_num_lanes[0].active_lane.lane_instance.i_fpnew_cast_multi/mem_q[7][sbe][ex][cause][0]_i_512_n_0
                         LUT6 (Prop_lut6_I2_O)        0.105     6.916 f  i_ariane/i_cva6/ex_stage_i/fpu_gen.fpu_i/fpu_gen.i_fpnew_bulk/gen_operation_groups[3].i_opgroup_block/gen_merged_slice.i_multifmt_slice/gen_num_lanes[0].active_lane.lane_instance.i_fpnew_cast_multi/mem_q[7][sbe][ex][cause][0]_i_481/O
                         net (fo=3, unplaced)         0.600     7.516    i_ariane/i_cva6/ex_stage_i/fpu_gen.fpu_i/fpu_gen.i_fpnew_bulk/gen_operation_groups[3].i_opgroup_block/gen_merged_slice.i_multifmt_slice/gen_num_lanes[0].active_lane.lane_instance.i_fpnew_cast_multi/mem_q[7][sbe][ex][cause][0]_i_481_n_0
                         LUT6 (Prop_lut6_I0_O)        0.105     7.621 f  i_ariane/i_cva6/ex_stage_i/fpu_gen.fpu_i/fpu_gen.i_fpnew_bulk/gen_operation_groups[3].i_opgroup_block/gen_merged_slice.i_multifmt_slice/gen_num_lanes[0].active_lane.lane_instance.i_fpnew_cast_multi/mem_q[7][sbe][ex][cause][0]_i_349/O
                         net (fo=4, unplaced)         0.606     8.227    i_ariane/i_cva6/ex_stage_i/fpu_gen.fpu_i/fpu_gen.i_fpnew_bulk/gen_operation_groups[3].i_opgroup_block/gen_merged_slice.i_multifmt_slice/gen_num_lanes[0].active_lane.lane_instance.i_fpnew_cast_multi/mem_q[7][sbe][ex][cause][0]_i_349_n_0
                         LUT6 (Prop_lut6_I1_O)        0.105     8.332 f  i_ariane/i_cva6/ex_stage_i/fpu_gen.fpu_i/fpu_gen.i_fpnew_bulk/gen_operation_groups[3].i_opgroup_block/gen_merged_slice.i_multifmt_slice/gen_num_lanes[0].active_lane.lane_instance.i_fpnew_cast_multi/mem_q[7][sbe][ex][cause][0]_i_212/O
                         net (fo=3, unplaced)         0.796     9.128    i_ariane/i_cva6/ex_stage_i/fpu_gen.fpu_i/fpu_gen.i_fpnew_bulk/gen_operation_groups[3].i_opgroup_block/gen_merged_slice.i_multifmt_slice/gen_num_lanes[0].active_lane.lane_instance.i_fpnew_cast_multi/mem_q[7][sbe][ex][cause][0]_i_212_n_0
                         LUT6 (Prop_lut6_I0_O)        0.105     9.233 f  i_ariane/i_cva6/ex_stage_i/fpu_gen.fpu_i/fpu_gen.i_fpnew_bulk/gen_operation_groups[3].i_opgroup_block/gen_merged_slice.i_multifmt_slice/gen_num_lanes[0].active_lane.lane_instance.i_fpnew_cast_multi/mem_q[7][sbe][ex][cause][0]_i_99/O
                         net (fo=1, unplaced)         0.778    10.011    i_ariane/i_cva6/ex_stage_i/fpu_gen.fpu_i/fpu_gen.i_fpnew_bulk/gen_operation_groups[3].i_opgroup_block/gen_merged_slice.i_multifmt_slice/gen_num_lanes[0].active_lane.lane_instance.i_fpnew_cast_multi/mem_q[7][sbe][ex][cause][0]_i_99_n_0
                         LUT5 (Prop_lut5_I0_O)        0.105    10.116 f  i_ariane/i_cva6/ex_stage_i/fpu_gen.fpu_i/fpu_gen.i_fpnew_bulk/gen_operation_groups[3].i_opgroup_block/gen_merged_slice.i_multifmt_slice/gen_num_lanes[0].active_lane.lane_instance.i_fpnew_cast_multi/mem_q[7][sbe][ex][cause][0]_i_27/O
                         net (fo=1, unplaced)         0.582    10.698    i_ariane/i_cva6/ex_stage_i/fpu_gen.fpu_i/fpu_gen.i_fpnew_bulk/gen_operation_groups[3].i_opgroup_block/gen_merged_slice.i_multifmt_slice/gen_num_lanes[0].active_lane.lane_instance.i_fpnew_cast_multi/mem_q[7][sbe][ex][cause][0]_i_27_n_0
                         LUT6 (Prop_lut6_I3_O)        0.105    10.803 f  i_ariane/i_cva6/ex_stage_i/fpu_gen.fpu_i/fpu_gen.i_fpnew_bulk/gen_operation_groups[3].i_opgroup_block/gen_merged_slice.i_multifmt_slice/gen_num_lanes[0].active_lane.lane_instance.i_fpnew_cast_multi/mem_q[7][sbe][ex][cause][0]_i_10/O
                         net (fo=4, unplaced)         0.371    11.174    i_ariane/i_cva6/ex_stage_i/fpu_gen.fpu_i/fpu_gen.i_fpnew_bulk/gen_operation_groups[3].i_opgroup_block/gen_merged_slice.i_multifmt_slice/gen_num_lanes[0].active_lane.lane_instance.i_fpnew_cast_multi/mem_q[7][sbe][ex][cause][0]_i_10_n_0
                         LUT6 (Prop_lut6_I4_O)        0.105    11.279 f  i_ariane/i_cva6/ex_stage_i/fpu_gen.fpu_i/fpu_gen.i_fpnew_bulk/gen_operation_groups[3].i_opgroup_block/gen_merged_slice.i_multifmt_slice/gen_num_lanes[0].active_lane.lane_instance.i_fpnew_cast_multi/i___366_i_119/O
                         net (fo=1, unplaced)         0.582    11.861    i_ariane/i_cva6/ex_stage_i/fpu_gen.fpu_i/fpu_gen.i_fpnew_bulk/gen_operation_groups[3].i_opgroup_block/gen_merged_slice.i_multifmt_slice/gen_num_lanes[0].active_lane.lane_instance.i_fpnew_cast_multi/i___366_i_119_n_0
                         LUT6 (Prop_lut6_I1_O)        0.105    11.966 r  i_ariane/i_cva6/ex_stage_i/fpu_gen.fpu_i/fpu_gen.i_fpnew_bulk/gen_operation_groups[3].i_opgroup_block/gen_merged_slice.i_multifmt_slice/gen_num_lanes[0].active_lane.lane_instance.i_fpnew_cast_multi/i___366_i_62/O
                         net (fo=1, unplaced)         0.000    11.966    i_ariane/i_cva6/ex_stage_i/fpu_gen.fpu_i/fpu_gen.i_fpnew_bulk/gen_operation_groups[3].i_opgroup_block/gen_merged_slice.i_multifmt_slice/gen_num_lanes[0].active_lane.lane_instance.i_fpnew_cast_multi/i___366_i_62_n_0
                         CARRY4 (Prop_carry4_S[0]_CO[3])
                                                      0.423    12.389 r  i_ariane/i_cva6/ex_stage_i/fpu_gen.fpu_i/fpu_gen.i_fpnew_bulk/gen_operation_groups[3].i_opgroup_block/gen_merged_slice.i_multifmt_slice/gen_num_lanes[0].active_lane.lane_instance.i_fpnew_cast_multi/i___366_i_32/CO[3]
                         net (fo=1, unplaced)         0.000    12.389    i_ariane/i_cva6/ex_stage_i/fpu_gen.fpu_i/fpu_gen.i_fpnew_bulk/gen_operation_groups[3].i_opgroup_block/gen_merged_slice.i_multifmt_slice/gen_num_lanes[0].active_lane.lane_instance.i_fpnew_cast_multi/i___366_i_32_n_0
                         CARRY4 (Prop_carry4_CI_CO[3])
                                                      0.100    12.489 r  i_ariane/i_cva6/ex_stage_i/fpu_gen.fpu_i/fpu_gen.i_fpnew_bulk/gen_operation_groups[3].i_opgroup_block/gen_merged_slice.i_multifmt_slice/gen_num_lanes[0].active_lane.lane_instance.i_fpnew_cast_multi/mem_q_reg[7][sbe][result][7]_i_34/CO[3]
                         net (fo=1, unplaced)         0.000    12.489    i_ariane/i_cva6/ex_stage_i/fpu_gen.fpu_i/fpu_gen.i_fpnew_bulk/gen_operation_groups[3].i_opgroup_block/gen_merged_slice.i_multifmt_slice/gen_num_lanes[0].active_lane.lane_instance.i_fpnew_cast_multi/mem_q_reg[7][sbe][result][7]_i_34_n_0
                         CARRY4 (Prop_carry4_CI_CO[3])
                                                      0.100    12.589 r  i_ariane/i_cva6/ex_stage_i/fpu_gen.fpu_i/fpu_gen.i_fpnew_bulk/gen_operation_groups[3].i_opgroup_block/gen_merged_slice.i_multifmt_slice/gen_num_lanes[0].active_lane.lane_instance.i_fpnew_cast_multi/mem_q_reg[7][sbe][result][11]_i_57/CO[3]
                         net (fo=1, unplaced)         0.000    12.589    i_ariane/i_cva6/ex_stage_i/fpu_gen.fpu_i/fpu_gen.i_fpnew_bulk/gen_operation_groups[3].i_opgroup_block/gen_merged_slice.i_multifmt_slice/gen_num_lanes[0].active_lane.lane_instance.i_fpnew_cast_multi/mem_q_reg[7][sbe][result][11]_i_57_n_0
                         CARRY4 (Prop_carry4_CI_CO[3])
                                                      0.100    12.689 r  i_ariane/i_cva6/ex_stage_i/fpu_gen.fpu_i/fpu_gen.i_fpnew_bulk/gen_operation_groups[3].i_opgroup_block/gen_merged_slice.i_multifmt_slice/gen_num_lanes[0].active_lane.lane_instance.i_fpnew_cast_multi/mem_q_reg[7][sbe][result][15]_i_52/CO[3]
                         net (fo=1, unplaced)         0.000    12.689    i_ariane/i_cva6/ex_stage_i/fpu_gen.fpu_i/fpu_gen.i_fpnew_bulk/gen_operation_groups[3].i_opgroup_block/gen_merged_slice.i_multifmt_slice/gen_num_lanes[0].active_lane.lane_instance.i_fpnew_cast_multi/mem_q_reg[7][sbe][result][15]_i_52_n_0
                         CARRY4 (Prop_carry4_CI_CO[3])
                                                      0.100    12.789 r  i_ariane/i_cva6/ex_stage_i/fpu_gen.fpu_i/fpu_gen.i_fpnew_bulk/gen_operation_groups[3].i_opgroup_block/gen_merged_slice.i_multifmt_slice/gen_num_lanes[0].active_lane.lane_instance.i_fpnew_cast_multi/mem_q_reg[7][sbe][result][23]_i_46/CO[3]
                         net (fo=1, unplaced)         0.000    12.789    i_ariane/i_cva6/ex_stage_i/fpu_gen.fpu_i/fpu_gen.i_fpnew_bulk/gen_operation_groups[3].i_opgroup_block/gen_merged_slice.i_multifmt_slice/gen_num_lanes[0].active_lane.lane_instance.i_fpnew_cast_multi/mem_q_reg[7][sbe][result][23]_i_46_n_0
                         CARRY4 (Prop_carry4_CI_CO[3])
                                                      0.100    12.889 r  i_ariane/i_cva6/ex_stage_i/fpu_gen.fpu_i/fpu_gen.i_fpnew_bulk/gen_operation_groups[3].i_opgroup_block/gen_merged_slice.i_multifmt_slice/gen_num_lanes[0].active_lane.lane_instance.i_fpnew_cast_multi/mem_q_reg[7][sbe][result][23]_i_29/CO[3]
                         net (fo=1, unplaced)         0.000    12.889    i_ariane/i_cva6/ex_stage_i/fpu_gen.fpu_i/fpu_gen.i_fpnew_bulk/gen_operation_groups[3].i_opgroup_block/gen_merged_slice.i_multifmt_slice/gen_num_lanes[0].active_lane.lane_instance.i_fpnew_cast_multi/mem_q_reg[7][sbe][result][23]_i_29_n_0
                         CARRY4 (Prop_carry4_CI_O[2])
                                                      0.214    13.103 f  i_ariane/i_cva6/ex_stage_i/fpu_gen.fpu_i/fpu_gen.i_fpnew_bulk/gen_operation_groups[3].i_opgroup_block/gen_merged_slice.i_multifmt_slice/gen_num_lanes[0].active_lane.lane_instance.i_fpnew_cast_multi/mem_q_reg[7][sbe][result][27]_i_35/O[2]
                         net (fo=6, unplaced)         0.381    13.484    i_ariane/i_cva6/ex_stage_i/fpu_gen.fpu_i/fpu_gen.i_fpnew_bulk/gen_operation_groups[3].i_opgroup_block/gen_merged_slice.i_multifmt_slice/gen_num_lanes[0].active_lane.lane_instance.i_fpnew_cast_multi/rounded_abs[26]
                         LUT1 (Prop_lut1_I0_O)        0.244    13.728 r  i_ariane/i_cva6/ex_stage_i/fpu_gen.fpu_i/fpu_gen.i_fpnew_bulk/gen_operation_groups[3].i_opgroup_block/gen_merged_slice.i_multifmt_slice/gen_num_lanes[0].active_lane.lane_instance.i_fpnew_cast_multi/mem_q[7][sbe][result][28]_i_58/O
                         net (fo=1, unplaced)         0.000    13.728    i_ariane/i_cva6/ex_stage_i/fpu_gen.fpu_i/fpu_gen.i_fpnew_bulk/gen_operation_groups[3].i_opgroup_block/gen_merged_slice.i_multifmt_slice/gen_num_lanes[0].active_lane.lane_instance.i_fpnew_cast_multi/mem_q[7][sbe][result][28]_i_58_n_0
                         CARRY4 (Prop_carry4_S[1]_CO[3])
                                                      0.444    14.172 r  i_ariane/i_cva6/ex_stage_i/fpu_gen.fpu_i/fpu_gen.i_fpnew_bulk/gen_operation_groups[3].i_opgroup_block/gen_merged_slice.i_multifmt_slice/gen_num_lanes[0].active_lane.lane_instance.i_fpnew_cast_multi/mem_q_reg[7][sbe][result][28]_i_31/CO[3]
                         net (fo=1, unplaced)         0.000    14.172    i_ariane/i_cva6/ex_stage_i/fpu_gen.fpu_i/fpu_gen.i_fpnew_bulk/gen_operation_groups[3].i_opgroup_block/gen_merged_slice.i_multifmt_slice/gen_num_lanes[0].active_lane.lane_instance.i_fpnew_cast_multi/mem_q_reg[7][sbe][result][28]_i_31_n_0
                         CARRY4 (Prop_carry4_CI_O[2])
                                                      0.214    14.386 f  i_ariane/i_cva6/ex_stage_i/fpu_gen.fpu_i/fpu_gen.i_fpnew_bulk/gen_operation_groups[3].i_opgroup_block/gen_merged_slice.i_multifmt_slice/gen_num_lanes[0].active_lane.lane_instance.i_fpnew_cast_multi/i___368_i_14/O[2]
                         net (fo=4, unplaced)         0.373    14.759    i_ariane/i_cva6/ex_stage_i/fpu_gen.fpu_i/fpu_gen.i_fpnew_bulk/gen_operation_groups[3].i_opgroup_block/gen_merged_slice.i_multifmt_slice/gen_num_lanes[0].active_lane.lane_instance.i_fpnew_cast_multi/rounded_uint_res0[31]
                         LUT5 (Prop_lut5_I1_O)        0.244    15.003 f  i_ariane/i_cva6/ex_stage_i/fpu_gen.fpu_i/fpu_gen.i_fpnew_bulk/gen_operation_groups[3].i_opgroup_block/gen_merged_slice.i_multifmt_slice/gen_num_lanes[0].active_lane.lane_instance.i_fpnew_cast_multi/i___368_i_11/O
                         net (fo=33, unplaced)        0.654    15.657    i_ariane/i_cva6/ex_stage_i/fpu_gen.fpu_i/fpu_gen.i_fpnew_bulk/gen_operation_groups[3].i_opgroup_block/gen_merged_slice.i_multifmt_slice/gen_num_lanes[0].active_lane.lane_instance.i_fpnew_cast_multi/i___368_i_11_n_0
                         LUT5 (Prop_lut5_I4_O)        0.105    15.762 r  i_ariane/i_cva6/ex_stage_i/fpu_gen.fpu_i/fpu_gen.i_fpnew_bulk/gen_operation_groups[3].i_opgroup_block/gen_merged_slice.i_multifmt_slice/gen_num_lanes[0].active_lane.lane_instance.i_fpnew_cast_multi/mem_q[7][sbe][result][51]_i_19/O
                         net (fo=2, unplaced)         0.593    16.355    i_ariane/i_cva6/ex_stage_i/fpu_gen.fpu_i/fpu_gen.i_fpnew_bulk/gen_operation_groups[3].i_opgroup_block/gen_merged_slice.i_multifmt_slice/gen_num_lanes[0].active_lane.lane_instance.i_fpnew_cast_multi/mem_q[7][sbe][result][51]_i_19_n_0
                         LUT6 (Prop_lut6_I0_O)        0.105    16.460 r  i_ariane/i_cva6/ex_stage_i/fpu_gen.fpu_i/fpu_gen.i_fpnew_bulk/gen_operation_groups[3].i_opgroup_block/gen_merged_slice.i_multifmt_slice/gen_num_lanes[0].active_lane.lane_instance.i_fpnew_cast_multi/i___366_i_125/O
                         net (fo=1, unplaced)         0.000    16.460    i_ariane/i_cva6/ex_stage_i/fpu_gen.fpu_i/fpu_gen.i_fpnew_bulk/gen_operation_groups[3].i_opgroup_block/gen_merged_slice.i_multifmt_slice/gen_num_lanes[0].active_lane.lane_instance.i_fpnew_cast_multi/i___366_i_125_n_0
                         CARRY4 (Prop_carry4_S[1]_CO[3])
                                                      0.444    16.904 f  i_ariane/i_cva6/ex_stage_i/fpu_gen.fpu_i/fpu_gen.i_fpnew_bulk/gen_operation_groups[3].i_opgroup_block/gen_merged_slice.i_multifmt_slice/gen_num_lanes[0].active_lane.lane_instance.i_fpnew_cast_multi/i___366_i_63/CO[3]
                         net (fo=1, unplaced)         0.000    16.904    i_ariane/i_cva6/ex_stage_i/fpu_gen.fpu_i/fpu_gen.i_fpnew_bulk/gen_operation_groups[3].i_opgroup_block/gen_merged_slice.i_multifmt_slice/gen_num_lanes[0].active_lane.lane_instance.i_fpnew_cast_multi/i___366_i_63_n_0
                         CARRY4 (Prop_carry4_CI_CO[1])
                                                      0.150    17.054 r  i_ariane/i_cva6/ex_stage_i/fpu_gen.fpu_i/fpu_gen.i_fpnew_bulk/gen_operation_groups[3].i_opgroup_block/gen_merged_slice.i_multifmt_slice/gen_num_lanes[0].active_lane.lane_instance.i_fpnew_cast_multi/i___366_i_34/CO[1]
                         net (fo=1, unplaced)         0.240    17.294    i_ariane/i_cva6/ex_stage_i/fpu_gen.fpu_i/fpu_gen.i_fpnew_bulk/gen_operation_groups[3].i_opgroup_block/gen_merged_slice.i_multifmt_slice/gen_num_lanes[0].active_lane.lane_instance.i_fpnew_cast_multi/int_result_is_special1
                         LUT6 (Prop_lut6_I4_O)        0.277    17.571 f  i_ariane/i_cva6/ex_stage_i/fpu_gen.fpu_i/fpu_gen.i_fpnew_bulk/gen_operation_groups[3].i_opgroup_block/gen_merged_slice.i_multifmt_slice/gen_num_lanes[0].active_lane.lane_instance.i_fpnew_cast_multi/i___366_i_19/O
                         net (fo=45, unplaced)        0.427    17.998    i_ariane/i_cva6/ex_stage_i/fpu_gen.fpu_i/fpu_gen.i_fpnew_bulk/gen_operation_groups[3].i_opgroup_block/gen_merged_slice.i_multifmt_slice/gen_num_lanes[0].active_lane.lane_instance.i_fpnew_cast_multi/i___366_i_19_n_0
                         LUT4 (Prop_lut4_I3_O)        0.105    18.103 r  i_ariane/i_cva6/ex_stage_i/fpu_gen.fpu_i/fpu_gen.i_fpnew_bulk/gen_operation_groups[3].i_opgroup_block/gen_merged_slice.i_multifmt_slice/gen_num_lanes[0].active_lane.lane_instance.i_fpnew_cast_multi/i___366_i_21/O
                         net (fo=8, unplaced)         0.385    18.488    i_ariane/i_cva6/ex_stage_i/fpu_gen.fpu_i/fpu_gen.i_fpnew_bulk/gen_operation_groups[3].i_opgroup_block/gen_merged_slice.i_multifmt_slice/gen_num_lanes[0].active_lane.lane_instance.i_fpnew_cast_multi/i___366_i_21_n_0
                         LUT6 (Prop_lut6_I4_O)        0.105    18.593 r  i_ariane/i_cva6/ex_stage_i/fpu_gen.fpu_i/fpu_gen.i_fpnew_bulk/gen_operation_groups[3].i_opgroup_block/gen_merged_slice.i_multifmt_slice/gen_num_lanes[0].active_lane.lane_instance.i_fpnew_cast_multi/i___366_i_13/O
                         net (fo=1, unplaced)         0.582    19.175    i_ariane/i_cva6/ex_stage_i/fpu_gen.fpu_i/fpu_gen.i_fpnew_bulk/gen_operation_groups[3].i_opgroup_block/gen_merged_slice.i_multifmt_slice/gen_num_lanes[0].active_lane.lane_instance.i_fpnew_cast_multi/i___366_i_13_n_0
                         LUT6 (Prop_lut6_I0_O)        0.105    19.280 r  i_ariane/i_cva6/ex_stage_i/fpu_gen.fpu_i/fpu_gen.i_fpnew_bulk/gen_operation_groups[3].i_opgroup_block/gen_merged_slice.i_multifmt_slice/gen_num_lanes[0].active_lane.lane_instance.i_fpnew_cast_multi/i___366_i_5/O
                         net (fo=1, unplaced)         0.347    19.627    i_ariane/i_cva6/ex_stage_i/fpu_gen.fpu_i/fpu_gen.i_fpnew_bulk/gen_operation_groups[0].i_opgroup_block/gen_parallel_slices[0].active_format.i_fmt_slice/gen_num_lanes[0].active_lane.lane_instance.i_fma/gen_arbiter.data_nodes[2][result][3]
                         LUT5 (Prop_lut5_I0_O)        0.105    19.732 r  i_ariane/i_cva6/ex_stage_i/fpu_gen.fpu_i/fpu_gen.i_fpnew_bulk/gen_operation_groups[0].i_opgroup_block/gen_parallel_slices[0].active_format.i_fmt_slice/gen_num_lanes[0].active_lane.lane_instance.i_fma/i___366_i_1/O
                         net (fo=19, unplaced)        0.406    20.138    i_ariane/i_cva6/issue_stage_i/i_issue_read_operands/fpu_result_ex_id[3]
                         LUT5 (Prop_lut5_I0_O)        0.105    20.243 f  i_ariane/i_cva6/issue_stage_i/i_issue_read_operands/i___328_i_2/O
                         net (fo=3, unplaced)         0.600    20.843    i_ariane/i_cva6/issue_stage_i/i_issue_read_operands/i___328_i_2_n_0
                         LUT6 (Prop_lut6_I1_O)        0.105    20.948 f  i_ariane/i_cva6/issue_stage_i/i_issue_read_operands/fu_data_q[0][operand_a][3]_i_12/O
                         net (fo=1, unplaced)         0.000    20.948    i_ariane/i_cva6/issue_stage_i/i_issue_read_operands/fu_data_q[0][operand_a][3]_i_12_n_0
                         MUXF7 (Prop_muxf7_I0_O)      0.201    21.149 f  i_ariane/i_cva6/issue_stage_i/i_issue_read_operands/fu_data_q_reg[0][operand_a][3]_i_5/O
                         net (fo=1, unplaced)         0.349    21.498    i_ariane/i_cva6/issue_stage_i/i_issue_read_operands/fu_data_q_reg[0][operand_a][3]_i_5_n_0
                         LUT6 (Prop_lut6_I5_O)        0.242    21.740 f  i_ariane/i_cva6/issue_stage_i/i_issue_read_operands/fu_data_q[0][operand_a][3]_i_2/O
                         net (fo=1, unplaced)         0.347    22.087    i_ariane/i_cva6/issue_stage_i/i_issue_read_operands/fu_data_q[0][operand_a][3]_i_2_n_0
                         LUT5 (Prop_lut5_I4_O)        0.105    22.192 r  i_ariane/i_cva6/issue_stage_i/i_issue_read_operands/fu_data_q[0][operand_a][3]_i_1/O
                         net (fo=17, unplaced)        0.403    22.595    i_ariane/gen_cvxif.gen_COPRO_KECC_AES_K.i_kecc_aes_k_xif_coprocessor/D[3]
                         LUT3 (Prop_lut3_I0_O)        0.105    22.700 r  i_ariane/gen_cvxif.gen_COPRO_KECC_AES_K.i_kecc_aes_k_xif_coprocessor/i___30_i_9/O
                         net (fo=6, unplaced)         0.379    23.079    i_ariane/i_cva6/id_stage_i/registers[0]_23[3]
                         LUT6 (Prop_lut6_I5_O)        0.105    23.184 r  i_ariane/i_cva6/id_stage_i/i___30_i_2/O
                         net (fo=11, unplaced)        0.628    23.812    i_ariane/i_cva6/id_stage_i/issue_q_reg[0][orig_instr][21]_7
                         LUT6 (Prop_lut6_I1_O)        0.105    23.917 r  i_ariane/i_cva6/id_stage_i/i___25_i_10/O
                         net (fo=3, unplaced)         0.796    24.713    i_ariane/i_cva6/id_stage_i/i___25_i_10_n_0
                         LUT6 (Prop_lut6_I3_O)        0.105    24.818 r  i_ariane/i_cva6/id_stage_i/i___25_i_2/O
                         net (fo=10, unplaced)        0.625    25.443    i_ariane/i_cva6/id_stage_i/i___235_i_3_0
                         LUT4 (Prop_lut4_I1_O)        0.105    25.548 r  i_ariane/i_cva6/id_stage_i/i___235_i_1/O
                         net (fo=6, unplaced)         0.614    26.162    i_ariane/i_cva6/id_stage_i/i___25_i_1_0
                         LUT4 (Prop_lut4_I0_O)        0.105    26.267 r  i_ariane/i_cva6/id_stage_i/i___75_i_6/O
                         net (fo=4, unplaced)         0.606    26.873    i_ariane/i_cva6/id_stage_i/i___12_i_4_0
                         LUT6 (Prop_lut6_I2_O)        0.105    26.978 r  i_ariane/i_cva6/id_stage_i/i___20_i_1/O
                         net (fo=8, unplaced)         0.385    27.363    i_ariane/i_cva6/id_stage_i/i___13_i_3_0
                         LUT5 (Prop_lut5_I1_O)        0.105    27.468 r  i_ariane/i_cva6/id_stage_i/result_o[34]_i_8/O
                         net (fo=4, unplaced)         0.371    27.839    i_ariane/i_cva6/id_stage_i/result_o[34]_i_8_n_0
                         LUT6 (Prop_lut6_I0_O)        0.105    27.944 r  i_ariane/i_cva6/id_stage_i/result_o[2]_i_4/O
                         net (fo=1, unplaced)         0.347    28.291    i_ariane/i_cva6/id_stage_i/result_o[2]_i_4_n_0
                         LUT6 (Prop_lut6_I3_O)        0.105    28.396 r  i_ariane/i_cva6/id_stage_i/result_o[2]_i_1/O
                         net (fo=1, unplaced)         0.000    28.396    i_ariane/gen_cvxif.gen_COPRO_KECC_AES_K.i_kecc_aes_k_xif_coprocessor/i_ex/result_o_reg[63]_1[2]
                         FDCE                                         r  i_ariane/gen_cvxif.gen_COPRO_KECC_AES_K.i_kecc_aes_k_xif_coprocessor/i_ex/result_o_reg[2]/D
  -------------------------------------------------------------------    -------------------

                         (clock clk_i rise edge)     10.000    10.000 r  
                                                      0.000    10.000 r  clk_i (IN)
                         net (fo=23772, unset)        0.748    10.748    i_ariane/gen_cvxif.gen_COPRO_KECC_AES_K.i_kecc_aes_k_xif_coprocessor/i_ex/clk_i
                         FDCE                                         r  i_ariane/gen_cvxif.gen_COPRO_KECC_AES_K.i_kecc_aes_k_xif_coprocessor/i_ex/result_o_reg[2]/C
                         clock pessimism              0.000    10.748    
                         clock uncertainty           -0.035    10.712    
                         FDCE (Setup_fdce_C_D)        0.043    10.755    i_ariane/gen_cvxif.gen_COPRO_KECC_AES_K.i_kecc_aes_k_xif_coprocessor/i_ex/result_o_reg[2]
  -------------------------------------------------------------------
                         required time                         10.755    
                         arrival time                         -28.396    
  -------------------------------------------------------------------
                         slack                                -17.641    

Slack (VIOLATED) :        -17.641ns  (required time - arrival time)
  Source:                 i_ariane/i_cva6/ex_stage_i/fpu_gen.fpu_i/fpu_gen.i_fpnew_bulk/gen_operation_groups[3].i_opgroup_block/gen_merged_slice.i_multifmt_slice/gen_num_lanes[0].active_lane.lane_instance.i_fpnew_cast_multi/gen_inside_pipeline[0].mid_pipe_dst_fmt_q_reg[1][1]/C
                            (rising edge-triggered cell FDCE clocked by clk_i  {rise@0.000ns fall@5.000ns period=10.000ns})
  Destination:            i_ariane/gen_cvxif.gen_COPRO_KECC_AES_K.i_kecc_aes_k_xif_coprocessor/i_ex/result_o_reg[2]/D
                            (rising edge-triggered cell FDCE clocked by clk_i  {rise@0.000ns fall@5.000ns period=10.000ns})
  Path Group:             clk_i
  Path Type:              Setup (Max at Slow Process Corner)
  Requirement:            10.000ns  (clk_i rise@10.000ns - clk_i rise@0.000ns)
  Data Path Delay:        27.609ns  (logic 8.852ns (32.062%)  route 18.757ns (67.938%))
  Logic Levels:           54  (CARRY4=17 LUT1=1 LUT2=1 LUT3=2 LUT4=4 LUT5=8 LUT6=20 MUXF7=1)
  Clock Path Skew:        -0.039ns (DCD - SCD + CPR)
    Destination Clock Delay (DCD):    0.748ns = ( 10.748 - 10.000 ) 
    Source Clock Delay      (SCD):    0.787ns
    Clock Pessimism Removal (CPR):    0.000ns
  Clock Uncertainty:      0.035ns  ((TSJ^2 + TIJ^2)^1/2 + DJ) / 2 + PE
    Total System Jitter     (TSJ):    0.071ns
    Total Input Jitter      (TIJ):    0.000ns
    Discrete Jitter          (DJ):    0.000ns
    Phase Error              (PE):    0.000ns

    Location             Delay type                Incr(ns)  Path(ns)    Netlist Resource(s)
  -------------------------------------------------------------------    -------------------
                         (clock clk_i rise edge)      0.000     0.000 r  
                                                      0.000     0.000 r  clk_i (IN)
                         net (fo=23772, unset)        0.787     0.787    i_ariane/i_cva6/ex_stage_i/fpu_gen.fpu_i/fpu_gen.i_fpnew_bulk/gen_operation_groups[3].i_opgroup_block/gen_merged_slice.i_multifmt_slice/gen_num_lanes[0].active_lane.lane_instance.i_fpnew_cast_multi/clk_i
                         FDCE                                         r  i_ariane/i_cva6/ex_stage_i/fpu_gen.fpu_i/fpu_gen.i_fpnew_bulk/gen_operation_groups[3].i_opgroup_block/gen_merged_slice.i_multifmt_slice/gen_num_lanes[0].active_lane.lane_instance.i_fpnew_cast_multi/gen_inside_pipeline[0].mid_pipe_dst_fmt_q_reg[1][1]/C
  -------------------------------------------------------------------    -------------------
                         FDCE (Prop_fdce_C_Q)         0.397     1.184 r  i_ariane/i_cva6/ex_stage_i/fpu_gen.fpu_i/fpu_gen.i_fpnew_bulk/gen_operation_groups[3].i_opgroup_block/gen_merged_slice.i_multifmt_slice/gen_num_lanes[0].active_lane.lane_instance.i_fpnew_cast_multi/gen_inside_pipeline[0].mid_pipe_dst_fmt_q_reg[1][1]/Q
                         net (fo=140, unplaced)       0.733     1.917    i_ariane/i_cva6/ex_stage_i/fpu_gen.fpu_i/fpu_gen.i_fpnew_bulk/gen_operation_groups[3].i_opgroup_block/gen_merged_slice.i_multifmt_slice/gen_num_lanes[0].active_lane.lane_instance.i_fpnew_cast_multi/gen_inside_pipeline[0].mid_pipe_dst_fmt_q_reg_n_0_[1][1]
                         LUT3 (Prop_lut3_I0_O)        0.232     2.149 r  i_ariane/i_cva6/ex_stage_i/fpu_gen.fpu_i/fpu_gen.i_fpnew_bulk/gen_operation_groups[3].i_opgroup_block/gen_merged_slice.i_multifmt_slice/gen_num_lanes[0].active_lane.lane_instance.i_fpnew_cast_multi/mem_q[7][sbe][result][54]_i_102/O
                         net (fo=2, unplaced)         0.269     2.418    i_ariane/i_cva6/ex_stage_i/fpu_gen.fpu_i/fpu_gen.i_fpnew_bulk/gen_operation_groups[3].i_opgroup_block/gen_merged_slice.i_multifmt_slice/gen_num_lanes[0].active_lane.lane_instance.i_fpnew_cast_multi/mem_q[7][sbe][result][54]_i_102_n_0
                         CARRY4 (Prop_carry4_CYINIT_CO[3])
                                                      0.494     2.912 r  i_ariane/i_cva6/ex_stage_i/fpu_gen.fpu_i/fpu_gen.i_fpnew_bulk/gen_operation_groups[3].i_opgroup_block/gen_merged_slice.i_multifmt_slice/gen_num_lanes[0].active_lane.lane_instance.i_fpnew_cast_multi/i___371_i_68/CO[3]
                         net (fo=1, unplaced)         0.000     2.912    i_ariane/i_cva6/ex_stage_i/fpu_gen.fpu_i/fpu_gen.i_fpnew_bulk/gen_operation_groups[3].i_opgroup_block/gen_merged_slice.i_multifmt_slice/gen_num_lanes[0].active_lane.lane_instance.i_fpnew_cast_multi/i___371_i_68_n_0
                         CARRY4 (Prop_carry4_CI_CO[3])
                                                      0.100     3.012 r  i_ariane/i_cva6/ex_stage_i/fpu_gen.fpu_i/fpu_gen.i_fpnew_bulk/gen_operation_groups[3].i_opgroup_block/gen_merged_slice.i_multifmt_slice/gen_num_lanes[0].active_lane.lane_instance.i_fpnew_cast_multi/i___371_i_53/CO[3]
                         net (fo=1, unplaced)         0.000     3.012    i_ariane/i_cva6/ex_stage_i/fpu_gen.fpu_i/fpu_gen.i_fpnew_bulk/gen_operation_groups[3].i_opgroup_block/gen_merged_slice.i_multifmt_slice/gen_num_lanes[0].active_lane.lane_instance.i_fpnew_cast_multi/i___371_i_53_n_0
                         CARRY4 (Prop_carry4_CI_CO[3])
                                                      0.100     3.112 r  i_ariane/i_cva6/ex_stage_i/fpu_gen.fpu_i/fpu_gen.i_fpnew_bulk/gen_operation_groups[3].i_opgroup_block/gen_merged_slice.i_multifmt_slice/gen_num_lanes[0].active_lane.lane_instance.i_fpnew_cast_multi/i___371_i_51/CO[3]
                         net (fo=1, unplaced)         0.000     3.112    i_ariane/i_cva6/ex_stage_i/fpu_gen.fpu_i/fpu_gen.i_fpnew_bulk/gen_operation_groups[3].i_opgroup_block/gen_merged_slice.i_multifmt_slice/gen_num_lanes[0].active_lane.lane_instance.i_fpnew_cast_multi/i___371_i_51_n_0
                         CARRY4 (Prop_carry4_CI_CO[3])
                                                      0.100     3.212 r  i_ariane/i_cva6/ex_stage_i/fpu_gen.fpu_i/fpu_gen.i_fpnew_bulk/gen_operation_groups[3].i_opgroup_block/gen_merged_slice.i_multifmt_slice/gen_num_lanes[0].active_lane.lane_instance.i_fpnew_cast_multi/i___371_i_81/CO[3]
                         net (fo=16, unplaced)        0.664     3.876    i_ariane/i_cva6/ex_stage_i/fpu_gen.fpu_i/fpu_gen.i_fpnew_bulk/gen_operation_groups[3].i_opgroup_block/gen_merged_slice.i_multifmt_slice/gen_num_lanes[0].active_lane.lane_instance.i_fpnew_cast_multi/i___371_i_81_n_0
                         LUT2 (Prop_lut2_I1_O)        0.105     3.981 r  i_ariane/i_cva6/ex_stage_i/fpu_gen.fpu_i/fpu_gen.i_fpnew_bulk/gen_operation_groups[3].i_opgroup_block/gen_merged_slice.i_multifmt_slice/gen_num_lanes[0].active_lane.lane_instance.i_fpnew_cast_multi/i___371_i_76/O
                         net (fo=1, unplaced)         0.000     3.981    i_ariane/i_cva6/ex_stage_i/fpu_gen.fpu_i/fpu_gen.i_fpnew_bulk/gen_operation_groups[3].i_opgroup_block/gen_merged_slice.i_multifmt_slice/gen_num_lanes[0].active_lane.lane_instance.i_fpnew_cast_multi/i___371_i_76_n_0
                         CARRY4 (Prop_carry4_DI[0]_CO[3])
                                                      0.477     4.458 r  i_ariane/i_cva6/ex_stage_i/fpu_gen.fpu_i/fpu_gen.i_fpnew_bulk/gen_operation_groups[3].i_opgroup_block/gen_merged_slice.i_multifmt_slice/gen_num_lanes[0].active_lane.lane_instance.i_fpnew_cast_multi/i___371_i_57/CO[3]
                         net (fo=1, unplaced)         0.000     4.458    i_ariane/i_cva6/ex_stage_i/fpu_gen.fpu_i/fpu_gen.i_fpnew_bulk/gen_operation_groups[3].i_opgroup_block/gen_merged_slice.i_multifmt_slice/gen_num_lanes[0].active_lane.lane_instance.i_fpnew_cast_multi/i___371_i_57_n_0
                         CARRY4 (Prop_carry4_CI_CO[3])
                                                      0.100     4.558 f  i_ariane/i_cva6/ex_stage_i/fpu_gen.fpu_i/fpu_gen.i_fpnew_bulk/gen_operation_groups[3].i_opgroup_block/gen_merged_slice.i_multifmt_slice/gen_num_lanes[0].active_lane.lane_instance.i_fpnew_cast_multi/i___371_i_49/CO[3]
                         net (fo=61, unplaced)        0.697     5.255    i_ariane/i_cva6/ex_stage_i/fpu_gen.fpu_i/fpu_gen.i_fpnew_bulk/gen_operation_groups[3].i_opgroup_block/gen_merged_slice.i_multifmt_slice/gen_num_lanes[0].active_lane.lane_instance.i_fpnew_cast_multi/preshift_mant1
                         LUT4 (Prop_lut4_I3_O)        0.105     5.360 f  i_ariane/i_cva6/ex_stage_i/fpu_gen.fpu_i/fpu_gen.i_fpnew_bulk/gen_operation_groups[3].i_opgroup_block/gen_merged_slice.i_multifmt_slice/gen_num_lanes[0].active_lane.lane_instance.i_fpnew_cast_multi/mem_q[7][sbe][ex][cause][0]_i_129/O
                         net (fo=4, unplaced)         0.371     5.731    i_ariane/i_cva6/ex_stage_i/fpu_gen.fpu_i/fpu_gen.i_fpnew_bulk/gen_operation_groups[3].i_opgroup_block/gen_merged_slice.i_multifmt_slice/gen_num_lanes[0].active_lane.lane_instance.i_fpnew_cast_multi/mem_q[7][sbe][ex][cause][0]_i_129_n_0
                         LUT6 (Prop_lut6_I4_O)        0.105     5.836 f  i_ariane/i_cva6/ex_stage_i/fpu_gen.fpu_i/fpu_gen.i_fpnew_bulk/gen_operation_groups[3].i_opgroup_block/gen_merged_slice.i_multifmt_slice/gen_num_lanes[0].active_lane.lane_instance.i_fpnew_cast_multi/mem_q[7][sbe][ex][cause][0]_i_287/O
                         net (fo=117, unplaced)       0.450     6.286    i_ariane/i_cva6/ex_stage_i/fpu_gen.fpu_i/fpu_gen.i_fpnew_bulk/gen_operation_groups[3].i_opgroup_block/gen_merged_slice.i_multifmt_slice/gen_num_lanes[0].active_lane.lane_instance.i_fpnew_cast_multi/mem_q[7][sbe][ex][cause][0]_i_287_n_0
                         LUT5 (Prop_lut5_I4_O)        0.105     6.391 r  i_ariane/i_cva6/ex_stage_i/fpu_gen.fpu_i/fpu_gen.i_fpnew_bulk/gen_operation_groups[3].i_opgroup_block/gen_merged_slice.i_multifmt_slice/gen_num_lanes[0].active_lane.lane_instance.i_fpnew_cast_multi/mem_q[7][sbe][ex][cause][0]_i_512/O
                         net (fo=35, unplaced)        0.420     6.811    i_ariane/i_cva6/ex_stage_i/fpu_gen.fpu_i/fpu_gen.i_fpnew_bulk/gen_operation_groups[3].i_opgroup_block/gen_merged_slice.i_multifmt_slice/gen_num_lanes[0].active_lane.lane_instance.i_fpnew_cast_multi/mem_q[7][sbe][ex][cause][0]_i_512_n_0
                         LUT6 (Prop_lut6_I2_O)        0.105     6.916 r  i_ariane/i_cva6/ex_stage_i/fpu_gen.fpu_i/fpu_gen.i_fpnew_bulk/gen_operation_groups[3].i_opgroup_block/gen_merged_slice.i_multifmt_slice/gen_num_lanes[0].active_lane.lane_instance.i_fpnew_cast_multi/mem_q[7][sbe][ex][cause][0]_i_481/O
                         net (fo=3, unplaced)         0.600     7.516    i_ariane/i_cva6/ex_stage_i/fpu_gen.fpu_i/fpu_gen.i_fpnew_bulk/gen_operation_groups[3].i_opgroup_block/gen_merged_slice.i_multifmt_slice/gen_num_lanes[0].active_lane.lane_instance.i_fpnew_cast_multi/mem_q[7][sbe][ex][cause][0]_i_481_n_0
                         LUT6 (Prop_lut6_I0_O)        0.105     7.621 r  i_ariane/i_cva6/ex_stage_i/fpu_gen.fpu_i/fpu_gen.i_fpnew_bulk/gen_operation_groups[3].i_opgroup_block/gen_merged_slice.i_multifmt_slice/gen_num_lanes[0].active_lane.lane_instance.i_fpnew_cast_multi/mem_q[7][sbe][ex][cause][0]_i_349/O
                         net (fo=4, unplaced)         0.606     8.227    i_ariane/i_cva6/ex_stage_i/fpu_gen.fpu_i/fpu_gen.i_fpnew_bulk/gen_operation_groups[3].i_opgroup_block/gen_merged_slice.i_multifmt_slice/gen_num_lanes[0].active_lane.lane_instance.i_fpnew_cast_multi/mem_q[7][sbe][ex][cause][0]_i_349_n_0
                         LUT6 (Prop_lut6_I1_O)        0.105     8.332 r  i_ariane/i_cva6/ex_stage_i/fpu_gen.fpu_i/fpu_gen.i_fpnew_bulk/gen_operation_groups[3].i_opgroup_block/gen_merged_slice.i_multifmt_slice/gen_num_lanes[0].active_lane.lane_instance.i_fpnew_cast_multi/mem_q[7][sbe][ex][cause][0]_i_212/O
                         net (fo=3, unplaced)         0.796     9.128    i_ariane/i_cva6/ex_stage_i/fpu_gen.fpu_i/fpu_gen.i_fpnew_bulk/gen_operation_groups[3].i_opgroup_block/gen_merged_slice.i_multifmt_slice/gen_num_lanes[0].active_lane.lane_instance.i_fpnew_cast_multi/mem_q[7][sbe][ex][cause][0]_i_212_n_0
                         LUT6 (Prop_lut6_I0_O)        0.105     9.233 r  i_ariane/i_cva6/ex_stage_i/fpu_gen.fpu_i/fpu_gen.i_fpnew_bulk/gen_operation_groups[3].i_opgroup_block/gen_merged_slice.i_multifmt_slice/gen_num_lanes[0].active_lane.lane_instance.i_fpnew_cast_multi/mem_q[7][sbe][ex][cause][0]_i_99/O
                         net (fo=1, unplaced)         0.778    10.011    i_ariane/i_cva6/ex_stage_i/fpu_gen.fpu_i/fpu_gen.i_fpnew_bulk/gen_operation_groups[3].i_opgroup_block/gen_merged_slice.i_multifmt_slice/gen_num_lanes[0].active_lane.lane_instance.i_fpnew_cast_multi/mem_q[7][sbe][ex][cause][0]_i_99_n_0
                         LUT5 (Prop_lut5_I0_O)        0.105    10.116 r  i_ariane/i_cva6/ex_stage_i/fpu_gen.fpu_i/fpu_gen.i_fpnew_bulk/gen_operation_groups[3].i_opgroup_block/gen_merged_slice.i_multifmt_slice/gen_num_lanes[0].active_lane.lane_instance.i_fpnew_cast_multi/mem_q[7][sbe][ex][cause][0]_i_27/O
                         net (fo=1, unplaced)         0.582    10.698    i_ariane/i_cva6/ex_stage_i/fpu_gen.fpu_i/fpu_gen.i_fpnew_bulk/gen_operation_groups[3].i_opgroup_block/gen_merged_slice.i_multifmt_slice/gen_num_lanes[0].active_lane.lane_instance.i_fpnew_cast_multi/mem_q[7][sbe][ex][cause][0]_i_27_n_0
                         LUT6 (Prop_lut6_I3_O)        0.105    10.803 r  i_ariane/i_cva6/ex_stage_i/fpu_gen.fpu_i/fpu_gen.i_fpnew_bulk/gen_operation_groups[3].i_opgroup_block/gen_merged_slice.i_multifmt_slice/gen_num_lanes[0].active_lane.lane_instance.i_fpnew_cast_multi/mem_q[7][sbe][ex][cause][0]_i_10/O
                         net (fo=4, unplaced)         0.371    11.174    i_ariane/i_cva6/ex_stage_i/fpu_gen.fpu_i/fpu_gen.i_fpnew_bulk/gen_operation_groups[3].i_opgroup_block/gen_merged_slice.i_multifmt_slice/gen_num_lanes[0].active_lane.lane_instance.i_fpnew_cast_multi/mem_q[7][sbe][ex][cause][0]_i_10_n_0
                         LUT6 (Prop_lut6_I4_O)        0.105    11.279 r  i_ariane/i_cva6/ex_stage_i/fpu_gen.fpu_i/fpu_gen.i_fpnew_bulk/gen_operation_groups[3].i_opgroup_block/gen_merged_slice.i_multifmt_slice/gen_num_lanes[0].active_lane.lane_instance.i_fpnew_cast_multi/i___366_i_119/O
                         net (fo=1, unplaced)         0.582    11.861    i_ariane/i_cva6/ex_stage_i/fpu_gen.fpu_i/fpu_gen.i_fpnew_bulk/gen_operation_groups[3].i_opgroup_block/gen_merged_slice.i_multifmt_slice/gen_num_lanes[0].active_lane.lane_instance.i_fpnew_cast_multi/i___366_i_119_n_0
                         LUT6 (Prop_lut6_I1_O)        0.105    11.966 f  i_ariane/i_cva6/ex_stage_i/fpu_gen.fpu_i/fpu_gen.i_fpnew_bulk/gen_operation_groups[3].i_opgroup_block/gen_merged_slice.i_multifmt_slice/gen_num_lanes[0].active_lane.lane_instance.i_fpnew_cast_multi/i___366_i_62/O
                         net (fo=1, unplaced)         0.000    11.966    i_ariane/i_cva6/ex_stage_i/fpu_gen.fpu_i/fpu_gen.i_fpnew_bulk/gen_operation_groups[3].i_opgroup_block/gen_merged_slice.i_multifmt_slice/gen_num_lanes[0].active_lane.lane_instance.i_fpnew_cast_multi/i___366_i_62_n_0
                         CARRY4 (Prop_carry4_S[0]_CO[3])
                                                      0.423    12.389 r  i_ariane/i_cva6/ex_stage_i/fpu_gen.fpu_i/fpu_gen.i_fpnew_bulk/gen_operation_groups[3].i_opgroup_block/gen_merged_slice.i_multifmt_slice/gen_num_lanes[0].active_lane.lane_instance.i_fpnew_cast_multi/i___366_i_32/CO[3]
                         net (fo=1, unplaced)         0.000    12.389    i_ariane/i_cva6/ex_stage_i/fpu_gen.fpu_i/fpu_gen.i_fpnew_bulk/gen_operation_groups[3].i_opgroup_block/gen_merged_slice.i_multifmt_slice/gen_num_lanes[0].active_lane.lane_instance.i_fpnew_cast_multi/i___366_i_32_n_0
                         CARRY4 (Prop_carry4_CI_CO[3])
                                                      0.100    12.489 r  i_ariane/i_cva6/ex_stage_i/fpu_gen.fpu_i/fpu_gen.i_fpnew_bulk/gen_operation_groups[3].i_opgroup_block/gen_merged_slice.i_multifmt_slice/gen_num_lanes[0].active_lane.lane_instance.i_fpnew_cast_multi/mem_q_reg[7][sbe][result][7]_i_34/CO[3]
                         net (fo=1, unplaced)         0.000    12.489    i_ariane/i_cva6/ex_stage_i/fpu_gen.fpu_i/fpu_gen.i_fpnew_bulk/gen_operation_groups[3].i_opgroup_block/gen_merged_slice.i_multifmt_slice/gen_num_lanes[0].active_lane.lane_instance.i_fpnew_cast_multi/mem_q_reg[7][sbe][result][7]_i_34_n_0
                         CARRY4 (Prop_carry4_CI_CO[3])
                                                      0.100    12.589 r  i_ariane/i_cva6/ex_stage_i/fpu_gen.fpu_i/fpu_gen.i_fpnew_bulk/gen_operation_groups[3].i_opgroup_block/gen_merged_slice.i_multifmt_slice/gen_num_lanes[0].active_lane.lane_instance.i_fpnew_cast_multi/mem_q_reg[7][sbe][result][11]_i_57/CO[3]
                         net (fo=1, unplaced)         0.000    12.589    i_ariane/i_cva6/ex_stage_i/fpu_gen.fpu_i/fpu_gen.i_fpnew_bulk/gen_operation_groups[3].i_opgroup_block/gen_merged_slice.i_multifmt_slice/gen_num_lanes[0].active_lane.lane_instance.i_fpnew_cast_multi/mem_q_reg[7][sbe][result][11]_i_57_n_0
                         CARRY4 (Prop_carry4_CI_CO[3])
                                                      0.100    12.689 r  i_ariane/i_cva6/ex_stage_i/fpu_gen.fpu_i/fpu_gen.i_fpnew_bulk/gen_operation_groups[3].i_opgroup_block/gen_merged_slice.i_multifmt_slice/gen_num_lanes[0].active_lane.lane_instance.i_fpnew_cast_multi/mem_q_reg[7][sbe][result][15]_i_52/CO[3]
                         net (fo=1, unplaced)         0.000    12.689    i_ariane/i_cva6/ex_stage_i/fpu_gen.fpu_i/fpu_gen.i_fpnew_bulk/gen_operation_groups[3].i_opgroup_block/gen_merged_slice.i_multifmt_slice/gen_num_lanes[0].active_lane.lane_instance.i_fpnew_cast_multi/mem_q_reg[7][sbe][result][15]_i_52_n_0
                         CARRY4 (Prop_carry4_CI_CO[3])
                                                      0.100    12.789 r  i_ariane/i_cva6/ex_stage_i/fpu_gen.fpu_i/fpu_gen.i_fpnew_bulk/gen_operation_groups[3].i_opgroup_block/gen_merged_slice.i_multifmt_slice/gen_num_lanes[0].active_lane.lane_instance.i_fpnew_cast_multi/mem_q_reg[7][sbe][result][23]_i_46/CO[3]
                         net (fo=1, unplaced)         0.000    12.789    i_ariane/i_cva6/ex_stage_i/fpu_gen.fpu_i/fpu_gen.i_fpnew_bulk/gen_operation_groups[3].i_opgroup_block/gen_merged_slice.i_multifmt_slice/gen_num_lanes[0].active_lane.lane_instance.i_fpnew_cast_multi/mem_q_reg[7][sbe][result][23]_i_46_n_0
                         CARRY4 (Prop_carry4_CI_CO[3])
                                                      0.100    12.889 r  i_ariane/i_cva6/ex_stage_i/fpu_gen.fpu_i/fpu_gen.i_fpnew_bulk/gen_operation_groups[3].i_opgroup_block/gen_merged_slice.i_multifmt_slice/gen_num_lanes[0].active_lane.lane_instance.i_fpnew_cast_multi/mem_q_reg[7][sbe][result][23]_i_29/CO[3]
                         net (fo=1, unplaced)         0.000    12.889    i_ariane/i_cva6/ex_stage_i/fpu_gen.fpu_i/fpu_gen.i_fpnew_bulk/gen_operation_groups[3].i_opgroup_block/gen_merged_slice.i_multifmt_slice/gen_num_lanes[0].active_lane.lane_instance.i_fpnew_cast_multi/mem_q_reg[7][sbe][result][23]_i_29_n_0
                         CARRY4 (Prop_carry4_CI_O[2])
                                                      0.214    13.103 f  i_ariane/i_cva6/ex_stage_i/fpu_gen.fpu_i/fpu_gen.i_fpnew_bulk/gen_operation_groups[3].i_opgroup_block/gen_merged_slice.i_multifmt_slice/gen_num_lanes[0].active_lane.lane_instance.i_fpnew_cast_multi/mem_q_reg[7][sbe][result][27]_i_35/O[2]
                         net (fo=6, unplaced)         0.381    13.484    i_ariane/i_cva6/ex_stage_i/fpu_gen.fpu_i/fpu_gen.i_fpnew_bulk/gen_operation_groups[3].i_opgroup_block/gen_merged_slice.i_multifmt_slice/gen_num_lanes[0].active_lane.lane_instance.i_fpnew_cast_multi/rounded_abs[26]
                         LUT1 (Prop_lut1_I0_O)        0.244    13.728 r  i_ariane/i_cva6/ex_stage_i/fpu_gen.fpu_i/fpu_gen.i_fpnew_bulk/gen_operation_groups[3].i_opgroup_block/gen_merged_slice.i_multifmt_slice/gen_num_lanes[0].active_lane.lane_instance.i_fpnew_cast_multi/mem_q[7][sbe][result][28]_i_58/O
                         net (fo=1, unplaced)         0.000    13.728    i_ariane/i_cva6/ex_stage_i/fpu_gen.fpu_i/fpu_gen.i_fpnew_bulk/gen_operation_groups[3].i_opgroup_block/gen_merged_slice.i_multifmt_slice/gen_num_lanes[0].active_lane.lane_instance.i_fpnew_cast_multi/mem_q[7][sbe][result][28]_i_58_n_0
                         CARRY4 (Prop_carry4_S[1]_CO[3])
                                                      0.444    14.172 r  i_ariane/i_cva6/ex_stage_i/fpu_gen.fpu_i/fpu_gen.i_fpnew_bulk/gen_operation_groups[3].i_opgroup_block/gen_merged_slice.i_multifmt_slice/gen_num_lanes[0].active_lane.lane_instance.i_fpnew_cast_multi/mem_q_reg[7][sbe][result][28]_i_31/CO[3]
                         net (fo=1, unplaced)         0.000    14.172    i_ariane/i_cva6/ex_stage_i/fpu_gen.fpu_i/fpu_gen.i_fpnew_bulk/gen_operation_groups[3].i_opgroup_block/gen_merged_slice.i_multifmt_slice/gen_num_lanes[0].active_lane.lane_instance.i_fpnew_cast_multi/mem_q_reg[7][sbe][result][28]_i_31_n_0
                         CARRY4 (Prop_carry4_CI_O[2])
                                                      0.214    14.386 f  i_ariane/i_cva6/ex_stage_i/fpu_gen.fpu_i/fpu_gen.i_fpnew_bulk/gen_operation_groups[3].i_opgroup_block/gen_merged_slice.i_multifmt_slice/gen_num_lanes[0].active_lane.lane_instance.i_fpnew_cast_multi/i___368_i_14/O[2]
                         net (fo=4, unplaced)         0.373    14.759    i_ariane/i_cva6/ex_stage_i/fpu_gen.fpu_i/fpu_gen.i_fpnew_bulk/gen_operation_groups[3].i_opgroup_block/gen_merged_slice.i_multifmt_slice/gen_num_lanes[0].active_lane.lane_instance.i_fpnew_cast_multi/rounded_uint_res0[31]
                         LUT5 (Prop_lut5_I1_O)        0.244    15.003 f  i_ariane/i_cva6/ex_stage_i/fpu_gen.fpu_i/fpu_gen.i_fpnew_bulk/gen_operation_groups[3].i_opgroup_block/gen_merged_slice.i_multifmt_slice/gen_num_lanes[0].active_lane.lane_instance.i_fpnew_cast_multi/i___368_i_11/O
                         net (fo=33, unplaced)        0.654    15.657    i_ariane/i_cva6/ex_stage_i/fpu_gen.fpu_i/fpu_gen.i_fpnew_bulk/gen_operation_groups[3].i_opgroup_block/gen_merged_slice.i_multifmt_slice/gen_num_lanes[0].active_lane.lane_instance.i_fpnew_cast_multi/i___368_i_11_n_0
                         LUT5 (Prop_lut5_I4_O)        0.105    15.762 r  i_ariane/i_cva6/ex_stage_i/fpu_gen.fpu_i/fpu_gen.i_fpnew_bulk/gen_operation_groups[3].i_opgroup_block/gen_merged_slice.i_multifmt_slice/gen_num_lanes[0].active_lane.lane_instance.i_fpnew_cast_multi/mem_q[7][sbe][result][51]_i_19/O
                         net (fo=2, unplaced)         0.593    16.355    i_ariane/i_cva6/ex_stage_i/fpu_gen.fpu_i/fpu_gen.i_fpnew_bulk/gen_operation_groups[3].i_opgroup_block/gen_merged_slice.i_multifmt_slice/gen_num_lanes[0].active_lane.lane_instance.i_fpnew_cast_multi/mem_q[7][sbe][result][51]_i_19_n_0
                         LUT6 (Prop_lut6_I0_O)        0.105    16.460 r  i_ariane/i_cva6/ex_stage_i/fpu_gen.fpu_i/fpu_gen.i_fpnew_bulk/gen_operation_groups[3].i_opgroup_block/gen_merged_slice.i_multifmt_slice/gen_num_lanes[0].active_lane.lane_instance.i_fpnew_cast_multi/i___366_i_125/O
                         net (fo=1, unplaced)         0.000    16.460    i_ariane/i_cva6/ex_stage_i/fpu_gen.fpu_i/fpu_gen.i_fpnew_bulk/gen_operation_groups[3].i_opgroup_block/gen_merged_slice.i_multifmt_slice/gen_num_lanes[0].active_lane.lane_instance.i_fpnew_cast_multi/i___366_i_125_n_0
                         CARRY4 (Prop_carry4_S[1]_CO[3])
                                                      0.444    16.904 f  i_ariane/i_cva6/ex_stage_i/fpu_gen.fpu_i/fpu_gen.i_fpnew_bulk/gen_operation_groups[3].i_opgroup_block/gen_merged_slice.i_multifmt_slice/gen_num_lanes[0].active_lane.lane_instance.i_fpnew_cast_multi/i___366_i_63/CO[3]
                         net (fo=1, unplaced)         0.000    16.904    i_ariane/i_cva6/ex_stage_i/fpu_gen.fpu_i/fpu_gen.i_fpnew_bulk/gen_operation_groups[3].i_opgroup_block/gen_merged_slice.i_multifmt_slice/gen_num_lanes[0].active_lane.lane_instance.i_fpnew_cast_multi/i___366_i_63_n_0
                         CARRY4 (Prop_carry4_CI_CO[1])
                                                      0.150    17.054 r  i_ariane/i_cva6/ex_stage_i/fpu_gen.fpu_i/fpu_gen.i_fpnew_bulk/gen_operation_groups[3].i_opgroup_block/gen_merged_slice.i_multifmt_slice/gen_num_lanes[0].active_lane.lane_instance.i_fpnew_cast_multi/i___366_i_34/CO[1]
                         net (fo=1, unplaced)         0.240    17.294    i_ariane/i_cva6/ex_stage_i/fpu_gen.fpu_i/fpu_gen.i_fpnew_bulk/gen_operation_groups[3].i_opgroup_block/gen_merged_slice.i_multifmt_slice/gen_num_lanes[0].active_lane.lane_instance.i_fpnew_cast_multi/int_result_is_special1
                         LUT6 (Prop_lut6_I4_O)        0.277    17.571 f  i_ariane/i_cva6/ex_stage_i/fpu_gen.fpu_i/fpu_gen.i_fpnew_bulk/gen_operation_groups[3].i_opgroup_block/gen_merged_slice.i_multifmt_slice/gen_num_lanes[0].active_lane.lane_instance.i_fpnew_cast_multi/i___366_i_19/O
                         net (fo=45, unplaced)        0.427    17.998    i_ariane/i_cva6/ex_stage_i/fpu_gen.fpu_i/fpu_gen.i_fpnew_bulk/gen_operation_groups[3].i_opgroup_block/gen_merged_slice.i_multifmt_slice/gen_num_lanes[0].active_lane.lane_instance.i_fpnew_cast_multi/i___366_i_19_n_0
                         LUT4 (Prop_lut4_I3_O)        0.105    18.103 r  i_ariane/i_cva6/ex_stage_i/fpu_gen.fpu_i/fpu_gen.i_fpnew_bulk/gen_operation_groups[3].i_opgroup_block/gen_merged_slice.i_multifmt_slice/gen_num_lanes[0].active_lane.lane_instance.i_fpnew_cast_multi/i___366_i_21/O
                         net (fo=8, unplaced)         0.385    18.488    i_ariane/i_cva6/ex_stage_i/fpu_gen.fpu_i/fpu_gen.i_fpnew_bulk/gen_operation_groups[3].i_opgroup_block/gen_merged_slice.i_multifmt_slice/gen_num_lanes[0].active_lane.lane_instance.i_fpnew_cast_multi/i___366_i_21_n_0
                         LUT6 (Prop_lut6_I4_O)        0.105    18.593 r  i_ariane/i_cva6/ex_stage_i/fpu_gen.fpu_i/fpu_gen.i_fpnew_bulk/gen_operation_groups[3].i_opgroup_block/gen_merged_slice.i_multifmt_slice/gen_num_lanes[0].active_lane.lane_instance.i_fpnew_cast_multi/i___366_i_13/O
                         net (fo=1, unplaced)         0.582    19.175    i_ariane/i_cva6/ex_stage_i/fpu_gen.fpu_i/fpu_gen.i_fpnew_bulk/gen_operation_groups[3].i_opgroup_block/gen_merged_slice.i_multifmt_slice/gen_num_lanes[0].active_lane.lane_instance.i_fpnew_cast_multi/i___366_i_13_n_0
                         LUT6 (Prop_lut6_I0_O)        0.105    19.280 r  i_ariane/i_cva6/ex_stage_i/fpu_gen.fpu_i/fpu_gen.i_fpnew_bulk/gen_operation_groups[3].i_opgroup_block/gen_merged_slice.i_multifmt_slice/gen_num_lanes[0].active_lane.lane_instance.i_fpnew_cast_multi/i___366_i_5/O
                         net (fo=1, unplaced)         0.347    19.627    i_ariane/i_cva6/ex_stage_i/fpu_gen.fpu_i/fpu_gen.i_fpnew_bulk/gen_operation_groups[0].i_opgroup_block/gen_parallel_slices[0].active_format.i_fmt_slice/gen_num_lanes[0].active_lane.lane_instance.i_fma/gen_arbiter.data_nodes[2][result][3]
                         LUT5 (Prop_lut5_I0_O)        0.105    19.732 r  i_ariane/i_cva6/ex_stage_i/fpu_gen.fpu_i/fpu_gen.i_fpnew_bulk/gen_operation_groups[0].i_opgroup_block/gen_parallel_slices[0].active_format.i_fmt_slice/gen_num_lanes[0].active_lane.lane_instance.i_fma/i___366_i_1/O
                         net (fo=19, unplaced)        0.406    20.138    i_ariane/i_cva6/issue_stage_i/i_issue_read_operands/fpu_result_ex_id[3]
                         LUT5 (Prop_lut5_I0_O)        0.105    20.243 f  i_ariane/i_cva6/issue_stage_i/i_issue_read_operands/i___328_i_2/O
                         net (fo=3, unplaced)         0.600    20.843    i_ariane/i_cva6/issue_stage_i/i_issue_read_operands/i___328_i_2_n_0
                         LUT6 (Prop_lut6_I1_O)        0.105    20.948 f  i_ariane/i_cva6/issue_stage_i/i_issue_read_operands/fu_data_q[0][operand_a][3]_i_12/O
                         net (fo=1, unplaced)         0.000    20.948    i_ariane/i_cva6/issue_stage_i/i_issue_read_operands/fu_data_q[0][operand_a][3]_i_12_n_0
                         MUXF7 (Prop_muxf7_I0_O)      0.201    21.149 f  i_ariane/i_cva6/issue_stage_i/i_issue_read_operands/fu_data_q_reg[0][operand_a][3]_i_5/O
                         net (fo=1, unplaced)         0.349    21.498    i_ariane/i_cva6/issue_stage_i/i_issue_read_operands/fu_data_q_reg[0][operand_a][3]_i_5_n_0
                         LUT6 (Prop_lut6_I5_O)        0.242    21.740 f  i_ariane/i_cva6/issue_stage_i/i_issue_read_operands/fu_data_q[0][operand_a][3]_i_2/O
                         net (fo=1, unplaced)         0.347    22.087    i_ariane/i_cva6/issue_stage_i/i_issue_read_operands/fu_data_q[0][operand_a][3]_i_2_n_0
                         LUT5 (Prop_lut5_I4_O)        0.105    22.192 r  i_ariane/i_cva6/issue_stage_i/i_issue_read_operands/fu_data_q[0][operand_a][3]_i_1/O
                         net (fo=17, unplaced)        0.403    22.595    i_ariane/gen_cvxif.gen_COPRO_KECC_AES_K.i_kecc_aes_k_xif_coprocessor/D[3]
                         LUT3 (Prop_lut3_I0_O)        0.105    22.700 r  i_ariane/gen_cvxif.gen_COPRO_KECC_AES_K.i_kecc_aes_k_xif_coprocessor/i___30_i_9/O
                         net (fo=6, unplaced)         0.379    23.079    i_ariane/i_cva6/id_stage_i/registers[0]_23[3]
                         LUT6 (Prop_lut6_I5_O)        0.105    23.184 r  i_ariane/i_cva6/id_stage_i/i___30_i_2/O
                         net (fo=11, unplaced)        0.628    23.812    i_ariane/i_cva6/id_stage_i/issue_q_reg[0][orig_instr][21]_7
                         LUT6 (Prop_lut6_I1_O)        0.105    23.917 r  i_ariane/i_cva6/id_stage_i/i___25_i_10/O
                         net (fo=3, unplaced)         0.796    24.713    i_ariane/i_cva6/id_stage_i/i___25_i_10_n_0
                         LUT6 (Prop_lut6_I3_O)        0.105    24.818 r  i_ariane/i_cva6/id_stage_i/i___25_i_2/O
                         net (fo=10, unplaced)        0.625    25.443    i_ariane/i_cva6/id_stage_i/i___235_i_3_0
                         LUT4 (Prop_lut4_I1_O)        0.105    25.548 r  i_ariane/i_cva6/id_stage_i/i___235_i_1/O
                         net (fo=6, unplaced)         0.614    26.162    i_ariane/i_cva6/id_stage_i/i___25_i_1_0
                         LUT4 (Prop_lut4_I0_O)        0.105    26.267 r  i_ariane/i_cva6/id_stage_i/i___75_i_6/O
                         net (fo=4, unplaced)         0.606    26.873    i_ariane/i_cva6/id_stage_i/i___12_i_4_0
                         LUT6 (Prop_lut6_I2_O)        0.105    26.978 r  i_ariane/i_cva6/id_stage_i/i___20_i_1/O
                         net (fo=8, unplaced)         0.385    27.363    i_ariane/i_cva6/id_stage_i/i___13_i_3_0
                         LUT5 (Prop_lut5_I1_O)        0.105    27.468 r  i_ariane/i_cva6/id_stage_i/result_o[34]_i_8/O
                         net (fo=4, unplaced)         0.371    27.839    i_ariane/i_cva6/id_stage_i/result_o[34]_i_8_n_0
                         LUT6 (Prop_lut6_I0_O)        0.105    27.944 r  i_ariane/i_cva6/id_stage_i/result_o[2]_i_4/O
                         net (fo=1, unplaced)         0.347    28.291    i_ariane/i_cva6/id_stage_i/result_o[2]_i_4_n_0
                         LUT6 (Prop_lut6_I3_O)        0.105    28.396 r  i_ariane/i_cva6/id_stage_i/result_o[2]_i_1/O
                         net (fo=1, unplaced)         0.000    28.396    i_ariane/gen_cvxif.gen_COPRO_KECC_AES_K.i_kecc_aes_k_xif_coprocessor/i_ex/result_o_reg[63]_1[2]
                         FDCE                                         r  i_ariane/gen_cvxif.gen_COPRO_KECC_AES_K.i_kecc_aes_k_xif_coprocessor/i_ex/result_o_reg[2]/D
  -------------------------------------------------------------------    -------------------

                         (clock clk_i rise edge)     10.000    10.000 r  
                                                      0.000    10.000 r  clk_i (IN)
                         net (fo=23772, unset)        0.748    10.748    i_ariane/gen_cvxif.gen_COPRO_KECC_AES_K.i_kecc_aes_k_xif_coprocessor/i_ex/clk_i
                         FDCE                                         r  i_ariane/gen_cvxif.gen_COPRO_KECC_AES_K.i_kecc_aes_k_xif_coprocessor/i_ex/result_o_reg[2]/C
                         clock pessimism              0.000    10.748    
                         clock uncertainty           -0.035    10.712    
                         FDCE (Setup_fdce_C_D)        0.043    10.755    i_ariane/gen_cvxif.gen_COPRO_KECC_AES_K.i_kecc_aes_k_xif_coprocessor/i_ex/result_o_reg[2]
  -------------------------------------------------------------------
                         required time                         10.755    
                         arrival time                         -28.396    
  -------------------------------------------------------------------
                         slack                                -17.641    

Slack (VIOLATED) :        -17.641ns  (required time - arrival time)
  Source:                 i_ariane/i_cva6/ex_stage_i/fpu_gen.fpu_i/fpu_gen.i_fpnew_bulk/gen_operation_groups[3].i_opgroup_block/gen_merged_slice.i_multifmt_slice/gen_num_lanes[0].active_lane.lane_instance.i_fpnew_cast_multi/gen_inside_pipeline[0].mid_pipe_dst_fmt_q_reg[1][1]/C
                            (rising edge-triggered cell FDCE clocked by clk_i  {rise@0.000ns fall@5.000ns period=10.000ns})
  Destination:            i_ariane/gen_cvxif.gen_COPRO_KECC_AES_K.i_kecc_aes_k_xif_coprocessor/i_ex/result_o_reg[2]/D
                            (rising edge-triggered cell FDCE clocked by clk_i  {rise@0.000ns fall@5.000ns period=10.000ns})
  Path Group:             clk_i
  Path Type:              Setup (Max at Slow Process Corner)
  Requirement:            10.000ns  (clk_i rise@10.000ns - clk_i rise@0.000ns)
  Data Path Delay:        27.609ns  (logic 8.852ns (32.062%)  route 18.757ns (67.938%))
  Logic Levels:           54  (CARRY4=17 LUT1=1 LUT2=1 LUT3=2 LUT4=4 LUT5=8 LUT6=20 MUXF7=1)
  Clock Path Skew:        -0.039ns (DCD - SCD + CPR)
    Destination Clock Delay (DCD):    0.748ns = ( 10.748 - 10.000 ) 
    Source Clock Delay      (SCD):    0.787ns
    Clock Pessimism Removal (CPR):    0.000ns
  Clock Uncertainty:      0.035ns  ((TSJ^2 + TIJ^2)^1/2 + DJ) / 2 + PE
    Total System Jitter     (TSJ):    0.071ns
    Total Input Jitter      (TIJ):    0.000ns
    Discrete Jitter          (DJ):    0.000ns
    Phase Error              (PE):    0.000ns

    Location             Delay type                Incr(ns)  Path(ns)    Netlist Resource(s)
  -------------------------------------------------------------------    -------------------
                         (clock clk_i rise edge)      0.000     0.000 r  
                                                      0.000     0.000 r  clk_i (IN)
                         net (fo=23772, unset)        0.787     0.787    i_ariane/i_cva6/ex_stage_i/fpu_gen.fpu_i/fpu_gen.i_fpnew_bulk/gen_operation_groups[3].i_opgroup_block/gen_merged_slice.i_multifmt_slice/gen_num_lanes[0].active_lane.lane_instance.i_fpnew_cast_multi/clk_i
                         FDCE                                         r  i_ariane/i_cva6/ex_stage_i/fpu_gen.fpu_i/fpu_gen.i_fpnew_bulk/gen_operation_groups[3].i_opgroup_block/gen_merged_slice.i_multifmt_slice/gen_num_lanes[0].active_lane.lane_instance.i_fpnew_cast_multi/gen_inside_pipeline[0].mid_pipe_dst_fmt_q_reg[1][1]/C
  -------------------------------------------------------------------    -------------------
                         FDCE (Prop_fdce_C_Q)         0.397     1.184 r  i_ariane/i_cva6/ex_stage_i/fpu_gen.fpu_i/fpu_gen.i_fpnew_bulk/gen_operation_groups[3].i_opgroup_block/gen_merged_slice.i_multifmt_slice/gen_num_lanes[0].active_lane.lane_instance.i_fpnew_cast_multi/gen_inside_pipeline[0].mid_pipe_dst_fmt_q_reg[1][1]/Q
                         net (fo=140, unplaced)       0.733     1.917    i_ariane/i_cva6/ex_stage_i/fpu_gen.fpu_i/fpu_gen.i_fpnew_bulk/gen_operation_groups[3].i_opgroup_block/gen_merged_slice.i_multifmt_slice/gen_num_lanes[0].active_lane.lane_instance.i_fpnew_cast_multi/gen_inside_pipeline[0].mid_pipe_dst_fmt_q_reg_n_0_[1][1]
                         LUT3 (Prop_lut3_I0_O)        0.232     2.149 r  i_ariane/i_cva6/ex_stage_i/fpu_gen.fpu_i/fpu_gen.i_fpnew_bulk/gen_operation_groups[3].i_opgroup_block/gen_merged_slice.i_multifmt_slice/gen_num_lanes[0].active_lane.lane_instance.i_fpnew_cast_multi/mem_q[7][sbe][result][54]_i_102/O
                         net (fo=2, unplaced)         0.269     2.418    i_ariane/i_cva6/ex_stage_i/fpu_gen.fpu_i/fpu_gen.i_fpnew_bulk/gen_operation_groups[3].i_opgroup_block/gen_merged_slice.i_multifmt_slice/gen_num_lanes[0].active_lane.lane_instance.i_fpnew_cast_multi/mem_q[7][sbe][result][54]_i_102_n_0
                         CARRY4 (Prop_carry4_CYINIT_CO[3])
                                                      0.494     2.912 r  i_ariane/i_cva6/ex_stage_i/fpu_gen.fpu_i/fpu_gen.i_fpnew_bulk/gen_operation_groups[3].i_opgroup_block/gen_merged_slice.i_multifmt_slice/gen_num_lanes[0].active_lane.lane_instance.i_fpnew_cast_multi/i___371_i_68/CO[3]
                         net (fo=1, unplaced)         0.000     2.912    i_ariane/i_cva6/ex_stage_i/fpu_gen.fpu_i/fpu_gen.i_fpnew_bulk/gen_operation_groups[3].i_opgroup_block/gen_merged_slice.i_multifmt_slice/gen_num_lanes[0].active_lane.lane_instance.i_fpnew_cast_multi/i___371_i_68_n_0
                         CARRY4 (Prop_carry4_CI_CO[3])
                                                      0.100     3.012 r  i_ariane/i_cva6/ex_stage_i/fpu_gen.fpu_i/fpu_gen.i_fpnew_bulk/gen_operation_groups[3].i_opgroup_block/gen_merged_slice.i_multifmt_slice/gen_num_lanes[0].active_lane.lane_instance.i_fpnew_cast_multi/i___371_i_53/CO[3]
                         net (fo=1, unplaced)         0.000     3.012    i_ariane/i_cva6/ex_stage_i/fpu_gen.fpu_i/fpu_gen.i_fpnew_bulk/gen_operation_groups[3].i_opgroup_block/gen_merged_slice.i_multifmt_slice/gen_num_lanes[0].active_lane.lane_instance.i_fpnew_cast_multi/i___371_i_53_n_0
                         CARRY4 (Prop_carry4_CI_CO[3])
                                                      0.100     3.112 r  i_ariane/i_cva6/ex_stage_i/fpu_gen.fpu_i/fpu_gen.i_fpnew_bulk/gen_operation_groups[3].i_opgroup_block/gen_merged_slice.i_multifmt_slice/gen_num_lanes[0].active_lane.lane_instance.i_fpnew_cast_multi/i___371_i_51/CO[3]
                         net (fo=1, unplaced)         0.000     3.112    i_ariane/i_cva6/ex_stage_i/fpu_gen.fpu_i/fpu_gen.i_fpnew_bulk/gen_operation_groups[3].i_opgroup_block/gen_merged_slice.i_multifmt_slice/gen_num_lanes[0].active_lane.lane_instance.i_fpnew_cast_multi/i___371_i_51_n_0
                         CARRY4 (Prop_carry4_CI_CO[3])
                                                      0.100     3.212 r  i_ariane/i_cva6/ex_stage_i/fpu_gen.fpu_i/fpu_gen.i_fpnew_bulk/gen_operation_groups[3].i_opgroup_block/gen_merged_slice.i_multifmt_slice/gen_num_lanes[0].active_lane.lane_instance.i_fpnew_cast_multi/i___371_i_81/CO[3]
                         net (fo=16, unplaced)        0.664     3.876    i_ariane/i_cva6/ex_stage_i/fpu_gen.fpu_i/fpu_gen.i_fpnew_bulk/gen_operation_groups[3].i_opgroup_block/gen_merged_slice.i_multifmt_slice/gen_num_lanes[0].active_lane.lane_instance.i_fpnew_cast_multi/i___371_i_81_n_0
                         LUT2 (Prop_lut2_I1_O)        0.105     3.981 r  i_ariane/i_cva6/ex_stage_i/fpu_gen.fpu_i/fpu_gen.i_fpnew_bulk/gen_operation_groups[3].i_opgroup_block/gen_merged_slice.i_multifmt_slice/gen_num_lanes[0].active_lane.lane_instance.i_fpnew_cast_multi/i___371_i_76/O
                         net (fo=1, unplaced)         0.000     3.981    i_ariane/i_cva6/ex_stage_i/fpu_gen.fpu_i/fpu_gen.i_fpnew_bulk/gen_operation_groups[3].i_opgroup_block/gen_merged_slice.i_multifmt_slice/gen_num_lanes[0].active_lane.lane_instance.i_fpnew_cast_multi/i___371_i_76_n_0
                         CARRY4 (Prop_carry4_DI[0]_CO[3])
                                                      0.477     4.458 r  i_ariane/i_cva6/ex_stage_i/fpu_gen.fpu_i/fpu_gen.i_fpnew_bulk/gen_operation_groups[3].i_opgroup_block/gen_merged_slice.i_multifmt_slice/gen_num_lanes[0].active_lane.lane_instance.i_fpnew_cast_multi/i___371_i_57/CO[3]
                         net (fo=1, unplaced)         0.000     4.458    i_ariane/i_cva6/ex_stage_i/fpu_gen.fpu_i/fpu_gen.i_fpnew_bulk/gen_operation_groups[3].i_opgroup_block/gen_merged_slice.i_multifmt_slice/gen_num_lanes[0].active_lane.lane_instance.i_fpnew_cast_multi/i___371_i_57_n_0
                         CARRY4 (Prop_carry4_CI_CO[3])
                                                      0.100     4.558 r  i_ariane/i_cva6/ex_stage_i/fpu_gen.fpu_i/fpu_gen.i_fpnew_bulk/gen_operation_groups[3].i_opgroup_block/gen_merged_slice.i_multifmt_slice/gen_num_lanes[0].active_lane.lane_instance.i_fpnew_cast_multi/i___371_i_49/CO[3]
                         net (fo=61, unplaced)        0.697     5.255    i_ariane/i_cva6/ex_stage_i/fpu_gen.fpu_i/fpu_gen.i_fpnew_bulk/gen_operation_groups[3].i_opgroup_block/gen_merged_slice.i_multifmt_slice/gen_num_lanes[0].active_lane.lane_instance.i_fpnew_cast_multi/preshift_mant1
                         LUT4 (Prop_lut4_I3_O)        0.105     5.360 r  i_ariane/i_cva6/ex_stage_i/fpu_gen.fpu_i/fpu_gen.i_fpnew_bulk/gen_operation_groups[3].i_opgroup_block/gen_merged_slice.i_multifmt_slice/gen_num_lanes[0].active_lane.lane_instance.i_fpnew_cast_multi/mem_q[7][sbe][ex][cause][0]_i_129/O
                         net (fo=4, unplaced)         0.371     5.731    i_ariane/i_cva6/ex_stage_i/fpu_gen.fpu_i/fpu_gen.i_fpnew_bulk/gen_operation_groups[3].i_opgroup_block/gen_merged_slice.i_multifmt_slice/gen_num_lanes[0].active_lane.lane_instance.i_fpnew_cast_multi/mem_q[7][sbe][ex][cause][0]_i_129_n_0
                         LUT6 (Prop_lut6_I4_O)        0.105     5.836 r  i_ariane/i_cva6/ex_stage_i/fpu_gen.fpu_i/fpu_gen.i_fpnew_bulk/gen_operation_groups[3].i_opgroup_block/gen_merged_slice.i_multifmt_slice/gen_num_lanes[0].active_lane.lane_instance.i_fpnew_cast_multi/mem_q[7][sbe][ex][cause][0]_i_287/O
                         net (fo=117, unplaced)       0.450     6.286    i_ariane/i_cva6/ex_stage_i/fpu_gen.fpu_i/fpu_gen.i_fpnew_bulk/gen_operation_groups[3].i_opgroup_block/gen_merged_slice.i_multifmt_slice/gen_num_lanes[0].active_lane.lane_instance.i_fpnew_cast_multi/mem_q[7][sbe][ex][cause][0]_i_287_n_0
                         LUT5 (Prop_lut5_I4_O)        0.105     6.391 f  i_ariane/i_cva6/ex_stage_i/fpu_gen.fpu_i/fpu_gen.i_fpnew_bulk/gen_operation_groups[3].i_opgroup_block/gen_merged_slice.i_multifmt_slice/gen_num_lanes[0].active_lane.lane_instance.i_fpnew_cast_multi/mem_q[7][sbe][ex][cause][0]_i_512/O
                         net (fo=35, unplaced)        0.420     6.811    i_ariane/i_cva6/ex_stage_i/fpu_gen.fpu_i/fpu_gen.i_fpnew_bulk/gen_operation_groups[3].i_opgroup_block/gen_merged_slice.i_multifmt_slice/gen_num_lanes[0].active_lane.lane_instance.i_fpnew_cast_multi/mem_q[7][sbe][ex][cause][0]_i_512_n_0
                         LUT6 (Prop_lut6_I2_O)        0.105     6.916 f  i_ariane/i_cva6/ex_stage_i/fpu_gen.fpu_i/fpu_gen.i_fpnew_bulk/gen_operation_groups[3].i_opgroup_block/gen_merged_slice.i_multifmt_slice/gen_num_lanes[0].active_lane.lane_instance.i_fpnew_cast_multi/mem_q[7][sbe][ex][cause][0]_i_481/O
                         net (fo=3, unplaced)         0.600     7.516    i_ariane/i_cva6/ex_stage_i/fpu_gen.fpu_i/fpu_gen.i_fpnew_bulk/gen_operation_groups[3].i_opgroup_block/gen_merged_slice.i_multifmt_slice/gen_num_lanes[0].active_lane.lane_instance.i_fpnew_cast_multi/mem_q[7][sbe][ex][cause][0]_i_481_n_0
                         LUT6 (Prop_lut6_I0_O)        0.105     7.621 f  i_ariane/i_cva6/ex_stage_i/fpu_gen.fpu_i/fpu_gen.i_fpnew_bulk/gen_operation_groups[3].i_opgroup_block/gen_merged_slice.i_multifmt_slice/gen_num_lanes[0].active_lane.lane_instance.i_fpnew_cast_multi/mem_q[7][sbe][ex][cause][0]_i_349/O
                         net (fo=4, unplaced)         0.606     8.227    i_ariane/i_cva6/ex_stage_i/fpu_gen.fpu_i/fpu_gen.i_fpnew_bulk/gen_operation_groups[3].i_opgroup_block/gen_merged_slice.i_multifmt_slice/gen_num_lanes[0].active_lane.lane_instance.i_fpnew_cast_multi/mem_q[7][sbe][ex][cause][0]_i_349_n_0
                         LUT6 (Prop_lut6_I1_O)        0.105     8.332 f  i_ariane/i_cva6/ex_stage_i/fpu_gen.fpu_i/fpu_gen.i_fpnew_bulk/gen_operation_groups[3].i_opgroup_block/gen_merged_slice.i_multifmt_slice/gen_num_lanes[0].active_lane.lane_instance.i_fpnew_cast_multi/mem_q[7][sbe][ex][cause][0]_i_212/O
                         net (fo=3, unplaced)         0.796     9.128    i_ariane/i_cva6/ex_stage_i/fpu_gen.fpu_i/fpu_gen.i_fpnew_bulk/gen_operation_groups[3].i_opgroup_block/gen_merged_slice.i_multifmt_slice/gen_num_lanes[0].active_lane.lane_instance.i_fpnew_cast_multi/mem_q[7][sbe][ex][cause][0]_i_212_n_0
                         LUT6 (Prop_lut6_I0_O)        0.105     9.233 f  i_ariane/i_cva6/ex_stage_i/fpu_gen.fpu_i/fpu_gen.i_fpnew_bulk/gen_operation_groups[3].i_opgroup_block/gen_merged_slice.i_multifmt_slice/gen_num_lanes[0].active_lane.lane_instance.i_fpnew_cast_multi/mem_q[7][sbe][ex][cause][0]_i_99/O
                         net (fo=1, unplaced)         0.778    10.011    i_ariane/i_cva6/ex_stage_i/fpu_gen.fpu_i/fpu_gen.i_fpnew_bulk/gen_operation_groups[3].i_opgroup_block/gen_merged_slice.i_multifmt_slice/gen_num_lanes[0].active_lane.lane_instance.i_fpnew_cast_multi/mem_q[7][sbe][ex][cause][0]_i_99_n_0
                         LUT5 (Prop_lut5_I0_O)        0.105    10.116 f  i_ariane/i_cva6/ex_stage_i/fpu_gen.fpu_i/fpu_gen.i_fpnew_bulk/gen_operation_groups[3].i_opgroup_block/gen_merged_slice.i_multifmt_slice/gen_num_lanes[0].active_lane.lane_instance.i_fpnew_cast_multi/mem_q[7][sbe][ex][cause][0]_i_27/O
                         net (fo=1, unplaced)         0.582    10.698    i_ariane/i_cva6/ex_stage_i/fpu_gen.fpu_i/fpu_gen.i_fpnew_bulk/gen_operation_groups[3].i_opgroup_block/gen_merged_slice.i_multifmt_slice/gen_num_lanes[0].active_lane.lane_instance.i_fpnew_cast_multi/mem_q[7][sbe][ex][cause][0]_i_27_n_0
                         LUT6 (Prop_lut6_I3_O)        0.105    10.803 f  i_ariane/i_cva6/ex_stage_i/fpu_gen.fpu_i/fpu_gen.i_fpnew_bulk/gen_operation_groups[3].i_opgroup_block/gen_merged_slice.i_multifmt_slice/gen_num_lanes[0].active_lane.lane_instance.i_fpnew_cast_multi/mem_q[7][sbe][ex][cause][0]_i_10/O
                         net (fo=4, unplaced)         0.371    11.174    i_ariane/i_cva6/ex_stage_i/fpu_gen.fpu_i/fpu_gen.i_fpnew_bulk/gen_operation_groups[3].i_opgroup_block/gen_merged_slice.i_multifmt_slice/gen_num_lanes[0].active_lane.lane_instance.i_fpnew_cast_multi/mem_q[7][sbe][ex][cause][0]_i_10_n_0
                         LUT6 (Prop_lut6_I4_O)        0.105    11.279 f  i_ariane/i_cva6/ex_stage_i/fpu_gen.fpu_i/fpu_gen.i_fpnew_bulk/gen_operation_groups[3].i_opgroup_block/gen_merged_slice.i_multifmt_slice/gen_num_lanes[0].active_lane.lane_instance.i_fpnew_cast_multi/i___366_i_119/O
                         net (fo=1, unplaced)         0.582    11.861    i_ariane/i_cva6/ex_stage_i/fpu_gen.fpu_i/fpu_gen.i_fpnew_bulk/gen_operation_groups[3].i_opgroup_block/gen_merged_slice.i_multifmt_slice/gen_num_lanes[0].active_lane.lane_instance.i_fpnew_cast_multi/i___366_i_119_n_0
                         LUT6 (Prop_lut6_I1_O)        0.105    11.966 f  i_ariane/i_cva6/ex_stage_i/fpu_gen.fpu_i/fpu_gen.i_fpnew_bulk/gen_operation_groups[3].i_opgroup_block/gen_merged_slice.i_multifmt_slice/gen_num_lanes[0].active_lane.lane_instance.i_fpnew_cast_multi/i___366_i_62/O
                         net (fo=1, unplaced)         0.000    11.966    i_ariane/i_cva6/ex_stage_i/fpu_gen.fpu_i/fpu_gen.i_fpnew_bulk/gen_operation_groups[3].i_opgroup_block/gen_merged_slice.i_multifmt_slice/gen_num_lanes[0].active_lane.lane_instance.i_fpnew_cast_multi/i___366_i_62_n_0
                         CARRY4 (Prop_carry4_S[0]_CO[3])
                                                      0.423    12.389 r  i_ariane/i_cva6/ex_stage_i/fpu_gen.fpu_i/fpu_gen.i_fpnew_bulk/gen_operation_groups[3].i_opgroup_block/gen_merged_slice.i_multifmt_slice/gen_num_lanes[0].active_lane.lane_instance.i_fpnew_cast_multi/i___366_i_32/CO[3]
                         net (fo=1, unplaced)         0.000    12.389    i_ariane/i_cva6/ex_stage_i/fpu_gen.fpu_i/fpu_gen.i_fpnew_bulk/gen_operation_groups[3].i_opgroup_block/gen_merged_slice.i_multifmt_slice/gen_num_lanes[0].active_lane.lane_instance.i_fpnew_cast_multi/i___366_i_32_n_0
                         CARRY4 (Prop_carry4_CI_CO[3])
                                                      0.100    12.489 r  i_ariane/i_cva6/ex_stage_i/fpu_gen.fpu_i/fpu_gen.i_fpnew_bulk/gen_operation_groups[3].i_opgroup_block/gen_merged_slice.i_multifmt_slice/gen_num_lanes[0].active_lane.lane_instance.i_fpnew_cast_multi/mem_q_reg[7][sbe][result][7]_i_34/CO[3]
                         net (fo=1, unplaced)         0.000    12.489    i_ariane/i_cva6/ex_stage_i/fpu_gen.fpu_i/fpu_gen.i_fpnew_bulk/gen_operation_groups[3].i_opgroup_block/gen_merged_slice.i_multifmt_slice/gen_num_lanes[0].active_lane.lane_instance.i_fpnew_cast_multi/mem_q_reg[7][sbe][result][7]_i_34_n_0
                         CARRY4 (Prop_carry4_CI_CO[3])
                                                      0.100    12.589 r  i_ariane/i_cva6/ex_stage_i/fpu_gen.fpu_i/fpu_gen.i_fpnew_bulk/gen_operation_groups[3].i_opgroup_block/gen_merged_slice.i_multifmt_slice/gen_num_lanes[0].active_lane.lane_instance.i_fpnew_cast_multi/mem_q_reg[7][sbe][result][11]_i_57/CO[3]
                         net (fo=1, unplaced)         0.000    12.589    i_ariane/i_cva6/ex_stage_i/fpu_gen.fpu_i/fpu_gen.i_fpnew_bulk/gen_operation_groups[3].i_opgroup_block/gen_merged_slice.i_multifmt_slice/gen_num_lanes[0].active_lane.lane_instance.i_fpnew_cast_multi/mem_q_reg[7][sbe][result][11]_i_57_n_0
                         CARRY4 (Prop_carry4_CI_CO[3])
                                                      0.100    12.689 r  i_ariane/i_cva6/ex_stage_i/fpu_gen.fpu_i/fpu_gen.i_fpnew_bulk/gen_operation_groups[3].i_opgroup_block/gen_merged_slice.i_multifmt_slice/gen_num_lanes[0].active_lane.lane_instance.i_fpnew_cast_multi/mem_q_reg[7][sbe][result][15]_i_52/CO[3]
                         net (fo=1, unplaced)         0.000    12.689    i_ariane/i_cva6/ex_stage_i/fpu_gen.fpu_i/fpu_gen.i_fpnew_bulk/gen_operation_groups[3].i_opgroup_block/gen_merged_slice.i_multifmt_slice/gen_num_lanes[0].active_lane.lane_instance.i_fpnew_cast_multi/mem_q_reg[7][sbe][result][15]_i_52_n_0
                         CARRY4 (Prop_carry4_CI_CO[3])
                                                      0.100    12.789 r  i_ariane/i_cva6/ex_stage_i/fpu_gen.fpu_i/fpu_gen.i_fpnew_bulk/gen_operation_groups[3].i_opgroup_block/gen_merged_slice.i_multifmt_slice/gen_num_lanes[0].active_lane.lane_instance.i_fpnew_cast_multi/mem_q_reg[7][sbe][result][23]_i_46/CO[3]
                         net (fo=1, unplaced)         0.000    12.789    i_ariane/i_cva6/ex_stage_i/fpu_gen.fpu_i/fpu_gen.i_fpnew_bulk/gen_operation_groups[3].i_opgroup_block/gen_merged_slice.i_multifmt_slice/gen_num_lanes[0].active_lane.lane_instance.i_fpnew_cast_multi/mem_q_reg[7][sbe][result][23]_i_46_n_0
                         CARRY4 (Prop_carry4_CI_CO[3])
                                                      0.100    12.889 r  i_ariane/i_cva6/ex_stage_i/fpu_gen.fpu_i/fpu_gen.i_fpnew_bulk/gen_operation_groups[3].i_opgroup_block/gen_merged_slice.i_multifmt_slice/gen_num_lanes[0].active_lane.lane_instance.i_fpnew_cast_multi/mem_q_reg[7][sbe][result][23]_i_29/CO[3]
                         net (fo=1, unplaced)         0.000    12.889    i_ariane/i_cva6/ex_stage_i/fpu_gen.fpu_i/fpu_gen.i_fpnew_bulk/gen_operation_groups[3].i_opgroup_block/gen_merged_slice.i_multifmt_slice/gen_num_lanes[0].active_lane.lane_instance.i_fpnew_cast_multi/mem_q_reg[7][sbe][result][23]_i_29_n_0
                         CARRY4 (Prop_carry4_CI_O[2])
                                                      0.214    13.103 f  i_ariane/i_cva6/ex_stage_i/fpu_gen.fpu_i/fpu_gen.i_fpnew_bulk/gen_operation_groups[3].i_opgroup_block/gen_merged_slice.i_multifmt_slice/gen_num_lanes[0].active_lane.lane_instance.i_fpnew_cast_multi/mem_q_reg[7][sbe][result][27]_i_35/O[2]
                         net (fo=6, unplaced)         0.381    13.484    i_ariane/i_cva6/ex_stage_i/fpu_gen.fpu_i/fpu_gen.i_fpnew_bulk/gen_operation_groups[3].i_opgroup_block/gen_merged_slice.i_multifmt_slice/gen_num_lanes[0].active_lane.lane_instance.i_fpnew_cast_multi/rounded_abs[26]
                         LUT1 (Prop_lut1_I0_O)        0.244    13.728 r  i_ariane/i_cva6/ex_stage_i/fpu_gen.fpu_i/fpu_gen.i_fpnew_bulk/gen_operation_groups[3].i_opgroup_block/gen_merged_slice.i_multifmt_slice/gen_num_lanes[0].active_lane.lane_instance.i_fpnew_cast_multi/mem_q[7][sbe][result][28]_i_58/O
                         net (fo=1, unplaced)         0.000    13.728    i_ariane/i_cva6/ex_stage_i/fpu_gen.fpu_i/fpu_gen.i_fpnew_bulk/gen_operation_groups[3].i_opgroup_block/gen_merged_slice.i_multifmt_slice/gen_num_lanes[0].active_lane.lane_instance.i_fpnew_cast_multi/mem_q[7][sbe][result][28]_i_58_n_0
                         CARRY4 (Prop_carry4_S[1]_CO[3])
                                                      0.444    14.172 r  i_ariane/i_cva6/ex_stage_i/fpu_gen.fpu_i/fpu_gen.i_fpnew_bulk/gen_operation_groups[3].i_opgroup_block/gen_merged_slice.i_multifmt_slice/gen_num_lanes[0].active_lane.lane_instance.i_fpnew_cast_multi/mem_q_reg[7][sbe][result][28]_i_31/CO[3]
                         net (fo=1, unplaced)         0.000    14.172    i_ariane/i_cva6/ex_stage_i/fpu_gen.fpu_i/fpu_gen.i_fpnew_bulk/gen_operation_groups[3].i_opgroup_block/gen_merged_slice.i_multifmt_slice/gen_num_lanes[0].active_lane.lane_instance.i_fpnew_cast_multi/mem_q_reg[7][sbe][result][28]_i_31_n_0
                         CARRY4 (Prop_carry4_CI_O[2])
                                                      0.214    14.386 f  i_ariane/i_cva6/ex_stage_i/fpu_gen.fpu_i/fpu_gen.i_fpnew_bulk/gen_operation_groups[3].i_opgroup_block/gen_merged_slice.i_multifmt_slice/gen_num_lanes[0].active_lane.lane_instance.i_fpnew_cast_multi/i___368_i_14/O[2]
                         net (fo=4, unplaced)         0.373    14.759    i_ariane/i_cva6/ex_stage_i/fpu_gen.fpu_i/fpu_gen.i_fpnew_bulk/gen_operation_groups[3].i_opgroup_block/gen_merged_slice.i_multifmt_slice/gen_num_lanes[0].active_lane.lane_instance.i_fpnew_cast_multi/rounded_uint_res0[31]
                         LUT5 (Prop_lut5_I1_O)        0.244    15.003 f  i_ariane/i_cva6/ex_stage_i/fpu_gen.fpu_i/fpu_gen.i_fpnew_bulk/gen_operation_groups[3].i_opgroup_block/gen_merged_slice.i_multifmt_slice/gen_num_lanes[0].active_lane.lane_instance.i_fpnew_cast_multi/i___368_i_11/O
                         net (fo=33, unplaced)        0.654    15.657    i_ariane/i_cva6/ex_stage_i/fpu_gen.fpu_i/fpu_gen.i_fpnew_bulk/gen_operation_groups[3].i_opgroup_block/gen_merged_slice.i_multifmt_slice/gen_num_lanes[0].active_lane.lane_instance.i_fpnew_cast_multi/i___368_i_11_n_0
                         LUT5 (Prop_lut5_I4_O)        0.105    15.762 r  i_ariane/i_cva6/ex_stage_i/fpu_gen.fpu_i/fpu_gen.i_fpnew_bulk/gen_operation_groups[3].i_opgroup_block/gen_merged_slice.i_multifmt_slice/gen_num_lanes[0].active_lane.lane_instance.i_fpnew_cast_multi/mem_q[7][sbe][result][51]_i_19/O
                         net (fo=2, unplaced)         0.593    16.355    i_ariane/i_cva6/ex_stage_i/fpu_gen.fpu_i/fpu_gen.i_fpnew_bulk/gen_operation_groups[3].i_opgroup_block/gen_merged_slice.i_multifmt_slice/gen_num_lanes[0].active_lane.lane_instance.i_fpnew_cast_multi/mem_q[7][sbe][result][51]_i_19_n_0
                         LUT6 (Prop_lut6_I0_O)        0.105    16.460 r  i_ariane/i_cva6/ex_stage_i/fpu_gen.fpu_i/fpu_gen.i_fpnew_bulk/gen_operation_groups[3].i_opgroup_block/gen_merged_slice.i_multifmt_slice/gen_num_lanes[0].active_lane.lane_instance.i_fpnew_cast_multi/i___366_i_125/O
                         net (fo=1, unplaced)         0.000    16.460    i_ariane/i_cva6/ex_stage_i/fpu_gen.fpu_i/fpu_gen.i_fpnew_bulk/gen_operation_groups[3].i_opgroup_block/gen_merged_slice.i_multifmt_slice/gen_num_lanes[0].active_lane.lane_instance.i_fpnew_cast_multi/i___366_i_125_n_0
                         CARRY4 (Prop_carry4_S[1]_CO[3])
                                                      0.444    16.904 f  i_ariane/i_cva6/ex_stage_i/fpu_gen.fpu_i/fpu_gen.i_fpnew_bulk/gen_operation_groups[3].i_opgroup_block/gen_merged_slice.i_multifmt_slice/gen_num_lanes[0].active_lane.lane_instance.i_fpnew_cast_multi/i___366_i_63/CO[3]
                         net (fo=1, unplaced)         0.000    16.904    i_ariane/i_cva6/ex_stage_i/fpu_gen.fpu_i/fpu_gen.i_fpnew_bulk/gen_operation_groups[3].i_opgroup_block/gen_merged_slice.i_multifmt_slice/gen_num_lanes[0].active_lane.lane_instance.i_fpnew_cast_multi/i___366_i_63_n_0
                         CARRY4 (Prop_carry4_CI_CO[1])
                                                      0.150    17.054 r  i_ariane/i_cva6/ex_stage_i/fpu_gen.fpu_i/fpu_gen.i_fpnew_bulk/gen_operation_groups[3].i_opgroup_block/gen_merged_slice.i_multifmt_slice/gen_num_lanes[0].active_lane.lane_instance.i_fpnew_cast_multi/i___366_i_34/CO[1]
                         net (fo=1, unplaced)         0.240    17.294    i_ariane/i_cva6/ex_stage_i/fpu_gen.fpu_i/fpu_gen.i_fpnew_bulk/gen_operation_groups[3].i_opgroup_block/gen_merged_slice.i_multifmt_slice/gen_num_lanes[0].active_lane.lane_instance.i_fpnew_cast_multi/int_result_is_special1
                         LUT6 (Prop_lut6_I4_O)        0.277    17.571 f  i_ariane/i_cva6/ex_stage_i/fpu_gen.fpu_i/fpu_gen.i_fpnew_bulk/gen_operation_groups[3].i_opgroup_block/gen_merged_slice.i_multifmt_slice/gen_num_lanes[0].active_lane.lane_instance.i_fpnew_cast_multi/i___366_i_19/O
                         net (fo=45, unplaced)        0.427    17.998    i_ariane/i_cva6/ex_stage_i/fpu_gen.fpu_i/fpu_gen.i_fpnew_bulk/gen_operation_groups[3].i_opgroup_block/gen_merged_slice.i_multifmt_slice/gen_num_lanes[0].active_lane.lane_instance.i_fpnew_cast_multi/i___366_i_19_n_0
                         LUT4 (Prop_lut4_I3_O)        0.105    18.103 r  i_ariane/i_cva6/ex_stage_i/fpu_gen.fpu_i/fpu_gen.i_fpnew_bulk/gen_operation_groups[3].i_opgroup_block/gen_merged_slice.i_multifmt_slice/gen_num_lanes[0].active_lane.lane_instance.i_fpnew_cast_multi/i___366_i_21/O
                         net (fo=8, unplaced)         0.385    18.488    i_ariane/i_cva6/ex_stage_i/fpu_gen.fpu_i/fpu_gen.i_fpnew_bulk/gen_operation_groups[3].i_opgroup_block/gen_merged_slice.i_multifmt_slice/gen_num_lanes[0].active_lane.lane_instance.i_fpnew_cast_multi/i___366_i_21_n_0
                         LUT6 (Prop_lut6_I4_O)        0.105    18.593 r  i_ariane/i_cva6/ex_stage_i/fpu_gen.fpu_i/fpu_gen.i_fpnew_bulk/gen_operation_groups[3].i_opgroup_block/gen_merged_slice.i_multifmt_slice/gen_num_lanes[0].active_lane.lane_instance.i_fpnew_cast_multi/i___366_i_13/O
                         net (fo=1, unplaced)         0.582    19.175    i_ariane/i_cva6/ex_stage_i/fpu_gen.fpu_i/fpu_gen.i_fpnew_bulk/gen_operation_groups[3].i_opgroup_block/gen_merged_slice.i_multifmt_slice/gen_num_lanes[0].active_lane.lane_instance.i_fpnew_cast_multi/i___366_i_13_n_0
                         LUT6 (Prop_lut6_I0_O)        0.105    19.280 r  i_ariane/i_cva6/ex_stage_i/fpu_gen.fpu_i/fpu_gen.i_fpnew_bulk/gen_operation_groups[3].i_opgroup_block/gen_merged_slice.i_multifmt_slice/gen_num_lanes[0].active_lane.lane_instance.i_fpnew_cast_multi/i___366_i_5/O
                         net (fo=1, unplaced)         0.347    19.627    i_ariane/i_cva6/ex_stage_i/fpu_gen.fpu_i/fpu_gen.i_fpnew_bulk/gen_operation_groups[0].i_opgroup_block/gen_parallel_slices[0].active_format.i_fmt_slice/gen_num_lanes[0].active_lane.lane_instance.i_fma/gen_arbiter.data_nodes[2][result][3]
                         LUT5 (Prop_lut5_I0_O)        0.105    19.732 r  i_ariane/i_cva6/ex_stage_i/fpu_gen.fpu_i/fpu_gen.i_fpnew_bulk/gen_operation_groups[0].i_opgroup_block/gen_parallel_slices[0].active_format.i_fmt_slice/gen_num_lanes[0].active_lane.lane_instance.i_fma/i___366_i_1/O
                         net (fo=19, unplaced)        0.406    20.138    i_ariane/i_cva6/issue_stage_i/i_issue_read_operands/fpu_result_ex_id[3]
                         LUT5 (Prop_lut5_I0_O)        0.105    20.243 f  i_ariane/i_cva6/issue_stage_i/i_issue_read_operands/i___328_i_2/O
                         net (fo=3, unplaced)         0.600    20.843    i_ariane/i_cva6/issue_stage_i/i_issue_read_operands/i___328_i_2_n_0
                         LUT6 (Prop_lut6_I1_O)        0.105    20.948 f  i_ariane/i_cva6/issue_stage_i/i_issue_read_operands/fu_data_q[0][operand_a][3]_i_12/O
                         net (fo=1, unplaced)         0.000    20.948    i_ariane/i_cva6/issue_stage_i/i_issue_read_operands/fu_data_q[0][operand_a][3]_i_12_n_0
                         MUXF7 (Prop_muxf7_I0_O)      0.201    21.149 f  i_ariane/i_cva6/issue_stage_i/i_issue_read_operands/fu_data_q_reg[0][operand_a][3]_i_5/O
                         net (fo=1, unplaced)         0.349    21.498    i_ariane/i_cva6/issue_stage_i/i_issue_read_operands/fu_data_q_reg[0][operand_a][3]_i_5_n_0
                         LUT6 (Prop_lut6_I5_O)        0.242    21.740 f  i_ariane/i_cva6/issue_stage_i/i_issue_read_operands/fu_data_q[0][operand_a][3]_i_2/O
                         net (fo=1, unplaced)         0.347    22.087    i_ariane/i_cva6/issue_stage_i/i_issue_read_operands/fu_data_q[0][operand_a][3]_i_2_n_0
                         LUT5 (Prop_lut5_I4_O)        0.105    22.192 r  i_ariane/i_cva6/issue_stage_i/i_issue_read_operands/fu_data_q[0][operand_a][3]_i_1/O
                         net (fo=17, unplaced)        0.403    22.595    i_ariane/gen_cvxif.gen_COPRO_KECC_AES_K.i_kecc_aes_k_xif_coprocessor/D[3]
                         LUT3 (Prop_lut3_I0_O)        0.105    22.700 r  i_ariane/gen_cvxif.gen_COPRO_KECC_AES_K.i_kecc_aes_k_xif_coprocessor/i___30_i_9/O
                         net (fo=6, unplaced)         0.379    23.079    i_ariane/i_cva6/id_stage_i/registers[0]_23[3]
                         LUT6 (Prop_lut6_I5_O)        0.105    23.184 r  i_ariane/i_cva6/id_stage_i/i___30_i_2/O
                         net (fo=11, unplaced)        0.628    23.812    i_ariane/i_cva6/id_stage_i/issue_q_reg[0][orig_instr][21]_7
                         LUT6 (Prop_lut6_I1_O)        0.105    23.917 r  i_ariane/i_cva6/id_stage_i/i___25_i_10/O
                         net (fo=3, unplaced)         0.796    24.713    i_ariane/i_cva6/id_stage_i/i___25_i_10_n_0
                         LUT6 (Prop_lut6_I3_O)        0.105    24.818 r  i_ariane/i_cva6/id_stage_i/i___25_i_2/O
                         net (fo=10, unplaced)        0.625    25.443    i_ariane/i_cva6/id_stage_i/i___235_i_3_0
                         LUT4 (Prop_lut4_I1_O)        0.105    25.548 r  i_ariane/i_cva6/id_stage_i/i___235_i_1/O
                         net (fo=6, unplaced)         0.614    26.162    i_ariane/i_cva6/id_stage_i/i___25_i_1_0
                         LUT4 (Prop_lut4_I0_O)        0.105    26.267 r  i_ariane/i_cva6/id_stage_i/i___75_i_6/O
                         net (fo=4, unplaced)         0.606    26.873    i_ariane/i_cva6/id_stage_i/i___12_i_4_0
                         LUT6 (Prop_lut6_I2_O)        0.105    26.978 r  i_ariane/i_cva6/id_stage_i/i___20_i_1/O
                         net (fo=8, unplaced)         0.385    27.363    i_ariane/i_cva6/id_stage_i/i___13_i_3_0
                         LUT5 (Prop_lut5_I1_O)        0.105    27.468 r  i_ariane/i_cva6/id_stage_i/result_o[34]_i_8/O
                         net (fo=4, unplaced)         0.371    27.839    i_ariane/i_cva6/id_stage_i/result_o[34]_i_8_n_0
                         LUT6 (Prop_lut6_I0_O)        0.105    27.944 r  i_ariane/i_cva6/id_stage_i/result_o[2]_i_4/O
                         net (fo=1, unplaced)         0.347    28.291    i_ariane/i_cva6/id_stage_i/result_o[2]_i_4_n_0
                         LUT6 (Prop_lut6_I3_O)        0.105    28.396 r  i_ariane/i_cva6/id_stage_i/result_o[2]_i_1/O
                         net (fo=1, unplaced)         0.000    28.396    i_ariane/gen_cvxif.gen_COPRO_KECC_AES_K.i_kecc_aes_k_xif_coprocessor/i_ex/result_o_reg[63]_1[2]
                         FDCE                                         r  i_ariane/gen_cvxif.gen_COPRO_KECC_AES_K.i_kecc_aes_k_xif_coprocessor/i_ex/result_o_reg[2]/D
  -------------------------------------------------------------------    -------------------

                         (clock clk_i rise edge)     10.000    10.000 r  
                                                      0.000    10.000 r  clk_i (IN)
                         net (fo=23772, unset)        0.748    10.748    i_ariane/gen_cvxif.gen_COPRO_KECC_AES_K.i_kecc_aes_k_xif_coprocessor/i_ex/clk_i
                         FDCE                                         r  i_ariane/gen_cvxif.gen_COPRO_KECC_AES_K.i_kecc_aes_k_xif_coprocessor/i_ex/result_o_reg[2]/C
                         clock pessimism              0.000    10.748    
                         clock uncertainty           -0.035    10.712    
                         FDCE (Setup_fdce_C_D)        0.043    10.755    i_ariane/gen_cvxif.gen_COPRO_KECC_AES_K.i_kecc_aes_k_xif_coprocessor/i_ex/result_o_reg[2]
  -------------------------------------------------------------------
                         required time                         10.755    
                         arrival time                         -28.396    
  -------------------------------------------------------------------
                         slack                                -17.641    

Slack (VIOLATED) :        -17.641ns  (required time - arrival time)
  Source:                 i_ariane/i_cva6/ex_stage_i/fpu_gen.fpu_i/fpu_gen.i_fpnew_bulk/gen_operation_groups[3].i_opgroup_block/gen_merged_slice.i_multifmt_slice/gen_num_lanes[0].active_lane.lane_instance.i_fpnew_cast_multi/gen_inside_pipeline[0].mid_pipe_dst_fmt_q_reg[1][1]/C
                            (rising edge-triggered cell FDCE clocked by clk_i  {rise@0.000ns fall@5.000ns period=10.000ns})
  Destination:            i_ariane/gen_cvxif.gen_COPRO_KECC_AES_K.i_kecc_aes_k_xif_coprocessor/i_ex/result_o_reg[2]/D
                            (rising edge-triggered cell FDCE clocked by clk_i  {rise@0.000ns fall@5.000ns period=10.000ns})
  Path Group:             clk_i
  Path Type:              Setup (Max at Slow Process Corner)
  Requirement:            10.000ns  (clk_i rise@10.000ns - clk_i rise@0.000ns)
  Data Path Delay:        27.609ns  (logic 8.852ns (32.062%)  route 18.757ns (67.938%))
  Logic Levels:           54  (CARRY4=17 LUT1=1 LUT2=1 LUT3=2 LUT4=4 LUT5=8 LUT6=20 MUXF7=1)
  Clock Path Skew:        -0.039ns (DCD - SCD + CPR)
    Destination Clock Delay (DCD):    0.748ns = ( 10.748 - 10.000 ) 
    Source Clock Delay      (SCD):    0.787ns
    Clock Pessimism Removal (CPR):    0.000ns
  Clock Uncertainty:      0.035ns  ((TSJ^2 + TIJ^2)^1/2 + DJ) / 2 + PE
    Total System Jitter     (TSJ):    0.071ns
    Total Input Jitter      (TIJ):    0.000ns
    Discrete Jitter          (DJ):    0.000ns
    Phase Error              (PE):    0.000ns

    Location             Delay type                Incr(ns)  Path(ns)    Netlist Resource(s)
  -------------------------------------------------------------------    -------------------
                         (clock clk_i rise edge)      0.000     0.000 r  
                                                      0.000     0.000 r  clk_i (IN)
                         net (fo=23772, unset)        0.787     0.787    i_ariane/i_cva6/ex_stage_i/fpu_gen.fpu_i/fpu_gen.i_fpnew_bulk/gen_operation_groups[3].i_opgroup_block/gen_merged_slice.i_multifmt_slice/gen_num_lanes[0].active_lane.lane_instance.i_fpnew_cast_multi/clk_i
                         FDCE                                         r  i_ariane/i_cva6/ex_stage_i/fpu_gen.fpu_i/fpu_gen.i_fpnew_bulk/gen_operation_groups[3].i_opgroup_block/gen_merged_slice.i_multifmt_slice/gen_num_lanes[0].active_lane.lane_instance.i_fpnew_cast_multi/gen_inside_pipeline[0].mid_pipe_dst_fmt_q_reg[1][1]/C
  -------------------------------------------------------------------    -------------------
                         FDCE (Prop_fdce_C_Q)         0.397     1.184 r  i_ariane/i_cva6/ex_stage_i/fpu_gen.fpu_i/fpu_gen.i_fpnew_bulk/gen_operation_groups[3].i_opgroup_block/gen_merged_slice.i_multifmt_slice/gen_num_lanes[0].active_lane.lane_instance.i_fpnew_cast_multi/gen_inside_pipeline[0].mid_pipe_dst_fmt_q_reg[1][1]/Q
                         net (fo=140, unplaced)       0.733     1.917    i_ariane/i_cva6/ex_stage_i/fpu_gen.fpu_i/fpu_gen.i_fpnew_bulk/gen_operation_groups[3].i_opgroup_block/gen_merged_slice.i_multifmt_slice/gen_num_lanes[0].active_lane.lane_instance.i_fpnew_cast_multi/gen_inside_pipeline[0].mid_pipe_dst_fmt_q_reg_n_0_[1][1]
                         LUT3 (Prop_lut3_I0_O)        0.232     2.149 r  i_ariane/i_cva6/ex_stage_i/fpu_gen.fpu_i/fpu_gen.i_fpnew_bulk/gen_operation_groups[3].i_opgroup_block/gen_merged_slice.i_multifmt_slice/gen_num_lanes[0].active_lane.lane_instance.i_fpnew_cast_multi/mem_q[7][sbe][result][54]_i_102/O
                         net (fo=2, unplaced)         0.269     2.418    i_ariane/i_cva6/ex_stage_i/fpu_gen.fpu_i/fpu_gen.i_fpnew_bulk/gen_operation_groups[3].i_opgroup_block/gen_merged_slice.i_multifmt_slice/gen_num_lanes[0].active_lane.lane_instance.i_fpnew_cast_multi/mem_q[7][sbe][result][54]_i_102_n_0
                         CARRY4 (Prop_carry4_CYINIT_CO[3])
                                                      0.494     2.912 r  i_ariane/i_cva6/ex_stage_i/fpu_gen.fpu_i/fpu_gen.i_fpnew_bulk/gen_operation_groups[3].i_opgroup_block/gen_merged_slice.i_multifmt_slice/gen_num_lanes[0].active_lane.lane_instance.i_fpnew_cast_multi/i___371_i_68/CO[3]
                         net (fo=1, unplaced)         0.000     2.912    i_ariane/i_cva6/ex_stage_i/fpu_gen.fpu_i/fpu_gen.i_fpnew_bulk/gen_operation_groups[3].i_opgroup_block/gen_merged_slice.i_multifmt_slice/gen_num_lanes[0].active_lane.lane_instance.i_fpnew_cast_multi/i___371_i_68_n_0
                         CARRY4 (Prop_carry4_CI_CO[3])
                                                      0.100     3.012 r  i_ariane/i_cva6/ex_stage_i/fpu_gen.fpu_i/fpu_gen.i_fpnew_bulk/gen_operation_groups[3].i_opgroup_block/gen_merged_slice.i_multifmt_slice/gen_num_lanes[0].active_lane.lane_instance.i_fpnew_cast_multi/i___371_i_53/CO[3]
                         net (fo=1, unplaced)         0.000     3.012    i_ariane/i_cva6/ex_stage_i/fpu_gen.fpu_i/fpu_gen.i_fpnew_bulk/gen_operation_groups[3].i_opgroup_block/gen_merged_slice.i_multifmt_slice/gen_num_lanes[0].active_lane.lane_instance.i_fpnew_cast_multi/i___371_i_53_n_0
                         CARRY4 (Prop_carry4_CI_CO[3])
                                                      0.100     3.112 r  i_ariane/i_cva6/ex_stage_i/fpu_gen.fpu_i/fpu_gen.i_fpnew_bulk/gen_operation_groups[3].i_opgroup_block/gen_merged_slice.i_multifmt_slice/gen_num_lanes[0].active_lane.lane_instance.i_fpnew_cast_multi/i___371_i_51/CO[3]
                         net (fo=1, unplaced)         0.000     3.112    i_ariane/i_cva6/ex_stage_i/fpu_gen.fpu_i/fpu_gen.i_fpnew_bulk/gen_operation_groups[3].i_opgroup_block/gen_merged_slice.i_multifmt_slice/gen_num_lanes[0].active_lane.lane_instance.i_fpnew_cast_multi/i___371_i_51_n_0
                         CARRY4 (Prop_carry4_CI_CO[3])
                                                      0.100     3.212 r  i_ariane/i_cva6/ex_stage_i/fpu_gen.fpu_i/fpu_gen.i_fpnew_bulk/gen_operation_groups[3].i_opgroup_block/gen_merged_slice.i_multifmt_slice/gen_num_lanes[0].active_lane.lane_instance.i_fpnew_cast_multi/i___371_i_81/CO[3]
                         net (fo=16, unplaced)        0.664     3.876    i_ariane/i_cva6/ex_stage_i/fpu_gen.fpu_i/fpu_gen.i_fpnew_bulk/gen_operation_groups[3].i_opgroup_block/gen_merged_slice.i_multifmt_slice/gen_num_lanes[0].active_lane.lane_instance.i_fpnew_cast_multi/i___371_i_81_n_0
                         LUT2 (Prop_lut2_I1_O)        0.105     3.981 r  i_ariane/i_cva6/ex_stage_i/fpu_gen.fpu_i/fpu_gen.i_fpnew_bulk/gen_operation_groups[3].i_opgroup_block/gen_merged_slice.i_multifmt_slice/gen_num_lanes[0].active_lane.lane_instance.i_fpnew_cast_multi/i___371_i_76/O
                         net (fo=1, unplaced)         0.000     3.981    i_ariane/i_cva6/ex_stage_i/fpu_gen.fpu_i/fpu_gen.i_fpnew_bulk/gen_operation_groups[3].i_opgroup_block/gen_merged_slice.i_multifmt_slice/gen_num_lanes[0].active_lane.lane_instance.i_fpnew_cast_multi/i___371_i_76_n_0
                         CARRY4 (Prop_carry4_DI[0]_CO[3])
                                                      0.477     4.458 r  i_ariane/i_cva6/ex_stage_i/fpu_gen.fpu_i/fpu_gen.i_fpnew_bulk/gen_operation_groups[3].i_opgroup_block/gen_merged_slice.i_multifmt_slice/gen_num_lanes[0].active_lane.lane_instance.i_fpnew_cast_multi/i___371_i_57/CO[3]
                         net (fo=1, unplaced)         0.000     4.458    i_ariane/i_cva6/ex_stage_i/fpu_gen.fpu_i/fpu_gen.i_fpnew_bulk/gen_operation_groups[3].i_opgroup_block/gen_merged_slice.i_multifmt_slice/gen_num_lanes[0].active_lane.lane_instance.i_fpnew_cast_multi/i___371_i_57_n_0
                         CARRY4 (Prop_carry4_CI_CO[3])
                                                      0.100     4.558 f  i_ariane/i_cva6/ex_stage_i/fpu_gen.fpu_i/fpu_gen.i_fpnew_bulk/gen_operation_groups[3].i_opgroup_block/gen_merged_slice.i_multifmt_slice/gen_num_lanes[0].active_lane.lane_instance.i_fpnew_cast_multi/i___371_i_49/CO[3]
                         net (fo=61, unplaced)        0.697     5.255    i_ariane/i_cva6/ex_stage_i/fpu_gen.fpu_i/fpu_gen.i_fpnew_bulk/gen_operation_groups[3].i_opgroup_block/gen_merged_slice.i_multifmt_slice/gen_num_lanes[0].active_lane.lane_instance.i_fpnew_cast_multi/preshift_mant1
                         LUT4 (Prop_lut4_I3_O)        0.105     5.360 f  i_ariane/i_cva6/ex_stage_i/fpu_gen.fpu_i/fpu_gen.i_fpnew_bulk/gen_operation_groups[3].i_opgroup_block/gen_merged_slice.i_multifmt_slice/gen_num_lanes[0].active_lane.lane_instance.i_fpnew_cast_multi/mem_q[7][sbe][ex][cause][0]_i_129/O
                         net (fo=4, unplaced)         0.371     5.731    i_ariane/i_cva6/ex_stage_i/fpu_gen.fpu_i/fpu_gen.i_fpnew_bulk/gen_operation_groups[3].i_opgroup_block/gen_merged_slice.i_multifmt_slice/gen_num_lanes[0].active_lane.lane_instance.i_fpnew_cast_multi/mem_q[7][sbe][ex][cause][0]_i_129_n_0
                         LUT6 (Prop_lut6_I4_O)        0.105     5.836 f  i_ariane/i_cva6/ex_stage_i/fpu_gen.fpu_i/fpu_gen.i_fpnew_bulk/gen_operation_groups[3].i_opgroup_block/gen_merged_slice.i_multifmt_slice/gen_num_lanes[0].active_lane.lane_instance.i_fpnew_cast_multi/mem_q[7][sbe][ex][cause][0]_i_287/O
                         net (fo=117, unplaced)       0.450     6.286    i_ariane/i_cva6/ex_stage_i/fpu_gen.fpu_i/fpu_gen.i_fpnew_bulk/gen_operation_groups[3].i_opgroup_block/gen_merged_slice.i_multifmt_slice/gen_num_lanes[0].active_lane.lane_instance.i_fpnew_cast_multi/mem_q[7][sbe][ex][cause][0]_i_287_n_0
                         LUT5 (Prop_lut5_I4_O)        0.105     6.391 r  i_ariane/i_cva6/ex_stage_i/fpu_gen.fpu_i/fpu_gen.i_fpnew_bulk/gen_operation_groups[3].i_opgroup_block/gen_merged_slice.i_multifmt_slice/gen_num_lanes[0].active_lane.lane_instance.i_fpnew_cast_multi/mem_q[7][sbe][ex][cause][0]_i_512/O
                         net (fo=35, unplaced)        0.420     6.811    i_ariane/i_cva6/ex_stage_i/fpu_gen.fpu_i/fpu_gen.i_fpnew_bulk/gen_operation_groups[3].i_opgroup_block/gen_merged_slice.i_multifmt_slice/gen_num_lanes[0].active_lane.lane_instance.i_fpnew_cast_multi/mem_q[7][sbe][ex][cause][0]_i_512_n_0
                         LUT6 (Prop_lut6_I2_O)        0.105     6.916 r  i_ariane/i_cva6/ex_stage_i/fpu_gen.fpu_i/fpu_gen.i_fpnew_bulk/gen_operation_groups[3].i_opgroup_block/gen_merged_slice.i_multifmt_slice/gen_num_lanes[0].active_lane.lane_instance.i_fpnew_cast_multi/mem_q[7][sbe][ex][cause][0]_i_481/O
                         net (fo=3, unplaced)         0.600     7.516    i_ariane/i_cva6/ex_stage_i/fpu_gen.fpu_i/fpu_gen.i_fpnew_bulk/gen_operation_groups[3].i_opgroup_block/gen_merged_slice.i_multifmt_slice/gen_num_lanes[0].active_lane.lane_instance.i_fpnew_cast_multi/mem_q[7][sbe][ex][cause][0]_i_481_n_0
                         LUT6 (Prop_lut6_I0_O)        0.105     7.621 r  i_ariane/i_cva6/ex_stage_i/fpu_gen.fpu_i/fpu_gen.i_fpnew_bulk/gen_operation_groups[3].i_opgroup_block/gen_merged_slice.i_multifmt_slice/gen_num_lanes[0].active_lane.lane_instance.i_fpnew_cast_multi/mem_q[7][sbe][ex][cause][0]_i_349/O
                         net (fo=4, unplaced)         0.606     8.227    i_ariane/i_cva6/ex_stage_i/fpu_gen.fpu_i/fpu_gen.i_fpnew_bulk/gen_operation_groups[3].i_opgroup_block/gen_merged_slice.i_multifmt_slice/gen_num_lanes[0].active_lane.lane_instance.i_fpnew_cast_multi/mem_q[7][sbe][ex][cause][0]_i_349_n_0
                         LUT6 (Prop_lut6_I1_O)        0.105     8.332 r  i_ariane/i_cva6/ex_stage_i/fpu_gen.fpu_i/fpu_gen.i_fpnew_bulk/gen_operation_groups[3].i_opgroup_block/gen_merged_slice.i_multifmt_slice/gen_num_lanes[0].active_lane.lane_instance.i_fpnew_cast_multi/mem_q[7][sbe][ex][cause][0]_i_212/O
                         net (fo=3, unplaced)         0.796     9.128    i_ariane/i_cva6/ex_stage_i/fpu_gen.fpu_i/fpu_gen.i_fpnew_bulk/gen_operation_groups[3].i_opgroup_block/gen_merged_slice.i_multifmt_slice/gen_num_lanes[0].active_lane.lane_instance.i_fpnew_cast_multi/mem_q[7][sbe][ex][cause][0]_i_212_n_0
                         LUT6 (Prop_lut6_I0_O)        0.105     9.233 r  i_ariane/i_cva6/ex_stage_i/fpu_gen.fpu_i/fpu_gen.i_fpnew_bulk/gen_operation_groups[3].i_opgroup_block/gen_merged_slice.i_multifmt_slice/gen_num_lanes[0].active_lane.lane_instance.i_fpnew_cast_multi/mem_q[7][sbe][ex][cause][0]_i_99/O
                         net (fo=1, unplaced)         0.778    10.011    i_ariane/i_cva6/ex_stage_i/fpu_gen.fpu_i/fpu_gen.i_fpnew_bulk/gen_operation_groups[3].i_opgroup_block/gen_merged_slice.i_multifmt_slice/gen_num_lanes[0].active_lane.lane_instance.i_fpnew_cast_multi/mem_q[7][sbe][ex][cause][0]_i_99_n_0
                         LUT5 (Prop_lut5_I0_O)        0.105    10.116 r  i_ariane/i_cva6/ex_stage_i/fpu_gen.fpu_i/fpu_gen.i_fpnew_bulk/gen_operation_groups[3].i_opgroup_block/gen_merged_slice.i_multifmt_slice/gen_num_lanes[0].active_lane.lane_instance.i_fpnew_cast_multi/mem_q[7][sbe][ex][cause][0]_i_27/O
                         net (fo=1, unplaced)         0.582    10.698    i_ariane/i_cva6/ex_stage_i/fpu_gen.fpu_i/fpu_gen.i_fpnew_bulk/gen_operation_groups[3].i_opgroup_block/gen_merged_slice.i_multifmt_slice/gen_num_lanes[0].active_lane.lane_instance.i_fpnew_cast_multi/mem_q[7][sbe][ex][cause][0]_i_27_n_0
                         LUT6 (Prop_lut6_I3_O)        0.105    10.803 r  i_ariane/i_cva6/ex_stage_i/fpu_gen.fpu_i/fpu_gen.i_fpnew_bulk/gen_operation_groups[3].i_opgroup_block/gen_merged_slice.i_multifmt_slice/gen_num_lanes[0].active_lane.lane_instance.i_fpnew_cast_multi/mem_q[7][sbe][ex][cause][0]_i_10/O
                         net (fo=4, unplaced)         0.371    11.174    i_ariane/i_cva6/ex_stage_i/fpu_gen.fpu_i/fpu_gen.i_fpnew_bulk/gen_operation_groups[3].i_opgroup_block/gen_merged_slice.i_multifmt_slice/gen_num_lanes[0].active_lane.lane_instance.i_fpnew_cast_multi/mem_q[7][sbe][ex][cause][0]_i_10_n_0
                         LUT6 (Prop_lut6_I4_O)        0.105    11.279 r  i_ariane/i_cva6/ex_stage_i/fpu_gen.fpu_i/fpu_gen.i_fpnew_bulk/gen_operation_groups[3].i_opgroup_block/gen_merged_slice.i_multifmt_slice/gen_num_lanes[0].active_lane.lane_instance.i_fpnew_cast_multi/i___366_i_119/O
                         net (fo=1, unplaced)         0.582    11.861    i_ariane/i_cva6/ex_stage_i/fpu_gen.fpu_i/fpu_gen.i_fpnew_bulk/gen_operation_groups[3].i_opgroup_block/gen_merged_slice.i_multifmt_slice/gen_num_lanes[0].active_lane.lane_instance.i_fpnew_cast_multi/i___366_i_119_n_0
                         LUT6 (Prop_lut6_I1_O)        0.105    11.966 r  i_ariane/i_cva6/ex_stage_i/fpu_gen.fpu_i/fpu_gen.i_fpnew_bulk/gen_operation_groups[3].i_opgroup_block/gen_merged_slice.i_multifmt_slice/gen_num_lanes[0].active_lane.lane_instance.i_fpnew_cast_multi/i___366_i_62/O
                         net (fo=1, unplaced)         0.000    11.966    i_ariane/i_cva6/ex_stage_i/fpu_gen.fpu_i/fpu_gen.i_fpnew_bulk/gen_operation_groups[3].i_opgroup_block/gen_merged_slice.i_multifmt_slice/gen_num_lanes[0].active_lane.lane_instance.i_fpnew_cast_multi/i___366_i_62_n_0
                         CARRY4 (Prop_carry4_S[0]_CO[3])
                                                      0.423    12.389 r  i_ariane/i_cva6/ex_stage_i/fpu_gen.fpu_i/fpu_gen.i_fpnew_bulk/gen_operation_groups[3].i_opgroup_block/gen_merged_slice.i_multifmt_slice/gen_num_lanes[0].active_lane.lane_instance.i_fpnew_cast_multi/i___366_i_32/CO[3]
                         net (fo=1, unplaced)         0.000    12.389    i_ariane/i_cva6/ex_stage_i/fpu_gen.fpu_i/fpu_gen.i_fpnew_bulk/gen_operation_groups[3].i_opgroup_block/gen_merged_slice.i_multifmt_slice/gen_num_lanes[0].active_lane.lane_instance.i_fpnew_cast_multi/i___366_i_32_n_0
                         CARRY4 (Prop_carry4_CI_CO[3])
                                                      0.100    12.489 r  i_ariane/i_cva6/ex_stage_i/fpu_gen.fpu_i/fpu_gen.i_fpnew_bulk/gen_operation_groups[3].i_opgroup_block/gen_merged_slice.i_multifmt_slice/gen_num_lanes[0].active_lane.lane_instance.i_fpnew_cast_multi/mem_q_reg[7][sbe][result][7]_i_34/CO[3]
                         net (fo=1, unplaced)         0.000    12.489    i_ariane/i_cva6/ex_stage_i/fpu_gen.fpu_i/fpu_gen.i_fpnew_bulk/gen_operation_groups[3].i_opgroup_block/gen_merged_slice.i_multifmt_slice/gen_num_lanes[0].active_lane.lane_instance.i_fpnew_cast_multi/mem_q_reg[7][sbe][result][7]_i_34_n_0
                         CARRY4 (Prop_carry4_CI_CO[3])
                                                      0.100    12.589 r  i_ariane/i_cva6/ex_stage_i/fpu_gen.fpu_i/fpu_gen.i_fpnew_bulk/gen_operation_groups[3].i_opgroup_block/gen_merged_slice.i_multifmt_slice/gen_num_lanes[0].active_lane.lane_instance.i_fpnew_cast_multi/mem_q_reg[7][sbe][result][11]_i_57/CO[3]
                         net (fo=1, unplaced)         0.000    12.589    i_ariane/i_cva6/ex_stage_i/fpu_gen.fpu_i/fpu_gen.i_fpnew_bulk/gen_operation_groups[3].i_opgroup_block/gen_merged_slice.i_multifmt_slice/gen_num_lanes[0].active_lane.lane_instance.i_fpnew_cast_multi/mem_q_reg[7][sbe][result][11]_i_57_n_0
                         CARRY4 (Prop_carry4_CI_CO[3])
                                                      0.100    12.689 r  i_ariane/i_cva6/ex_stage_i/fpu_gen.fpu_i/fpu_gen.i_fpnew_bulk/gen_operation_groups[3].i_opgroup_block/gen_merged_slice.i_multifmt_slice/gen_num_lanes[0].active_lane.lane_instance.i_fpnew_cast_multi/mem_q_reg[7][sbe][result][15]_i_52/CO[3]
                         net (fo=1, unplaced)         0.000    12.689    i_ariane/i_cva6/ex_stage_i/fpu_gen.fpu_i/fpu_gen.i_fpnew_bulk/gen_operation_groups[3].i_opgroup_block/gen_merged_slice.i_multifmt_slice/gen_num_lanes[0].active_lane.lane_instance.i_fpnew_cast_multi/mem_q_reg[7][sbe][result][15]_i_52_n_0
                         CARRY4 (Prop_carry4_CI_CO[3])
                                                      0.100    12.789 r  i_ariane/i_cva6/ex_stage_i/fpu_gen.fpu_i/fpu_gen.i_fpnew_bulk/gen_operation_groups[3].i_opgroup_block/gen_merged_slice.i_multifmt_slice/gen_num_lanes[0].active_lane.lane_instance.i_fpnew_cast_multi/mem_q_reg[7][sbe][result][23]_i_46/CO[3]
                         net (fo=1, unplaced)         0.000    12.789    i_ariane/i_cva6/ex_stage_i/fpu_gen.fpu_i/fpu_gen.i_fpnew_bulk/gen_operation_groups[3].i_opgroup_block/gen_merged_slice.i_multifmt_slice/gen_num_lanes[0].active_lane.lane_instance.i_fpnew_cast_multi/mem_q_reg[7][sbe][result][23]_i_46_n_0
                         CARRY4 (Prop_carry4_CI_CO[3])
                                                      0.100    12.889 r  i_ariane/i_cva6/ex_stage_i/fpu_gen.fpu_i/fpu_gen.i_fpnew_bulk/gen_operation_groups[3].i_opgroup_block/gen_merged_slice.i_multifmt_slice/gen_num_lanes[0].active_lane.lane_instance.i_fpnew_cast_multi/mem_q_reg[7][sbe][result][23]_i_29/CO[3]
                         net (fo=1, unplaced)         0.000    12.889    i_ariane/i_cva6/ex_stage_i/fpu_gen.fpu_i/fpu_gen.i_fpnew_bulk/gen_operation_groups[3].i_opgroup_block/gen_merged_slice.i_multifmt_slice/gen_num_lanes[0].active_lane.lane_instance.i_fpnew_cast_multi/mem_q_reg[7][sbe][result][23]_i_29_n_0
                         CARRY4 (Prop_carry4_CI_O[2])
                                                      0.214    13.103 f  i_ariane/i_cva6/ex_stage_i/fpu_gen.fpu_i/fpu_gen.i_fpnew_bulk/gen_operation_groups[3].i_opgroup_block/gen_merged_slice.i_multifmt_slice/gen_num_lanes[0].active_lane.lane_instance.i_fpnew_cast_multi/mem_q_reg[7][sbe][result][27]_i_35/O[2]
                         net (fo=6, unplaced)         0.381    13.484    i_ariane/i_cva6/ex_stage_i/fpu_gen.fpu_i/fpu_gen.i_fpnew_bulk/gen_operation_groups[3].i_opgroup_block/gen_merged_slice.i_multifmt_slice/gen_num_lanes[0].active_lane.lane_instance.i_fpnew_cast_multi/rounded_abs[26]
                         LUT1 (Prop_lut1_I0_O)        0.244    13.728 r  i_ariane/i_cva6/ex_stage_i/fpu_gen.fpu_i/fpu_gen.i_fpnew_bulk/gen_operation_groups[3].i_opgroup_block/gen_merged_slice.i_multifmt_slice/gen_num_lanes[0].active_lane.lane_instance.i_fpnew_cast_multi/mem_q[7][sbe][result][28]_i_58/O
                         net (fo=1, unplaced)         0.000    13.728    i_ariane/i_cva6/ex_stage_i/fpu_gen.fpu_i/fpu_gen.i_fpnew_bulk/gen_operation_groups[3].i_opgroup_block/gen_merged_slice.i_multifmt_slice/gen_num_lanes[0].active_lane.lane_instance.i_fpnew_cast_multi/mem_q[7][sbe][result][28]_i_58_n_0
                         CARRY4 (Prop_carry4_S[1]_CO[3])
                                                      0.444    14.172 r  i_ariane/i_cva6/ex_stage_i/fpu_gen.fpu_i/fpu_gen.i_fpnew_bulk/gen_operation_groups[3].i_opgroup_block/gen_merged_slice.i_multifmt_slice/gen_num_lanes[0].active_lane.lane_instance.i_fpnew_cast_multi/mem_q_reg[7][sbe][result][28]_i_31/CO[3]
                         net (fo=1, unplaced)         0.000    14.172    i_ariane/i_cva6/ex_stage_i/fpu_gen.fpu_i/fpu_gen.i_fpnew_bulk/gen_operation_groups[3].i_opgroup_block/gen_merged_slice.i_multifmt_slice/gen_num_lanes[0].active_lane.lane_instance.i_fpnew_cast_multi/mem_q_reg[7][sbe][result][28]_i_31_n_0
                         CARRY4 (Prop_carry4_CI_O[2])
                                                      0.214    14.386 r  i_ariane/i_cva6/ex_stage_i/fpu_gen.fpu_i/fpu_gen.i_fpnew_bulk/gen_operation_groups[3].i_opgroup_block/gen_merged_slice.i_multifmt_slice/gen_num_lanes[0].active_lane.lane_instance.i_fpnew_cast_multi/i___368_i_14/O[2]
                         net (fo=4, unplaced)         0.373    14.759    i_ariane/i_cva6/ex_stage_i/fpu_gen.fpu_i/fpu_gen.i_fpnew_bulk/gen_operation_groups[3].i_opgroup_block/gen_merged_slice.i_multifmt_slice/gen_num_lanes[0].active_lane.lane_instance.i_fpnew_cast_multi/rounded_uint_res0[31]
                         LUT5 (Prop_lut5_I1_O)        0.244    15.003 r  i_ariane/i_cva6/ex_stage_i/fpu_gen.fpu_i/fpu_gen.i_fpnew_bulk/gen_operation_groups[3].i_opgroup_block/gen_merged_slice.i_multifmt_slice/gen_num_lanes[0].active_lane.lane_instance.i_fpnew_cast_multi/i___368_i_11/O
                         net (fo=33, unplaced)        0.654    15.657    i_ariane/i_cva6/ex_stage_i/fpu_gen.fpu_i/fpu_gen.i_fpnew_bulk/gen_operation_groups[3].i_opgroup_block/gen_merged_slice.i_multifmt_slice/gen_num_lanes[0].active_lane.lane_instance.i_fpnew_cast_multi/i___368_i_11_n_0
                         LUT5 (Prop_lut5_I4_O)        0.105    15.762 f  i_ariane/i_cva6/ex_stage_i/fpu_gen.fpu_i/fpu_gen.i_fpnew_bulk/gen_operation_groups[3].i_opgroup_block/gen_merged_slice.i_multifmt_slice/gen_num_lanes[0].active_lane.lane_instance.i_fpnew_cast_multi/mem_q[7][sbe][result][51]_i_19/O
                         net (fo=2, unplaced)         0.593    16.355    i_ariane/i_cva6/ex_stage_i/fpu_gen.fpu_i/fpu_gen.i_fpnew_bulk/gen_operation_groups[3].i_opgroup_block/gen_merged_slice.i_multifmt_slice/gen_num_lanes[0].active_lane.lane_instance.i_fpnew_cast_multi/mem_q[7][sbe][result][51]_i_19_n_0
                         LUT6 (Prop_lut6_I0_O)        0.105    16.460 f  i_ariane/i_cva6/ex_stage_i/fpu_gen.fpu_i/fpu_gen.i_fpnew_bulk/gen_operation_groups[3].i_opgroup_block/gen_merged_slice.i_multifmt_slice/gen_num_lanes[0].active_lane.lane_instance.i_fpnew_cast_multi/i___366_i_125/O
                         net (fo=1, unplaced)         0.000    16.460    i_ariane/i_cva6/ex_stage_i/fpu_gen.fpu_i/fpu_gen.i_fpnew_bulk/gen_operation_groups[3].i_opgroup_block/gen_merged_slice.i_multifmt_slice/gen_num_lanes[0].active_lane.lane_instance.i_fpnew_cast_multi/i___366_i_125_n_0
                         CARRY4 (Prop_carry4_S[1]_CO[3])
                                                      0.444    16.904 f  i_ariane/i_cva6/ex_stage_i/fpu_gen.fpu_i/fpu_gen.i_fpnew_bulk/gen_operation_groups[3].i_opgroup_block/gen_merged_slice.i_multifmt_slice/gen_num_lanes[0].active_lane.lane_instance.i_fpnew_cast_multi/i___366_i_63/CO[3]
                         net (fo=1, unplaced)         0.000    16.904    i_ariane/i_cva6/ex_stage_i/fpu_gen.fpu_i/fpu_gen.i_fpnew_bulk/gen_operation_groups[3].i_opgroup_block/gen_merged_slice.i_multifmt_slice/gen_num_lanes[0].active_lane.lane_instance.i_fpnew_cast_multi/i___366_i_63_n_0
                         CARRY4 (Prop_carry4_CI_CO[1])
                                                      0.150    17.054 r  i_ariane/i_cva6/ex_stage_i/fpu_gen.fpu_i/fpu_gen.i_fpnew_bulk/gen_operation_groups[3].i_opgroup_block/gen_merged_slice.i_multifmt_slice/gen_num_lanes[0].active_lane.lane_instance.i_fpnew_cast_multi/i___366_i_34/CO[1]
                         net (fo=1, unplaced)         0.240    17.294    i_ariane/i_cva6/ex_stage_i/fpu_gen.fpu_i/fpu_gen.i_fpnew_bulk/gen_operation_groups[3].i_opgroup_block/gen_merged_slice.i_multifmt_slice/gen_num_lanes[0].active_lane.lane_instance.i_fpnew_cast_multi/int_result_is_special1
                         LUT6 (Prop_lut6_I4_O)        0.277    17.571 f  i_ariane/i_cva6/ex_stage_i/fpu_gen.fpu_i/fpu_gen.i_fpnew_bulk/gen_operation_groups[3].i_opgroup_block/gen_merged_slice.i_multifmt_slice/gen_num_lanes[0].active_lane.lane_instance.i_fpnew_cast_multi/i___366_i_19/O
                         net (fo=45, unplaced)        0.427    17.998    i_ariane/i_cva6/ex_stage_i/fpu_gen.fpu_i/fpu_gen.i_fpnew_bulk/gen_operation_groups[3].i_opgroup_block/gen_merged_slice.i_multifmt_slice/gen_num_lanes[0].active_lane.lane_instance.i_fpnew_cast_multi/i___366_i_19_n_0
                         LUT4 (Prop_lut4_I3_O)        0.105    18.103 r  i_ariane/i_cva6/ex_stage_i/fpu_gen.fpu_i/fpu_gen.i_fpnew_bulk/gen_operation_groups[3].i_opgroup_block/gen_merged_slice.i_multifmt_slice/gen_num_lanes[0].active_lane.lane_instance.i_fpnew_cast_multi/i___366_i_21/O
                         net (fo=8, unplaced)         0.385    18.488    i_ariane/i_cva6/ex_stage_i/fpu_gen.fpu_i/fpu_gen.i_fpnew_bulk/gen_operation_groups[3].i_opgroup_block/gen_merged_slice.i_multifmt_slice/gen_num_lanes[0].active_lane.lane_instance.i_fpnew_cast_multi/i___366_i_21_n_0
                         LUT6 (Prop_lut6_I4_O)        0.105    18.593 r  i_ariane/i_cva6/ex_stage_i/fpu_gen.fpu_i/fpu_gen.i_fpnew_bulk/gen_operation_groups[3].i_opgroup_block/gen_merged_slice.i_multifmt_slice/gen_num_lanes[0].active_lane.lane_instance.i_fpnew_cast_multi/i___366_i_13/O
                         net (fo=1, unplaced)         0.582    19.175    i_ariane/i_cva6/ex_stage_i/fpu_gen.fpu_i/fpu_gen.i_fpnew_bulk/gen_operation_groups[3].i_opgroup_block/gen_merged_slice.i_multifmt_slice/gen_num_lanes[0].active_lane.lane_instance.i_fpnew_cast_multi/i___366_i_13_n_0
                         LUT6 (Prop_lut6_I0_O)        0.105    19.280 r  i_ariane/i_cva6/ex_stage_i/fpu_gen.fpu_i/fpu_gen.i_fpnew_bulk/gen_operation_groups[3].i_opgroup_block/gen_merged_slice.i_multifmt_slice/gen_num_lanes[0].active_lane.lane_instance.i_fpnew_cast_multi/i___366_i_5/O
                         net (fo=1, unplaced)         0.347    19.627    i_ariane/i_cva6/ex_stage_i/fpu_gen.fpu_i/fpu_gen.i_fpnew_bulk/gen_operation_groups[0].i_opgroup_block/gen_parallel_slices[0].active_format.i_fmt_slice/gen_num_lanes[0].active_lane.lane_instance.i_fma/gen_arbiter.data_nodes[2][result][3]
                         LUT5 (Prop_lut5_I0_O)        0.105    19.732 r  i_ariane/i_cva6/ex_stage_i/fpu_gen.fpu_i/fpu_gen.i_fpnew_bulk/gen_operation_groups[0].i_opgroup_block/gen_parallel_slices[0].active_format.i_fmt_slice/gen_num_lanes[0].active_lane.lane_instance.i_fma/i___366_i_1/O
                         net (fo=19, unplaced)        0.406    20.138    i_ariane/i_cva6/issue_stage_i/i_issue_read_operands/fpu_result_ex_id[3]
                         LUT5 (Prop_lut5_I0_O)        0.105    20.243 f  i_ariane/i_cva6/issue_stage_i/i_issue_read_operands/i___328_i_2/O
                         net (fo=3, unplaced)         0.600    20.843    i_ariane/i_cva6/issue_stage_i/i_issue_read_operands/i___328_i_2_n_0
                         LUT6 (Prop_lut6_I1_O)        0.105    20.948 f  i_ariane/i_cva6/issue_stage_i/i_issue_read_operands/fu_data_q[0][operand_a][3]_i_12/O
                         net (fo=1, unplaced)         0.000    20.948    i_ariane/i_cva6/issue_stage_i/i_issue_read_operands/fu_data_q[0][operand_a][3]_i_12_n_0
                         MUXF7 (Prop_muxf7_I0_O)      0.201    21.149 f  i_ariane/i_cva6/issue_stage_i/i_issue_read_operands/fu_data_q_reg[0][operand_a][3]_i_5/O
                         net (fo=1, unplaced)         0.349    21.498    i_ariane/i_cva6/issue_stage_i/i_issue_read_operands/fu_data_q_reg[0][operand_a][3]_i_5_n_0
                         LUT6 (Prop_lut6_I5_O)        0.242    21.740 f  i_ariane/i_cva6/issue_stage_i/i_issue_read_operands/fu_data_q[0][operand_a][3]_i_2/O
                         net (fo=1, unplaced)         0.347    22.087    i_ariane/i_cva6/issue_stage_i/i_issue_read_operands/fu_data_q[0][operand_a][3]_i_2_n_0
                         LUT5 (Prop_lut5_I4_O)        0.105    22.192 r  i_ariane/i_cva6/issue_stage_i/i_issue_read_operands/fu_data_q[0][operand_a][3]_i_1/O
                         net (fo=17, unplaced)        0.403    22.595    i_ariane/gen_cvxif.gen_COPRO_KECC_AES_K.i_kecc_aes_k_xif_coprocessor/D[3]
                         LUT3 (Prop_lut3_I0_O)        0.105    22.700 r  i_ariane/gen_cvxif.gen_COPRO_KECC_AES_K.i_kecc_aes_k_xif_coprocessor/i___30_i_9/O
                         net (fo=6, unplaced)         0.379    23.079    i_ariane/i_cva6/id_stage_i/registers[0]_23[3]
                         LUT6 (Prop_lut6_I5_O)        0.105    23.184 r  i_ariane/i_cva6/id_stage_i/i___30_i_2/O
                         net (fo=11, unplaced)        0.628    23.812    i_ariane/i_cva6/id_stage_i/issue_q_reg[0][orig_instr][21]_7
                         LUT6 (Prop_lut6_I1_O)        0.105    23.917 r  i_ariane/i_cva6/id_stage_i/i___25_i_10/O
                         net (fo=3, unplaced)         0.796    24.713    i_ariane/i_cva6/id_stage_i/i___25_i_10_n_0
                         LUT6 (Prop_lut6_I3_O)        0.105    24.818 r  i_ariane/i_cva6/id_stage_i/i___25_i_2/O
                         net (fo=10, unplaced)        0.625    25.443    i_ariane/i_cva6/id_stage_i/i___235_i_3_0
                         LUT4 (Prop_lut4_I1_O)        0.105    25.548 r  i_ariane/i_cva6/id_stage_i/i___235_i_1/O
                         net (fo=6, unplaced)         0.614    26.162    i_ariane/i_cva6/id_stage_i/i___25_i_1_0
                         LUT4 (Prop_lut4_I0_O)        0.105    26.267 r  i_ariane/i_cva6/id_stage_i/i___75_i_6/O
                         net (fo=4, unplaced)         0.606    26.873    i_ariane/i_cva6/id_stage_i/i___12_i_4_0
                         LUT6 (Prop_lut6_I2_O)        0.105    26.978 r  i_ariane/i_cva6/id_stage_i/i___20_i_1/O
                         net (fo=8, unplaced)         0.385    27.363    i_ariane/i_cva6/id_stage_i/i___13_i_3_0
                         LUT5 (Prop_lut5_I1_O)        0.105    27.468 r  i_ariane/i_cva6/id_stage_i/result_o[34]_i_8/O
                         net (fo=4, unplaced)         0.371    27.839    i_ariane/i_cva6/id_stage_i/result_o[34]_i_8_n_0
                         LUT6 (Prop_lut6_I0_O)        0.105    27.944 r  i_ariane/i_cva6/id_stage_i/result_o[2]_i_4/O
                         net (fo=1, unplaced)         0.347    28.291    i_ariane/i_cva6/id_stage_i/result_o[2]_i_4_n_0
                         LUT6 (Prop_lut6_I3_O)        0.105    28.396 r  i_ariane/i_cva6/id_stage_i/result_o[2]_i_1/O
                         net (fo=1, unplaced)         0.000    28.396    i_ariane/gen_cvxif.gen_COPRO_KECC_AES_K.i_kecc_aes_k_xif_coprocessor/i_ex/result_o_reg[63]_1[2]
                         FDCE                                         r  i_ariane/gen_cvxif.gen_COPRO_KECC_AES_K.i_kecc_aes_k_xif_coprocessor/i_ex/result_o_reg[2]/D
  -------------------------------------------------------------------    -------------------

                         (clock clk_i rise edge)     10.000    10.000 r  
                                                      0.000    10.000 r  clk_i (IN)
                         net (fo=23772, unset)        0.748    10.748    i_ariane/gen_cvxif.gen_COPRO_KECC_AES_K.i_kecc_aes_k_xif_coprocessor/i_ex/clk_i
                         FDCE                                         r  i_ariane/gen_cvxif.gen_COPRO_KECC_AES_K.i_kecc_aes_k_xif_coprocessor/i_ex/result_o_reg[2]/C
                         clock pessimism              0.000    10.748    
                         clock uncertainty           -0.035    10.712    
                         FDCE (Setup_fdce_C_D)        0.043    10.755    i_ariane/gen_cvxif.gen_COPRO_KECC_AES_K.i_kecc_aes_k_xif_coprocessor/i_ex/result_o_reg[2]
  -------------------------------------------------------------------
                         required time                         10.755    
                         arrival time                         -28.396    
  -------------------------------------------------------------------
                         slack                                -17.641    

Slack (VIOLATED) :        -17.641ns  (required time - arrival time)
  Source:                 i_ariane/i_cva6/ex_stage_i/fpu_gen.fpu_i/fpu_gen.i_fpnew_bulk/gen_operation_groups[3].i_opgroup_block/gen_merged_slice.i_multifmt_slice/gen_num_lanes[0].active_lane.lane_instance.i_fpnew_cast_multi/gen_inside_pipeline[0].mid_pipe_dst_fmt_q_reg[1][1]/C
                            (rising edge-triggered cell FDCE clocked by clk_i  {rise@0.000ns fall@5.000ns period=10.000ns})
  Destination:            i_ariane/gen_cvxif.gen_COPRO_KECC_AES_K.i_kecc_aes_k_xif_coprocessor/i_ex/result_o_reg[2]/D
                            (rising edge-triggered cell FDCE clocked by clk_i  {rise@0.000ns fall@5.000ns period=10.000ns})
  Path Group:             clk_i
  Path Type:              Setup (Max at Slow Process Corner)
  Requirement:            10.000ns  (clk_i rise@10.000ns - clk_i rise@0.000ns)
  Data Path Delay:        27.609ns  (logic 8.852ns (32.062%)  route 18.757ns (67.938%))
  Logic Levels:           54  (CARRY4=17 LUT1=1 LUT2=1 LUT3=2 LUT4=4 LUT5=8 LUT6=20 MUXF7=1)
  Clock Path Skew:        -0.039ns (DCD - SCD + CPR)
    Destination Clock Delay (DCD):    0.748ns = ( 10.748 - 10.000 ) 
    Source Clock Delay      (SCD):    0.787ns
    Clock Pessimism Removal (CPR):    0.000ns
  Clock Uncertainty:      0.035ns  ((TSJ^2 + TIJ^2)^1/2 + DJ) / 2 + PE
    Total System Jitter     (TSJ):    0.071ns
    Total Input Jitter      (TIJ):    0.000ns
    Discrete Jitter          (DJ):    0.000ns
    Phase Error              (PE):    0.000ns

    Location             Delay type                Incr(ns)  Path(ns)    Netlist Resource(s)
  -------------------------------------------------------------------    -------------------
                         (clock clk_i rise edge)      0.000     0.000 r  
                                                      0.000     0.000 r  clk_i (IN)
                         net (fo=23772, unset)        0.787     0.787    i_ariane/i_cva6/ex_stage_i/fpu_gen.fpu_i/fpu_gen.i_fpnew_bulk/gen_operation_groups[3].i_opgroup_block/gen_merged_slice.i_multifmt_slice/gen_num_lanes[0].active_lane.lane_instance.i_fpnew_cast_multi/clk_i
                         FDCE                                         r  i_ariane/i_cva6/ex_stage_i/fpu_gen.fpu_i/fpu_gen.i_fpnew_bulk/gen_operation_groups[3].i_opgroup_block/gen_merged_slice.i_multifmt_slice/gen_num_lanes[0].active_lane.lane_instance.i_fpnew_cast_multi/gen_inside_pipeline[0].mid_pipe_dst_fmt_q_reg[1][1]/C
  -------------------------------------------------------------------    -------------------
                         FDCE (Prop_fdce_C_Q)         0.397     1.184 r  i_ariane/i_cva6/ex_stage_i/fpu_gen.fpu_i/fpu_gen.i_fpnew_bulk/gen_operation_groups[3].i_opgroup_block/gen_merged_slice.i_multifmt_slice/gen_num_lanes[0].active_lane.lane_instance.i_fpnew_cast_multi/gen_inside_pipeline[0].mid_pipe_dst_fmt_q_reg[1][1]/Q
                         net (fo=140, unplaced)       0.733     1.917    i_ariane/i_cva6/ex_stage_i/fpu_gen.fpu_i/fpu_gen.i_fpnew_bulk/gen_operation_groups[3].i_opgroup_block/gen_merged_slice.i_multifmt_slice/gen_num_lanes[0].active_lane.lane_instance.i_fpnew_cast_multi/gen_inside_pipeline[0].mid_pipe_dst_fmt_q_reg_n_0_[1][1]
                         LUT3 (Prop_lut3_I0_O)        0.232     2.149 r  i_ariane/i_cva6/ex_stage_i/fpu_gen.fpu_i/fpu_gen.i_fpnew_bulk/gen_operation_groups[3].i_opgroup_block/gen_merged_slice.i_multifmt_slice/gen_num_lanes[0].active_lane.lane_instance.i_fpnew_cast_multi/mem_q[7][sbe][result][54]_i_102/O
                         net (fo=2, unplaced)         0.269     2.418    i_ariane/i_cva6/ex_stage_i/fpu_gen.fpu_i/fpu_gen.i_fpnew_bulk/gen_operation_groups[3].i_opgroup_block/gen_merged_slice.i_multifmt_slice/gen_num_lanes[0].active_lane.lane_instance.i_fpnew_cast_multi/mem_q[7][sbe][result][54]_i_102_n_0
                         CARRY4 (Prop_carry4_CYINIT_CO[3])
                                                      0.494     2.912 r  i_ariane/i_cva6/ex_stage_i/fpu_gen.fpu_i/fpu_gen.i_fpnew_bulk/gen_operation_groups[3].i_opgroup_block/gen_merged_slice.i_multifmt_slice/gen_num_lanes[0].active_lane.lane_instance.i_fpnew_cast_multi/i___371_i_68/CO[3]
                         net (fo=1, unplaced)         0.000     2.912    i_ariane/i_cva6/ex_stage_i/fpu_gen.fpu_i/fpu_gen.i_fpnew_bulk/gen_operation_groups[3].i_opgroup_block/gen_merged_slice.i_multifmt_slice/gen_num_lanes[0].active_lane.lane_instance.i_fpnew_cast_multi/i___371_i_68_n_0
                         CARRY4 (Prop_carry4_CI_CO[3])
                                                      0.100     3.012 r  i_ariane/i_cva6/ex_stage_i/fpu_gen.fpu_i/fpu_gen.i_fpnew_bulk/gen_operation_groups[3].i_opgroup_block/gen_merged_slice.i_multifmt_slice/gen_num_lanes[0].active_lane.lane_instance.i_fpnew_cast_multi/i___371_i_53/CO[3]
                         net (fo=1, unplaced)         0.000     3.012    i_ariane/i_cva6/ex_stage_i/fpu_gen.fpu_i/fpu_gen.i_fpnew_bulk/gen_operation_groups[3].i_opgroup_block/gen_merged_slice.i_multifmt_slice/gen_num_lanes[0].active_lane.lane_instance.i_fpnew_cast_multi/i___371_i_53_n_0
                         CARRY4 (Prop_carry4_CI_CO[3])
                                                      0.100     3.112 r  i_ariane/i_cva6/ex_stage_i/fpu_gen.fpu_i/fpu_gen.i_fpnew_bulk/gen_operation_groups[3].i_opgroup_block/gen_merged_slice.i_multifmt_slice/gen_num_lanes[0].active_lane.lane_instance.i_fpnew_cast_multi/i___371_i_51/CO[3]
                         net (fo=1, unplaced)         0.000     3.112    i_ariane/i_cva6/ex_stage_i/fpu_gen.fpu_i/fpu_gen.i_fpnew_bulk/gen_operation_groups[3].i_opgroup_block/gen_merged_slice.i_multifmt_slice/gen_num_lanes[0].active_lane.lane_instance.i_fpnew_cast_multi/i___371_i_51_n_0
                         CARRY4 (Prop_carry4_CI_CO[3])
                                                      0.100     3.212 r  i_ariane/i_cva6/ex_stage_i/fpu_gen.fpu_i/fpu_gen.i_fpnew_bulk/gen_operation_groups[3].i_opgroup_block/gen_merged_slice.i_multifmt_slice/gen_num_lanes[0].active_lane.lane_instance.i_fpnew_cast_multi/i___371_i_81/CO[3]
                         net (fo=16, unplaced)        0.664     3.876    i_ariane/i_cva6/ex_stage_i/fpu_gen.fpu_i/fpu_gen.i_fpnew_bulk/gen_operation_groups[3].i_opgroup_block/gen_merged_slice.i_multifmt_slice/gen_num_lanes[0].active_lane.lane_instance.i_fpnew_cast_multi/i___371_i_81_n_0
                         LUT2 (Prop_lut2_I1_O)        0.105     3.981 r  i_ariane/i_cva6/ex_stage_i/fpu_gen.fpu_i/fpu_gen.i_fpnew_bulk/gen_operation_groups[3].i_opgroup_block/gen_merged_slice.i_multifmt_slice/gen_num_lanes[0].active_lane.lane_instance.i_fpnew_cast_multi/i___371_i_76/O
                         net (fo=1, unplaced)         0.000     3.981    i_ariane/i_cva6/ex_stage_i/fpu_gen.fpu_i/fpu_gen.i_fpnew_bulk/gen_operation_groups[3].i_opgroup_block/gen_merged_slice.i_multifmt_slice/gen_num_lanes[0].active_lane.lane_instance.i_fpnew_cast_multi/i___371_i_76_n_0
                         CARRY4 (Prop_carry4_DI[0]_CO[3])
                                                      0.477     4.458 r  i_ariane/i_cva6/ex_stage_i/fpu_gen.fpu_i/fpu_gen.i_fpnew_bulk/gen_operation_groups[3].i_opgroup_block/gen_merged_slice.i_multifmt_slice/gen_num_lanes[0].active_lane.lane_instance.i_fpnew_cast_multi/i___371_i_57/CO[3]
                         net (fo=1, unplaced)         0.000     4.458    i_ariane/i_cva6/ex_stage_i/fpu_gen.fpu_i/fpu_gen.i_fpnew_bulk/gen_operation_groups[3].i_opgroup_block/gen_merged_slice.i_multifmt_slice/gen_num_lanes[0].active_lane.lane_instance.i_fpnew_cast_multi/i___371_i_57_n_0
                         CARRY4 (Prop_carry4_CI_CO[3])
                                                      0.100     4.558 r  i_ariane/i_cva6/ex_stage_i/fpu_gen.fpu_i/fpu_gen.i_fpnew_bulk/gen_operation_groups[3].i_opgroup_block/gen_merged_slice.i_multifmt_slice/gen_num_lanes[0].active_lane.lane_instance.i_fpnew_cast_multi/i___371_i_49/CO[3]
                         net (fo=61, unplaced)        0.697     5.255    i_ariane/i_cva6/ex_stage_i/fpu_gen.fpu_i/fpu_gen.i_fpnew_bulk/gen_operation_groups[3].i_opgroup_block/gen_merged_slice.i_multifmt_slice/gen_num_lanes[0].active_lane.lane_instance.i_fpnew_cast_multi/preshift_mant1
                         LUT4 (Prop_lut4_I3_O)        0.105     5.360 r  i_ariane/i_cva6/ex_stage_i/fpu_gen.fpu_i/fpu_gen.i_fpnew_bulk/gen_operation_groups[3].i_opgroup_block/gen_merged_slice.i_multifmt_slice/gen_num_lanes[0].active_lane.lane_instance.i_fpnew_cast_multi/mem_q[7][sbe][ex][cause][0]_i_129/O
                         net (fo=4, unplaced)         0.371     5.731    i_ariane/i_cva6/ex_stage_i/fpu_gen.fpu_i/fpu_gen.i_fpnew_bulk/gen_operation_groups[3].i_opgroup_block/gen_merged_slice.i_multifmt_slice/gen_num_lanes[0].active_lane.lane_instance.i_fpnew_cast_multi/mem_q[7][sbe][ex][cause][0]_i_129_n_0
                         LUT6 (Prop_lut6_I4_O)        0.105     5.836 r  i_ariane/i_cva6/ex_stage_i/fpu_gen.fpu_i/fpu_gen.i_fpnew_bulk/gen_operation_groups[3].i_opgroup_block/gen_merged_slice.i_multifmt_slice/gen_num_lanes[0].active_lane.lane_instance.i_fpnew_cast_multi/mem_q[7][sbe][ex][cause][0]_i_287/O
                         net (fo=117, unplaced)       0.450     6.286    i_ariane/i_cva6/ex_stage_i/fpu_gen.fpu_i/fpu_gen.i_fpnew_bulk/gen_operation_groups[3].i_opgroup_block/gen_merged_slice.i_multifmt_slice/gen_num_lanes[0].active_lane.lane_instance.i_fpnew_cast_multi/mem_q[7][sbe][ex][cause][0]_i_287_n_0
                         LUT5 (Prop_lut5_I4_O)        0.105     6.391 f  i_ariane/i_cva6/ex_stage_i/fpu_gen.fpu_i/fpu_gen.i_fpnew_bulk/gen_operation_groups[3].i_opgroup_block/gen_merged_slice.i_multifmt_slice/gen_num_lanes[0].active_lane.lane_instance.i_fpnew_cast_multi/mem_q[7][sbe][ex][cause][0]_i_512/O
                         net (fo=35, unplaced)        0.420     6.811    i_ariane/i_cva6/ex_stage_i/fpu_gen.fpu_i/fpu_gen.i_fpnew_bulk/gen_operation_groups[3].i_opgroup_block/gen_merged_slice.i_multifmt_slice/gen_num_lanes[0].active_lane.lane_instance.i_fpnew_cast_multi/mem_q[7][sbe][ex][cause][0]_i_512_n_0
                         LUT6 (Prop_lut6_I2_O)        0.105     6.916 f  i_ariane/i_cva6/ex_stage_i/fpu_gen.fpu_i/fpu_gen.i_fpnew_bulk/gen_operation_groups[3].i_opgroup_block/gen_merged_slice.i_multifmt_slice/gen_num_lanes[0].active_lane.lane_instance.i_fpnew_cast_multi/mem_q[7][sbe][ex][cause][0]_i_481/O
                         net (fo=3, unplaced)         0.600     7.516    i_ariane/i_cva6/ex_stage_i/fpu_gen.fpu_i/fpu_gen.i_fpnew_bulk/gen_operation_groups[3].i_opgroup_block/gen_merged_slice.i_multifmt_slice/gen_num_lanes[0].active_lane.lane_instance.i_fpnew_cast_multi/mem_q[7][sbe][ex][cause][0]_i_481_n_0
                         LUT6 (Prop_lut6_I0_O)        0.105     7.621 f  i_ariane/i_cva6/ex_stage_i/fpu_gen.fpu_i/fpu_gen.i_fpnew_bulk/gen_operation_groups[3].i_opgroup_block/gen_merged_slice.i_multifmt_slice/gen_num_lanes[0].active_lane.lane_instance.i_fpnew_cast_multi/mem_q[7][sbe][ex][cause][0]_i_349/O
                         net (fo=4, unplaced)         0.606     8.227    i_ariane/i_cva6/ex_stage_i/fpu_gen.fpu_i/fpu_gen.i_fpnew_bulk/gen_operation_groups[3].i_opgroup_block/gen_merged_slice.i_multifmt_slice/gen_num_lanes[0].active_lane.lane_instance.i_fpnew_cast_multi/mem_q[7][sbe][ex][cause][0]_i_349_n_0
                         LUT6 (Prop_lut6_I1_O)        0.105     8.332 f  i_ariane/i_cva6/ex_stage_i/fpu_gen.fpu_i/fpu_gen.i_fpnew_bulk/gen_operation_groups[3].i_opgroup_block/gen_merged_slice.i_multifmt_slice/gen_num_lanes[0].active_lane.lane_instance.i_fpnew_cast_multi/mem_q[7][sbe][ex][cause][0]_i_212/O
                         net (fo=3, unplaced)         0.796     9.128    i_ariane/i_cva6/ex_stage_i/fpu_gen.fpu_i/fpu_gen.i_fpnew_bulk/gen_operation_groups[3].i_opgroup_block/gen_merged_slice.i_multifmt_slice/gen_num_lanes[0].active_lane.lane_instance.i_fpnew_cast_multi/mem_q[7][sbe][ex][cause][0]_i_212_n_0
                         LUT6 (Prop_lut6_I0_O)        0.105     9.233 f  i_ariane/i_cva6/ex_stage_i/fpu_gen.fpu_i/fpu_gen.i_fpnew_bulk/gen_operation_groups[3].i_opgroup_block/gen_merged_slice.i_multifmt_slice/gen_num_lanes[0].active_lane.lane_instance.i_fpnew_cast_multi/mem_q[7][sbe][ex][cause][0]_i_99/O
                         net (fo=1, unplaced)         0.778    10.011    i_ariane/i_cva6/ex_stage_i/fpu_gen.fpu_i/fpu_gen.i_fpnew_bulk/gen_operation_groups[3].i_opgroup_block/gen_merged_slice.i_multifmt_slice/gen_num_lanes[0].active_lane.lane_instance.i_fpnew_cast_multi/mem_q[7][sbe][ex][cause][0]_i_99_n_0
                         LUT5 (Prop_lut5_I0_O)        0.105    10.116 f  i_ariane/i_cva6/ex_stage_i/fpu_gen.fpu_i/fpu_gen.i_fpnew_bulk/gen_operation_groups[3].i_opgroup_block/gen_merged_slice.i_multifmt_slice/gen_num_lanes[0].active_lane.lane_instance.i_fpnew_cast_multi/mem_q[7][sbe][ex][cause][0]_i_27/O
                         net (fo=1, unplaced)         0.582    10.698    i_ariane/i_cva6/ex_stage_i/fpu_gen.fpu_i/fpu_gen.i_fpnew_bulk/gen_operation_groups[3].i_opgroup_block/gen_merged_slice.i_multifmt_slice/gen_num_lanes[0].active_lane.lane_instance.i_fpnew_cast_multi/mem_q[7][sbe][ex][cause][0]_i_27_n_0
                         LUT6 (Prop_lut6_I3_O)        0.105    10.803 f  i_ariane/i_cva6/ex_stage_i/fpu_gen.fpu_i/fpu_gen.i_fpnew_bulk/gen_operation_groups[3].i_opgroup_block/gen_merged_slice.i_multifmt_slice/gen_num_lanes[0].active_lane.lane_instance.i_fpnew_cast_multi/mem_q[7][sbe][ex][cause][0]_i_10/O
                         net (fo=4, unplaced)         0.371    11.174    i_ariane/i_cva6/ex_stage_i/fpu_gen.fpu_i/fpu_gen.i_fpnew_bulk/gen_operation_groups[3].i_opgroup_block/gen_merged_slice.i_multifmt_slice/gen_num_lanes[0].active_lane.lane_instance.i_fpnew_cast_multi/mem_q[7][sbe][ex][cause][0]_i_10_n_0
                         LUT6 (Prop_lut6_I4_O)        0.105    11.279 f  i_ariane/i_cva6/ex_stage_i/fpu_gen.fpu_i/fpu_gen.i_fpnew_bulk/gen_operation_groups[3].i_opgroup_block/gen_merged_slice.i_multifmt_slice/gen_num_lanes[0].active_lane.lane_instance.i_fpnew_cast_multi/i___366_i_119/O
                         net (fo=1, unplaced)         0.582    11.861    i_ariane/i_cva6/ex_stage_i/fpu_gen.fpu_i/fpu_gen.i_fpnew_bulk/gen_operation_groups[3].i_opgroup_block/gen_merged_slice.i_multifmt_slice/gen_num_lanes[0].active_lane.lane_instance.i_fpnew_cast_multi/i___366_i_119_n_0
                         LUT6 (Prop_lut6_I1_O)        0.105    11.966 r  i_ariane/i_cva6/ex_stage_i/fpu_gen.fpu_i/fpu_gen.i_fpnew_bulk/gen_operation_groups[3].i_opgroup_block/gen_merged_slice.i_multifmt_slice/gen_num_lanes[0].active_lane.lane_instance.i_fpnew_cast_multi/i___366_i_62/O
                         net (fo=1, unplaced)         0.000    11.966    i_ariane/i_cva6/ex_stage_i/fpu_gen.fpu_i/fpu_gen.i_fpnew_bulk/gen_operation_groups[3].i_opgroup_block/gen_merged_slice.i_multifmt_slice/gen_num_lanes[0].active_lane.lane_instance.i_fpnew_cast_multi/i___366_i_62_n_0
                         CARRY4 (Prop_carry4_S[0]_CO[3])
                                                      0.423    12.389 r  i_ariane/i_cva6/ex_stage_i/fpu_gen.fpu_i/fpu_gen.i_fpnew_bulk/gen_operation_groups[3].i_opgroup_block/gen_merged_slice.i_multifmt_slice/gen_num_lanes[0].active_lane.lane_instance.i_fpnew_cast_multi/i___366_i_32/CO[3]
                         net (fo=1, unplaced)         0.000    12.389    i_ariane/i_cva6/ex_stage_i/fpu_gen.fpu_i/fpu_gen.i_fpnew_bulk/gen_operation_groups[3].i_opgroup_block/gen_merged_slice.i_multifmt_slice/gen_num_lanes[0].active_lane.lane_instance.i_fpnew_cast_multi/i___366_i_32_n_0
                         CARRY4 (Prop_carry4_CI_CO[3])
                                                      0.100    12.489 r  i_ariane/i_cva6/ex_stage_i/fpu_gen.fpu_i/fpu_gen.i_fpnew_bulk/gen_operation_groups[3].i_opgroup_block/gen_merged_slice.i_multifmt_slice/gen_num_lanes[0].active_lane.lane_instance.i_fpnew_cast_multi/mem_q_reg[7][sbe][result][7]_i_34/CO[3]
                         net (fo=1, unplaced)         0.000    12.489    i_ariane/i_cva6/ex_stage_i/fpu_gen.fpu_i/fpu_gen.i_fpnew_bulk/gen_operation_groups[3].i_opgroup_block/gen_merged_slice.i_multifmt_slice/gen_num_lanes[0].active_lane.lane_instance.i_fpnew_cast_multi/mem_q_reg[7][sbe][result][7]_i_34_n_0
                         CARRY4 (Prop_carry4_CI_CO[3])
                                                      0.100    12.589 r  i_ariane/i_cva6/ex_stage_i/fpu_gen.fpu_i/fpu_gen.i_fpnew_bulk/gen_operation_groups[3].i_opgroup_block/gen_merged_slice.i_multifmt_slice/gen_num_lanes[0].active_lane.lane_instance.i_fpnew_cast_multi/mem_q_reg[7][sbe][result][11]_i_57/CO[3]
                         net (fo=1, unplaced)         0.000    12.589    i_ariane/i_cva6/ex_stage_i/fpu_gen.fpu_i/fpu_gen.i_fpnew_bulk/gen_operation_groups[3].i_opgroup_block/gen_merged_slice.i_multifmt_slice/gen_num_lanes[0].active_lane.lane_instance.i_fpnew_cast_multi/mem_q_reg[7][sbe][result][11]_i_57_n_0
                         CARRY4 (Prop_carry4_CI_CO[3])
                                                      0.100    12.689 r  i_ariane/i_cva6/ex_stage_i/fpu_gen.fpu_i/fpu_gen.i_fpnew_bulk/gen_operation_groups[3].i_opgroup_block/gen_merged_slice.i_multifmt_slice/gen_num_lanes[0].active_lane.lane_instance.i_fpnew_cast_multi/mem_q_reg[7][sbe][result][15]_i_52/CO[3]
                         net (fo=1, unplaced)         0.000    12.689    i_ariane/i_cva6/ex_stage_i/fpu_gen.fpu_i/fpu_gen.i_fpnew_bulk/gen_operation_groups[3].i_opgroup_block/gen_merged_slice.i_multifmt_slice/gen_num_lanes[0].active_lane.lane_instance.i_fpnew_cast_multi/mem_q_reg[7][sbe][result][15]_i_52_n_0
                         CARRY4 (Prop_carry4_CI_CO[3])
                                                      0.100    12.789 r  i_ariane/i_cva6/ex_stage_i/fpu_gen.fpu_i/fpu_gen.i_fpnew_bulk/gen_operation_groups[3].i_opgroup_block/gen_merged_slice.i_multifmt_slice/gen_num_lanes[0].active_lane.lane_instance.i_fpnew_cast_multi/mem_q_reg[7][sbe][result][23]_i_46/CO[3]
                         net (fo=1, unplaced)         0.000    12.789    i_ariane/i_cva6/ex_stage_i/fpu_gen.fpu_i/fpu_gen.i_fpnew_bulk/gen_operation_groups[3].i_opgroup_block/gen_merged_slice.i_multifmt_slice/gen_num_lanes[0].active_lane.lane_instance.i_fpnew_cast_multi/mem_q_reg[7][sbe][result][23]_i_46_n_0
                         CARRY4 (Prop_carry4_CI_CO[3])
                                                      0.100    12.889 r  i_ariane/i_cva6/ex_stage_i/fpu_gen.fpu_i/fpu_gen.i_fpnew_bulk/gen_operation_groups[3].i_opgroup_block/gen_merged_slice.i_multifmt_slice/gen_num_lanes[0].active_lane.lane_instance.i_fpnew_cast_multi/mem_q_reg[7][sbe][result][23]_i_29/CO[3]
                         net (fo=1, unplaced)         0.000    12.889    i_ariane/i_cva6/ex_stage_i/fpu_gen.fpu_i/fpu_gen.i_fpnew_bulk/gen_operation_groups[3].i_opgroup_block/gen_merged_slice.i_multifmt_slice/gen_num_lanes[0].active_lane.lane_instance.i_fpnew_cast_multi/mem_q_reg[7][sbe][result][23]_i_29_n_0
                         CARRY4 (Prop_carry4_CI_O[2])
                                                      0.214    13.103 f  i_ariane/i_cva6/ex_stage_i/fpu_gen.fpu_i/fpu_gen.i_fpnew_bulk/gen_operation_groups[3].i_opgroup_block/gen_merged_slice.i_multifmt_slice/gen_num_lanes[0].active_lane.lane_instance.i_fpnew_cast_multi/mem_q_reg[7][sbe][result][27]_i_35/O[2]
                         net (fo=6, unplaced)         0.381    13.484    i_ariane/i_cva6/ex_stage_i/fpu_gen.fpu_i/fpu_gen.i_fpnew_bulk/gen_operation_groups[3].i_opgroup_block/gen_merged_slice.i_multifmt_slice/gen_num_lanes[0].active_lane.lane_instance.i_fpnew_cast_multi/rounded_abs[26]
                         LUT1 (Prop_lut1_I0_O)        0.244    13.728 r  i_ariane/i_cva6/ex_stage_i/fpu_gen.fpu_i/fpu_gen.i_fpnew_bulk/gen_operation_groups[3].i_opgroup_block/gen_merged_slice.i_multifmt_slice/gen_num_lanes[0].active_lane.lane_instance.i_fpnew_cast_multi/mem_q[7][sbe][result][28]_i_58/O
                         net (fo=1, unplaced)         0.000    13.728    i_ariane/i_cva6/ex_stage_i/fpu_gen.fpu_i/fpu_gen.i_fpnew_bulk/gen_operation_groups[3].i_opgroup_block/gen_merged_slice.i_multifmt_slice/gen_num_lanes[0].active_lane.lane_instance.i_fpnew_cast_multi/mem_q[7][sbe][result][28]_i_58_n_0
                         CARRY4 (Prop_carry4_S[1]_CO[3])
                                                      0.444    14.172 r  i_ariane/i_cva6/ex_stage_i/fpu_gen.fpu_i/fpu_gen.i_fpnew_bulk/gen_operation_groups[3].i_opgroup_block/gen_merged_slice.i_multifmt_slice/gen_num_lanes[0].active_lane.lane_instance.i_fpnew_cast_multi/mem_q_reg[7][sbe][result][28]_i_31/CO[3]
                         net (fo=1, unplaced)         0.000    14.172    i_ariane/i_cva6/ex_stage_i/fpu_gen.fpu_i/fpu_gen.i_fpnew_bulk/gen_operation_groups[3].i_opgroup_block/gen_merged_slice.i_multifmt_slice/gen_num_lanes[0].active_lane.lane_instance.i_fpnew_cast_multi/mem_q_reg[7][sbe][result][28]_i_31_n_0
                         CARRY4 (Prop_carry4_CI_O[2])
                                                      0.214    14.386 r  i_ariane/i_cva6/ex_stage_i/fpu_gen.fpu_i/fpu_gen.i_fpnew_bulk/gen_operation_groups[3].i_opgroup_block/gen_merged_slice.i_multifmt_slice/gen_num_lanes[0].active_lane.lane_instance.i_fpnew_cast_multi/i___368_i_14/O[2]
                         net (fo=4, unplaced)         0.373    14.759    i_ariane/i_cva6/ex_stage_i/fpu_gen.fpu_i/fpu_gen.i_fpnew_bulk/gen_operation_groups[3].i_opgroup_block/gen_merged_slice.i_multifmt_slice/gen_num_lanes[0].active_lane.lane_instance.i_fpnew_cast_multi/rounded_uint_res0[31]
                         LUT5 (Prop_lut5_I1_O)        0.244    15.003 r  i_ariane/i_cva6/ex_stage_i/fpu_gen.fpu_i/fpu_gen.i_fpnew_bulk/gen_operation_groups[3].i_opgroup_block/gen_merged_slice.i_multifmt_slice/gen_num_lanes[0].active_lane.lane_instance.i_fpnew_cast_multi/i___368_i_11/O
                         net (fo=33, unplaced)        0.654    15.657    i_ariane/i_cva6/ex_stage_i/fpu_gen.fpu_i/fpu_gen.i_fpnew_bulk/gen_operation_groups[3].i_opgroup_block/gen_merged_slice.i_multifmt_slice/gen_num_lanes[0].active_lane.lane_instance.i_fpnew_cast_multi/i___368_i_11_n_0
                         LUT5 (Prop_lut5_I4_O)        0.105    15.762 f  i_ariane/i_cva6/ex_stage_i/fpu_gen.fpu_i/fpu_gen.i_fpnew_bulk/gen_operation_groups[3].i_opgroup_block/gen_merged_slice.i_multifmt_slice/gen_num_lanes[0].active_lane.lane_instance.i_fpnew_cast_multi/mem_q[7][sbe][result][51]_i_19/O
                         net (fo=2, unplaced)         0.593    16.355    i_ariane/i_cva6/ex_stage_i/fpu_gen.fpu_i/fpu_gen.i_fpnew_bulk/gen_operation_groups[3].i_opgroup_block/gen_merged_slice.i_multifmt_slice/gen_num_lanes[0].active_lane.lane_instance.i_fpnew_cast_multi/mem_q[7][sbe][result][51]_i_19_n_0
                         LUT6 (Prop_lut6_I0_O)        0.105    16.460 f  i_ariane/i_cva6/ex_stage_i/fpu_gen.fpu_i/fpu_gen.i_fpnew_bulk/gen_operation_groups[3].i_opgroup_block/gen_merged_slice.i_multifmt_slice/gen_num_lanes[0].active_lane.lane_instance.i_fpnew_cast_multi/i___366_i_125/O
                         net (fo=1, unplaced)         0.000    16.460    i_ariane/i_cva6/ex_stage_i/fpu_gen.fpu_i/fpu_gen.i_fpnew_bulk/gen_operation_groups[3].i_opgroup_block/gen_merged_slice.i_multifmt_slice/gen_num_lanes[0].active_lane.lane_instance.i_fpnew_cast_multi/i___366_i_125_n_0
                         CARRY4 (Prop_carry4_S[1]_CO[3])
                                                      0.444    16.904 f  i_ariane/i_cva6/ex_stage_i/fpu_gen.fpu_i/fpu_gen.i_fpnew_bulk/gen_operation_groups[3].i_opgroup_block/gen_merged_slice.i_multifmt_slice/gen_num_lanes[0].active_lane.lane_instance.i_fpnew_cast_multi/i___366_i_63/CO[3]
                         net (fo=1, unplaced)         0.000    16.904    i_ariane/i_cva6/ex_stage_i/fpu_gen.fpu_i/fpu_gen.i_fpnew_bulk/gen_operation_groups[3].i_opgroup_block/gen_merged_slice.i_multifmt_slice/gen_num_lanes[0].active_lane.lane_instance.i_fpnew_cast_multi/i___366_i_63_n_0
                         CARRY4 (Prop_carry4_CI_CO[1])
                                                      0.150    17.054 r  i_ariane/i_cva6/ex_stage_i/fpu_gen.fpu_i/fpu_gen.i_fpnew_bulk/gen_operation_groups[3].i_opgroup_block/gen_merged_slice.i_multifmt_slice/gen_num_lanes[0].active_lane.lane_instance.i_fpnew_cast_multi/i___366_i_34/CO[1]
                         net (fo=1, unplaced)         0.240    17.294    i_ariane/i_cva6/ex_stage_i/fpu_gen.fpu_i/fpu_gen.i_fpnew_bulk/gen_operation_groups[3].i_opgroup_block/gen_merged_slice.i_multifmt_slice/gen_num_lanes[0].active_lane.lane_instance.i_fpnew_cast_multi/int_result_is_special1
                         LUT6 (Prop_lut6_I4_O)        0.277    17.571 f  i_ariane/i_cva6/ex_stage_i/fpu_gen.fpu_i/fpu_gen.i_fpnew_bulk/gen_operation_groups[3].i_opgroup_block/gen_merged_slice.i_multifmt_slice/gen_num_lanes[0].active_lane.lane_instance.i_fpnew_cast_multi/i___366_i_19/O
                         net (fo=45, unplaced)        0.427    17.998    i_ariane/i_cva6/ex_stage_i/fpu_gen.fpu_i/fpu_gen.i_fpnew_bulk/gen_operation_groups[3].i_opgroup_block/gen_merged_slice.i_multifmt_slice/gen_num_lanes[0].active_lane.lane_instance.i_fpnew_cast_multi/i___366_i_19_n_0
                         LUT4 (Prop_lut4_I3_O)        0.105    18.103 r  i_ariane/i_cva6/ex_stage_i/fpu_gen.fpu_i/fpu_gen.i_fpnew_bulk/gen_operation_groups[3].i_opgroup_block/gen_merged_slice.i_multifmt_slice/gen_num_lanes[0].active_lane.lane_instance.i_fpnew_cast_multi/i___366_i_21/O
                         net (fo=8, unplaced)         0.385    18.488    i_ariane/i_cva6/ex_stage_i/fpu_gen.fpu_i/fpu_gen.i_fpnew_bulk/gen_operation_groups[3].i_opgroup_block/gen_merged_slice.i_multifmt_slice/gen_num_lanes[0].active_lane.lane_instance.i_fpnew_cast_multi/i___366_i_21_n_0
                         LUT6 (Prop_lut6_I4_O)        0.105    18.593 r  i_ariane/i_cva6/ex_stage_i/fpu_gen.fpu_i/fpu_gen.i_fpnew_bulk/gen_operation_groups[3].i_opgroup_block/gen_merged_slice.i_multifmt_slice/gen_num_lanes[0].active_lane.lane_instance.i_fpnew_cast_multi/i___366_i_13/O
                         net (fo=1, unplaced)         0.582    19.175    i_ariane/i_cva6/ex_stage_i/fpu_gen.fpu_i/fpu_gen.i_fpnew_bulk/gen_operation_groups[3].i_opgroup_block/gen_merged_slice.i_multifmt_slice/gen_num_lanes[0].active_lane.lane_instance.i_fpnew_cast_multi/i___366_i_13_n_0
                         LUT6 (Prop_lut6_I0_O)        0.105    19.280 r  i_ariane/i_cva6/ex_stage_i/fpu_gen.fpu_i/fpu_gen.i_fpnew_bulk/gen_operation_groups[3].i_opgroup_block/gen_merged_slice.i_multifmt_slice/gen_num_lanes[0].active_lane.lane_instance.i_fpnew_cast_multi/i___366_i_5/O
                         net (fo=1, unplaced)         0.347    19.627    i_ariane/i_cva6/ex_stage_i/fpu_gen.fpu_i/fpu_gen.i_fpnew_bulk/gen_operation_groups[0].i_opgroup_block/gen_parallel_slices[0].active_format.i_fmt_slice/gen_num_lanes[0].active_lane.lane_instance.i_fma/gen_arbiter.data_nodes[2][result][3]
                         LUT5 (Prop_lut5_I0_O)        0.105    19.732 r  i_ariane/i_cva6/ex_stage_i/fpu_gen.fpu_i/fpu_gen.i_fpnew_bulk/gen_operation_groups[0].i_opgroup_block/gen_parallel_slices[0].active_format.i_fmt_slice/gen_num_lanes[0].active_lane.lane_instance.i_fma/i___366_i_1/O
                         net (fo=19, unplaced)        0.406    20.138    i_ariane/i_cva6/issue_stage_i/i_issue_read_operands/fpu_result_ex_id[3]
                         LUT5 (Prop_lut5_I0_O)        0.105    20.243 f  i_ariane/i_cva6/issue_stage_i/i_issue_read_operands/i___328_i_2/O
                         net (fo=3, unplaced)         0.600    20.843    i_ariane/i_cva6/issue_stage_i/i_issue_read_operands/i___328_i_2_n_0
                         LUT6 (Prop_lut6_I1_O)        0.105    20.948 f  i_ariane/i_cva6/issue_stage_i/i_issue_read_operands/fu_data_q[0][operand_a][3]_i_12/O
                         net (fo=1, unplaced)         0.000    20.948    i_ariane/i_cva6/issue_stage_i/i_issue_read_operands/fu_data_q[0][operand_a][3]_i_12_n_0
                         MUXF7 (Prop_muxf7_I0_O)      0.201    21.149 f  i_ariane/i_cva6/issue_stage_i/i_issue_read_operands/fu_data_q_reg[0][operand_a][3]_i_5/O
                         net (fo=1, unplaced)         0.349    21.498    i_ariane/i_cva6/issue_stage_i/i_issue_read_operands/fu_data_q_reg[0][operand_a][3]_i_5_n_0
                         LUT6 (Prop_lut6_I5_O)        0.242    21.740 f  i_ariane/i_cva6/issue_stage_i/i_issue_read_operands/fu_data_q[0][operand_a][3]_i_2/O
                         net (fo=1, unplaced)         0.347    22.087    i_ariane/i_cva6/issue_stage_i/i_issue_read_operands/fu_data_q[0][operand_a][3]_i_2_n_0
                         LUT5 (Prop_lut5_I4_O)        0.105    22.192 r  i_ariane/i_cva6/issue_stage_i/i_issue_read_operands/fu_data_q[0][operand_a][3]_i_1/O
                         net (fo=17, unplaced)        0.403    22.595    i_ariane/gen_cvxif.gen_COPRO_KECC_AES_K.i_kecc_aes_k_xif_coprocessor/D[3]
                         LUT3 (Prop_lut3_I0_O)        0.105    22.700 r  i_ariane/gen_cvxif.gen_COPRO_KECC_AES_K.i_kecc_aes_k_xif_coprocessor/i___30_i_9/O
                         net (fo=6, unplaced)         0.379    23.079    i_ariane/i_cva6/id_stage_i/registers[0]_23[3]
                         LUT6 (Prop_lut6_I5_O)        0.105    23.184 r  i_ariane/i_cva6/id_stage_i/i___30_i_2/O
                         net (fo=11, unplaced)        0.628    23.812    i_ariane/i_cva6/id_stage_i/issue_q_reg[0][orig_instr][21]_7
                         LUT6 (Prop_lut6_I1_O)        0.105    23.917 r  i_ariane/i_cva6/id_stage_i/i___25_i_10/O
                         net (fo=3, unplaced)         0.796    24.713    i_ariane/i_cva6/id_stage_i/i___25_i_10_n_0
                         LUT6 (Prop_lut6_I3_O)        0.105    24.818 r  i_ariane/i_cva6/id_stage_i/i___25_i_2/O
                         net (fo=10, unplaced)        0.625    25.443    i_ariane/i_cva6/id_stage_i/i___235_i_3_0
                         LUT4 (Prop_lut4_I1_O)        0.105    25.548 r  i_ariane/i_cva6/id_stage_i/i___235_i_1/O
                         net (fo=6, unplaced)         0.614    26.162    i_ariane/i_cva6/id_stage_i/i___25_i_1_0
                         LUT4 (Prop_lut4_I0_O)        0.105    26.267 r  i_ariane/i_cva6/id_stage_i/i___75_i_6/O
                         net (fo=4, unplaced)         0.606    26.873    i_ariane/i_cva6/id_stage_i/i___12_i_4_0
                         LUT6 (Prop_lut6_I2_O)        0.105    26.978 r  i_ariane/i_cva6/id_stage_i/i___20_i_1/O
                         net (fo=8, unplaced)         0.385    27.363    i_ariane/i_cva6/id_stage_i/i___13_i_3_0
                         LUT5 (Prop_lut5_I1_O)        0.105    27.468 r  i_ariane/i_cva6/id_stage_i/result_o[34]_i_8/O
                         net (fo=4, unplaced)         0.371    27.839    i_ariane/i_cva6/id_stage_i/result_o[34]_i_8_n_0
                         LUT6 (Prop_lut6_I0_O)        0.105    27.944 r  i_ariane/i_cva6/id_stage_i/result_o[2]_i_4/O
                         net (fo=1, unplaced)         0.347    28.291    i_ariane/i_cva6/id_stage_i/result_o[2]_i_4_n_0
                         LUT6 (Prop_lut6_I3_O)        0.105    28.396 r  i_ariane/i_cva6/id_stage_i/result_o[2]_i_1/O
                         net (fo=1, unplaced)         0.000    28.396    i_ariane/gen_cvxif.gen_COPRO_KECC_AES_K.i_kecc_aes_k_xif_coprocessor/i_ex/result_o_reg[63]_1[2]
                         FDCE                                         r  i_ariane/gen_cvxif.gen_COPRO_KECC_AES_K.i_kecc_aes_k_xif_coprocessor/i_ex/result_o_reg[2]/D
  -------------------------------------------------------------------    -------------------

                         (clock clk_i rise edge)     10.000    10.000 r  
                                                      0.000    10.000 r  clk_i (IN)
                         net (fo=23772, unset)        0.748    10.748    i_ariane/gen_cvxif.gen_COPRO_KECC_AES_K.i_kecc_aes_k_xif_coprocessor/i_ex/clk_i
                         FDCE                                         r  i_ariane/gen_cvxif.gen_COPRO_KECC_AES_K.i_kecc_aes_k_xif_coprocessor/i_ex/result_o_reg[2]/C
                         clock pessimism              0.000    10.748    
                         clock uncertainty           -0.035    10.712    
                         FDCE (Setup_fdce_C_D)        0.043    10.755    i_ariane/gen_cvxif.gen_COPRO_KECC_AES_K.i_kecc_aes_k_xif_coprocessor/i_ex/result_o_reg[2]
  -------------------------------------------------------------------
                         required time                         10.755    
                         arrival time                         -28.396    
  -------------------------------------------------------------------
                         slack                                -17.641    

Slack (VIOLATED) :        -17.641ns  (required time - arrival time)
  Source:                 i_ariane/i_cva6/ex_stage_i/fpu_gen.fpu_i/fpu_gen.i_fpnew_bulk/gen_operation_groups[3].i_opgroup_block/gen_merged_slice.i_multifmt_slice/gen_num_lanes[0].active_lane.lane_instance.i_fpnew_cast_multi/gen_inside_pipeline[0].mid_pipe_dst_fmt_q_reg[1][1]/C
                            (rising edge-triggered cell FDCE clocked by clk_i  {rise@0.000ns fall@5.000ns period=10.000ns})
  Destination:            i_ariane/gen_cvxif.gen_COPRO_KECC_AES_K.i_kecc_aes_k_xif_coprocessor/i_ex/result_o_reg[2]/D
                            (rising edge-triggered cell FDCE clocked by clk_i  {rise@0.000ns fall@5.000ns period=10.000ns})
  Path Group:             clk_i
  Path Type:              Setup (Max at Slow Process Corner)
  Requirement:            10.000ns  (clk_i rise@10.000ns - clk_i rise@0.000ns)
  Data Path Delay:        27.609ns  (logic 8.852ns (32.062%)  route 18.757ns (67.938%))
  Logic Levels:           54  (CARRY4=17 LUT1=1 LUT2=1 LUT3=2 LUT4=4 LUT5=8 LUT6=20 MUXF7=1)
  Clock Path Skew:        -0.039ns (DCD - SCD + CPR)
    Destination Clock Delay (DCD):    0.748ns = ( 10.748 - 10.000 ) 
    Source Clock Delay      (SCD):    0.787ns
    Clock Pessimism Removal (CPR):    0.000ns
  Clock Uncertainty:      0.035ns  ((TSJ^2 + TIJ^2)^1/2 + DJ) / 2 + PE
    Total System Jitter     (TSJ):    0.071ns
    Total Input Jitter      (TIJ):    0.000ns
    Discrete Jitter          (DJ):    0.000ns
    Phase Error              (PE):    0.000ns

    Location             Delay type                Incr(ns)  Path(ns)    Netlist Resource(s)
  -------------------------------------------------------------------    -------------------
                         (clock clk_i rise edge)      0.000     0.000 r  
                                                      0.000     0.000 r  clk_i (IN)
                         net (fo=23772, unset)        0.787     0.787    i_ariane/i_cva6/ex_stage_i/fpu_gen.fpu_i/fpu_gen.i_fpnew_bulk/gen_operation_groups[3].i_opgroup_block/gen_merged_slice.i_multifmt_slice/gen_num_lanes[0].active_lane.lane_instance.i_fpnew_cast_multi/clk_i
                         FDCE                                         r  i_ariane/i_cva6/ex_stage_i/fpu_gen.fpu_i/fpu_gen.i_fpnew_bulk/gen_operation_groups[3].i_opgroup_block/gen_merged_slice.i_multifmt_slice/gen_num_lanes[0].active_lane.lane_instance.i_fpnew_cast_multi/gen_inside_pipeline[0].mid_pipe_dst_fmt_q_reg[1][1]/C
  -------------------------------------------------------------------    -------------------
                         FDCE (Prop_fdce_C_Q)         0.397     1.184 r  i_ariane/i_cva6/ex_stage_i/fpu_gen.fpu_i/fpu_gen.i_fpnew_bulk/gen_operation_groups[3].i_opgroup_block/gen_merged_slice.i_multifmt_slice/gen_num_lanes[0].active_lane.lane_instance.i_fpnew_cast_multi/gen_inside_pipeline[0].mid_pipe_dst_fmt_q_reg[1][1]/Q
                         net (fo=140, unplaced)       0.733     1.917    i_ariane/i_cva6/ex_stage_i/fpu_gen.fpu_i/fpu_gen.i_fpnew_bulk/gen_operation_groups[3].i_opgroup_block/gen_merged_slice.i_multifmt_slice/gen_num_lanes[0].active_lane.lane_instance.i_fpnew_cast_multi/gen_inside_pipeline[0].mid_pipe_dst_fmt_q_reg_n_0_[1][1]
                         LUT3 (Prop_lut3_I0_O)        0.232     2.149 r  i_ariane/i_cva6/ex_stage_i/fpu_gen.fpu_i/fpu_gen.i_fpnew_bulk/gen_operation_groups[3].i_opgroup_block/gen_merged_slice.i_multifmt_slice/gen_num_lanes[0].active_lane.lane_instance.i_fpnew_cast_multi/mem_q[7][sbe][result][54]_i_102/O
                         net (fo=2, unplaced)         0.269     2.418    i_ariane/i_cva6/ex_stage_i/fpu_gen.fpu_i/fpu_gen.i_fpnew_bulk/gen_operation_groups[3].i_opgroup_block/gen_merged_slice.i_multifmt_slice/gen_num_lanes[0].active_lane.lane_instance.i_fpnew_cast_multi/mem_q[7][sbe][result][54]_i_102_n_0
                         CARRY4 (Prop_carry4_CYINIT_CO[3])
                                                      0.494     2.912 r  i_ariane/i_cva6/ex_stage_i/fpu_gen.fpu_i/fpu_gen.i_fpnew_bulk/gen_operation_groups[3].i_opgroup_block/gen_merged_slice.i_multifmt_slice/gen_num_lanes[0].active_lane.lane_instance.i_fpnew_cast_multi/i___371_i_68/CO[3]
                         net (fo=1, unplaced)         0.000     2.912    i_ariane/i_cva6/ex_stage_i/fpu_gen.fpu_i/fpu_gen.i_fpnew_bulk/gen_operation_groups[3].i_opgroup_block/gen_merged_slice.i_multifmt_slice/gen_num_lanes[0].active_lane.lane_instance.i_fpnew_cast_multi/i___371_i_68_n_0
                         CARRY4 (Prop_carry4_CI_CO[3])
                                                      0.100     3.012 r  i_ariane/i_cva6/ex_stage_i/fpu_gen.fpu_i/fpu_gen.i_fpnew_bulk/gen_operation_groups[3].i_opgroup_block/gen_merged_slice.i_multifmt_slice/gen_num_lanes[0].active_lane.lane_instance.i_fpnew_cast_multi/i___371_i_53/CO[3]
                         net (fo=1, unplaced)         0.000     3.012    i_ariane/i_cva6/ex_stage_i/fpu_gen.fpu_i/fpu_gen.i_fpnew_bulk/gen_operation_groups[3].i_opgroup_block/gen_merged_slice.i_multifmt_slice/gen_num_lanes[0].active_lane.lane_instance.i_fpnew_cast_multi/i___371_i_53_n_0
                         CARRY4 (Prop_carry4_CI_CO[3])
                                                      0.100     3.112 r  i_ariane/i_cva6/ex_stage_i/fpu_gen.fpu_i/fpu_gen.i_fpnew_bulk/gen_operation_groups[3].i_opgroup_block/gen_merged_slice.i_multifmt_slice/gen_num_lanes[0].active_lane.lane_instance.i_fpnew_cast_multi/i___371_i_51/CO[3]
                         net (fo=1, unplaced)         0.000     3.112    i_ariane/i_cva6/ex_stage_i/fpu_gen.fpu_i/fpu_gen.i_fpnew_bulk/gen_operation_groups[3].i_opgroup_block/gen_merged_slice.i_multifmt_slice/gen_num_lanes[0].active_lane.lane_instance.i_fpnew_cast_multi/i___371_i_51_n_0
                         CARRY4 (Prop_carry4_CI_CO[3])
                                                      0.100     3.212 r  i_ariane/i_cva6/ex_stage_i/fpu_gen.fpu_i/fpu_gen.i_fpnew_bulk/gen_operation_groups[3].i_opgroup_block/gen_merged_slice.i_multifmt_slice/gen_num_lanes[0].active_lane.lane_instance.i_fpnew_cast_multi/i___371_i_81/CO[3]
                         net (fo=16, unplaced)        0.664     3.876    i_ariane/i_cva6/ex_stage_i/fpu_gen.fpu_i/fpu_gen.i_fpnew_bulk/gen_operation_groups[3].i_opgroup_block/gen_merged_slice.i_multifmt_slice/gen_num_lanes[0].active_lane.lane_instance.i_fpnew_cast_multi/i___371_i_81_n_0
                         LUT2 (Prop_lut2_I1_O)        0.105     3.981 r  i_ariane/i_cva6/ex_stage_i/fpu_gen.fpu_i/fpu_gen.i_fpnew_bulk/gen_operation_groups[3].i_opgroup_block/gen_merged_slice.i_multifmt_slice/gen_num_lanes[0].active_lane.lane_instance.i_fpnew_cast_multi/i___371_i_76/O
                         net (fo=1, unplaced)         0.000     3.981    i_ariane/i_cva6/ex_stage_i/fpu_gen.fpu_i/fpu_gen.i_fpnew_bulk/gen_operation_groups[3].i_opgroup_block/gen_merged_slice.i_multifmt_slice/gen_num_lanes[0].active_lane.lane_instance.i_fpnew_cast_multi/i___371_i_76_n_0
                         CARRY4 (Prop_carry4_DI[0]_CO[3])
                                                      0.477     4.458 r  i_ariane/i_cva6/ex_stage_i/fpu_gen.fpu_i/fpu_gen.i_fpnew_bulk/gen_operation_groups[3].i_opgroup_block/gen_merged_slice.i_multifmt_slice/gen_num_lanes[0].active_lane.lane_instance.i_fpnew_cast_multi/i___371_i_57/CO[3]
                         net (fo=1, unplaced)         0.000     4.458    i_ariane/i_cva6/ex_stage_i/fpu_gen.fpu_i/fpu_gen.i_fpnew_bulk/gen_operation_groups[3].i_opgroup_block/gen_merged_slice.i_multifmt_slice/gen_num_lanes[0].active_lane.lane_instance.i_fpnew_cast_multi/i___371_i_57_n_0
                         CARRY4 (Prop_carry4_CI_CO[3])
                                                      0.100     4.558 f  i_ariane/i_cva6/ex_stage_i/fpu_gen.fpu_i/fpu_gen.i_fpnew_bulk/gen_operation_groups[3].i_opgroup_block/gen_merged_slice.i_multifmt_slice/gen_num_lanes[0].active_lane.lane_instance.i_fpnew_cast_multi/i___371_i_49/CO[3]
                         net (fo=61, unplaced)        0.697     5.255    i_ariane/i_cva6/ex_stage_i/fpu_gen.fpu_i/fpu_gen.i_fpnew_bulk/gen_operation_groups[3].i_opgroup_block/gen_merged_slice.i_multifmt_slice/gen_num_lanes[0].active_lane.lane_instance.i_fpnew_cast_multi/preshift_mant1
                         LUT4 (Prop_lut4_I3_O)        0.105     5.360 f  i_ariane/i_cva6/ex_stage_i/fpu_gen.fpu_i/fpu_gen.i_fpnew_bulk/gen_operation_groups[3].i_opgroup_block/gen_merged_slice.i_multifmt_slice/gen_num_lanes[0].active_lane.lane_instance.i_fpnew_cast_multi/mem_q[7][sbe][ex][cause][0]_i_129/O
                         net (fo=4, unplaced)         0.371     5.731    i_ariane/i_cva6/ex_stage_i/fpu_gen.fpu_i/fpu_gen.i_fpnew_bulk/gen_operation_groups[3].i_opgroup_block/gen_merged_slice.i_multifmt_slice/gen_num_lanes[0].active_lane.lane_instance.i_fpnew_cast_multi/mem_q[7][sbe][ex][cause][0]_i_129_n_0
                         LUT6 (Prop_lut6_I4_O)        0.105     5.836 f  i_ariane/i_cva6/ex_stage_i/fpu_gen.fpu_i/fpu_gen.i_fpnew_bulk/gen_operation_groups[3].i_opgroup_block/gen_merged_slice.i_multifmt_slice/gen_num_lanes[0].active_lane.lane_instance.i_fpnew_cast_multi/mem_q[7][sbe][ex][cause][0]_i_287/O
                         net (fo=117, unplaced)       0.450     6.286    i_ariane/i_cva6/ex_stage_i/fpu_gen.fpu_i/fpu_gen.i_fpnew_bulk/gen_operation_groups[3].i_opgroup_block/gen_merged_slice.i_multifmt_slice/gen_num_lanes[0].active_lane.lane_instance.i_fpnew_cast_multi/mem_q[7][sbe][ex][cause][0]_i_287_n_0
                         LUT5 (Prop_lut5_I4_O)        0.105     6.391 r  i_ariane/i_cva6/ex_stage_i/fpu_gen.fpu_i/fpu_gen.i_fpnew_bulk/gen_operation_groups[3].i_opgroup_block/gen_merged_slice.i_multifmt_slice/gen_num_lanes[0].active_lane.lane_instance.i_fpnew_cast_multi/mem_q[7][sbe][ex][cause][0]_i_512/O
                         net (fo=35, unplaced)        0.420     6.811    i_ariane/i_cva6/ex_stage_i/fpu_gen.fpu_i/fpu_gen.i_fpnew_bulk/gen_operation_groups[3].i_opgroup_block/gen_merged_slice.i_multifmt_slice/gen_num_lanes[0].active_lane.lane_instance.i_fpnew_cast_multi/mem_q[7][sbe][ex][cause][0]_i_512_n_0
                         LUT6 (Prop_lut6_I2_O)        0.105     6.916 r  i_ariane/i_cva6/ex_stage_i/fpu_gen.fpu_i/fpu_gen.i_fpnew_bulk/gen_operation_groups[3].i_opgroup_block/gen_merged_slice.i_multifmt_slice/gen_num_lanes[0].active_lane.lane_instance.i_fpnew_cast_multi/mem_q[7][sbe][ex][cause][0]_i_481/O
                         net (fo=3, unplaced)         0.600     7.516    i_ariane/i_cva6/ex_stage_i/fpu_gen.fpu_i/fpu_gen.i_fpnew_bulk/gen_operation_groups[3].i_opgroup_block/gen_merged_slice.i_multifmt_slice/gen_num_lanes[0].active_lane.lane_instance.i_fpnew_cast_multi/mem_q[7][sbe][ex][cause][0]_i_481_n_0
                         LUT6 (Prop_lut6_I0_O)        0.105     7.621 r  i_ariane/i_cva6/ex_stage_i/fpu_gen.fpu_i/fpu_gen.i_fpnew_bulk/gen_operation_groups[3].i_opgroup_block/gen_merged_slice.i_multifmt_slice/gen_num_lanes[0].active_lane.lane_instance.i_fpnew_cast_multi/mem_q[7][sbe][ex][cause][0]_i_349/O
                         net (fo=4, unplaced)         0.606     8.227    i_ariane/i_cva6/ex_stage_i/fpu_gen.fpu_i/fpu_gen.i_fpnew_bulk/gen_operation_groups[3].i_opgroup_block/gen_merged_slice.i_multifmt_slice/gen_num_lanes[0].active_lane.lane_instance.i_fpnew_cast_multi/mem_q[7][sbe][ex][cause][0]_i_349_n_0
                         LUT6 (Prop_lut6_I1_O)        0.105     8.332 r  i_ariane/i_cva6/ex_stage_i/fpu_gen.fpu_i/fpu_gen.i_fpnew_bulk/gen_operation_groups[3].i_opgroup_block/gen_merged_slice.i_multifmt_slice/gen_num_lanes[0].active_lane.lane_instance.i_fpnew_cast_multi/mem_q[7][sbe][ex][cause][0]_i_212/O
                         net (fo=3, unplaced)         0.796     9.128    i_ariane/i_cva6/ex_stage_i/fpu_gen.fpu_i/fpu_gen.i_fpnew_bulk/gen_operation_groups[3].i_opgroup_block/gen_merged_slice.i_multifmt_slice/gen_num_lanes[0].active_lane.lane_instance.i_fpnew_cast_multi/mem_q[7][sbe][ex][cause][0]_i_212_n_0
                         LUT6 (Prop_lut6_I0_O)        0.105     9.233 r  i_ariane/i_cva6/ex_stage_i/fpu_gen.fpu_i/fpu_gen.i_fpnew_bulk/gen_operation_groups[3].i_opgroup_block/gen_merged_slice.i_multifmt_slice/gen_num_lanes[0].active_lane.lane_instance.i_fpnew_cast_multi/mem_q[7][sbe][ex][cause][0]_i_99/O
                         net (fo=1, unplaced)         0.778    10.011    i_ariane/i_cva6/ex_stage_i/fpu_gen.fpu_i/fpu_gen.i_fpnew_bulk/gen_operation_groups[3].i_opgroup_block/gen_merged_slice.i_multifmt_slice/gen_num_lanes[0].active_lane.lane_instance.i_fpnew_cast_multi/mem_q[7][sbe][ex][cause][0]_i_99_n_0
                         LUT5 (Prop_lut5_I0_O)        0.105    10.116 r  i_ariane/i_cva6/ex_stage_i/fpu_gen.fpu_i/fpu_gen.i_fpnew_bulk/gen_operation_groups[3].i_opgroup_block/gen_merged_slice.i_multifmt_slice/gen_num_lanes[0].active_lane.lane_instance.i_fpnew_cast_multi/mem_q[7][sbe][ex][cause][0]_i_27/O
                         net (fo=1, unplaced)         0.582    10.698    i_ariane/i_cva6/ex_stage_i/fpu_gen.fpu_i/fpu_gen.i_fpnew_bulk/gen_operation_groups[3].i_opgroup_block/gen_merged_slice.i_multifmt_slice/gen_num_lanes[0].active_lane.lane_instance.i_fpnew_cast_multi/mem_q[7][sbe][ex][cause][0]_i_27_n_0
                         LUT6 (Prop_lut6_I3_O)        0.105    10.803 r  i_ariane/i_cva6/ex_stage_i/fpu_gen.fpu_i/fpu_gen.i_fpnew_bulk/gen_operation_groups[3].i_opgroup_block/gen_merged_slice.i_multifmt_slice/gen_num_lanes[0].active_lane.lane_instance.i_fpnew_cast_multi/mem_q[7][sbe][ex][cause][0]_i_10/O
                         net (fo=4, unplaced)         0.371    11.174    i_ariane/i_cva6/ex_stage_i/fpu_gen.fpu_i/fpu_gen.i_fpnew_bulk/gen_operation_groups[3].i_opgroup_block/gen_merged_slice.i_multifmt_slice/gen_num_lanes[0].active_lane.lane_instance.i_fpnew_cast_multi/mem_q[7][sbe][ex][cause][0]_i_10_n_0
                         LUT6 (Prop_lut6_I4_O)        0.105    11.279 r  i_ariane/i_cva6/ex_stage_i/fpu_gen.fpu_i/fpu_gen.i_fpnew_bulk/gen_operation_groups[3].i_opgroup_block/gen_merged_slice.i_multifmt_slice/gen_num_lanes[0].active_lane.lane_instance.i_fpnew_cast_multi/i___366_i_119/O
                         net (fo=1, unplaced)         0.582    11.861    i_ariane/i_cva6/ex_stage_i/fpu_gen.fpu_i/fpu_gen.i_fpnew_bulk/gen_operation_groups[3].i_opgroup_block/gen_merged_slice.i_multifmt_slice/gen_num_lanes[0].active_lane.lane_instance.i_fpnew_cast_multi/i___366_i_119_n_0
                         LUT6 (Prop_lut6_I1_O)        0.105    11.966 f  i_ariane/i_cva6/ex_stage_i/fpu_gen.fpu_i/fpu_gen.i_fpnew_bulk/gen_operation_groups[3].i_opgroup_block/gen_merged_slice.i_multifmt_slice/gen_num_lanes[0].active_lane.lane_instance.i_fpnew_cast_multi/i___366_i_62/O
                         net (fo=1, unplaced)         0.000    11.966    i_ariane/i_cva6/ex_stage_i/fpu_gen.fpu_i/fpu_gen.i_fpnew_bulk/gen_operation_groups[3].i_opgroup_block/gen_merged_slice.i_multifmt_slice/gen_num_lanes[0].active_lane.lane_instance.i_fpnew_cast_multi/i___366_i_62_n_0
                         CARRY4 (Prop_carry4_S[0]_CO[3])
                                                      0.423    12.389 r  i_ariane/i_cva6/ex_stage_i/fpu_gen.fpu_i/fpu_gen.i_fpnew_bulk/gen_operation_groups[3].i_opgroup_block/gen_merged_slice.i_multifmt_slice/gen_num_lanes[0].active_lane.lane_instance.i_fpnew_cast_multi/i___366_i_32/CO[3]
                         net (fo=1, unplaced)         0.000    12.389    i_ariane/i_cva6/ex_stage_i/fpu_gen.fpu_i/fpu_gen.i_fpnew_bulk/gen_operation_groups[3].i_opgroup_block/gen_merged_slice.i_multifmt_slice/gen_num_lanes[0].active_lane.lane_instance.i_fpnew_cast_multi/i___366_i_32_n_0
                         CARRY4 (Prop_carry4_CI_CO[3])
                                                      0.100    12.489 r  i_ariane/i_cva6/ex_stage_i/fpu_gen.fpu_i/fpu_gen.i_fpnew_bulk/gen_operation_groups[3].i_opgroup_block/gen_merged_slice.i_multifmt_slice/gen_num_lanes[0].active_lane.lane_instance.i_fpnew_cast_multi/mem_q_reg[7][sbe][result][7]_i_34/CO[3]
                         net (fo=1, unplaced)         0.000    12.489    i_ariane/i_cva6/ex_stage_i/fpu_gen.fpu_i/fpu_gen.i_fpnew_bulk/gen_operation_groups[3].i_opgroup_block/gen_merged_slice.i_multifmt_slice/gen_num_lanes[0].active_lane.lane_instance.i_fpnew_cast_multi/mem_q_reg[7][sbe][result][7]_i_34_n_0
                         CARRY4 (Prop_carry4_CI_CO[3])
                                                      0.100    12.589 r  i_ariane/i_cva6/ex_stage_i/fpu_gen.fpu_i/fpu_gen.i_fpnew_bulk/gen_operation_groups[3].i_opgroup_block/gen_merged_slice.i_multifmt_slice/gen_num_lanes[0].active_lane.lane_instance.i_fpnew_cast_multi/mem_q_reg[7][sbe][result][11]_i_57/CO[3]
                         net (fo=1, unplaced)         0.000    12.589    i_ariane/i_cva6/ex_stage_i/fpu_gen.fpu_i/fpu_gen.i_fpnew_bulk/gen_operation_groups[3].i_opgroup_block/gen_merged_slice.i_multifmt_slice/gen_num_lanes[0].active_lane.lane_instance.i_fpnew_cast_multi/mem_q_reg[7][sbe][result][11]_i_57_n_0
                         CARRY4 (Prop_carry4_CI_CO[3])
                                                      0.100    12.689 r  i_ariane/i_cva6/ex_stage_i/fpu_gen.fpu_i/fpu_gen.i_fpnew_bulk/gen_operation_groups[3].i_opgroup_block/gen_merged_slice.i_multifmt_slice/gen_num_lanes[0].active_lane.lane_instance.i_fpnew_cast_multi/mem_q_reg[7][sbe][result][15]_i_52/CO[3]
                         net (fo=1, unplaced)         0.000    12.689    i_ariane/i_cva6/ex_stage_i/fpu_gen.fpu_i/fpu_gen.i_fpnew_bulk/gen_operation_groups[3].i_opgroup_block/gen_merged_slice.i_multifmt_slice/gen_num_lanes[0].active_lane.lane_instance.i_fpnew_cast_multi/mem_q_reg[7][sbe][result][15]_i_52_n_0
                         CARRY4 (Prop_carry4_CI_CO[3])
                                                      0.100    12.789 r  i_ariane/i_cva6/ex_stage_i/fpu_gen.fpu_i/fpu_gen.i_fpnew_bulk/gen_operation_groups[3].i_opgroup_block/gen_merged_slice.i_multifmt_slice/gen_num_lanes[0].active_lane.lane_instance.i_fpnew_cast_multi/mem_q_reg[7][sbe][result][23]_i_46/CO[3]
                         net (fo=1, unplaced)         0.000    12.789    i_ariane/i_cva6/ex_stage_i/fpu_gen.fpu_i/fpu_gen.i_fpnew_bulk/gen_operation_groups[3].i_opgroup_block/gen_merged_slice.i_multifmt_slice/gen_num_lanes[0].active_lane.lane_instance.i_fpnew_cast_multi/mem_q_reg[7][sbe][result][23]_i_46_n_0
                         CARRY4 (Prop_carry4_CI_CO[3])
                                                      0.100    12.889 r  i_ariane/i_cva6/ex_stage_i/fpu_gen.fpu_i/fpu_gen.i_fpnew_bulk/gen_operation_groups[3].i_opgroup_block/gen_merged_slice.i_multifmt_slice/gen_num_lanes[0].active_lane.lane_instance.i_fpnew_cast_multi/mem_q_reg[7][sbe][result][23]_i_29/CO[3]
                         net (fo=1, unplaced)         0.000    12.889    i_ariane/i_cva6/ex_stage_i/fpu_gen.fpu_i/fpu_gen.i_fpnew_bulk/gen_operation_groups[3].i_opgroup_block/gen_merged_slice.i_multifmt_slice/gen_num_lanes[0].active_lane.lane_instance.i_fpnew_cast_multi/mem_q_reg[7][sbe][result][23]_i_29_n_0
                         CARRY4 (Prop_carry4_CI_O[2])
                                                      0.214    13.103 f  i_ariane/i_cva6/ex_stage_i/fpu_gen.fpu_i/fpu_gen.i_fpnew_bulk/gen_operation_groups[3].i_opgroup_block/gen_merged_slice.i_multifmt_slice/gen_num_lanes[0].active_lane.lane_instance.i_fpnew_cast_multi/mem_q_reg[7][sbe][result][27]_i_35/O[2]
                         net (fo=6, unplaced)         0.381    13.484    i_ariane/i_cva6/ex_stage_i/fpu_gen.fpu_i/fpu_gen.i_fpnew_bulk/gen_operation_groups[3].i_opgroup_block/gen_merged_slice.i_multifmt_slice/gen_num_lanes[0].active_lane.lane_instance.i_fpnew_cast_multi/rounded_abs[26]
                         LUT1 (Prop_lut1_I0_O)        0.244    13.728 r  i_ariane/i_cva6/ex_stage_i/fpu_gen.fpu_i/fpu_gen.i_fpnew_bulk/gen_operation_groups[3].i_opgroup_block/gen_merged_slice.i_multifmt_slice/gen_num_lanes[0].active_lane.lane_instance.i_fpnew_cast_multi/mem_q[7][sbe][result][28]_i_58/O
                         net (fo=1, unplaced)         0.000    13.728    i_ariane/i_cva6/ex_stage_i/fpu_gen.fpu_i/fpu_gen.i_fpnew_bulk/gen_operation_groups[3].i_opgroup_block/gen_merged_slice.i_multifmt_slice/gen_num_lanes[0].active_lane.lane_instance.i_fpnew_cast_multi/mem_q[7][sbe][result][28]_i_58_n_0
                         CARRY4 (Prop_carry4_S[1]_CO[3])
                                                      0.444    14.172 r  i_ariane/i_cva6/ex_stage_i/fpu_gen.fpu_i/fpu_gen.i_fpnew_bulk/gen_operation_groups[3].i_opgroup_block/gen_merged_slice.i_multifmt_slice/gen_num_lanes[0].active_lane.lane_instance.i_fpnew_cast_multi/mem_q_reg[7][sbe][result][28]_i_31/CO[3]
                         net (fo=1, unplaced)         0.000    14.172    i_ariane/i_cva6/ex_stage_i/fpu_gen.fpu_i/fpu_gen.i_fpnew_bulk/gen_operation_groups[3].i_opgroup_block/gen_merged_slice.i_multifmt_slice/gen_num_lanes[0].active_lane.lane_instance.i_fpnew_cast_multi/mem_q_reg[7][sbe][result][28]_i_31_n_0
                         CARRY4 (Prop_carry4_CI_O[2])
                                                      0.214    14.386 r  i_ariane/i_cva6/ex_stage_i/fpu_gen.fpu_i/fpu_gen.i_fpnew_bulk/gen_operation_groups[3].i_opgroup_block/gen_merged_slice.i_multifmt_slice/gen_num_lanes[0].active_lane.lane_instance.i_fpnew_cast_multi/i___368_i_14/O[2]
                         net (fo=4, unplaced)         0.373    14.759    i_ariane/i_cva6/ex_stage_i/fpu_gen.fpu_i/fpu_gen.i_fpnew_bulk/gen_operation_groups[3].i_opgroup_block/gen_merged_slice.i_multifmt_slice/gen_num_lanes[0].active_lane.lane_instance.i_fpnew_cast_multi/rounded_uint_res0[31]
                         LUT5 (Prop_lut5_I1_O)        0.244    15.003 r  i_ariane/i_cva6/ex_stage_i/fpu_gen.fpu_i/fpu_gen.i_fpnew_bulk/gen_operation_groups[3].i_opgroup_block/gen_merged_slice.i_multifmt_slice/gen_num_lanes[0].active_lane.lane_instance.i_fpnew_cast_multi/i___368_i_11/O
                         net (fo=33, unplaced)        0.654    15.657    i_ariane/i_cva6/ex_stage_i/fpu_gen.fpu_i/fpu_gen.i_fpnew_bulk/gen_operation_groups[3].i_opgroup_block/gen_merged_slice.i_multifmt_slice/gen_num_lanes[0].active_lane.lane_instance.i_fpnew_cast_multi/i___368_i_11_n_0
                         LUT5 (Prop_lut5_I4_O)        0.105    15.762 f  i_ariane/i_cva6/ex_stage_i/fpu_gen.fpu_i/fpu_gen.i_fpnew_bulk/gen_operation_groups[3].i_opgroup_block/gen_merged_slice.i_multifmt_slice/gen_num_lanes[0].active_lane.lane_instance.i_fpnew_cast_multi/mem_q[7][sbe][result][51]_i_19/O
                         net (fo=2, unplaced)         0.593    16.355    i_ariane/i_cva6/ex_stage_i/fpu_gen.fpu_i/fpu_gen.i_fpnew_bulk/gen_operation_groups[3].i_opgroup_block/gen_merged_slice.i_multifmt_slice/gen_num_lanes[0].active_lane.lane_instance.i_fpnew_cast_multi/mem_q[7][sbe][result][51]_i_19_n_0
                         LUT6 (Prop_lut6_I0_O)        0.105    16.460 f  i_ariane/i_cva6/ex_stage_i/fpu_gen.fpu_i/fpu_gen.i_fpnew_bulk/gen_operation_groups[3].i_opgroup_block/gen_merged_slice.i_multifmt_slice/gen_num_lanes[0].active_lane.lane_instance.i_fpnew_cast_multi/i___366_i_125/O
                         net (fo=1, unplaced)         0.000    16.460    i_ariane/i_cva6/ex_stage_i/fpu_gen.fpu_i/fpu_gen.i_fpnew_bulk/gen_operation_groups[3].i_opgroup_block/gen_merged_slice.i_multifmt_slice/gen_num_lanes[0].active_lane.lane_instance.i_fpnew_cast_multi/i___366_i_125_n_0
                         CARRY4 (Prop_carry4_S[1]_CO[3])
                                                      0.444    16.904 f  i_ariane/i_cva6/ex_stage_i/fpu_gen.fpu_i/fpu_gen.i_fpnew_bulk/gen_operation_groups[3].i_opgroup_block/gen_merged_slice.i_multifmt_slice/gen_num_lanes[0].active_lane.lane_instance.i_fpnew_cast_multi/i___366_i_63/CO[3]
                         net (fo=1, unplaced)         0.000    16.904    i_ariane/i_cva6/ex_stage_i/fpu_gen.fpu_i/fpu_gen.i_fpnew_bulk/gen_operation_groups[3].i_opgroup_block/gen_merged_slice.i_multifmt_slice/gen_num_lanes[0].active_lane.lane_instance.i_fpnew_cast_multi/i___366_i_63_n_0
                         CARRY4 (Prop_carry4_CI_CO[1])
                                                      0.150    17.054 r  i_ariane/i_cva6/ex_stage_i/fpu_gen.fpu_i/fpu_gen.i_fpnew_bulk/gen_operation_groups[3].i_opgroup_block/gen_merged_slice.i_multifmt_slice/gen_num_lanes[0].active_lane.lane_instance.i_fpnew_cast_multi/i___366_i_34/CO[1]
                         net (fo=1, unplaced)         0.240    17.294    i_ariane/i_cva6/ex_stage_i/fpu_gen.fpu_i/fpu_gen.i_fpnew_bulk/gen_operation_groups[3].i_opgroup_block/gen_merged_slice.i_multifmt_slice/gen_num_lanes[0].active_lane.lane_instance.i_fpnew_cast_multi/int_result_is_special1
                         LUT6 (Prop_lut6_I4_O)        0.277    17.571 f  i_ariane/i_cva6/ex_stage_i/fpu_gen.fpu_i/fpu_gen.i_fpnew_bulk/gen_operation_groups[3].i_opgroup_block/gen_merged_slice.i_multifmt_slice/gen_num_lanes[0].active_lane.lane_instance.i_fpnew_cast_multi/i___366_i_19/O
                         net (fo=45, unplaced)        0.427    17.998    i_ariane/i_cva6/ex_stage_i/fpu_gen.fpu_i/fpu_gen.i_fpnew_bulk/gen_operation_groups[3].i_opgroup_block/gen_merged_slice.i_multifmt_slice/gen_num_lanes[0].active_lane.lane_instance.i_fpnew_cast_multi/i___366_i_19_n_0
                         LUT4 (Prop_lut4_I3_O)        0.105    18.103 r  i_ariane/i_cva6/ex_stage_i/fpu_gen.fpu_i/fpu_gen.i_fpnew_bulk/gen_operation_groups[3].i_opgroup_block/gen_merged_slice.i_multifmt_slice/gen_num_lanes[0].active_lane.lane_instance.i_fpnew_cast_multi/i___366_i_21/O
                         net (fo=8, unplaced)         0.385    18.488    i_ariane/i_cva6/ex_stage_i/fpu_gen.fpu_i/fpu_gen.i_fpnew_bulk/gen_operation_groups[3].i_opgroup_block/gen_merged_slice.i_multifmt_slice/gen_num_lanes[0].active_lane.lane_instance.i_fpnew_cast_multi/i___366_i_21_n_0
                         LUT6 (Prop_lut6_I4_O)        0.105    18.593 r  i_ariane/i_cva6/ex_stage_i/fpu_gen.fpu_i/fpu_gen.i_fpnew_bulk/gen_operation_groups[3].i_opgroup_block/gen_merged_slice.i_multifmt_slice/gen_num_lanes[0].active_lane.lane_instance.i_fpnew_cast_multi/i___366_i_13/O
                         net (fo=1, unplaced)         0.582    19.175    i_ariane/i_cva6/ex_stage_i/fpu_gen.fpu_i/fpu_gen.i_fpnew_bulk/gen_operation_groups[3].i_opgroup_block/gen_merged_slice.i_multifmt_slice/gen_num_lanes[0].active_lane.lane_instance.i_fpnew_cast_multi/i___366_i_13_n_0
                         LUT6 (Prop_lut6_I0_O)        0.105    19.280 r  i_ariane/i_cva6/ex_stage_i/fpu_gen.fpu_i/fpu_gen.i_fpnew_bulk/gen_operation_groups[3].i_opgroup_block/gen_merged_slice.i_multifmt_slice/gen_num_lanes[0].active_lane.lane_instance.i_fpnew_cast_multi/i___366_i_5/O
                         net (fo=1, unplaced)         0.347    19.627    i_ariane/i_cva6/ex_stage_i/fpu_gen.fpu_i/fpu_gen.i_fpnew_bulk/gen_operation_groups[0].i_opgroup_block/gen_parallel_slices[0].active_format.i_fmt_slice/gen_num_lanes[0].active_lane.lane_instance.i_fma/gen_arbiter.data_nodes[2][result][3]
                         LUT5 (Prop_lut5_I0_O)        0.105    19.732 r  i_ariane/i_cva6/ex_stage_i/fpu_gen.fpu_i/fpu_gen.i_fpnew_bulk/gen_operation_groups[0].i_opgroup_block/gen_parallel_slices[0].active_format.i_fmt_slice/gen_num_lanes[0].active_lane.lane_instance.i_fma/i___366_i_1/O
                         net (fo=19, unplaced)        0.406    20.138    i_ariane/i_cva6/issue_stage_i/i_issue_read_operands/fpu_result_ex_id[3]
                         LUT5 (Prop_lut5_I0_O)        0.105    20.243 f  i_ariane/i_cva6/issue_stage_i/i_issue_read_operands/i___328_i_2/O
                         net (fo=3, unplaced)         0.600    20.843    i_ariane/i_cva6/issue_stage_i/i_issue_read_operands/i___328_i_2_n_0
                         LUT6 (Prop_lut6_I1_O)        0.105    20.948 f  i_ariane/i_cva6/issue_stage_i/i_issue_read_operands/fu_data_q[0][operand_a][3]_i_12/O
                         net (fo=1, unplaced)         0.000    20.948    i_ariane/i_cva6/issue_stage_i/i_issue_read_operands/fu_data_q[0][operand_a][3]_i_12_n_0
                         MUXF7 (Prop_muxf7_I0_O)      0.201    21.149 f  i_ariane/i_cva6/issue_stage_i/i_issue_read_operands/fu_data_q_reg[0][operand_a][3]_i_5/O
                         net (fo=1, unplaced)         0.349    21.498    i_ariane/i_cva6/issue_stage_i/i_issue_read_operands/fu_data_q_reg[0][operand_a][3]_i_5_n_0
                         LUT6 (Prop_lut6_I5_O)        0.242    21.740 f  i_ariane/i_cva6/issue_stage_i/i_issue_read_operands/fu_data_q[0][operand_a][3]_i_2/O
                         net (fo=1, unplaced)         0.347    22.087    i_ariane/i_cva6/issue_stage_i/i_issue_read_operands/fu_data_q[0][operand_a][3]_i_2_n_0
                         LUT5 (Prop_lut5_I4_O)        0.105    22.192 r  i_ariane/i_cva6/issue_stage_i/i_issue_read_operands/fu_data_q[0][operand_a][3]_i_1/O
                         net (fo=17, unplaced)        0.403    22.595    i_ariane/gen_cvxif.gen_COPRO_KECC_AES_K.i_kecc_aes_k_xif_coprocessor/D[3]
                         LUT3 (Prop_lut3_I0_O)        0.105    22.700 r  i_ariane/gen_cvxif.gen_COPRO_KECC_AES_K.i_kecc_aes_k_xif_coprocessor/i___30_i_9/O
                         net (fo=6, unplaced)         0.379    23.079    i_ariane/i_cva6/id_stage_i/registers[0]_23[3]
                         LUT6 (Prop_lut6_I5_O)        0.105    23.184 r  i_ariane/i_cva6/id_stage_i/i___30_i_2/O
                         net (fo=11, unplaced)        0.628    23.812    i_ariane/i_cva6/id_stage_i/issue_q_reg[0][orig_instr][21]_7
                         LUT6 (Prop_lut6_I1_O)        0.105    23.917 r  i_ariane/i_cva6/id_stage_i/i___25_i_10/O
                         net (fo=3, unplaced)         0.796    24.713    i_ariane/i_cva6/id_stage_i/i___25_i_10_n_0
                         LUT6 (Prop_lut6_I3_O)        0.105    24.818 r  i_ariane/i_cva6/id_stage_i/i___25_i_2/O
                         net (fo=10, unplaced)        0.625    25.443    i_ariane/i_cva6/id_stage_i/i___235_i_3_0
                         LUT4 (Prop_lut4_I1_O)        0.105    25.548 r  i_ariane/i_cva6/id_stage_i/i___235_i_1/O
                         net (fo=6, unplaced)         0.614    26.162    i_ariane/i_cva6/id_stage_i/i___25_i_1_0
                         LUT4 (Prop_lut4_I0_O)        0.105    26.267 r  i_ariane/i_cva6/id_stage_i/i___75_i_6/O
                         net (fo=4, unplaced)         0.606    26.873    i_ariane/i_cva6/id_stage_i/i___12_i_4_0
                         LUT6 (Prop_lut6_I2_O)        0.105    26.978 r  i_ariane/i_cva6/id_stage_i/i___20_i_1/O
                         net (fo=8, unplaced)         0.385    27.363    i_ariane/i_cva6/id_stage_i/i___13_i_3_0
                         LUT5 (Prop_lut5_I1_O)        0.105    27.468 r  i_ariane/i_cva6/id_stage_i/result_o[34]_i_8/O
                         net (fo=4, unplaced)         0.371    27.839    i_ariane/i_cva6/id_stage_i/result_o[34]_i_8_n_0
                         LUT6 (Prop_lut6_I0_O)        0.105    27.944 r  i_ariane/i_cva6/id_stage_i/result_o[2]_i_4/O
                         net (fo=1, unplaced)         0.347    28.291    i_ariane/i_cva6/id_stage_i/result_o[2]_i_4_n_0
                         LUT6 (Prop_lut6_I3_O)        0.105    28.396 r  i_ariane/i_cva6/id_stage_i/result_o[2]_i_1/O
                         net (fo=1, unplaced)         0.000    28.396    i_ariane/gen_cvxif.gen_COPRO_KECC_AES_K.i_kecc_aes_k_xif_coprocessor/i_ex/result_o_reg[63]_1[2]
                         FDCE                                         r  i_ariane/gen_cvxif.gen_COPRO_KECC_AES_K.i_kecc_aes_k_xif_coprocessor/i_ex/result_o_reg[2]/D
  -------------------------------------------------------------------    -------------------

                         (clock clk_i rise edge)     10.000    10.000 r  
                                                      0.000    10.000 r  clk_i (IN)
                         net (fo=23772, unset)        0.748    10.748    i_ariane/gen_cvxif.gen_COPRO_KECC_AES_K.i_kecc_aes_k_xif_coprocessor/i_ex/clk_i
                         FDCE                                         r  i_ariane/gen_cvxif.gen_COPRO_KECC_AES_K.i_kecc_aes_k_xif_coprocessor/i_ex/result_o_reg[2]/C
                         clock pessimism              0.000    10.748    
                         clock uncertainty           -0.035    10.712    
                         FDCE (Setup_fdce_C_D)        0.043    10.755    i_ariane/gen_cvxif.gen_COPRO_KECC_AES_K.i_kecc_aes_k_xif_coprocessor/i_ex/result_o_reg[2]
  -------------------------------------------------------------------
                         required time                         10.755    
                         arrival time                         -28.396    
  -------------------------------------------------------------------
                         slack                                -17.641    

Slack (VIOLATED) :        -17.641ns  (required time - arrival time)
  Source:                 i_ariane/i_cva6/ex_stage_i/fpu_gen.fpu_i/fpu_gen.i_fpnew_bulk/gen_operation_groups[3].i_opgroup_block/gen_merged_slice.i_multifmt_slice/gen_num_lanes[0].active_lane.lane_instance.i_fpnew_cast_multi/gen_inside_pipeline[0].mid_pipe_dst_fmt_q_reg[1][1]/C
                            (rising edge-triggered cell FDCE clocked by clk_i  {rise@0.000ns fall@5.000ns period=10.000ns})
  Destination:            i_ariane/gen_cvxif.gen_COPRO_KECC_AES_K.i_kecc_aes_k_xif_coprocessor/i_ex/result_o_reg[2]/D
                            (rising edge-triggered cell FDCE clocked by clk_i  {rise@0.000ns fall@5.000ns period=10.000ns})
  Path Group:             clk_i
  Path Type:              Setup (Max at Slow Process Corner)
  Requirement:            10.000ns  (clk_i rise@10.000ns - clk_i rise@0.000ns)
  Data Path Delay:        27.609ns  (logic 8.852ns (32.062%)  route 18.757ns (67.938%))
  Logic Levels:           54  (CARRY4=17 LUT1=1 LUT2=1 LUT3=2 LUT4=4 LUT5=8 LUT6=20 MUXF7=1)
  Clock Path Skew:        -0.039ns (DCD - SCD + CPR)
    Destination Clock Delay (DCD):    0.748ns = ( 10.748 - 10.000 ) 
    Source Clock Delay      (SCD):    0.787ns
    Clock Pessimism Removal (CPR):    0.000ns
  Clock Uncertainty:      0.035ns  ((TSJ^2 + TIJ^2)^1/2 + DJ) / 2 + PE
    Total System Jitter     (TSJ):    0.071ns
    Total Input Jitter      (TIJ):    0.000ns
    Discrete Jitter          (DJ):    0.000ns
    Phase Error              (PE):    0.000ns

    Location             Delay type                Incr(ns)  Path(ns)    Netlist Resource(s)
  -------------------------------------------------------------------    -------------------
                         (clock clk_i rise edge)      0.000     0.000 r  
                                                      0.000     0.000 r  clk_i (IN)
                         net (fo=23772, unset)        0.787     0.787    i_ariane/i_cva6/ex_stage_i/fpu_gen.fpu_i/fpu_gen.i_fpnew_bulk/gen_operation_groups[3].i_opgroup_block/gen_merged_slice.i_multifmt_slice/gen_num_lanes[0].active_lane.lane_instance.i_fpnew_cast_multi/clk_i
                         FDCE                                         r  i_ariane/i_cva6/ex_stage_i/fpu_gen.fpu_i/fpu_gen.i_fpnew_bulk/gen_operation_groups[3].i_opgroup_block/gen_merged_slice.i_multifmt_slice/gen_num_lanes[0].active_lane.lane_instance.i_fpnew_cast_multi/gen_inside_pipeline[0].mid_pipe_dst_fmt_q_reg[1][1]/C
  -------------------------------------------------------------------    -------------------
                         FDCE (Prop_fdce_C_Q)         0.397     1.184 r  i_ariane/i_cva6/ex_stage_i/fpu_gen.fpu_i/fpu_gen.i_fpnew_bulk/gen_operation_groups[3].i_opgroup_block/gen_merged_slice.i_multifmt_slice/gen_num_lanes[0].active_lane.lane_instance.i_fpnew_cast_multi/gen_inside_pipeline[0].mid_pipe_dst_fmt_q_reg[1][1]/Q
                         net (fo=140, unplaced)       0.733     1.917    i_ariane/i_cva6/ex_stage_i/fpu_gen.fpu_i/fpu_gen.i_fpnew_bulk/gen_operation_groups[3].i_opgroup_block/gen_merged_slice.i_multifmt_slice/gen_num_lanes[0].active_lane.lane_instance.i_fpnew_cast_multi/gen_inside_pipeline[0].mid_pipe_dst_fmt_q_reg_n_0_[1][1]
                         LUT3 (Prop_lut3_I0_O)        0.232     2.149 r  i_ariane/i_cva6/ex_stage_i/fpu_gen.fpu_i/fpu_gen.i_fpnew_bulk/gen_operation_groups[3].i_opgroup_block/gen_merged_slice.i_multifmt_slice/gen_num_lanes[0].active_lane.lane_instance.i_fpnew_cast_multi/mem_q[7][sbe][result][54]_i_102/O
                         net (fo=2, unplaced)         0.269     2.418    i_ariane/i_cva6/ex_stage_i/fpu_gen.fpu_i/fpu_gen.i_fpnew_bulk/gen_operation_groups[3].i_opgroup_block/gen_merged_slice.i_multifmt_slice/gen_num_lanes[0].active_lane.lane_instance.i_fpnew_cast_multi/mem_q[7][sbe][result][54]_i_102_n_0
                         CARRY4 (Prop_carry4_CYINIT_CO[3])
                                                      0.494     2.912 r  i_ariane/i_cva6/ex_stage_i/fpu_gen.fpu_i/fpu_gen.i_fpnew_bulk/gen_operation_groups[3].i_opgroup_block/gen_merged_slice.i_multifmt_slice/gen_num_lanes[0].active_lane.lane_instance.i_fpnew_cast_multi/i___371_i_68/CO[3]
                         net (fo=1, unplaced)         0.000     2.912    i_ariane/i_cva6/ex_stage_i/fpu_gen.fpu_i/fpu_gen.i_fpnew_bulk/gen_operation_groups[3].i_opgroup_block/gen_merged_slice.i_multifmt_slice/gen_num_lanes[0].active_lane.lane_instance.i_fpnew_cast_multi/i___371_i_68_n_0
                         CARRY4 (Prop_carry4_CI_CO[3])
                                                      0.100     3.012 r  i_ariane/i_cva6/ex_stage_i/fpu_gen.fpu_i/fpu_gen.i_fpnew_bulk/gen_operation_groups[3].i_opgroup_block/gen_merged_slice.i_multifmt_slice/gen_num_lanes[0].active_lane.lane_instance.i_fpnew_cast_multi/i___371_i_53/CO[3]
                         net (fo=1, unplaced)         0.000     3.012    i_ariane/i_cva6/ex_stage_i/fpu_gen.fpu_i/fpu_gen.i_fpnew_bulk/gen_operation_groups[3].i_opgroup_block/gen_merged_slice.i_multifmt_slice/gen_num_lanes[0].active_lane.lane_instance.i_fpnew_cast_multi/i___371_i_53_n_0
                         CARRY4 (Prop_carry4_CI_CO[3])
                                                      0.100     3.112 r  i_ariane/i_cva6/ex_stage_i/fpu_gen.fpu_i/fpu_gen.i_fpnew_bulk/gen_operation_groups[3].i_opgroup_block/gen_merged_slice.i_multifmt_slice/gen_num_lanes[0].active_lane.lane_instance.i_fpnew_cast_multi/i___371_i_51/CO[3]
                         net (fo=1, unplaced)         0.000     3.112    i_ariane/i_cva6/ex_stage_i/fpu_gen.fpu_i/fpu_gen.i_fpnew_bulk/gen_operation_groups[3].i_opgroup_block/gen_merged_slice.i_multifmt_slice/gen_num_lanes[0].active_lane.lane_instance.i_fpnew_cast_multi/i___371_i_51_n_0
                         CARRY4 (Prop_carry4_CI_CO[3])
                                                      0.100     3.212 r  i_ariane/i_cva6/ex_stage_i/fpu_gen.fpu_i/fpu_gen.i_fpnew_bulk/gen_operation_groups[3].i_opgroup_block/gen_merged_slice.i_multifmt_slice/gen_num_lanes[0].active_lane.lane_instance.i_fpnew_cast_multi/i___371_i_81/CO[3]
                         net (fo=16, unplaced)        0.664     3.876    i_ariane/i_cva6/ex_stage_i/fpu_gen.fpu_i/fpu_gen.i_fpnew_bulk/gen_operation_groups[3].i_opgroup_block/gen_merged_slice.i_multifmt_slice/gen_num_lanes[0].active_lane.lane_instance.i_fpnew_cast_multi/i___371_i_81_n_0
                         LUT2 (Prop_lut2_I1_O)        0.105     3.981 r  i_ariane/i_cva6/ex_stage_i/fpu_gen.fpu_i/fpu_gen.i_fpnew_bulk/gen_operation_groups[3].i_opgroup_block/gen_merged_slice.i_multifmt_slice/gen_num_lanes[0].active_lane.lane_instance.i_fpnew_cast_multi/i___371_i_76/O
                         net (fo=1, unplaced)         0.000     3.981    i_ariane/i_cva6/ex_stage_i/fpu_gen.fpu_i/fpu_gen.i_fpnew_bulk/gen_operation_groups[3].i_opgroup_block/gen_merged_slice.i_multifmt_slice/gen_num_lanes[0].active_lane.lane_instance.i_fpnew_cast_multi/i___371_i_76_n_0
                         CARRY4 (Prop_carry4_DI[0]_CO[3])
                                                      0.477     4.458 r  i_ariane/i_cva6/ex_stage_i/fpu_gen.fpu_i/fpu_gen.i_fpnew_bulk/gen_operation_groups[3].i_opgroup_block/gen_merged_slice.i_multifmt_slice/gen_num_lanes[0].active_lane.lane_instance.i_fpnew_cast_multi/i___371_i_57/CO[3]
                         net (fo=1, unplaced)         0.000     4.458    i_ariane/i_cva6/ex_stage_i/fpu_gen.fpu_i/fpu_gen.i_fpnew_bulk/gen_operation_groups[3].i_opgroup_block/gen_merged_slice.i_multifmt_slice/gen_num_lanes[0].active_lane.lane_instance.i_fpnew_cast_multi/i___371_i_57_n_0
                         CARRY4 (Prop_carry4_CI_CO[3])
                                                      0.100     4.558 r  i_ariane/i_cva6/ex_stage_i/fpu_gen.fpu_i/fpu_gen.i_fpnew_bulk/gen_operation_groups[3].i_opgroup_block/gen_merged_slice.i_multifmt_slice/gen_num_lanes[0].active_lane.lane_instance.i_fpnew_cast_multi/i___371_i_49/CO[3]
                         net (fo=61, unplaced)        0.697     5.255    i_ariane/i_cva6/ex_stage_i/fpu_gen.fpu_i/fpu_gen.i_fpnew_bulk/gen_operation_groups[3].i_opgroup_block/gen_merged_slice.i_multifmt_slice/gen_num_lanes[0].active_lane.lane_instance.i_fpnew_cast_multi/preshift_mant1
                         LUT4 (Prop_lut4_I3_O)        0.105     5.360 r  i_ariane/i_cva6/ex_stage_i/fpu_gen.fpu_i/fpu_gen.i_fpnew_bulk/gen_operation_groups[3].i_opgroup_block/gen_merged_slice.i_multifmt_slice/gen_num_lanes[0].active_lane.lane_instance.i_fpnew_cast_multi/mem_q[7][sbe][ex][cause][0]_i_129/O
                         net (fo=4, unplaced)         0.371     5.731    i_ariane/i_cva6/ex_stage_i/fpu_gen.fpu_i/fpu_gen.i_fpnew_bulk/gen_operation_groups[3].i_opgroup_block/gen_merged_slice.i_multifmt_slice/gen_num_lanes[0].active_lane.lane_instance.i_fpnew_cast_multi/mem_q[7][sbe][ex][cause][0]_i_129_n_0
                         LUT6 (Prop_lut6_I4_O)        0.105     5.836 r  i_ariane/i_cva6/ex_stage_i/fpu_gen.fpu_i/fpu_gen.i_fpnew_bulk/gen_operation_groups[3].i_opgroup_block/gen_merged_slice.i_multifmt_slice/gen_num_lanes[0].active_lane.lane_instance.i_fpnew_cast_multi/mem_q[7][sbe][ex][cause][0]_i_287/O
                         net (fo=117, unplaced)       0.450     6.286    i_ariane/i_cva6/ex_stage_i/fpu_gen.fpu_i/fpu_gen.i_fpnew_bulk/gen_operation_groups[3].i_opgroup_block/gen_merged_slice.i_multifmt_slice/gen_num_lanes[0].active_lane.lane_instance.i_fpnew_cast_multi/mem_q[7][sbe][ex][cause][0]_i_287_n_0
                         LUT5 (Prop_lut5_I4_O)        0.105     6.391 f  i_ariane/i_cva6/ex_stage_i/fpu_gen.fpu_i/fpu_gen.i_fpnew_bulk/gen_operation_groups[3].i_opgroup_block/gen_merged_slice.i_multifmt_slice/gen_num_lanes[0].active_lane.lane_instance.i_fpnew_cast_multi/mem_q[7][sbe][ex][cause][0]_i_512/O
                         net (fo=35, unplaced)        0.420     6.811    i_ariane/i_cva6/ex_stage_i/fpu_gen.fpu_i/fpu_gen.i_fpnew_bulk/gen_operation_groups[3].i_opgroup_block/gen_merged_slice.i_multifmt_slice/gen_num_lanes[0].active_lane.lane_instance.i_fpnew_cast_multi/mem_q[7][sbe][ex][cause][0]_i_512_n_0
                         LUT6 (Prop_lut6_I2_O)        0.105     6.916 f  i_ariane/i_cva6/ex_stage_i/fpu_gen.fpu_i/fpu_gen.i_fpnew_bulk/gen_operation_groups[3].i_opgroup_block/gen_merged_slice.i_multifmt_slice/gen_num_lanes[0].active_lane.lane_instance.i_fpnew_cast_multi/mem_q[7][sbe][ex][cause][0]_i_481/O
                         net (fo=3, unplaced)         0.600     7.516    i_ariane/i_cva6/ex_stage_i/fpu_gen.fpu_i/fpu_gen.i_fpnew_bulk/gen_operation_groups[3].i_opgroup_block/gen_merged_slice.i_multifmt_slice/gen_num_lanes[0].active_lane.lane_instance.i_fpnew_cast_multi/mem_q[7][sbe][ex][cause][0]_i_481_n_0
                         LUT6 (Prop_lut6_I0_O)        0.105     7.621 f  i_ariane/i_cva6/ex_stage_i/fpu_gen.fpu_i/fpu_gen.i_fpnew_bulk/gen_operation_groups[3].i_opgroup_block/gen_merged_slice.i_multifmt_slice/gen_num_lanes[0].active_lane.lane_instance.i_fpnew_cast_multi/mem_q[7][sbe][ex][cause][0]_i_349/O
                         net (fo=4, unplaced)         0.606     8.227    i_ariane/i_cva6/ex_stage_i/fpu_gen.fpu_i/fpu_gen.i_fpnew_bulk/gen_operation_groups[3].i_opgroup_block/gen_merged_slice.i_multifmt_slice/gen_num_lanes[0].active_lane.lane_instance.i_fpnew_cast_multi/mem_q[7][sbe][ex][cause][0]_i_349_n_0
                         LUT6 (Prop_lut6_I1_O)        0.105     8.332 f  i_ariane/i_cva6/ex_stage_i/fpu_gen.fpu_i/fpu_gen.i_fpnew_bulk/gen_operation_groups[3].i_opgroup_block/gen_merged_slice.i_multifmt_slice/gen_num_lanes[0].active_lane.lane_instance.i_fpnew_cast_multi/mem_q[7][sbe][ex][cause][0]_i_212/O
                         net (fo=3, unplaced)         0.796     9.128    i_ariane/i_cva6/ex_stage_i/fpu_gen.fpu_i/fpu_gen.i_fpnew_bulk/gen_operation_groups[3].i_opgroup_block/gen_merged_slice.i_multifmt_slice/gen_num_lanes[0].active_lane.lane_instance.i_fpnew_cast_multi/mem_q[7][sbe][ex][cause][0]_i_212_n_0
                         LUT6 (Prop_lut6_I0_O)        0.105     9.233 f  i_ariane/i_cva6/ex_stage_i/fpu_gen.fpu_i/fpu_gen.i_fpnew_bulk/gen_operation_groups[3].i_opgroup_block/gen_merged_slice.i_multifmt_slice/gen_num_lanes[0].active_lane.lane_instance.i_fpnew_cast_multi/mem_q[7][sbe][ex][cause][0]_i_99/O
                         net (fo=1, unplaced)         0.778    10.011    i_ariane/i_cva6/ex_stage_i/fpu_gen.fpu_i/fpu_gen.i_fpnew_bulk/gen_operation_groups[3].i_opgroup_block/gen_merged_slice.i_multifmt_slice/gen_num_lanes[0].active_lane.lane_instance.i_fpnew_cast_multi/mem_q[7][sbe][ex][cause][0]_i_99_n_0
                         LUT5 (Prop_lut5_I0_O)        0.105    10.116 f  i_ariane/i_cva6/ex_stage_i/fpu_gen.fpu_i/fpu_gen.i_fpnew_bulk/gen_operation_groups[3].i_opgroup_block/gen_merged_slice.i_multifmt_slice/gen_num_lanes[0].active_lane.lane_instance.i_fpnew_cast_multi/mem_q[7][sbe][ex][cause][0]_i_27/O
                         net (fo=1, unplaced)         0.582    10.698    i_ariane/i_cva6/ex_stage_i/fpu_gen.fpu_i/fpu_gen.i_fpnew_bulk/gen_operation_groups[3].i_opgroup_block/gen_merged_slice.i_multifmt_slice/gen_num_lanes[0].active_lane.lane_instance.i_fpnew_cast_multi/mem_q[7][sbe][ex][cause][0]_i_27_n_0
                         LUT6 (Prop_lut6_I3_O)        0.105    10.803 f  i_ariane/i_cva6/ex_stage_i/fpu_gen.fpu_i/fpu_gen.i_fpnew_bulk/gen_operation_groups[3].i_opgroup_block/gen_merged_slice.i_multifmt_slice/gen_num_lanes[0].active_lane.lane_instance.i_fpnew_cast_multi/mem_q[7][sbe][ex][cause][0]_i_10/O
                         net (fo=4, unplaced)         0.371    11.174    i_ariane/i_cva6/ex_stage_i/fpu_gen.fpu_i/fpu_gen.i_fpnew_bulk/gen_operation_groups[3].i_opgroup_block/gen_merged_slice.i_multifmt_slice/gen_num_lanes[0].active_lane.lane_instance.i_fpnew_cast_multi/mem_q[7][sbe][ex][cause][0]_i_10_n_0
                         LUT6 (Prop_lut6_I4_O)        0.105    11.279 f  i_ariane/i_cva6/ex_stage_i/fpu_gen.fpu_i/fpu_gen.i_fpnew_bulk/gen_operation_groups[3].i_opgroup_block/gen_merged_slice.i_multifmt_slice/gen_num_lanes[0].active_lane.lane_instance.i_fpnew_cast_multi/i___366_i_119/O
                         net (fo=1, unplaced)         0.582    11.861    i_ariane/i_cva6/ex_stage_i/fpu_gen.fpu_i/fpu_gen.i_fpnew_bulk/gen_operation_groups[3].i_opgroup_block/gen_merged_slice.i_multifmt_slice/gen_num_lanes[0].active_lane.lane_instance.i_fpnew_cast_multi/i___366_i_119_n_0
                         LUT6 (Prop_lut6_I1_O)        0.105    11.966 f  i_ariane/i_cva6/ex_stage_i/fpu_gen.fpu_i/fpu_gen.i_fpnew_bulk/gen_operation_groups[3].i_opgroup_block/gen_merged_slice.i_multifmt_slice/gen_num_lanes[0].active_lane.lane_instance.i_fpnew_cast_multi/i___366_i_62/O
                         net (fo=1, unplaced)         0.000    11.966    i_ariane/i_cva6/ex_stage_i/fpu_gen.fpu_i/fpu_gen.i_fpnew_bulk/gen_operation_groups[3].i_opgroup_block/gen_merged_slice.i_multifmt_slice/gen_num_lanes[0].active_lane.lane_instance.i_fpnew_cast_multi/i___366_i_62_n_0
                         CARRY4 (Prop_carry4_S[0]_CO[3])
                                                      0.423    12.389 r  i_ariane/i_cva6/ex_stage_i/fpu_gen.fpu_i/fpu_gen.i_fpnew_bulk/gen_operation_groups[3].i_opgroup_block/gen_merged_slice.i_multifmt_slice/gen_num_lanes[0].active_lane.lane_instance.i_fpnew_cast_multi/i___366_i_32/CO[3]
                         net (fo=1, unplaced)         0.000    12.389    i_ariane/i_cva6/ex_stage_i/fpu_gen.fpu_i/fpu_gen.i_fpnew_bulk/gen_operation_groups[3].i_opgroup_block/gen_merged_slice.i_multifmt_slice/gen_num_lanes[0].active_lane.lane_instance.i_fpnew_cast_multi/i___366_i_32_n_0
                         CARRY4 (Prop_carry4_CI_CO[3])
                                                      0.100    12.489 r  i_ariane/i_cva6/ex_stage_i/fpu_gen.fpu_i/fpu_gen.i_fpnew_bulk/gen_operation_groups[3].i_opgroup_block/gen_merged_slice.i_multifmt_slice/gen_num_lanes[0].active_lane.lane_instance.i_fpnew_cast_multi/mem_q_reg[7][sbe][result][7]_i_34/CO[3]
                         net (fo=1, unplaced)         0.000    12.489    i_ariane/i_cva6/ex_stage_i/fpu_gen.fpu_i/fpu_gen.i_fpnew_bulk/gen_operation_groups[3].i_opgroup_block/gen_merged_slice.i_multifmt_slice/gen_num_lanes[0].active_lane.lane_instance.i_fpnew_cast_multi/mem_q_reg[7][sbe][result][7]_i_34_n_0
                         CARRY4 (Prop_carry4_CI_CO[3])
                                                      0.100    12.589 r  i_ariane/i_cva6/ex_stage_i/fpu_gen.fpu_i/fpu_gen.i_fpnew_bulk/gen_operation_groups[3].i_opgroup_block/gen_merged_slice.i_multifmt_slice/gen_num_lanes[0].active_lane.lane_instance.i_fpnew_cast_multi/mem_q_reg[7][sbe][result][11]_i_57/CO[3]
                         net (fo=1, unplaced)         0.000    12.589    i_ariane/i_cva6/ex_stage_i/fpu_gen.fpu_i/fpu_gen.i_fpnew_bulk/gen_operation_groups[3].i_opgroup_block/gen_merged_slice.i_multifmt_slice/gen_num_lanes[0].active_lane.lane_instance.i_fpnew_cast_multi/mem_q_reg[7][sbe][result][11]_i_57_n_0
                         CARRY4 (Prop_carry4_CI_CO[3])
                                                      0.100    12.689 r  i_ariane/i_cva6/ex_stage_i/fpu_gen.fpu_i/fpu_gen.i_fpnew_bulk/gen_operation_groups[3].i_opgroup_block/gen_merged_slice.i_multifmt_slice/gen_num_lanes[0].active_lane.lane_instance.i_fpnew_cast_multi/mem_q_reg[7][sbe][result][15]_i_52/CO[3]
                         net (fo=1, unplaced)         0.000    12.689    i_ariane/i_cva6/ex_stage_i/fpu_gen.fpu_i/fpu_gen.i_fpnew_bulk/gen_operation_groups[3].i_opgroup_block/gen_merged_slice.i_multifmt_slice/gen_num_lanes[0].active_lane.lane_instance.i_fpnew_cast_multi/mem_q_reg[7][sbe][result][15]_i_52_n_0
                         CARRY4 (Prop_carry4_CI_CO[3])
                                                      0.100    12.789 r  i_ariane/i_cva6/ex_stage_i/fpu_gen.fpu_i/fpu_gen.i_fpnew_bulk/gen_operation_groups[3].i_opgroup_block/gen_merged_slice.i_multifmt_slice/gen_num_lanes[0].active_lane.lane_instance.i_fpnew_cast_multi/mem_q_reg[7][sbe][result][23]_i_46/CO[3]
                         net (fo=1, unplaced)         0.000    12.789    i_ariane/i_cva6/ex_stage_i/fpu_gen.fpu_i/fpu_gen.i_fpnew_bulk/gen_operation_groups[3].i_opgroup_block/gen_merged_slice.i_multifmt_slice/gen_num_lanes[0].active_lane.lane_instance.i_fpnew_cast_multi/mem_q_reg[7][sbe][result][23]_i_46_n_0
                         CARRY4 (Prop_carry4_CI_CO[3])
                                                      0.100    12.889 r  i_ariane/i_cva6/ex_stage_i/fpu_gen.fpu_i/fpu_gen.i_fpnew_bulk/gen_operation_groups[3].i_opgroup_block/gen_merged_slice.i_multifmt_slice/gen_num_lanes[0].active_lane.lane_instance.i_fpnew_cast_multi/mem_q_reg[7][sbe][result][23]_i_29/CO[3]
                         net (fo=1, unplaced)         0.000    12.889    i_ariane/i_cva6/ex_stage_i/fpu_gen.fpu_i/fpu_gen.i_fpnew_bulk/gen_operation_groups[3].i_opgroup_block/gen_merged_slice.i_multifmt_slice/gen_num_lanes[0].active_lane.lane_instance.i_fpnew_cast_multi/mem_q_reg[7][sbe][result][23]_i_29_n_0
                         CARRY4 (Prop_carry4_CI_O[2])
                                                      0.214    13.103 f  i_ariane/i_cva6/ex_stage_i/fpu_gen.fpu_i/fpu_gen.i_fpnew_bulk/gen_operation_groups[3].i_opgroup_block/gen_merged_slice.i_multifmt_slice/gen_num_lanes[0].active_lane.lane_instance.i_fpnew_cast_multi/mem_q_reg[7][sbe][result][27]_i_35/O[2]
                         net (fo=6, unplaced)         0.381    13.484    i_ariane/i_cva6/ex_stage_i/fpu_gen.fpu_i/fpu_gen.i_fpnew_bulk/gen_operation_groups[3].i_opgroup_block/gen_merged_slice.i_multifmt_slice/gen_num_lanes[0].active_lane.lane_instance.i_fpnew_cast_multi/rounded_abs[26]
                         LUT1 (Prop_lut1_I0_O)        0.244    13.728 r  i_ariane/i_cva6/ex_stage_i/fpu_gen.fpu_i/fpu_gen.i_fpnew_bulk/gen_operation_groups[3].i_opgroup_block/gen_merged_slice.i_multifmt_slice/gen_num_lanes[0].active_lane.lane_instance.i_fpnew_cast_multi/mem_q[7][sbe][result][28]_i_58/O
                         net (fo=1, unplaced)         0.000    13.728    i_ariane/i_cva6/ex_stage_i/fpu_gen.fpu_i/fpu_gen.i_fpnew_bulk/gen_operation_groups[3].i_opgroup_block/gen_merged_slice.i_multifmt_slice/gen_num_lanes[0].active_lane.lane_instance.i_fpnew_cast_multi/mem_q[7][sbe][result][28]_i_58_n_0
                         CARRY4 (Prop_carry4_S[1]_CO[3])
                                                      0.444    14.172 r  i_ariane/i_cva6/ex_stage_i/fpu_gen.fpu_i/fpu_gen.i_fpnew_bulk/gen_operation_groups[3].i_opgroup_block/gen_merged_slice.i_multifmt_slice/gen_num_lanes[0].active_lane.lane_instance.i_fpnew_cast_multi/mem_q_reg[7][sbe][result][28]_i_31/CO[3]
                         net (fo=1, unplaced)         0.000    14.172    i_ariane/i_cva6/ex_stage_i/fpu_gen.fpu_i/fpu_gen.i_fpnew_bulk/gen_operation_groups[3].i_opgroup_block/gen_merged_slice.i_multifmt_slice/gen_num_lanes[0].active_lane.lane_instance.i_fpnew_cast_multi/mem_q_reg[7][sbe][result][28]_i_31_n_0
                         CARRY4 (Prop_carry4_CI_O[2])
                                                      0.214    14.386 r  i_ariane/i_cva6/ex_stage_i/fpu_gen.fpu_i/fpu_gen.i_fpnew_bulk/gen_operation_groups[3].i_opgroup_block/gen_merged_slice.i_multifmt_slice/gen_num_lanes[0].active_lane.lane_instance.i_fpnew_cast_multi/i___368_i_14/O[2]
                         net (fo=4, unplaced)         0.373    14.759    i_ariane/i_cva6/ex_stage_i/fpu_gen.fpu_i/fpu_gen.i_fpnew_bulk/gen_operation_groups[3].i_opgroup_block/gen_merged_slice.i_multifmt_slice/gen_num_lanes[0].active_lane.lane_instance.i_fpnew_cast_multi/rounded_uint_res0[31]
                         LUT5 (Prop_lut5_I1_O)        0.244    15.003 r  i_ariane/i_cva6/ex_stage_i/fpu_gen.fpu_i/fpu_gen.i_fpnew_bulk/gen_operation_groups[3].i_opgroup_block/gen_merged_slice.i_multifmt_slice/gen_num_lanes[0].active_lane.lane_instance.i_fpnew_cast_multi/i___368_i_11/O
                         net (fo=33, unplaced)        0.654    15.657    i_ariane/i_cva6/ex_stage_i/fpu_gen.fpu_i/fpu_gen.i_fpnew_bulk/gen_operation_groups[3].i_opgroup_block/gen_merged_slice.i_multifmt_slice/gen_num_lanes[0].active_lane.lane_instance.i_fpnew_cast_multi/i___368_i_11_n_0
                         LUT5 (Prop_lut5_I4_O)        0.105    15.762 f  i_ariane/i_cva6/ex_stage_i/fpu_gen.fpu_i/fpu_gen.i_fpnew_bulk/gen_operation_groups[3].i_opgroup_block/gen_merged_slice.i_multifmt_slice/gen_num_lanes[0].active_lane.lane_instance.i_fpnew_cast_multi/mem_q[7][sbe][result][51]_i_19/O
                         net (fo=2, unplaced)         0.593    16.355    i_ariane/i_cva6/ex_stage_i/fpu_gen.fpu_i/fpu_gen.i_fpnew_bulk/gen_operation_groups[3].i_opgroup_block/gen_merged_slice.i_multifmt_slice/gen_num_lanes[0].active_lane.lane_instance.i_fpnew_cast_multi/mem_q[7][sbe][result][51]_i_19_n_0
                         LUT6 (Prop_lut6_I0_O)        0.105    16.460 f  i_ariane/i_cva6/ex_stage_i/fpu_gen.fpu_i/fpu_gen.i_fpnew_bulk/gen_operation_groups[3].i_opgroup_block/gen_merged_slice.i_multifmt_slice/gen_num_lanes[0].active_lane.lane_instance.i_fpnew_cast_multi/i___366_i_125/O
                         net (fo=1, unplaced)         0.000    16.460    i_ariane/i_cva6/ex_stage_i/fpu_gen.fpu_i/fpu_gen.i_fpnew_bulk/gen_operation_groups[3].i_opgroup_block/gen_merged_slice.i_multifmt_slice/gen_num_lanes[0].active_lane.lane_instance.i_fpnew_cast_multi/i___366_i_125_n_0
                         CARRY4 (Prop_carry4_S[1]_CO[3])
                                                      0.444    16.904 f  i_ariane/i_cva6/ex_stage_i/fpu_gen.fpu_i/fpu_gen.i_fpnew_bulk/gen_operation_groups[3].i_opgroup_block/gen_merged_slice.i_multifmt_slice/gen_num_lanes[0].active_lane.lane_instance.i_fpnew_cast_multi/i___366_i_63/CO[3]
                         net (fo=1, unplaced)         0.000    16.904    i_ariane/i_cva6/ex_stage_i/fpu_gen.fpu_i/fpu_gen.i_fpnew_bulk/gen_operation_groups[3].i_opgroup_block/gen_merged_slice.i_multifmt_slice/gen_num_lanes[0].active_lane.lane_instance.i_fpnew_cast_multi/i___366_i_63_n_0
                         CARRY4 (Prop_carry4_CI_CO[1])
                                                      0.150    17.054 r  i_ariane/i_cva6/ex_stage_i/fpu_gen.fpu_i/fpu_gen.i_fpnew_bulk/gen_operation_groups[3].i_opgroup_block/gen_merged_slice.i_multifmt_slice/gen_num_lanes[0].active_lane.lane_instance.i_fpnew_cast_multi/i___366_i_34/CO[1]
                         net (fo=1, unplaced)         0.240    17.294    i_ariane/i_cva6/ex_stage_i/fpu_gen.fpu_i/fpu_gen.i_fpnew_bulk/gen_operation_groups[3].i_opgroup_block/gen_merged_slice.i_multifmt_slice/gen_num_lanes[0].active_lane.lane_instance.i_fpnew_cast_multi/int_result_is_special1
                         LUT6 (Prop_lut6_I4_O)        0.277    17.571 f  i_ariane/i_cva6/ex_stage_i/fpu_gen.fpu_i/fpu_gen.i_fpnew_bulk/gen_operation_groups[3].i_opgroup_block/gen_merged_slice.i_multifmt_slice/gen_num_lanes[0].active_lane.lane_instance.i_fpnew_cast_multi/i___366_i_19/O
                         net (fo=45, unplaced)        0.427    17.998    i_ariane/i_cva6/ex_stage_i/fpu_gen.fpu_i/fpu_gen.i_fpnew_bulk/gen_operation_groups[3].i_opgroup_block/gen_merged_slice.i_multifmt_slice/gen_num_lanes[0].active_lane.lane_instance.i_fpnew_cast_multi/i___366_i_19_n_0
                         LUT4 (Prop_lut4_I3_O)        0.105    18.103 r  i_ariane/i_cva6/ex_stage_i/fpu_gen.fpu_i/fpu_gen.i_fpnew_bulk/gen_operation_groups[3].i_opgroup_block/gen_merged_slice.i_multifmt_slice/gen_num_lanes[0].active_lane.lane_instance.i_fpnew_cast_multi/i___366_i_21/O
                         net (fo=8, unplaced)         0.385    18.488    i_ariane/i_cva6/ex_stage_i/fpu_gen.fpu_i/fpu_gen.i_fpnew_bulk/gen_operation_groups[3].i_opgroup_block/gen_merged_slice.i_multifmt_slice/gen_num_lanes[0].active_lane.lane_instance.i_fpnew_cast_multi/i___366_i_21_n_0
                         LUT6 (Prop_lut6_I4_O)        0.105    18.593 r  i_ariane/i_cva6/ex_stage_i/fpu_gen.fpu_i/fpu_gen.i_fpnew_bulk/gen_operation_groups[3].i_opgroup_block/gen_merged_slice.i_multifmt_slice/gen_num_lanes[0].active_lane.lane_instance.i_fpnew_cast_multi/i___366_i_13/O
                         net (fo=1, unplaced)         0.582    19.175    i_ariane/i_cva6/ex_stage_i/fpu_gen.fpu_i/fpu_gen.i_fpnew_bulk/gen_operation_groups[3].i_opgroup_block/gen_merged_slice.i_multifmt_slice/gen_num_lanes[0].active_lane.lane_instance.i_fpnew_cast_multi/i___366_i_13_n_0
                         LUT6 (Prop_lut6_I0_O)        0.105    19.280 r  i_ariane/i_cva6/ex_stage_i/fpu_gen.fpu_i/fpu_gen.i_fpnew_bulk/gen_operation_groups[3].i_opgroup_block/gen_merged_slice.i_multifmt_slice/gen_num_lanes[0].active_lane.lane_instance.i_fpnew_cast_multi/i___366_i_5/O
                         net (fo=1, unplaced)         0.347    19.627    i_ariane/i_cva6/ex_stage_i/fpu_gen.fpu_i/fpu_gen.i_fpnew_bulk/gen_operation_groups[0].i_opgroup_block/gen_parallel_slices[0].active_format.i_fmt_slice/gen_num_lanes[0].active_lane.lane_instance.i_fma/gen_arbiter.data_nodes[2][result][3]
                         LUT5 (Prop_lut5_I0_O)        0.105    19.732 r  i_ariane/i_cva6/ex_stage_i/fpu_gen.fpu_i/fpu_gen.i_fpnew_bulk/gen_operation_groups[0].i_opgroup_block/gen_parallel_slices[0].active_format.i_fmt_slice/gen_num_lanes[0].active_lane.lane_instance.i_fma/i___366_i_1/O
                         net (fo=19, unplaced)        0.406    20.138    i_ariane/i_cva6/issue_stage_i/i_issue_read_operands/fpu_result_ex_id[3]
                         LUT5 (Prop_lut5_I0_O)        0.105    20.243 f  i_ariane/i_cva6/issue_stage_i/i_issue_read_operands/i___328_i_2/O
                         net (fo=3, unplaced)         0.600    20.843    i_ariane/i_cva6/issue_stage_i/i_issue_read_operands/i___328_i_2_n_0
                         LUT6 (Prop_lut6_I1_O)        0.105    20.948 f  i_ariane/i_cva6/issue_stage_i/i_issue_read_operands/fu_data_q[0][operand_a][3]_i_12/O
                         net (fo=1, unplaced)         0.000    20.948    i_ariane/i_cva6/issue_stage_i/i_issue_read_operands/fu_data_q[0][operand_a][3]_i_12_n_0
                         MUXF7 (Prop_muxf7_I0_O)      0.201    21.149 f  i_ariane/i_cva6/issue_stage_i/i_issue_read_operands/fu_data_q_reg[0][operand_a][3]_i_5/O
                         net (fo=1, unplaced)         0.349    21.498    i_ariane/i_cva6/issue_stage_i/i_issue_read_operands/fu_data_q_reg[0][operand_a][3]_i_5_n_0
                         LUT6 (Prop_lut6_I5_O)        0.242    21.740 f  i_ariane/i_cva6/issue_stage_i/i_issue_read_operands/fu_data_q[0][operand_a][3]_i_2/O
                         net (fo=1, unplaced)         0.347    22.087    i_ariane/i_cva6/issue_stage_i/i_issue_read_operands/fu_data_q[0][operand_a][3]_i_2_n_0
                         LUT5 (Prop_lut5_I4_O)        0.105    22.192 r  i_ariane/i_cva6/issue_stage_i/i_issue_read_operands/fu_data_q[0][operand_a][3]_i_1/O
                         net (fo=17, unplaced)        0.403    22.595    i_ariane/gen_cvxif.gen_COPRO_KECC_AES_K.i_kecc_aes_k_xif_coprocessor/D[3]
                         LUT3 (Prop_lut3_I0_O)        0.105    22.700 r  i_ariane/gen_cvxif.gen_COPRO_KECC_AES_K.i_kecc_aes_k_xif_coprocessor/i___30_i_9/O
                         net (fo=6, unplaced)         0.379    23.079    i_ariane/i_cva6/id_stage_i/registers[0]_23[3]
                         LUT6 (Prop_lut6_I5_O)        0.105    23.184 r  i_ariane/i_cva6/id_stage_i/i___30_i_2/O
                         net (fo=11, unplaced)        0.628    23.812    i_ariane/i_cva6/id_stage_i/issue_q_reg[0][orig_instr][21]_7
                         LUT6 (Prop_lut6_I1_O)        0.105    23.917 r  i_ariane/i_cva6/id_stage_i/i___25_i_10/O
                         net (fo=3, unplaced)         0.796    24.713    i_ariane/i_cva6/id_stage_i/i___25_i_10_n_0
                         LUT6 (Prop_lut6_I3_O)        0.105    24.818 r  i_ariane/i_cva6/id_stage_i/i___25_i_2/O
                         net (fo=10, unplaced)        0.625    25.443    i_ariane/i_cva6/id_stage_i/i___235_i_3_0
                         LUT4 (Prop_lut4_I1_O)        0.105    25.548 r  i_ariane/i_cva6/id_stage_i/i___235_i_1/O
                         net (fo=6, unplaced)         0.614    26.162    i_ariane/i_cva6/id_stage_i/i___25_i_1_0
                         LUT4 (Prop_lut4_I0_O)        0.105    26.267 r  i_ariane/i_cva6/id_stage_i/i___75_i_6/O
                         net (fo=4, unplaced)         0.606    26.873    i_ariane/i_cva6/id_stage_i/i___12_i_4_0
                         LUT6 (Prop_lut6_I2_O)        0.105    26.978 r  i_ariane/i_cva6/id_stage_i/i___20_i_1/O
                         net (fo=8, unplaced)         0.385    27.363    i_ariane/i_cva6/id_stage_i/i___13_i_3_0
                         LUT5 (Prop_lut5_I1_O)        0.105    27.468 r  i_ariane/i_cva6/id_stage_i/result_o[34]_i_8/O
                         net (fo=4, unplaced)         0.371    27.839    i_ariane/i_cva6/id_stage_i/result_o[34]_i_8_n_0
                         LUT6 (Prop_lut6_I0_O)        0.105    27.944 r  i_ariane/i_cva6/id_stage_i/result_o[2]_i_4/O
                         net (fo=1, unplaced)         0.347    28.291    i_ariane/i_cva6/id_stage_i/result_o[2]_i_4_n_0
                         LUT6 (Prop_lut6_I3_O)        0.105    28.396 r  i_ariane/i_cva6/id_stage_i/result_o[2]_i_1/O
                         net (fo=1, unplaced)         0.000    28.396    i_ariane/gen_cvxif.gen_COPRO_KECC_AES_K.i_kecc_aes_k_xif_coprocessor/i_ex/result_o_reg[63]_1[2]
                         FDCE                                         r  i_ariane/gen_cvxif.gen_COPRO_KECC_AES_K.i_kecc_aes_k_xif_coprocessor/i_ex/result_o_reg[2]/D
  -------------------------------------------------------------------    -------------------

                         (clock clk_i rise edge)     10.000    10.000 r  
                                                      0.000    10.000 r  clk_i (IN)
                         net (fo=23772, unset)        0.748    10.748    i_ariane/gen_cvxif.gen_COPRO_KECC_AES_K.i_kecc_aes_k_xif_coprocessor/i_ex/clk_i
                         FDCE                                         r  i_ariane/gen_cvxif.gen_COPRO_KECC_AES_K.i_kecc_aes_k_xif_coprocessor/i_ex/result_o_reg[2]/C
                         clock pessimism              0.000    10.748    
                         clock uncertainty           -0.035    10.712    
                         FDCE (Setup_fdce_C_D)        0.043    10.755    i_ariane/gen_cvxif.gen_COPRO_KECC_AES_K.i_kecc_aes_k_xif_coprocessor/i_ex/result_o_reg[2]
  -------------------------------------------------------------------
                         required time                         10.755    
                         arrival time                         -28.396    
  -------------------------------------------------------------------
                         slack                                -17.641    




