Copyright 1986-2022 Xilinx, Inc. All Rights Reserved. Copyright 2022-2024 Advanced Micro Devices, Inc. All Rights Reserved.
---------------------------------------------------------------------------------------------------------------------------------------------
| Tool Version : Vivado v.2024.1 (win64) Build 5076996 Wed May 22 18:37:14 MDT 2024
| Date         : Tue Aug  4 12:58:43 2026
| Host         : AlessandraYOGA running 64-bit major release  (build 9200)
| Command      : report_timing_summary -file reports/ariane_synth_top.timing_summary.rpt
| Design       : ariane_synth_top
| Device       : 7a100t-ftg256
| Speed File   : -2  PRODUCTION 1.23 2018-06-13
| Design State : Optimized
---------------------------------------------------------------------------------------------------------------------------------------------

Timing Summary Report

------------------------------------------------------------------------------------------------
| Timer Settings
| --------------
------------------------------------------------------------------------------------------------

  Enable Multi Corner Analysis               :  Yes
  Enable Pessimism Removal                   :  Yes
  Pessimism Removal Resolution               :  Nearest Common Node
  Enable Input Delay Default Clock           :  No
  Enable Preset / Clear Arcs                 :  No
  Disable Flight Delays                      :  No
  Ignore I/O Paths                           :  No
  Timing Early Launch at Borrowing Latches   :  No
  Borrow Time for Max Delay Exceptions       :  Yes
  Merge Timing Exceptions                    :  Yes
  Inter-SLR Compensation                     :  Conservative

  Corner  Analyze    Analyze    
  Name    Max Paths  Min Paths  
  ------  ---------  ---------  
  Slow    Yes        Yes        
  Fast    Yes        Yes        


------------------------------------------------------------------------------------------------
| Report Methodology
| ------------------
------------------------------------------------------------------------------------------------

No report available as report_methodology has not been run prior. Run report_methodology on the current design for the summary of methodology violations.



check_timing report

Table of Contents
-----------------
1. checking no_clock (134336)
2. checking constant_clock (0)
3. checking pulse_width_clock (0)
4. checking unconstrained_internal_endpoints (192)
5. checking no_input_delay (211)
6. checking no_output_delay (270)
7. checking multiple_clock (0)
8. checking generated_clocks (0)
9. checking loops (0)
10. checking partial_input_delay (0)
11. checking partial_output_delay (0)
12. checking latch_loops (0)

1. checking no_clock (134336)
-----------------------------
 There are 192 register/latch pins with no clock driven by root clock pin: i_ariane/i_cva6/csr_regfile_i/dcsr_q_reg[ebreakm]/Q (HIGH)

 There are 192 register/latch pins with no clock driven by root clock pin: i_ariane/i_cva6/csr_regfile_i/dcsr_q_reg[ebreaks]/Q (HIGH)

 There are 192 register/latch pins with no clock driven by root clock pin: i_ariane/i_cva6/csr_regfile_i/dcsr_q_reg[ebreaku]/Q (HIGH)

 There are 192 register/latch pins with no clock driven by root clock pin: i_ariane/i_cva6/csr_regfile_i/dcsr_q_reg[step]/Q (HIGH)

 There are 192 register/latch pins with no clock driven by root clock pin: i_ariane/i_cva6/csr_regfile_i/debug_mode_q_reg/Q (HIGH)

 There are 192 register/latch pins with no clock driven by root clock pin: i_ariane/i_cva6/csr_regfile_i/mcounteren_q_reg[0]/Q (HIGH)

 There are 192 register/latch pins with no clock driven by root clock pin: i_ariane/i_cva6/csr_regfile_i/mcounteren_q_reg[10]/Q (HIGH)

 There are 192 register/latch pins with no clock driven by root clock pin: i_ariane/i_cva6/csr_regfile_i/mcounteren_q_reg[11]/Q (HIGH)

 There are 192 register/latch pins with no clock driven by root clock pin: i_ariane/i_cva6/csr_regfile_i/mcounteren_q_reg[12]/Q (HIGH)

 There are 192 register/latch pins with no clock driven by root clock pin: i_ariane/i_cva6/csr_regfile_i/mcounteren_q_reg[13]/Q (HIGH)

 There are 192 register/latch pins with no clock driven by root clock pin: i_ariane/i_cva6/csr_regfile_i/mcounteren_q_reg[14]/Q (HIGH)

 There are 192 register/latch pins with no clock driven by root clock pin: i_ariane/i_cva6/csr_regfile_i/mcounteren_q_reg[15]/Q (HIGH)

 There are 192 register/latch pins with no clock driven by root clock pin: i_ariane/i_cva6/csr_regfile_i/mcounteren_q_reg[16]/Q (HIGH)

 There are 192 register/latch pins with no clock driven by root clock pin: i_ariane/i_cva6/csr_regfile_i/mcounteren_q_reg[17]/Q (HIGH)

 There are 192 register/latch pins with no clock driven by root clock pin: i_ariane/i_cva6/csr_regfile_i/mcounteren_q_reg[18]/Q (HIGH)

 There are 192 register/latch pins with no clock driven by root clock pin: i_ariane/i_cva6/csr_regfile_i/mcounteren_q_reg[19]/Q (HIGH)

 There are 192 register/latch pins with no clock driven by root clock pin: i_ariane/i_cva6/csr_regfile_i/mcounteren_q_reg[1]/Q (HIGH)

 There are 192 register/latch pins with no clock driven by root clock pin: i_ariane/i_cva6/csr_regfile_i/mcounteren_q_reg[20]/Q (HIGH)

 There are 192 register/latch pins with no clock driven by root clock pin: i_ariane/i_cva6/csr_regfile_i/mcounteren_q_reg[21]/Q (HIGH)

 There are 192 register/latch pins with no clock driven by root clock pin: i_ariane/i_cva6/csr_regfile_i/mcounteren_q_reg[22]/Q (HIGH)

 There are 192 register/latch pins with no clock driven by root clock pin: i_ariane/i_cva6/csr_regfile_i/mcounteren_q_reg[23]/Q (HIGH)

 There are 192 register/latch pins with no clock driven by root clock pin: i_ariane/i_cva6/csr_regfile_i/mcounteren_q_reg[24]/Q (HIGH)

 There are 192 register/latch pins with no clock driven by root clock pin: i_ariane/i_cva6/csr_regfile_i/mcounteren_q_reg[25]/Q (HIGH)

 There are 192 register/latch pins with no clock driven by root clock pin: i_ariane/i_cva6/csr_regfile_i/mcounteren_q_reg[26]/Q (HIGH)

 There are 192 register/latch pins with no clock driven by root clock pin: i_ariane/i_cva6/csr_regfile_i/mcounteren_q_reg[27]/Q (HIGH)

 There are 192 register/latch pins with no clock driven by root clock pin: i_ariane/i_cva6/csr_regfile_i/mcounteren_q_reg[28]/Q (HIGH)

 There are 192 register/latch pins with no clock driven by root clock pin: i_ariane/i_cva6/csr_regfile_i/mcounteren_q_reg[29]/Q (HIGH)

 There are 192 register/latch pins with no clock driven by root clock pin: i_ariane/i_cva6/csr_regfile_i/mcounteren_q_reg[2]/Q (HIGH)

 There are 192 register/latch pins with no clock driven by root clock pin: i_ariane/i_cva6/csr_regfile_i/mcounteren_q_reg[30]/Q (HIGH)

 There are 192 register/latch pins with no clock driven by root clock pin: i_ariane/i_cva6/csr_regfile_i/mcounteren_q_reg[31]/Q (HIGH)

 There are 192 register/latch pins with no clock driven by root clock pin: i_ariane/i_cva6/csr_regfile_i/mcounteren_q_reg[3]/Q (HIGH)

 There are 192 register/latch pins with no clock driven by root clock pin: i_ariane/i_cva6/csr_regfile_i/mcounteren_q_reg[4]/Q (HIGH)

 There are 192 register/latch pins with no clock driven by root clock pin: i_ariane/i_cva6/csr_regfile_i/mcounteren_q_reg[5]/Q (HIGH)

 There are 192 register/latch pins with no clock driven by root clock pin: i_ariane/i_cva6/csr_regfile_i/mcounteren_q_reg[6]/Q (HIGH)

 There are 192 register/latch pins with no clock driven by root clock pin: i_ariane/i_cva6/csr_regfile_i/mcounteren_q_reg[7]/Q (HIGH)

 There are 192 register/latch pins with no clock driven by root clock pin: i_ariane/i_cva6/csr_regfile_i/mcounteren_q_reg[8]/Q (HIGH)

 There are 192 register/latch pins with no clock driven by root clock pin: i_ariane/i_cva6/csr_regfile_i/mcounteren_q_reg[9]/Q (HIGH)

 There are 192 register/latch pins with no clock driven by root clock pin: i_ariane/i_cva6/csr_regfile_i/mstatus_q_reg[fs][0]/Q (HIGH)

 There are 192 register/latch pins with no clock driven by root clock pin: i_ariane/i_cva6/csr_regfile_i/mstatus_q_reg[fs][1]/Q (HIGH)

 There are 192 register/latch pins with no clock driven by root clock pin: i_ariane/i_cva6/csr_regfile_i/mstatus_q_reg[tvm]/Q (HIGH)

 There are 192 register/latch pins with no clock driven by root clock pin: i_ariane/i_cva6/csr_regfile_i/priv_lvl_q_reg[0]/Q (HIGH)

 There are 192 register/latch pins with no clock driven by root clock pin: i_ariane/i_cva6/csr_regfile_i/priv_lvl_q_reg[1]/Q (HIGH)

 There are 192 register/latch pins with no clock driven by root clock pin: i_ariane/i_cva6/csr_regfile_i/scounteren_q_reg[0]/Q (HIGH)

 There are 192 register/latch pins with no clock driven by root clock pin: i_ariane/i_cva6/csr_regfile_i/scounteren_q_reg[10]/Q (HIGH)

 There are 192 register/latch pins with no clock driven by root clock pin: i_ariane/i_cva6/csr_regfile_i/scounteren_q_reg[11]/Q (HIGH)

 There are 192 register/latch pins with no clock driven by root clock pin: i_ariane/i_cva6/csr_regfile_i/scounteren_q_reg[12]/Q (HIGH)

 There are 192 register/latch pins with no clock driven by root clock pin: i_ariane/i_cva6/csr_regfile_i/scounteren_q_reg[13]/Q (HIGH)

 There are 192 register/latch pins with no clock driven by root clock pin: i_ariane/i_cva6/csr_regfile_i/scounteren_q_reg[14]/Q (HIGH)

 There are 192 register/latch pins with no clock driven by root clock pin: i_ariane/i_cva6/csr_regfile_i/scounteren_q_reg[15]/Q (HIGH)

 There are 192 register/latch pins with no clock driven by root clock pin: i_ariane/i_cva6/csr_regfile_i/scounteren_q_reg[16]/Q (HIGH)

 There are 192 register/latch pins with no clock driven by root clock pin: i_ariane/i_cva6/csr_regfile_i/scounteren_q_reg[17]/Q (HIGH)

 There are 192 register/latch pins with no clock driven by root clock pin: i_ariane/i_cva6/csr_regfile_i/scounteren_q_reg[18]/Q (HIGH)

 There are 192 register/latch pins with no clock driven by root clock pin: i_ariane/i_cva6/csr_regfile_i/scounteren_q_reg[19]/Q (HIGH)

 There are 192 register/latch pins with no clock driven by root clock pin: i_ariane/i_cva6/csr_regfile_i/scounteren_q_reg[1]/Q (HIGH)

 There are 192 register/latch pins with no clock driven by root clock pin: i_ariane/i_cva6/csr_regfile_i/scounteren_q_reg[20]/Q (HIGH)

 There are 192 register/latch pins with no clock driven by root clock pin: i_ariane/i_cva6/csr_regfile_i/scounteren_q_reg[21]/Q (HIGH)

 There are 192 register/latch pins with no clock driven by root clock pin: i_ariane/i_cva6/csr_regfile_i/scounteren_q_reg[22]/Q (HIGH)

 There are 192 register/latch pins with no clock driven by root clock pin: i_ariane/i_cva6/csr_regfile_i/scounteren_q_reg[23]/Q (HIGH)

 There are 192 register/latch pins with no clock driven by root clock pin: i_ariane/i_cva6/csr_regfile_i/scounteren_q_reg[24]/Q (HIGH)

 There are 192 register/latch pins with no clock driven by root clock pin: i_ariane/i_cva6/csr_regfile_i/scounteren_q_reg[25]/Q (HIGH)

 There are 192 register/latch pins with no clock driven by root clock pin: i_ariane/i_cva6/csr_regfile_i/scounteren_q_reg[26]/Q (HIGH)

 There are 192 register/latch pins with no clock driven by root clock pin: i_ariane/i_cva6/csr_regfile_i/scounteren_q_reg[27]/Q (HIGH)

 There are 192 register/latch pins with no clock driven by root clock pin: i_ariane/i_cva6/csr_regfile_i/scounteren_q_reg[28]/Q (HIGH)

 There are 192 register/latch pins with no clock driven by root clock pin: i_ariane/i_cva6/csr_regfile_i/scounteren_q_reg[29]/Q (HIGH)

 There are 192 register/latch pins with no clock driven by root clock pin: i_ariane/i_cva6/csr_regfile_i/scounteren_q_reg[2]/Q (HIGH)

 There are 192 register/latch pins with no clock driven by root clock pin: i_ariane/i_cva6/csr_regfile_i/scounteren_q_reg[30]/Q (HIGH)

 There are 192 register/latch pins with no clock driven by root clock pin: i_ariane/i_cva6/csr_regfile_i/scounteren_q_reg[31]/Q (HIGH)

 There are 192 register/latch pins with no clock driven by root clock pin: i_ariane/i_cva6/csr_regfile_i/scounteren_q_reg[3]/Q (HIGH)

 There are 192 register/latch pins with no clock driven by root clock pin: i_ariane/i_cva6/csr_regfile_i/scounteren_q_reg[4]/Q (HIGH)

 There are 192 register/latch pins with no clock driven by root clock pin: i_ariane/i_cva6/csr_regfile_i/scounteren_q_reg[5]/Q (HIGH)

 There are 192 register/latch pins with no clock driven by root clock pin: i_ariane/i_cva6/csr_regfile_i/scounteren_q_reg[6]/Q (HIGH)

 There are 192 register/latch pins with no clock driven by root clock pin: i_ariane/i_cva6/csr_regfile_i/scounteren_q_reg[7]/Q (HIGH)

 There are 192 register/latch pins with no clock driven by root clock pin: i_ariane/i_cva6/csr_regfile_i/scounteren_q_reg[8]/Q (HIGH)

 There are 192 register/latch pins with no clock driven by root clock pin: i_ariane/i_cva6/csr_regfile_i/scounteren_q_reg[9]/Q (HIGH)

 There are 192 register/latch pins with no clock driven by root clock pin: i_ariane/i_cva6/csr_regfile_i/wfi_q_reg/Q (HIGH)

 There are 192 register/latch pins with no clock driven by root clock pin: i_ariane/i_cva6/ex_stage_i/csr_buffer_i/csr_reg_q_reg[csr_address][0]/Q (HIGH)

 There are 192 register/latch pins with no clock driven by root clock pin: i_ariane/i_cva6/ex_stage_i/csr_buffer_i/csr_reg_q_reg[csr_address][10]/Q (HIGH)

 There are 192 register/latch pins with no clock driven by root clock pin: i_ariane/i_cva6/ex_stage_i/csr_buffer_i/csr_reg_q_reg[csr_address][11]/Q (HIGH)

 There are 192 register/latch pins with no clock driven by root clock pin: i_ariane/i_cva6/ex_stage_i/csr_buffer_i/csr_reg_q_reg[csr_address][1]/Q (HIGH)

 There are 192 register/latch pins with no clock driven by root clock pin: i_ariane/i_cva6/ex_stage_i/csr_buffer_i/csr_reg_q_reg[csr_address][1]_rep/Q (HIGH)

 There are 192 register/latch pins with no clock driven by root clock pin: i_ariane/i_cva6/ex_stage_i/csr_buffer_i/csr_reg_q_reg[csr_address][1]_rep__2/Q (HIGH)

 There are 192 register/latch pins with no clock driven by root clock pin: i_ariane/i_cva6/ex_stage_i/csr_buffer_i/csr_reg_q_reg[csr_address][2]/Q (HIGH)

 There are 192 register/latch pins with no clock driven by root clock pin: i_ariane/i_cva6/ex_stage_i/csr_buffer_i/csr_reg_q_reg[csr_address][2]_rep/Q (HIGH)

 There are 192 register/latch pins with no clock driven by root clock pin: i_ariane/i_cva6/ex_stage_i/csr_buffer_i/csr_reg_q_reg[csr_address][2]_rep__0/Q (HIGH)

 There are 192 register/latch pins with no clock driven by root clock pin: i_ariane/i_cva6/ex_stage_i/csr_buffer_i/csr_reg_q_reg[csr_address][3]/Q (HIGH)

 There are 192 register/latch pins with no clock driven by root clock pin: i_ariane/i_cva6/ex_stage_i/csr_buffer_i/csr_reg_q_reg[csr_address][4]/Q (HIGH)

 There are 192 register/latch pins with no clock driven by root clock pin: i_ariane/i_cva6/ex_stage_i/csr_buffer_i/csr_reg_q_reg[csr_address][5]/Q (HIGH)

 There are 192 register/latch pins with no clock driven by root clock pin: i_ariane/i_cva6/ex_stage_i/csr_buffer_i/csr_reg_q_reg[csr_address][6]/Q (HIGH)

 There are 192 register/latch pins with no clock driven by root clock pin: i_ariane/i_cva6/ex_stage_i/csr_buffer_i/csr_reg_q_reg[csr_address][7]/Q (HIGH)

 There are 192 register/latch pins with no clock driven by root clock pin: i_ariane/i_cva6/ex_stage_i/csr_buffer_i/csr_reg_q_reg[csr_address][8]/Q (HIGH)

 There are 192 register/latch pins with no clock driven by root clock pin: i_ariane/i_cva6/ex_stage_i/csr_buffer_i/csr_reg_q_reg[csr_address][9]/Q (HIGH)

 There are 192 register/latch pins with no clock driven by root clock pin: i_ariane/i_cva6/ex_stage_i/csr_buffer_i/csr_reg_q_reg[csr_address][9]_rep/Q (HIGH)

 There are 192 register/latch pins with no clock driven by root clock pin: i_ariane/i_cva6/ex_stage_i/csr_buffer_i/csr_reg_q_reg[csr_address][9]_rep__0/Q (HIGH)

 There are 192 register/latch pins with no clock driven by root clock pin: i_ariane/i_cva6/ex_stage_i/lsu_i/i_store_unit/store_buffer_i/commit_status_cnt_q_reg[0]/Q (HIGH)

 There are 192 register/latch pins with no clock driven by root clock pin: i_ariane/i_cva6/ex_stage_i/lsu_i/i_store_unit/store_buffer_i/commit_status_cnt_q_reg[1]/Q (HIGH)

 There are 192 register/latch pins with no clock driven by root clock pin: i_ariane/i_cva6/ex_stage_i/lsu_i/i_store_unit/store_buffer_i/commit_status_cnt_q_reg[2]/Q (HIGH)

 There are 192 register/latch pins with no clock driven by root clock pin: i_ariane/i_cva6/gen_cache_wt.i_cache_subsystem/i_adapter/dcache_rtrn_type_q_reg[0]/Q (HIGH)

 There are 192 register/latch pins with no clock driven by root clock pin: i_ariane/i_cva6/gen_cache_wt.i_cache_subsystem/i_adapter/dcache_rtrn_type_q_reg[1]/Q (HIGH)

 There are 192 register/latch pins with no clock driven by root clock pin: i_ariane/i_cva6/gen_cache_wt.i_cache_subsystem/i_adapter/dcache_rtrn_vld_q_reg/Q (HIGH)

 There are 192 register/latch pins with no clock driven by root clock pin: i_ariane/i_cva6/gen_cache_wt.i_cache_subsystem/i_wt_dcache/i_wt_dcache_missunit/FSM_sequential_state_q_reg[0]/Q (HIGH)

 There are 192 register/latch pins with no clock driven by root clock pin: i_ariane/i_cva6/gen_cache_wt.i_cache_subsystem/i_wt_dcache/i_wt_dcache_missunit/FSM_sequential_state_q_reg[1]/Q (HIGH)

 There are 192 register/latch pins with no clock driven by root clock pin: i_ariane/i_cva6/gen_cache_wt.i_cache_subsystem/i_wt_dcache/i_wt_dcache_missunit/FSM_sequential_state_q_reg[2]/Q (HIGH)

 There are 192 register/latch pins with no clock driven by root clock pin: i_ariane/i_cva6/gen_cache_wt.i_cache_subsystem/i_wt_dcache/i_wt_dcache_missunit/amo_req_q_reg/Q (HIGH)

 There are 192 register/latch pins with no clock driven by root clock pin: i_ariane/i_cva6/gen_cache_wt.i_cache_subsystem/i_wt_dcache/i_wt_dcache_wbuffer/wbuffer_q_reg[0][valid][0]/Q (HIGH)

 There are 192 register/latch pins with no clock driven by root clock pin: i_ariane/i_cva6/gen_cache_wt.i_cache_subsystem/i_wt_dcache/i_wt_dcache_wbuffer/wbuffer_q_reg[0][valid][1]/Q (HIGH)

 There are 192 register/latch pins with no clock driven by root clock pin: i_ariane/i_cva6/gen_cache_wt.i_cache_subsystem/i_wt_dcache/i_wt_dcache_wbuffer/wbuffer_q_reg[0][valid][2]/Q (HIGH)

 There are 192 register/latch pins with no clock driven by root clock pin: i_ariane/i_cva6/gen_cache_wt.i_cache_subsystem/i_wt_dcache/i_wt_dcache_wbuffer/wbuffer_q_reg[0][valid][3]/Q (HIGH)

 There are 192 register/latch pins with no clock driven by root clock pin: i_ariane/i_cva6/gen_cache_wt.i_cache_subsystem/i_wt_dcache/i_wt_dcache_wbuffer/wbuffer_q_reg[0][valid][4]/Q (HIGH)

 There are 192 register/latch pins with no clock driven by root clock pin: i_ariane/i_cva6/gen_cache_wt.i_cache_subsystem/i_wt_dcache/i_wt_dcache_wbuffer/wbuffer_q_reg[0][valid][5]/Q (HIGH)

 There are 192 register/latch pins with no clock driven by root clock pin: i_ariane/i_cva6/gen_cache_wt.i_cache_subsystem/i_wt_dcache/i_wt_dcache_wbuffer/wbuffer_q_reg[0][valid][6]/Q (HIGH)

 There are 192 register/latch pins with no clock driven by root clock pin: i_ariane/i_cva6/gen_cache_wt.i_cache_subsystem/i_wt_dcache/i_wt_dcache_wbuffer/wbuffer_q_reg[0][valid][7]/Q (HIGH)

 There are 192 register/latch pins with no clock driven by root clock pin: i_ariane/i_cva6/gen_cache_wt.i_cache_subsystem/i_wt_dcache/i_wt_dcache_wbuffer/wbuffer_q_reg[1][valid][0]/Q (HIGH)

 There are 192 register/latch pins with no clock driven by root clock pin: i_ariane/i_cva6/gen_cache_wt.i_cache_subsystem/i_wt_dcache/i_wt_dcache_wbuffer/wbuffer_q_reg[1][valid][1]/Q (HIGH)

 There are 192 register/latch pins with no clock driven by root clock pin: i_ariane/i_cva6/gen_cache_wt.i_cache_subsystem/i_wt_dcache/i_wt_dcache_wbuffer/wbuffer_q_reg[1][valid][2]/Q (HIGH)

 There are 192 register/latch pins with no clock driven by root clock pin: i_ariane/i_cva6/gen_cache_wt.i_cache_subsystem/i_wt_dcache/i_wt_dcache_wbuffer/wbuffer_q_reg[1][valid][3]/Q (HIGH)

 There are 192 register/latch pins with no clock driven by root clock pin: i_ariane/i_cva6/gen_cache_wt.i_cache_subsystem/i_wt_dcache/i_wt_dcache_wbuffer/wbuffer_q_reg[1][valid][4]/Q (HIGH)

 There are 192 register/latch pins with no clock driven by root clock pin: i_ariane/i_cva6/gen_cache_wt.i_cache_subsystem/i_wt_dcache/i_wt_dcache_wbuffer/wbuffer_q_reg[1][valid][5]/Q (HIGH)

 There are 192 register/latch pins with no clock driven by root clock pin: i_ariane/i_cva6/gen_cache_wt.i_cache_subsystem/i_wt_dcache/i_wt_dcache_wbuffer/wbuffer_q_reg[1][valid][6]/Q (HIGH)

 There are 192 register/latch pins with no clock driven by root clock pin: i_ariane/i_cva6/gen_cache_wt.i_cache_subsystem/i_wt_dcache/i_wt_dcache_wbuffer/wbuffer_q_reg[1][valid][7]/Q (HIGH)

 There are 192 register/latch pins with no clock driven by root clock pin: i_ariane/i_cva6/gen_cache_wt.i_cache_subsystem/i_wt_dcache/i_wt_dcache_wbuffer/wbuffer_q_reg[2][valid][0]/Q (HIGH)

 There are 192 register/latch pins with no clock driven by root clock pin: i_ariane/i_cva6/gen_cache_wt.i_cache_subsystem/i_wt_dcache/i_wt_dcache_wbuffer/wbuffer_q_reg[2][valid][1]/Q (HIGH)

 There are 192 register/latch pins with no clock driven by root clock pin: i_ariane/i_cva6/gen_cache_wt.i_cache_subsystem/i_wt_dcache/i_wt_dcache_wbuffer/wbuffer_q_reg[2][valid][2]/Q (HIGH)

 There are 192 register/latch pins with no clock driven by root clock pin: i_ariane/i_cva6/gen_cache_wt.i_cache_subsystem/i_wt_dcache/i_wt_dcache_wbuffer/wbuffer_q_reg[2][valid][3]/Q (HIGH)

 There are 192 register/latch pins with no clock driven by root clock pin: i_ariane/i_cva6/gen_cache_wt.i_cache_subsystem/i_wt_dcache/i_wt_dcache_wbuffer/wbuffer_q_reg[2][valid][4]/Q (HIGH)

 There are 192 register/latch pins with no clock driven by root clock pin: i_ariane/i_cva6/gen_cache_wt.i_cache_subsystem/i_wt_dcache/i_wt_dcache_wbuffer/wbuffer_q_reg[2][valid][5]/Q (HIGH)

 There are 192 register/latch pins with no clock driven by root clock pin: i_ariane/i_cva6/gen_cache_wt.i_cache_subsystem/i_wt_dcache/i_wt_dcache_wbuffer/wbuffer_q_reg[2][valid][6]/Q (HIGH)

 There are 192 register/latch pins with no clock driven by root clock pin: i_ariane/i_cva6/gen_cache_wt.i_cache_subsystem/i_wt_dcache/i_wt_dcache_wbuffer/wbuffer_q_reg[2][valid][7]/Q (HIGH)

 There are 192 register/latch pins with no clock driven by root clock pin: i_ariane/i_cva6/gen_cache_wt.i_cache_subsystem/i_wt_dcache/i_wt_dcache_wbuffer/wbuffer_q_reg[3][valid][0]/Q (HIGH)

 There are 192 register/latch pins with no clock driven by root clock pin: i_ariane/i_cva6/gen_cache_wt.i_cache_subsystem/i_wt_dcache/i_wt_dcache_wbuffer/wbuffer_q_reg[3][valid][1]/Q (HIGH)

 There are 192 register/latch pins with no clock driven by root clock pin: i_ariane/i_cva6/gen_cache_wt.i_cache_subsystem/i_wt_dcache/i_wt_dcache_wbuffer/wbuffer_q_reg[3][valid][2]/Q (HIGH)

 There are 192 register/latch pins with no clock driven by root clock pin: i_ariane/i_cva6/gen_cache_wt.i_cache_subsystem/i_wt_dcache/i_wt_dcache_wbuffer/wbuffer_q_reg[3][valid][3]/Q (HIGH)

 There are 192 register/latch pins with no clock driven by root clock pin: i_ariane/i_cva6/gen_cache_wt.i_cache_subsystem/i_wt_dcache/i_wt_dcache_wbuffer/wbuffer_q_reg[3][valid][4]/Q (HIGH)

 There are 192 register/latch pins with no clock driven by root clock pin: i_ariane/i_cva6/gen_cache_wt.i_cache_subsystem/i_wt_dcache/i_wt_dcache_wbuffer/wbuffer_q_reg[3][valid][5]/Q (HIGH)

 There are 192 register/latch pins with no clock driven by root clock pin: i_ariane/i_cva6/gen_cache_wt.i_cache_subsystem/i_wt_dcache/i_wt_dcache_wbuffer/wbuffer_q_reg[3][valid][6]/Q (HIGH)

 There are 192 register/latch pins with no clock driven by root clock pin: i_ariane/i_cva6/gen_cache_wt.i_cache_subsystem/i_wt_dcache/i_wt_dcache_wbuffer/wbuffer_q_reg[3][valid][7]/Q (HIGH)

 There are 192 register/latch pins with no clock driven by root clock pin: i_ariane/i_cva6/gen_cache_wt.i_cache_subsystem/i_wt_dcache/i_wt_dcache_wbuffer/wbuffer_q_reg[4][valid][0]/Q (HIGH)

 There are 192 register/latch pins with no clock driven by root clock pin: i_ariane/i_cva6/gen_cache_wt.i_cache_subsystem/i_wt_dcache/i_wt_dcache_wbuffer/wbuffer_q_reg[4][valid][1]/Q (HIGH)

 There are 192 register/latch pins with no clock driven by root clock pin: i_ariane/i_cva6/gen_cache_wt.i_cache_subsystem/i_wt_dcache/i_wt_dcache_wbuffer/wbuffer_q_reg[4][valid][2]/Q (HIGH)

 There are 192 register/latch pins with no clock driven by root clock pin: i_ariane/i_cva6/gen_cache_wt.i_cache_subsystem/i_wt_dcache/i_wt_dcache_wbuffer/wbuffer_q_reg[4][valid][3]/Q (HIGH)

 There are 192 register/latch pins with no clock driven by root clock pin: i_ariane/i_cva6/gen_cache_wt.i_cache_subsystem/i_wt_dcache/i_wt_dcache_wbuffer/wbuffer_q_reg[4][valid][4]/Q (HIGH)

 There are 192 register/latch pins with no clock driven by root clock pin: i_ariane/i_cva6/gen_cache_wt.i_cache_subsystem/i_wt_dcache/i_wt_dcache_wbuffer/wbuffer_q_reg[4][valid][5]/Q (HIGH)

 There are 192 register/latch pins with no clock driven by root clock pin: i_ariane/i_cva6/gen_cache_wt.i_cache_subsystem/i_wt_dcache/i_wt_dcache_wbuffer/wbuffer_q_reg[4][valid][6]/Q (HIGH)

 There are 192 register/latch pins with no clock driven by root clock pin: i_ariane/i_cva6/gen_cache_wt.i_cache_subsystem/i_wt_dcache/i_wt_dcache_wbuffer/wbuffer_q_reg[4][valid][7]/Q (HIGH)

 There are 192 register/latch pins with no clock driven by root clock pin: i_ariane/i_cva6/gen_cache_wt.i_cache_subsystem/i_wt_dcache/i_wt_dcache_wbuffer/wbuffer_q_reg[5][valid][0]/Q (HIGH)

 There are 192 register/latch pins with no clock driven by root clock pin: i_ariane/i_cva6/gen_cache_wt.i_cache_subsystem/i_wt_dcache/i_wt_dcache_wbuffer/wbuffer_q_reg[5][valid][1]/Q (HIGH)

 There are 192 register/latch pins with no clock driven by root clock pin: i_ariane/i_cva6/gen_cache_wt.i_cache_subsystem/i_wt_dcache/i_wt_dcache_wbuffer/wbuffer_q_reg[5][valid][2]/Q (HIGH)

 There are 192 register/latch pins with no clock driven by root clock pin: i_ariane/i_cva6/gen_cache_wt.i_cache_subsystem/i_wt_dcache/i_wt_dcache_wbuffer/wbuffer_q_reg[5][valid][3]/Q (HIGH)

 There are 192 register/latch pins with no clock driven by root clock pin: i_ariane/i_cva6/gen_cache_wt.i_cache_subsystem/i_wt_dcache/i_wt_dcache_wbuffer/wbuffer_q_reg[5][valid][4]/Q (HIGH)

 There are 192 register/latch pins with no clock driven by root clock pin: i_ariane/i_cva6/gen_cache_wt.i_cache_subsystem/i_wt_dcache/i_wt_dcache_wbuffer/wbuffer_q_reg[5][valid][5]/Q (HIGH)

 There are 192 register/latch pins with no clock driven by root clock pin: i_ariane/i_cva6/gen_cache_wt.i_cache_subsystem/i_wt_dcache/i_wt_dcache_wbuffer/wbuffer_q_reg[5][valid][6]/Q (HIGH)

 There are 192 register/latch pins with no clock driven by root clock pin: i_ariane/i_cva6/gen_cache_wt.i_cache_subsystem/i_wt_dcache/i_wt_dcache_wbuffer/wbuffer_q_reg[5][valid][7]/Q (HIGH)

 There are 192 register/latch pins with no clock driven by root clock pin: i_ariane/i_cva6/gen_cache_wt.i_cache_subsystem/i_wt_dcache/i_wt_dcache_wbuffer/wbuffer_q_reg[6][valid][0]/Q (HIGH)

 There are 192 register/latch pins with no clock driven by root clock pin: i_ariane/i_cva6/gen_cache_wt.i_cache_subsystem/i_wt_dcache/i_wt_dcache_wbuffer/wbuffer_q_reg[6][valid][1]/Q (HIGH)

 There are 192 register/latch pins with no clock driven by root clock pin: i_ariane/i_cva6/gen_cache_wt.i_cache_subsystem/i_wt_dcache/i_wt_dcache_wbuffer/wbuffer_q_reg[6][valid][2]/Q (HIGH)

 There are 192 register/latch pins with no clock driven by root clock pin: i_ariane/i_cva6/gen_cache_wt.i_cache_subsystem/i_wt_dcache/i_wt_dcache_wbuffer/wbuffer_q_reg[6][valid][3]/Q (HIGH)

 There are 192 register/latch pins with no clock driven by root clock pin: i_ariane/i_cva6/gen_cache_wt.i_cache_subsystem/i_wt_dcache/i_wt_dcache_wbuffer/wbuffer_q_reg[6][valid][4]/Q (HIGH)

 There are 192 register/latch pins with no clock driven by root clock pin: i_ariane/i_cva6/gen_cache_wt.i_cache_subsystem/i_wt_dcache/i_wt_dcache_wbuffer/wbuffer_q_reg[6][valid][5]/Q (HIGH)

 There are 192 register/latch pins with no clock driven by root clock pin: i_ariane/i_cva6/gen_cache_wt.i_cache_subsystem/i_wt_dcache/i_wt_dcache_wbuffer/wbuffer_q_reg[6][valid][6]/Q (HIGH)

 There are 192 register/latch pins with no clock driven by root clock pin: i_ariane/i_cva6/gen_cache_wt.i_cache_subsystem/i_wt_dcache/i_wt_dcache_wbuffer/wbuffer_q_reg[6][valid][7]/Q (HIGH)

 There are 192 register/latch pins with no clock driven by root clock pin: i_ariane/i_cva6/gen_cache_wt.i_cache_subsystem/i_wt_dcache/i_wt_dcache_wbuffer/wbuffer_q_reg[7][valid][0]/Q (HIGH)

 There are 192 register/latch pins with no clock driven by root clock pin: i_ariane/i_cva6/gen_cache_wt.i_cache_subsystem/i_wt_dcache/i_wt_dcache_wbuffer/wbuffer_q_reg[7][valid][1]/Q (HIGH)

 There are 192 register/latch pins with no clock driven by root clock pin: i_ariane/i_cva6/gen_cache_wt.i_cache_subsystem/i_wt_dcache/i_wt_dcache_wbuffer/wbuffer_q_reg[7][valid][2]/Q (HIGH)

 There are 192 register/latch pins with no clock driven by root clock pin: i_ariane/i_cva6/gen_cache_wt.i_cache_subsystem/i_wt_dcache/i_wt_dcache_wbuffer/wbuffer_q_reg[7][valid][3]/Q (HIGH)

 There are 192 register/latch pins with no clock driven by root clock pin: i_ariane/i_cva6/gen_cache_wt.i_cache_subsystem/i_wt_dcache/i_wt_dcache_wbuffer/wbuffer_q_reg[7][valid][4]/Q (HIGH)

 There are 192 register/latch pins with no clock driven by root clock pin: i_ariane/i_cva6/gen_cache_wt.i_cache_subsystem/i_wt_dcache/i_wt_dcache_wbuffer/wbuffer_q_reg[7][valid][5]/Q (HIGH)

 There are 192 register/latch pins with no clock driven by root clock pin: i_ariane/i_cva6/gen_cache_wt.i_cache_subsystem/i_wt_dcache/i_wt_dcache_wbuffer/wbuffer_q_reg[7][valid][6]/Q (HIGH)

 There are 192 register/latch pins with no clock driven by root clock pin: i_ariane/i_cva6/gen_cache_wt.i_cache_subsystem/i_wt_dcache/i_wt_dcache_wbuffer/wbuffer_q_reg[7][valid][7]/Q (HIGH)

 There are 192 register/latch pins with no clock driven by root clock pin: i_ariane/i_cva6/id_stage_i/issue_q_reg[0][orig_instr][0]/Q (HIGH)

 There are 192 register/latch pins with no clock driven by root clock pin: i_ariane/i_cva6/id_stage_i/issue_q_reg[0][orig_instr][12]/Q (HIGH)

 There are 192 register/latch pins with no clock driven by root clock pin: i_ariane/i_cva6/id_stage_i/issue_q_reg[0][orig_instr][13]/Q (HIGH)

 There are 192 register/latch pins with no clock driven by root clock pin: i_ariane/i_cva6/id_stage_i/issue_q_reg[0][orig_instr][14]/Q (HIGH)

 There are 192 register/latch pins with no clock driven by root clock pin: i_ariane/i_cva6/id_stage_i/issue_q_reg[0][orig_instr][1]/Q (HIGH)

 There are 128 register/latch pins with no clock driven by root clock pin: i_ariane/i_cva6/id_stage_i/issue_q_reg[0][orig_instr][24]/Q (HIGH)

 There are 192 register/latch pins with no clock driven by root clock pin: i_ariane/i_cva6/id_stage_i/issue_q_reg[0][orig_instr][25]/Q (HIGH)

 There are 192 register/latch pins with no clock driven by root clock pin: i_ariane/i_cva6/id_stage_i/issue_q_reg[0][orig_instr][26]/Q (HIGH)

 There are 192 register/latch pins with no clock driven by root clock pin: i_ariane/i_cva6/id_stage_i/issue_q_reg[0][orig_instr][27]/Q (HIGH)

 There are 192 register/latch pins with no clock driven by root clock pin: i_ariane/i_cva6/id_stage_i/issue_q_reg[0][orig_instr][28]/Q (HIGH)

 There are 192 register/latch pins with no clock driven by root clock pin: i_ariane/i_cva6/id_stage_i/issue_q_reg[0][orig_instr][29]/Q (HIGH)

 There are 192 register/latch pins with no clock driven by root clock pin: i_ariane/i_cva6/id_stage_i/issue_q_reg[0][orig_instr][2]/Q (HIGH)

 There are 192 register/latch pins with no clock driven by root clock pin: i_ariane/i_cva6/id_stage_i/issue_q_reg[0][orig_instr][30]/Q (HIGH)

 There are 192 register/latch pins with no clock driven by root clock pin: i_ariane/i_cva6/id_stage_i/issue_q_reg[0][orig_instr][31]/Q (HIGH)

 There are 192 register/latch pins with no clock driven by root clock pin: i_ariane/i_cva6/id_stage_i/issue_q_reg[0][orig_instr][3]/Q (HIGH)

 There are 192 register/latch pins with no clock driven by root clock pin: i_ariane/i_cva6/id_stage_i/issue_q_reg[0][orig_instr][4]/Q (HIGH)

 There are 192 register/latch pins with no clock driven by root clock pin: i_ariane/i_cva6/id_stage_i/issue_q_reg[0][orig_instr][5]/Q (HIGH)

 There are 192 register/latch pins with no clock driven by root clock pin: i_ariane/i_cva6/id_stage_i/issue_q_reg[0][orig_instr][6]/Q (HIGH)

 There are 192 register/latch pins with no clock driven by root clock pin: i_ariane/i_cva6/id_stage_i/issue_q_reg[0][sbe][fu][0]/Q (HIGH)

 There are 192 register/latch pins with no clock driven by root clock pin: i_ariane/i_cva6/id_stage_i/issue_q_reg[0][sbe][fu][1]/Q (HIGH)

 There are 192 register/latch pins with no clock driven by root clock pin: i_ariane/i_cva6/id_stage_i/issue_q_reg[0][sbe][fu][2]/Q (HIGH)

 There are 192 register/latch pins with no clock driven by root clock pin: i_ariane/i_cva6/id_stage_i/issue_q_reg[0][sbe][fu][3]/Q (HIGH)

 There are 192 register/latch pins with no clock driven by root clock pin: i_ariane/i_cva6/id_stage_i/issue_q_reg[0][sbe][valid]/Q (HIGH)

 There are 192 register/latch pins with no clock driven by root clock pin: i_ariane/i_cva6/id_stage_i/issue_q_reg[0][valid]/Q (HIGH)

 There are 192 register/latch pins with no clock driven by root clock pin: i_ariane/i_cva6/issue_stage_i/i_issue_read_operands/aes_valid_q_reg[0]/Q (HIGH)

 There are 192 register/latch pins with no clock driven by root clock pin: i_ariane/i_cva6/issue_stage_i/i_issue_read_operands/alu_valid_q_reg[0]/Q (HIGH)

 There are 192 register/latch pins with no clock driven by root clock pin: i_ariane/i_cva6/issue_stage_i/i_issue_read_operands/branch_predict_o_reg[cf][0]/Q (HIGH)

 There are 192 register/latch pins with no clock driven by root clock pin: i_ariane/i_cva6/issue_stage_i/i_issue_read_operands/branch_predict_o_reg[cf][1]/Q (HIGH)

 There are 192 register/latch pins with no clock driven by root clock pin: i_ariane/i_cva6/issue_stage_i/i_issue_read_operands/branch_predict_o_reg[cf][2]/Q (HIGH)

 There are 192 register/latch pins with no clock driven by root clock pin: i_ariane/i_cva6/issue_stage_i/i_issue_read_operands/branch_predict_o_reg[predict_address][0]/Q (HIGH)

 There are 192 register/latch pins with no clock driven by root clock pin: i_ariane/i_cva6/issue_stage_i/i_issue_read_operands/branch_predict_o_reg[predict_address][10]/Q (HIGH)

 There are 192 register/latch pins with no clock driven by root clock pin: i_ariane/i_cva6/issue_stage_i/i_issue_read_operands/branch_predict_o_reg[predict_address][11]/Q (HIGH)

 There are 192 register/latch pins with no clock driven by root clock pin: i_ariane/i_cva6/issue_stage_i/i_issue_read_operands/branch_predict_o_reg[predict_address][12]/Q (HIGH)

 There are 192 register/latch pins with no clock driven by root clock pin: i_ariane/i_cva6/issue_stage_i/i_issue_read_operands/branch_predict_o_reg[predict_address][13]/Q (HIGH)

 There are 192 register/latch pins with no clock driven by root clock pin: i_ariane/i_cva6/issue_stage_i/i_issue_read_operands/branch_predict_o_reg[predict_address][14]/Q (HIGH)

 There are 192 register/latch pins with no clock driven by root clock pin: i_ariane/i_cva6/issue_stage_i/i_issue_read_operands/branch_predict_o_reg[predict_address][15]/Q (HIGH)

 There are 192 register/latch pins with no clock driven by root clock pin: i_ariane/i_cva6/issue_stage_i/i_issue_read_operands/branch_predict_o_reg[predict_address][16]/Q (HIGH)

 There are 192 register/latch pins with no clock driven by root clock pin: i_ariane/i_cva6/issue_stage_i/i_issue_read_operands/branch_predict_o_reg[predict_address][17]/Q (HIGH)

 There are 192 register/latch pins with no clock driven by root clock pin: i_ariane/i_cva6/issue_stage_i/i_issue_read_operands/branch_predict_o_reg[predict_address][18]/Q (HIGH)

 There are 192 register/latch pins with no clock driven by root clock pin: i_ariane/i_cva6/issue_stage_i/i_issue_read_operands/branch_predict_o_reg[predict_address][19]/Q (HIGH)

 There are 192 register/latch pins with no clock driven by root clock pin: i_ariane/i_cva6/issue_stage_i/i_issue_read_operands/branch_predict_o_reg[predict_address][1]/Q (HIGH)

 There are 192 register/latch pins with no clock driven by root clock pin: i_ariane/i_cva6/issue_stage_i/i_issue_read_operands/branch_predict_o_reg[predict_address][20]/Q (HIGH)

 There are 192 register/latch pins with no clock driven by root clock pin: i_ariane/i_cva6/issue_stage_i/i_issue_read_operands/branch_predict_o_reg[predict_address][21]/Q (HIGH)

 There are 192 register/latch pins with no clock driven by root clock pin: i_ariane/i_cva6/issue_stage_i/i_issue_read_operands/branch_predict_o_reg[predict_address][22]/Q (HIGH)

 There are 192 register/latch pins with no clock driven by root clock pin: i_ariane/i_cva6/issue_stage_i/i_issue_read_operands/branch_predict_o_reg[predict_address][23]/Q (HIGH)

 There are 192 register/latch pins with no clock driven by root clock pin: i_ariane/i_cva6/issue_stage_i/i_issue_read_operands/branch_predict_o_reg[predict_address][24]/Q (HIGH)

 There are 192 register/latch pins with no clock driven by root clock pin: i_ariane/i_cva6/issue_stage_i/i_issue_read_operands/branch_predict_o_reg[predict_address][25]/Q (HIGH)

 There are 192 register/latch pins with no clock driven by root clock pin: i_ariane/i_cva6/issue_stage_i/i_issue_read_operands/branch_predict_o_reg[predict_address][26]/Q (HIGH)

 There are 192 register/latch pins with no clock driven by root clock pin: i_ariane/i_cva6/issue_stage_i/i_issue_read_operands/branch_predict_o_reg[predict_address][27]/Q (HIGH)

 There are 192 register/latch pins with no clock driven by root clock pin: i_ariane/i_cva6/issue_stage_i/i_issue_read_operands/branch_predict_o_reg[predict_address][28]/Q (HIGH)

 There are 192 register/latch pins with no clock driven by root clock pin: i_ariane/i_cva6/issue_stage_i/i_issue_read_operands/branch_predict_o_reg[predict_address][29]/Q (HIGH)

 There are 192 register/latch pins with no clock driven by root clock pin: i_ariane/i_cva6/issue_stage_i/i_issue_read_operands/branch_predict_o_reg[predict_address][2]/Q (HIGH)

 There are 192 register/latch pins with no clock driven by root clock pin: i_ariane/i_cva6/issue_stage_i/i_issue_read_operands/branch_predict_o_reg[predict_address][30]/Q (HIGH)

 There are 192 register/latch pins with no clock driven by root clock pin: i_ariane/i_cva6/issue_stage_i/i_issue_read_operands/branch_predict_o_reg[predict_address][31]/Q (HIGH)

 There are 192 register/latch pins with no clock driven by root clock pin: i_ariane/i_cva6/issue_stage_i/i_issue_read_operands/branch_predict_o_reg[predict_address][32]/Q (HIGH)

 There are 192 register/latch pins with no clock driven by root clock pin: i_ariane/i_cva6/issue_stage_i/i_issue_read_operands/branch_predict_o_reg[predict_address][33]/Q (HIGH)

 There are 192 register/latch pins with no clock driven by root clock pin: i_ariane/i_cva6/issue_stage_i/i_issue_read_operands/branch_predict_o_reg[predict_address][34]/Q (HIGH)

 There are 192 register/latch pins with no clock driven by root clock pin: i_ariane/i_cva6/issue_stage_i/i_issue_read_operands/branch_predict_o_reg[predict_address][35]/Q (HIGH)

 There are 192 register/latch pins with no clock driven by root clock pin: i_ariane/i_cva6/issue_stage_i/i_issue_read_operands/branch_predict_o_reg[predict_address][36]/Q (HIGH)

 There are 192 register/latch pins with no clock driven by root clock pin: i_ariane/i_cva6/issue_stage_i/i_issue_read_operands/branch_predict_o_reg[predict_address][37]/Q (HIGH)

 There are 192 register/latch pins with no clock driven by root clock pin: i_ariane/i_cva6/issue_stage_i/i_issue_read_operands/branch_predict_o_reg[predict_address][38]/Q (HIGH)

 There are 192 register/latch pins with no clock driven by root clock pin: i_ariane/i_cva6/issue_stage_i/i_issue_read_operands/branch_predict_o_reg[predict_address][39]/Q (HIGH)

 There are 192 register/latch pins with no clock driven by root clock pin: i_ariane/i_cva6/issue_stage_i/i_issue_read_operands/branch_predict_o_reg[predict_address][3]/Q (HIGH)

 There are 192 register/latch pins with no clock driven by root clock pin: i_ariane/i_cva6/issue_stage_i/i_issue_read_operands/branch_predict_o_reg[predict_address][40]/Q (HIGH)

 There are 192 register/latch pins with no clock driven by root clock pin: i_ariane/i_cva6/issue_stage_i/i_issue_read_operands/branch_predict_o_reg[predict_address][41]/Q (HIGH)

 There are 192 register/latch pins with no clock driven by root clock pin: i_ariane/i_cva6/issue_stage_i/i_issue_read_operands/branch_predict_o_reg[predict_address][42]/Q (HIGH)

 There are 192 register/latch pins with no clock driven by root clock pin: i_ariane/i_cva6/issue_stage_i/i_issue_read_operands/branch_predict_o_reg[predict_address][43]/Q (HIGH)

 There are 192 register/latch pins with no clock driven by root clock pin: i_ariane/i_cva6/issue_stage_i/i_issue_read_operands/branch_predict_o_reg[predict_address][44]/Q (HIGH)

 There are 192 register/latch pins with no clock driven by root clock pin: i_ariane/i_cva6/issue_stage_i/i_issue_read_operands/branch_predict_o_reg[predict_address][45]/Q (HIGH)

 There are 192 register/latch pins with no clock driven by root clock pin: i_ariane/i_cva6/issue_stage_i/i_issue_read_operands/branch_predict_o_reg[predict_address][46]/Q (HIGH)

 There are 192 register/latch pins with no clock driven by root clock pin: i_ariane/i_cva6/issue_stage_i/i_issue_read_operands/branch_predict_o_reg[predict_address][47]/Q (HIGH)

 There are 192 register/latch pins with no clock driven by root clock pin: i_ariane/i_cva6/issue_stage_i/i_issue_read_operands/branch_predict_o_reg[predict_address][48]/Q (HIGH)

 There are 192 register/latch pins with no clock driven by root clock pin: i_ariane/i_cva6/issue_stage_i/i_issue_read_operands/branch_predict_o_reg[predict_address][49]/Q (HIGH)

 There are 192 register/latch pins with no clock driven by root clock pin: i_ariane/i_cva6/issue_stage_i/i_issue_read_operands/branch_predict_o_reg[predict_address][4]/Q (HIGH)

 There are 192 register/latch pins with no clock driven by root clock pin: i_ariane/i_cva6/issue_stage_i/i_issue_read_operands/branch_predict_o_reg[predict_address][50]/Q (HIGH)

 There are 192 register/latch pins with no clock driven by root clock pin: i_ariane/i_cva6/issue_stage_i/i_issue_read_operands/branch_predict_o_reg[predict_address][51]/Q (HIGH)

 There are 192 register/latch pins with no clock driven by root clock pin: i_ariane/i_cva6/issue_stage_i/i_issue_read_operands/branch_predict_o_reg[predict_address][52]/Q (HIGH)

 There are 192 register/latch pins with no clock driven by root clock pin: i_ariane/i_cva6/issue_stage_i/i_issue_read_operands/branch_predict_o_reg[predict_address][53]/Q (HIGH)

 There are 192 register/latch pins with no clock driven by root clock pin: i_ariane/i_cva6/issue_stage_i/i_issue_read_operands/branch_predict_o_reg[predict_address][54]/Q (HIGH)

 There are 192 register/latch pins with no clock driven by root clock pin: i_ariane/i_cva6/issue_stage_i/i_issue_read_operands/branch_predict_o_reg[predict_address][55]/Q (HIGH)

 There are 192 register/latch pins with no clock driven by root clock pin: i_ariane/i_cva6/issue_stage_i/i_issue_read_operands/branch_predict_o_reg[predict_address][56]/Q (HIGH)

 There are 192 register/latch pins with no clock driven by root clock pin: i_ariane/i_cva6/issue_stage_i/i_issue_read_operands/branch_predict_o_reg[predict_address][57]/Q (HIGH)

 There are 192 register/latch pins with no clock driven by root clock pin: i_ariane/i_cva6/issue_stage_i/i_issue_read_operands/branch_predict_o_reg[predict_address][58]/Q (HIGH)

 There are 192 register/latch pins with no clock driven by root clock pin: i_ariane/i_cva6/issue_stage_i/i_issue_read_operands/branch_predict_o_reg[predict_address][59]/Q (HIGH)

 There are 192 register/latch pins with no clock driven by root clock pin: i_ariane/i_cva6/issue_stage_i/i_issue_read_operands/branch_predict_o_reg[predict_address][5]/Q (HIGH)

 There are 192 register/latch pins with no clock driven by root clock pin: i_ariane/i_cva6/issue_stage_i/i_issue_read_operands/branch_predict_o_reg[predict_address][60]/Q (HIGH)

 There are 192 register/latch pins with no clock driven by root clock pin: i_ariane/i_cva6/issue_stage_i/i_issue_read_operands/branch_predict_o_reg[predict_address][61]/Q (HIGH)

 There are 192 register/latch pins with no clock driven by root clock pin: i_ariane/i_cva6/issue_stage_i/i_issue_read_operands/branch_predict_o_reg[predict_address][62]/Q (HIGH)

 There are 192 register/latch pins with no clock driven by root clock pin: i_ariane/i_cva6/issue_stage_i/i_issue_read_operands/branch_predict_o_reg[predict_address][63]/Q (HIGH)

 There are 192 register/latch pins with no clock driven by root clock pin: i_ariane/i_cva6/issue_stage_i/i_issue_read_operands/branch_predict_o_reg[predict_address][6]/Q (HIGH)

 There are 192 register/latch pins with no clock driven by root clock pin: i_ariane/i_cva6/issue_stage_i/i_issue_read_operands/branch_predict_o_reg[predict_address][7]/Q (HIGH)

 There are 192 register/latch pins with no clock driven by root clock pin: i_ariane/i_cva6/issue_stage_i/i_issue_read_operands/branch_predict_o_reg[predict_address][8]/Q (HIGH)

 There are 192 register/latch pins with no clock driven by root clock pin: i_ariane/i_cva6/issue_stage_i/i_issue_read_operands/branch_predict_o_reg[predict_address][9]/Q (HIGH)

 There are 192 register/latch pins with no clock driven by root clock pin: i_ariane/i_cva6/issue_stage_i/i_issue_read_operands/branch_valid_q_reg[0]/Q (HIGH)

 There are 192 register/latch pins with no clock driven by root clock pin: i_ariane/i_cva6/issue_stage_i/i_issue_read_operands/csr_valid_q_reg[0]/Q (HIGH)

 There are 192 register/latch pins with no clock driven by root clock pin: i_ariane/i_cva6/issue_stage_i/i_issue_read_operands/fu_data_q_reg[0][imm][0]/Q (HIGH)

 There are 192 register/latch pins with no clock driven by root clock pin: i_ariane/i_cva6/issue_stage_i/i_issue_read_operands/fu_data_q_reg[0][imm][10]/Q (HIGH)

 There are 192 register/latch pins with no clock driven by root clock pin: i_ariane/i_cva6/issue_stage_i/i_issue_read_operands/fu_data_q_reg[0][imm][11]/Q (HIGH)

 There are 192 register/latch pins with no clock driven by root clock pin: i_ariane/i_cva6/issue_stage_i/i_issue_read_operands/fu_data_q_reg[0][imm][12]/Q (HIGH)

 There are 192 register/latch pins with no clock driven by root clock pin: i_ariane/i_cva6/issue_stage_i/i_issue_read_operands/fu_data_q_reg[0][imm][13]/Q (HIGH)

 There are 192 register/latch pins with no clock driven by root clock pin: i_ariane/i_cva6/issue_stage_i/i_issue_read_operands/fu_data_q_reg[0][imm][14]/Q (HIGH)

 There are 192 register/latch pins with no clock driven by root clock pin: i_ariane/i_cva6/issue_stage_i/i_issue_read_operands/fu_data_q_reg[0][imm][15]/Q (HIGH)

 There are 192 register/latch pins with no clock driven by root clock pin: i_ariane/i_cva6/issue_stage_i/i_issue_read_operands/fu_data_q_reg[0][imm][16]/Q (HIGH)

 There are 192 register/latch pins with no clock driven by root clock pin: i_ariane/i_cva6/issue_stage_i/i_issue_read_operands/fu_data_q_reg[0][imm][17]/Q (HIGH)

 There are 192 register/latch pins with no clock driven by root clock pin: i_ariane/i_cva6/issue_stage_i/i_issue_read_operands/fu_data_q_reg[0][imm][18]/Q (HIGH)

 There are 192 register/latch pins with no clock driven by root clock pin: i_ariane/i_cva6/issue_stage_i/i_issue_read_operands/fu_data_q_reg[0][imm][19]/Q (HIGH)

 There are 192 register/latch pins with no clock driven by root clock pin: i_ariane/i_cva6/issue_stage_i/i_issue_read_operands/fu_data_q_reg[0][imm][1]/Q (HIGH)

 There are 192 register/latch pins with no clock driven by root clock pin: i_ariane/i_cva6/issue_stage_i/i_issue_read_operands/fu_data_q_reg[0][imm][20]/Q (HIGH)

 There are 192 register/latch pins with no clock driven by root clock pin: i_ariane/i_cva6/issue_stage_i/i_issue_read_operands/fu_data_q_reg[0][imm][21]/Q (HIGH)

 There are 192 register/latch pins with no clock driven by root clock pin: i_ariane/i_cva6/issue_stage_i/i_issue_read_operands/fu_data_q_reg[0][imm][22]/Q (HIGH)

 There are 192 register/latch pins with no clock driven by root clock pin: i_ariane/i_cva6/issue_stage_i/i_issue_read_operands/fu_data_q_reg[0][imm][23]/Q (HIGH)

 There are 192 register/latch pins with no clock driven by root clock pin: i_ariane/i_cva6/issue_stage_i/i_issue_read_operands/fu_data_q_reg[0][imm][24]/Q (HIGH)

 There are 192 register/latch pins with no clock driven by root clock pin: i_ariane/i_cva6/issue_stage_i/i_issue_read_operands/fu_data_q_reg[0][imm][25]/Q (HIGH)

 There are 192 register/latch pins with no clock driven by root clock pin: i_ariane/i_cva6/issue_stage_i/i_issue_read_operands/fu_data_q_reg[0][imm][26]/Q (HIGH)

 There are 192 register/latch pins with no clock driven by root clock pin: i_ariane/i_cva6/issue_stage_i/i_issue_read_operands/fu_data_q_reg[0][imm][27]/Q (HIGH)

 There are 192 register/latch pins with no clock driven by root clock pin: i_ariane/i_cva6/issue_stage_i/i_issue_read_operands/fu_data_q_reg[0][imm][28]/Q (HIGH)

 There are 192 register/latch pins with no clock driven by root clock pin: i_ariane/i_cva6/issue_stage_i/i_issue_read_operands/fu_data_q_reg[0][imm][29]/Q (HIGH)

 There are 192 register/latch pins with no clock driven by root clock pin: i_ariane/i_cva6/issue_stage_i/i_issue_read_operands/fu_data_q_reg[0][imm][2]/Q (HIGH)

 There are 192 register/latch pins with no clock driven by root clock pin: i_ariane/i_cva6/issue_stage_i/i_issue_read_operands/fu_data_q_reg[0][imm][30]/Q (HIGH)

 There are 192 register/latch pins with no clock driven by root clock pin: i_ariane/i_cva6/issue_stage_i/i_issue_read_operands/fu_data_q_reg[0][imm][31]/Q (HIGH)

 There are 192 register/latch pins with no clock driven by root clock pin: i_ariane/i_cva6/issue_stage_i/i_issue_read_operands/fu_data_q_reg[0][imm][32]/Q (HIGH)

 There are 192 register/latch pins with no clock driven by root clock pin: i_ariane/i_cva6/issue_stage_i/i_issue_read_operands/fu_data_q_reg[0][imm][33]/Q (HIGH)

 There are 192 register/latch pins with no clock driven by root clock pin: i_ariane/i_cva6/issue_stage_i/i_issue_read_operands/fu_data_q_reg[0][imm][34]/Q (HIGH)

 There are 192 register/latch pins with no clock driven by root clock pin: i_ariane/i_cva6/issue_stage_i/i_issue_read_operands/fu_data_q_reg[0][imm][35]/Q (HIGH)

 There are 192 register/latch pins with no clock driven by root clock pin: i_ariane/i_cva6/issue_stage_i/i_issue_read_operands/fu_data_q_reg[0][imm][36]/Q (HIGH)

 There are 192 register/latch pins with no clock driven by root clock pin: i_ariane/i_cva6/issue_stage_i/i_issue_read_operands/fu_data_q_reg[0][imm][37]/Q (HIGH)

 There are 192 register/latch pins with no clock driven by root clock pin: i_ariane/i_cva6/issue_stage_i/i_issue_read_operands/fu_data_q_reg[0][imm][38]/Q (HIGH)

 There are 192 register/latch pins with no clock driven by root clock pin: i_ariane/i_cva6/issue_stage_i/i_issue_read_operands/fu_data_q_reg[0][imm][39]/Q (HIGH)

 There are 192 register/latch pins with no clock driven by root clock pin: i_ariane/i_cva6/issue_stage_i/i_issue_read_operands/fu_data_q_reg[0][imm][3]/Q (HIGH)

 There are 192 register/latch pins with no clock driven by root clock pin: i_ariane/i_cva6/issue_stage_i/i_issue_read_operands/fu_data_q_reg[0][imm][40]/Q (HIGH)

 There are 192 register/latch pins with no clock driven by root clock pin: i_ariane/i_cva6/issue_stage_i/i_issue_read_operands/fu_data_q_reg[0][imm][41]/Q (HIGH)

 There are 192 register/latch pins with no clock driven by root clock pin: i_ariane/i_cva6/issue_stage_i/i_issue_read_operands/fu_data_q_reg[0][imm][42]/Q (HIGH)

 There are 192 register/latch pins with no clock driven by root clock pin: i_ariane/i_cva6/issue_stage_i/i_issue_read_operands/fu_data_q_reg[0][imm][43]/Q (HIGH)

 There are 192 register/latch pins with no clock driven by root clock pin: i_ariane/i_cva6/issue_stage_i/i_issue_read_operands/fu_data_q_reg[0][imm][44]/Q (HIGH)

 There are 192 register/latch pins with no clock driven by root clock pin: i_ariane/i_cva6/issue_stage_i/i_issue_read_operands/fu_data_q_reg[0][imm][45]/Q (HIGH)

 There are 192 register/latch pins with no clock driven by root clock pin: i_ariane/i_cva6/issue_stage_i/i_issue_read_operands/fu_data_q_reg[0][imm][46]/Q (HIGH)

 There are 192 register/latch pins with no clock driven by root clock pin: i_ariane/i_cva6/issue_stage_i/i_issue_read_operands/fu_data_q_reg[0][imm][47]/Q (HIGH)

 There are 192 register/latch pins with no clock driven by root clock pin: i_ariane/i_cva6/issue_stage_i/i_issue_read_operands/fu_data_q_reg[0][imm][48]/Q (HIGH)

 There are 192 register/latch pins with no clock driven by root clock pin: i_ariane/i_cva6/issue_stage_i/i_issue_read_operands/fu_data_q_reg[0][imm][49]/Q (HIGH)

 There are 192 register/latch pins with no clock driven by root clock pin: i_ariane/i_cva6/issue_stage_i/i_issue_read_operands/fu_data_q_reg[0][imm][4]/Q (HIGH)

 There are 192 register/latch pins with no clock driven by root clock pin: i_ariane/i_cva6/issue_stage_i/i_issue_read_operands/fu_data_q_reg[0][imm][50]/Q (HIGH)

 There are 192 register/latch pins with no clock driven by root clock pin: i_ariane/i_cva6/issue_stage_i/i_issue_read_operands/fu_data_q_reg[0][imm][51]/Q (HIGH)

 There are 192 register/latch pins with no clock driven by root clock pin: i_ariane/i_cva6/issue_stage_i/i_issue_read_operands/fu_data_q_reg[0][imm][52]/Q (HIGH)

 There are 192 register/latch pins with no clock driven by root clock pin: i_ariane/i_cva6/issue_stage_i/i_issue_read_operands/fu_data_q_reg[0][imm][53]/Q (HIGH)

 There are 192 register/latch pins with no clock driven by root clock pin: i_ariane/i_cva6/issue_stage_i/i_issue_read_operands/fu_data_q_reg[0][imm][54]/Q (HIGH)

 There are 192 register/latch pins with no clock driven by root clock pin: i_ariane/i_cva6/issue_stage_i/i_issue_read_operands/fu_data_q_reg[0][imm][55]/Q (HIGH)

 There are 192 register/latch pins with no clock driven by root clock pin: i_ariane/i_cva6/issue_stage_i/i_issue_read_operands/fu_data_q_reg[0][imm][56]/Q (HIGH)

 There are 192 register/latch pins with no clock driven by root clock pin: i_ariane/i_cva6/issue_stage_i/i_issue_read_operands/fu_data_q_reg[0][imm][57]/Q (HIGH)

 There are 192 register/latch pins with no clock driven by root clock pin: i_ariane/i_cva6/issue_stage_i/i_issue_read_operands/fu_data_q_reg[0][imm][58]/Q (HIGH)

 There are 192 register/latch pins with no clock driven by root clock pin: i_ariane/i_cva6/issue_stage_i/i_issue_read_operands/fu_data_q_reg[0][imm][59]/Q (HIGH)

 There are 192 register/latch pins with no clock driven by root clock pin: i_ariane/i_cva6/issue_stage_i/i_issue_read_operands/fu_data_q_reg[0][imm][5]/Q (HIGH)

 There are 192 register/latch pins with no clock driven by root clock pin: i_ariane/i_cva6/issue_stage_i/i_issue_read_operands/fu_data_q_reg[0][imm][60]/Q (HIGH)

 There are 192 register/latch pins with no clock driven by root clock pin: i_ariane/i_cva6/issue_stage_i/i_issue_read_operands/fu_data_q_reg[0][imm][61]/Q (HIGH)

 There are 192 register/latch pins with no clock driven by root clock pin: i_ariane/i_cva6/issue_stage_i/i_issue_read_operands/fu_data_q_reg[0][imm][62]/Q (HIGH)

 There are 192 register/latch pins with no clock driven by root clock pin: i_ariane/i_cva6/issue_stage_i/i_issue_read_operands/fu_data_q_reg[0][imm][63]/Q (HIGH)

 There are 192 register/latch pins with no clock driven by root clock pin: i_ariane/i_cva6/issue_stage_i/i_issue_read_operands/fu_data_q_reg[0][imm][6]/Q (HIGH)

 There are 192 register/latch pins with no clock driven by root clock pin: i_ariane/i_cva6/issue_stage_i/i_issue_read_operands/fu_data_q_reg[0][imm][7]/Q (HIGH)

 There are 192 register/latch pins with no clock driven by root clock pin: i_ariane/i_cva6/issue_stage_i/i_issue_read_operands/fu_data_q_reg[0][imm][8]/Q (HIGH)

 There are 192 register/latch pins with no clock driven by root clock pin: i_ariane/i_cva6/issue_stage_i/i_issue_read_operands/fu_data_q_reg[0][imm][9]/Q (HIGH)

 There are 192 register/latch pins with no clock driven by root clock pin: i_ariane/i_cva6/issue_stage_i/i_issue_read_operands/fu_data_q_reg[0][operand_a][0]/Q (HIGH)

 There are 192 register/latch pins with no clock driven by root clock pin: i_ariane/i_cva6/issue_stage_i/i_issue_read_operands/fu_data_q_reg[0][operand_a][10]/Q (HIGH)

 There are 192 register/latch pins with no clock driven by root clock pin: i_ariane/i_cva6/issue_stage_i/i_issue_read_operands/fu_data_q_reg[0][operand_a][11]/Q (HIGH)

 There are 192 register/latch pins with no clock driven by root clock pin: i_ariane/i_cva6/issue_stage_i/i_issue_read_operands/fu_data_q_reg[0][operand_a][12]/Q (HIGH)

 There are 192 register/latch pins with no clock driven by root clock pin: i_ariane/i_cva6/issue_stage_i/i_issue_read_operands/fu_data_q_reg[0][operand_a][13]/Q (HIGH)

 There are 192 register/latch pins with no clock driven by root clock pin: i_ariane/i_cva6/issue_stage_i/i_issue_read_operands/fu_data_q_reg[0][operand_a][14]/Q (HIGH)

 There are 192 register/latch pins with no clock driven by root clock pin: i_ariane/i_cva6/issue_stage_i/i_issue_read_operands/fu_data_q_reg[0][operand_a][15]/Q (HIGH)

 There are 192 register/latch pins with no clock driven by root clock pin: i_ariane/i_cva6/issue_stage_i/i_issue_read_operands/fu_data_q_reg[0][operand_a][16]/Q (HIGH)

 There are 192 register/latch pins with no clock driven by root clock pin: i_ariane/i_cva6/issue_stage_i/i_issue_read_operands/fu_data_q_reg[0][operand_a][17]/Q (HIGH)

 There are 192 register/latch pins with no clock driven by root clock pin: i_ariane/i_cva6/issue_stage_i/i_issue_read_operands/fu_data_q_reg[0][operand_a][18]/Q (HIGH)

 There are 192 register/latch pins with no clock driven by root clock pin: i_ariane/i_cva6/issue_stage_i/i_issue_read_operands/fu_data_q_reg[0][operand_a][19]/Q (HIGH)

 There are 192 register/latch pins with no clock driven by root clock pin: i_ariane/i_cva6/issue_stage_i/i_issue_read_operands/fu_data_q_reg[0][operand_a][1]/Q (HIGH)

 There are 192 register/latch pins with no clock driven by root clock pin: i_ariane/i_cva6/issue_stage_i/i_issue_read_operands/fu_data_q_reg[0][operand_a][20]/Q (HIGH)

 There are 192 register/latch pins with no clock driven by root clock pin: i_ariane/i_cva6/issue_stage_i/i_issue_read_operands/fu_data_q_reg[0][operand_a][21]/Q (HIGH)

 There are 192 register/latch pins with no clock driven by root clock pin: i_ariane/i_cva6/issue_stage_i/i_issue_read_operands/fu_data_q_reg[0][operand_a][22]/Q (HIGH)

 There are 192 register/latch pins with no clock driven by root clock pin: i_ariane/i_cva6/issue_stage_i/i_issue_read_operands/fu_data_q_reg[0][operand_a][23]/Q (HIGH)

 There are 192 register/latch pins with no clock driven by root clock pin: i_ariane/i_cva6/issue_stage_i/i_issue_read_operands/fu_data_q_reg[0][operand_a][24]/Q (HIGH)

 There are 192 register/latch pins with no clock driven by root clock pin: i_ariane/i_cva6/issue_stage_i/i_issue_read_operands/fu_data_q_reg[0][operand_a][25]/Q (HIGH)

 There are 192 register/latch pins with no clock driven by root clock pin: i_ariane/i_cva6/issue_stage_i/i_issue_read_operands/fu_data_q_reg[0][operand_a][26]/Q (HIGH)

 There are 192 register/latch pins with no clock driven by root clock pin: i_ariane/i_cva6/issue_stage_i/i_issue_read_operands/fu_data_q_reg[0][operand_a][27]/Q (HIGH)

 There are 192 register/latch pins with no clock driven by root clock pin: i_ariane/i_cva6/issue_stage_i/i_issue_read_operands/fu_data_q_reg[0][operand_a][28]/Q (HIGH)

 There are 192 register/latch pins with no clock driven by root clock pin: i_ariane/i_cva6/issue_stage_i/i_issue_read_operands/fu_data_q_reg[0][operand_a][29]/Q (HIGH)

 There are 192 register/latch pins with no clock driven by root clock pin: i_ariane/i_cva6/issue_stage_i/i_issue_read_operands/fu_data_q_reg[0][operand_a][2]/Q (HIGH)

 There are 192 register/latch pins with no clock driven by root clock pin: i_ariane/i_cva6/issue_stage_i/i_issue_read_operands/fu_data_q_reg[0][operand_a][30]/Q (HIGH)

 There are 192 register/latch pins with no clock driven by root clock pin: i_ariane/i_cva6/issue_stage_i/i_issue_read_operands/fu_data_q_reg[0][operand_a][31]/Q (HIGH)

 There are 192 register/latch pins with no clock driven by root clock pin: i_ariane/i_cva6/issue_stage_i/i_issue_read_operands/fu_data_q_reg[0][operand_a][32]/Q (HIGH)

 There are 192 register/latch pins with no clock driven by root clock pin: i_ariane/i_cva6/issue_stage_i/i_issue_read_operands/fu_data_q_reg[0][operand_a][33]/Q (HIGH)

 There are 192 register/latch pins with no clock driven by root clock pin: i_ariane/i_cva6/issue_stage_i/i_issue_read_operands/fu_data_q_reg[0][operand_a][34]/Q (HIGH)

 There are 192 register/latch pins with no clock driven by root clock pin: i_ariane/i_cva6/issue_stage_i/i_issue_read_operands/fu_data_q_reg[0][operand_a][35]/Q (HIGH)

 There are 192 register/latch pins with no clock driven by root clock pin: i_ariane/i_cva6/issue_stage_i/i_issue_read_operands/fu_data_q_reg[0][operand_a][36]/Q (HIGH)

 There are 192 register/latch pins with no clock driven by root clock pin: i_ariane/i_cva6/issue_stage_i/i_issue_read_operands/fu_data_q_reg[0][operand_a][37]/Q (HIGH)

 There are 192 register/latch pins with no clock driven by root clock pin: i_ariane/i_cva6/issue_stage_i/i_issue_read_operands/fu_data_q_reg[0][operand_a][38]/Q (HIGH)

 There are 192 register/latch pins with no clock driven by root clock pin: i_ariane/i_cva6/issue_stage_i/i_issue_read_operands/fu_data_q_reg[0][operand_a][39]/Q (HIGH)

 There are 192 register/latch pins with no clock driven by root clock pin: i_ariane/i_cva6/issue_stage_i/i_issue_read_operands/fu_data_q_reg[0][operand_a][3]/Q (HIGH)

 There are 192 register/latch pins with no clock driven by root clock pin: i_ariane/i_cva6/issue_stage_i/i_issue_read_operands/fu_data_q_reg[0][operand_a][40]/Q (HIGH)

 There are 192 register/latch pins with no clock driven by root clock pin: i_ariane/i_cva6/issue_stage_i/i_issue_read_operands/fu_data_q_reg[0][operand_a][41]/Q (HIGH)

 There are 192 register/latch pins with no clock driven by root clock pin: i_ariane/i_cva6/issue_stage_i/i_issue_read_operands/fu_data_q_reg[0][operand_a][42]/Q (HIGH)

 There are 192 register/latch pins with no clock driven by root clock pin: i_ariane/i_cva6/issue_stage_i/i_issue_read_operands/fu_data_q_reg[0][operand_a][43]/Q (HIGH)

 There are 192 register/latch pins with no clock driven by root clock pin: i_ariane/i_cva6/issue_stage_i/i_issue_read_operands/fu_data_q_reg[0][operand_a][44]/Q (HIGH)

 There are 192 register/latch pins with no clock driven by root clock pin: i_ariane/i_cva6/issue_stage_i/i_issue_read_operands/fu_data_q_reg[0][operand_a][45]/Q (HIGH)

 There are 192 register/latch pins with no clock driven by root clock pin: i_ariane/i_cva6/issue_stage_i/i_issue_read_operands/fu_data_q_reg[0][operand_a][46]/Q (HIGH)

 There are 192 register/latch pins with no clock driven by root clock pin: i_ariane/i_cva6/issue_stage_i/i_issue_read_operands/fu_data_q_reg[0][operand_a][47]/Q (HIGH)

 There are 192 register/latch pins with no clock driven by root clock pin: i_ariane/i_cva6/issue_stage_i/i_issue_read_operands/fu_data_q_reg[0][operand_a][48]/Q (HIGH)

 There are 192 register/latch pins with no clock driven by root clock pin: i_ariane/i_cva6/issue_stage_i/i_issue_read_operands/fu_data_q_reg[0][operand_a][49]/Q (HIGH)

 There are 192 register/latch pins with no clock driven by root clock pin: i_ariane/i_cva6/issue_stage_i/i_issue_read_operands/fu_data_q_reg[0][operand_a][4]/Q (HIGH)

 There are 192 register/latch pins with no clock driven by root clock pin: i_ariane/i_cva6/issue_stage_i/i_issue_read_operands/fu_data_q_reg[0][operand_a][50]/Q (HIGH)

 There are 192 register/latch pins with no clock driven by root clock pin: i_ariane/i_cva6/issue_stage_i/i_issue_read_operands/fu_data_q_reg[0][operand_a][51]/Q (HIGH)

 There are 192 register/latch pins with no clock driven by root clock pin: i_ariane/i_cva6/issue_stage_i/i_issue_read_operands/fu_data_q_reg[0][operand_a][52]/Q (HIGH)

 There are 192 register/latch pins with no clock driven by root clock pin: i_ariane/i_cva6/issue_stage_i/i_issue_read_operands/fu_data_q_reg[0][operand_a][53]/Q (HIGH)

 There are 192 register/latch pins with no clock driven by root clock pin: i_ariane/i_cva6/issue_stage_i/i_issue_read_operands/fu_data_q_reg[0][operand_a][54]/Q (HIGH)

 There are 192 register/latch pins with no clock driven by root clock pin: i_ariane/i_cva6/issue_stage_i/i_issue_read_operands/fu_data_q_reg[0][operand_a][55]/Q (HIGH)

 There are 192 register/latch pins with no clock driven by root clock pin: i_ariane/i_cva6/issue_stage_i/i_issue_read_operands/fu_data_q_reg[0][operand_a][56]/Q (HIGH)

 There are 192 register/latch pins with no clock driven by root clock pin: i_ariane/i_cva6/issue_stage_i/i_issue_read_operands/fu_data_q_reg[0][operand_a][57]/Q (HIGH)

 There are 192 register/latch pins with no clock driven by root clock pin: i_ariane/i_cva6/issue_stage_i/i_issue_read_operands/fu_data_q_reg[0][operand_a][58]/Q (HIGH)

 There are 192 register/latch pins with no clock driven by root clock pin: i_ariane/i_cva6/issue_stage_i/i_issue_read_operands/fu_data_q_reg[0][operand_a][59]/Q (HIGH)

 There are 192 register/latch pins with no clock driven by root clock pin: i_ariane/i_cva6/issue_stage_i/i_issue_read_operands/fu_data_q_reg[0][operand_a][5]/Q (HIGH)

 There are 192 register/latch pins with no clock driven by root clock pin: i_ariane/i_cva6/issue_stage_i/i_issue_read_operands/fu_data_q_reg[0][operand_a][60]/Q (HIGH)

 There are 192 register/latch pins with no clock driven by root clock pin: i_ariane/i_cva6/issue_stage_i/i_issue_read_operands/fu_data_q_reg[0][operand_a][61]/Q (HIGH)

 There are 192 register/latch pins with no clock driven by root clock pin: i_ariane/i_cva6/issue_stage_i/i_issue_read_operands/fu_data_q_reg[0][operand_a][62]/Q (HIGH)

 There are 192 register/latch pins with no clock driven by root clock pin: i_ariane/i_cva6/issue_stage_i/i_issue_read_operands/fu_data_q_reg[0][operand_a][63]/Q (HIGH)

 There are 192 register/latch pins with no clock driven by root clock pin: i_ariane/i_cva6/issue_stage_i/i_issue_read_operands/fu_data_q_reg[0][operand_a][6]/Q (HIGH)

 There are 192 register/latch pins with no clock driven by root clock pin: i_ariane/i_cva6/issue_stage_i/i_issue_read_operands/fu_data_q_reg[0][operand_a][7]/Q (HIGH)

 There are 192 register/latch pins with no clock driven by root clock pin: i_ariane/i_cva6/issue_stage_i/i_issue_read_operands/fu_data_q_reg[0][operand_a][8]/Q (HIGH)

 There are 192 register/latch pins with no clock driven by root clock pin: i_ariane/i_cva6/issue_stage_i/i_issue_read_operands/fu_data_q_reg[0][operand_a][9]/Q (HIGH)

 There are 192 register/latch pins with no clock driven by root clock pin: i_ariane/i_cva6/issue_stage_i/i_issue_read_operands/fu_data_q_reg[0][operand_b][0]/Q (HIGH)

 There are 192 register/latch pins with no clock driven by root clock pin: i_ariane/i_cva6/issue_stage_i/i_issue_read_operands/fu_data_q_reg[0][operand_b][10]/Q (HIGH)

 There are 192 register/latch pins with no clock driven by root clock pin: i_ariane/i_cva6/issue_stage_i/i_issue_read_operands/fu_data_q_reg[0][operand_b][11]/Q (HIGH)

 There are 192 register/latch pins with no clock driven by root clock pin: i_ariane/i_cva6/issue_stage_i/i_issue_read_operands/fu_data_q_reg[0][operand_b][12]/Q (HIGH)

 There are 192 register/latch pins with no clock driven by root clock pin: i_ariane/i_cva6/issue_stage_i/i_issue_read_operands/fu_data_q_reg[0][operand_b][13]/Q (HIGH)

 There are 192 register/latch pins with no clock driven by root clock pin: i_ariane/i_cva6/issue_stage_i/i_issue_read_operands/fu_data_q_reg[0][operand_b][14]/Q (HIGH)

 There are 192 register/latch pins with no clock driven by root clock pin: i_ariane/i_cva6/issue_stage_i/i_issue_read_operands/fu_data_q_reg[0][operand_b][15]/Q (HIGH)

 There are 192 register/latch pins with no clock driven by root clock pin: i_ariane/i_cva6/issue_stage_i/i_issue_read_operands/fu_data_q_reg[0][operand_b][16]/Q (HIGH)

 There are 192 register/latch pins with no clock driven by root clock pin: i_ariane/i_cva6/issue_stage_i/i_issue_read_operands/fu_data_q_reg[0][operand_b][17]/Q (HIGH)

 There are 192 register/latch pins with no clock driven by root clock pin: i_ariane/i_cva6/issue_stage_i/i_issue_read_operands/fu_data_q_reg[0][operand_b][18]/Q (HIGH)

 There are 192 register/latch pins with no clock driven by root clock pin: i_ariane/i_cva6/issue_stage_i/i_issue_read_operands/fu_data_q_reg[0][operand_b][19]/Q (HIGH)

 There are 192 register/latch pins with no clock driven by root clock pin: i_ariane/i_cva6/issue_stage_i/i_issue_read_operands/fu_data_q_reg[0][operand_b][1]/Q (HIGH)

 There are 192 register/latch pins with no clock driven by root clock pin: i_ariane/i_cva6/issue_stage_i/i_issue_read_operands/fu_data_q_reg[0][operand_b][20]/Q (HIGH)

 There are 192 register/latch pins with no clock driven by root clock pin: i_ariane/i_cva6/issue_stage_i/i_issue_read_operands/fu_data_q_reg[0][operand_b][21]/Q (HIGH)

 There are 192 register/latch pins with no clock driven by root clock pin: i_ariane/i_cva6/issue_stage_i/i_issue_read_operands/fu_data_q_reg[0][operand_b][22]/Q (HIGH)

 There are 192 register/latch pins with no clock driven by root clock pin: i_ariane/i_cva6/issue_stage_i/i_issue_read_operands/fu_data_q_reg[0][operand_b][23]/Q (HIGH)

 There are 192 register/latch pins with no clock driven by root clock pin: i_ariane/i_cva6/issue_stage_i/i_issue_read_operands/fu_data_q_reg[0][operand_b][24]/Q (HIGH)

 There are 192 register/latch pins with no clock driven by root clock pin: i_ariane/i_cva6/issue_stage_i/i_issue_read_operands/fu_data_q_reg[0][operand_b][25]/Q (HIGH)

 There are 192 register/latch pins with no clock driven by root clock pin: i_ariane/i_cva6/issue_stage_i/i_issue_read_operands/fu_data_q_reg[0][operand_b][26]/Q (HIGH)

 There are 192 register/latch pins with no clock driven by root clock pin: i_ariane/i_cva6/issue_stage_i/i_issue_read_operands/fu_data_q_reg[0][operand_b][27]/Q (HIGH)

 There are 192 register/latch pins with no clock driven by root clock pin: i_ariane/i_cva6/issue_stage_i/i_issue_read_operands/fu_data_q_reg[0][operand_b][28]/Q (HIGH)

 There are 192 register/latch pins with no clock driven by root clock pin: i_ariane/i_cva6/issue_stage_i/i_issue_read_operands/fu_data_q_reg[0][operand_b][29]/Q (HIGH)

 There are 192 register/latch pins with no clock driven by root clock pin: i_ariane/i_cva6/issue_stage_i/i_issue_read_operands/fu_data_q_reg[0][operand_b][2]/Q (HIGH)

 There are 192 register/latch pins with no clock driven by root clock pin: i_ariane/i_cva6/issue_stage_i/i_issue_read_operands/fu_data_q_reg[0][operand_b][30]/Q (HIGH)

 There are 192 register/latch pins with no clock driven by root clock pin: i_ariane/i_cva6/issue_stage_i/i_issue_read_operands/fu_data_q_reg[0][operand_b][31]/Q (HIGH)

 There are 192 register/latch pins with no clock driven by root clock pin: i_ariane/i_cva6/issue_stage_i/i_issue_read_operands/fu_data_q_reg[0][operand_b][32]/Q (HIGH)

 There are 192 register/latch pins with no clock driven by root clock pin: i_ariane/i_cva6/issue_stage_i/i_issue_read_operands/fu_data_q_reg[0][operand_b][33]/Q (HIGH)

 There are 192 register/latch pins with no clock driven by root clock pin: i_ariane/i_cva6/issue_stage_i/i_issue_read_operands/fu_data_q_reg[0][operand_b][34]/Q (HIGH)

 There are 192 register/latch pins with no clock driven by root clock pin: i_ariane/i_cva6/issue_stage_i/i_issue_read_operands/fu_data_q_reg[0][operand_b][35]/Q (HIGH)

 There are 192 register/latch pins with no clock driven by root clock pin: i_ariane/i_cva6/issue_stage_i/i_issue_read_operands/fu_data_q_reg[0][operand_b][36]/Q (HIGH)

 There are 192 register/latch pins with no clock driven by root clock pin: i_ariane/i_cva6/issue_stage_i/i_issue_read_operands/fu_data_q_reg[0][operand_b][37]/Q (HIGH)

 There are 192 register/latch pins with no clock driven by root clock pin: i_ariane/i_cva6/issue_stage_i/i_issue_read_operands/fu_data_q_reg[0][operand_b][38]/Q (HIGH)

 There are 192 register/latch pins with no clock driven by root clock pin: i_ariane/i_cva6/issue_stage_i/i_issue_read_operands/fu_data_q_reg[0][operand_b][39]/Q (HIGH)

 There are 192 register/latch pins with no clock driven by root clock pin: i_ariane/i_cva6/issue_stage_i/i_issue_read_operands/fu_data_q_reg[0][operand_b][3]/Q (HIGH)

 There are 192 register/latch pins with no clock driven by root clock pin: i_ariane/i_cva6/issue_stage_i/i_issue_read_operands/fu_data_q_reg[0][operand_b][40]/Q (HIGH)

 There are 192 register/latch pins with no clock driven by root clock pin: i_ariane/i_cva6/issue_stage_i/i_issue_read_operands/fu_data_q_reg[0][operand_b][41]/Q (HIGH)

 There are 192 register/latch pins with no clock driven by root clock pin: i_ariane/i_cva6/issue_stage_i/i_issue_read_operands/fu_data_q_reg[0][operand_b][42]/Q (HIGH)

 There are 192 register/latch pins with no clock driven by root clock pin: i_ariane/i_cva6/issue_stage_i/i_issue_read_operands/fu_data_q_reg[0][operand_b][43]/Q (HIGH)

 There are 192 register/latch pins with no clock driven by root clock pin: i_ariane/i_cva6/issue_stage_i/i_issue_read_operands/fu_data_q_reg[0][operand_b][44]/Q (HIGH)

 There are 192 register/latch pins with no clock driven by root clock pin: i_ariane/i_cva6/issue_stage_i/i_issue_read_operands/fu_data_q_reg[0][operand_b][45]/Q (HIGH)

 There are 192 register/latch pins with no clock driven by root clock pin: i_ariane/i_cva6/issue_stage_i/i_issue_read_operands/fu_data_q_reg[0][operand_b][46]/Q (HIGH)

 There are 192 register/latch pins with no clock driven by root clock pin: i_ariane/i_cva6/issue_stage_i/i_issue_read_operands/fu_data_q_reg[0][operand_b][47]/Q (HIGH)

 There are 192 register/latch pins with no clock driven by root clock pin: i_ariane/i_cva6/issue_stage_i/i_issue_read_operands/fu_data_q_reg[0][operand_b][48]/Q (HIGH)

 There are 192 register/latch pins with no clock driven by root clock pin: i_ariane/i_cva6/issue_stage_i/i_issue_read_operands/fu_data_q_reg[0][operand_b][49]/Q (HIGH)

 There are 192 register/latch pins with no clock driven by root clock pin: i_ariane/i_cva6/issue_stage_i/i_issue_read_operands/fu_data_q_reg[0][operand_b][4]/Q (HIGH)

 There are 192 register/latch pins with no clock driven by root clock pin: i_ariane/i_cva6/issue_stage_i/i_issue_read_operands/fu_data_q_reg[0][operand_b][50]/Q (HIGH)

 There are 192 register/latch pins with no clock driven by root clock pin: i_ariane/i_cva6/issue_stage_i/i_issue_read_operands/fu_data_q_reg[0][operand_b][51]/Q (HIGH)

 There are 192 register/latch pins with no clock driven by root clock pin: i_ariane/i_cva6/issue_stage_i/i_issue_read_operands/fu_data_q_reg[0][operand_b][52]/Q (HIGH)

 There are 192 register/latch pins with no clock driven by root clock pin: i_ariane/i_cva6/issue_stage_i/i_issue_read_operands/fu_data_q_reg[0][operand_b][53]/Q (HIGH)

 There are 192 register/latch pins with no clock driven by root clock pin: i_ariane/i_cva6/issue_stage_i/i_issue_read_operands/fu_data_q_reg[0][operand_b][54]/Q (HIGH)

 There are 192 register/latch pins with no clock driven by root clock pin: i_ariane/i_cva6/issue_stage_i/i_issue_read_operands/fu_data_q_reg[0][operand_b][55]/Q (HIGH)

 There are 192 register/latch pins with no clock driven by root clock pin: i_ariane/i_cva6/issue_stage_i/i_issue_read_operands/fu_data_q_reg[0][operand_b][56]/Q (HIGH)

 There are 192 register/latch pins with no clock driven by root clock pin: i_ariane/i_cva6/issue_stage_i/i_issue_read_operands/fu_data_q_reg[0][operand_b][57]/Q (HIGH)

 There are 192 register/latch pins with no clock driven by root clock pin: i_ariane/i_cva6/issue_stage_i/i_issue_read_operands/fu_data_q_reg[0][operand_b][58]/Q (HIGH)

 There are 192 register/latch pins with no clock driven by root clock pin: i_ariane/i_cva6/issue_stage_i/i_issue_read_operands/fu_data_q_reg[0][operand_b][59]/Q (HIGH)

 There are 192 register/latch pins with no clock driven by root clock pin: i_ariane/i_cva6/issue_stage_i/i_issue_read_operands/fu_data_q_reg[0][operand_b][5]/Q (HIGH)

 There are 192 register/latch pins with no clock driven by root clock pin: i_ariane/i_cva6/issue_stage_i/i_issue_read_operands/fu_data_q_reg[0][operand_b][60]/Q (HIGH)

 There are 192 register/latch pins with no clock driven by root clock pin: i_ariane/i_cva6/issue_stage_i/i_issue_read_operands/fu_data_q_reg[0][operand_b][61]/Q (HIGH)

 There are 192 register/latch pins with no clock driven by root clock pin: i_ariane/i_cva6/issue_stage_i/i_issue_read_operands/fu_data_q_reg[0][operand_b][62]/Q (HIGH)

 There are 192 register/latch pins with no clock driven by root clock pin: i_ariane/i_cva6/issue_stage_i/i_issue_read_operands/fu_data_q_reg[0][operand_b][63]/Q (HIGH)

 There are 192 register/latch pins with no clock driven by root clock pin: i_ariane/i_cva6/issue_stage_i/i_issue_read_operands/fu_data_q_reg[0][operand_b][6]/Q (HIGH)

 There are 192 register/latch pins with no clock driven by root clock pin: i_ariane/i_cva6/issue_stage_i/i_issue_read_operands/fu_data_q_reg[0][operand_b][7]/Q (HIGH)

 There are 192 register/latch pins with no clock driven by root clock pin: i_ariane/i_cva6/issue_stage_i/i_issue_read_operands/fu_data_q_reg[0][operand_b][8]/Q (HIGH)

 There are 192 register/latch pins with no clock driven by root clock pin: i_ariane/i_cva6/issue_stage_i/i_issue_read_operands/fu_data_q_reg[0][operand_b][9]/Q (HIGH)

 There are 192 register/latch pins with no clock driven by root clock pin: i_ariane/i_cva6/issue_stage_i/i_issue_read_operands/fu_data_q_reg[0][operation][0]/Q (HIGH)

 There are 192 register/latch pins with no clock driven by root clock pin: i_ariane/i_cva6/issue_stage_i/i_issue_read_operands/fu_data_q_reg[0][operation][1]/Q (HIGH)

 There are 192 register/latch pins with no clock driven by root clock pin: i_ariane/i_cva6/issue_stage_i/i_issue_read_operands/fu_data_q_reg[0][operation][2]/Q (HIGH)

 There are 192 register/latch pins with no clock driven by root clock pin: i_ariane/i_cva6/issue_stage_i/i_issue_read_operands/fu_data_q_reg[0][operation][3]/Q (HIGH)

 There are 192 register/latch pins with no clock driven by root clock pin: i_ariane/i_cva6/issue_stage_i/i_issue_read_operands/fu_data_q_reg[0][operation][4]/Q (HIGH)

 There are 192 register/latch pins with no clock driven by root clock pin: i_ariane/i_cva6/issue_stage_i/i_issue_read_operands/fu_data_q_reg[0][operation][5]/Q (HIGH)

 There are 192 register/latch pins with no clock driven by root clock pin: i_ariane/i_cva6/issue_stage_i/i_issue_read_operands/fu_data_q_reg[0][operation][6]/Q (HIGH)

 There are 192 register/latch pins with no clock driven by root clock pin: i_ariane/i_cva6/issue_stage_i/i_issue_read_operands/fu_data_q_reg[0][operation][7]/Q (HIGH)

 There are 192 register/latch pins with no clock driven by root clock pin: i_ariane/i_cva6/issue_stage_i/i_issue_read_operands/pc_o_reg[0]/Q (HIGH)

 There are 192 register/latch pins with no clock driven by root clock pin: i_ariane/i_cva6/issue_stage_i/i_issue_read_operands/pc_o_reg[10]/Q (HIGH)

 There are 192 register/latch pins with no clock driven by root clock pin: i_ariane/i_cva6/issue_stage_i/i_issue_read_operands/pc_o_reg[11]/Q (HIGH)

 There are 192 register/latch pins with no clock driven by root clock pin: i_ariane/i_cva6/issue_stage_i/i_issue_read_operands/pc_o_reg[12]/Q (HIGH)

 There are 192 register/latch pins with no clock driven by root clock pin: i_ariane/i_cva6/issue_stage_i/i_issue_read_operands/pc_o_reg[13]/Q (HIGH)

 There are 192 register/latch pins with no clock driven by root clock pin: i_ariane/i_cva6/issue_stage_i/i_issue_read_operands/pc_o_reg[14]/Q (HIGH)

 There are 192 register/latch pins with no clock driven by root clock pin: i_ariane/i_cva6/issue_stage_i/i_issue_read_operands/pc_o_reg[15]/Q (HIGH)

 There are 192 register/latch pins with no clock driven by root clock pin: i_ariane/i_cva6/issue_stage_i/i_issue_read_operands/pc_o_reg[16]/Q (HIGH)

 There are 192 register/latch pins with no clock driven by root clock pin: i_ariane/i_cva6/issue_stage_i/i_issue_read_operands/pc_o_reg[17]/Q (HIGH)

 There are 192 register/latch pins with no clock driven by root clock pin: i_ariane/i_cva6/issue_stage_i/i_issue_read_operands/pc_o_reg[18]/Q (HIGH)

 There are 192 register/latch pins with no clock driven by root clock pin: i_ariane/i_cva6/issue_stage_i/i_issue_read_operands/pc_o_reg[19]/Q (HIGH)

 There are 192 register/latch pins with no clock driven by root clock pin: i_ariane/i_cva6/issue_stage_i/i_issue_read_operands/pc_o_reg[1]_rep/Q (HIGH)

 There are 192 register/latch pins with no clock driven by root clock pin: i_ariane/i_cva6/issue_stage_i/i_issue_read_operands/pc_o_reg[20]/Q (HIGH)

 There are 192 register/latch pins with no clock driven by root clock pin: i_ariane/i_cva6/issue_stage_i/i_issue_read_operands/pc_o_reg[21]/Q (HIGH)

 There are 192 register/latch pins with no clock driven by root clock pin: i_ariane/i_cva6/issue_stage_i/i_issue_read_operands/pc_o_reg[22]/Q (HIGH)

 There are 192 register/latch pins with no clock driven by root clock pin: i_ariane/i_cva6/issue_stage_i/i_issue_read_operands/pc_o_reg[23]/Q (HIGH)

 There are 192 register/latch pins with no clock driven by root clock pin: i_ariane/i_cva6/issue_stage_i/i_issue_read_operands/pc_o_reg[24]/Q (HIGH)

 There are 192 register/latch pins with no clock driven by root clock pin: i_ariane/i_cva6/issue_stage_i/i_issue_read_operands/pc_o_reg[25]/Q (HIGH)

 There are 192 register/latch pins with no clock driven by root clock pin: i_ariane/i_cva6/issue_stage_i/i_issue_read_operands/pc_o_reg[26]/Q (HIGH)

 There are 192 register/latch pins with no clock driven by root clock pin: i_ariane/i_cva6/issue_stage_i/i_issue_read_operands/pc_o_reg[27]/Q (HIGH)

 There are 192 register/latch pins with no clock driven by root clock pin: i_ariane/i_cva6/issue_stage_i/i_issue_read_operands/pc_o_reg[28]/Q (HIGH)

 There are 192 register/latch pins with no clock driven by root clock pin: i_ariane/i_cva6/issue_stage_i/i_issue_read_operands/pc_o_reg[29]/Q (HIGH)

 There are 192 register/latch pins with no clock driven by root clock pin: i_ariane/i_cva6/issue_stage_i/i_issue_read_operands/pc_o_reg[2]_rep/Q (HIGH)

 There are 192 register/latch pins with no clock driven by root clock pin: i_ariane/i_cva6/issue_stage_i/i_issue_read_operands/pc_o_reg[30]/Q (HIGH)

 There are 192 register/latch pins with no clock driven by root clock pin: i_ariane/i_cva6/issue_stage_i/i_issue_read_operands/pc_o_reg[31]/Q (HIGH)

 There are 192 register/latch pins with no clock driven by root clock pin: i_ariane/i_cva6/issue_stage_i/i_issue_read_operands/pc_o_reg[32]/Q (HIGH)

 There are 192 register/latch pins with no clock driven by root clock pin: i_ariane/i_cva6/issue_stage_i/i_issue_read_operands/pc_o_reg[33]/Q (HIGH)

 There are 192 register/latch pins with no clock driven by root clock pin: i_ariane/i_cva6/issue_stage_i/i_issue_read_operands/pc_o_reg[34]/Q (HIGH)

 There are 192 register/latch pins with no clock driven by root clock pin: i_ariane/i_cva6/issue_stage_i/i_issue_read_operands/pc_o_reg[35]/Q (HIGH)

 There are 192 register/latch pins with no clock driven by root clock pin: i_ariane/i_cva6/issue_stage_i/i_issue_read_operands/pc_o_reg[36]/Q (HIGH)

 There are 192 register/latch pins with no clock driven by root clock pin: i_ariane/i_cva6/issue_stage_i/i_issue_read_operands/pc_o_reg[37]/Q (HIGH)

 There are 192 register/latch pins with no clock driven by root clock pin: i_ariane/i_cva6/issue_stage_i/i_issue_read_operands/pc_o_reg[38]/Q (HIGH)

 There are 192 register/latch pins with no clock driven by root clock pin: i_ariane/i_cva6/issue_stage_i/i_issue_read_operands/pc_o_reg[39]/Q (HIGH)

 There are 192 register/latch pins with no clock driven by root clock pin: i_ariane/i_cva6/issue_stage_i/i_issue_read_operands/pc_o_reg[3]_rep/Q (HIGH)

 There are 192 register/latch pins with no clock driven by root clock pin: i_ariane/i_cva6/issue_stage_i/i_issue_read_operands/pc_o_reg[40]/Q (HIGH)

 There are 192 register/latch pins with no clock driven by root clock pin: i_ariane/i_cva6/issue_stage_i/i_issue_read_operands/pc_o_reg[41]/Q (HIGH)

 There are 192 register/latch pins with no clock driven by root clock pin: i_ariane/i_cva6/issue_stage_i/i_issue_read_operands/pc_o_reg[42]/Q (HIGH)

 There are 192 register/latch pins with no clock driven by root clock pin: i_ariane/i_cva6/issue_stage_i/i_issue_read_operands/pc_o_reg[43]/Q (HIGH)

 There are 192 register/latch pins with no clock driven by root clock pin: i_ariane/i_cva6/issue_stage_i/i_issue_read_operands/pc_o_reg[44]/Q (HIGH)

 There are 192 register/latch pins with no clock driven by root clock pin: i_ariane/i_cva6/issue_stage_i/i_issue_read_operands/pc_o_reg[45]/Q (HIGH)

 There are 192 register/latch pins with no clock driven by root clock pin: i_ariane/i_cva6/issue_stage_i/i_issue_read_operands/pc_o_reg[46]/Q (HIGH)

 There are 192 register/latch pins with no clock driven by root clock pin: i_ariane/i_cva6/issue_stage_i/i_issue_read_operands/pc_o_reg[47]/Q (HIGH)

 There are 192 register/latch pins with no clock driven by root clock pin: i_ariane/i_cva6/issue_stage_i/i_issue_read_operands/pc_o_reg[48]/Q (HIGH)

 There are 192 register/latch pins with no clock driven by root clock pin: i_ariane/i_cva6/issue_stage_i/i_issue_read_operands/pc_o_reg[49]/Q (HIGH)

 There are 192 register/latch pins with no clock driven by root clock pin: i_ariane/i_cva6/issue_stage_i/i_issue_read_operands/pc_o_reg[4]/Q (HIGH)

 There are 192 register/latch pins with no clock driven by root clock pin: i_ariane/i_cva6/issue_stage_i/i_issue_read_operands/pc_o_reg[50]/Q (HIGH)

 There are 192 register/latch pins with no clock driven by root clock pin: i_ariane/i_cva6/issue_stage_i/i_issue_read_operands/pc_o_reg[51]/Q (HIGH)

 There are 192 register/latch pins with no clock driven by root clock pin: i_ariane/i_cva6/issue_stage_i/i_issue_read_operands/pc_o_reg[52]/Q (HIGH)

 There are 192 register/latch pins with no clock driven by root clock pin: i_ariane/i_cva6/issue_stage_i/i_issue_read_operands/pc_o_reg[53]/Q (HIGH)

 There are 192 register/latch pins with no clock driven by root clock pin: i_ariane/i_cva6/issue_stage_i/i_issue_read_operands/pc_o_reg[54]/Q (HIGH)

 There are 192 register/latch pins with no clock driven by root clock pin: i_ariane/i_cva6/issue_stage_i/i_issue_read_operands/pc_o_reg[55]/Q (HIGH)

 There are 192 register/latch pins with no clock driven by root clock pin: i_ariane/i_cva6/issue_stage_i/i_issue_read_operands/pc_o_reg[56]/Q (HIGH)

 There are 192 register/latch pins with no clock driven by root clock pin: i_ariane/i_cva6/issue_stage_i/i_issue_read_operands/pc_o_reg[57]/Q (HIGH)

 There are 192 register/latch pins with no clock driven by root clock pin: i_ariane/i_cva6/issue_stage_i/i_issue_read_operands/pc_o_reg[58]/Q (HIGH)

 There are 192 register/latch pins with no clock driven by root clock pin: i_ariane/i_cva6/issue_stage_i/i_issue_read_operands/pc_o_reg[59]/Q (HIGH)

 There are 192 register/latch pins with no clock driven by root clock pin: i_ariane/i_cva6/issue_stage_i/i_issue_read_operands/pc_o_reg[5]/Q (HIGH)

 There are 192 register/latch pins with no clock driven by root clock pin: i_ariane/i_cva6/issue_stage_i/i_issue_read_operands/pc_o_reg[60]/Q (HIGH)

 There are 192 register/latch pins with no clock driven by root clock pin: i_ariane/i_cva6/issue_stage_i/i_issue_read_operands/pc_o_reg[61]/Q (HIGH)

 There are 192 register/latch pins with no clock driven by root clock pin: i_ariane/i_cva6/issue_stage_i/i_issue_read_operands/pc_o_reg[62]/Q (HIGH)

 There are 192 register/latch pins with no clock driven by root clock pin: i_ariane/i_cva6/issue_stage_i/i_issue_read_operands/pc_o_reg[63]/Q (HIGH)

 There are 192 register/latch pins with no clock driven by root clock pin: i_ariane/i_cva6/issue_stage_i/i_issue_read_operands/pc_o_reg[6]/Q (HIGH)

 There are 192 register/latch pins with no clock driven by root clock pin: i_ariane/i_cva6/issue_stage_i/i_issue_read_operands/pc_o_reg[7]/Q (HIGH)

 There are 192 register/latch pins with no clock driven by root clock pin: i_ariane/i_cva6/issue_stage_i/i_issue_read_operands/pc_o_reg[8]/Q (HIGH)

 There are 192 register/latch pins with no clock driven by root clock pin: i_ariane/i_cva6/issue_stage_i/i_issue_read_operands/pc_o_reg[9]/Q (HIGH)

 There are 192 register/latch pins with no clock driven by root clock pin: i_ariane/i_cva6/issue_stage_i/i_scoreboard/commit_pointer_q_reg[0][0]_rep__0/Q (HIGH)

 There are 192 register/latch pins with no clock driven by root clock pin: i_ariane/i_cva6/issue_stage_i/i_scoreboard/commit_pointer_q_reg[0][1]_rep/Q (HIGH)

 There are 192 register/latch pins with no clock driven by root clock pin: i_ariane/i_cva6/issue_stage_i/i_scoreboard/commit_pointer_q_reg[0][1]_rep__0/Q (HIGH)

 There are 192 register/latch pins with no clock driven by root clock pin: i_ariane/i_cva6/issue_stage_i/i_scoreboard/commit_pointer_q_reg[0][2]_rep/Q (HIGH)

 There are 192 register/latch pins with no clock driven by root clock pin: i_ariane/i_cva6/issue_stage_i/i_scoreboard/mem_q_reg[0][issued]/Q (HIGH)

 There are 192 register/latch pins with no clock driven by root clock pin: i_ariane/i_cva6/issue_stage_i/i_scoreboard/mem_q_reg[0][sbe][ex][cause][0]/Q (HIGH)

 There are 192 register/latch pins with no clock driven by root clock pin: i_ariane/i_cva6/issue_stage_i/i_scoreboard/mem_q_reg[0][sbe][ex][cause][1]/Q (HIGH)

 There are 192 register/latch pins with no clock driven by root clock pin: i_ariane/i_cva6/issue_stage_i/i_scoreboard/mem_q_reg[0][sbe][ex][cause][2]/Q (HIGH)

 There are 192 register/latch pins with no clock driven by root clock pin: i_ariane/i_cva6/issue_stage_i/i_scoreboard/mem_q_reg[0][sbe][ex][cause][3]/Q (HIGH)

 There are 192 register/latch pins with no clock driven by root clock pin: i_ariane/i_cva6/issue_stage_i/i_scoreboard/mem_q_reg[0][sbe][ex][cause][4]/Q (HIGH)

 There are 192 register/latch pins with no clock driven by root clock pin: i_ariane/i_cva6/issue_stage_i/i_scoreboard/mem_q_reg[0][sbe][ex][cause][63]/Q (HIGH)

 There are 192 register/latch pins with no clock driven by root clock pin: i_ariane/i_cva6/issue_stage_i/i_scoreboard/mem_q_reg[0][sbe][ex][valid]/Q (HIGH)

 There are 192 register/latch pins with no clock driven by root clock pin: i_ariane/i_cva6/issue_stage_i/i_scoreboard/mem_q_reg[0][sbe][fu][0]/Q (HIGH)

 There are 192 register/latch pins with no clock driven by root clock pin: i_ariane/i_cva6/issue_stage_i/i_scoreboard/mem_q_reg[0][sbe][fu][1]/Q (HIGH)

 There are 192 register/latch pins with no clock driven by root clock pin: i_ariane/i_cva6/issue_stage_i/i_scoreboard/mem_q_reg[0][sbe][fu][2]/Q (HIGH)

 There are 192 register/latch pins with no clock driven by root clock pin: i_ariane/i_cva6/issue_stage_i/i_scoreboard/mem_q_reg[0][sbe][fu][3]/Q (HIGH)

 There are 192 register/latch pins with no clock driven by root clock pin: i_ariane/i_cva6/issue_stage_i/i_scoreboard/mem_q_reg[0][sbe][op][0]/Q (HIGH)

 There are 192 register/latch pins with no clock driven by root clock pin: i_ariane/i_cva6/issue_stage_i/i_scoreboard/mem_q_reg[0][sbe][op][1]/Q (HIGH)

 There are 192 register/latch pins with no clock driven by root clock pin: i_ariane/i_cva6/issue_stage_i/i_scoreboard/mem_q_reg[0][sbe][op][2]/Q (HIGH)

 There are 192 register/latch pins with no clock driven by root clock pin: i_ariane/i_cva6/issue_stage_i/i_scoreboard/mem_q_reg[0][sbe][op][3]/Q (HIGH)

 There are 192 register/latch pins with no clock driven by root clock pin: i_ariane/i_cva6/issue_stage_i/i_scoreboard/mem_q_reg[0][sbe][op][4]/Q (HIGH)

 There are 192 register/latch pins with no clock driven by root clock pin: i_ariane/i_cva6/issue_stage_i/i_scoreboard/mem_q_reg[0][sbe][op][5]/Q (HIGH)

 There are 192 register/latch pins with no clock driven by root clock pin: i_ariane/i_cva6/issue_stage_i/i_scoreboard/mem_q_reg[0][sbe][op][6]/Q (HIGH)

 There are 192 register/latch pins with no clock driven by root clock pin: i_ariane/i_cva6/issue_stage_i/i_scoreboard/mem_q_reg[0][sbe][op][7]/Q (HIGH)

 There are 192 register/latch pins with no clock driven by root clock pin: i_ariane/i_cva6/issue_stage_i/i_scoreboard/mem_q_reg[0][sbe][valid]/Q (HIGH)

 There are 192 register/latch pins with no clock driven by root clock pin: i_ariane/i_cva6/issue_stage_i/i_scoreboard/mem_q_reg[1][issued]/Q (HIGH)

 There are 192 register/latch pins with no clock driven by root clock pin: i_ariane/i_cva6/issue_stage_i/i_scoreboard/mem_q_reg[1][sbe][ex][cause][0]/Q (HIGH)

 There are 192 register/latch pins with no clock driven by root clock pin: i_ariane/i_cva6/issue_stage_i/i_scoreboard/mem_q_reg[1][sbe][ex][cause][1]/Q (HIGH)

 There are 192 register/latch pins with no clock driven by root clock pin: i_ariane/i_cva6/issue_stage_i/i_scoreboard/mem_q_reg[1][sbe][ex][cause][2]/Q (HIGH)

 There are 192 register/latch pins with no clock driven by root clock pin: i_ariane/i_cva6/issue_stage_i/i_scoreboard/mem_q_reg[1][sbe][ex][cause][3]/Q (HIGH)

 There are 192 register/latch pins with no clock driven by root clock pin: i_ariane/i_cva6/issue_stage_i/i_scoreboard/mem_q_reg[1][sbe][ex][cause][4]/Q (HIGH)

 There are 192 register/latch pins with no clock driven by root clock pin: i_ariane/i_cva6/issue_stage_i/i_scoreboard/mem_q_reg[1][sbe][ex][cause][63]/Q (HIGH)

 There are 192 register/latch pins with no clock driven by root clock pin: i_ariane/i_cva6/issue_stage_i/i_scoreboard/mem_q_reg[1][sbe][ex][valid]/Q (HIGH)

 There are 192 register/latch pins with no clock driven by root clock pin: i_ariane/i_cva6/issue_stage_i/i_scoreboard/mem_q_reg[1][sbe][fu][0]/Q (HIGH)

 There are 192 register/latch pins with no clock driven by root clock pin: i_ariane/i_cva6/issue_stage_i/i_scoreboard/mem_q_reg[1][sbe][fu][1]/Q (HIGH)

 There are 192 register/latch pins with no clock driven by root clock pin: i_ariane/i_cva6/issue_stage_i/i_scoreboard/mem_q_reg[1][sbe][fu][2]/Q (HIGH)

 There are 192 register/latch pins with no clock driven by root clock pin: i_ariane/i_cva6/issue_stage_i/i_scoreboard/mem_q_reg[1][sbe][fu][3]/Q (HIGH)

 There are 192 register/latch pins with no clock driven by root clock pin: i_ariane/i_cva6/issue_stage_i/i_scoreboard/mem_q_reg[1][sbe][op][0]/Q (HIGH)

 There are 192 register/latch pins with no clock driven by root clock pin: i_ariane/i_cva6/issue_stage_i/i_scoreboard/mem_q_reg[1][sbe][op][1]/Q (HIGH)

 There are 192 register/latch pins with no clock driven by root clock pin: i_ariane/i_cva6/issue_stage_i/i_scoreboard/mem_q_reg[1][sbe][op][2]/Q (HIGH)

 There are 192 register/latch pins with no clock driven by root clock pin: i_ariane/i_cva6/issue_stage_i/i_scoreboard/mem_q_reg[1][sbe][op][3]/Q (HIGH)

 There are 192 register/latch pins with no clock driven by root clock pin: i_ariane/i_cva6/issue_stage_i/i_scoreboard/mem_q_reg[1][sbe][op][4]/Q (HIGH)

 There are 192 register/latch pins with no clock driven by root clock pin: i_ariane/i_cva6/issue_stage_i/i_scoreboard/mem_q_reg[1][sbe][op][5]/Q (HIGH)

 There are 192 register/latch pins with no clock driven by root clock pin: i_ariane/i_cva6/issue_stage_i/i_scoreboard/mem_q_reg[1][sbe][op][6]/Q (HIGH)

 There are 192 register/latch pins with no clock driven by root clock pin: i_ariane/i_cva6/issue_stage_i/i_scoreboard/mem_q_reg[1][sbe][op][7]/Q (HIGH)

 There are 192 register/latch pins with no clock driven by root clock pin: i_ariane/i_cva6/issue_stage_i/i_scoreboard/mem_q_reg[1][sbe][valid]/Q (HIGH)

 There are 192 register/latch pins with no clock driven by root clock pin: i_ariane/i_cva6/issue_stage_i/i_scoreboard/mem_q_reg[2][issued]/Q (HIGH)

 There are 192 register/latch pins with no clock driven by root clock pin: i_ariane/i_cva6/issue_stage_i/i_scoreboard/mem_q_reg[2][sbe][ex][cause][0]/Q (HIGH)

 There are 192 register/latch pins with no clock driven by root clock pin: i_ariane/i_cva6/issue_stage_i/i_scoreboard/mem_q_reg[2][sbe][ex][cause][1]/Q (HIGH)

 There are 192 register/latch pins with no clock driven by root clock pin: i_ariane/i_cva6/issue_stage_i/i_scoreboard/mem_q_reg[2][sbe][ex][cause][2]/Q (HIGH)

 There are 192 register/latch pins with no clock driven by root clock pin: i_ariane/i_cva6/issue_stage_i/i_scoreboard/mem_q_reg[2][sbe][ex][cause][3]/Q (HIGH)

 There are 192 register/latch pins with no clock driven by root clock pin: i_ariane/i_cva6/issue_stage_i/i_scoreboard/mem_q_reg[2][sbe][ex][cause][4]/Q (HIGH)

 There are 192 register/latch pins with no clock driven by root clock pin: i_ariane/i_cva6/issue_stage_i/i_scoreboard/mem_q_reg[2][sbe][ex][cause][63]/Q (HIGH)

 There are 192 register/latch pins with no clock driven by root clock pin: i_ariane/i_cva6/issue_stage_i/i_scoreboard/mem_q_reg[2][sbe][ex][valid]/Q (HIGH)

 There are 192 register/latch pins with no clock driven by root clock pin: i_ariane/i_cva6/issue_stage_i/i_scoreboard/mem_q_reg[2][sbe][fu][0]/Q (HIGH)

 There are 192 register/latch pins with no clock driven by root clock pin: i_ariane/i_cva6/issue_stage_i/i_scoreboard/mem_q_reg[2][sbe][fu][1]/Q (HIGH)

 There are 192 register/latch pins with no clock driven by root clock pin: i_ariane/i_cva6/issue_stage_i/i_scoreboard/mem_q_reg[2][sbe][fu][2]/Q (HIGH)

 There are 192 register/latch pins with no clock driven by root clock pin: i_ariane/i_cva6/issue_stage_i/i_scoreboard/mem_q_reg[2][sbe][fu][3]/Q (HIGH)

 There are 192 register/latch pins with no clock driven by root clock pin: i_ariane/i_cva6/issue_stage_i/i_scoreboard/mem_q_reg[2][sbe][op][0]/Q (HIGH)

 There are 192 register/latch pins with no clock driven by root clock pin: i_ariane/i_cva6/issue_stage_i/i_scoreboard/mem_q_reg[2][sbe][op][1]/Q (HIGH)

 There are 192 register/latch pins with no clock driven by root clock pin: i_ariane/i_cva6/issue_stage_i/i_scoreboard/mem_q_reg[2][sbe][op][2]/Q (HIGH)

 There are 192 register/latch pins with no clock driven by root clock pin: i_ariane/i_cva6/issue_stage_i/i_scoreboard/mem_q_reg[2][sbe][op][3]/Q (HIGH)

 There are 192 register/latch pins with no clock driven by root clock pin: i_ariane/i_cva6/issue_stage_i/i_scoreboard/mem_q_reg[2][sbe][op][4]/Q (HIGH)

 There are 192 register/latch pins with no clock driven by root clock pin: i_ariane/i_cva6/issue_stage_i/i_scoreboard/mem_q_reg[2][sbe][op][5]/Q (HIGH)

 There are 192 register/latch pins with no clock driven by root clock pin: i_ariane/i_cva6/issue_stage_i/i_scoreboard/mem_q_reg[2][sbe][op][6]/Q (HIGH)

 There are 192 register/latch pins with no clock driven by root clock pin: i_ariane/i_cva6/issue_stage_i/i_scoreboard/mem_q_reg[2][sbe][op][7]/Q (HIGH)

 There are 192 register/latch pins with no clock driven by root clock pin: i_ariane/i_cva6/issue_stage_i/i_scoreboard/mem_q_reg[2][sbe][valid]/Q (HIGH)

 There are 192 register/latch pins with no clock driven by root clock pin: i_ariane/i_cva6/issue_stage_i/i_scoreboard/mem_q_reg[3][issued]/Q (HIGH)

 There are 192 register/latch pins with no clock driven by root clock pin: i_ariane/i_cva6/issue_stage_i/i_scoreboard/mem_q_reg[3][sbe][ex][cause][0]/Q (HIGH)

 There are 192 register/latch pins with no clock driven by root clock pin: i_ariane/i_cva6/issue_stage_i/i_scoreboard/mem_q_reg[3][sbe][ex][cause][1]/Q (HIGH)

 There are 192 register/latch pins with no clock driven by root clock pin: i_ariane/i_cva6/issue_stage_i/i_scoreboard/mem_q_reg[3][sbe][ex][cause][2]/Q (HIGH)

 There are 192 register/latch pins with no clock driven by root clock pin: i_ariane/i_cva6/issue_stage_i/i_scoreboard/mem_q_reg[3][sbe][ex][cause][3]/Q (HIGH)

 There are 192 register/latch pins with no clock driven by root clock pin: i_ariane/i_cva6/issue_stage_i/i_scoreboard/mem_q_reg[3][sbe][ex][cause][4]/Q (HIGH)

 There are 192 register/latch pins with no clock driven by root clock pin: i_ariane/i_cva6/issue_stage_i/i_scoreboard/mem_q_reg[3][sbe][ex][cause][63]/Q (HIGH)

 There are 192 register/latch pins with no clock driven by root clock pin: i_ariane/i_cva6/issue_stage_i/i_scoreboard/mem_q_reg[3][sbe][ex][valid]/Q (HIGH)

 There are 192 register/latch pins with no clock driven by root clock pin: i_ariane/i_cva6/issue_stage_i/i_scoreboard/mem_q_reg[3][sbe][fu][0]/Q (HIGH)

 There are 192 register/latch pins with no clock driven by root clock pin: i_ariane/i_cva6/issue_stage_i/i_scoreboard/mem_q_reg[3][sbe][fu][1]/Q (HIGH)

 There are 192 register/latch pins with no clock driven by root clock pin: i_ariane/i_cva6/issue_stage_i/i_scoreboard/mem_q_reg[3][sbe][fu][2]/Q (HIGH)

 There are 192 register/latch pins with no clock driven by root clock pin: i_ariane/i_cva6/issue_stage_i/i_scoreboard/mem_q_reg[3][sbe][fu][3]/Q (HIGH)

 There are 192 register/latch pins with no clock driven by root clock pin: i_ariane/i_cva6/issue_stage_i/i_scoreboard/mem_q_reg[3][sbe][op][0]/Q (HIGH)

 There are 192 register/latch pins with no clock driven by root clock pin: i_ariane/i_cva6/issue_stage_i/i_scoreboard/mem_q_reg[3][sbe][op][1]/Q (HIGH)

 There are 192 register/latch pins with no clock driven by root clock pin: i_ariane/i_cva6/issue_stage_i/i_scoreboard/mem_q_reg[3][sbe][op][2]/Q (HIGH)

 There are 192 register/latch pins with no clock driven by root clock pin: i_ariane/i_cva6/issue_stage_i/i_scoreboard/mem_q_reg[3][sbe][op][3]/Q (HIGH)

 There are 192 register/latch pins with no clock driven by root clock pin: i_ariane/i_cva6/issue_stage_i/i_scoreboard/mem_q_reg[3][sbe][op][4]/Q (HIGH)

 There are 192 register/latch pins with no clock driven by root clock pin: i_ariane/i_cva6/issue_stage_i/i_scoreboard/mem_q_reg[3][sbe][op][5]/Q (HIGH)

 There are 192 register/latch pins with no clock driven by root clock pin: i_ariane/i_cva6/issue_stage_i/i_scoreboard/mem_q_reg[3][sbe][op][6]/Q (HIGH)

 There are 192 register/latch pins with no clock driven by root clock pin: i_ariane/i_cva6/issue_stage_i/i_scoreboard/mem_q_reg[3][sbe][op][7]/Q (HIGH)

 There are 192 register/latch pins with no clock driven by root clock pin: i_ariane/i_cva6/issue_stage_i/i_scoreboard/mem_q_reg[3][sbe][valid]/Q (HIGH)

 There are 192 register/latch pins with no clock driven by root clock pin: i_ariane/i_cva6/issue_stage_i/i_scoreboard/mem_q_reg[4][issued]/Q (HIGH)

 There are 192 register/latch pins with no clock driven by root clock pin: i_ariane/i_cva6/issue_stage_i/i_scoreboard/mem_q_reg[4][sbe][ex][cause][0]/Q (HIGH)

 There are 192 register/latch pins with no clock driven by root clock pin: i_ariane/i_cva6/issue_stage_i/i_scoreboard/mem_q_reg[4][sbe][ex][cause][1]/Q (HIGH)

 There are 192 register/latch pins with no clock driven by root clock pin: i_ariane/i_cva6/issue_stage_i/i_scoreboard/mem_q_reg[4][sbe][ex][cause][2]/Q (HIGH)

 There are 192 register/latch pins with no clock driven by root clock pin: i_ariane/i_cva6/issue_stage_i/i_scoreboard/mem_q_reg[4][sbe][ex][cause][3]/Q (HIGH)

 There are 192 register/latch pins with no clock driven by root clock pin: i_ariane/i_cva6/issue_stage_i/i_scoreboard/mem_q_reg[4][sbe][ex][cause][4]/Q (HIGH)

 There are 192 register/latch pins with no clock driven by root clock pin: i_ariane/i_cva6/issue_stage_i/i_scoreboard/mem_q_reg[4][sbe][ex][cause][63]/Q (HIGH)

 There are 192 register/latch pins with no clock driven by root clock pin: i_ariane/i_cva6/issue_stage_i/i_scoreboard/mem_q_reg[4][sbe][ex][valid]/Q (HIGH)

 There are 192 register/latch pins with no clock driven by root clock pin: i_ariane/i_cva6/issue_stage_i/i_scoreboard/mem_q_reg[4][sbe][fu][0]/Q (HIGH)

 There are 192 register/latch pins with no clock driven by root clock pin: i_ariane/i_cva6/issue_stage_i/i_scoreboard/mem_q_reg[4][sbe][fu][1]/Q (HIGH)

 There are 192 register/latch pins with no clock driven by root clock pin: i_ariane/i_cva6/issue_stage_i/i_scoreboard/mem_q_reg[4][sbe][fu][2]/Q (HIGH)

 There are 192 register/latch pins with no clock driven by root clock pin: i_ariane/i_cva6/issue_stage_i/i_scoreboard/mem_q_reg[4][sbe][fu][3]/Q (HIGH)

 There are 192 register/latch pins with no clock driven by root clock pin: i_ariane/i_cva6/issue_stage_i/i_scoreboard/mem_q_reg[4][sbe][op][0]/Q (HIGH)

 There are 192 register/latch pins with no clock driven by root clock pin: i_ariane/i_cva6/issue_stage_i/i_scoreboard/mem_q_reg[4][sbe][op][1]/Q (HIGH)

 There are 192 register/latch pins with no clock driven by root clock pin: i_ariane/i_cva6/issue_stage_i/i_scoreboard/mem_q_reg[4][sbe][op][2]/Q (HIGH)

 There are 192 register/latch pins with no clock driven by root clock pin: i_ariane/i_cva6/issue_stage_i/i_scoreboard/mem_q_reg[4][sbe][op][3]/Q (HIGH)

 There are 192 register/latch pins with no clock driven by root clock pin: i_ariane/i_cva6/issue_stage_i/i_scoreboard/mem_q_reg[4][sbe][op][4]/Q (HIGH)

 There are 192 register/latch pins with no clock driven by root clock pin: i_ariane/i_cva6/issue_stage_i/i_scoreboard/mem_q_reg[4][sbe][op][5]/Q (HIGH)

 There are 192 register/latch pins with no clock driven by root clock pin: i_ariane/i_cva6/issue_stage_i/i_scoreboard/mem_q_reg[4][sbe][op][6]/Q (HIGH)

 There are 192 register/latch pins with no clock driven by root clock pin: i_ariane/i_cva6/issue_stage_i/i_scoreboard/mem_q_reg[4][sbe][op][7]/Q (HIGH)

 There are 192 register/latch pins with no clock driven by root clock pin: i_ariane/i_cva6/issue_stage_i/i_scoreboard/mem_q_reg[4][sbe][valid]/Q (HIGH)

 There are 192 register/latch pins with no clock driven by root clock pin: i_ariane/i_cva6/issue_stage_i/i_scoreboard/mem_q_reg[5][issued]/Q (HIGH)

 There are 192 register/latch pins with no clock driven by root clock pin: i_ariane/i_cva6/issue_stage_i/i_scoreboard/mem_q_reg[5][sbe][ex][cause][0]/Q (HIGH)

 There are 192 register/latch pins with no clock driven by root clock pin: i_ariane/i_cva6/issue_stage_i/i_scoreboard/mem_q_reg[5][sbe][ex][cause][1]/Q (HIGH)

 There are 192 register/latch pins with no clock driven by root clock pin: i_ariane/i_cva6/issue_stage_i/i_scoreboard/mem_q_reg[5][sbe][ex][cause][25]/Q (HIGH)

 There are 192 register/latch pins with no clock driven by root clock pin: i_ariane/i_cva6/issue_stage_i/i_scoreboard/mem_q_reg[5][sbe][ex][cause][2]/Q (HIGH)

 There are 192 register/latch pins with no clock driven by root clock pin: i_ariane/i_cva6/issue_stage_i/i_scoreboard/mem_q_reg[5][sbe][ex][cause][37]/Q (HIGH)

 There are 192 register/latch pins with no clock driven by root clock pin: i_ariane/i_cva6/issue_stage_i/i_scoreboard/mem_q_reg[5][sbe][ex][cause][3]/Q (HIGH)

 There are 192 register/latch pins with no clock driven by root clock pin: i_ariane/i_cva6/issue_stage_i/i_scoreboard/mem_q_reg[5][sbe][ex][cause][4]/Q (HIGH)

 There are 192 register/latch pins with no clock driven by root clock pin: i_ariane/i_cva6/issue_stage_i/i_scoreboard/mem_q_reg[5][sbe][ex][cause][63]/Q (HIGH)

 There are 192 register/latch pins with no clock driven by root clock pin: i_ariane/i_cva6/issue_stage_i/i_scoreboard/mem_q_reg[5][sbe][ex][valid]/Q (HIGH)

 There are 192 register/latch pins with no clock driven by root clock pin: i_ariane/i_cva6/issue_stage_i/i_scoreboard/mem_q_reg[5][sbe][fu][0]/Q (HIGH)

 There are 192 register/latch pins with no clock driven by root clock pin: i_ariane/i_cva6/issue_stage_i/i_scoreboard/mem_q_reg[5][sbe][fu][1]/Q (HIGH)

 There are 192 register/latch pins with no clock driven by root clock pin: i_ariane/i_cva6/issue_stage_i/i_scoreboard/mem_q_reg[5][sbe][fu][2]/Q (HIGH)

 There are 192 register/latch pins with no clock driven by root clock pin: i_ariane/i_cva6/issue_stage_i/i_scoreboard/mem_q_reg[5][sbe][fu][3]/Q (HIGH)

 There are 192 register/latch pins with no clock driven by root clock pin: i_ariane/i_cva6/issue_stage_i/i_scoreboard/mem_q_reg[5][sbe][op][0]/Q (HIGH)

 There are 192 register/latch pins with no clock driven by root clock pin: i_ariane/i_cva6/issue_stage_i/i_scoreboard/mem_q_reg[5][sbe][op][1]/Q (HIGH)

 There are 192 register/latch pins with no clock driven by root clock pin: i_ariane/i_cva6/issue_stage_i/i_scoreboard/mem_q_reg[5][sbe][op][2]/Q (HIGH)

 There are 192 register/latch pins with no clock driven by root clock pin: i_ariane/i_cva6/issue_stage_i/i_scoreboard/mem_q_reg[5][sbe][op][3]/Q (HIGH)

 There are 192 register/latch pins with no clock driven by root clock pin: i_ariane/i_cva6/issue_stage_i/i_scoreboard/mem_q_reg[5][sbe][op][4]/Q (HIGH)

 There are 192 register/latch pins with no clock driven by root clock pin: i_ariane/i_cva6/issue_stage_i/i_scoreboard/mem_q_reg[5][sbe][op][5]/Q (HIGH)

 There are 192 register/latch pins with no clock driven by root clock pin: i_ariane/i_cva6/issue_stage_i/i_scoreboard/mem_q_reg[5][sbe][op][6]/Q (HIGH)

 There are 192 register/latch pins with no clock driven by root clock pin: i_ariane/i_cva6/issue_stage_i/i_scoreboard/mem_q_reg[5][sbe][op][7]/Q (HIGH)

 There are 192 register/latch pins with no clock driven by root clock pin: i_ariane/i_cva6/issue_stage_i/i_scoreboard/mem_q_reg[5][sbe][valid]/Q (HIGH)

 There are 192 register/latch pins with no clock driven by root clock pin: i_ariane/i_cva6/issue_stage_i/i_scoreboard/mem_q_reg[6][issued]/Q (HIGH)

 There are 192 register/latch pins with no clock driven by root clock pin: i_ariane/i_cva6/issue_stage_i/i_scoreboard/mem_q_reg[6][sbe][ex][cause][0]/Q (HIGH)

 There are 192 register/latch pins with no clock driven by root clock pin: i_ariane/i_cva6/issue_stage_i/i_scoreboard/mem_q_reg[6][sbe][ex][cause][1]/Q (HIGH)

 There are 192 register/latch pins with no clock driven by root clock pin: i_ariane/i_cva6/issue_stage_i/i_scoreboard/mem_q_reg[6][sbe][ex][cause][2]/Q (HIGH)

 There are 192 register/latch pins with no clock driven by root clock pin: i_ariane/i_cva6/issue_stage_i/i_scoreboard/mem_q_reg[6][sbe][ex][cause][3]/Q (HIGH)

 There are 192 register/latch pins with no clock driven by root clock pin: i_ariane/i_cva6/issue_stage_i/i_scoreboard/mem_q_reg[6][sbe][ex][cause][4]/Q (HIGH)

 There are 192 register/latch pins with no clock driven by root clock pin: i_ariane/i_cva6/issue_stage_i/i_scoreboard/mem_q_reg[6][sbe][ex][cause][63]/Q (HIGH)

 There are 192 register/latch pins with no clock driven by root clock pin: i_ariane/i_cva6/issue_stage_i/i_scoreboard/mem_q_reg[6][sbe][ex][valid]/Q (HIGH)

 There are 192 register/latch pins with no clock driven by root clock pin: i_ariane/i_cva6/issue_stage_i/i_scoreboard/mem_q_reg[6][sbe][fu][0]/Q (HIGH)

 There are 192 register/latch pins with no clock driven by root clock pin: i_ariane/i_cva6/issue_stage_i/i_scoreboard/mem_q_reg[6][sbe][fu][1]/Q (HIGH)

 There are 192 register/latch pins with no clock driven by root clock pin: i_ariane/i_cva6/issue_stage_i/i_scoreboard/mem_q_reg[6][sbe][fu][2]/Q (HIGH)

 There are 192 register/latch pins with no clock driven by root clock pin: i_ariane/i_cva6/issue_stage_i/i_scoreboard/mem_q_reg[6][sbe][fu][3]/Q (HIGH)

 There are 192 register/latch pins with no clock driven by root clock pin: i_ariane/i_cva6/issue_stage_i/i_scoreboard/mem_q_reg[6][sbe][op][0]/Q (HIGH)

 There are 192 register/latch pins with no clock driven by root clock pin: i_ariane/i_cva6/issue_stage_i/i_scoreboard/mem_q_reg[6][sbe][op][1]/Q (HIGH)

 There are 192 register/latch pins with no clock driven by root clock pin: i_ariane/i_cva6/issue_stage_i/i_scoreboard/mem_q_reg[6][sbe][op][2]/Q (HIGH)

 There are 192 register/latch pins with no clock driven by root clock pin: i_ariane/i_cva6/issue_stage_i/i_scoreboard/mem_q_reg[6][sbe][op][3]/Q (HIGH)

 There are 192 register/latch pins with no clock driven by root clock pin: i_ariane/i_cva6/issue_stage_i/i_scoreboard/mem_q_reg[6][sbe][op][4]/Q (HIGH)

 There are 192 register/latch pins with no clock driven by root clock pin: i_ariane/i_cva6/issue_stage_i/i_scoreboard/mem_q_reg[6][sbe][op][5]/Q (HIGH)

 There are 192 register/latch pins with no clock driven by root clock pin: i_ariane/i_cva6/issue_stage_i/i_scoreboard/mem_q_reg[6][sbe][op][6]/Q (HIGH)

 There are 192 register/latch pins with no clock driven by root clock pin: i_ariane/i_cva6/issue_stage_i/i_scoreboard/mem_q_reg[6][sbe][op][7]/Q (HIGH)

 There are 192 register/latch pins with no clock driven by root clock pin: i_ariane/i_cva6/issue_stage_i/i_scoreboard/mem_q_reg[6][sbe][valid]/Q (HIGH)

 There are 192 register/latch pins with no clock driven by root clock pin: i_ariane/i_cva6/issue_stage_i/i_scoreboard/mem_q_reg[7][issued]/Q (HIGH)

 There are 192 register/latch pins with no clock driven by root clock pin: i_ariane/i_cva6/issue_stage_i/i_scoreboard/mem_q_reg[7][sbe][ex][cause][0]/Q (HIGH)

 There are 192 register/latch pins with no clock driven by root clock pin: i_ariane/i_cva6/issue_stage_i/i_scoreboard/mem_q_reg[7][sbe][ex][cause][1]/Q (HIGH)

 There are 192 register/latch pins with no clock driven by root clock pin: i_ariane/i_cva6/issue_stage_i/i_scoreboard/mem_q_reg[7][sbe][ex][cause][2]/Q (HIGH)

 There are 192 register/latch pins with no clock driven by root clock pin: i_ariane/i_cva6/issue_stage_i/i_scoreboard/mem_q_reg[7][sbe][ex][cause][3]/Q (HIGH)

 There are 192 register/latch pins with no clock driven by root clock pin: i_ariane/i_cva6/issue_stage_i/i_scoreboard/mem_q_reg[7][sbe][ex][cause][4]/Q (HIGH)

 There are 192 register/latch pins with no clock driven by root clock pin: i_ariane/i_cva6/issue_stage_i/i_scoreboard/mem_q_reg[7][sbe][ex][cause][63]/Q (HIGH)

 There are 192 register/latch pins with no clock driven by root clock pin: i_ariane/i_cva6/issue_stage_i/i_scoreboard/mem_q_reg[7][sbe][ex][valid]/Q (HIGH)

 There are 192 register/latch pins with no clock driven by root clock pin: i_ariane/i_cva6/issue_stage_i/i_scoreboard/mem_q_reg[7][sbe][fu][0]/Q (HIGH)

 There are 192 register/latch pins with no clock driven by root clock pin: i_ariane/i_cva6/issue_stage_i/i_scoreboard/mem_q_reg[7][sbe][fu][1]/Q (HIGH)

 There are 192 register/latch pins with no clock driven by root clock pin: i_ariane/i_cva6/issue_stage_i/i_scoreboard/mem_q_reg[7][sbe][fu][2]/Q (HIGH)

 There are 192 register/latch pins with no clock driven by root clock pin: i_ariane/i_cva6/issue_stage_i/i_scoreboard/mem_q_reg[7][sbe][fu][3]/Q (HIGH)

 There are 192 register/latch pins with no clock driven by root clock pin: i_ariane/i_cva6/issue_stage_i/i_scoreboard/mem_q_reg[7][sbe][op][0]/Q (HIGH)

 There are 192 register/latch pins with no clock driven by root clock pin: i_ariane/i_cva6/issue_stage_i/i_scoreboard/mem_q_reg[7][sbe][op][1]/Q (HIGH)

 There are 192 register/latch pins with no clock driven by root clock pin: i_ariane/i_cva6/issue_stage_i/i_scoreboard/mem_q_reg[7][sbe][op][2]/Q (HIGH)

 There are 192 register/latch pins with no clock driven by root clock pin: i_ariane/i_cva6/issue_stage_i/i_scoreboard/mem_q_reg[7][sbe][op][3]/Q (HIGH)

 There are 192 register/latch pins with no clock driven by root clock pin: i_ariane/i_cva6/issue_stage_i/i_scoreboard/mem_q_reg[7][sbe][op][4]/Q (HIGH)

 There are 192 register/latch pins with no clock driven by root clock pin: i_ariane/i_cva6/issue_stage_i/i_scoreboard/mem_q_reg[7][sbe][op][5]/Q (HIGH)

 There are 192 register/latch pins with no clock driven by root clock pin: i_ariane/i_cva6/issue_stage_i/i_scoreboard/mem_q_reg[7][sbe][op][6]/Q (HIGH)

 There are 192 register/latch pins with no clock driven by root clock pin: i_ariane/i_cva6/issue_stage_i/i_scoreboard/mem_q_reg[7][sbe][op][7]/Q (HIGH)

 There are 192 register/latch pins with no clock driven by root clock pin: i_ariane/i_cva6/issue_stage_i/i_scoreboard/mem_q_reg[7][sbe][valid]/Q (HIGH)


2. checking constant_clock (0)
------------------------------
 There are 0 register/latch pins with constant_clock.


3. checking pulse_width_clock (0)
---------------------------------
 There are 0 register/latch pins which need pulse_width check


4. checking unconstrained_internal_endpoints (192)
--------------------------------------------------
 There are 192 pins that are not constrained for maximum delay. (HIGH)

 There are 0 pins that are not constrained for maximum delay due to constant clock.


5. checking no_input_delay (211)
--------------------------------
 There are 211 input ports with no input delay specified. (HIGH)

 There are 0 input ports with no input delay but user has a false path constraint.


6. checking no_output_delay (270)
---------------------------------
 There are 270 ports with no output delay specified. (HIGH)

 There are 0 ports with no output delay but user has a false path constraint

 There are 0 ports with no output delay but with a timing clock defined on it or propagating through it


7. checking multiple_clock (0)
------------------------------
 There are 0 register/latch pins with multiple clocks.


8. checking generated_clocks (0)
--------------------------------
 There are 0 generated clocks that are not connected to a clock source.


9. checking loops (0)
---------------------
 There are 0 combinational loops in the design.


10. checking partial_input_delay (0)
------------------------------------
 There are 0 input ports with partial input delay specified.


11. checking partial_output_delay (0)
-------------------------------------
 There are 0 ports with partial output delay specified.


12. checking latch_loops (0)
----------------------------
 There are 0 combinational latch loops in the design through latch input



------------------------------------------------------------------------------------------------
| Design Timing Summary
| ---------------------
------------------------------------------------------------------------------------------------

    WNS(ns)      TNS(ns)  TNS Failing Endpoints  TNS Total Endpoints      WHS(ns)      THS(ns)  THS Failing Endpoints  THS Total Endpoints     WPWS(ns)     TPWS(ns)  TPWS Failing Endpoints  TPWS Total Endpoints  
    -------      -------  ---------------------  -------------------      -------      -------  ---------------------  -------------------     --------     --------  ----------------------  --------------------  
    -17.641   -63347.930                  14154                48152        0.244        0.000                      0                48152        4.500        0.000                       0                 23773  


Timing constraints are not met.


------------------------------------------------------------------------------------------------
| Clock Summary
| -------------
------------------------------------------------------------------------------------------------

Clock  Waveform(ns)       Period(ns)      Frequency(MHz)
-----  ------------       ----------      --------------
clk_i  {0.000 5.000}      10.000          100.000         


------------------------------------------------------------------------------------------------
| Intra Clock Table
| -----------------
------------------------------------------------------------------------------------------------

Clock             WNS(ns)      TNS(ns)  TNS Failing Endpoints  TNS Total Endpoints      WHS(ns)      THS(ns)  THS Failing Endpoints  THS Total Endpoints     WPWS(ns)     TPWS(ns)  TPWS Failing Endpoints  TPWS Total Endpoints  
-----             -------      -------  ---------------------  -------------------      -------      -------  ---------------------  -------------------     --------     --------  ----------------------  --------------------  
clk_i             -17.641   -63347.930                  14154                48152        0.244        0.000                      0                48152        4.500        0.000                       0                 23773  


------------------------------------------------------------------------------------------------
| Inter Clock Table
| -----------------
------------------------------------------------------------------------------------------------

From Clock    To Clock          WNS(ns)      TNS(ns)  TNS Failing Endpoints  TNS Total Endpoints      WHS(ns)      THS(ns)  THS Failing Endpoints  THS Total Endpoints  
----------    --------          -------      -------  ---------------------  -------------------      -------      -------  ---------------------  -------------------  


------------------------------------------------------------------------------------------------
| Other Path Groups Table
| -----------------------
------------------------------------------------------------------------------------------------

Path Group    From Clock    To Clock          WNS(ns)      TNS(ns)  TNS Failing Endpoints  TNS Total Endpoints      WHS(ns)      THS(ns)  THS Failing Endpoints  THS Total Endpoints  
----------    ----------    --------          -------      -------  ---------------------  -------------------      -------      -------  ---------------------  -------------------  


------------------------------------------------------------------------------------------------
| Timing Details
| --------------
------------------------------------------------------------------------------------------------


---------------------------------------------------------------------------------------------------
From Clock:  clk_i
  To Clock:  clk_i

Setup :        14154  Failing Endpoints,  Worst Slack      -17.641ns,  Total Violation   -63347.929ns
Hold  :            0  Failing Endpoints,  Worst Slack        0.244ns,  Total Violation        0.000ns
PW    :            0  Failing Endpoints,  Worst Slack        4.500ns,  Total Violation        0.000ns
---------------------------------------------------------------------------------------------------


Max Delay Paths
--------------------------------------------------------------------------------------
Slack (VIOLATED) :        -17.641ns  (required time - arrival time)
  Source:                 i_ariane/i_cva6/ex_stage_i/fpu_gen.fpu_i/fpu_gen.i_fpnew_bulk/gen_operation_groups[3].i_opgroup_block/gen_merged_slice.i_multifmt_slice/gen_num_lanes[0].active_lane.lane_instance.i_fpnew_cast_multi/gen_inside_pipeline[0].mid_pipe_dst_fmt_q_reg[1][1]/C
                            (rising edge-triggered cell FDCE clocked by clk_i  {rise@0.000ns fall@5.000ns period=10.000ns})
  Destination:            i_ariane/gen_cvxif.gen_COPRO_KECC_AES_K.i_kecc_aes_k_xif_coprocessor/i_ex/result_o_reg[2]/D
                            (rising edge-triggered cell FDCE clocked by clk_i  {rise@0.000ns fall@5.000ns period=10.000ns})
  Path Group:             clk_i
  Path Type:              Setup (Max at Slow Process Corner)
  Requirement:            10.000ns  (clk_i rise@10.000ns - clk_i rise@0.000ns)
  Data Path Delay:        27.609ns  (logic 8.852ns (32.062%)  route 18.757ns (67.938%))
  Logic Levels:           54  (CARRY4=17 LUT1=1 LUT2=1 LUT3=2 LUT4=4 LUT5=8 LUT6=20 MUXF7=1)
  Clock Path Skew:        -0.039ns (DCD - SCD + CPR)
    Destination Clock Delay (DCD):    0.748ns = ( 10.748 - 10.000 ) 
    Source Clock Delay      (SCD):    0.787ns
    Clock Pessimism Removal (CPR):    0.000ns
  Clock Uncertainty:      0.035ns  ((TSJ^2 + TIJ^2)^1/2 + DJ) / 2 + PE
    Total System Jitter     (TSJ):    0.071ns
    Total Input Jitter      (TIJ):    0.000ns
    Discrete Jitter          (DJ):    0.000ns
    Phase Error              (PE):    0.000ns

    Location             Delay type                Incr(ns)  Path(ns)    Netlist Resource(s)
  -------------------------------------------------------------------    -------------------
                         (clock clk_i rise edge)      0.000     0.000 r  
                                                      0.000     0.000 r  clk_i (IN)
                         net (fo=23772, unset)        0.787     0.787    i_ariane/i_cva6/ex_stage_i/fpu_gen.fpu_i/fpu_gen.i_fpnew_bulk/gen_operation_groups[3].i_opgroup_block/gen_merged_slice.i_multifmt_slice/gen_num_lanes[0].active_lane.lane_instance.i_fpnew_cast_multi/clk_i
                         FDCE                                         r  i_ariane/i_cva6/ex_stage_i/fpu_gen.fpu_i/fpu_gen.i_fpnew_bulk/gen_operation_groups[3].i_opgroup_block/gen_merged_slice.i_multifmt_slice/gen_num_lanes[0].active_lane.lane_instance.i_fpnew_cast_multi/gen_inside_pipeline[0].mid_pipe_dst_fmt_q_reg[1][1]/C
  -------------------------------------------------------------------    -------------------
                         FDCE (Prop_fdce_C_Q)         0.397     1.184 r  i_ariane/i_cva6/ex_stage_i/fpu_gen.fpu_i/fpu_gen.i_fpnew_bulk/gen_operation_groups[3].i_opgroup_block/gen_merged_slice.i_multifmt_slice/gen_num_lanes[0].active_lane.lane_instance.i_fpnew_cast_multi/gen_inside_pipeline[0].mid_pipe_dst_fmt_q_reg[1][1]/Q
                         net (fo=140, unplaced)       0.733     1.917    i_ariane/i_cva6/ex_stage_i/fpu_gen.fpu_i/fpu_gen.i_fpnew_bulk/gen_operation_groups[3].i_opgroup_block/gen_merged_slice.i_multifmt_slice/gen_num_lanes[0].active_lane.lane_instance.i_fpnew_cast_multi/gen_inside_pipeline[0].mid_pipe_dst_fmt_q_reg_n_0_[1][1]
                         LUT3 (Prop_lut3_I0_O)        0.232     2.149 r  i_ariane/i_cva6/ex_stage_i/fpu_gen.fpu_i/fpu_gen.i_fpnew_bulk/gen_operation_groups[3].i_opgroup_block/gen_merged_slice.i_multifmt_slice/gen_num_lanes[0].active_lane.lane_instance.i_fpnew_cast_multi/mem_q[7][sbe][result][54]_i_102/O
                         net (fo=2, unplaced)         0.269     2.418    i_ariane/i_cva6/ex_stage_i/fpu_gen.fpu_i/fpu_gen.i_fpnew_bulk/gen_operation_groups[3].i_opgroup_block/gen_merged_slice.i_multifmt_slice/gen_num_lanes[0].active_lane.lane_instance.i_fpnew_cast_multi/mem_q[7][sbe][result][54]_i_102_n_0
                         CARRY4 (Prop_carry4_CYINIT_CO[3])
                                                      0.494     2.912 r  i_ariane/i_cva6/ex_stage_i/fpu_gen.fpu_i/fpu_gen.i_fpnew_bulk/gen_operation_groups[3].i_opgroup_block/gen_merged_slice.i_multifmt_slice/gen_num_lanes[0].active_lane.lane_instance.i_fpnew_cast_multi/i___371_i_68/CO[3]
                         net (fo=1, unplaced)         0.000     2.912    i_ariane/i_cva6/ex_stage_i/fpu_gen.fpu_i/fpu_gen.i_fpnew_bulk/gen_operation_groups[3].i_opgroup_block/gen_merged_slice.i_multifmt_slice/gen_num_lanes[0].active_lane.lane_instance.i_fpnew_cast_multi/i___371_i_68_n_0
                         CARRY4 (Prop_carry4_CI_CO[3])
                                                      0.100     3.012 r  i_ariane/i_cva6/ex_stage_i/fpu_gen.fpu_i/fpu_gen.i_fpnew_bulk/gen_operation_groups[3].i_opgroup_block/gen_merged_slice.i_multifmt_slice/gen_num_lanes[0].active_lane.lane_instance.i_fpnew_cast_multi/i___371_i_53/CO[3]
                         net (fo=1, unplaced)         0.000     3.012    i_ariane/i_cva6/ex_stage_i/fpu_gen.fpu_i/fpu_gen.i_fpnew_bulk/gen_operation_groups[3].i_opgroup_block/gen_merged_slice.i_multifmt_slice/gen_num_lanes[0].active_lane.lane_instance.i_fpnew_cast_multi/i___371_i_53_n_0
                         CARRY4 (Prop_carry4_CI_CO[3])
                                                      0.100     3.112 r  i_ariane/i_cva6/ex_stage_i/fpu_gen.fpu_i/fpu_gen.i_fpnew_bulk/gen_operation_groups[3].i_opgroup_block/gen_merged_slice.i_multifmt_slice/gen_num_lanes[0].active_lane.lane_instance.i_fpnew_cast_multi/i___371_i_51/CO[3]
                         net (fo=1, unplaced)         0.000     3.112    i_ariane/i_cva6/ex_stage_i/fpu_gen.fpu_i/fpu_gen.i_fpnew_bulk/gen_operation_groups[3].i_opgroup_block/gen_merged_slice.i_multifmt_slice/gen_num_lanes[0].active_lane.lane_instance.i_fpnew_cast_multi/i___371_i_51_n_0
                         CARRY4 (Prop_carry4_CI_CO[3])
                                                      0.100     3.212 r  i_ariane/i_cva6/ex_stage_i/fpu_gen.fpu_i/fpu_gen.i_fpnew_bulk/gen_operation_groups[3].i_opgroup_block/gen_merged_slice.i_multifmt_slice/gen_num_lanes[0].active_lane.lane_instance.i_fpnew_cast_multi/i___371_i_81/CO[3]
                         net (fo=16, unplaced)        0.664     3.876    i_ariane/i_cva6/ex_stage_i/fpu_gen.fpu_i/fpu_gen.i_fpnew_bulk/gen_operation_groups[3].i_opgroup_block/gen_merged_slice.i_multifmt_slice/gen_num_lanes[0].active_lane.lane_instance.i_fpnew_cast_multi/i___371_i_81_n_0
                         LUT2 (Prop_lut2_I1_O)        0.105     3.981 r  i_ariane/i_cva6/ex_stage_i/fpu_gen.fpu_i/fpu_gen.i_fpnew_bulk/gen_operation_groups[3].i_opgroup_block/gen_merged_slice.i_multifmt_slice/gen_num_lanes[0].active_lane.lane_instance.i_fpnew_cast_multi/i___371_i_76/O
                         net (fo=1, unplaced)         0.000     3.981    i_ariane/i_cva6/ex_stage_i/fpu_gen.fpu_i/fpu_gen.i_fpnew_bulk/gen_operation_groups[3].i_opgroup_block/gen_merged_slice.i_multifmt_slice/gen_num_lanes[0].active_lane.lane_instance.i_fpnew_cast_multi/i___371_i_76_n_0
                         CARRY4 (Prop_carry4_DI[0]_CO[3])
                                                      0.477     4.458 r  i_ariane/i_cva6/ex_stage_i/fpu_gen.fpu_i/fpu_gen.i_fpnew_bulk/gen_operation_groups[3].i_opgroup_block/gen_merged_slice.i_multifmt_slice/gen_num_lanes[0].active_lane.lane_instance.i_fpnew_cast_multi/i___371_i_57/CO[3]
                         net (fo=1, unplaced)         0.000     4.458    i_ariane/i_cva6/ex_stage_i/fpu_gen.fpu_i/fpu_gen.i_fpnew_bulk/gen_operation_groups[3].i_opgroup_block/gen_merged_slice.i_multifmt_slice/gen_num_lanes[0].active_lane.lane_instance.i_fpnew_cast_multi/i___371_i_57_n_0
                         CARRY4 (Prop_carry4_CI_CO[3])
                                                      0.100     4.558 f  i_ariane/i_cva6/ex_stage_i/fpu_gen.fpu_i/fpu_gen.i_fpnew_bulk/gen_operation_groups[3].i_opgroup_block/gen_merged_slice.i_multifmt_slice/gen_num_lanes[0].active_lane.lane_instance.i_fpnew_cast_multi/i___371_i_49/CO[3]
                         net (fo=61, unplaced)        0.697     5.255    i_ariane/i_cva6/ex_stage_i/fpu_gen.fpu_i/fpu_gen.i_fpnew_bulk/gen_operation_groups[3].i_opgroup_block/gen_merged_slice.i_multifmt_slice/gen_num_lanes[0].active_lane.lane_instance.i_fpnew_cast_multi/preshift_mant1
                         LUT4 (Prop_lut4_I3_O)        0.105     5.360 f  i_ariane/i_cva6/ex_stage_i/fpu_gen.fpu_i/fpu_gen.i_fpnew_bulk/gen_operation_groups[3].i_opgroup_block/gen_merged_slice.i_multifmt_slice/gen_num_lanes[0].active_lane.lane_instance.i_fpnew_cast_multi/mem_q[7][sbe][ex][cause][0]_i_129/O
                         net (fo=4, unplaced)         0.371     5.731    i_ariane/i_cva6/ex_stage_i/fpu_gen.fpu_i/fpu_gen.i_fpnew_bulk/gen_operation_groups[3].i_opgroup_block/gen_merged_slice.i_multifmt_slice/gen_num_lanes[0].active_lane.lane_instance.i_fpnew_cast_multi/mem_q[7][sbe][ex][cause][0]_i_129_n_0
                         LUT6 (Prop_lut6_I4_O)        0.105     5.836 f  i_ariane/i_cva6/ex_stage_i/fpu_gen.fpu_i/fpu_gen.i_fpnew_bulk/gen_operation_groups[3].i_opgroup_block/gen_merged_slice.i_multifmt_slice/gen_num_lanes[0].active_lane.lane_instance.i_fpnew_cast_multi/mem_q[7][sbe][ex][cause][0]_i_287/O
                         net (fo=117, unplaced)       0.450     6.286    i_ariane/i_cva6/ex_stage_i/fpu_gen.fpu_i/fpu_gen.i_fpnew_bulk/gen_operation_groups[3].i_opgroup_block/gen_merged_slice.i_multifmt_slice/gen_num_lanes[0].active_lane.lane_instance.i_fpnew_cast_multi/mem_q[7][sbe][ex][cause][0]_i_287_n_0
                         LUT5 (Prop_lut5_I4_O)        0.105     6.391 r  i_ariane/i_cva6/ex_stage_i/fpu_gen.fpu_i/fpu_gen.i_fpnew_bulk/gen_operation_groups[3].i_opgroup_block/gen_merged_slice.i_multifmt_slice/gen_num_lanes[0].active_lane.lane_instance.i_fpnew_cast_multi/mem_q[7][sbe][ex][cause][0]_i_512/O
                         net (fo=35, unplaced)        0.420     6.811    i_ariane/i_cva6/ex_stage_i/fpu_gen.fpu_i/fpu_gen.i_fpnew_bulk/gen_operation_groups[3].i_opgroup_block/gen_merged_slice.i_multifmt_slice/gen_num_lanes[0].active_lane.lane_instance.i_fpnew_cast_multi/mem_q[7][sbe][ex][cause][0]_i_512_n_0
                         LUT6 (Prop_lut6_I2_O)        0.105     6.916 r  i_ariane/i_cva6/ex_stage_i/fpu_gen.fpu_i/fpu_gen.i_fpnew_bulk/gen_operation_groups[3].i_opgroup_block/gen_merged_slice.i_multifmt_slice/gen_num_lanes[0].active_lane.lane_instance.i_fpnew_cast_multi/mem_q[7][sbe][ex][cause][0]_i_481/O
                         net (fo=3, unplaced)         0.600     7.516    i_ariane/i_cva6/ex_stage_i/fpu_gen.fpu_i/fpu_gen.i_fpnew_bulk/gen_operation_groups[3].i_opgroup_block/gen_merged_slice.i_multifmt_slice/gen_num_lanes[0].active_lane.lane_instance.i_fpnew_cast_multi/mem_q[7][sbe][ex][cause][0]_i_481_n_0
                         LUT6 (Prop_lut6_I0_O)        0.105     7.621 r  i_ariane/i_cva6/ex_stage_i/fpu_gen.fpu_i/fpu_gen.i_fpnew_bulk/gen_operation_groups[3].i_opgroup_block/gen_merged_slice.i_multifmt_slice/gen_num_lanes[0].active_lane.lane_instance.i_fpnew_cast_multi/mem_q[7][sbe][ex][cause][0]_i_349/O
                         net (fo=4, unplaced)         0.606     8.227    i_ariane/i_cva6/ex_stage_i/fpu_gen.fpu_i/fpu_gen.i_fpnew_bulk/gen_operation_groups[3].i_opgroup_block/gen_merged_slice.i_multifmt_slice/gen_num_lanes[0].active_lane.lane_instance.i_fpnew_cast_multi/mem_q[7][sbe][ex][cause][0]_i_349_n_0
                         LUT6 (Prop_lut6_I1_O)        0.105     8.332 r  i_ariane/i_cva6/ex_stage_i/fpu_gen.fpu_i/fpu_gen.i_fpnew_bulk/gen_operation_groups[3].i_opgroup_block/gen_merged_slice.i_multifmt_slice/gen_num_lanes[0].active_lane.lane_instance.i_fpnew_cast_multi/mem_q[7][sbe][ex][cause][0]_i_212/O
                         net (fo=3, unplaced)         0.796     9.128    i_ariane/i_cva6/ex_stage_i/fpu_gen.fpu_i/fpu_gen.i_fpnew_bulk/gen_operation_groups[3].i_opgroup_block/gen_merged_slice.i_multifmt_slice/gen_num_lanes[0].active_lane.lane_instance.i_fpnew_cast_multi/mem_q[7][sbe][ex][cause][0]_i_212_n_0
                         LUT6 (Prop_lut6_I0_O)        0.105     9.233 r  i_ariane/i_cva6/ex_stage_i/fpu_gen.fpu_i/fpu_gen.i_fpnew_bulk/gen_operation_groups[3].i_opgroup_block/gen_merged_slice.i_multifmt_slice/gen_num_lanes[0].active_lane.lane_instance.i_fpnew_cast_multi/mem_q[7][sbe][ex][cause][0]_i_99/O
                         net (fo=1, unplaced)         0.778    10.011    i_ariane/i_cva6/ex_stage_i/fpu_gen.fpu_i/fpu_gen.i_fpnew_bulk/gen_operation_groups[3].i_opgroup_block/gen_merged_slice.i_multifmt_slice/gen_num_lanes[0].active_lane.lane_instance.i_fpnew_cast_multi/mem_q[7][sbe][ex][cause][0]_i_99_n_0
                         LUT5 (Prop_lut5_I0_O)        0.105    10.116 r  i_ariane/i_cva6/ex_stage_i/fpu_gen.fpu_i/fpu_gen.i_fpnew_bulk/gen_operation_groups[3].i_opgroup_block/gen_merged_slice.i_multifmt_slice/gen_num_lanes[0].active_lane.lane_instance.i_fpnew_cast_multi/mem_q[7][sbe][ex][cause][0]_i_27/O
                         net (fo=1, unplaced)         0.582    10.698    i_ariane/i_cva6/ex_stage_i/fpu_gen.fpu_i/fpu_gen.i_fpnew_bulk/gen_operation_groups[3].i_opgroup_block/gen_merged_slice.i_multifmt_slice/gen_num_lanes[0].active_lane.lane_instance.i_fpnew_cast_multi/mem_q[7][sbe][ex][cause][0]_i_27_n_0
                         LUT6 (Prop_lut6_I3_O)        0.105    10.803 r  i_ariane/i_cva6/ex_stage_i/fpu_gen.fpu_i/fpu_gen.i_fpnew_bulk/gen_operation_groups[3].i_opgroup_block/gen_merged_slice.i_multifmt_slice/gen_num_lanes[0].active_lane.lane_instance.i_fpnew_cast_multi/mem_q[7][sbe][ex][cause][0]_i_10/O
                         net (fo=4, unplaced)         0.371    11.174    i_ariane/i_cva6/ex_stage_i/fpu_gen.fpu_i/fpu_gen.i_fpnew_bulk/gen_operation_groups[3].i_opgroup_block/gen_merged_slice.i_multifmt_slice/gen_num_lanes[0].active_lane.lane_instance.i_fpnew_cast_multi/mem_q[7][sbe][ex][cause][0]_i_10_n_0
                         LUT6 (Prop_lut6_I4_O)        0.105    11.279 r  i_ariane/i_cva6/ex_stage_i/fpu_gen.fpu_i/fpu_gen.i_fpnew_bulk/gen_operation_groups[3].i_opgroup_block/gen_merged_slice.i_multifmt_slice/gen_num_lanes[0].active_lane.lane_instance.i_fpnew_cast_multi/i___366_i_119/O
                         net (fo=1, unplaced)         0.582    11.861    i_ariane/i_cva6/ex_stage_i/fpu_gen.fpu_i/fpu_gen.i_fpnew_bulk/gen_operation_groups[3].i_opgroup_block/gen_merged_slice.i_multifmt_slice/gen_num_lanes[0].active_lane.lane_instance.i_fpnew_cast_multi/i___366_i_119_n_0
                         LUT6 (Prop_lut6_I1_O)        0.105    11.966 r  i_ariane/i_cva6/ex_stage_i/fpu_gen.fpu_i/fpu_gen.i_fpnew_bulk/gen_operation_groups[3].i_opgroup_block/gen_merged_slice.i_multifmt_slice/gen_num_lanes[0].active_lane.lane_instance.i_fpnew_cast_multi/i___366_i_62/O
                         net (fo=1, unplaced)         0.000    11.966    i_ariane/i_cva6/ex_stage_i/fpu_gen.fpu_i/fpu_gen.i_fpnew_bulk/gen_operation_groups[3].i_opgroup_block/gen_merged_slice.i_multifmt_slice/gen_num_lanes[0].active_lane.lane_instance.i_fpnew_cast_multi/i___366_i_62_n_0
                         CARRY4 (Prop_carry4_S[0]_CO[3])
                                                      0.423    12.389 r  i_ariane/i_cva6/ex_stage_i/fpu_gen.fpu_i/fpu_gen.i_fpnew_bulk/gen_operation_groups[3].i_opgroup_block/gen_merged_slice.i_multifmt_slice/gen_num_lanes[0].active_lane.lane_instance.i_fpnew_cast_multi/i___366_i_32/CO[3]
                         net (fo=1, unplaced)         0.000    12.389    i_ariane/i_cva6/ex_stage_i/fpu_gen.fpu_i/fpu_gen.i_fpnew_bulk/gen_operation_groups[3].i_opgroup_block/gen_merged_slice.i_multifmt_slice/gen_num_lanes[0].active_lane.lane_instance.i_fpnew_cast_multi/i___366_i_32_n_0
                         CARRY4 (Prop_carry4_CI_CO[3])
                                                      0.100    12.489 r  i_ariane/i_cva6/ex_stage_i/fpu_gen.fpu_i/fpu_gen.i_fpnew_bulk/gen_operation_groups[3].i_opgroup_block/gen_merged_slice.i_multifmt_slice/gen_num_lanes[0].active_lane.lane_instance.i_fpnew_cast_multi/mem_q_reg[7][sbe][result][7]_i_34/CO[3]
                         net (fo=1, unplaced)         0.000    12.489    i_ariane/i_cva6/ex_stage_i/fpu_gen.fpu_i/fpu_gen.i_fpnew_bulk/gen_operation_groups[3].i_opgroup_block/gen_merged_slice.i_multifmt_slice/gen_num_lanes[0].active_lane.lane_instance.i_fpnew_cast_multi/mem_q_reg[7][sbe][result][7]_i_34_n_0
                         CARRY4 (Prop_carry4_CI_CO[3])
                                                      0.100    12.589 r  i_ariane/i_cva6/ex_stage_i/fpu_gen.fpu_i/fpu_gen.i_fpnew_bulk/gen_operation_groups[3].i_opgroup_block/gen_merged_slice.i_multifmt_slice/gen_num_lanes[0].active_lane.lane_instance.i_fpnew_cast_multi/mem_q_reg[7][sbe][result][11]_i_57/CO[3]
                         net (fo=1, unplaced)         0.000    12.589    i_ariane/i_cva6/ex_stage_i/fpu_gen.fpu_i/fpu_gen.i_fpnew_bulk/gen_operation_groups[3].i_opgroup_block/gen_merged_slice.i_multifmt_slice/gen_num_lanes[0].active_lane.lane_instance.i_fpnew_cast_multi/mem_q_reg[7][sbe][result][11]_i_57_n_0
                         CARRY4 (Prop_carry4_CI_CO[3])
                                                      0.100    12.689 r  i_ariane/i_cva6/ex_stage_i/fpu_gen.fpu_i/fpu_gen.i_fpnew_bulk/gen_operation_groups[3].i_opgroup_block/gen_merged_slice.i_multifmt_slice/gen_num_lanes[0].active_lane.lane_instance.i_fpnew_cast_multi/mem_q_reg[7][sbe][result][15]_i_52/CO[3]
                         net (fo=1, unplaced)         0.000    12.689    i_ariane/i_cva6/ex_stage_i/fpu_gen.fpu_i/fpu_gen.i_fpnew_bulk/gen_operation_groups[3].i_opgroup_block/gen_merged_slice.i_multifmt_slice/gen_num_lanes[0].active_lane.lane_instance.i_fpnew_cast_multi/mem_q_reg[7][sbe][result][15]_i_52_n_0
                         CARRY4 (Prop_carry4_CI_CO[3])
                                                      0.100    12.789 r  i_ariane/i_cva6/ex_stage_i/fpu_gen.fpu_i/fpu_gen.i_fpnew_bulk/gen_operation_groups[3].i_opgroup_block/gen_merged_slice.i_multifmt_slice/gen_num_lanes[0].active_lane.lane_instance.i_fpnew_cast_multi/mem_q_reg[7][sbe][result][23]_i_46/CO[3]
                         net (fo=1, unplaced)         0.000    12.789    i_ariane/i_cva6/ex_stage_i/fpu_gen.fpu_i/fpu_gen.i_fpnew_bulk/gen_operation_groups[3].i_opgroup_block/gen_merged_slice.i_multifmt_slice/gen_num_lanes[0].active_lane.lane_instance.i_fpnew_cast_multi/mem_q_reg[7][sbe][result][23]_i_46_n_0
                         CARRY4 (Prop_carry4_CI_CO[3])
                                                      0.100    12.889 r  i_ariane/i_cva6/ex_stage_i/fpu_gen.fpu_i/fpu_gen.i_fpnew_bulk/gen_operation_groups[3].i_opgroup_block/gen_merged_slice.i_multifmt_slice/gen_num_lanes[0].active_lane.lane_instance.i_fpnew_cast_multi/mem_q_reg[7][sbe][result][23]_i_29/CO[3]
                         net (fo=1, unplaced)         0.000    12.889    i_ariane/i_cva6/ex_stage_i/fpu_gen.fpu_i/fpu_gen.i_fpnew_bulk/gen_operation_groups[3].i_opgroup_block/gen_merged_slice.i_multifmt_slice/gen_num_lanes[0].active_lane.lane_instance.i_fpnew_cast_multi/mem_q_reg[7][sbe][result][23]_i_29_n_0
                         CARRY4 (Prop_carry4_CI_O[2])
                                                      0.214    13.103 f  i_ariane/i_cva6/ex_stage_i/fpu_gen.fpu_i/fpu_gen.i_fpnew_bulk/gen_operation_groups[3].i_opgroup_block/gen_merged_slice.i_multifmt_slice/gen_num_lanes[0].active_lane.lane_instance.i_fpnew_cast_multi/mem_q_reg[7][sbe][result][27]_i_35/O[2]
                         net (fo=6, unplaced)         0.381    13.484    i_ariane/i_cva6/ex_stage_i/fpu_gen.fpu_i/fpu_gen.i_fpnew_bulk/gen_operation_groups[3].i_opgroup_block/gen_merged_slice.i_multifmt_slice/gen_num_lanes[0].active_lane.lane_instance.i_fpnew_cast_multi/rounded_abs[26]
                         LUT1 (Prop_lut1_I0_O)        0.244    13.728 r  i_ariane/i_cva6/ex_stage_i/fpu_gen.fpu_i/fpu_gen.i_fpnew_bulk/gen_operation_groups[3].i_opgroup_block/gen_merged_slice.i_multifmt_slice/gen_num_lanes[0].active_lane.lane_instance.i_fpnew_cast_multi/mem_q[7][sbe][result][28]_i_58/O
                         net (fo=1, unplaced)         0.000    13.728    i_ariane/i_cva6/ex_stage_i/fpu_gen.fpu_i/fpu_gen.i_fpnew_bulk/gen_operation_groups[3].i_opgroup_block/gen_merged_slice.i_multifmt_slice/gen_num_lanes[0].active_lane.lane_instance.i_fpnew_cast_multi/mem_q[7][sbe][result][28]_i_58_n_0
                         CARRY4 (Prop_carry4_S[1]_CO[3])
                                                      0.444    14.172 r  i_ariane/i_cva6/ex_stage_i/fpu_gen.fpu_i/fpu_gen.i_fpnew_bulk/gen_operation_groups[3].i_opgroup_block/gen_merged_slice.i_multifmt_slice/gen_num_lanes[0].active_lane.lane_instance.i_fpnew_cast_multi/mem_q_reg[7][sbe][result][28]_i_31/CO[3]
                         net (fo=1, unplaced)         0.000    14.172    i_ariane/i_cva6/ex_stage_i/fpu_gen.fpu_i/fpu_gen.i_fpnew_bulk/gen_operation_groups[3].i_opgroup_block/gen_merged_slice.i_multifmt_slice/gen_num_lanes[0].active_lane.lane_instance.i_fpnew_cast_multi/mem_q_reg[7][sbe][result][28]_i_31_n_0
                         CARRY4 (Prop_carry4_CI_O[2])
                                                      0.214    14.386 f  i_ariane/i_cva6/ex_stage_i/fpu_gen.fpu_i/fpu_gen.i_fpnew_bulk/gen_operation_groups[3].i_opgroup_block/gen_merged_slice.i_multifmt_slice/gen_num_lanes[0].active_lane.lane_instance.i_fpnew_cast_multi/i___368_i_14/O[2]
                         net (fo=4, unplaced)         0.373    14.759    i_ariane/i_cva6/ex_stage_i/fpu_gen.fpu_i/fpu_gen.i_fpnew_bulk/gen_operation_groups[3].i_opgroup_block/gen_merged_slice.i_multifmt_slice/gen_num_lanes[0].active_lane.lane_instance.i_fpnew_cast_multi/rounded_uint_res0[31]
                         LUT5 (Prop_lut5_I1_O)        0.244    15.003 f  i_ariane/i_cva6/ex_stage_i/fpu_gen.fpu_i/fpu_gen.i_fpnew_bulk/gen_operation_groups[3].i_opgroup_block/gen_merged_slice.i_multifmt_slice/gen_num_lanes[0].active_lane.lane_instance.i_fpnew_cast_multi/i___368_i_11/O
                         net (fo=33, unplaced)        0.654    15.657    i_ariane/i_cva6/ex_stage_i/fpu_gen.fpu_i/fpu_gen.i_fpnew_bulk/gen_operation_groups[3].i_opgroup_block/gen_merged_slice.i_multifmt_slice/gen_num_lanes[0].active_lane.lane_instance.i_fpnew_cast_multi/i___368_i_11_n_0
                         LUT5 (Prop_lut5_I4_O)        0.105    15.762 r  i_ariane/i_cva6/ex_stage_i/fpu_gen.fpu_i/fpu_gen.i_fpnew_bulk/gen_operation_groups[3].i_opgroup_block/gen_merged_slice.i_multifmt_slice/gen_num_lanes[0].active_lane.lane_instance.i_fpnew_cast_multi/mem_q[7][sbe][result][51]_i_19/O
                         net (fo=2, unplaced)         0.593    16.355    i_ariane/i_cva6/ex_stage_i/fpu_gen.fpu_i/fpu_gen.i_fpnew_bulk/gen_operation_groups[3].i_opgroup_block/gen_merged_slice.i_multifmt_slice/gen_num_lanes[0].active_lane.lane_instance.i_fpnew_cast_multi/mem_q[7][sbe][result][51]_i_19_n_0
                         LUT6 (Prop_lut6_I0_O)        0.105    16.460 r  i_ariane/i_cva6/ex_stage_i/fpu_gen.fpu_i/fpu_gen.i_fpnew_bulk/gen_operation_groups[3].i_opgroup_block/gen_merged_slice.i_multifmt_slice/gen_num_lanes[0].active_lane.lane_instance.i_fpnew_cast_multi/i___366_i_125/O
                         net (fo=1, unplaced)         0.000    16.460    i_ariane/i_cva6/ex_stage_i/fpu_gen.fpu_i/fpu_gen.i_fpnew_bulk/gen_operation_groups[3].i_opgroup_block/gen_merged_slice.i_multifmt_slice/gen_num_lanes[0].active_lane.lane_instance.i_fpnew_cast_multi/i___366_i_125_n_0
                         CARRY4 (Prop_carry4_S[1]_CO[3])
                                                      0.444    16.904 r  i_ariane/i_cva6/ex_stage_i/fpu_gen.fpu_i/fpu_gen.i_fpnew_bulk/gen_operation_groups[3].i_opgroup_block/gen_merged_slice.i_multifmt_slice/gen_num_lanes[0].active_lane.lane_instance.i_fpnew_cast_multi/i___366_i_63/CO[3]
                         net (fo=1, unplaced)         0.000    16.904    i_ariane/i_cva6/ex_stage_i/fpu_gen.fpu_i/fpu_gen.i_fpnew_bulk/gen_operation_groups[3].i_opgroup_block/gen_merged_slice.i_multifmt_slice/gen_num_lanes[0].active_lane.lane_instance.i_fpnew_cast_multi/i___366_i_63_n_0
                         CARRY4 (Prop_carry4_CI_CO[1])
                                                      0.150    17.054 r  i_ariane/i_cva6/ex_stage_i/fpu_gen.fpu_i/fpu_gen.i_fpnew_bulk/gen_operation_groups[3].i_opgroup_block/gen_merged_slice.i_multifmt_slice/gen_num_lanes[0].active_lane.lane_instance.i_fpnew_cast_multi/i___366_i_34/CO[1]
                         net (fo=1, unplaced)         0.240    17.294    i_ariane/i_cva6/ex_stage_i/fpu_gen.fpu_i/fpu_gen.i_fpnew_bulk/gen_operation_groups[3].i_opgroup_block/gen_merged_slice.i_multifmt_slice/gen_num_lanes[0].active_lane.lane_instance.i_fpnew_cast_multi/int_result_is_special1
                         LUT6 (Prop_lut6_I4_O)        0.277    17.571 f  i_ariane/i_cva6/ex_stage_i/fpu_gen.fpu_i/fpu_gen.i_fpnew_bulk/gen_operation_groups[3].i_opgroup_block/gen_merged_slice.i_multifmt_slice/gen_num_lanes[0].active_lane.lane_instance.i_fpnew_cast_multi/i___366_i_19/O
                         net (fo=45, unplaced)        0.427    17.998    i_ariane/i_cva6/ex_stage_i/fpu_gen.fpu_i/fpu_gen.i_fpnew_bulk/gen_operation_groups[3].i_opgroup_block/gen_merged_slice.i_multifmt_slice/gen_num_lanes[0].active_lane.lane_instance.i_fpnew_cast_multi/i___366_i_19_n_0
                         LUT4 (Prop_lut4_I3_O)        0.105    18.103 r  i_ariane/i_cva6/ex_stage_i/fpu_gen.fpu_i/fpu_gen.i_fpnew_bulk/gen_operation_groups[3].i_opgroup_block/gen_merged_slice.i_multifmt_slice/gen_num_lanes[0].active_lane.lane_instance.i_fpnew_cast_multi/i___366_i_21/O
                         net (fo=8, unplaced)         0.385    18.488    i_ariane/i_cva6/ex_stage_i/fpu_gen.fpu_i/fpu_gen.i_fpnew_bulk/gen_operation_groups[3].i_opgroup_block/gen_merged_slice.i_multifmt_slice/gen_num_lanes[0].active_lane.lane_instance.i_fpnew_cast_multi/i___366_i_21_n_0
                         LUT6 (Prop_lut6_I4_O)        0.105    18.593 r  i_ariane/i_cva6/ex_stage_i/fpu_gen.fpu_i/fpu_gen.i_fpnew_bulk/gen_operation_groups[3].i_opgroup_block/gen_merged_slice.i_multifmt_slice/gen_num_lanes[0].active_lane.lane_instance.i_fpnew_cast_multi/i___366_i_13/O
                         net (fo=1, unplaced)         0.582    19.175    i_ariane/i_cva6/ex_stage_i/fpu_gen.fpu_i/fpu_gen.i_fpnew_bulk/gen_operation_groups[3].i_opgroup_block/gen_merged_slice.i_multifmt_slice/gen_num_lanes[0].active_lane.lane_instance.i_fpnew_cast_multi/i___366_i_13_n_0
                         LUT6 (Prop_lut6_I0_O)        0.105    19.280 r  i_ariane/i_cva6/ex_stage_i/fpu_gen.fpu_i/fpu_gen.i_fpnew_bulk/gen_operation_groups[3].i_opgroup_block/gen_merged_slice.i_multifmt_slice/gen_num_lanes[0].active_lane.lane_instance.i_fpnew_cast_multi/i___366_i_5/O
                         net (fo=1, unplaced)         0.347    19.627    i_ariane/i_cva6/ex_stage_i/fpu_gen.fpu_i/fpu_gen.i_fpnew_bulk/gen_operation_groups[0].i_opgroup_block/gen_parallel_slices[0].active_format.i_fmt_slice/gen_num_lanes[0].active_lane.lane_instance.i_fma/gen_arbiter.data_nodes[2][result][3]
                         LUT5 (Prop_lut5_I0_O)        0.105    19.732 r  i_ariane/i_cva6/ex_stage_i/fpu_gen.fpu_i/fpu_gen.i_fpnew_bulk/gen_operation_groups[0].i_opgroup_block/gen_parallel_slices[0].active_format.i_fmt_slice/gen_num_lanes[0].active_lane.lane_instance.i_fma/i___366_i_1/O
                         net (fo=19, unplaced)        0.406    20.138    i_ariane/i_cva6/issue_stage_i/i_issue_read_operands/fpu_result_ex_id[3]
                         LUT5 (Prop_lut5_I0_O)        0.105    20.243 f  i_ariane/i_cva6/issue_stage_i/i_issue_read_operands/i___328_i_2/O
                         net (fo=3, unplaced)         0.600    20.843    i_ariane/i_cva6/issue_stage_i/i_issue_read_operands/i___328_i_2_n_0
                         LUT6 (Prop_lut6_I1_O)        0.105    20.948 f  i_ariane/i_cva6/issue_stage_i/i_issue_read_operands/fu_data_q[0][operand_a][3]_i_12/O
                         net (fo=1, unplaced)         0.000    20.948    i_ariane/i_cva6/issue_stage_i/i_issue_read_operands/fu_data_q[0][operand_a][3]_i_12_n_0
                         MUXF7 (Prop_muxf7_I0_O)      0.201    21.149 f  i_ariane/i_cva6/issue_stage_i/i_issue_read_operands/fu_data_q_reg[0][operand_a][3]_i_5/O
                         net (fo=1, unplaced)         0.349    21.498    i_ariane/i_cva6/issue_stage_i/i_issue_read_operands/fu_data_q_reg[0][operand_a][3]_i_5_n_0
                         LUT6 (Prop_lut6_I5_O)        0.242    21.740 f  i_ariane/i_cva6/issue_stage_i/i_issue_read_operands/fu_data_q[0][operand_a][3]_i_2/O
                         net (fo=1, unplaced)         0.347    22.087    i_ariane/i_cva6/issue_stage_i/i_issue_read_operands/fu_data_q[0][operand_a][3]_i_2_n_0
                         LUT5 (Prop_lut5_I4_O)        0.105    22.192 r  i_ariane/i_cva6/issue_stage_i/i_issue_read_operands/fu_data_q[0][operand_a][3]_i_1/O
                         net (fo=17, unplaced)        0.403    22.595    i_ariane/gen_cvxif.gen_COPRO_KECC_AES_K.i_kecc_aes_k_xif_coprocessor/D[3]
                         LUT3 (Prop_lut3_I0_O)        0.105    22.700 r  i_ariane/gen_cvxif.gen_COPRO_KECC_AES_K.i_kecc_aes_k_xif_coprocessor/i___30_i_9/O
                         net (fo=6, unplaced)         0.379    23.079    i_ariane/i_cva6/id_stage_i/registers[0]_23[3]
                         LUT6 (Prop_lut6_I5_O)        0.105    23.184 r  i_ariane/i_cva6/id_stage_i/i___30_i_2/O
                         net (fo=11, unplaced)        0.628    23.812    i_ariane/i_cva6/id_stage_i/issue_q_reg[0][orig_instr][21]_7
                         LUT6 (Prop_lut6_I1_O)        0.105    23.917 r  i_ariane/i_cva6/id_stage_i/i___25_i_10/O
                         net (fo=3, unplaced)         0.796    24.713    i_ariane/i_cva6/id_stage_i/i___25_i_10_n_0
                         LUT6 (Prop_lut6_I3_O)        0.105    24.818 r  i_ariane/i_cva6/id_stage_i/i___25_i_2/O
                         net (fo=10, unplaced)        0.625    25.443    i_ariane/i_cva6/id_stage_i/i___235_i_3_0
                         LUT4 (Prop_lut4_I1_O)        0.105    25.548 r  i_ariane/i_cva6/id_stage_i/i___235_i_1/O
                         net (fo=6, unplaced)         0.614    26.162    i_ariane/i_cva6/id_stage_i/i___25_i_1_0
                         LUT4 (Prop_lut4_I0_O)        0.105    26.267 r  i_ariane/i_cva6/id_stage_i/i___75_i_6/O
                         net (fo=4, unplaced)         0.606    26.873    i_ariane/i_cva6/id_stage_i/i___12_i_4_0
                         LUT6 (Prop_lut6_I2_O)        0.105    26.978 r  i_ariane/i_cva6/id_stage_i/i___20_i_1/O
                         net (fo=8, unplaced)         0.385    27.363    i_ariane/i_cva6/id_stage_i/i___13_i_3_0
                         LUT5 (Prop_lut5_I1_O)        0.105    27.468 r  i_ariane/i_cva6/id_stage_i/result_o[34]_i_8/O
                         net (fo=4, unplaced)         0.371    27.839    i_ariane/i_cva6/id_stage_i/result_o[34]_i_8_n_0
                         LUT6 (Prop_lut6_I0_O)        0.105    27.944 r  i_ariane/i_cva6/id_stage_i/result_o[2]_i_4/O
                         net (fo=1, unplaced)         0.347    28.291    i_ariane/i_cva6/id_stage_i/result_o[2]_i_4_n_0
                         LUT6 (Prop_lut6_I3_O)        0.105    28.396 r  i_ariane/i_cva6/id_stage_i/result_o[2]_i_1/O
                         net (fo=1, unplaced)         0.000    28.396    i_ariane/gen_cvxif.gen_COPRO_KECC_AES_K.i_kecc_aes_k_xif_coprocessor/i_ex/result_o_reg[63]_1[2]
                         FDCE                                         r  i_ariane/gen_cvxif.gen_COPRO_KECC_AES_K.i_kecc_aes_k_xif_coprocessor/i_ex/result_o_reg[2]/D
  -------------------------------------------------------------------    -------------------

                         (clock clk_i rise edge)     10.000    10.000 r  
                                                      0.000    10.000 r  clk_i (IN)
                         net (fo=23772, unset)        0.748    10.748    i_ariane/gen_cvxif.gen_COPRO_KECC_AES_K.i_kecc_aes_k_xif_coprocessor/i_ex/clk_i
                         FDCE                                         r  i_ariane/gen_cvxif.gen_COPRO_KECC_AES_K.i_kecc_aes_k_xif_coprocessor/i_ex/result_o_reg[2]/C
                         clock pessimism              0.000    10.748    
                         clock uncertainty           -0.035    10.712    
                         FDCE (Setup_fdce_C_D)        0.043    10.755    i_ariane/gen_cvxif.gen_COPRO_KECC_AES_K.i_kecc_aes_k_xif_coprocessor/i_ex/result_o_reg[2]
  -------------------------------------------------------------------
                         required time                         10.755    
                         arrival time                         -28.396    
  -------------------------------------------------------------------
                         slack                                -17.641    





Min Delay Paths
--------------------------------------------------------------------------------------
Slack (MET) :             0.244ns  (arrival time - required time)
  Source:                 i_ariane/i_cva6/ex_stage_i/lsu_i/gen_mmu.i_cva6_mmu/dtlb_pte_q_reg[ppn][9]/C
                            (rising edge-triggered cell FDCE clocked by clk_i  {rise@0.000ns fall@5.000ns period=10.000ns})
  Destination:            i_ariane/i_cva6/ex_stage_i/lsu_i/i_store_unit/i_amo_buffer/i_amo_fifo/gen_asic_queue.mem_q_reg[0][paddr][21]/D
                            (rising edge-triggered cell FDCE clocked by clk_i  {rise@0.000ns fall@5.000ns period=10.000ns})
  Path Group:             clk_i
  Path Type:              Hold (Min at Fast Process Corner)
  Requirement:            0.000ns  (clk_i rise@0.000ns - clk_i rise@0.000ns)
  Data Path Delay:        0.364ns  (logic 0.245ns (67.304%)  route 0.119ns (32.696%))
  Logic Levels:           1  (LUT5=1)
  Clock Path Skew:        0.021ns (DCD - SCD - CPR)
    Destination Clock Delay (DCD):    0.411ns
    Source Clock Delay      (SCD):    0.390ns
    Clock Pessimism Removal (CPR):    -0.000ns

    Location             Delay type                Incr(ns)  Path(ns)    Netlist Resource(s)
  -------------------------------------------------------------------    -------------------
                         (clock clk_i rise edge)      0.000     0.000 r  
                                                      0.000     0.000 r  clk_i (IN)
                         net (fo=23772, unset)        0.390     0.390    i_ariane/i_cva6/ex_stage_i/lsu_i/gen_mmu.i_cva6_mmu/clk_i
                         FDCE                                         r  i_ariane/i_cva6/ex_stage_i/lsu_i/gen_mmu.i_cva6_mmu/dtlb_pte_q_reg[ppn][9]/C
  -------------------------------------------------------------------    -------------------
                         FDCE (Prop_fdce_C_Q)         0.147     0.537 r  i_ariane/i_cva6/ex_stage_i/lsu_i/gen_mmu.i_cva6_mmu/dtlb_pte_q_reg[ppn][9]/Q
                         net (fo=1, unplaced)         0.119     0.656    i_ariane/i_cva6/ex_stage_i/lsu_i/gen_mmu.i_cva6_mmu/dtlb_pte_q_reg[ppn][9]
                         LUT5 (Prop_lut5_I4_O)        0.098     0.754 r  i_ariane/i_cva6/ex_stage_i/lsu_i/gen_mmu.i_cva6_mmu/address_tag_q[9]_i_1/O
                         net (fo=47, unplaced)        0.000     0.754    i_ariane/i_cva6/ex_stage_i/lsu_i/i_store_unit/i_amo_buffer/i_amo_fifo/gen_asic_queue.mem_q_reg[0][paddr][55]_0[21]
                         FDCE                                         r  i_ariane/i_cva6/ex_stage_i/lsu_i/i_store_unit/i_amo_buffer/i_amo_fifo/gen_asic_queue.mem_q_reg[0][paddr][21]/D
  -------------------------------------------------------------------    -------------------

                         (clock clk_i rise edge)      0.000     0.000 r  
                                                      0.000     0.000 r  clk_i (IN)
                         net (fo=23772, unset)        0.411     0.411    i_ariane/i_cva6/ex_stage_i/lsu_i/i_store_unit/i_amo_buffer/i_amo_fifo/clk_i
                         FDCE                                         r  i_ariane/i_cva6/ex_stage_i/lsu_i/i_store_unit/i_amo_buffer/i_amo_fifo/gen_asic_queue.mem_q_reg[0][paddr][21]/C
                         clock pessimism              0.000     0.411    
                         FDCE (Hold_fdce_C_D)         0.099     0.510    i_ariane/i_cva6/ex_stage_i/lsu_i/i_store_unit/i_amo_buffer/i_amo_fifo/gen_asic_queue.mem_q_reg[0][paddr][21]
  -------------------------------------------------------------------
                         required time                         -0.510    
                         arrival time                           0.754    
  -------------------------------------------------------------------
                         slack                                  0.244    





Pulse Width Checks
--------------------------------------------------------------------------------------
Clock Name:         clk_i
Waveform(ns):       { 0.000 5.000 }
Period(ns):         10.000
Sources:            { clk_i }

Check Type        Corner  Lib Pin             Reference Pin  Required(ns)  Actual(ns)  Slack(ns)  Location  Pin
Min Period        n/a     RAMB36E1/CLKARDCLK  n/a            2.472         10.000      7.528                i_ariane/i_cva6/gen_cache_wt.i_cache_subsystem/i_cva6_icache/gen_sram[0].data_sram/data_sram/gen_cut[0].i_tc_sram_wrapper/i_ram/Mem_DP_reg/CLKARDCLK
Low Pulse Width   Slow    FDCE/C              n/a            0.500         5.000       4.500                mem_q_reg[7][sbe][result][63]_i_122/C
High Pulse Width  Slow    FDCE/C              n/a            0.500         5.000       4.500                mem_q_reg[7][sbe][result][63]_i_122/C



