Copyright 1986-2022 Xilinx, Inc. All Rights Reserved. Copyright 2022-2024 Advanced Micro Devices, Inc. All Rights Reserved.
---------------------------------------------------------------------------------------------------------------------------------------------
| Tool Version : Vivado v.2024.1 (win64) Build 5076996 Wed May 22 18:37:14 MDT 2024
| Date         : Wed Aug 12 15:33:33 2026
| Host         : AlessandraYOGA running 64-bit major release  (build 9200)
| Command      : report_timing -max_paths 20 -nworst 20 -delay_type max -sort_by slack -file reports/vrf_synth_top.timing_WORST_20.rpt
| Design       : vrf_synth_top
| Device       : 7a100t-ftg256
| Speed File   : -2  PRODUCTION 1.23 2018-06-13
| Design State : Optimized
---------------------------------------------------------------------------------------------------------------------------------------------

Timing Report

Slack (VIOLATED) :        -11.949ns  (required time - arrival time)
  Source:                 i_ariane/i_cva6/ex_stage_i/fpu_gen.fpu_i/fpu_gen.i_fpnew_bulk/gen_operation_groups[3].i_opgroup_block/gen_merged_slice.i_multifmt_slice/gen_num_lanes[0].active_lane.lane_instance.i_fpnew_cast_multi/gen_inside_pipeline[0].mid_pipe_dst_fmt_q_reg[1][2]_rep/C
                            (rising edge-triggered cell FDCE clocked by clk_i  {rise@0.000ns fall@5.000ns period=10.000ns})
  Destination:            i_ariane/i_cva6/ex_stage_i/vaddr_to_be_flushed_reg[63]/D
                            (rising edge-triggered cell FDCE clocked by clk_i  {rise@0.000ns fall@5.000ns period=10.000ns})
  Path Group:             clk_i
  Path Type:              Setup (Max at Slow Process Corner)
  Requirement:            10.000ns  (clk_i rise@10.000ns - clk_i rise@0.000ns)
  Data Path Delay:        21.917ns  (logic 8.887ns (40.548%)  route 13.030ns (59.452%))
  Logic Levels:           52  (CARRY4=23 LUT1=1 LUT2=2 LUT3=2 LUT4=1 LUT5=4 LUT6=16 MUXF7=3)
  Clock Path Skew:        -0.039ns (DCD - SCD + CPR)
    Destination Clock Delay (DCD):    0.748ns = ( 10.748 - 10.000 ) 
    Source Clock Delay      (SCD):    0.787ns
    Clock Pessimism Removal (CPR):    0.000ns
  Clock Uncertainty:      0.035ns  ((TSJ^2 + TIJ^2)^1/2 + DJ) / 2 + PE
    Total System Jitter     (TSJ):    0.071ns
    Total Input Jitter      (TIJ):    0.000ns
    Discrete Jitter          (DJ):    0.000ns
    Phase Error              (PE):    0.000ns

    Location             Delay type                Incr(ns)  Path(ns)    Netlist Resource(s)
  -------------------------------------------------------------------    -------------------
                         (clock clk_i rise edge)      0.000     0.000 r  
                                                      0.000     0.000 r  clk_i (IN)
                         net (fo=33654, unset)        0.787     0.787    i_ariane/i_cva6/ex_stage_i/fpu_gen.fpu_i/fpu_gen.i_fpnew_bulk/gen_operation_groups[3].i_opgroup_block/gen_merged_slice.i_multifmt_slice/gen_num_lanes[0].active_lane.lane_instance.i_fpnew_cast_multi/clk_i
                         FDCE                                         r  i_ariane/i_cva6/ex_stage_i/fpu_gen.fpu_i/fpu_gen.i_fpnew_bulk/gen_operation_groups[3].i_opgroup_block/gen_merged_slice.i_multifmt_slice/gen_num_lanes[0].active_lane.lane_instance.i_fpnew_cast_multi/gen_inside_pipeline[0].mid_pipe_dst_fmt_q_reg[1][2]_rep/C
  -------------------------------------------------------------------    -------------------
                         FDCE (Prop_fdce_C_Q)         0.397     1.184 r  i_ariane/i_cva6/ex_stage_i/fpu_gen.fpu_i/fpu_gen.i_fpnew_bulk/gen_operation_groups[3].i_opgroup_block/gen_merged_slice.i_multifmt_slice/gen_num_lanes[0].active_lane.lane_instance.i_fpnew_cast_multi/gen_inside_pipeline[0].mid_pipe_dst_fmt_q_reg[1][2]_rep/Q
                         net (fo=165, unplaced)       0.737     1.921    i_ariane/i_cva6/ex_stage_i/fpu_gen.fpu_i/fpu_gen.i_fpnew_bulk/gen_operation_groups[3].i_opgroup_block/gen_merged_slice.i_multifmt_slice/gen_num_lanes[0].active_lane.lane_instance.i_fpnew_cast_multi/gen_inside_pipeline[0].mid_pipe_dst_fmt_q_reg[1][2]_rep_n_0
                         LUT3 (Prop_lut3_I0_O)        0.232     2.153 r  i_ariane/i_cva6/ex_stage_i/fpu_gen.fpu_i/fpu_gen.i_fpnew_bulk/gen_operation_groups[3].i_opgroup_block/gen_merged_slice.i_multifmt_slice/gen_num_lanes[0].active_lane.lane_instance.i_fpnew_cast_multi/mem_q[7][sbe][result][59]_i_188/O
                         net (fo=1, unplaced)         0.258     2.411    i_ariane/i_cva6/ex_stage_i/fpu_gen.fpu_i/fpu_gen.i_fpnew_bulk/gen_operation_groups[3].i_opgroup_block/gen_merged_slice.i_multifmt_slice/gen_num_lanes[0].active_lane.lane_instance.i_fpnew_cast_multi/preshift_mant3[0]
                         CARRY4 (Prop_carry4_CYINIT_CO[3])
                                                      0.494     2.905 r  i_ariane/i_cva6/ex_stage_i/fpu_gen.fpu_i/fpu_gen.i_fpnew_bulk/gen_operation_groups[3].i_opgroup_block/gen_merged_slice.i_multifmt_slice/gen_num_lanes[0].active_lane.lane_instance.i_fpnew_cast_multi/mem_q_reg[7][sbe][result][59]_i_177/CO[3]
                         net (fo=1, unplaced)         0.000     2.905    i_ariane/i_cva6/ex_stage_i/fpu_gen.fpu_i/fpu_gen.i_fpnew_bulk/gen_operation_groups[3].i_opgroup_block/gen_merged_slice.i_multifmt_slice/gen_num_lanes[0].active_lane.lane_instance.i_fpnew_cast_multi/mem_q_reg[7][sbe][result][59]_i_177_n_0
                         CARRY4 (Prop_carry4_CI_CO[3])
                                                      0.100     3.005 r  i_ariane/i_cva6/ex_stage_i/fpu_gen.fpu_i/fpu_gen.i_fpnew_bulk/gen_operation_groups[3].i_opgroup_block/gen_merged_slice.i_multifmt_slice/gen_num_lanes[0].active_lane.lane_instance.i_fpnew_cast_multi/mem_q_reg[7][sbe][ex][cause][4]_i_139/CO[3]
                         net (fo=1, unplaced)         0.000     3.005    i_ariane/i_cva6/ex_stage_i/fpu_gen.fpu_i/fpu_gen.i_fpnew_bulk/gen_operation_groups[3].i_opgroup_block/gen_merged_slice.i_multifmt_slice/gen_num_lanes[0].active_lane.lane_instance.i_fpnew_cast_multi/mem_q_reg[7][sbe][ex][cause][4]_i_139_n_0
                         CARRY4 (Prop_carry4_CI_O[1])
                                                      0.269     3.274 f  i_ariane/i_cva6/ex_stage_i/fpu_gen.fpu_i/fpu_gen.i_fpnew_bulk/gen_operation_groups[3].i_opgroup_block/gen_merged_slice.i_multifmt_slice/gen_num_lanes[0].active_lane.lane_instance.i_fpnew_cast_multi/mem_q_reg[7][sbe][ex][cause][4]_i_100/O[1]
                         net (fo=3, unplaced)         0.490     3.764    i_ariane/i_cva6/ex_stage_i/fpu_gen.fpu_i/fpu_gen.i_fpnew_bulk/gen_operation_groups[3].i_opgroup_block/gen_merged_slice.i_multifmt_slice/gen_num_lanes[0].active_lane.lane_instance.i_fpnew_cast_multi/mem_q_reg[7][sbe][ex][cause][4]_i_100_n_6
                         LUT4 (Prop_lut4_I1_O)        0.266     4.030 r  i_ariane/i_cva6/ex_stage_i/fpu_gen.fpu_i/fpu_gen.i_fpnew_bulk/gen_operation_groups[3].i_opgroup_block/gen_merged_slice.i_multifmt_slice/gen_num_lanes[0].active_lane.lane_instance.i_fpnew_cast_multi/mem_q[7][sbe][ex][cause][4]_i_94/O
                         net (fo=1, unplaced)         0.000     4.030    i_ariane/i_cva6/ex_stage_i/fpu_gen.fpu_i/fpu_gen.i_fpnew_bulk/gen_operation_groups[3].i_opgroup_block/gen_merged_slice.i_multifmt_slice/gen_num_lanes[0].active_lane.lane_instance.i_fpnew_cast_multi/mem_q[7][sbe][ex][cause][4]_i_94_n_0
                         CARRY4 (Prop_carry4_DI[1]_CO[3])
                                                      0.451     4.481 r  i_ariane/i_cva6/ex_stage_i/fpu_gen.fpu_i/fpu_gen.i_fpnew_bulk/gen_operation_groups[3].i_opgroup_block/gen_merged_slice.i_multifmt_slice/gen_num_lanes[0].active_lane.lane_instance.i_fpnew_cast_multi/mem_q_reg[7][sbe][ex][cause][4]_i_58/CO[3]
                         net (fo=1, unplaced)         0.000     4.481    i_ariane/i_cva6/ex_stage_i/fpu_gen.fpu_i/fpu_gen.i_fpnew_bulk/gen_operation_groups[3].i_opgroup_block/gen_merged_slice.i_multifmt_slice/gen_num_lanes[0].active_lane.lane_instance.i_fpnew_cast_multi/mem_q_reg[7][sbe][ex][cause][4]_i_58_n_0
                         CARRY4 (Prop_carry4_CI_CO[3])
                                                      0.100     4.581 r  i_ariane/i_cva6/ex_stage_i/fpu_gen.fpu_i/fpu_gen.i_fpnew_bulk/gen_operation_groups[3].i_opgroup_block/gen_merged_slice.i_multifmt_slice/gen_num_lanes[0].active_lane.lane_instance.i_fpnew_cast_multi/mem_q_reg[7][sbe][ex][cause][4]_i_40/CO[3]
                         net (fo=1, unplaced)         0.000     4.581    i_ariane/i_cva6/ex_stage_i/fpu_gen.fpu_i/fpu_gen.i_fpnew_bulk/gen_operation_groups[3].i_opgroup_block/gen_merged_slice.i_multifmt_slice/gen_num_lanes[0].active_lane.lane_instance.i_fpnew_cast_multi/mem_q_reg[7][sbe][ex][cause][4]_i_40_n_0
                         CARRY4 (Prop_carry4_CI_CO[3])
                                                      0.100     4.681 r  i_ariane/i_cva6/ex_stage_i/fpu_gen.fpu_i/fpu_gen.i_fpnew_bulk/gen_operation_groups[3].i_opgroup_block/gen_merged_slice.i_multifmt_slice/gen_num_lanes[0].active_lane.lane_instance.i_fpnew_cast_multi/mem_q_reg[7][sbe][ex][cause][4]_i_34/CO[3]
                         net (fo=146, unplaced)       0.719     5.400    i_ariane/i_cva6/ex_stage_i/fpu_gen.fpu_i/fpu_gen.i_fpnew_bulk/gen_operation_groups[3].i_opgroup_block/gen_merged_slice.i_multifmt_slice/gen_num_lanes[0].active_lane.lane_instance.i_fpnew_cast_multi/preshift_mant1
                         LUT5 (Prop_lut5_I2_O)        0.105     5.505 r  i_ariane/i_cva6/ex_stage_i/fpu_gen.fpu_i/fpu_gen.i_fpnew_bulk/gen_operation_groups[3].i_opgroup_block/gen_merged_slice.i_multifmt_slice/gen_num_lanes[0].active_lane.lane_instance.i_fpnew_cast_multi/mem_q[7][sbe][ex][cause][0]_i_331/O
                         net (fo=4, unplaced)         0.802     6.307    i_ariane/i_cva6/ex_stage_i/fpu_gen.fpu_i/fpu_gen.i_fpnew_bulk/gen_operation_groups[3].i_opgroup_block/gen_merged_slice.i_multifmt_slice/gen_num_lanes[0].active_lane.lane_instance.i_fpnew_cast_multi/preshift_mant[90]
                         LUT5 (Prop_lut5_I0_O)        0.105     6.412 r  i_ariane/i_cva6/ex_stage_i/fpu_gen.fpu_i/fpu_gen.i_fpnew_bulk/gen_operation_groups[3].i_opgroup_block/gen_merged_slice.i_multifmt_slice/gen_num_lanes[0].active_lane.lane_instance.i_fpnew_cast_multi/mem_q[7][sbe][ex][cause][0]_i_566/O
                         net (fo=4, unplaced)         0.606     7.018    i_ariane/i_cva6/ex_stage_i/fpu_gen.fpu_i/fpu_gen.i_fpnew_bulk/gen_operation_groups[3].i_opgroup_block/gen_merged_slice.i_multifmt_slice/gen_num_lanes[0].active_lane.lane_instance.i_fpnew_cast_multi/mem_q[7][sbe][ex][cause][0]_i_566_n_0
                         LUT6 (Prop_lut6_I1_O)        0.105     7.123 r  i_ariane/i_cva6/ex_stage_i/fpu_gen.fpu_i/fpu_gen.i_fpnew_bulk/gen_operation_groups[3].i_opgroup_block/gen_merged_slice.i_multifmt_slice/gen_num_lanes[0].active_lane.lane_instance.i_fpnew_cast_multi/mem_q[7][sbe][ex][cause][0]_i_415/O
                         net (fo=4, unplaced)         0.606     7.729    i_ariane/i_cva6/ex_stage_i/fpu_gen.fpu_i/fpu_gen.i_fpnew_bulk/gen_operation_groups[3].i_opgroup_block/gen_merged_slice.i_multifmt_slice/gen_num_lanes[0].active_lane.lane_instance.i_fpnew_cast_multi/mem_q[7][sbe][ex][cause][0]_i_415_n_0
                         LUT6 (Prop_lut6_I1_O)        0.105     7.834 r  i_ariane/i_cva6/ex_stage_i/fpu_gen.fpu_i/fpu_gen.i_fpnew_bulk/gen_operation_groups[3].i_opgroup_block/gen_merged_slice.i_multifmt_slice/gen_num_lanes[0].active_lane.lane_instance.i_fpnew_cast_multi/mem_q[7][sbe][ex][cause][0]_i_179/O
                         net (fo=3, unplaced)         0.796     8.630    i_ariane/i_cva6/ex_stage_i/fpu_gen.fpu_i/fpu_gen.i_fpnew_bulk/gen_operation_groups[3].i_opgroup_block/gen_merged_slice.i_multifmt_slice/gen_num_lanes[0].active_lane.lane_instance.i_fpnew_cast_multi/mem_q[7][sbe][ex][cause][0]_i_179_n_0
                         LUT6 (Prop_lut6_I0_O)        0.105     8.735 r  i_ariane/i_cva6/ex_stage_i/fpu_gen.fpu_i/fpu_gen.i_fpnew_bulk/gen_operation_groups[3].i_opgroup_block/gen_merged_slice.i_multifmt_slice/gen_num_lanes[0].active_lane.lane_instance.i_fpnew_cast_multi/mem_q[7][sbe][ex][cause][0]_i_225/O
                         net (fo=1, unplaced)         0.782     9.517    i_ariane/i_cva6/ex_stage_i/fpu_gen.fpu_i/fpu_gen.i_fpnew_bulk/gen_operation_groups[3].i_opgroup_block/gen_merged_slice.i_multifmt_slice/gen_num_lanes[0].active_lane.lane_instance.i_fpnew_cast_multi/mem_q[7][sbe][ex][cause][0]_i_225_n_0
                         LUT6 (Prop_lut6_I0_O)        0.105     9.622 r  i_ariane/i_cva6/ex_stage_i/fpu_gen.fpu_i/fpu_gen.i_fpnew_bulk/gen_operation_groups[3].i_opgroup_block/gen_merged_slice.i_multifmt_slice/gen_num_lanes[0].active_lane.lane_instance.i_fpnew_cast_multi/mem_q[7][sbe][ex][cause][0]_i_81/O
                         net (fo=1, unplaced)         0.778    10.400    i_ariane/i_cva6/ex_stage_i/fpu_gen.fpu_i/fpu_gen.i_fpnew_bulk/gen_operation_groups[3].i_opgroup_block/gen_merged_slice.i_multifmt_slice/gen_num_lanes[0].active_lane.lane_instance.i_fpnew_cast_multi/mem_q[7][sbe][ex][cause][0]_i_81_n_0
                         LUT6 (Prop_lut6_I1_O)        0.105    10.505 r  i_ariane/i_cva6/ex_stage_i/fpu_gen.fpu_i/fpu_gen.i_fpnew_bulk/gen_operation_groups[3].i_opgroup_block/gen_merged_slice.i_multifmt_slice/gen_num_lanes[0].active_lane.lane_instance.i_fpnew_cast_multi/mem_q[7][sbe][ex][cause][0]_i_25/O
                         net (fo=4, unplaced)         0.606    11.111    i_ariane/i_cva6/ex_stage_i/fpu_gen.fpu_i/fpu_gen.i_fpnew_bulk/gen_operation_groups[3].i_opgroup_block/gen_merged_slice.i_multifmt_slice/gen_num_lanes[0].active_lane.lane_instance.i_fpnew_cast_multi/fp_round_sticky_bits[0]
                         LUT6 (Prop_lut6_I0_O)        0.105    11.216 r  i_ariane/i_cva6/ex_stage_i/fpu_gen.fpu_i/fpu_gen.i_fpnew_bulk/gen_operation_groups[3].i_opgroup_block/gen_merged_slice.i_multifmt_slice/gen_num_lanes[0].active_lane.lane_instance.i_fpnew_cast_multi/mem_q[7][sbe][result][0]_i_174/O
                         net (fo=1, unplaced)         0.347    11.563    i_ariane/i_cva6/ex_stage_i/fpu_gen.fpu_i/fpu_gen.i_fpnew_bulk/gen_operation_groups[3].i_opgroup_block/gen_merged_slice.i_multifmt_slice/gen_num_lanes[0].active_lane.lane_instance.i_fpnew_cast_multi/mem_q[7][sbe][result][0]_i_174_n_0
                         LUT6 (Prop_lut6_I5_O)        0.105    11.668 r  i_ariane/i_cva6/ex_stage_i/fpu_gen.fpu_i/fpu_gen.i_fpnew_bulk/gen_operation_groups[3].i_opgroup_block/gen_merged_slice.i_multifmt_slice/gen_num_lanes[0].active_lane.lane_instance.i_fpnew_cast_multi/mem_q[7][sbe][result][0]_i_114/O
                         net (fo=1, unplaced)         0.000    11.668    i_ariane/i_cva6/ex_stage_i/fpu_gen.fpu_i/fpu_gen.i_fpnew_bulk/gen_operation_groups[3].i_opgroup_block/gen_merged_slice.i_multifmt_slice/gen_num_lanes[0].active_lane.lane_instance.i_fpnew_cast_multi/mem_q[7][sbe][result][0]_i_114_n_0
                         CARRY4 (Prop_carry4_S[0]_CO[3])
                                                      0.423    12.091 r  i_ariane/i_cva6/ex_stage_i/fpu_gen.fpu_i/fpu_gen.i_fpnew_bulk/gen_operation_groups[3].i_opgroup_block/gen_merged_slice.i_multifmt_slice/gen_num_lanes[0].active_lane.lane_instance.i_fpnew_cast_multi/mem_q_reg[7][sbe][result][0]_i_66/CO[3]
                         net (fo=1, unplaced)         0.000    12.091    i_ariane/i_cva6/ex_stage_i/fpu_gen.fpu_i/fpu_gen.i_fpnew_bulk/gen_operation_groups[3].i_opgroup_block/gen_merged_slice.i_multifmt_slice/gen_num_lanes[0].active_lane.lane_instance.i_fpnew_cast_multi/mem_q_reg[7][sbe][result][0]_i_66_n_0
                         CARRY4 (Prop_carry4_CI_CO[3])
                                                      0.100    12.191 r  i_ariane/i_cva6/ex_stage_i/fpu_gen.fpu_i/fpu_gen.i_fpnew_bulk/gen_operation_groups[3].i_opgroup_block/gen_merged_slice.i_multifmt_slice/gen_num_lanes[0].active_lane.lane_instance.i_fpnew_cast_multi/mem_q_reg[7][sbe][result][7]_i_77/CO[3]
                         net (fo=1, unplaced)         0.000    12.191    i_ariane/i_cva6/ex_stage_i/fpu_gen.fpu_i/fpu_gen.i_fpnew_bulk/gen_operation_groups[3].i_opgroup_block/gen_merged_slice.i_multifmt_slice/gen_num_lanes[0].active_lane.lane_instance.i_fpnew_cast_multi/mem_q_reg[7][sbe][result][7]_i_77_n_0
                         CARRY4 (Prop_carry4_CI_CO[3])
                                                      0.100    12.291 r  i_ariane/i_cva6/ex_stage_i/fpu_gen.fpu_i/fpu_gen.i_fpnew_bulk/gen_operation_groups[3].i_opgroup_block/gen_merged_slice.i_multifmt_slice/gen_num_lanes[0].active_lane.lane_instance.i_fpnew_cast_multi/mem_q_reg[7][sbe][result][11]_i_56/CO[3]
                         net (fo=1, unplaced)         0.000    12.291    i_ariane/i_cva6/ex_stage_i/fpu_gen.fpu_i/fpu_gen.i_fpnew_bulk/gen_operation_groups[3].i_opgroup_block/gen_merged_slice.i_multifmt_slice/gen_num_lanes[0].active_lane.lane_instance.i_fpnew_cast_multi/mem_q_reg[7][sbe][result][11]_i_56_n_0
                         CARRY4 (Prop_carry4_CI_CO[3])
                                                      0.100    12.391 r  i_ariane/i_cva6/ex_stage_i/fpu_gen.fpu_i/fpu_gen.i_fpnew_bulk/gen_operation_groups[3].i_opgroup_block/gen_merged_slice.i_multifmt_slice/gen_num_lanes[0].active_lane.lane_instance.i_fpnew_cast_multi/mem_q_reg[7][sbe][result][15]_i_77/CO[3]
                         net (fo=1, unplaced)         0.000    12.391    i_ariane/i_cva6/ex_stage_i/fpu_gen.fpu_i/fpu_gen.i_fpnew_bulk/gen_operation_groups[3].i_opgroup_block/gen_merged_slice.i_multifmt_slice/gen_num_lanes[0].active_lane.lane_instance.i_fpnew_cast_multi/mem_q_reg[7][sbe][result][15]_i_77_n_0
                         CARRY4 (Prop_carry4_CI_CO[3])
                                                      0.100    12.491 r  i_ariane/i_cva6/ex_stage_i/fpu_gen.fpu_i/fpu_gen.i_fpnew_bulk/gen_operation_groups[3].i_opgroup_block/gen_merged_slice.i_multifmt_slice/gen_num_lanes[0].active_lane.lane_instance.i_fpnew_cast_multi/mem_q_reg[7][sbe][result][19]_i_57/CO[3]
                         net (fo=1, unplaced)         0.000    12.491    i_ariane/i_cva6/ex_stage_i/fpu_gen.fpu_i/fpu_gen.i_fpnew_bulk/gen_operation_groups[3].i_opgroup_block/gen_merged_slice.i_multifmt_slice/gen_num_lanes[0].active_lane.lane_instance.i_fpnew_cast_multi/mem_q_reg[7][sbe][result][19]_i_57_n_0
                         CARRY4 (Prop_carry4_CI_CO[3])
                                                      0.100    12.591 r  i_ariane/i_cva6/ex_stage_i/fpu_gen.fpu_i/fpu_gen.i_fpnew_bulk/gen_operation_groups[3].i_opgroup_block/gen_merged_slice.i_multifmt_slice/gen_num_lanes[0].active_lane.lane_instance.i_fpnew_cast_multi/mem_q_reg[7][sbe][result][23]_i_77/CO[3]
                         net (fo=1, unplaced)         0.000    12.591    i_ariane/i_cva6/ex_stage_i/fpu_gen.fpu_i/fpu_gen.i_fpnew_bulk/gen_operation_groups[3].i_opgroup_block/gen_merged_slice.i_multifmt_slice/gen_num_lanes[0].active_lane.lane_instance.i_fpnew_cast_multi/mem_q_reg[7][sbe][result][23]_i_77_n_0
                         CARRY4 (Prop_carry4_CI_CO[3])
                                                      0.100    12.691 r  i_ariane/i_cva6/ex_stage_i/fpu_gen.fpu_i/fpu_gen.i_fpnew_bulk/gen_operation_groups[3].i_opgroup_block/gen_merged_slice.i_multifmt_slice/gen_num_lanes[0].active_lane.lane_instance.i_fpnew_cast_multi/mem_q_reg[7][sbe][ex][cause][1]_i_27/CO[3]
                         net (fo=1, unplaced)         0.000    12.691    i_ariane/i_cva6/ex_stage_i/fpu_gen.fpu_i/fpu_gen.i_fpnew_bulk/gen_operation_groups[3].i_opgroup_block/gen_merged_slice.i_multifmt_slice/gen_num_lanes[0].active_lane.lane_instance.i_fpnew_cast_multi/mem_q_reg[7][sbe][ex][cause][1]_i_27_n_0
                         CARRY4 (Prop_carry4_CI_CO[3])
                                                      0.100    12.791 r  i_ariane/i_cva6/ex_stage_i/fpu_gen.fpu_i/fpu_gen.i_fpnew_bulk/gen_operation_groups[3].i_opgroup_block/gen_merged_slice.i_multifmt_slice/gen_num_lanes[0].active_lane.lane_instance.i_fpnew_cast_multi/mem_q_reg[7][sbe][result][35]_i_47/CO[3]
                         net (fo=1, unplaced)         0.000    12.791    i_ariane/i_cva6/ex_stage_i/fpu_gen.fpu_i/fpu_gen.i_fpnew_bulk/gen_operation_groups[3].i_opgroup_block/gen_merged_slice.i_multifmt_slice/gen_num_lanes[0].active_lane.lane_instance.i_fpnew_cast_multi/mem_q_reg[7][sbe][result][35]_i_47_n_0
                         CARRY4 (Prop_carry4_CI_CO[3])
                                                      0.100    12.891 r  i_ariane/i_cva6/ex_stage_i/fpu_gen.fpu_i/fpu_gen.i_fpnew_bulk/gen_operation_groups[3].i_opgroup_block/gen_merged_slice.i_multifmt_slice/gen_num_lanes[0].active_lane.lane_instance.i_fpnew_cast_multi/mem_q_reg[7][sbe][result][35]_i_27/CO[3]
                         net (fo=1, unplaced)         0.000    12.891    i_ariane/i_cva6/ex_stage_i/fpu_gen.fpu_i/fpu_gen.i_fpnew_bulk/gen_operation_groups[3].i_opgroup_block/gen_merged_slice.i_multifmt_slice/gen_num_lanes[0].active_lane.lane_instance.i_fpnew_cast_multi/mem_q_reg[7][sbe][result][35]_i_27_n_0
                         CARRY4 (Prop_carry4_CI_CO[3])
                                                      0.100    12.991 r  i_ariane/i_cva6/ex_stage_i/fpu_gen.fpu_i/fpu_gen.i_fpnew_bulk/gen_operation_groups[3].i_opgroup_block/gen_merged_slice.i_multifmt_slice/gen_num_lanes[0].active_lane.lane_instance.i_fpnew_cast_multi/mem_q_reg[7][sbe][result][39]_i_16/CO[3]
                         net (fo=1, unplaced)         0.000    12.991    i_ariane/i_cva6/ex_stage_i/fpu_gen.fpu_i/fpu_gen.i_fpnew_bulk/gen_operation_groups[3].i_opgroup_block/gen_merged_slice.i_multifmt_slice/gen_num_lanes[0].active_lane.lane_instance.i_fpnew_cast_multi/mem_q_reg[7][sbe][result][39]_i_16_n_0
                         CARRY4 (Prop_carry4_CI_CO[3])
                                                      0.100    13.091 r  i_ariane/i_cva6/ex_stage_i/fpu_gen.fpu_i/fpu_gen.i_fpnew_bulk/gen_operation_groups[3].i_opgroup_block/gen_merged_slice.i_multifmt_slice/gen_num_lanes[0].active_lane.lane_instance.i_fpnew_cast_multi/mem_q_reg[7][sbe][result][43]_i_18/CO[3]
                         net (fo=1, unplaced)         0.000    13.091    i_ariane/i_cva6/ex_stage_i/fpu_gen.fpu_i/fpu_gen.i_fpnew_bulk/gen_operation_groups[3].i_opgroup_block/gen_merged_slice.i_multifmt_slice/gen_num_lanes[0].active_lane.lane_instance.i_fpnew_cast_multi/mem_q_reg[7][sbe][result][43]_i_18_n_0
                         CARRY4 (Prop_carry4_CI_CO[3])
                                                      0.100    13.191 r  i_ariane/i_cva6/ex_stage_i/fpu_gen.fpu_i/fpu_gen.i_fpnew_bulk/gen_operation_groups[3].i_opgroup_block/gen_merged_slice.i_multifmt_slice/gen_num_lanes[0].active_lane.lane_instance.i_fpnew_cast_multi/mem_q_reg[7][sbe][result][47]_i_21/CO[3]
                         net (fo=1, unplaced)         0.000    13.191    i_ariane/i_cva6/ex_stage_i/fpu_gen.fpu_i/fpu_gen.i_fpnew_bulk/gen_operation_groups[3].i_opgroup_block/gen_merged_slice.i_multifmt_slice/gen_num_lanes[0].active_lane.lane_instance.i_fpnew_cast_multi/mem_q_reg[7][sbe][result][47]_i_21_n_0
                         CARRY4 (Prop_carry4_CI_CO[3])
                                                      0.100    13.291 r  i_ariane/i_cva6/ex_stage_i/fpu_gen.fpu_i/fpu_gen.i_fpnew_bulk/gen_operation_groups[3].i_opgroup_block/gen_merged_slice.i_multifmt_slice/gen_num_lanes[0].active_lane.lane_instance.i_fpnew_cast_multi/mem_q_reg[7][sbe][result][50]_i_20/CO[3]
                         net (fo=1, unplaced)         0.000    13.291    i_ariane/i_cva6/ex_stage_i/fpu_gen.fpu_i/fpu_gen.i_fpnew_bulk/gen_operation_groups[3].i_opgroup_block/gen_merged_slice.i_multifmt_slice/gen_num_lanes[0].active_lane.lane_instance.i_fpnew_cast_multi/mem_q_reg[7][sbe][result][50]_i_20_n_0
                         CARRY4 (Prop_carry4_CI_CO[3])
                                                      0.100    13.391 r  i_ariane/i_cva6/ex_stage_i/fpu_gen.fpu_i/fpu_gen.i_fpnew_bulk/gen_operation_groups[3].i_opgroup_block/gen_merged_slice.i_multifmt_slice/gen_num_lanes[0].active_lane.lane_instance.i_fpnew_cast_multi/mem_q_reg[7][sbe][result][55]_i_25/CO[3]
                         net (fo=1, unplaced)         0.000    13.391    i_ariane/i_cva6/ex_stage_i/fpu_gen.fpu_i/fpu_gen.i_fpnew_bulk/gen_operation_groups[3].i_opgroup_block/gen_merged_slice.i_multifmt_slice/gen_num_lanes[0].active_lane.lane_instance.i_fpnew_cast_multi/mem_q_reg[7][sbe][result][55]_i_25_n_0
                         CARRY4 (Prop_carry4_CI_O[2])
                                                      0.214    13.605 f  i_ariane/i_cva6/ex_stage_i/fpu_gen.fpu_i/fpu_gen.i_fpnew_bulk/gen_operation_groups[3].i_opgroup_block/gen_merged_slice.i_multifmt_slice/gen_num_lanes[0].active_lane.lane_instance.i_fpnew_cast_multi/mem_q_reg[7][sbe][result][59]_i_28/O[2]
                         net (fo=6, unplaced)         0.381    13.986    i_ariane/i_cva6/ex_stage_i/fpu_gen.fpu_i/fpu_gen.i_fpnew_bulk/gen_operation_groups[3].i_opgroup_block/gen_merged_slice.i_multifmt_slice/gen_num_lanes[0].active_lane.lane_instance.i_fpnew_cast_multi/rounded_abs[58]
                         LUT1 (Prop_lut1_I0_O)        0.244    14.230 r  i_ariane/i_cva6/ex_stage_i/fpu_gen.fpu_i/fpu_gen.i_fpnew_bulk/gen_operation_groups[3].i_opgroup_block/gen_merged_slice.i_multifmt_slice/gen_num_lanes[0].active_lane.lane_instance.i_fpnew_cast_multi/mem_q[7][sbe][result][60]_i_105/O
                         net (fo=1, unplaced)         0.000    14.230    i_ariane/i_cva6/ex_stage_i/fpu_gen.fpu_i/fpu_gen.i_fpnew_bulk/gen_operation_groups[3].i_opgroup_block/gen_merged_slice.i_multifmt_slice/gen_num_lanes[0].active_lane.lane_instance.i_fpnew_cast_multi/mem_q[7][sbe][result][60]_i_105_n_0
                         CARRY4 (Prop_carry4_S[1]_CO[3])
                                                      0.444    14.674 r  i_ariane/i_cva6/ex_stage_i/fpu_gen.fpu_i/fpu_gen.i_fpnew_bulk/gen_operation_groups[3].i_opgroup_block/gen_merged_slice.i_multifmt_slice/gen_num_lanes[0].active_lane.lane_instance.i_fpnew_cast_multi/mem_q_reg[7][sbe][result][60]_i_51/CO[3]
                         net (fo=1, unplaced)         0.000    14.674    i_ariane/i_cva6/ex_stage_i/fpu_gen.fpu_i/fpu_gen.i_fpnew_bulk/gen_operation_groups[3].i_opgroup_block/gen_merged_slice.i_multifmt_slice/gen_num_lanes[0].active_lane.lane_instance.i_fpnew_cast_multi/mem_q_reg[7][sbe][result][60]_i_51_n_0
                         CARRY4 (Prop_carry4_CI_O[1])
                                                      0.269    14.943 f  i_ariane/i_cva6/ex_stage_i/fpu_gen.fpu_i/fpu_gen.i_fpnew_bulk/gen_operation_groups[3].i_opgroup_block/gen_merged_slice.i_multifmt_slice/gen_num_lanes[0].active_lane.lane_instance.i_fpnew_cast_multi/mem_q_reg[7][sbe][result][62]_i_30/O[1]
                         net (fo=2, unplaced)         0.251    15.194    i_ariane/i_cva6/ex_stage_i/fpu_gen.fpu_i/fpu_gen.i_fpnew_bulk/gen_operation_groups[3].i_opgroup_block/gen_merged_slice.i_multifmt_slice/gen_num_lanes[0].active_lane.lane_instance.i_fpnew_cast_multi/rounded_int_res0[62]
                         LUT3 (Prop_lut3_I0_O)        0.245    15.439 f  i_ariane/i_cva6/ex_stage_i/fpu_gen.fpu_i/fpu_gen.i_fpnew_bulk/gen_operation_groups[3].i_opgroup_block/gen_merged_slice.i_multifmt_slice/gen_num_lanes[0].active_lane.lane_instance.i_fpnew_cast_multi/mem_q[7][sbe][ex][cause][0]_i_211/O
                         net (fo=2, unplaced)         0.358    15.797    i_ariane/i_cva6/ex_stage_i/fpu_gen.fpu_i/fpu_gen.i_fpnew_bulk/gen_operation_groups[3].i_opgroup_block/gen_merged_slice.i_multifmt_slice/gen_num_lanes[0].active_lane.lane_instance.i_fpnew_cast_multi/mem_q[7][sbe][ex][cause][0]_i_211_n_0
                         LUT5 (Prop_lut5_I1_O)        0.105    15.902 r  i_ariane/i_cva6/ex_stage_i/fpu_gen.fpu_i/fpu_gen.i_fpnew_bulk/gen_operation_groups[3].i_opgroup_block/gen_merged_slice.i_multifmt_slice/gen_num_lanes[0].active_lane.lane_instance.i_fpnew_cast_multi/mem_q[7][sbe][ex][cause][4]_i_80/O
                         net (fo=1, unplaced)         0.000    15.902    i_ariane/i_cva6/ex_stage_i/fpu_gen.fpu_i/fpu_gen.i_fpnew_bulk/gen_operation_groups[3].i_opgroup_block/gen_merged_slice.i_multifmt_slice/gen_num_lanes[0].active_lane.lane_instance.i_fpnew_cast_multi/mem_q[7][sbe][ex][cause][4]_i_80_n_0
                         MUXF7 (Prop_muxf7_I1_O)      0.206    16.108 r  i_ariane/i_cva6/ex_stage_i/fpu_gen.fpu_i/fpu_gen.i_fpnew_bulk/gen_operation_groups[3].i_opgroup_block/gen_merged_slice.i_multifmt_slice/gen_num_lanes[0].active_lane.lane_instance.i_fpnew_cast_multi/mem_q_reg[7][sbe][ex][cause][4]_i_52/O
                         net (fo=1, unplaced)         0.349    16.457    i_ariane/i_cva6/ex_stage_i/fpu_gen.fpu_i/fpu_gen.i_fpnew_bulk/gen_operation_groups[3].i_opgroup_block/gen_merged_slice.i_multifmt_slice/gen_num_lanes[0].active_lane.lane_instance.i_fpnew_cast_multi/mem_q_reg[7][sbe][ex][cause][4]_i_52_n_0
                         LUT6 (Prop_lut6_I0_O)        0.242    16.699 r  i_ariane/i_cva6/ex_stage_i/fpu_gen.fpu_i/fpu_gen.i_fpnew_bulk/gen_operation_groups[3].i_opgroup_block/gen_merged_slice.i_multifmt_slice/gen_num_lanes[0].active_lane.lane_instance.i_fpnew_cast_multi/mem_q[7][sbe][ex][cause][4]_i_36/O
                         net (fo=1, unplaced)         0.347    17.046    i_ariane/i_cva6/ex_stage_i/fpu_gen.fpu_i/fpu_gen.i_fpnew_bulk/gen_operation_groups[3].i_opgroup_block/gen_merged_slice.i_multifmt_slice/gen_num_lanes[0].active_lane.lane_instance.i_fpnew_cast_multi/of_after_round
                         LUT6 (Prop_lut6_I5_O)        0.105    17.151 r  i_ariane/i_cva6/ex_stage_i/fpu_gen.fpu_i/fpu_gen.i_fpnew_bulk/gen_operation_groups[3].i_opgroup_block/gen_merged_slice.i_multifmt_slice/gen_num_lanes[0].active_lane.lane_instance.i_fpnew_cast_multi/mem_q[7][sbe][ex][cause][4]_i_28/O
                         net (fo=3, unplaced)         0.365    17.516    i_ariane/i_cva6/ex_stage_i/fpu_gen.fpu_i/fpu_gen.i_fpnew_bulk/gen_operation_groups[3].i_opgroup_block/gen_merged_slice.i_multifmt_slice/gen_num_lanes[0].active_lane.lane_instance.i_fpnew_cast_multi/int_regular_status[NV]
                         LUT6 (Prop_lut6_I0_O)        0.105    17.621 r  i_ariane/i_cva6/ex_stage_i/fpu_gen.fpu_i/fpu_gen.i_fpnew_bulk/gen_operation_groups[3].i_opgroup_block/gen_merged_slice.i_multifmt_slice/gen_num_lanes[0].active_lane.lane_instance.i_fpnew_cast_multi/mem_q[7][sbe][ex][cause][0]_i_9/O
                         net (fo=66, unplaced)        0.436    18.057    i_ariane/i_cva6/ex_stage_i/fpu_gen.fpu_i/fpu_gen.i_fpnew_bulk/gen_operation_groups[3].i_opgroup_block/gen_merged_slice.i_multifmt_slice/gen_num_lanes[0].active_lane.lane_instance.i_fpnew_cast_multi/int_result_is_special
                         LUT6 (Prop_lut6_I4_O)        0.105    18.162 r  i_ariane/i_cva6/ex_stage_i/fpu_gen.fpu_i/fpu_gen.i_fpnew_bulk/gen_operation_groups[3].i_opgroup_block/gen_merged_slice.i_multifmt_slice/gen_num_lanes[0].active_lane.lane_instance.i_fpnew_cast_multi/mem_q[7][sbe][result][63]_i_32/O
                         net (fo=2, unplaced)         0.358    18.520    i_ariane/i_cva6/ex_stage_i/fpu_gen.fpu_i/fpu_gen.i_fpnew_bulk/gen_operation_groups[3].i_opgroup_block/gen_merged_slice.i_multifmt_slice/gen_num_lanes[0].active_lane.lane_instance.i_fpnew_cast_multi/int_result[63]
                         LUT2 (Prop_lut2_I0_O)        0.105    18.625 r  i_ariane/i_cva6/ex_stage_i/fpu_gen.fpu_i/fpu_gen.i_fpnew_bulk/gen_operation_groups[3].i_opgroup_block/gen_merged_slice.i_multifmt_slice/gen_num_lanes[0].active_lane.lane_instance.i_fpnew_cast_multi/mem_q[7][sbe][result][50]_i_13/O
                         net (fo=21, unplaced)        0.408    19.033    i_ariane/i_cva6/ex_stage_i/fpu_gen.fpu_i/fpu_gen.i_fpnew_bulk/gen_operation_groups[3].i_opgroup_block/gen_merged_slice.i_multifmt_slice/gen_num_lanes[0].active_lane.lane_instance.i_fpnew_cast_multi/mem_q[7][sbe][result][50]_i_13_n_0
                         LUT5 (Prop_lut5_I0_O)        0.105    19.138 r  i_ariane/i_cva6/ex_stage_i/fpu_gen.fpu_i/fpu_gen.i_fpnew_bulk/gen_operation_groups[3].i_opgroup_block/gen_merged_slice.i_multifmt_slice/gen_num_lanes[0].active_lane.lane_instance.i_fpnew_cast_multi/mem_q[7][sbe][result][50]_i_5/O
                         net (fo=40, unplaced)        0.424    19.562    i_ariane/i_cva6/ex_stage_i/fpu_gen.fpu_i/fpu_gen.i_fpnew_bulk/gen_operation_groups[3].i_opgroup_block/gen_merged_slice.i_multifmt_slice/gen_num_lanes[0].active_lane.lane_instance.i_fpnew_cast_multi/mem_q[7][sbe][result][50]_i_5_n_0
                         LUT6 (Prop_lut6_I5_O)        0.105    19.667 r  i_ariane/i_cva6/ex_stage_i/fpu_gen.fpu_i/fpu_gen.i_fpnew_bulk/gen_operation_groups[3].i_opgroup_block/gen_merged_slice.i_multifmt_slice/gen_num_lanes[0].active_lane.lane_instance.i_fpnew_cast_multi/mem_q[7][sbe][result][63]_i_15/O
                         net (fo=1, unplaced)         0.347    20.014    i_ariane/i_cva6/ex_stage_i/fpu_gen.fpu_i/fpu_gen.i_fpnew_bulk/gen_operation_groups[2].i_opgroup_block/gen_parallel_slices[0].active_format.i_fmt_slice/gen_num_lanes[0].active_lane.lane_instance.i_noncomp/opgrp_outputs[3][result][0]
                         LUT6 (Prop_lut6_I0_O)        0.105    20.119 r  i_ariane/i_cva6/ex_stage_i/fpu_gen.fpu_i/fpu_gen.i_fpnew_bulk/gen_operation_groups[2].i_opgroup_block/gen_parallel_slices[0].active_format.i_fmt_slice/gen_num_lanes[0].active_lane.lane_instance.i_noncomp/mem_q[7][sbe][result][63]_i_8/O
                         net (fo=1, unplaced)         0.000    20.119    i_ariane/i_cva6/ex_stage_i/fpu_gen.fpu_i/fpu_gen.i_fpnew_bulk/gen_operation_groups[0].i_opgroup_block/gen_parallel_slices[0].active_format.i_fmt_slice/gen_num_lanes[0].active_lane.lane_instance.i_fma/gen_arbiter.data_nodes[2][result][44]
                         MUXF7 (Prop_muxf7_I1_O)      0.206    20.325 r  i_ariane/i_cva6/ex_stage_i/fpu_gen.fpu_i/fpu_gen.i_fpnew_bulk/gen_operation_groups[0].i_opgroup_block/gen_parallel_slices[0].active_format.i_fmt_slice/gen_num_lanes[0].active_lane.lane_instance.i_fma/mem_q_reg[7][sbe][result][63]_i_4/O
                         net (fo=14, unplaced)        0.400    20.725    i_ariane/i_cva6/ex_stage_i/fpu_gen.fpu_i/fpu_gen.i_fpnew_bulk/gen_operation_groups[0].i_opgroup_block/gen_parallel_slices[0].active_format.i_fmt_slice/gen_num_lanes[0].active_lane.lane_instance.i_fma/gen_arbiter.gen_int_rr.rr_q_reg[1]_4
                         LUT2 (Prop_lut2_I0_O)        0.242    20.967 f  i_ariane/i_cva6/ex_stage_i/fpu_gen.fpu_i/fpu_gen.i_fpnew_bulk/gen_operation_groups[0].i_opgroup_block/gen_parallel_slices[0].active_format.i_fmt_slice/gen_num_lanes[0].active_lane.lane_instance.i_fma/fu_data_q[0][operand_a][63]_i_54/O
                         net (fo=3, unplaced)         0.365    21.332    i_ariane/i_cva6/ex_stage_i/fpu_gen.fpu_i/fpu_gen.i_fpnew_bulk/gen_operation_groups[3].i_opgroup_block/gen_merged_slice.i_multifmt_slice/gen_num_lanes[0].active_lane.lane_instance.i_fpnew_cast_multi/fu_data_q[0][imm][63]_i_10
                         LUT6 (Prop_lut6_I5_O)        0.105    21.437 f  i_ariane/i_cva6/ex_stage_i/fpu_gen.fpu_i/fpu_gen.i_fpnew_bulk/gen_operation_groups[3].i_opgroup_block/gen_merged_slice.i_multifmt_slice/gen_num_lanes[0].active_lane.lane_instance.i_fpnew_cast_multi/fu_data_q[0][operand_a][63]_i_24/O
                         net (fo=3, unplaced)         0.365    21.802    i_ariane/i_cva6/ex_stage_i/fpu_gen.fpu_i/fpu_gen.i_fpnew_bulk/gen_operation_groups[0].i_opgroup_block/gen_parallel_slices[0].active_format.i_fmt_slice/gen_num_lanes[0].active_lane.lane_instance.i_fma/fu_data_q_reg[0][operand_b][63]_i_5_0
                         LUT6 (Prop_lut6_I3_O)        0.105    21.907 f  i_ariane/i_cva6/ex_stage_i/fpu_gen.fpu_i/fpu_gen.i_fpnew_bulk/gen_operation_groups[0].i_opgroup_block/gen_parallel_slices[0].active_format.i_fmt_slice/gen_num_lanes[0].active_lane.lane_instance.i_fma/fu_data_q[0][operand_a][63]_i_7/O
                         net (fo=1, unplaced)         0.000    21.907    i_ariane/i_cva6/ex_stage_i/fpu_gen.fpu_i/fpu_gen.i_fpnew_bulk/gen_operation_groups[3].i_opgroup_block/gen_merged_slice.i_multifmt_slice/gen_num_lanes[0].active_lane.lane_instance.i_fpnew_cast_multi/fu_data_q_reg[0][operand_a][63]_0
                         MUXF7 (Prop_muxf7_I1_O)      0.206    22.113 f  i_ariane/i_cva6/ex_stage_i/fpu_gen.fpu_i/fpu_gen.i_fpnew_bulk/gen_operation_groups[3].i_opgroup_block/gen_merged_slice.i_multifmt_slice/gen_num_lanes[0].active_lane.lane_instance.i_fpnew_cast_multi/fu_data_q_reg[0][operand_a][63]_i_2/O
                         net (fo=1, unplaced)         0.349    22.462    i_ariane/i_cva6/id_stage_i/fu_data_q_reg[0][operand_a][63]
                         LUT6 (Prop_lut6_I0_O)        0.242    22.704 r  i_ariane/i_cva6/id_stage_i/fu_data_q[0][operand_a][63]_i_1/O
                         net (fo=2, unplaced)         0.000    22.704    i_ariane/i_cva6/ex_stage_i/vaddr_to_be_flushed_reg[63]_0[63]
                         FDCE                                         r  i_ariane/i_cva6/ex_stage_i/vaddr_to_be_flushed_reg[63]/D
  -------------------------------------------------------------------    -------------------

                         (clock clk_i rise edge)     10.000    10.000 r  
                                                      0.000    10.000 r  clk_i (IN)
                         net (fo=33654, unset)        0.748    10.748    i_ariane/i_cva6/ex_stage_i/clk_i
                         FDCE                                         r  i_ariane/i_cva6/ex_stage_i/vaddr_to_be_flushed_reg[63]/C
                         clock pessimism              0.000    10.748    
                         clock uncertainty           -0.035    10.712    
                         FDCE (Setup_fdce_C_D)        0.043    10.755    i_ariane/i_cva6/ex_stage_i/vaddr_to_be_flushed_reg[63]
  -------------------------------------------------------------------
                         required time                         10.755    
                         arrival time                         -22.704    
  -------------------------------------------------------------------
                         slack                                -11.949    

Slack (VIOLATED) :        -11.949ns  (required time - arrival time)
  Source:                 i_ariane/i_cva6/ex_stage_i/fpu_gen.fpu_i/fpu_gen.i_fpnew_bulk/gen_operation_groups[3].i_opgroup_block/gen_merged_slice.i_multifmt_slice/gen_num_lanes[0].active_lane.lane_instance.i_fpnew_cast_multi/gen_inside_pipeline[0].mid_pipe_dst_fmt_q_reg[1][2]_rep/C
                            (rising edge-triggered cell FDCE clocked by clk_i  {rise@0.000ns fall@5.000ns period=10.000ns})
  Destination:            i_ariane/i_cva6/ex_stage_i/vaddr_to_be_flushed_reg[63]/D
                            (rising edge-triggered cell FDCE clocked by clk_i  {rise@0.000ns fall@5.000ns period=10.000ns})
  Path Group:             clk_i
  Path Type:              Setup (Max at Slow Process Corner)
  Requirement:            10.000ns  (clk_i rise@10.000ns - clk_i rise@0.000ns)
  Data Path Delay:        21.917ns  (logic 8.887ns (40.548%)  route 13.030ns (59.452%))
  Logic Levels:           52  (CARRY4=23 LUT1=1 LUT2=2 LUT3=2 LUT4=1 LUT5=4 LUT6=16 MUXF7=3)
  Clock Path Skew:        -0.039ns (DCD - SCD + CPR)
    Destination Clock Delay (DCD):    0.748ns = ( 10.748 - 10.000 ) 
    Source Clock Delay      (SCD):    0.787ns
    Clock Pessimism Removal (CPR):    0.000ns
  Clock Uncertainty:      0.035ns  ((TSJ^2 + TIJ^2)^1/2 + DJ) / 2 + PE
    Total System Jitter     (TSJ):    0.071ns
    Total Input Jitter      (TIJ):    0.000ns
    Discrete Jitter          (DJ):    0.000ns
    Phase Error              (PE):    0.000ns

    Location             Delay type                Incr(ns)  Path(ns)    Netlist Resource(s)
  -------------------------------------------------------------------    -------------------
                         (clock clk_i rise edge)      0.000     0.000 r  
                                                      0.000     0.000 r  clk_i (IN)
                         net (fo=33654, unset)        0.787     0.787    i_ariane/i_cva6/ex_stage_i/fpu_gen.fpu_i/fpu_gen.i_fpnew_bulk/gen_operation_groups[3].i_opgroup_block/gen_merged_slice.i_multifmt_slice/gen_num_lanes[0].active_lane.lane_instance.i_fpnew_cast_multi/clk_i
                         FDCE                                         r  i_ariane/i_cva6/ex_stage_i/fpu_gen.fpu_i/fpu_gen.i_fpnew_bulk/gen_operation_groups[3].i_opgroup_block/gen_merged_slice.i_multifmt_slice/gen_num_lanes[0].active_lane.lane_instance.i_fpnew_cast_multi/gen_inside_pipeline[0].mid_pipe_dst_fmt_q_reg[1][2]_rep/C
  -------------------------------------------------------------------    -------------------
                         FDCE (Prop_fdce_C_Q)         0.397     1.184 r  i_ariane/i_cva6/ex_stage_i/fpu_gen.fpu_i/fpu_gen.i_fpnew_bulk/gen_operation_groups[3].i_opgroup_block/gen_merged_slice.i_multifmt_slice/gen_num_lanes[0].active_lane.lane_instance.i_fpnew_cast_multi/gen_inside_pipeline[0].mid_pipe_dst_fmt_q_reg[1][2]_rep/Q
                         net (fo=165, unplaced)       0.737     1.921    i_ariane/i_cva6/ex_stage_i/fpu_gen.fpu_i/fpu_gen.i_fpnew_bulk/gen_operation_groups[3].i_opgroup_block/gen_merged_slice.i_multifmt_slice/gen_num_lanes[0].active_lane.lane_instance.i_fpnew_cast_multi/gen_inside_pipeline[0].mid_pipe_dst_fmt_q_reg[1][2]_rep_n_0
                         LUT3 (Prop_lut3_I0_O)        0.232     2.153 r  i_ariane/i_cva6/ex_stage_i/fpu_gen.fpu_i/fpu_gen.i_fpnew_bulk/gen_operation_groups[3].i_opgroup_block/gen_merged_slice.i_multifmt_slice/gen_num_lanes[0].active_lane.lane_instance.i_fpnew_cast_multi/mem_q[7][sbe][result][59]_i_188/O
                         net (fo=1, unplaced)         0.258     2.411    i_ariane/i_cva6/ex_stage_i/fpu_gen.fpu_i/fpu_gen.i_fpnew_bulk/gen_operation_groups[3].i_opgroup_block/gen_merged_slice.i_multifmt_slice/gen_num_lanes[0].active_lane.lane_instance.i_fpnew_cast_multi/preshift_mant3[0]
                         CARRY4 (Prop_carry4_CYINIT_CO[3])
                                                      0.494     2.905 f  i_ariane/i_cva6/ex_stage_i/fpu_gen.fpu_i/fpu_gen.i_fpnew_bulk/gen_operation_groups[3].i_opgroup_block/gen_merged_slice.i_multifmt_slice/gen_num_lanes[0].active_lane.lane_instance.i_fpnew_cast_multi/mem_q_reg[7][sbe][result][59]_i_177/CO[3]
                         net (fo=1, unplaced)         0.000     2.905    i_ariane/i_cva6/ex_stage_i/fpu_gen.fpu_i/fpu_gen.i_fpnew_bulk/gen_operation_groups[3].i_opgroup_block/gen_merged_slice.i_multifmt_slice/gen_num_lanes[0].active_lane.lane_instance.i_fpnew_cast_multi/mem_q_reg[7][sbe][result][59]_i_177_n_0
                         CARRY4 (Prop_carry4_CI_CO[3])
                                                      0.100     3.005 r  i_ariane/i_cva6/ex_stage_i/fpu_gen.fpu_i/fpu_gen.i_fpnew_bulk/gen_operation_groups[3].i_opgroup_block/gen_merged_slice.i_multifmt_slice/gen_num_lanes[0].active_lane.lane_instance.i_fpnew_cast_multi/mem_q_reg[7][sbe][ex][cause][4]_i_139/CO[3]
                         net (fo=1, unplaced)         0.000     3.005    i_ariane/i_cva6/ex_stage_i/fpu_gen.fpu_i/fpu_gen.i_fpnew_bulk/gen_operation_groups[3].i_opgroup_block/gen_merged_slice.i_multifmt_slice/gen_num_lanes[0].active_lane.lane_instance.i_fpnew_cast_multi/mem_q_reg[7][sbe][ex][cause][4]_i_139_n_0
                         CARRY4 (Prop_carry4_CI_O[1])
                                                      0.269     3.274 f  i_ariane/i_cva6/ex_stage_i/fpu_gen.fpu_i/fpu_gen.i_fpnew_bulk/gen_operation_groups[3].i_opgroup_block/gen_merged_slice.i_multifmt_slice/gen_num_lanes[0].active_lane.lane_instance.i_fpnew_cast_multi/mem_q_reg[7][sbe][ex][cause][4]_i_100/O[1]
                         net (fo=3, unplaced)         0.490     3.764    i_ariane/i_cva6/ex_stage_i/fpu_gen.fpu_i/fpu_gen.i_fpnew_bulk/gen_operation_groups[3].i_opgroup_block/gen_merged_slice.i_multifmt_slice/gen_num_lanes[0].active_lane.lane_instance.i_fpnew_cast_multi/mem_q_reg[7][sbe][ex][cause][4]_i_100_n_6
                         LUT4 (Prop_lut4_I1_O)        0.266     4.030 r  i_ariane/i_cva6/ex_stage_i/fpu_gen.fpu_i/fpu_gen.i_fpnew_bulk/gen_operation_groups[3].i_opgroup_block/gen_merged_slice.i_multifmt_slice/gen_num_lanes[0].active_lane.lane_instance.i_fpnew_cast_multi/mem_q[7][sbe][ex][cause][4]_i_94/O
                         net (fo=1, unplaced)         0.000     4.030    i_ariane/i_cva6/ex_stage_i/fpu_gen.fpu_i/fpu_gen.i_fpnew_bulk/gen_operation_groups[3].i_opgroup_block/gen_merged_slice.i_multifmt_slice/gen_num_lanes[0].active_lane.lane_instance.i_fpnew_cast_multi/mem_q[7][sbe][ex][cause][4]_i_94_n_0
                         CARRY4 (Prop_carry4_DI[1]_CO[3])
                                                      0.451     4.481 r  i_ariane/i_cva6/ex_stage_i/fpu_gen.fpu_i/fpu_gen.i_fpnew_bulk/gen_operation_groups[3].i_opgroup_block/gen_merged_slice.i_multifmt_slice/gen_num_lanes[0].active_lane.lane_instance.i_fpnew_cast_multi/mem_q_reg[7][sbe][ex][cause][4]_i_58/CO[3]
                         net (fo=1, unplaced)         0.000     4.481    i_ariane/i_cva6/ex_stage_i/fpu_gen.fpu_i/fpu_gen.i_fpnew_bulk/gen_operation_groups[3].i_opgroup_block/gen_merged_slice.i_multifmt_slice/gen_num_lanes[0].active_lane.lane_instance.i_fpnew_cast_multi/mem_q_reg[7][sbe][ex][cause][4]_i_58_n_0
                         CARRY4 (Prop_carry4_CI_CO[3])
                                                      0.100     4.581 r  i_ariane/i_cva6/ex_stage_i/fpu_gen.fpu_i/fpu_gen.i_fpnew_bulk/gen_operation_groups[3].i_opgroup_block/gen_merged_slice.i_multifmt_slice/gen_num_lanes[0].active_lane.lane_instance.i_fpnew_cast_multi/mem_q_reg[7][sbe][ex][cause][4]_i_40/CO[3]
                         net (fo=1, unplaced)         0.000     4.581    i_ariane/i_cva6/ex_stage_i/fpu_gen.fpu_i/fpu_gen.i_fpnew_bulk/gen_operation_groups[3].i_opgroup_block/gen_merged_slice.i_multifmt_slice/gen_num_lanes[0].active_lane.lane_instance.i_fpnew_cast_multi/mem_q_reg[7][sbe][ex][cause][4]_i_40_n_0
                         CARRY4 (Prop_carry4_CI_CO[3])
                                                      0.100     4.681 r  i_ariane/i_cva6/ex_stage_i/fpu_gen.fpu_i/fpu_gen.i_fpnew_bulk/gen_operation_groups[3].i_opgroup_block/gen_merged_slice.i_multifmt_slice/gen_num_lanes[0].active_lane.lane_instance.i_fpnew_cast_multi/mem_q_reg[7][sbe][ex][cause][4]_i_34/CO[3]
                         net (fo=146, unplaced)       0.719     5.400    i_ariane/i_cva6/ex_stage_i/fpu_gen.fpu_i/fpu_gen.i_fpnew_bulk/gen_operation_groups[3].i_opgroup_block/gen_merged_slice.i_multifmt_slice/gen_num_lanes[0].active_lane.lane_instance.i_fpnew_cast_multi/preshift_mant1
                         LUT5 (Prop_lut5_I2_O)        0.105     5.505 r  i_ariane/i_cva6/ex_stage_i/fpu_gen.fpu_i/fpu_gen.i_fpnew_bulk/gen_operation_groups[3].i_opgroup_block/gen_merged_slice.i_multifmt_slice/gen_num_lanes[0].active_lane.lane_instance.i_fpnew_cast_multi/mem_q[7][sbe][ex][cause][0]_i_331/O
                         net (fo=4, unplaced)         0.802     6.307    i_ariane/i_cva6/ex_stage_i/fpu_gen.fpu_i/fpu_gen.i_fpnew_bulk/gen_operation_groups[3].i_opgroup_block/gen_merged_slice.i_multifmt_slice/gen_num_lanes[0].active_lane.lane_instance.i_fpnew_cast_multi/preshift_mant[90]
                         LUT5 (Prop_lut5_I0_O)        0.105     6.412 r  i_ariane/i_cva6/ex_stage_i/fpu_gen.fpu_i/fpu_gen.i_fpnew_bulk/gen_operation_groups[3].i_opgroup_block/gen_merged_slice.i_multifmt_slice/gen_num_lanes[0].active_lane.lane_instance.i_fpnew_cast_multi/mem_q[7][sbe][ex][cause][0]_i_566/O
                         net (fo=4, unplaced)         0.606     7.018    i_ariane/i_cva6/ex_stage_i/fpu_gen.fpu_i/fpu_gen.i_fpnew_bulk/gen_operation_groups[3].i_opgroup_block/gen_merged_slice.i_multifmt_slice/gen_num_lanes[0].active_lane.lane_instance.i_fpnew_cast_multi/mem_q[7][sbe][ex][cause][0]_i_566_n_0
                         LUT6 (Prop_lut6_I1_O)        0.105     7.123 r  i_ariane/i_cva6/ex_stage_i/fpu_gen.fpu_i/fpu_gen.i_fpnew_bulk/gen_operation_groups[3].i_opgroup_block/gen_merged_slice.i_multifmt_slice/gen_num_lanes[0].active_lane.lane_instance.i_fpnew_cast_multi/mem_q[7][sbe][ex][cause][0]_i_415/O
                         net (fo=4, unplaced)         0.606     7.729    i_ariane/i_cva6/ex_stage_i/fpu_gen.fpu_i/fpu_gen.i_fpnew_bulk/gen_operation_groups[3].i_opgroup_block/gen_merged_slice.i_multifmt_slice/gen_num_lanes[0].active_lane.lane_instance.i_fpnew_cast_multi/mem_q[7][sbe][ex][cause][0]_i_415_n_0
                         LUT6 (Prop_lut6_I1_O)        0.105     7.834 r  i_ariane/i_cva6/ex_stage_i/fpu_gen.fpu_i/fpu_gen.i_fpnew_bulk/gen_operation_groups[3].i_opgroup_block/gen_merged_slice.i_multifmt_slice/gen_num_lanes[0].active_lane.lane_instance.i_fpnew_cast_multi/mem_q[7][sbe][ex][cause][0]_i_179/O
                         net (fo=3, unplaced)         0.796     8.630    i_ariane/i_cva6/ex_stage_i/fpu_gen.fpu_i/fpu_gen.i_fpnew_bulk/gen_operation_groups[3].i_opgroup_block/gen_merged_slice.i_multifmt_slice/gen_num_lanes[0].active_lane.lane_instance.i_fpnew_cast_multi/mem_q[7][sbe][ex][cause][0]_i_179_n_0
                         LUT6 (Prop_lut6_I0_O)        0.105     8.735 r  i_ariane/i_cva6/ex_stage_i/fpu_gen.fpu_i/fpu_gen.i_fpnew_bulk/gen_operation_groups[3].i_opgroup_block/gen_merged_slice.i_multifmt_slice/gen_num_lanes[0].active_lane.lane_instance.i_fpnew_cast_multi/mem_q[7][sbe][ex][cause][0]_i_225/O
                         net (fo=1, unplaced)         0.782     9.517    i_ariane/i_cva6/ex_stage_i/fpu_gen.fpu_i/fpu_gen.i_fpnew_bulk/gen_operation_groups[3].i_opgroup_block/gen_merged_slice.i_multifmt_slice/gen_num_lanes[0].active_lane.lane_instance.i_fpnew_cast_multi/mem_q[7][sbe][ex][cause][0]_i_225_n_0
                         LUT6 (Prop_lut6_I0_O)        0.105     9.622 r  i_ariane/i_cva6/ex_stage_i/fpu_gen.fpu_i/fpu_gen.i_fpnew_bulk/gen_operation_groups[3].i_opgroup_block/gen_merged_slice.i_multifmt_slice/gen_num_lanes[0].active_lane.lane_instance.i_fpnew_cast_multi/mem_q[7][sbe][ex][cause][0]_i_81/O
                         net (fo=1, unplaced)         0.778    10.400    i_ariane/i_cva6/ex_stage_i/fpu_gen.fpu_i/fpu_gen.i_fpnew_bulk/gen_operation_groups[3].i_opgroup_block/gen_merged_slice.i_multifmt_slice/gen_num_lanes[0].active_lane.lane_instance.i_fpnew_cast_multi/mem_q[7][sbe][ex][cause][0]_i_81_n_0
                         LUT6 (Prop_lut6_I1_O)        0.105    10.505 r  i_ariane/i_cva6/ex_stage_i/fpu_gen.fpu_i/fpu_gen.i_fpnew_bulk/gen_operation_groups[3].i_opgroup_block/gen_merged_slice.i_multifmt_slice/gen_num_lanes[0].active_lane.lane_instance.i_fpnew_cast_multi/mem_q[7][sbe][ex][cause][0]_i_25/O
                         net (fo=4, unplaced)         0.606    11.111    i_ariane/i_cva6/ex_stage_i/fpu_gen.fpu_i/fpu_gen.i_fpnew_bulk/gen_operation_groups[3].i_opgroup_block/gen_merged_slice.i_multifmt_slice/gen_num_lanes[0].active_lane.lane_instance.i_fpnew_cast_multi/fp_round_sticky_bits[0]
                         LUT6 (Prop_lut6_I0_O)        0.105    11.216 r  i_ariane/i_cva6/ex_stage_i/fpu_gen.fpu_i/fpu_gen.i_fpnew_bulk/gen_operation_groups[3].i_opgroup_block/gen_merged_slice.i_multifmt_slice/gen_num_lanes[0].active_lane.lane_instance.i_fpnew_cast_multi/mem_q[7][sbe][result][0]_i_174/O
                         net (fo=1, unplaced)         0.347    11.563    i_ariane/i_cva6/ex_stage_i/fpu_gen.fpu_i/fpu_gen.i_fpnew_bulk/gen_operation_groups[3].i_opgroup_block/gen_merged_slice.i_multifmt_slice/gen_num_lanes[0].active_lane.lane_instance.i_fpnew_cast_multi/mem_q[7][sbe][result][0]_i_174_n_0
                         LUT6 (Prop_lut6_I5_O)        0.105    11.668 r  i_ariane/i_cva6/ex_stage_i/fpu_gen.fpu_i/fpu_gen.i_fpnew_bulk/gen_operation_groups[3].i_opgroup_block/gen_merged_slice.i_multifmt_slice/gen_num_lanes[0].active_lane.lane_instance.i_fpnew_cast_multi/mem_q[7][sbe][result][0]_i_114/O
                         net (fo=1, unplaced)         0.000    11.668    i_ariane/i_cva6/ex_stage_i/fpu_gen.fpu_i/fpu_gen.i_fpnew_bulk/gen_operation_groups[3].i_opgroup_block/gen_merged_slice.i_multifmt_slice/gen_num_lanes[0].active_lane.lane_instance.i_fpnew_cast_multi/mem_q[7][sbe][result][0]_i_114_n_0
                         CARRY4 (Prop_carry4_S[0]_CO[3])
                                                      0.423    12.091 r  i_ariane/i_cva6/ex_stage_i/fpu_gen.fpu_i/fpu_gen.i_fpnew_bulk/gen_operation_groups[3].i_opgroup_block/gen_merged_slice.i_multifmt_slice/gen_num_lanes[0].active_lane.lane_instance.i_fpnew_cast_multi/mem_q_reg[7][sbe][result][0]_i_66/CO[3]
                         net (fo=1, unplaced)         0.000    12.091    i_ariane/i_cva6/ex_stage_i/fpu_gen.fpu_i/fpu_gen.i_fpnew_bulk/gen_operation_groups[3].i_opgroup_block/gen_merged_slice.i_multifmt_slice/gen_num_lanes[0].active_lane.lane_instance.i_fpnew_cast_multi/mem_q_reg[7][sbe][result][0]_i_66_n_0
                         CARRY4 (Prop_carry4_CI_CO[3])
                                                      0.100    12.191 r  i_ariane/i_cva6/ex_stage_i/fpu_gen.fpu_i/fpu_gen.i_fpnew_bulk/gen_operation_groups[3].i_opgroup_block/gen_merged_slice.i_multifmt_slice/gen_num_lanes[0].active_lane.lane_instance.i_fpnew_cast_multi/mem_q_reg[7][sbe][result][7]_i_77/CO[3]
                         net (fo=1, unplaced)         0.000    12.191    i_ariane/i_cva6/ex_stage_i/fpu_gen.fpu_i/fpu_gen.i_fpnew_bulk/gen_operation_groups[3].i_opgroup_block/gen_merged_slice.i_multifmt_slice/gen_num_lanes[0].active_lane.lane_instance.i_fpnew_cast_multi/mem_q_reg[7][sbe][result][7]_i_77_n_0
                         CARRY4 (Prop_carry4_CI_CO[3])
                                                      0.100    12.291 r  i_ariane/i_cva6/ex_stage_i/fpu_gen.fpu_i/fpu_gen.i_fpnew_bulk/gen_operation_groups[3].i_opgroup_block/gen_merged_slice.i_multifmt_slice/gen_num_lanes[0].active_lane.lane_instance.i_fpnew_cast_multi/mem_q_reg[7][sbe][result][11]_i_56/CO[3]
                         net (fo=1, unplaced)         0.000    12.291    i_ariane/i_cva6/ex_stage_i/fpu_gen.fpu_i/fpu_gen.i_fpnew_bulk/gen_operation_groups[3].i_opgroup_block/gen_merged_slice.i_multifmt_slice/gen_num_lanes[0].active_lane.lane_instance.i_fpnew_cast_multi/mem_q_reg[7][sbe][result][11]_i_56_n_0
                         CARRY4 (Prop_carry4_CI_CO[3])
                                                      0.100    12.391 r  i_ariane/i_cva6/ex_stage_i/fpu_gen.fpu_i/fpu_gen.i_fpnew_bulk/gen_operation_groups[3].i_opgroup_block/gen_merged_slice.i_multifmt_slice/gen_num_lanes[0].active_lane.lane_instance.i_fpnew_cast_multi/mem_q_reg[7][sbe][result][15]_i_77/CO[3]
                         net (fo=1, unplaced)         0.000    12.391    i_ariane/i_cva6/ex_stage_i/fpu_gen.fpu_i/fpu_gen.i_fpnew_bulk/gen_operation_groups[3].i_opgroup_block/gen_merged_slice.i_multifmt_slice/gen_num_lanes[0].active_lane.lane_instance.i_fpnew_cast_multi/mem_q_reg[7][sbe][result][15]_i_77_n_0
                         CARRY4 (Prop_carry4_CI_CO[3])
                                                      0.100    12.491 r  i_ariane/i_cva6/ex_stage_i/fpu_gen.fpu_i/fpu_gen.i_fpnew_bulk/gen_operation_groups[3].i_opgroup_block/gen_merged_slice.i_multifmt_slice/gen_num_lanes[0].active_lane.lane_instance.i_fpnew_cast_multi/mem_q_reg[7][sbe][result][19]_i_57/CO[3]
                         net (fo=1, unplaced)         0.000    12.491    i_ariane/i_cva6/ex_stage_i/fpu_gen.fpu_i/fpu_gen.i_fpnew_bulk/gen_operation_groups[3].i_opgroup_block/gen_merged_slice.i_multifmt_slice/gen_num_lanes[0].active_lane.lane_instance.i_fpnew_cast_multi/mem_q_reg[7][sbe][result][19]_i_57_n_0
                         CARRY4 (Prop_carry4_CI_CO[3])
                                                      0.100    12.591 r  i_ariane/i_cva6/ex_stage_i/fpu_gen.fpu_i/fpu_gen.i_fpnew_bulk/gen_operation_groups[3].i_opgroup_block/gen_merged_slice.i_multifmt_slice/gen_num_lanes[0].active_lane.lane_instance.i_fpnew_cast_multi/mem_q_reg[7][sbe][result][23]_i_77/CO[3]
                         net (fo=1, unplaced)         0.000    12.591    i_ariane/i_cva6/ex_stage_i/fpu_gen.fpu_i/fpu_gen.i_fpnew_bulk/gen_operation_groups[3].i_opgroup_block/gen_merged_slice.i_multifmt_slice/gen_num_lanes[0].active_lane.lane_instance.i_fpnew_cast_multi/mem_q_reg[7][sbe][result][23]_i_77_n_0
                         CARRY4 (Prop_carry4_CI_CO[3])
                                                      0.100    12.691 r  i_ariane/i_cva6/ex_stage_i/fpu_gen.fpu_i/fpu_gen.i_fpnew_bulk/gen_operation_groups[3].i_opgroup_block/gen_merged_slice.i_multifmt_slice/gen_num_lanes[0].active_lane.lane_instance.i_fpnew_cast_multi/mem_q_reg[7][sbe][ex][cause][1]_i_27/CO[3]
                         net (fo=1, unplaced)         0.000    12.691    i_ariane/i_cva6/ex_stage_i/fpu_gen.fpu_i/fpu_gen.i_fpnew_bulk/gen_operation_groups[3].i_opgroup_block/gen_merged_slice.i_multifmt_slice/gen_num_lanes[0].active_lane.lane_instance.i_fpnew_cast_multi/mem_q_reg[7][sbe][ex][cause][1]_i_27_n_0
                         CARRY4 (Prop_carry4_CI_CO[3])
                                                      0.100    12.791 r  i_ariane/i_cva6/ex_stage_i/fpu_gen.fpu_i/fpu_gen.i_fpnew_bulk/gen_operation_groups[3].i_opgroup_block/gen_merged_slice.i_multifmt_slice/gen_num_lanes[0].active_lane.lane_instance.i_fpnew_cast_multi/mem_q_reg[7][sbe][result][35]_i_47/CO[3]
                         net (fo=1, unplaced)         0.000    12.791    i_ariane/i_cva6/ex_stage_i/fpu_gen.fpu_i/fpu_gen.i_fpnew_bulk/gen_operation_groups[3].i_opgroup_block/gen_merged_slice.i_multifmt_slice/gen_num_lanes[0].active_lane.lane_instance.i_fpnew_cast_multi/mem_q_reg[7][sbe][result][35]_i_47_n_0
                         CARRY4 (Prop_carry4_CI_CO[3])
                                                      0.100    12.891 r  i_ariane/i_cva6/ex_stage_i/fpu_gen.fpu_i/fpu_gen.i_fpnew_bulk/gen_operation_groups[3].i_opgroup_block/gen_merged_slice.i_multifmt_slice/gen_num_lanes[0].active_lane.lane_instance.i_fpnew_cast_multi/mem_q_reg[7][sbe][result][35]_i_27/CO[3]
                         net (fo=1, unplaced)         0.000    12.891    i_ariane/i_cva6/ex_stage_i/fpu_gen.fpu_i/fpu_gen.i_fpnew_bulk/gen_operation_groups[3].i_opgroup_block/gen_merged_slice.i_multifmt_slice/gen_num_lanes[0].active_lane.lane_instance.i_fpnew_cast_multi/mem_q_reg[7][sbe][result][35]_i_27_n_0
                         CARRY4 (Prop_carry4_CI_CO[3])
                                                      0.100    12.991 r  i_ariane/i_cva6/ex_stage_i/fpu_gen.fpu_i/fpu_gen.i_fpnew_bulk/gen_operation_groups[3].i_opgroup_block/gen_merged_slice.i_multifmt_slice/gen_num_lanes[0].active_lane.lane_instance.i_fpnew_cast_multi/mem_q_reg[7][sbe][result][39]_i_16/CO[3]
                         net (fo=1, unplaced)         0.000    12.991    i_ariane/i_cva6/ex_stage_i/fpu_gen.fpu_i/fpu_gen.i_fpnew_bulk/gen_operation_groups[3].i_opgroup_block/gen_merged_slice.i_multifmt_slice/gen_num_lanes[0].active_lane.lane_instance.i_fpnew_cast_multi/mem_q_reg[7][sbe][result][39]_i_16_n_0
                         CARRY4 (Prop_carry4_CI_CO[3])
                                                      0.100    13.091 r  i_ariane/i_cva6/ex_stage_i/fpu_gen.fpu_i/fpu_gen.i_fpnew_bulk/gen_operation_groups[3].i_opgroup_block/gen_merged_slice.i_multifmt_slice/gen_num_lanes[0].active_lane.lane_instance.i_fpnew_cast_multi/mem_q_reg[7][sbe][result][43]_i_18/CO[3]
                         net (fo=1, unplaced)         0.000    13.091    i_ariane/i_cva6/ex_stage_i/fpu_gen.fpu_i/fpu_gen.i_fpnew_bulk/gen_operation_groups[3].i_opgroup_block/gen_merged_slice.i_multifmt_slice/gen_num_lanes[0].active_lane.lane_instance.i_fpnew_cast_multi/mem_q_reg[7][sbe][result][43]_i_18_n_0
                         CARRY4 (Prop_carry4_CI_CO[3])
                                                      0.100    13.191 r  i_ariane/i_cva6/ex_stage_i/fpu_gen.fpu_i/fpu_gen.i_fpnew_bulk/gen_operation_groups[3].i_opgroup_block/gen_merged_slice.i_multifmt_slice/gen_num_lanes[0].active_lane.lane_instance.i_fpnew_cast_multi/mem_q_reg[7][sbe][result][47]_i_21/CO[3]
                         net (fo=1, unplaced)         0.000    13.191    i_ariane/i_cva6/ex_stage_i/fpu_gen.fpu_i/fpu_gen.i_fpnew_bulk/gen_operation_groups[3].i_opgroup_block/gen_merged_slice.i_multifmt_slice/gen_num_lanes[0].active_lane.lane_instance.i_fpnew_cast_multi/mem_q_reg[7][sbe][result][47]_i_21_n_0
                         CARRY4 (Prop_carry4_CI_CO[3])
                                                      0.100    13.291 r  i_ariane/i_cva6/ex_stage_i/fpu_gen.fpu_i/fpu_gen.i_fpnew_bulk/gen_operation_groups[3].i_opgroup_block/gen_merged_slice.i_multifmt_slice/gen_num_lanes[0].active_lane.lane_instance.i_fpnew_cast_multi/mem_q_reg[7][sbe][result][50]_i_20/CO[3]
                         net (fo=1, unplaced)         0.000    13.291    i_ariane/i_cva6/ex_stage_i/fpu_gen.fpu_i/fpu_gen.i_fpnew_bulk/gen_operation_groups[3].i_opgroup_block/gen_merged_slice.i_multifmt_slice/gen_num_lanes[0].active_lane.lane_instance.i_fpnew_cast_multi/mem_q_reg[7][sbe][result][50]_i_20_n_0
                         CARRY4 (Prop_carry4_CI_CO[3])
                                                      0.100    13.391 r  i_ariane/i_cva6/ex_stage_i/fpu_gen.fpu_i/fpu_gen.i_fpnew_bulk/gen_operation_groups[3].i_opgroup_block/gen_merged_slice.i_multifmt_slice/gen_num_lanes[0].active_lane.lane_instance.i_fpnew_cast_multi/mem_q_reg[7][sbe][result][55]_i_25/CO[3]
                         net (fo=1, unplaced)         0.000    13.391    i_ariane/i_cva6/ex_stage_i/fpu_gen.fpu_i/fpu_gen.i_fpnew_bulk/gen_operation_groups[3].i_opgroup_block/gen_merged_slice.i_multifmt_slice/gen_num_lanes[0].active_lane.lane_instance.i_fpnew_cast_multi/mem_q_reg[7][sbe][result][55]_i_25_n_0
                         CARRY4 (Prop_carry4_CI_O[2])
                                                      0.214    13.605 f  i_ariane/i_cva6/ex_stage_i/fpu_gen.fpu_i/fpu_gen.i_fpnew_bulk/gen_operation_groups[3].i_opgroup_block/gen_merged_slice.i_multifmt_slice/gen_num_lanes[0].active_lane.lane_instance.i_fpnew_cast_multi/mem_q_reg[7][sbe][result][59]_i_28/O[2]
                         net (fo=6, unplaced)         0.381    13.986    i_ariane/i_cva6/ex_stage_i/fpu_gen.fpu_i/fpu_gen.i_fpnew_bulk/gen_operation_groups[3].i_opgroup_block/gen_merged_slice.i_multifmt_slice/gen_num_lanes[0].active_lane.lane_instance.i_fpnew_cast_multi/rounded_abs[58]
                         LUT1 (Prop_lut1_I0_O)        0.244    14.230 r  i_ariane/i_cva6/ex_stage_i/fpu_gen.fpu_i/fpu_gen.i_fpnew_bulk/gen_operation_groups[3].i_opgroup_block/gen_merged_slice.i_multifmt_slice/gen_num_lanes[0].active_lane.lane_instance.i_fpnew_cast_multi/mem_q[7][sbe][result][60]_i_105/O
                         net (fo=1, unplaced)         0.000    14.230    i_ariane/i_cva6/ex_stage_i/fpu_gen.fpu_i/fpu_gen.i_fpnew_bulk/gen_operation_groups[3].i_opgroup_block/gen_merged_slice.i_multifmt_slice/gen_num_lanes[0].active_lane.lane_instance.i_fpnew_cast_multi/mem_q[7][sbe][result][60]_i_105_n_0
                         CARRY4 (Prop_carry4_S[1]_CO[3])
                                                      0.444    14.674 r  i_ariane/i_cva6/ex_stage_i/fpu_gen.fpu_i/fpu_gen.i_fpnew_bulk/gen_operation_groups[3].i_opgroup_block/gen_merged_slice.i_multifmt_slice/gen_num_lanes[0].active_lane.lane_instance.i_fpnew_cast_multi/mem_q_reg[7][sbe][result][60]_i_51/CO[3]
                         net (fo=1, unplaced)         0.000    14.674    i_ariane/i_cva6/ex_stage_i/fpu_gen.fpu_i/fpu_gen.i_fpnew_bulk/gen_operation_groups[3].i_opgroup_block/gen_merged_slice.i_multifmt_slice/gen_num_lanes[0].active_lane.lane_instance.i_fpnew_cast_multi/mem_q_reg[7][sbe][result][60]_i_51_n_0
                         CARRY4 (Prop_carry4_CI_O[1])
                                                      0.269    14.943 f  i_ariane/i_cva6/ex_stage_i/fpu_gen.fpu_i/fpu_gen.i_fpnew_bulk/gen_operation_groups[3].i_opgroup_block/gen_merged_slice.i_multifmt_slice/gen_num_lanes[0].active_lane.lane_instance.i_fpnew_cast_multi/mem_q_reg[7][sbe][result][62]_i_30/O[1]
                         net (fo=2, unplaced)         0.251    15.194    i_ariane/i_cva6/ex_stage_i/fpu_gen.fpu_i/fpu_gen.i_fpnew_bulk/gen_operation_groups[3].i_opgroup_block/gen_merged_slice.i_multifmt_slice/gen_num_lanes[0].active_lane.lane_instance.i_fpnew_cast_multi/rounded_int_res0[62]
                         LUT3 (Prop_lut3_I0_O)        0.245    15.439 f  i_ariane/i_cva6/ex_stage_i/fpu_gen.fpu_i/fpu_gen.i_fpnew_bulk/gen_operation_groups[3].i_opgroup_block/gen_merged_slice.i_multifmt_slice/gen_num_lanes[0].active_lane.lane_instance.i_fpnew_cast_multi/mem_q[7][sbe][ex][cause][0]_i_211/O
                         net (fo=2, unplaced)         0.358    15.797    i_ariane/i_cva6/ex_stage_i/fpu_gen.fpu_i/fpu_gen.i_fpnew_bulk/gen_operation_groups[3].i_opgroup_block/gen_merged_slice.i_multifmt_slice/gen_num_lanes[0].active_lane.lane_instance.i_fpnew_cast_multi/mem_q[7][sbe][ex][cause][0]_i_211_n_0
                         LUT5 (Prop_lut5_I1_O)        0.105    15.902 r  i_ariane/i_cva6/ex_stage_i/fpu_gen.fpu_i/fpu_gen.i_fpnew_bulk/gen_operation_groups[3].i_opgroup_block/gen_merged_slice.i_multifmt_slice/gen_num_lanes[0].active_lane.lane_instance.i_fpnew_cast_multi/mem_q[7][sbe][ex][cause][4]_i_80/O
                         net (fo=1, unplaced)         0.000    15.902    i_ariane/i_cva6/ex_stage_i/fpu_gen.fpu_i/fpu_gen.i_fpnew_bulk/gen_operation_groups[3].i_opgroup_block/gen_merged_slice.i_multifmt_slice/gen_num_lanes[0].active_lane.lane_instance.i_fpnew_cast_multi/mem_q[7][sbe][ex][cause][4]_i_80_n_0
                         MUXF7 (Prop_muxf7_I1_O)      0.206    16.108 r  i_ariane/i_cva6/ex_stage_i/fpu_gen.fpu_i/fpu_gen.i_fpnew_bulk/gen_operation_groups[3].i_opgroup_block/gen_merged_slice.i_multifmt_slice/gen_num_lanes[0].active_lane.lane_instance.i_fpnew_cast_multi/mem_q_reg[7][sbe][ex][cause][4]_i_52/O
                         net (fo=1, unplaced)         0.349    16.457    i_ariane/i_cva6/ex_stage_i/fpu_gen.fpu_i/fpu_gen.i_fpnew_bulk/gen_operation_groups[3].i_opgroup_block/gen_merged_slice.i_multifmt_slice/gen_num_lanes[0].active_lane.lane_instance.i_fpnew_cast_multi/mem_q_reg[7][sbe][ex][cause][4]_i_52_n_0
                         LUT6 (Prop_lut6_I0_O)        0.242    16.699 r  i_ariane/i_cva6/ex_stage_i/fpu_gen.fpu_i/fpu_gen.i_fpnew_bulk/gen_operation_groups[3].i_opgroup_block/gen_merged_slice.i_multifmt_slice/gen_num_lanes[0].active_lane.lane_instance.i_fpnew_cast_multi/mem_q[7][sbe][ex][cause][4]_i_36/O
                         net (fo=1, unplaced)         0.347    17.046    i_ariane/i_cva6/ex_stage_i/fpu_gen.fpu_i/fpu_gen.i_fpnew_bulk/gen_operation_groups[3].i_opgroup_block/gen_merged_slice.i_multifmt_slice/gen_num_lanes[0].active_lane.lane_instance.i_fpnew_cast_multi/of_after_round
                         LUT6 (Prop_lut6_I5_O)        0.105    17.151 r  i_ariane/i_cva6/ex_stage_i/fpu_gen.fpu_i/fpu_gen.i_fpnew_bulk/gen_operation_groups[3].i_opgroup_block/gen_merged_slice.i_multifmt_slice/gen_num_lanes[0].active_lane.lane_instance.i_fpnew_cast_multi/mem_q[7][sbe][ex][cause][4]_i_28/O
                         net (fo=3, unplaced)         0.365    17.516    i_ariane/i_cva6/ex_stage_i/fpu_gen.fpu_i/fpu_gen.i_fpnew_bulk/gen_operation_groups[3].i_opgroup_block/gen_merged_slice.i_multifmt_slice/gen_num_lanes[0].active_lane.lane_instance.i_fpnew_cast_multi/int_regular_status[NV]
                         LUT6 (Prop_lut6_I0_O)        0.105    17.621 r  i_ariane/i_cva6/ex_stage_i/fpu_gen.fpu_i/fpu_gen.i_fpnew_bulk/gen_operation_groups[3].i_opgroup_block/gen_merged_slice.i_multifmt_slice/gen_num_lanes[0].active_lane.lane_instance.i_fpnew_cast_multi/mem_q[7][sbe][ex][cause][0]_i_9/O
                         net (fo=66, unplaced)        0.436    18.057    i_ariane/i_cva6/ex_stage_i/fpu_gen.fpu_i/fpu_gen.i_fpnew_bulk/gen_operation_groups[3].i_opgroup_block/gen_merged_slice.i_multifmt_slice/gen_num_lanes[0].active_lane.lane_instance.i_fpnew_cast_multi/int_result_is_special
                         LUT6 (Prop_lut6_I4_O)        0.105    18.162 r  i_ariane/i_cva6/ex_stage_i/fpu_gen.fpu_i/fpu_gen.i_fpnew_bulk/gen_operation_groups[3].i_opgroup_block/gen_merged_slice.i_multifmt_slice/gen_num_lanes[0].active_lane.lane_instance.i_fpnew_cast_multi/mem_q[7][sbe][result][63]_i_32/O
                         net (fo=2, unplaced)         0.358    18.520    i_ariane/i_cva6/ex_stage_i/fpu_gen.fpu_i/fpu_gen.i_fpnew_bulk/gen_operation_groups[3].i_opgroup_block/gen_merged_slice.i_multifmt_slice/gen_num_lanes[0].active_lane.lane_instance.i_fpnew_cast_multi/int_result[63]
                         LUT2 (Prop_lut2_I0_O)        0.105    18.625 r  i_ariane/i_cva6/ex_stage_i/fpu_gen.fpu_i/fpu_gen.i_fpnew_bulk/gen_operation_groups[3].i_opgroup_block/gen_merged_slice.i_multifmt_slice/gen_num_lanes[0].active_lane.lane_instance.i_fpnew_cast_multi/mem_q[7][sbe][result][50]_i_13/O
                         net (fo=21, unplaced)        0.408    19.033    i_ariane/i_cva6/ex_stage_i/fpu_gen.fpu_i/fpu_gen.i_fpnew_bulk/gen_operation_groups[3].i_opgroup_block/gen_merged_slice.i_multifmt_slice/gen_num_lanes[0].active_lane.lane_instance.i_fpnew_cast_multi/mem_q[7][sbe][result][50]_i_13_n_0
                         LUT5 (Prop_lut5_I0_O)        0.105    19.138 r  i_ariane/i_cva6/ex_stage_i/fpu_gen.fpu_i/fpu_gen.i_fpnew_bulk/gen_operation_groups[3].i_opgroup_block/gen_merged_slice.i_multifmt_slice/gen_num_lanes[0].active_lane.lane_instance.i_fpnew_cast_multi/mem_q[7][sbe][result][50]_i_5/O
                         net (fo=40, unplaced)        0.424    19.562    i_ariane/i_cva6/ex_stage_i/fpu_gen.fpu_i/fpu_gen.i_fpnew_bulk/gen_operation_groups[3].i_opgroup_block/gen_merged_slice.i_multifmt_slice/gen_num_lanes[0].active_lane.lane_instance.i_fpnew_cast_multi/mem_q[7][sbe][result][50]_i_5_n_0
                         LUT6 (Prop_lut6_I5_O)        0.105    19.667 r  i_ariane/i_cva6/ex_stage_i/fpu_gen.fpu_i/fpu_gen.i_fpnew_bulk/gen_operation_groups[3].i_opgroup_block/gen_merged_slice.i_multifmt_slice/gen_num_lanes[0].active_lane.lane_instance.i_fpnew_cast_multi/mem_q[7][sbe][result][63]_i_15/O
                         net (fo=1, unplaced)         0.347    20.014    i_ariane/i_cva6/ex_stage_i/fpu_gen.fpu_i/fpu_gen.i_fpnew_bulk/gen_operation_groups[2].i_opgroup_block/gen_parallel_slices[0].active_format.i_fmt_slice/gen_num_lanes[0].active_lane.lane_instance.i_noncomp/opgrp_outputs[3][result][0]
                         LUT6 (Prop_lut6_I0_O)        0.105    20.119 r  i_ariane/i_cva6/ex_stage_i/fpu_gen.fpu_i/fpu_gen.i_fpnew_bulk/gen_operation_groups[2].i_opgroup_block/gen_parallel_slices[0].active_format.i_fmt_slice/gen_num_lanes[0].active_lane.lane_instance.i_noncomp/mem_q[7][sbe][result][63]_i_8/O
                         net (fo=1, unplaced)         0.000    20.119    i_ariane/i_cva6/ex_stage_i/fpu_gen.fpu_i/fpu_gen.i_fpnew_bulk/gen_operation_groups[0].i_opgroup_block/gen_parallel_slices[0].active_format.i_fmt_slice/gen_num_lanes[0].active_lane.lane_instance.i_fma/gen_arbiter.data_nodes[2][result][44]
                         MUXF7 (Prop_muxf7_I1_O)      0.206    20.325 r  i_ariane/i_cva6/ex_stage_i/fpu_gen.fpu_i/fpu_gen.i_fpnew_bulk/gen_operation_groups[0].i_opgroup_block/gen_parallel_slices[0].active_format.i_fmt_slice/gen_num_lanes[0].active_lane.lane_instance.i_fma/mem_q_reg[7][sbe][result][63]_i_4/O
                         net (fo=14, unplaced)        0.400    20.725    i_ariane/i_cva6/ex_stage_i/fpu_gen.fpu_i/fpu_gen.i_fpnew_bulk/gen_operation_groups[0].i_opgroup_block/gen_parallel_slices[0].active_format.i_fmt_slice/gen_num_lanes[0].active_lane.lane_instance.i_fma/gen_arbiter.gen_int_rr.rr_q_reg[1]_4
                         LUT2 (Prop_lut2_I0_O)        0.242    20.967 f  i_ariane/i_cva6/ex_stage_i/fpu_gen.fpu_i/fpu_gen.i_fpnew_bulk/gen_operation_groups[0].i_opgroup_block/gen_parallel_slices[0].active_format.i_fmt_slice/gen_num_lanes[0].active_lane.lane_instance.i_fma/fu_data_q[0][operand_a][63]_i_54/O
                         net (fo=3, unplaced)         0.365    21.332    i_ariane/i_cva6/ex_stage_i/fpu_gen.fpu_i/fpu_gen.i_fpnew_bulk/gen_operation_groups[3].i_opgroup_block/gen_merged_slice.i_multifmt_slice/gen_num_lanes[0].active_lane.lane_instance.i_fpnew_cast_multi/fu_data_q[0][imm][63]_i_10
                         LUT6 (Prop_lut6_I5_O)        0.105    21.437 f  i_ariane/i_cva6/ex_stage_i/fpu_gen.fpu_i/fpu_gen.i_fpnew_bulk/gen_operation_groups[3].i_opgroup_block/gen_merged_slice.i_multifmt_slice/gen_num_lanes[0].active_lane.lane_instance.i_fpnew_cast_multi/fu_data_q[0][operand_a][63]_i_24/O
                         net (fo=3, unplaced)         0.365    21.802    i_ariane/i_cva6/ex_stage_i/fpu_gen.fpu_i/fpu_gen.i_fpnew_bulk/gen_operation_groups[0].i_opgroup_block/gen_parallel_slices[0].active_format.i_fmt_slice/gen_num_lanes[0].active_lane.lane_instance.i_fma/fu_data_q_reg[0][operand_b][63]_i_5_0
                         LUT6 (Prop_lut6_I3_O)        0.105    21.907 f  i_ariane/i_cva6/ex_stage_i/fpu_gen.fpu_i/fpu_gen.i_fpnew_bulk/gen_operation_groups[0].i_opgroup_block/gen_parallel_slices[0].active_format.i_fmt_slice/gen_num_lanes[0].active_lane.lane_instance.i_fma/fu_data_q[0][operand_a][63]_i_7/O
                         net (fo=1, unplaced)         0.000    21.907    i_ariane/i_cva6/ex_stage_i/fpu_gen.fpu_i/fpu_gen.i_fpnew_bulk/gen_operation_groups[3].i_opgroup_block/gen_merged_slice.i_multifmt_slice/gen_num_lanes[0].active_lane.lane_instance.i_fpnew_cast_multi/fu_data_q_reg[0][operand_a][63]_0
                         MUXF7 (Prop_muxf7_I1_O)      0.206    22.113 f  i_ariane/i_cva6/ex_stage_i/fpu_gen.fpu_i/fpu_gen.i_fpnew_bulk/gen_operation_groups[3].i_opgroup_block/gen_merged_slice.i_multifmt_slice/gen_num_lanes[0].active_lane.lane_instance.i_fpnew_cast_multi/fu_data_q_reg[0][operand_a][63]_i_2/O
                         net (fo=1, unplaced)         0.349    22.462    i_ariane/i_cva6/id_stage_i/fu_data_q_reg[0][operand_a][63]
                         LUT6 (Prop_lut6_I0_O)        0.242    22.704 r  i_ariane/i_cva6/id_stage_i/fu_data_q[0][operand_a][63]_i_1/O
                         net (fo=2, unplaced)         0.000    22.704    i_ariane/i_cva6/ex_stage_i/vaddr_to_be_flushed_reg[63]_0[63]
                         FDCE                                         r  i_ariane/i_cva6/ex_stage_i/vaddr_to_be_flushed_reg[63]/D
  -------------------------------------------------------------------    -------------------

                         (clock clk_i rise edge)     10.000    10.000 r  
                                                      0.000    10.000 r  clk_i (IN)
                         net (fo=33654, unset)        0.748    10.748    i_ariane/i_cva6/ex_stage_i/clk_i
                         FDCE                                         r  i_ariane/i_cva6/ex_stage_i/vaddr_to_be_flushed_reg[63]/C
                         clock pessimism              0.000    10.748    
                         clock uncertainty           -0.035    10.712    
                         FDCE (Setup_fdce_C_D)        0.043    10.755    i_ariane/i_cva6/ex_stage_i/vaddr_to_be_flushed_reg[63]
  -------------------------------------------------------------------
                         required time                         10.755    
                         arrival time                         -22.704    
  -------------------------------------------------------------------
                         slack                                -11.949    

Slack (VIOLATED) :        -11.949ns  (required time - arrival time)
  Source:                 i_ariane/i_cva6/ex_stage_i/fpu_gen.fpu_i/fpu_gen.i_fpnew_bulk/gen_operation_groups[3].i_opgroup_block/gen_merged_slice.i_multifmt_slice/gen_num_lanes[0].active_lane.lane_instance.i_fpnew_cast_multi/gen_inside_pipeline[0].mid_pipe_dst_fmt_q_reg[1][2]_rep/C
                            (rising edge-triggered cell FDCE clocked by clk_i  {rise@0.000ns fall@5.000ns period=10.000ns})
  Destination:            i_ariane/i_cva6/ex_stage_i/vaddr_to_be_flushed_reg[63]/D
                            (rising edge-triggered cell FDCE clocked by clk_i  {rise@0.000ns fall@5.000ns period=10.000ns})
  Path Group:             clk_i
  Path Type:              Setup (Max at Slow Process Corner)
  Requirement:            10.000ns  (clk_i rise@10.000ns - clk_i rise@0.000ns)
  Data Path Delay:        21.917ns  (logic 8.887ns (40.548%)  route 13.030ns (59.452%))
  Logic Levels:           52  (CARRY4=23 LUT1=1 LUT2=2 LUT3=2 LUT4=1 LUT5=4 LUT6=16 MUXF7=3)
  Clock Path Skew:        -0.039ns (DCD - SCD + CPR)
    Destination Clock Delay (DCD):    0.748ns = ( 10.748 - 10.000 ) 
    Source Clock Delay      (SCD):    0.787ns
    Clock Pessimism Removal (CPR):    0.000ns
  Clock Uncertainty:      0.035ns  ((TSJ^2 + TIJ^2)^1/2 + DJ) / 2 + PE
    Total System Jitter     (TSJ):    0.071ns
    Total Input Jitter      (TIJ):    0.000ns
    Discrete Jitter          (DJ):    0.000ns
    Phase Error              (PE):    0.000ns

    Location             Delay type                Incr(ns)  Path(ns)    Netlist Resource(s)
  -------------------------------------------------------------------    -------------------
                         (clock clk_i rise edge)      0.000     0.000 r  
                                                      0.000     0.000 r  clk_i (IN)
                         net (fo=33654, unset)        0.787     0.787    i_ariane/i_cva6/ex_stage_i/fpu_gen.fpu_i/fpu_gen.i_fpnew_bulk/gen_operation_groups[3].i_opgroup_block/gen_merged_slice.i_multifmt_slice/gen_num_lanes[0].active_lane.lane_instance.i_fpnew_cast_multi/clk_i
                         FDCE                                         r  i_ariane/i_cva6/ex_stage_i/fpu_gen.fpu_i/fpu_gen.i_fpnew_bulk/gen_operation_groups[3].i_opgroup_block/gen_merged_slice.i_multifmt_slice/gen_num_lanes[0].active_lane.lane_instance.i_fpnew_cast_multi/gen_inside_pipeline[0].mid_pipe_dst_fmt_q_reg[1][2]_rep/C
  -------------------------------------------------------------------    -------------------
                         FDCE (Prop_fdce_C_Q)         0.397     1.184 r  i_ariane/i_cva6/ex_stage_i/fpu_gen.fpu_i/fpu_gen.i_fpnew_bulk/gen_operation_groups[3].i_opgroup_block/gen_merged_slice.i_multifmt_slice/gen_num_lanes[0].active_lane.lane_instance.i_fpnew_cast_multi/gen_inside_pipeline[0].mid_pipe_dst_fmt_q_reg[1][2]_rep/Q
                         net (fo=165, unplaced)       0.737     1.921    i_ariane/i_cva6/ex_stage_i/fpu_gen.fpu_i/fpu_gen.i_fpnew_bulk/gen_operation_groups[3].i_opgroup_block/gen_merged_slice.i_multifmt_slice/gen_num_lanes[0].active_lane.lane_instance.i_fpnew_cast_multi/gen_inside_pipeline[0].mid_pipe_dst_fmt_q_reg[1][2]_rep_n_0
                         LUT3 (Prop_lut3_I0_O)        0.232     2.153 r  i_ariane/i_cva6/ex_stage_i/fpu_gen.fpu_i/fpu_gen.i_fpnew_bulk/gen_operation_groups[3].i_opgroup_block/gen_merged_slice.i_multifmt_slice/gen_num_lanes[0].active_lane.lane_instance.i_fpnew_cast_multi/mem_q[7][sbe][result][59]_i_188/O
                         net (fo=1, unplaced)         0.258     2.411    i_ariane/i_cva6/ex_stage_i/fpu_gen.fpu_i/fpu_gen.i_fpnew_bulk/gen_operation_groups[3].i_opgroup_block/gen_merged_slice.i_multifmt_slice/gen_num_lanes[0].active_lane.lane_instance.i_fpnew_cast_multi/preshift_mant3[0]
                         CARRY4 (Prop_carry4_CYINIT_CO[3])
                                                      0.494     2.905 r  i_ariane/i_cva6/ex_stage_i/fpu_gen.fpu_i/fpu_gen.i_fpnew_bulk/gen_operation_groups[3].i_opgroup_block/gen_merged_slice.i_multifmt_slice/gen_num_lanes[0].active_lane.lane_instance.i_fpnew_cast_multi/mem_q_reg[7][sbe][result][59]_i_177/CO[3]
                         net (fo=1, unplaced)         0.000     2.905    i_ariane/i_cva6/ex_stage_i/fpu_gen.fpu_i/fpu_gen.i_fpnew_bulk/gen_operation_groups[3].i_opgroup_block/gen_merged_slice.i_multifmt_slice/gen_num_lanes[0].active_lane.lane_instance.i_fpnew_cast_multi/mem_q_reg[7][sbe][result][59]_i_177_n_0
                         CARRY4 (Prop_carry4_CI_CO[3])
                                                      0.100     3.005 f  i_ariane/i_cva6/ex_stage_i/fpu_gen.fpu_i/fpu_gen.i_fpnew_bulk/gen_operation_groups[3].i_opgroup_block/gen_merged_slice.i_multifmt_slice/gen_num_lanes[0].active_lane.lane_instance.i_fpnew_cast_multi/mem_q_reg[7][sbe][ex][cause][4]_i_139/CO[3]
                         net (fo=1, unplaced)         0.000     3.005    i_ariane/i_cva6/ex_stage_i/fpu_gen.fpu_i/fpu_gen.i_fpnew_bulk/gen_operation_groups[3].i_opgroup_block/gen_merged_slice.i_multifmt_slice/gen_num_lanes[0].active_lane.lane_instance.i_fpnew_cast_multi/mem_q_reg[7][sbe][ex][cause][4]_i_139_n_0
                         CARRY4 (Prop_carry4_CI_O[1])
                                                      0.269     3.274 f  i_ariane/i_cva6/ex_stage_i/fpu_gen.fpu_i/fpu_gen.i_fpnew_bulk/gen_operation_groups[3].i_opgroup_block/gen_merged_slice.i_multifmt_slice/gen_num_lanes[0].active_lane.lane_instance.i_fpnew_cast_multi/mem_q_reg[7][sbe][ex][cause][4]_i_100/O[1]
                         net (fo=3, unplaced)         0.490     3.764    i_ariane/i_cva6/ex_stage_i/fpu_gen.fpu_i/fpu_gen.i_fpnew_bulk/gen_operation_groups[3].i_opgroup_block/gen_merged_slice.i_multifmt_slice/gen_num_lanes[0].active_lane.lane_instance.i_fpnew_cast_multi/mem_q_reg[7][sbe][ex][cause][4]_i_100_n_6
                         LUT4 (Prop_lut4_I1_O)        0.266     4.030 r  i_ariane/i_cva6/ex_stage_i/fpu_gen.fpu_i/fpu_gen.i_fpnew_bulk/gen_operation_groups[3].i_opgroup_block/gen_merged_slice.i_multifmt_slice/gen_num_lanes[0].active_lane.lane_instance.i_fpnew_cast_multi/mem_q[7][sbe][ex][cause][4]_i_94/O
                         net (fo=1, unplaced)         0.000     4.030    i_ariane/i_cva6/ex_stage_i/fpu_gen.fpu_i/fpu_gen.i_fpnew_bulk/gen_operation_groups[3].i_opgroup_block/gen_merged_slice.i_multifmt_slice/gen_num_lanes[0].active_lane.lane_instance.i_fpnew_cast_multi/mem_q[7][sbe][ex][cause][4]_i_94_n_0
                         CARRY4 (Prop_carry4_DI[1]_CO[3])
                                                      0.451     4.481 r  i_ariane/i_cva6/ex_stage_i/fpu_gen.fpu_i/fpu_gen.i_fpnew_bulk/gen_operation_groups[3].i_opgroup_block/gen_merged_slice.i_multifmt_slice/gen_num_lanes[0].active_lane.lane_instance.i_fpnew_cast_multi/mem_q_reg[7][sbe][ex][cause][4]_i_58/CO[3]
                         net (fo=1, unplaced)         0.000     4.481    i_ariane/i_cva6/ex_stage_i/fpu_gen.fpu_i/fpu_gen.i_fpnew_bulk/gen_operation_groups[3].i_opgroup_block/gen_merged_slice.i_multifmt_slice/gen_num_lanes[0].active_lane.lane_instance.i_fpnew_cast_multi/mem_q_reg[7][sbe][ex][cause][4]_i_58_n_0
                         CARRY4 (Prop_carry4_CI_CO[3])
                                                      0.100     4.581 r  i_ariane/i_cva6/ex_stage_i/fpu_gen.fpu_i/fpu_gen.i_fpnew_bulk/gen_operation_groups[3].i_opgroup_block/gen_merged_slice.i_multifmt_slice/gen_num_lanes[0].active_lane.lane_instance.i_fpnew_cast_multi/mem_q_reg[7][sbe][ex][cause][4]_i_40/CO[3]
                         net (fo=1, unplaced)         0.000     4.581    i_ariane/i_cva6/ex_stage_i/fpu_gen.fpu_i/fpu_gen.i_fpnew_bulk/gen_operation_groups[3].i_opgroup_block/gen_merged_slice.i_multifmt_slice/gen_num_lanes[0].active_lane.lane_instance.i_fpnew_cast_multi/mem_q_reg[7][sbe][ex][cause][4]_i_40_n_0
                         CARRY4 (Prop_carry4_CI_CO[3])
                                                      0.100     4.681 r  i_ariane/i_cva6/ex_stage_i/fpu_gen.fpu_i/fpu_gen.i_fpnew_bulk/gen_operation_groups[3].i_opgroup_block/gen_merged_slice.i_multifmt_slice/gen_num_lanes[0].active_lane.lane_instance.i_fpnew_cast_multi/mem_q_reg[7][sbe][ex][cause][4]_i_34/CO[3]
                         net (fo=146, unplaced)       0.719     5.400    i_ariane/i_cva6/ex_stage_i/fpu_gen.fpu_i/fpu_gen.i_fpnew_bulk/gen_operation_groups[3].i_opgroup_block/gen_merged_slice.i_multifmt_slice/gen_num_lanes[0].active_lane.lane_instance.i_fpnew_cast_multi/preshift_mant1
                         LUT5 (Prop_lut5_I2_O)        0.105     5.505 r  i_ariane/i_cva6/ex_stage_i/fpu_gen.fpu_i/fpu_gen.i_fpnew_bulk/gen_operation_groups[3].i_opgroup_block/gen_merged_slice.i_multifmt_slice/gen_num_lanes[0].active_lane.lane_instance.i_fpnew_cast_multi/mem_q[7][sbe][ex][cause][0]_i_331/O
                         net (fo=4, unplaced)         0.802     6.307    i_ariane/i_cva6/ex_stage_i/fpu_gen.fpu_i/fpu_gen.i_fpnew_bulk/gen_operation_groups[3].i_opgroup_block/gen_merged_slice.i_multifmt_slice/gen_num_lanes[0].active_lane.lane_instance.i_fpnew_cast_multi/preshift_mant[90]
                         LUT5 (Prop_lut5_I0_O)        0.105     6.412 r  i_ariane/i_cva6/ex_stage_i/fpu_gen.fpu_i/fpu_gen.i_fpnew_bulk/gen_operation_groups[3].i_opgroup_block/gen_merged_slice.i_multifmt_slice/gen_num_lanes[0].active_lane.lane_instance.i_fpnew_cast_multi/mem_q[7][sbe][ex][cause][0]_i_566/O
                         net (fo=4, unplaced)         0.606     7.018    i_ariane/i_cva6/ex_stage_i/fpu_gen.fpu_i/fpu_gen.i_fpnew_bulk/gen_operation_groups[3].i_opgroup_block/gen_merged_slice.i_multifmt_slice/gen_num_lanes[0].active_lane.lane_instance.i_fpnew_cast_multi/mem_q[7][sbe][ex][cause][0]_i_566_n_0
                         LUT6 (Prop_lut6_I1_O)        0.105     7.123 r  i_ariane/i_cva6/ex_stage_i/fpu_gen.fpu_i/fpu_gen.i_fpnew_bulk/gen_operation_groups[3].i_opgroup_block/gen_merged_slice.i_multifmt_slice/gen_num_lanes[0].active_lane.lane_instance.i_fpnew_cast_multi/mem_q[7][sbe][ex][cause][0]_i_415/O
                         net (fo=4, unplaced)         0.606     7.729    i_ariane/i_cva6/ex_stage_i/fpu_gen.fpu_i/fpu_gen.i_fpnew_bulk/gen_operation_groups[3].i_opgroup_block/gen_merged_slice.i_multifmt_slice/gen_num_lanes[0].active_lane.lane_instance.i_fpnew_cast_multi/mem_q[7][sbe][ex][cause][0]_i_415_n_0
                         LUT6 (Prop_lut6_I1_O)        0.105     7.834 r  i_ariane/i_cva6/ex_stage_i/fpu_gen.fpu_i/fpu_gen.i_fpnew_bulk/gen_operation_groups[3].i_opgroup_block/gen_merged_slice.i_multifmt_slice/gen_num_lanes[0].active_lane.lane_instance.i_fpnew_cast_multi/mem_q[7][sbe][ex][cause][0]_i_179/O
                         net (fo=3, unplaced)         0.796     8.630    i_ariane/i_cva6/ex_stage_i/fpu_gen.fpu_i/fpu_gen.i_fpnew_bulk/gen_operation_groups[3].i_opgroup_block/gen_merged_slice.i_multifmt_slice/gen_num_lanes[0].active_lane.lane_instance.i_fpnew_cast_multi/mem_q[7][sbe][ex][cause][0]_i_179_n_0
                         LUT6 (Prop_lut6_I0_O)        0.105     8.735 r  i_ariane/i_cva6/ex_stage_i/fpu_gen.fpu_i/fpu_gen.i_fpnew_bulk/gen_operation_groups[3].i_opgroup_block/gen_merged_slice.i_multifmt_slice/gen_num_lanes[0].active_lane.lane_instance.i_fpnew_cast_multi/mem_q[7][sbe][ex][cause][0]_i_225/O
                         net (fo=1, unplaced)         0.782     9.517    i_ariane/i_cva6/ex_stage_i/fpu_gen.fpu_i/fpu_gen.i_fpnew_bulk/gen_operation_groups[3].i_opgroup_block/gen_merged_slice.i_multifmt_slice/gen_num_lanes[0].active_lane.lane_instance.i_fpnew_cast_multi/mem_q[7][sbe][ex][cause][0]_i_225_n_0
                         LUT6 (Prop_lut6_I0_O)        0.105     9.622 r  i_ariane/i_cva6/ex_stage_i/fpu_gen.fpu_i/fpu_gen.i_fpnew_bulk/gen_operation_groups[3].i_opgroup_block/gen_merged_slice.i_multifmt_slice/gen_num_lanes[0].active_lane.lane_instance.i_fpnew_cast_multi/mem_q[7][sbe][ex][cause][0]_i_81/O
                         net (fo=1, unplaced)         0.778    10.400    i_ariane/i_cva6/ex_stage_i/fpu_gen.fpu_i/fpu_gen.i_fpnew_bulk/gen_operation_groups[3].i_opgroup_block/gen_merged_slice.i_multifmt_slice/gen_num_lanes[0].active_lane.lane_instance.i_fpnew_cast_multi/mem_q[7][sbe][ex][cause][0]_i_81_n_0
                         LUT6 (Prop_lut6_I1_O)        0.105    10.505 r  i_ariane/i_cva6/ex_stage_i/fpu_gen.fpu_i/fpu_gen.i_fpnew_bulk/gen_operation_groups[3].i_opgroup_block/gen_merged_slice.i_multifmt_slice/gen_num_lanes[0].active_lane.lane_instance.i_fpnew_cast_multi/mem_q[7][sbe][ex][cause][0]_i_25/O
                         net (fo=4, unplaced)         0.606    11.111    i_ariane/i_cva6/ex_stage_i/fpu_gen.fpu_i/fpu_gen.i_fpnew_bulk/gen_operation_groups[3].i_opgroup_block/gen_merged_slice.i_multifmt_slice/gen_num_lanes[0].active_lane.lane_instance.i_fpnew_cast_multi/fp_round_sticky_bits[0]
                         LUT6 (Prop_lut6_I0_O)        0.105    11.216 r  i_ariane/i_cva6/ex_stage_i/fpu_gen.fpu_i/fpu_gen.i_fpnew_bulk/gen_operation_groups[3].i_opgroup_block/gen_merged_slice.i_multifmt_slice/gen_num_lanes[0].active_lane.lane_instance.i_fpnew_cast_multi/mem_q[7][sbe][result][0]_i_174/O
                         net (fo=1, unplaced)         0.347    11.563    i_ariane/i_cva6/ex_stage_i/fpu_gen.fpu_i/fpu_gen.i_fpnew_bulk/gen_operation_groups[3].i_opgroup_block/gen_merged_slice.i_multifmt_slice/gen_num_lanes[0].active_lane.lane_instance.i_fpnew_cast_multi/mem_q[7][sbe][result][0]_i_174_n_0
                         LUT6 (Prop_lut6_I5_O)        0.105    11.668 r  i_ariane/i_cva6/ex_stage_i/fpu_gen.fpu_i/fpu_gen.i_fpnew_bulk/gen_operation_groups[3].i_opgroup_block/gen_merged_slice.i_multifmt_slice/gen_num_lanes[0].active_lane.lane_instance.i_fpnew_cast_multi/mem_q[7][sbe][result][0]_i_114/O
                         net (fo=1, unplaced)         0.000    11.668    i_ariane/i_cva6/ex_stage_i/fpu_gen.fpu_i/fpu_gen.i_fpnew_bulk/gen_operation_groups[3].i_opgroup_block/gen_merged_slice.i_multifmt_slice/gen_num_lanes[0].active_lane.lane_instance.i_fpnew_cast_multi/mem_q[7][sbe][result][0]_i_114_n_0
                         CARRY4 (Prop_carry4_S[0]_CO[3])
                                                      0.423    12.091 r  i_ariane/i_cva6/ex_stage_i/fpu_gen.fpu_i/fpu_gen.i_fpnew_bulk/gen_operation_groups[3].i_opgroup_block/gen_merged_slice.i_multifmt_slice/gen_num_lanes[0].active_lane.lane_instance.i_fpnew_cast_multi/mem_q_reg[7][sbe][result][0]_i_66/CO[3]
                         net (fo=1, unplaced)         0.000    12.091    i_ariane/i_cva6/ex_stage_i/fpu_gen.fpu_i/fpu_gen.i_fpnew_bulk/gen_operation_groups[3].i_opgroup_block/gen_merged_slice.i_multifmt_slice/gen_num_lanes[0].active_lane.lane_instance.i_fpnew_cast_multi/mem_q_reg[7][sbe][result][0]_i_66_n_0
                         CARRY4 (Prop_carry4_CI_CO[3])
                                                      0.100    12.191 r  i_ariane/i_cva6/ex_stage_i/fpu_gen.fpu_i/fpu_gen.i_fpnew_bulk/gen_operation_groups[3].i_opgroup_block/gen_merged_slice.i_multifmt_slice/gen_num_lanes[0].active_lane.lane_instance.i_fpnew_cast_multi/mem_q_reg[7][sbe][result][7]_i_77/CO[3]
                         net (fo=1, unplaced)         0.000    12.191    i_ariane/i_cva6/ex_stage_i/fpu_gen.fpu_i/fpu_gen.i_fpnew_bulk/gen_operation_groups[3].i_opgroup_block/gen_merged_slice.i_multifmt_slice/gen_num_lanes[0].active_lane.lane_instance.i_fpnew_cast_multi/mem_q_reg[7][sbe][result][7]_i_77_n_0
                         CARRY4 (Prop_carry4_CI_CO[3])
                                                      0.100    12.291 r  i_ariane/i_cva6/ex_stage_i/fpu_gen.fpu_i/fpu_gen.i_fpnew_bulk/gen_operation_groups[3].i_opgroup_block/gen_merged_slice.i_multifmt_slice/gen_num_lanes[0].active_lane.lane_instance.i_fpnew_cast_multi/mem_q_reg[7][sbe][result][11]_i_56/CO[3]
                         net (fo=1, unplaced)         0.000    12.291    i_ariane/i_cva6/ex_stage_i/fpu_gen.fpu_i/fpu_gen.i_fpnew_bulk/gen_operation_groups[3].i_opgroup_block/gen_merged_slice.i_multifmt_slice/gen_num_lanes[0].active_lane.lane_instance.i_fpnew_cast_multi/mem_q_reg[7][sbe][result][11]_i_56_n_0
                         CARRY4 (Prop_carry4_CI_CO[3])
                                                      0.100    12.391 r  i_ariane/i_cva6/ex_stage_i/fpu_gen.fpu_i/fpu_gen.i_fpnew_bulk/gen_operation_groups[3].i_opgroup_block/gen_merged_slice.i_multifmt_slice/gen_num_lanes[0].active_lane.lane_instance.i_fpnew_cast_multi/mem_q_reg[7][sbe][result][15]_i_77/CO[3]
                         net (fo=1, unplaced)         0.000    12.391    i_ariane/i_cva6/ex_stage_i/fpu_gen.fpu_i/fpu_gen.i_fpnew_bulk/gen_operation_groups[3].i_opgroup_block/gen_merged_slice.i_multifmt_slice/gen_num_lanes[0].active_lane.lane_instance.i_fpnew_cast_multi/mem_q_reg[7][sbe][result][15]_i_77_n_0
                         CARRY4 (Prop_carry4_CI_CO[3])
                                                      0.100    12.491 r  i_ariane/i_cva6/ex_stage_i/fpu_gen.fpu_i/fpu_gen.i_fpnew_bulk/gen_operation_groups[3].i_opgroup_block/gen_merged_slice.i_multifmt_slice/gen_num_lanes[0].active_lane.lane_instance.i_fpnew_cast_multi/mem_q_reg[7][sbe][result][19]_i_57/CO[3]
                         net (fo=1, unplaced)         0.000    12.491    i_ariane/i_cva6/ex_stage_i/fpu_gen.fpu_i/fpu_gen.i_fpnew_bulk/gen_operation_groups[3].i_opgroup_block/gen_merged_slice.i_multifmt_slice/gen_num_lanes[0].active_lane.lane_instance.i_fpnew_cast_multi/mem_q_reg[7][sbe][result][19]_i_57_n_0
                         CARRY4 (Prop_carry4_CI_CO[3])
                                                      0.100    12.591 r  i_ariane/i_cva6/ex_stage_i/fpu_gen.fpu_i/fpu_gen.i_fpnew_bulk/gen_operation_groups[3].i_opgroup_block/gen_merged_slice.i_multifmt_slice/gen_num_lanes[0].active_lane.lane_instance.i_fpnew_cast_multi/mem_q_reg[7][sbe][result][23]_i_77/CO[3]
                         net (fo=1, unplaced)         0.000    12.591    i_ariane/i_cva6/ex_stage_i/fpu_gen.fpu_i/fpu_gen.i_fpnew_bulk/gen_operation_groups[3].i_opgroup_block/gen_merged_slice.i_multifmt_slice/gen_num_lanes[0].active_lane.lane_instance.i_fpnew_cast_multi/mem_q_reg[7][sbe][result][23]_i_77_n_0
                         CARRY4 (Prop_carry4_CI_CO[3])
                                                      0.100    12.691 r  i_ariane/i_cva6/ex_stage_i/fpu_gen.fpu_i/fpu_gen.i_fpnew_bulk/gen_operation_groups[3].i_opgroup_block/gen_merged_slice.i_multifmt_slice/gen_num_lanes[0].active_lane.lane_instance.i_fpnew_cast_multi/mem_q_reg[7][sbe][ex][cause][1]_i_27/CO[3]
                         net (fo=1, unplaced)         0.000    12.691    i_ariane/i_cva6/ex_stage_i/fpu_gen.fpu_i/fpu_gen.i_fpnew_bulk/gen_operation_groups[3].i_opgroup_block/gen_merged_slice.i_multifmt_slice/gen_num_lanes[0].active_lane.lane_instance.i_fpnew_cast_multi/mem_q_reg[7][sbe][ex][cause][1]_i_27_n_0
                         CARRY4 (Prop_carry4_CI_CO[3])
                                                      0.100    12.791 r  i_ariane/i_cva6/ex_stage_i/fpu_gen.fpu_i/fpu_gen.i_fpnew_bulk/gen_operation_groups[3].i_opgroup_block/gen_merged_slice.i_multifmt_slice/gen_num_lanes[0].active_lane.lane_instance.i_fpnew_cast_multi/mem_q_reg[7][sbe][result][35]_i_47/CO[3]
                         net (fo=1, unplaced)         0.000    12.791    i_ariane/i_cva6/ex_stage_i/fpu_gen.fpu_i/fpu_gen.i_fpnew_bulk/gen_operation_groups[3].i_opgroup_block/gen_merged_slice.i_multifmt_slice/gen_num_lanes[0].active_lane.lane_instance.i_fpnew_cast_multi/mem_q_reg[7][sbe][result][35]_i_47_n_0
                         CARRY4 (Prop_carry4_CI_CO[3])
                                                      0.100    12.891 r  i_ariane/i_cva6/ex_stage_i/fpu_gen.fpu_i/fpu_gen.i_fpnew_bulk/gen_operation_groups[3].i_opgroup_block/gen_merged_slice.i_multifmt_slice/gen_num_lanes[0].active_lane.lane_instance.i_fpnew_cast_multi/mem_q_reg[7][sbe][result][35]_i_27/CO[3]
                         net (fo=1, unplaced)         0.000    12.891    i_ariane/i_cva6/ex_stage_i/fpu_gen.fpu_i/fpu_gen.i_fpnew_bulk/gen_operation_groups[3].i_opgroup_block/gen_merged_slice.i_multifmt_slice/gen_num_lanes[0].active_lane.lane_instance.i_fpnew_cast_multi/mem_q_reg[7][sbe][result][35]_i_27_n_0
                         CARRY4 (Prop_carry4_CI_CO[3])
                                                      0.100    12.991 r  i_ariane/i_cva6/ex_stage_i/fpu_gen.fpu_i/fpu_gen.i_fpnew_bulk/gen_operation_groups[3].i_opgroup_block/gen_merged_slice.i_multifmt_slice/gen_num_lanes[0].active_lane.lane_instance.i_fpnew_cast_multi/mem_q_reg[7][sbe][result][39]_i_16/CO[3]
                         net (fo=1, unplaced)         0.000    12.991    i_ariane/i_cva6/ex_stage_i/fpu_gen.fpu_i/fpu_gen.i_fpnew_bulk/gen_operation_groups[3].i_opgroup_block/gen_merged_slice.i_multifmt_slice/gen_num_lanes[0].active_lane.lane_instance.i_fpnew_cast_multi/mem_q_reg[7][sbe][result][39]_i_16_n_0
                         CARRY4 (Prop_carry4_CI_CO[3])
                                                      0.100    13.091 r  i_ariane/i_cva6/ex_stage_i/fpu_gen.fpu_i/fpu_gen.i_fpnew_bulk/gen_operation_groups[3].i_opgroup_block/gen_merged_slice.i_multifmt_slice/gen_num_lanes[0].active_lane.lane_instance.i_fpnew_cast_multi/mem_q_reg[7][sbe][result][43]_i_18/CO[3]
                         net (fo=1, unplaced)         0.000    13.091    i_ariane/i_cva6/ex_stage_i/fpu_gen.fpu_i/fpu_gen.i_fpnew_bulk/gen_operation_groups[3].i_opgroup_block/gen_merged_slice.i_multifmt_slice/gen_num_lanes[0].active_lane.lane_instance.i_fpnew_cast_multi/mem_q_reg[7][sbe][result][43]_i_18_n_0
                         CARRY4 (Prop_carry4_CI_CO[3])
                                                      0.100    13.191 r  i_ariane/i_cva6/ex_stage_i/fpu_gen.fpu_i/fpu_gen.i_fpnew_bulk/gen_operation_groups[3].i_opgroup_block/gen_merged_slice.i_multifmt_slice/gen_num_lanes[0].active_lane.lane_instance.i_fpnew_cast_multi/mem_q_reg[7][sbe][result][47]_i_21/CO[3]
                         net (fo=1, unplaced)         0.000    13.191    i_ariane/i_cva6/ex_stage_i/fpu_gen.fpu_i/fpu_gen.i_fpnew_bulk/gen_operation_groups[3].i_opgroup_block/gen_merged_slice.i_multifmt_slice/gen_num_lanes[0].active_lane.lane_instance.i_fpnew_cast_multi/mem_q_reg[7][sbe][result][47]_i_21_n_0
                         CARRY4 (Prop_carry4_CI_CO[3])
                                                      0.100    13.291 r  i_ariane/i_cva6/ex_stage_i/fpu_gen.fpu_i/fpu_gen.i_fpnew_bulk/gen_operation_groups[3].i_opgroup_block/gen_merged_slice.i_multifmt_slice/gen_num_lanes[0].active_lane.lane_instance.i_fpnew_cast_multi/mem_q_reg[7][sbe][result][50]_i_20/CO[3]
                         net (fo=1, unplaced)         0.000    13.291    i_ariane/i_cva6/ex_stage_i/fpu_gen.fpu_i/fpu_gen.i_fpnew_bulk/gen_operation_groups[3].i_opgroup_block/gen_merged_slice.i_multifmt_slice/gen_num_lanes[0].active_lane.lane_instance.i_fpnew_cast_multi/mem_q_reg[7][sbe][result][50]_i_20_n_0
                         CARRY4 (Prop_carry4_CI_CO[3])
                                                      0.100    13.391 r  i_ariane/i_cva6/ex_stage_i/fpu_gen.fpu_i/fpu_gen.i_fpnew_bulk/gen_operation_groups[3].i_opgroup_block/gen_merged_slice.i_multifmt_slice/gen_num_lanes[0].active_lane.lane_instance.i_fpnew_cast_multi/mem_q_reg[7][sbe][result][55]_i_25/CO[3]
                         net (fo=1, unplaced)         0.000    13.391    i_ariane/i_cva6/ex_stage_i/fpu_gen.fpu_i/fpu_gen.i_fpnew_bulk/gen_operation_groups[3].i_opgroup_block/gen_merged_slice.i_multifmt_slice/gen_num_lanes[0].active_lane.lane_instance.i_fpnew_cast_multi/mem_q_reg[7][sbe][result][55]_i_25_n_0
                         CARRY4 (Prop_carry4_CI_O[2])
                                                      0.214    13.605 f  i_ariane/i_cva6/ex_stage_i/fpu_gen.fpu_i/fpu_gen.i_fpnew_bulk/gen_operation_groups[3].i_opgroup_block/gen_merged_slice.i_multifmt_slice/gen_num_lanes[0].active_lane.lane_instance.i_fpnew_cast_multi/mem_q_reg[7][sbe][result][59]_i_28/O[2]
                         net (fo=6, unplaced)         0.381    13.986    i_ariane/i_cva6/ex_stage_i/fpu_gen.fpu_i/fpu_gen.i_fpnew_bulk/gen_operation_groups[3].i_opgroup_block/gen_merged_slice.i_multifmt_slice/gen_num_lanes[0].active_lane.lane_instance.i_fpnew_cast_multi/rounded_abs[58]
                         LUT1 (Prop_lut1_I0_O)        0.244    14.230 r  i_ariane/i_cva6/ex_stage_i/fpu_gen.fpu_i/fpu_gen.i_fpnew_bulk/gen_operation_groups[3].i_opgroup_block/gen_merged_slice.i_multifmt_slice/gen_num_lanes[0].active_lane.lane_instance.i_fpnew_cast_multi/mem_q[7][sbe][result][60]_i_105/O
                         net (fo=1, unplaced)         0.000    14.230    i_ariane/i_cva6/ex_stage_i/fpu_gen.fpu_i/fpu_gen.i_fpnew_bulk/gen_operation_groups[3].i_opgroup_block/gen_merged_slice.i_multifmt_slice/gen_num_lanes[0].active_lane.lane_instance.i_fpnew_cast_multi/mem_q[7][sbe][result][60]_i_105_n_0
                         CARRY4 (Prop_carry4_S[1]_CO[3])
                                                      0.444    14.674 r  i_ariane/i_cva6/ex_stage_i/fpu_gen.fpu_i/fpu_gen.i_fpnew_bulk/gen_operation_groups[3].i_opgroup_block/gen_merged_slice.i_multifmt_slice/gen_num_lanes[0].active_lane.lane_instance.i_fpnew_cast_multi/mem_q_reg[7][sbe][result][60]_i_51/CO[3]
                         net (fo=1, unplaced)         0.000    14.674    i_ariane/i_cva6/ex_stage_i/fpu_gen.fpu_i/fpu_gen.i_fpnew_bulk/gen_operation_groups[3].i_opgroup_block/gen_merged_slice.i_multifmt_slice/gen_num_lanes[0].active_lane.lane_instance.i_fpnew_cast_multi/mem_q_reg[7][sbe][result][60]_i_51_n_0
                         CARRY4 (Prop_carry4_CI_O[1])
                                                      0.269    14.943 f  i_ariane/i_cva6/ex_stage_i/fpu_gen.fpu_i/fpu_gen.i_fpnew_bulk/gen_operation_groups[3].i_opgroup_block/gen_merged_slice.i_multifmt_slice/gen_num_lanes[0].active_lane.lane_instance.i_fpnew_cast_multi/mem_q_reg[7][sbe][result][62]_i_30/O[1]
                         net (fo=2, unplaced)         0.251    15.194    i_ariane/i_cva6/ex_stage_i/fpu_gen.fpu_i/fpu_gen.i_fpnew_bulk/gen_operation_groups[3].i_opgroup_block/gen_merged_slice.i_multifmt_slice/gen_num_lanes[0].active_lane.lane_instance.i_fpnew_cast_multi/rounded_int_res0[62]
                         LUT3 (Prop_lut3_I0_O)        0.245    15.439 f  i_ariane/i_cva6/ex_stage_i/fpu_gen.fpu_i/fpu_gen.i_fpnew_bulk/gen_operation_groups[3].i_opgroup_block/gen_merged_slice.i_multifmt_slice/gen_num_lanes[0].active_lane.lane_instance.i_fpnew_cast_multi/mem_q[7][sbe][ex][cause][0]_i_211/O
                         net (fo=2, unplaced)         0.358    15.797    i_ariane/i_cva6/ex_stage_i/fpu_gen.fpu_i/fpu_gen.i_fpnew_bulk/gen_operation_groups[3].i_opgroup_block/gen_merged_slice.i_multifmt_slice/gen_num_lanes[0].active_lane.lane_instance.i_fpnew_cast_multi/mem_q[7][sbe][ex][cause][0]_i_211_n_0
                         LUT5 (Prop_lut5_I1_O)        0.105    15.902 r  i_ariane/i_cva6/ex_stage_i/fpu_gen.fpu_i/fpu_gen.i_fpnew_bulk/gen_operation_groups[3].i_opgroup_block/gen_merged_slice.i_multifmt_slice/gen_num_lanes[0].active_lane.lane_instance.i_fpnew_cast_multi/mem_q[7][sbe][ex][cause][4]_i_80/O
                         net (fo=1, unplaced)         0.000    15.902    i_ariane/i_cva6/ex_stage_i/fpu_gen.fpu_i/fpu_gen.i_fpnew_bulk/gen_operation_groups[3].i_opgroup_block/gen_merged_slice.i_multifmt_slice/gen_num_lanes[0].active_lane.lane_instance.i_fpnew_cast_multi/mem_q[7][sbe][ex][cause][4]_i_80_n_0
                         MUXF7 (Prop_muxf7_I1_O)      0.206    16.108 r  i_ariane/i_cva6/ex_stage_i/fpu_gen.fpu_i/fpu_gen.i_fpnew_bulk/gen_operation_groups[3].i_opgroup_block/gen_merged_slice.i_multifmt_slice/gen_num_lanes[0].active_lane.lane_instance.i_fpnew_cast_multi/mem_q_reg[7][sbe][ex][cause][4]_i_52/O
                         net (fo=1, unplaced)         0.349    16.457    i_ariane/i_cva6/ex_stage_i/fpu_gen.fpu_i/fpu_gen.i_fpnew_bulk/gen_operation_groups[3].i_opgroup_block/gen_merged_slice.i_multifmt_slice/gen_num_lanes[0].active_lane.lane_instance.i_fpnew_cast_multi/mem_q_reg[7][sbe][ex][cause][4]_i_52_n_0
                         LUT6 (Prop_lut6_I0_O)        0.242    16.699 r  i_ariane/i_cva6/ex_stage_i/fpu_gen.fpu_i/fpu_gen.i_fpnew_bulk/gen_operation_groups[3].i_opgroup_block/gen_merged_slice.i_multifmt_slice/gen_num_lanes[0].active_lane.lane_instance.i_fpnew_cast_multi/mem_q[7][sbe][ex][cause][4]_i_36/O
                         net (fo=1, unplaced)         0.347    17.046    i_ariane/i_cva6/ex_stage_i/fpu_gen.fpu_i/fpu_gen.i_fpnew_bulk/gen_operation_groups[3].i_opgroup_block/gen_merged_slice.i_multifmt_slice/gen_num_lanes[0].active_lane.lane_instance.i_fpnew_cast_multi/of_after_round
                         LUT6 (Prop_lut6_I5_O)        0.105    17.151 r  i_ariane/i_cva6/ex_stage_i/fpu_gen.fpu_i/fpu_gen.i_fpnew_bulk/gen_operation_groups[3].i_opgroup_block/gen_merged_slice.i_multifmt_slice/gen_num_lanes[0].active_lane.lane_instance.i_fpnew_cast_multi/mem_q[7][sbe][ex][cause][4]_i_28/O
                         net (fo=3, unplaced)         0.365    17.516    i_ariane/i_cva6/ex_stage_i/fpu_gen.fpu_i/fpu_gen.i_fpnew_bulk/gen_operation_groups[3].i_opgroup_block/gen_merged_slice.i_multifmt_slice/gen_num_lanes[0].active_lane.lane_instance.i_fpnew_cast_multi/int_regular_status[NV]
                         LUT6 (Prop_lut6_I0_O)        0.105    17.621 r  i_ariane/i_cva6/ex_stage_i/fpu_gen.fpu_i/fpu_gen.i_fpnew_bulk/gen_operation_groups[3].i_opgroup_block/gen_merged_slice.i_multifmt_slice/gen_num_lanes[0].active_lane.lane_instance.i_fpnew_cast_multi/mem_q[7][sbe][ex][cause][0]_i_9/O
                         net (fo=66, unplaced)        0.436    18.057    i_ariane/i_cva6/ex_stage_i/fpu_gen.fpu_i/fpu_gen.i_fpnew_bulk/gen_operation_groups[3].i_opgroup_block/gen_merged_slice.i_multifmt_slice/gen_num_lanes[0].active_lane.lane_instance.i_fpnew_cast_multi/int_result_is_special
                         LUT6 (Prop_lut6_I4_O)        0.105    18.162 r  i_ariane/i_cva6/ex_stage_i/fpu_gen.fpu_i/fpu_gen.i_fpnew_bulk/gen_operation_groups[3].i_opgroup_block/gen_merged_slice.i_multifmt_slice/gen_num_lanes[0].active_lane.lane_instance.i_fpnew_cast_multi/mem_q[7][sbe][result][63]_i_32/O
                         net (fo=2, unplaced)         0.358    18.520    i_ariane/i_cva6/ex_stage_i/fpu_gen.fpu_i/fpu_gen.i_fpnew_bulk/gen_operation_groups[3].i_opgroup_block/gen_merged_slice.i_multifmt_slice/gen_num_lanes[0].active_lane.lane_instance.i_fpnew_cast_multi/int_result[63]
                         LUT2 (Prop_lut2_I0_O)        0.105    18.625 r  i_ariane/i_cva6/ex_stage_i/fpu_gen.fpu_i/fpu_gen.i_fpnew_bulk/gen_operation_groups[3].i_opgroup_block/gen_merged_slice.i_multifmt_slice/gen_num_lanes[0].active_lane.lane_instance.i_fpnew_cast_multi/mem_q[7][sbe][result][50]_i_13/O
                         net (fo=21, unplaced)        0.408    19.033    i_ariane/i_cva6/ex_stage_i/fpu_gen.fpu_i/fpu_gen.i_fpnew_bulk/gen_operation_groups[3].i_opgroup_block/gen_merged_slice.i_multifmt_slice/gen_num_lanes[0].active_lane.lane_instance.i_fpnew_cast_multi/mem_q[7][sbe][result][50]_i_13_n_0
                         LUT5 (Prop_lut5_I0_O)        0.105    19.138 r  i_ariane/i_cva6/ex_stage_i/fpu_gen.fpu_i/fpu_gen.i_fpnew_bulk/gen_operation_groups[3].i_opgroup_block/gen_merged_slice.i_multifmt_slice/gen_num_lanes[0].active_lane.lane_instance.i_fpnew_cast_multi/mem_q[7][sbe][result][50]_i_5/O
                         net (fo=40, unplaced)        0.424    19.562    i_ariane/i_cva6/ex_stage_i/fpu_gen.fpu_i/fpu_gen.i_fpnew_bulk/gen_operation_groups[3].i_opgroup_block/gen_merged_slice.i_multifmt_slice/gen_num_lanes[0].active_lane.lane_instance.i_fpnew_cast_multi/mem_q[7][sbe][result][50]_i_5_n_0
                         LUT6 (Prop_lut6_I5_O)        0.105    19.667 r  i_ariane/i_cva6/ex_stage_i/fpu_gen.fpu_i/fpu_gen.i_fpnew_bulk/gen_operation_groups[3].i_opgroup_block/gen_merged_slice.i_multifmt_slice/gen_num_lanes[0].active_lane.lane_instance.i_fpnew_cast_multi/mem_q[7][sbe][result][63]_i_15/O
                         net (fo=1, unplaced)         0.347    20.014    i_ariane/i_cva6/ex_stage_i/fpu_gen.fpu_i/fpu_gen.i_fpnew_bulk/gen_operation_groups[2].i_opgroup_block/gen_parallel_slices[0].active_format.i_fmt_slice/gen_num_lanes[0].active_lane.lane_instance.i_noncomp/opgrp_outputs[3][result][0]
                         LUT6 (Prop_lut6_I0_O)        0.105    20.119 r  i_ariane/i_cva6/ex_stage_i/fpu_gen.fpu_i/fpu_gen.i_fpnew_bulk/gen_operation_groups[2].i_opgroup_block/gen_parallel_slices[0].active_format.i_fmt_slice/gen_num_lanes[0].active_lane.lane_instance.i_noncomp/mem_q[7][sbe][result][63]_i_8/O
                         net (fo=1, unplaced)         0.000    20.119    i_ariane/i_cva6/ex_stage_i/fpu_gen.fpu_i/fpu_gen.i_fpnew_bulk/gen_operation_groups[0].i_opgroup_block/gen_parallel_slices[0].active_format.i_fmt_slice/gen_num_lanes[0].active_lane.lane_instance.i_fma/gen_arbiter.data_nodes[2][result][44]
                         MUXF7 (Prop_muxf7_I1_O)      0.206    20.325 r  i_ariane/i_cva6/ex_stage_i/fpu_gen.fpu_i/fpu_gen.i_fpnew_bulk/gen_operation_groups[0].i_opgroup_block/gen_parallel_slices[0].active_format.i_fmt_slice/gen_num_lanes[0].active_lane.lane_instance.i_fma/mem_q_reg[7][sbe][result][63]_i_4/O
                         net (fo=14, unplaced)        0.400    20.725    i_ariane/i_cva6/ex_stage_i/fpu_gen.fpu_i/fpu_gen.i_fpnew_bulk/gen_operation_groups[0].i_opgroup_block/gen_parallel_slices[0].active_format.i_fmt_slice/gen_num_lanes[0].active_lane.lane_instance.i_fma/gen_arbiter.gen_int_rr.rr_q_reg[1]_4
                         LUT2 (Prop_lut2_I0_O)        0.242    20.967 f  i_ariane/i_cva6/ex_stage_i/fpu_gen.fpu_i/fpu_gen.i_fpnew_bulk/gen_operation_groups[0].i_opgroup_block/gen_parallel_slices[0].active_format.i_fmt_slice/gen_num_lanes[0].active_lane.lane_instance.i_fma/fu_data_q[0][operand_a][63]_i_54/O
                         net (fo=3, unplaced)         0.365    21.332    i_ariane/i_cva6/ex_stage_i/fpu_gen.fpu_i/fpu_gen.i_fpnew_bulk/gen_operation_groups[3].i_opgroup_block/gen_merged_slice.i_multifmt_slice/gen_num_lanes[0].active_lane.lane_instance.i_fpnew_cast_multi/fu_data_q[0][imm][63]_i_10
                         LUT6 (Prop_lut6_I5_O)        0.105    21.437 f  i_ariane/i_cva6/ex_stage_i/fpu_gen.fpu_i/fpu_gen.i_fpnew_bulk/gen_operation_groups[3].i_opgroup_block/gen_merged_slice.i_multifmt_slice/gen_num_lanes[0].active_lane.lane_instance.i_fpnew_cast_multi/fu_data_q[0][operand_a][63]_i_24/O
                         net (fo=3, unplaced)         0.365    21.802    i_ariane/i_cva6/ex_stage_i/fpu_gen.fpu_i/fpu_gen.i_fpnew_bulk/gen_operation_groups[0].i_opgroup_block/gen_parallel_slices[0].active_format.i_fmt_slice/gen_num_lanes[0].active_lane.lane_instance.i_fma/fu_data_q_reg[0][operand_b][63]_i_5_0
                         LUT6 (Prop_lut6_I3_O)        0.105    21.907 f  i_ariane/i_cva6/ex_stage_i/fpu_gen.fpu_i/fpu_gen.i_fpnew_bulk/gen_operation_groups[0].i_opgroup_block/gen_parallel_slices[0].active_format.i_fmt_slice/gen_num_lanes[0].active_lane.lane_instance.i_fma/fu_data_q[0][operand_a][63]_i_7/O
                         net (fo=1, unplaced)         0.000    21.907    i_ariane/i_cva6/ex_stage_i/fpu_gen.fpu_i/fpu_gen.i_fpnew_bulk/gen_operation_groups[3].i_opgroup_block/gen_merged_slice.i_multifmt_slice/gen_num_lanes[0].active_lane.lane_instance.i_fpnew_cast_multi/fu_data_q_reg[0][operand_a][63]_0
                         MUXF7 (Prop_muxf7_I1_O)      0.206    22.113 f  i_ariane/i_cva6/ex_stage_i/fpu_gen.fpu_i/fpu_gen.i_fpnew_bulk/gen_operation_groups[3].i_opgroup_block/gen_merged_slice.i_multifmt_slice/gen_num_lanes[0].active_lane.lane_instance.i_fpnew_cast_multi/fu_data_q_reg[0][operand_a][63]_i_2/O
                         net (fo=1, unplaced)         0.349    22.462    i_ariane/i_cva6/id_stage_i/fu_data_q_reg[0][operand_a][63]
                         LUT6 (Prop_lut6_I0_O)        0.242    22.704 r  i_ariane/i_cva6/id_stage_i/fu_data_q[0][operand_a][63]_i_1/O
                         net (fo=2, unplaced)         0.000    22.704    i_ariane/i_cva6/ex_stage_i/vaddr_to_be_flushed_reg[63]_0[63]
                         FDCE                                         r  i_ariane/i_cva6/ex_stage_i/vaddr_to_be_flushed_reg[63]/D
  -------------------------------------------------------------------    -------------------

                         (clock clk_i rise edge)     10.000    10.000 r  
                                                      0.000    10.000 r  clk_i (IN)
                         net (fo=33654, unset)        0.748    10.748    i_ariane/i_cva6/ex_stage_i/clk_i
                         FDCE                                         r  i_ariane/i_cva6/ex_stage_i/vaddr_to_be_flushed_reg[63]/C
                         clock pessimism              0.000    10.748    
                         clock uncertainty           -0.035    10.712    
                         FDCE (Setup_fdce_C_D)        0.043    10.755    i_ariane/i_cva6/ex_stage_i/vaddr_to_be_flushed_reg[63]
  -------------------------------------------------------------------
                         required time                         10.755    
                         arrival time                         -22.704    
  -------------------------------------------------------------------
                         slack                                -11.949    

Slack (VIOLATED) :        -11.949ns  (required time - arrival time)
  Source:                 i_ariane/i_cva6/ex_stage_i/fpu_gen.fpu_i/fpu_gen.i_fpnew_bulk/gen_operation_groups[3].i_opgroup_block/gen_merged_slice.i_multifmt_slice/gen_num_lanes[0].active_lane.lane_instance.i_fpnew_cast_multi/gen_inside_pipeline[0].mid_pipe_dst_fmt_q_reg[1][2]_rep/C
                            (rising edge-triggered cell FDCE clocked by clk_i  {rise@0.000ns fall@5.000ns period=10.000ns})
  Destination:            i_ariane/i_cva6/ex_stage_i/vaddr_to_be_flushed_reg[63]/D
                            (rising edge-triggered cell FDCE clocked by clk_i  {rise@0.000ns fall@5.000ns period=10.000ns})
  Path Group:             clk_i
  Path Type:              Setup (Max at Slow Process Corner)
  Requirement:            10.000ns  (clk_i rise@10.000ns - clk_i rise@0.000ns)
  Data Path Delay:        21.917ns  (logic 8.887ns (40.548%)  route 13.030ns (59.452%))
  Logic Levels:           52  (CARRY4=23 LUT1=1 LUT2=2 LUT3=2 LUT4=1 LUT5=4 LUT6=16 MUXF7=3)
  Clock Path Skew:        -0.039ns (DCD - SCD + CPR)
    Destination Clock Delay (DCD):    0.748ns = ( 10.748 - 10.000 ) 
    Source Clock Delay      (SCD):    0.787ns
    Clock Pessimism Removal (CPR):    0.000ns
  Clock Uncertainty:      0.035ns  ((TSJ^2 + TIJ^2)^1/2 + DJ) / 2 + PE
    Total System Jitter     (TSJ):    0.071ns
    Total Input Jitter      (TIJ):    0.000ns
    Discrete Jitter          (DJ):    0.000ns
    Phase Error              (PE):    0.000ns

    Location             Delay type                Incr(ns)  Path(ns)    Netlist Resource(s)
  -------------------------------------------------------------------    -------------------
                         (clock clk_i rise edge)      0.000     0.000 r  
                                                      0.000     0.000 r  clk_i (IN)
                         net (fo=33654, unset)        0.787     0.787    i_ariane/i_cva6/ex_stage_i/fpu_gen.fpu_i/fpu_gen.i_fpnew_bulk/gen_operation_groups[3].i_opgroup_block/gen_merged_slice.i_multifmt_slice/gen_num_lanes[0].active_lane.lane_instance.i_fpnew_cast_multi/clk_i
                         FDCE                                         r  i_ariane/i_cva6/ex_stage_i/fpu_gen.fpu_i/fpu_gen.i_fpnew_bulk/gen_operation_groups[3].i_opgroup_block/gen_merged_slice.i_multifmt_slice/gen_num_lanes[0].active_lane.lane_instance.i_fpnew_cast_multi/gen_inside_pipeline[0].mid_pipe_dst_fmt_q_reg[1][2]_rep/C
  -------------------------------------------------------------------    -------------------
                         FDCE (Prop_fdce_C_Q)         0.397     1.184 r  i_ariane/i_cva6/ex_stage_i/fpu_gen.fpu_i/fpu_gen.i_fpnew_bulk/gen_operation_groups[3].i_opgroup_block/gen_merged_slice.i_multifmt_slice/gen_num_lanes[0].active_lane.lane_instance.i_fpnew_cast_multi/gen_inside_pipeline[0].mid_pipe_dst_fmt_q_reg[1][2]_rep/Q
                         net (fo=165, unplaced)       0.737     1.921    i_ariane/i_cva6/ex_stage_i/fpu_gen.fpu_i/fpu_gen.i_fpnew_bulk/gen_operation_groups[3].i_opgroup_block/gen_merged_slice.i_multifmt_slice/gen_num_lanes[0].active_lane.lane_instance.i_fpnew_cast_multi/gen_inside_pipeline[0].mid_pipe_dst_fmt_q_reg[1][2]_rep_n_0
                         LUT3 (Prop_lut3_I0_O)        0.232     2.153 r  i_ariane/i_cva6/ex_stage_i/fpu_gen.fpu_i/fpu_gen.i_fpnew_bulk/gen_operation_groups[3].i_opgroup_block/gen_merged_slice.i_multifmt_slice/gen_num_lanes[0].active_lane.lane_instance.i_fpnew_cast_multi/mem_q[7][sbe][result][59]_i_188/O
                         net (fo=1, unplaced)         0.258     2.411    i_ariane/i_cva6/ex_stage_i/fpu_gen.fpu_i/fpu_gen.i_fpnew_bulk/gen_operation_groups[3].i_opgroup_block/gen_merged_slice.i_multifmt_slice/gen_num_lanes[0].active_lane.lane_instance.i_fpnew_cast_multi/preshift_mant3[0]
                         CARRY4 (Prop_carry4_CYINIT_CO[3])
                                                      0.494     2.905 r  i_ariane/i_cva6/ex_stage_i/fpu_gen.fpu_i/fpu_gen.i_fpnew_bulk/gen_operation_groups[3].i_opgroup_block/gen_merged_slice.i_multifmt_slice/gen_num_lanes[0].active_lane.lane_instance.i_fpnew_cast_multi/mem_q_reg[7][sbe][result][59]_i_177/CO[3]
                         net (fo=1, unplaced)         0.000     2.905    i_ariane/i_cva6/ex_stage_i/fpu_gen.fpu_i/fpu_gen.i_fpnew_bulk/gen_operation_groups[3].i_opgroup_block/gen_merged_slice.i_multifmt_slice/gen_num_lanes[0].active_lane.lane_instance.i_fpnew_cast_multi/mem_q_reg[7][sbe][result][59]_i_177_n_0
                         CARRY4 (Prop_carry4_CI_CO[3])
                                                      0.100     3.005 r  i_ariane/i_cva6/ex_stage_i/fpu_gen.fpu_i/fpu_gen.i_fpnew_bulk/gen_operation_groups[3].i_opgroup_block/gen_merged_slice.i_multifmt_slice/gen_num_lanes[0].active_lane.lane_instance.i_fpnew_cast_multi/mem_q_reg[7][sbe][ex][cause][4]_i_139/CO[3]
                         net (fo=1, unplaced)         0.000     3.005    i_ariane/i_cva6/ex_stage_i/fpu_gen.fpu_i/fpu_gen.i_fpnew_bulk/gen_operation_groups[3].i_opgroup_block/gen_merged_slice.i_multifmt_slice/gen_num_lanes[0].active_lane.lane_instance.i_fpnew_cast_multi/mem_q_reg[7][sbe][ex][cause][4]_i_139_n_0
                         CARRY4 (Prop_carry4_CI_O[1])
                                                      0.269     3.274 f  i_ariane/i_cva6/ex_stage_i/fpu_gen.fpu_i/fpu_gen.i_fpnew_bulk/gen_operation_groups[3].i_opgroup_block/gen_merged_slice.i_multifmt_slice/gen_num_lanes[0].active_lane.lane_instance.i_fpnew_cast_multi/mem_q_reg[7][sbe][ex][cause][4]_i_100/O[1]
                         net (fo=3, unplaced)         0.490     3.764    i_ariane/i_cva6/ex_stage_i/fpu_gen.fpu_i/fpu_gen.i_fpnew_bulk/gen_operation_groups[3].i_opgroup_block/gen_merged_slice.i_multifmt_slice/gen_num_lanes[0].active_lane.lane_instance.i_fpnew_cast_multi/mem_q_reg[7][sbe][ex][cause][4]_i_100_n_6
                         LUT4 (Prop_lut4_I1_O)        0.266     4.030 r  i_ariane/i_cva6/ex_stage_i/fpu_gen.fpu_i/fpu_gen.i_fpnew_bulk/gen_operation_groups[3].i_opgroup_block/gen_merged_slice.i_multifmt_slice/gen_num_lanes[0].active_lane.lane_instance.i_fpnew_cast_multi/mem_q[7][sbe][ex][cause][4]_i_94/O
                         net (fo=1, unplaced)         0.000     4.030    i_ariane/i_cva6/ex_stage_i/fpu_gen.fpu_i/fpu_gen.i_fpnew_bulk/gen_operation_groups[3].i_opgroup_block/gen_merged_slice.i_multifmt_slice/gen_num_lanes[0].active_lane.lane_instance.i_fpnew_cast_multi/mem_q[7][sbe][ex][cause][4]_i_94_n_0
                         CARRY4 (Prop_carry4_DI[1]_CO[3])
                                                      0.451     4.481 r  i_ariane/i_cva6/ex_stage_i/fpu_gen.fpu_i/fpu_gen.i_fpnew_bulk/gen_operation_groups[3].i_opgroup_block/gen_merged_slice.i_multifmt_slice/gen_num_lanes[0].active_lane.lane_instance.i_fpnew_cast_multi/mem_q_reg[7][sbe][ex][cause][4]_i_58/CO[3]
                         net (fo=1, unplaced)         0.000     4.481    i_ariane/i_cva6/ex_stage_i/fpu_gen.fpu_i/fpu_gen.i_fpnew_bulk/gen_operation_groups[3].i_opgroup_block/gen_merged_slice.i_multifmt_slice/gen_num_lanes[0].active_lane.lane_instance.i_fpnew_cast_multi/mem_q_reg[7][sbe][ex][cause][4]_i_58_n_0
                         CARRY4 (Prop_carry4_CI_CO[3])
                                                      0.100     4.581 r  i_ariane/i_cva6/ex_stage_i/fpu_gen.fpu_i/fpu_gen.i_fpnew_bulk/gen_operation_groups[3].i_opgroup_block/gen_merged_slice.i_multifmt_slice/gen_num_lanes[0].active_lane.lane_instance.i_fpnew_cast_multi/mem_q_reg[7][sbe][ex][cause][4]_i_40/CO[3]
                         net (fo=1, unplaced)         0.000     4.581    i_ariane/i_cva6/ex_stage_i/fpu_gen.fpu_i/fpu_gen.i_fpnew_bulk/gen_operation_groups[3].i_opgroup_block/gen_merged_slice.i_multifmt_slice/gen_num_lanes[0].active_lane.lane_instance.i_fpnew_cast_multi/mem_q_reg[7][sbe][ex][cause][4]_i_40_n_0
                         CARRY4 (Prop_carry4_CI_CO[3])
                                                      0.100     4.681 f  i_ariane/i_cva6/ex_stage_i/fpu_gen.fpu_i/fpu_gen.i_fpnew_bulk/gen_operation_groups[3].i_opgroup_block/gen_merged_slice.i_multifmt_slice/gen_num_lanes[0].active_lane.lane_instance.i_fpnew_cast_multi/mem_q_reg[7][sbe][ex][cause][4]_i_34/CO[3]
                         net (fo=146, unplaced)       0.719     5.400    i_ariane/i_cva6/ex_stage_i/fpu_gen.fpu_i/fpu_gen.i_fpnew_bulk/gen_operation_groups[3].i_opgroup_block/gen_merged_slice.i_multifmt_slice/gen_num_lanes[0].active_lane.lane_instance.i_fpnew_cast_multi/preshift_mant1
                         LUT5 (Prop_lut5_I2_O)        0.105     5.505 f  i_ariane/i_cva6/ex_stage_i/fpu_gen.fpu_i/fpu_gen.i_fpnew_bulk/gen_operation_groups[3].i_opgroup_block/gen_merged_slice.i_multifmt_slice/gen_num_lanes[0].active_lane.lane_instance.i_fpnew_cast_multi/mem_q[7][sbe][ex][cause][0]_i_331/O
                         net (fo=4, unplaced)         0.802     6.307    i_ariane/i_cva6/ex_stage_i/fpu_gen.fpu_i/fpu_gen.i_fpnew_bulk/gen_operation_groups[3].i_opgroup_block/gen_merged_slice.i_multifmt_slice/gen_num_lanes[0].active_lane.lane_instance.i_fpnew_cast_multi/preshift_mant[90]
                         LUT5 (Prop_lut5_I0_O)        0.105     6.412 f  i_ariane/i_cva6/ex_stage_i/fpu_gen.fpu_i/fpu_gen.i_fpnew_bulk/gen_operation_groups[3].i_opgroup_block/gen_merged_slice.i_multifmt_slice/gen_num_lanes[0].active_lane.lane_instance.i_fpnew_cast_multi/mem_q[7][sbe][ex][cause][0]_i_566/O
                         net (fo=4, unplaced)         0.606     7.018    i_ariane/i_cva6/ex_stage_i/fpu_gen.fpu_i/fpu_gen.i_fpnew_bulk/gen_operation_groups[3].i_opgroup_block/gen_merged_slice.i_multifmt_slice/gen_num_lanes[0].active_lane.lane_instance.i_fpnew_cast_multi/mem_q[7][sbe][ex][cause][0]_i_566_n_0
                         LUT6 (Prop_lut6_I1_O)        0.105     7.123 f  i_ariane/i_cva6/ex_stage_i/fpu_gen.fpu_i/fpu_gen.i_fpnew_bulk/gen_operation_groups[3].i_opgroup_block/gen_merged_slice.i_multifmt_slice/gen_num_lanes[0].active_lane.lane_instance.i_fpnew_cast_multi/mem_q[7][sbe][ex][cause][0]_i_415/O
                         net (fo=4, unplaced)         0.606     7.729    i_ariane/i_cva6/ex_stage_i/fpu_gen.fpu_i/fpu_gen.i_fpnew_bulk/gen_operation_groups[3].i_opgroup_block/gen_merged_slice.i_multifmt_slice/gen_num_lanes[0].active_lane.lane_instance.i_fpnew_cast_multi/mem_q[7][sbe][ex][cause][0]_i_415_n_0
                         LUT6 (Prop_lut6_I1_O)        0.105     7.834 f  i_ariane/i_cva6/ex_stage_i/fpu_gen.fpu_i/fpu_gen.i_fpnew_bulk/gen_operation_groups[3].i_opgroup_block/gen_merged_slice.i_multifmt_slice/gen_num_lanes[0].active_lane.lane_instance.i_fpnew_cast_multi/mem_q[7][sbe][ex][cause][0]_i_179/O
                         net (fo=3, unplaced)         0.796     8.630    i_ariane/i_cva6/ex_stage_i/fpu_gen.fpu_i/fpu_gen.i_fpnew_bulk/gen_operation_groups[3].i_opgroup_block/gen_merged_slice.i_multifmt_slice/gen_num_lanes[0].active_lane.lane_instance.i_fpnew_cast_multi/mem_q[7][sbe][ex][cause][0]_i_179_n_0
                         LUT6 (Prop_lut6_I0_O)        0.105     8.735 f  i_ariane/i_cva6/ex_stage_i/fpu_gen.fpu_i/fpu_gen.i_fpnew_bulk/gen_operation_groups[3].i_opgroup_block/gen_merged_slice.i_multifmt_slice/gen_num_lanes[0].active_lane.lane_instance.i_fpnew_cast_multi/mem_q[7][sbe][ex][cause][0]_i_225/O
                         net (fo=1, unplaced)         0.782     9.517    i_ariane/i_cva6/ex_stage_i/fpu_gen.fpu_i/fpu_gen.i_fpnew_bulk/gen_operation_groups[3].i_opgroup_block/gen_merged_slice.i_multifmt_slice/gen_num_lanes[0].active_lane.lane_instance.i_fpnew_cast_multi/mem_q[7][sbe][ex][cause][0]_i_225_n_0
                         LUT6 (Prop_lut6_I0_O)        0.105     9.622 f  i_ariane/i_cva6/ex_stage_i/fpu_gen.fpu_i/fpu_gen.i_fpnew_bulk/gen_operation_groups[3].i_opgroup_block/gen_merged_slice.i_multifmt_slice/gen_num_lanes[0].active_lane.lane_instance.i_fpnew_cast_multi/mem_q[7][sbe][ex][cause][0]_i_81/O
                         net (fo=1, unplaced)         0.778    10.400    i_ariane/i_cva6/ex_stage_i/fpu_gen.fpu_i/fpu_gen.i_fpnew_bulk/gen_operation_groups[3].i_opgroup_block/gen_merged_slice.i_multifmt_slice/gen_num_lanes[0].active_lane.lane_instance.i_fpnew_cast_multi/mem_q[7][sbe][ex][cause][0]_i_81_n_0
                         LUT6 (Prop_lut6_I1_O)        0.105    10.505 f  i_ariane/i_cva6/ex_stage_i/fpu_gen.fpu_i/fpu_gen.i_fpnew_bulk/gen_operation_groups[3].i_opgroup_block/gen_merged_slice.i_multifmt_slice/gen_num_lanes[0].active_lane.lane_instance.i_fpnew_cast_multi/mem_q[7][sbe][ex][cause][0]_i_25/O
                         net (fo=4, unplaced)         0.606    11.111    i_ariane/i_cva6/ex_stage_i/fpu_gen.fpu_i/fpu_gen.i_fpnew_bulk/gen_operation_groups[3].i_opgroup_block/gen_merged_slice.i_multifmt_slice/gen_num_lanes[0].active_lane.lane_instance.i_fpnew_cast_multi/fp_round_sticky_bits[0]
                         LUT6 (Prop_lut6_I0_O)        0.105    11.216 f  i_ariane/i_cva6/ex_stage_i/fpu_gen.fpu_i/fpu_gen.i_fpnew_bulk/gen_operation_groups[3].i_opgroup_block/gen_merged_slice.i_multifmt_slice/gen_num_lanes[0].active_lane.lane_instance.i_fpnew_cast_multi/mem_q[7][sbe][result][0]_i_174/O
                         net (fo=1, unplaced)         0.347    11.563    i_ariane/i_cva6/ex_stage_i/fpu_gen.fpu_i/fpu_gen.i_fpnew_bulk/gen_operation_groups[3].i_opgroup_block/gen_merged_slice.i_multifmt_slice/gen_num_lanes[0].active_lane.lane_instance.i_fpnew_cast_multi/mem_q[7][sbe][result][0]_i_174_n_0
                         LUT6 (Prop_lut6_I5_O)        0.105    11.668 r  i_ariane/i_cva6/ex_stage_i/fpu_gen.fpu_i/fpu_gen.i_fpnew_bulk/gen_operation_groups[3].i_opgroup_block/gen_merged_slice.i_multifmt_slice/gen_num_lanes[0].active_lane.lane_instance.i_fpnew_cast_multi/mem_q[7][sbe][result][0]_i_114/O
                         net (fo=1, unplaced)         0.000    11.668    i_ariane/i_cva6/ex_stage_i/fpu_gen.fpu_i/fpu_gen.i_fpnew_bulk/gen_operation_groups[3].i_opgroup_block/gen_merged_slice.i_multifmt_slice/gen_num_lanes[0].active_lane.lane_instance.i_fpnew_cast_multi/mem_q[7][sbe][result][0]_i_114_n_0
                         CARRY4 (Prop_carry4_S[0]_CO[3])
                                                      0.423    12.091 r  i_ariane/i_cva6/ex_stage_i/fpu_gen.fpu_i/fpu_gen.i_fpnew_bulk/gen_operation_groups[3].i_opgroup_block/gen_merged_slice.i_multifmt_slice/gen_num_lanes[0].active_lane.lane_instance.i_fpnew_cast_multi/mem_q_reg[7][sbe][result][0]_i_66/CO[3]
                         net (fo=1, unplaced)         0.000    12.091    i_ariane/i_cva6/ex_stage_i/fpu_gen.fpu_i/fpu_gen.i_fpnew_bulk/gen_operation_groups[3].i_opgroup_block/gen_merged_slice.i_multifmt_slice/gen_num_lanes[0].active_lane.lane_instance.i_fpnew_cast_multi/mem_q_reg[7][sbe][result][0]_i_66_n_0
                         CARRY4 (Prop_carry4_CI_CO[3])
                                                      0.100    12.191 r  i_ariane/i_cva6/ex_stage_i/fpu_gen.fpu_i/fpu_gen.i_fpnew_bulk/gen_operation_groups[3].i_opgroup_block/gen_merged_slice.i_multifmt_slice/gen_num_lanes[0].active_lane.lane_instance.i_fpnew_cast_multi/mem_q_reg[7][sbe][result][7]_i_77/CO[3]
                         net (fo=1, unplaced)         0.000    12.191    i_ariane/i_cva6/ex_stage_i/fpu_gen.fpu_i/fpu_gen.i_fpnew_bulk/gen_operation_groups[3].i_opgroup_block/gen_merged_slice.i_multifmt_slice/gen_num_lanes[0].active_lane.lane_instance.i_fpnew_cast_multi/mem_q_reg[7][sbe][result][7]_i_77_n_0
                         CARRY4 (Prop_carry4_CI_CO[3])
                                                      0.100    12.291 r  i_ariane/i_cva6/ex_stage_i/fpu_gen.fpu_i/fpu_gen.i_fpnew_bulk/gen_operation_groups[3].i_opgroup_block/gen_merged_slice.i_multifmt_slice/gen_num_lanes[0].active_lane.lane_instance.i_fpnew_cast_multi/mem_q_reg[7][sbe][result][11]_i_56/CO[3]
                         net (fo=1, unplaced)         0.000    12.291    i_ariane/i_cva6/ex_stage_i/fpu_gen.fpu_i/fpu_gen.i_fpnew_bulk/gen_operation_groups[3].i_opgroup_block/gen_merged_slice.i_multifmt_slice/gen_num_lanes[0].active_lane.lane_instance.i_fpnew_cast_multi/mem_q_reg[7][sbe][result][11]_i_56_n_0
                         CARRY4 (Prop_carry4_CI_CO[3])
                                                      0.100    12.391 r  i_ariane/i_cva6/ex_stage_i/fpu_gen.fpu_i/fpu_gen.i_fpnew_bulk/gen_operation_groups[3].i_opgroup_block/gen_merged_slice.i_multifmt_slice/gen_num_lanes[0].active_lane.lane_instance.i_fpnew_cast_multi/mem_q_reg[7][sbe][result][15]_i_77/CO[3]
                         net (fo=1, unplaced)         0.000    12.391    i_ariane/i_cva6/ex_stage_i/fpu_gen.fpu_i/fpu_gen.i_fpnew_bulk/gen_operation_groups[3].i_opgroup_block/gen_merged_slice.i_multifmt_slice/gen_num_lanes[0].active_lane.lane_instance.i_fpnew_cast_multi/mem_q_reg[7][sbe][result][15]_i_77_n_0
                         CARRY4 (Prop_carry4_CI_CO[3])
                                                      0.100    12.491 r  i_ariane/i_cva6/ex_stage_i/fpu_gen.fpu_i/fpu_gen.i_fpnew_bulk/gen_operation_groups[3].i_opgroup_block/gen_merged_slice.i_multifmt_slice/gen_num_lanes[0].active_lane.lane_instance.i_fpnew_cast_multi/mem_q_reg[7][sbe][result][19]_i_57/CO[3]
                         net (fo=1, unplaced)         0.000    12.491    i_ariane/i_cva6/ex_stage_i/fpu_gen.fpu_i/fpu_gen.i_fpnew_bulk/gen_operation_groups[3].i_opgroup_block/gen_merged_slice.i_multifmt_slice/gen_num_lanes[0].active_lane.lane_instance.i_fpnew_cast_multi/mem_q_reg[7][sbe][result][19]_i_57_n_0
                         CARRY4 (Prop_carry4_CI_CO[3])
                                                      0.100    12.591 r  i_ariane/i_cva6/ex_stage_i/fpu_gen.fpu_i/fpu_gen.i_fpnew_bulk/gen_operation_groups[3].i_opgroup_block/gen_merged_slice.i_multifmt_slice/gen_num_lanes[0].active_lane.lane_instance.i_fpnew_cast_multi/mem_q_reg[7][sbe][result][23]_i_77/CO[3]
                         net (fo=1, unplaced)         0.000    12.591    i_ariane/i_cva6/ex_stage_i/fpu_gen.fpu_i/fpu_gen.i_fpnew_bulk/gen_operation_groups[3].i_opgroup_block/gen_merged_slice.i_multifmt_slice/gen_num_lanes[0].active_lane.lane_instance.i_fpnew_cast_multi/mem_q_reg[7][sbe][result][23]_i_77_n_0
                         CARRY4 (Prop_carry4_CI_CO[3])
                                                      0.100    12.691 r  i_ariane/i_cva6/ex_stage_i/fpu_gen.fpu_i/fpu_gen.i_fpnew_bulk/gen_operation_groups[3].i_opgroup_block/gen_merged_slice.i_multifmt_slice/gen_num_lanes[0].active_lane.lane_instance.i_fpnew_cast_multi/mem_q_reg[7][sbe][ex][cause][1]_i_27/CO[3]
                         net (fo=1, unplaced)         0.000    12.691    i_ariane/i_cva6/ex_stage_i/fpu_gen.fpu_i/fpu_gen.i_fpnew_bulk/gen_operation_groups[3].i_opgroup_block/gen_merged_slice.i_multifmt_slice/gen_num_lanes[0].active_lane.lane_instance.i_fpnew_cast_multi/mem_q_reg[7][sbe][ex][cause][1]_i_27_n_0
                         CARRY4 (Prop_carry4_CI_CO[3])
                                                      0.100    12.791 r  i_ariane/i_cva6/ex_stage_i/fpu_gen.fpu_i/fpu_gen.i_fpnew_bulk/gen_operation_groups[3].i_opgroup_block/gen_merged_slice.i_multifmt_slice/gen_num_lanes[0].active_lane.lane_instance.i_fpnew_cast_multi/mem_q_reg[7][sbe][result][35]_i_47/CO[3]
                         net (fo=1, unplaced)         0.000    12.791    i_ariane/i_cva6/ex_stage_i/fpu_gen.fpu_i/fpu_gen.i_fpnew_bulk/gen_operation_groups[3].i_opgroup_block/gen_merged_slice.i_multifmt_slice/gen_num_lanes[0].active_lane.lane_instance.i_fpnew_cast_multi/mem_q_reg[7][sbe][result][35]_i_47_n_0
                         CARRY4 (Prop_carry4_CI_CO[3])
                                                      0.100    12.891 r  i_ariane/i_cva6/ex_stage_i/fpu_gen.fpu_i/fpu_gen.i_fpnew_bulk/gen_operation_groups[3].i_opgroup_block/gen_merged_slice.i_multifmt_slice/gen_num_lanes[0].active_lane.lane_instance.i_fpnew_cast_multi/mem_q_reg[7][sbe][result][35]_i_27/CO[3]
                         net (fo=1, unplaced)         0.000    12.891    i_ariane/i_cva6/ex_stage_i/fpu_gen.fpu_i/fpu_gen.i_fpnew_bulk/gen_operation_groups[3].i_opgroup_block/gen_merged_slice.i_multifmt_slice/gen_num_lanes[0].active_lane.lane_instance.i_fpnew_cast_multi/mem_q_reg[7][sbe][result][35]_i_27_n_0
                         CARRY4 (Prop_carry4_CI_CO[3])
                                                      0.100    12.991 r  i_ariane/i_cva6/ex_stage_i/fpu_gen.fpu_i/fpu_gen.i_fpnew_bulk/gen_operation_groups[3].i_opgroup_block/gen_merged_slice.i_multifmt_slice/gen_num_lanes[0].active_lane.lane_instance.i_fpnew_cast_multi/mem_q_reg[7][sbe][result][39]_i_16/CO[3]
                         net (fo=1, unplaced)         0.000    12.991    i_ariane/i_cva6/ex_stage_i/fpu_gen.fpu_i/fpu_gen.i_fpnew_bulk/gen_operation_groups[3].i_opgroup_block/gen_merged_slice.i_multifmt_slice/gen_num_lanes[0].active_lane.lane_instance.i_fpnew_cast_multi/mem_q_reg[7][sbe][result][39]_i_16_n_0
                         CARRY4 (Prop_carry4_CI_CO[3])
                                                      0.100    13.091 r  i_ariane/i_cva6/ex_stage_i/fpu_gen.fpu_i/fpu_gen.i_fpnew_bulk/gen_operation_groups[3].i_opgroup_block/gen_merged_slice.i_multifmt_slice/gen_num_lanes[0].active_lane.lane_instance.i_fpnew_cast_multi/mem_q_reg[7][sbe][result][43]_i_18/CO[3]
                         net (fo=1, unplaced)         0.000    13.091    i_ariane/i_cva6/ex_stage_i/fpu_gen.fpu_i/fpu_gen.i_fpnew_bulk/gen_operation_groups[3].i_opgroup_block/gen_merged_slice.i_multifmt_slice/gen_num_lanes[0].active_lane.lane_instance.i_fpnew_cast_multi/mem_q_reg[7][sbe][result][43]_i_18_n_0
                         CARRY4 (Prop_carry4_CI_CO[3])
                                                      0.100    13.191 r  i_ariane/i_cva6/ex_stage_i/fpu_gen.fpu_i/fpu_gen.i_fpnew_bulk/gen_operation_groups[3].i_opgroup_block/gen_merged_slice.i_multifmt_slice/gen_num_lanes[0].active_lane.lane_instance.i_fpnew_cast_multi/mem_q_reg[7][sbe][result][47]_i_21/CO[3]
                         net (fo=1, unplaced)         0.000    13.191    i_ariane/i_cva6/ex_stage_i/fpu_gen.fpu_i/fpu_gen.i_fpnew_bulk/gen_operation_groups[3].i_opgroup_block/gen_merged_slice.i_multifmt_slice/gen_num_lanes[0].active_lane.lane_instance.i_fpnew_cast_multi/mem_q_reg[7][sbe][result][47]_i_21_n_0
                         CARRY4 (Prop_carry4_CI_CO[3])
                                                      0.100    13.291 r  i_ariane/i_cva6/ex_stage_i/fpu_gen.fpu_i/fpu_gen.i_fpnew_bulk/gen_operation_groups[3].i_opgroup_block/gen_merged_slice.i_multifmt_slice/gen_num_lanes[0].active_lane.lane_instance.i_fpnew_cast_multi/mem_q_reg[7][sbe][result][50]_i_20/CO[3]
                         net (fo=1, unplaced)         0.000    13.291    i_ariane/i_cva6/ex_stage_i/fpu_gen.fpu_i/fpu_gen.i_fpnew_bulk/gen_operation_groups[3].i_opgroup_block/gen_merged_slice.i_multifmt_slice/gen_num_lanes[0].active_lane.lane_instance.i_fpnew_cast_multi/mem_q_reg[7][sbe][result][50]_i_20_n_0
                         CARRY4 (Prop_carry4_CI_CO[3])
                                                      0.100    13.391 r  i_ariane/i_cva6/ex_stage_i/fpu_gen.fpu_i/fpu_gen.i_fpnew_bulk/gen_operation_groups[3].i_opgroup_block/gen_merged_slice.i_multifmt_slice/gen_num_lanes[0].active_lane.lane_instance.i_fpnew_cast_multi/mem_q_reg[7][sbe][result][55]_i_25/CO[3]
                         net (fo=1, unplaced)         0.000    13.391    i_ariane/i_cva6/ex_stage_i/fpu_gen.fpu_i/fpu_gen.i_fpnew_bulk/gen_operation_groups[3].i_opgroup_block/gen_merged_slice.i_multifmt_slice/gen_num_lanes[0].active_lane.lane_instance.i_fpnew_cast_multi/mem_q_reg[7][sbe][result][55]_i_25_n_0
                         CARRY4 (Prop_carry4_CI_O[2])
                                                      0.214    13.605 f  i_ariane/i_cva6/ex_stage_i/fpu_gen.fpu_i/fpu_gen.i_fpnew_bulk/gen_operation_groups[3].i_opgroup_block/gen_merged_slice.i_multifmt_slice/gen_num_lanes[0].active_lane.lane_instance.i_fpnew_cast_multi/mem_q_reg[7][sbe][result][59]_i_28/O[2]
                         net (fo=6, unplaced)         0.381    13.986    i_ariane/i_cva6/ex_stage_i/fpu_gen.fpu_i/fpu_gen.i_fpnew_bulk/gen_operation_groups[3].i_opgroup_block/gen_merged_slice.i_multifmt_slice/gen_num_lanes[0].active_lane.lane_instance.i_fpnew_cast_multi/rounded_abs[58]
                         LUT1 (Prop_lut1_I0_O)        0.244    14.230 r  i_ariane/i_cva6/ex_stage_i/fpu_gen.fpu_i/fpu_gen.i_fpnew_bulk/gen_operation_groups[3].i_opgroup_block/gen_merged_slice.i_multifmt_slice/gen_num_lanes[0].active_lane.lane_instance.i_fpnew_cast_multi/mem_q[7][sbe][result][60]_i_105/O
                         net (fo=1, unplaced)         0.000    14.230    i_ariane/i_cva6/ex_stage_i/fpu_gen.fpu_i/fpu_gen.i_fpnew_bulk/gen_operation_groups[3].i_opgroup_block/gen_merged_slice.i_multifmt_slice/gen_num_lanes[0].active_lane.lane_instance.i_fpnew_cast_multi/mem_q[7][sbe][result][60]_i_105_n_0
                         CARRY4 (Prop_carry4_S[1]_CO[3])
                                                      0.444    14.674 r  i_ariane/i_cva6/ex_stage_i/fpu_gen.fpu_i/fpu_gen.i_fpnew_bulk/gen_operation_groups[3].i_opgroup_block/gen_merged_slice.i_multifmt_slice/gen_num_lanes[0].active_lane.lane_instance.i_fpnew_cast_multi/mem_q_reg[7][sbe][result][60]_i_51/CO[3]
                         net (fo=1, unplaced)         0.000    14.674    i_ariane/i_cva6/ex_stage_i/fpu_gen.fpu_i/fpu_gen.i_fpnew_bulk/gen_operation_groups[3].i_opgroup_block/gen_merged_slice.i_multifmt_slice/gen_num_lanes[0].active_lane.lane_instance.i_fpnew_cast_multi/mem_q_reg[7][sbe][result][60]_i_51_n_0
                         CARRY4 (Prop_carry4_CI_O[1])
                                                      0.269    14.943 f  i_ariane/i_cva6/ex_stage_i/fpu_gen.fpu_i/fpu_gen.i_fpnew_bulk/gen_operation_groups[3].i_opgroup_block/gen_merged_slice.i_multifmt_slice/gen_num_lanes[0].active_lane.lane_instance.i_fpnew_cast_multi/mem_q_reg[7][sbe][result][62]_i_30/O[1]
                         net (fo=2, unplaced)         0.251    15.194    i_ariane/i_cva6/ex_stage_i/fpu_gen.fpu_i/fpu_gen.i_fpnew_bulk/gen_operation_groups[3].i_opgroup_block/gen_merged_slice.i_multifmt_slice/gen_num_lanes[0].active_lane.lane_instance.i_fpnew_cast_multi/rounded_int_res0[62]
                         LUT3 (Prop_lut3_I0_O)        0.245    15.439 f  i_ariane/i_cva6/ex_stage_i/fpu_gen.fpu_i/fpu_gen.i_fpnew_bulk/gen_operation_groups[3].i_opgroup_block/gen_merged_slice.i_multifmt_slice/gen_num_lanes[0].active_lane.lane_instance.i_fpnew_cast_multi/mem_q[7][sbe][ex][cause][0]_i_211/O
                         net (fo=2, unplaced)         0.358    15.797    i_ariane/i_cva6/ex_stage_i/fpu_gen.fpu_i/fpu_gen.i_fpnew_bulk/gen_operation_groups[3].i_opgroup_block/gen_merged_slice.i_multifmt_slice/gen_num_lanes[0].active_lane.lane_instance.i_fpnew_cast_multi/mem_q[7][sbe][ex][cause][0]_i_211_n_0
                         LUT5 (Prop_lut5_I1_O)        0.105    15.902 r  i_ariane/i_cva6/ex_stage_i/fpu_gen.fpu_i/fpu_gen.i_fpnew_bulk/gen_operation_groups[3].i_opgroup_block/gen_merged_slice.i_multifmt_slice/gen_num_lanes[0].active_lane.lane_instance.i_fpnew_cast_multi/mem_q[7][sbe][ex][cause][4]_i_80/O
                         net (fo=1, unplaced)         0.000    15.902    i_ariane/i_cva6/ex_stage_i/fpu_gen.fpu_i/fpu_gen.i_fpnew_bulk/gen_operation_groups[3].i_opgroup_block/gen_merged_slice.i_multifmt_slice/gen_num_lanes[0].active_lane.lane_instance.i_fpnew_cast_multi/mem_q[7][sbe][ex][cause][4]_i_80_n_0
                         MUXF7 (Prop_muxf7_I1_O)      0.206    16.108 r  i_ariane/i_cva6/ex_stage_i/fpu_gen.fpu_i/fpu_gen.i_fpnew_bulk/gen_operation_groups[3].i_opgroup_block/gen_merged_slice.i_multifmt_slice/gen_num_lanes[0].active_lane.lane_instance.i_fpnew_cast_multi/mem_q_reg[7][sbe][ex][cause][4]_i_52/O
                         net (fo=1, unplaced)         0.349    16.457    i_ariane/i_cva6/ex_stage_i/fpu_gen.fpu_i/fpu_gen.i_fpnew_bulk/gen_operation_groups[3].i_opgroup_block/gen_merged_slice.i_multifmt_slice/gen_num_lanes[0].active_lane.lane_instance.i_fpnew_cast_multi/mem_q_reg[7][sbe][ex][cause][4]_i_52_n_0
                         LUT6 (Prop_lut6_I0_O)        0.242    16.699 r  i_ariane/i_cva6/ex_stage_i/fpu_gen.fpu_i/fpu_gen.i_fpnew_bulk/gen_operation_groups[3].i_opgroup_block/gen_merged_slice.i_multifmt_slice/gen_num_lanes[0].active_lane.lane_instance.i_fpnew_cast_multi/mem_q[7][sbe][ex][cause][4]_i_36/O
                         net (fo=1, unplaced)         0.347    17.046    i_ariane/i_cva6/ex_stage_i/fpu_gen.fpu_i/fpu_gen.i_fpnew_bulk/gen_operation_groups[3].i_opgroup_block/gen_merged_slice.i_multifmt_slice/gen_num_lanes[0].active_lane.lane_instance.i_fpnew_cast_multi/of_after_round
                         LUT6 (Prop_lut6_I5_O)        0.105    17.151 r  i_ariane/i_cva6/ex_stage_i/fpu_gen.fpu_i/fpu_gen.i_fpnew_bulk/gen_operation_groups[3].i_opgroup_block/gen_merged_slice.i_multifmt_slice/gen_num_lanes[0].active_lane.lane_instance.i_fpnew_cast_multi/mem_q[7][sbe][ex][cause][4]_i_28/O
                         net (fo=3, unplaced)         0.365    17.516    i_ariane/i_cva6/ex_stage_i/fpu_gen.fpu_i/fpu_gen.i_fpnew_bulk/gen_operation_groups[3].i_opgroup_block/gen_merged_slice.i_multifmt_slice/gen_num_lanes[0].active_lane.lane_instance.i_fpnew_cast_multi/int_regular_status[NV]
                         LUT6 (Prop_lut6_I0_O)        0.105    17.621 r  i_ariane/i_cva6/ex_stage_i/fpu_gen.fpu_i/fpu_gen.i_fpnew_bulk/gen_operation_groups[3].i_opgroup_block/gen_merged_slice.i_multifmt_slice/gen_num_lanes[0].active_lane.lane_instance.i_fpnew_cast_multi/mem_q[7][sbe][ex][cause][0]_i_9/O
                         net (fo=66, unplaced)        0.436    18.057    i_ariane/i_cva6/ex_stage_i/fpu_gen.fpu_i/fpu_gen.i_fpnew_bulk/gen_operation_groups[3].i_opgroup_block/gen_merged_slice.i_multifmt_slice/gen_num_lanes[0].active_lane.lane_instance.i_fpnew_cast_multi/int_result_is_special
                         LUT6 (Prop_lut6_I4_O)        0.105    18.162 r  i_ariane/i_cva6/ex_stage_i/fpu_gen.fpu_i/fpu_gen.i_fpnew_bulk/gen_operation_groups[3].i_opgroup_block/gen_merged_slice.i_multifmt_slice/gen_num_lanes[0].active_lane.lane_instance.i_fpnew_cast_multi/mem_q[7][sbe][result][63]_i_32/O
                         net (fo=2, unplaced)         0.358    18.520    i_ariane/i_cva6/ex_stage_i/fpu_gen.fpu_i/fpu_gen.i_fpnew_bulk/gen_operation_groups[3].i_opgroup_block/gen_merged_slice.i_multifmt_slice/gen_num_lanes[0].active_lane.lane_instance.i_fpnew_cast_multi/int_result[63]
                         LUT2 (Prop_lut2_I0_O)        0.105    18.625 r  i_ariane/i_cva6/ex_stage_i/fpu_gen.fpu_i/fpu_gen.i_fpnew_bulk/gen_operation_groups[3].i_opgroup_block/gen_merged_slice.i_multifmt_slice/gen_num_lanes[0].active_lane.lane_instance.i_fpnew_cast_multi/mem_q[7][sbe][result][50]_i_13/O
                         net (fo=21, unplaced)        0.408    19.033    i_ariane/i_cva6/ex_stage_i/fpu_gen.fpu_i/fpu_gen.i_fpnew_bulk/gen_operation_groups[3].i_opgroup_block/gen_merged_slice.i_multifmt_slice/gen_num_lanes[0].active_lane.lane_instance.i_fpnew_cast_multi/mem_q[7][sbe][result][50]_i_13_n_0
                         LUT5 (Prop_lut5_I0_O)        0.105    19.138 r  i_ariane/i_cva6/ex_stage_i/fpu_gen.fpu_i/fpu_gen.i_fpnew_bulk/gen_operation_groups[3].i_opgroup_block/gen_merged_slice.i_multifmt_slice/gen_num_lanes[0].active_lane.lane_instance.i_fpnew_cast_multi/mem_q[7][sbe][result][50]_i_5/O
                         net (fo=40, unplaced)        0.424    19.562    i_ariane/i_cva6/ex_stage_i/fpu_gen.fpu_i/fpu_gen.i_fpnew_bulk/gen_operation_groups[3].i_opgroup_block/gen_merged_slice.i_multifmt_slice/gen_num_lanes[0].active_lane.lane_instance.i_fpnew_cast_multi/mem_q[7][sbe][result][50]_i_5_n_0
                         LUT6 (Prop_lut6_I5_O)        0.105    19.667 r  i_ariane/i_cva6/ex_stage_i/fpu_gen.fpu_i/fpu_gen.i_fpnew_bulk/gen_operation_groups[3].i_opgroup_block/gen_merged_slice.i_multifmt_slice/gen_num_lanes[0].active_lane.lane_instance.i_fpnew_cast_multi/mem_q[7][sbe][result][63]_i_15/O
                         net (fo=1, unplaced)         0.347    20.014    i_ariane/i_cva6/ex_stage_i/fpu_gen.fpu_i/fpu_gen.i_fpnew_bulk/gen_operation_groups[2].i_opgroup_block/gen_parallel_slices[0].active_format.i_fmt_slice/gen_num_lanes[0].active_lane.lane_instance.i_noncomp/opgrp_outputs[3][result][0]
                         LUT6 (Prop_lut6_I0_O)        0.105    20.119 r  i_ariane/i_cva6/ex_stage_i/fpu_gen.fpu_i/fpu_gen.i_fpnew_bulk/gen_operation_groups[2].i_opgroup_block/gen_parallel_slices[0].active_format.i_fmt_slice/gen_num_lanes[0].active_lane.lane_instance.i_noncomp/mem_q[7][sbe][result][63]_i_8/O
                         net (fo=1, unplaced)         0.000    20.119    i_ariane/i_cva6/ex_stage_i/fpu_gen.fpu_i/fpu_gen.i_fpnew_bulk/gen_operation_groups[0].i_opgroup_block/gen_parallel_slices[0].active_format.i_fmt_slice/gen_num_lanes[0].active_lane.lane_instance.i_fma/gen_arbiter.data_nodes[2][result][44]
                         MUXF7 (Prop_muxf7_I1_O)      0.206    20.325 r  i_ariane/i_cva6/ex_stage_i/fpu_gen.fpu_i/fpu_gen.i_fpnew_bulk/gen_operation_groups[0].i_opgroup_block/gen_parallel_slices[0].active_format.i_fmt_slice/gen_num_lanes[0].active_lane.lane_instance.i_fma/mem_q_reg[7][sbe][result][63]_i_4/O
                         net (fo=14, unplaced)        0.400    20.725    i_ariane/i_cva6/ex_stage_i/fpu_gen.fpu_i/fpu_gen.i_fpnew_bulk/gen_operation_groups[0].i_opgroup_block/gen_parallel_slices[0].active_format.i_fmt_slice/gen_num_lanes[0].active_lane.lane_instance.i_fma/gen_arbiter.gen_int_rr.rr_q_reg[1]_4
                         LUT2 (Prop_lut2_I0_O)        0.242    20.967 f  i_ariane/i_cva6/ex_stage_i/fpu_gen.fpu_i/fpu_gen.i_fpnew_bulk/gen_operation_groups[0].i_opgroup_block/gen_parallel_slices[0].active_format.i_fmt_slice/gen_num_lanes[0].active_lane.lane_instance.i_fma/fu_data_q[0][operand_a][63]_i_54/O
                         net (fo=3, unplaced)         0.365    21.332    i_ariane/i_cva6/ex_stage_i/fpu_gen.fpu_i/fpu_gen.i_fpnew_bulk/gen_operation_groups[3].i_opgroup_block/gen_merged_slice.i_multifmt_slice/gen_num_lanes[0].active_lane.lane_instance.i_fpnew_cast_multi/fu_data_q[0][imm][63]_i_10
                         LUT6 (Prop_lut6_I5_O)        0.105    21.437 f  i_ariane/i_cva6/ex_stage_i/fpu_gen.fpu_i/fpu_gen.i_fpnew_bulk/gen_operation_groups[3].i_opgroup_block/gen_merged_slice.i_multifmt_slice/gen_num_lanes[0].active_lane.lane_instance.i_fpnew_cast_multi/fu_data_q[0][operand_a][63]_i_24/O
                         net (fo=3, unplaced)         0.365    21.802    i_ariane/i_cva6/ex_stage_i/fpu_gen.fpu_i/fpu_gen.i_fpnew_bulk/gen_operation_groups[0].i_opgroup_block/gen_parallel_slices[0].active_format.i_fmt_slice/gen_num_lanes[0].active_lane.lane_instance.i_fma/fu_data_q_reg[0][operand_b][63]_i_5_0
                         LUT6 (Prop_lut6_I3_O)        0.105    21.907 f  i_ariane/i_cva6/ex_stage_i/fpu_gen.fpu_i/fpu_gen.i_fpnew_bulk/gen_operation_groups[0].i_opgroup_block/gen_parallel_slices[0].active_format.i_fmt_slice/gen_num_lanes[0].active_lane.lane_instance.i_fma/fu_data_q[0][operand_a][63]_i_7/O
                         net (fo=1, unplaced)         0.000    21.907    i_ariane/i_cva6/ex_stage_i/fpu_gen.fpu_i/fpu_gen.i_fpnew_bulk/gen_operation_groups[3].i_opgroup_block/gen_merged_slice.i_multifmt_slice/gen_num_lanes[0].active_lane.lane_instance.i_fpnew_cast_multi/fu_data_q_reg[0][operand_a][63]_0
                         MUXF7 (Prop_muxf7_I1_O)      0.206    22.113 f  i_ariane/i_cva6/ex_stage_i/fpu_gen.fpu_i/fpu_gen.i_fpnew_bulk/gen_operation_groups[3].i_opgroup_block/gen_merged_slice.i_multifmt_slice/gen_num_lanes[0].active_lane.lane_instance.i_fpnew_cast_multi/fu_data_q_reg[0][operand_a][63]_i_2/O
                         net (fo=1, unplaced)         0.349    22.462    i_ariane/i_cva6/id_stage_i/fu_data_q_reg[0][operand_a][63]
                         LUT6 (Prop_lut6_I0_O)        0.242    22.704 r  i_ariane/i_cva6/id_stage_i/fu_data_q[0][operand_a][63]_i_1/O
                         net (fo=2, unplaced)         0.000    22.704    i_ariane/i_cva6/ex_stage_i/vaddr_to_be_flushed_reg[63]_0[63]
                         FDCE                                         r  i_ariane/i_cva6/ex_stage_i/vaddr_to_be_flushed_reg[63]/D
  -------------------------------------------------------------------    -------------------

                         (clock clk_i rise edge)     10.000    10.000 r  
                                                      0.000    10.000 r  clk_i (IN)
                         net (fo=33654, unset)        0.748    10.748    i_ariane/i_cva6/ex_stage_i/clk_i
                         FDCE                                         r  i_ariane/i_cva6/ex_stage_i/vaddr_to_be_flushed_reg[63]/C
                         clock pessimism              0.000    10.748    
                         clock uncertainty           -0.035    10.712    
                         FDCE (Setup_fdce_C_D)        0.043    10.755    i_ariane/i_cva6/ex_stage_i/vaddr_to_be_flushed_reg[63]
  -------------------------------------------------------------------
                         required time                         10.755    
                         arrival time                         -22.704    
  -------------------------------------------------------------------
                         slack                                -11.949    

Slack (VIOLATED) :        -11.949ns  (required time - arrival time)
  Source:                 i_ariane/i_cva6/ex_stage_i/fpu_gen.fpu_i/fpu_gen.i_fpnew_bulk/gen_operation_groups[3].i_opgroup_block/gen_merged_slice.i_multifmt_slice/gen_num_lanes[0].active_lane.lane_instance.i_fpnew_cast_multi/gen_inside_pipeline[0].mid_pipe_dst_fmt_q_reg[1][2]_rep/C
                            (rising edge-triggered cell FDCE clocked by clk_i  {rise@0.000ns fall@5.000ns period=10.000ns})
  Destination:            i_ariane/i_cva6/ex_stage_i/vaddr_to_be_flushed_reg[63]/D
                            (rising edge-triggered cell FDCE clocked by clk_i  {rise@0.000ns fall@5.000ns period=10.000ns})
  Path Group:             clk_i
  Path Type:              Setup (Max at Slow Process Corner)
  Requirement:            10.000ns  (clk_i rise@10.000ns - clk_i rise@0.000ns)
  Data Path Delay:        21.917ns  (logic 8.887ns (40.548%)  route 13.030ns (59.452%))
  Logic Levels:           52  (CARRY4=23 LUT1=1 LUT2=2 LUT3=2 LUT4=1 LUT5=4 LUT6=16 MUXF7=3)
  Clock Path Skew:        -0.039ns (DCD - SCD + CPR)
    Destination Clock Delay (DCD):    0.748ns = ( 10.748 - 10.000 ) 
    Source Clock Delay      (SCD):    0.787ns
    Clock Pessimism Removal (CPR):    0.000ns
  Clock Uncertainty:      0.035ns  ((TSJ^2 + TIJ^2)^1/2 + DJ) / 2 + PE
    Total System Jitter     (TSJ):    0.071ns
    Total Input Jitter      (TIJ):    0.000ns
    Discrete Jitter          (DJ):    0.000ns
    Phase Error              (PE):    0.000ns

    Location             Delay type                Incr(ns)  Path(ns)    Netlist Resource(s)
  -------------------------------------------------------------------    -------------------
                         (clock clk_i rise edge)      0.000     0.000 r  
                                                      0.000     0.000 r  clk_i (IN)
                         net (fo=33654, unset)        0.787     0.787    i_ariane/i_cva6/ex_stage_i/fpu_gen.fpu_i/fpu_gen.i_fpnew_bulk/gen_operation_groups[3].i_opgroup_block/gen_merged_slice.i_multifmt_slice/gen_num_lanes[0].active_lane.lane_instance.i_fpnew_cast_multi/clk_i
                         FDCE                                         r  i_ariane/i_cva6/ex_stage_i/fpu_gen.fpu_i/fpu_gen.i_fpnew_bulk/gen_operation_groups[3].i_opgroup_block/gen_merged_slice.i_multifmt_slice/gen_num_lanes[0].active_lane.lane_instance.i_fpnew_cast_multi/gen_inside_pipeline[0].mid_pipe_dst_fmt_q_reg[1][2]_rep/C
  -------------------------------------------------------------------    -------------------
                         FDCE (Prop_fdce_C_Q)         0.397     1.184 r  i_ariane/i_cva6/ex_stage_i/fpu_gen.fpu_i/fpu_gen.i_fpnew_bulk/gen_operation_groups[3].i_opgroup_block/gen_merged_slice.i_multifmt_slice/gen_num_lanes[0].active_lane.lane_instance.i_fpnew_cast_multi/gen_inside_pipeline[0].mid_pipe_dst_fmt_q_reg[1][2]_rep/Q
                         net (fo=165, unplaced)       0.737     1.921    i_ariane/i_cva6/ex_stage_i/fpu_gen.fpu_i/fpu_gen.i_fpnew_bulk/gen_operation_groups[3].i_opgroup_block/gen_merged_slice.i_multifmt_slice/gen_num_lanes[0].active_lane.lane_instance.i_fpnew_cast_multi/gen_inside_pipeline[0].mid_pipe_dst_fmt_q_reg[1][2]_rep_n_0
                         LUT3 (Prop_lut3_I0_O)        0.232     2.153 r  i_ariane/i_cva6/ex_stage_i/fpu_gen.fpu_i/fpu_gen.i_fpnew_bulk/gen_operation_groups[3].i_opgroup_block/gen_merged_slice.i_multifmt_slice/gen_num_lanes[0].active_lane.lane_instance.i_fpnew_cast_multi/mem_q[7][sbe][result][59]_i_188/O
                         net (fo=1, unplaced)         0.258     2.411    i_ariane/i_cva6/ex_stage_i/fpu_gen.fpu_i/fpu_gen.i_fpnew_bulk/gen_operation_groups[3].i_opgroup_block/gen_merged_slice.i_multifmt_slice/gen_num_lanes[0].active_lane.lane_instance.i_fpnew_cast_multi/preshift_mant3[0]
                         CARRY4 (Prop_carry4_CYINIT_CO[3])
                                                      0.494     2.905 r  i_ariane/i_cva6/ex_stage_i/fpu_gen.fpu_i/fpu_gen.i_fpnew_bulk/gen_operation_groups[3].i_opgroup_block/gen_merged_slice.i_multifmt_slice/gen_num_lanes[0].active_lane.lane_instance.i_fpnew_cast_multi/mem_q_reg[7][sbe][result][59]_i_177/CO[3]
                         net (fo=1, unplaced)         0.000     2.905    i_ariane/i_cva6/ex_stage_i/fpu_gen.fpu_i/fpu_gen.i_fpnew_bulk/gen_operation_groups[3].i_opgroup_block/gen_merged_slice.i_multifmt_slice/gen_num_lanes[0].active_lane.lane_instance.i_fpnew_cast_multi/mem_q_reg[7][sbe][result][59]_i_177_n_0
                         CARRY4 (Prop_carry4_CI_CO[3])
                                                      0.100     3.005 f  i_ariane/i_cva6/ex_stage_i/fpu_gen.fpu_i/fpu_gen.i_fpnew_bulk/gen_operation_groups[3].i_opgroup_block/gen_merged_slice.i_multifmt_slice/gen_num_lanes[0].active_lane.lane_instance.i_fpnew_cast_multi/mem_q_reg[7][sbe][ex][cause][4]_i_139/CO[3]
                         net (fo=1, unplaced)         0.000     3.005    i_ariane/i_cva6/ex_stage_i/fpu_gen.fpu_i/fpu_gen.i_fpnew_bulk/gen_operation_groups[3].i_opgroup_block/gen_merged_slice.i_multifmt_slice/gen_num_lanes[0].active_lane.lane_instance.i_fpnew_cast_multi/mem_q_reg[7][sbe][ex][cause][4]_i_139_n_0
                         CARRY4 (Prop_carry4_CI_O[1])
                                                      0.269     3.274 f  i_ariane/i_cva6/ex_stage_i/fpu_gen.fpu_i/fpu_gen.i_fpnew_bulk/gen_operation_groups[3].i_opgroup_block/gen_merged_slice.i_multifmt_slice/gen_num_lanes[0].active_lane.lane_instance.i_fpnew_cast_multi/mem_q_reg[7][sbe][ex][cause][4]_i_100/O[1]
                         net (fo=3, unplaced)         0.490     3.764    i_ariane/i_cva6/ex_stage_i/fpu_gen.fpu_i/fpu_gen.i_fpnew_bulk/gen_operation_groups[3].i_opgroup_block/gen_merged_slice.i_multifmt_slice/gen_num_lanes[0].active_lane.lane_instance.i_fpnew_cast_multi/mem_q_reg[7][sbe][ex][cause][4]_i_100_n_6
                         LUT4 (Prop_lut4_I1_O)        0.266     4.030 r  i_ariane/i_cva6/ex_stage_i/fpu_gen.fpu_i/fpu_gen.i_fpnew_bulk/gen_operation_groups[3].i_opgroup_block/gen_merged_slice.i_multifmt_slice/gen_num_lanes[0].active_lane.lane_instance.i_fpnew_cast_multi/mem_q[7][sbe][ex][cause][4]_i_94/O
                         net (fo=1, unplaced)         0.000     4.030    i_ariane/i_cva6/ex_stage_i/fpu_gen.fpu_i/fpu_gen.i_fpnew_bulk/gen_operation_groups[3].i_opgroup_block/gen_merged_slice.i_multifmt_slice/gen_num_lanes[0].active_lane.lane_instance.i_fpnew_cast_multi/mem_q[7][sbe][ex][cause][4]_i_94_n_0
                         CARRY4 (Prop_carry4_DI[1]_CO[3])
                                                      0.451     4.481 r  i_ariane/i_cva6/ex_stage_i/fpu_gen.fpu_i/fpu_gen.i_fpnew_bulk/gen_operation_groups[3].i_opgroup_block/gen_merged_slice.i_multifmt_slice/gen_num_lanes[0].active_lane.lane_instance.i_fpnew_cast_multi/mem_q_reg[7][sbe][ex][cause][4]_i_58/CO[3]
                         net (fo=1, unplaced)         0.000     4.481    i_ariane/i_cva6/ex_stage_i/fpu_gen.fpu_i/fpu_gen.i_fpnew_bulk/gen_operation_groups[3].i_opgroup_block/gen_merged_slice.i_multifmt_slice/gen_num_lanes[0].active_lane.lane_instance.i_fpnew_cast_multi/mem_q_reg[7][sbe][ex][cause][4]_i_58_n_0
                         CARRY4 (Prop_carry4_CI_CO[3])
                                                      0.100     4.581 r  i_ariane/i_cva6/ex_stage_i/fpu_gen.fpu_i/fpu_gen.i_fpnew_bulk/gen_operation_groups[3].i_opgroup_block/gen_merged_slice.i_multifmt_slice/gen_num_lanes[0].active_lane.lane_instance.i_fpnew_cast_multi/mem_q_reg[7][sbe][ex][cause][4]_i_40/CO[3]
                         net (fo=1, unplaced)         0.000     4.581    i_ariane/i_cva6/ex_stage_i/fpu_gen.fpu_i/fpu_gen.i_fpnew_bulk/gen_operation_groups[3].i_opgroup_block/gen_merged_slice.i_multifmt_slice/gen_num_lanes[0].active_lane.lane_instance.i_fpnew_cast_multi/mem_q_reg[7][sbe][ex][cause][4]_i_40_n_0
                         CARRY4 (Prop_carry4_CI_CO[3])
                                                      0.100     4.681 f  i_ariane/i_cva6/ex_stage_i/fpu_gen.fpu_i/fpu_gen.i_fpnew_bulk/gen_operation_groups[3].i_opgroup_block/gen_merged_slice.i_multifmt_slice/gen_num_lanes[0].active_lane.lane_instance.i_fpnew_cast_multi/mem_q_reg[7][sbe][ex][cause][4]_i_34/CO[3]
                         net (fo=146, unplaced)       0.719     5.400    i_ariane/i_cva6/ex_stage_i/fpu_gen.fpu_i/fpu_gen.i_fpnew_bulk/gen_operation_groups[3].i_opgroup_block/gen_merged_slice.i_multifmt_slice/gen_num_lanes[0].active_lane.lane_instance.i_fpnew_cast_multi/preshift_mant1
                         LUT5 (Prop_lut5_I2_O)        0.105     5.505 f  i_ariane/i_cva6/ex_stage_i/fpu_gen.fpu_i/fpu_gen.i_fpnew_bulk/gen_operation_groups[3].i_opgroup_block/gen_merged_slice.i_multifmt_slice/gen_num_lanes[0].active_lane.lane_instance.i_fpnew_cast_multi/mem_q[7][sbe][ex][cause][0]_i_331/O
                         net (fo=4, unplaced)         0.802     6.307    i_ariane/i_cva6/ex_stage_i/fpu_gen.fpu_i/fpu_gen.i_fpnew_bulk/gen_operation_groups[3].i_opgroup_block/gen_merged_slice.i_multifmt_slice/gen_num_lanes[0].active_lane.lane_instance.i_fpnew_cast_multi/preshift_mant[90]
                         LUT5 (Prop_lut5_I0_O)        0.105     6.412 f  i_ariane/i_cva6/ex_stage_i/fpu_gen.fpu_i/fpu_gen.i_fpnew_bulk/gen_operation_groups[3].i_opgroup_block/gen_merged_slice.i_multifmt_slice/gen_num_lanes[0].active_lane.lane_instance.i_fpnew_cast_multi/mem_q[7][sbe][ex][cause][0]_i_566/O
                         net (fo=4, unplaced)         0.606     7.018    i_ariane/i_cva6/ex_stage_i/fpu_gen.fpu_i/fpu_gen.i_fpnew_bulk/gen_operation_groups[3].i_opgroup_block/gen_merged_slice.i_multifmt_slice/gen_num_lanes[0].active_lane.lane_instance.i_fpnew_cast_multi/mem_q[7][sbe][ex][cause][0]_i_566_n_0
                         LUT6 (Prop_lut6_I1_O)        0.105     7.123 f  i_ariane/i_cva6/ex_stage_i/fpu_gen.fpu_i/fpu_gen.i_fpnew_bulk/gen_operation_groups[3].i_opgroup_block/gen_merged_slice.i_multifmt_slice/gen_num_lanes[0].active_lane.lane_instance.i_fpnew_cast_multi/mem_q[7][sbe][ex][cause][0]_i_415/O
                         net (fo=4, unplaced)         0.606     7.729    i_ariane/i_cva6/ex_stage_i/fpu_gen.fpu_i/fpu_gen.i_fpnew_bulk/gen_operation_groups[3].i_opgroup_block/gen_merged_slice.i_multifmt_slice/gen_num_lanes[0].active_lane.lane_instance.i_fpnew_cast_multi/mem_q[7][sbe][ex][cause][0]_i_415_n_0
                         LUT6 (Prop_lut6_I1_O)        0.105     7.834 f  i_ariane/i_cva6/ex_stage_i/fpu_gen.fpu_i/fpu_gen.i_fpnew_bulk/gen_operation_groups[3].i_opgroup_block/gen_merged_slice.i_multifmt_slice/gen_num_lanes[0].active_lane.lane_instance.i_fpnew_cast_multi/mem_q[7][sbe][ex][cause][0]_i_179/O
                         net (fo=3, unplaced)         0.796     8.630    i_ariane/i_cva6/ex_stage_i/fpu_gen.fpu_i/fpu_gen.i_fpnew_bulk/gen_operation_groups[3].i_opgroup_block/gen_merged_slice.i_multifmt_slice/gen_num_lanes[0].active_lane.lane_instance.i_fpnew_cast_multi/mem_q[7][sbe][ex][cause][0]_i_179_n_0
                         LUT6 (Prop_lut6_I0_O)        0.105     8.735 f  i_ariane/i_cva6/ex_stage_i/fpu_gen.fpu_i/fpu_gen.i_fpnew_bulk/gen_operation_groups[3].i_opgroup_block/gen_merged_slice.i_multifmt_slice/gen_num_lanes[0].active_lane.lane_instance.i_fpnew_cast_multi/mem_q[7][sbe][ex][cause][0]_i_225/O
                         net (fo=1, unplaced)         0.782     9.517    i_ariane/i_cva6/ex_stage_i/fpu_gen.fpu_i/fpu_gen.i_fpnew_bulk/gen_operation_groups[3].i_opgroup_block/gen_merged_slice.i_multifmt_slice/gen_num_lanes[0].active_lane.lane_instance.i_fpnew_cast_multi/mem_q[7][sbe][ex][cause][0]_i_225_n_0
                         LUT6 (Prop_lut6_I0_O)        0.105     9.622 f  i_ariane/i_cva6/ex_stage_i/fpu_gen.fpu_i/fpu_gen.i_fpnew_bulk/gen_operation_groups[3].i_opgroup_block/gen_merged_slice.i_multifmt_slice/gen_num_lanes[0].active_lane.lane_instance.i_fpnew_cast_multi/mem_q[7][sbe][ex][cause][0]_i_81/O
                         net (fo=1, unplaced)         0.778    10.400    i_ariane/i_cva6/ex_stage_i/fpu_gen.fpu_i/fpu_gen.i_fpnew_bulk/gen_operation_groups[3].i_opgroup_block/gen_merged_slice.i_multifmt_slice/gen_num_lanes[0].active_lane.lane_instance.i_fpnew_cast_multi/mem_q[7][sbe][ex][cause][0]_i_81_n_0
                         LUT6 (Prop_lut6_I1_O)        0.105    10.505 f  i_ariane/i_cva6/ex_stage_i/fpu_gen.fpu_i/fpu_gen.i_fpnew_bulk/gen_operation_groups[3].i_opgroup_block/gen_merged_slice.i_multifmt_slice/gen_num_lanes[0].active_lane.lane_instance.i_fpnew_cast_multi/mem_q[7][sbe][ex][cause][0]_i_25/O
                         net (fo=4, unplaced)         0.606    11.111    i_ariane/i_cva6/ex_stage_i/fpu_gen.fpu_i/fpu_gen.i_fpnew_bulk/gen_operation_groups[3].i_opgroup_block/gen_merged_slice.i_multifmt_slice/gen_num_lanes[0].active_lane.lane_instance.i_fpnew_cast_multi/fp_round_sticky_bits[0]
                         LUT6 (Prop_lut6_I0_O)        0.105    11.216 f  i_ariane/i_cva6/ex_stage_i/fpu_gen.fpu_i/fpu_gen.i_fpnew_bulk/gen_operation_groups[3].i_opgroup_block/gen_merged_slice.i_multifmt_slice/gen_num_lanes[0].active_lane.lane_instance.i_fpnew_cast_multi/mem_q[7][sbe][result][0]_i_174/O
                         net (fo=1, unplaced)         0.347    11.563    i_ariane/i_cva6/ex_stage_i/fpu_gen.fpu_i/fpu_gen.i_fpnew_bulk/gen_operation_groups[3].i_opgroup_block/gen_merged_slice.i_multifmt_slice/gen_num_lanes[0].active_lane.lane_instance.i_fpnew_cast_multi/mem_q[7][sbe][result][0]_i_174_n_0
                         LUT6 (Prop_lut6_I5_O)        0.105    11.668 r  i_ariane/i_cva6/ex_stage_i/fpu_gen.fpu_i/fpu_gen.i_fpnew_bulk/gen_operation_groups[3].i_opgroup_block/gen_merged_slice.i_multifmt_slice/gen_num_lanes[0].active_lane.lane_instance.i_fpnew_cast_multi/mem_q[7][sbe][result][0]_i_114/O
                         net (fo=1, unplaced)         0.000    11.668    i_ariane/i_cva6/ex_stage_i/fpu_gen.fpu_i/fpu_gen.i_fpnew_bulk/gen_operation_groups[3].i_opgroup_block/gen_merged_slice.i_multifmt_slice/gen_num_lanes[0].active_lane.lane_instance.i_fpnew_cast_multi/mem_q[7][sbe][result][0]_i_114_n_0
                         CARRY4 (Prop_carry4_S[0]_CO[3])
                                                      0.423    12.091 r  i_ariane/i_cva6/ex_stage_i/fpu_gen.fpu_i/fpu_gen.i_fpnew_bulk/gen_operation_groups[3].i_opgroup_block/gen_merged_slice.i_multifmt_slice/gen_num_lanes[0].active_lane.lane_instance.i_fpnew_cast_multi/mem_q_reg[7][sbe][result][0]_i_66/CO[3]
                         net (fo=1, unplaced)         0.000    12.091    i_ariane/i_cva6/ex_stage_i/fpu_gen.fpu_i/fpu_gen.i_fpnew_bulk/gen_operation_groups[3].i_opgroup_block/gen_merged_slice.i_multifmt_slice/gen_num_lanes[0].active_lane.lane_instance.i_fpnew_cast_multi/mem_q_reg[7][sbe][result][0]_i_66_n_0
                         CARRY4 (Prop_carry4_CI_CO[3])
                                                      0.100    12.191 r  i_ariane/i_cva6/ex_stage_i/fpu_gen.fpu_i/fpu_gen.i_fpnew_bulk/gen_operation_groups[3].i_opgroup_block/gen_merged_slice.i_multifmt_slice/gen_num_lanes[0].active_lane.lane_instance.i_fpnew_cast_multi/mem_q_reg[7][sbe][result][7]_i_77/CO[3]
                         net (fo=1, unplaced)         0.000    12.191    i_ariane/i_cva6/ex_stage_i/fpu_gen.fpu_i/fpu_gen.i_fpnew_bulk/gen_operation_groups[3].i_opgroup_block/gen_merged_slice.i_multifmt_slice/gen_num_lanes[0].active_lane.lane_instance.i_fpnew_cast_multi/mem_q_reg[7][sbe][result][7]_i_77_n_0
                         CARRY4 (Prop_carry4_CI_CO[3])
                                                      0.100    12.291 r  i_ariane/i_cva6/ex_stage_i/fpu_gen.fpu_i/fpu_gen.i_fpnew_bulk/gen_operation_groups[3].i_opgroup_block/gen_merged_slice.i_multifmt_slice/gen_num_lanes[0].active_lane.lane_instance.i_fpnew_cast_multi/mem_q_reg[7][sbe][result][11]_i_56/CO[3]
                         net (fo=1, unplaced)         0.000    12.291    i_ariane/i_cva6/ex_stage_i/fpu_gen.fpu_i/fpu_gen.i_fpnew_bulk/gen_operation_groups[3].i_opgroup_block/gen_merged_slice.i_multifmt_slice/gen_num_lanes[0].active_lane.lane_instance.i_fpnew_cast_multi/mem_q_reg[7][sbe][result][11]_i_56_n_0
                         CARRY4 (Prop_carry4_CI_CO[3])
                                                      0.100    12.391 r  i_ariane/i_cva6/ex_stage_i/fpu_gen.fpu_i/fpu_gen.i_fpnew_bulk/gen_operation_groups[3].i_opgroup_block/gen_merged_slice.i_multifmt_slice/gen_num_lanes[0].active_lane.lane_instance.i_fpnew_cast_multi/mem_q_reg[7][sbe][result][15]_i_77/CO[3]
                         net (fo=1, unplaced)         0.000    12.391    i_ariane/i_cva6/ex_stage_i/fpu_gen.fpu_i/fpu_gen.i_fpnew_bulk/gen_operation_groups[3].i_opgroup_block/gen_merged_slice.i_multifmt_slice/gen_num_lanes[0].active_lane.lane_instance.i_fpnew_cast_multi/mem_q_reg[7][sbe][result][15]_i_77_n_0
                         CARRY4 (Prop_carry4_CI_CO[3])
                                                      0.100    12.491 r  i_ariane/i_cva6/ex_stage_i/fpu_gen.fpu_i/fpu_gen.i_fpnew_bulk/gen_operation_groups[3].i_opgroup_block/gen_merged_slice.i_multifmt_slice/gen_num_lanes[0].active_lane.lane_instance.i_fpnew_cast_multi/mem_q_reg[7][sbe][result][19]_i_57/CO[3]
                         net (fo=1, unplaced)         0.000    12.491    i_ariane/i_cva6/ex_stage_i/fpu_gen.fpu_i/fpu_gen.i_fpnew_bulk/gen_operation_groups[3].i_opgroup_block/gen_merged_slice.i_multifmt_slice/gen_num_lanes[0].active_lane.lane_instance.i_fpnew_cast_multi/mem_q_reg[7][sbe][result][19]_i_57_n_0
                         CARRY4 (Prop_carry4_CI_CO[3])
                                                      0.100    12.591 r  i_ariane/i_cva6/ex_stage_i/fpu_gen.fpu_i/fpu_gen.i_fpnew_bulk/gen_operation_groups[3].i_opgroup_block/gen_merged_slice.i_multifmt_slice/gen_num_lanes[0].active_lane.lane_instance.i_fpnew_cast_multi/mem_q_reg[7][sbe][result][23]_i_77/CO[3]
                         net (fo=1, unplaced)         0.000    12.591    i_ariane/i_cva6/ex_stage_i/fpu_gen.fpu_i/fpu_gen.i_fpnew_bulk/gen_operation_groups[3].i_opgroup_block/gen_merged_slice.i_multifmt_slice/gen_num_lanes[0].active_lane.lane_instance.i_fpnew_cast_multi/mem_q_reg[7][sbe][result][23]_i_77_n_0
                         CARRY4 (Prop_carry4_CI_CO[3])
                                                      0.100    12.691 r  i_ariane/i_cva6/ex_stage_i/fpu_gen.fpu_i/fpu_gen.i_fpnew_bulk/gen_operation_groups[3].i_opgroup_block/gen_merged_slice.i_multifmt_slice/gen_num_lanes[0].active_lane.lane_instance.i_fpnew_cast_multi/mem_q_reg[7][sbe][ex][cause][1]_i_27/CO[3]
                         net (fo=1, unplaced)         0.000    12.691    i_ariane/i_cva6/ex_stage_i/fpu_gen.fpu_i/fpu_gen.i_fpnew_bulk/gen_operation_groups[3].i_opgroup_block/gen_merged_slice.i_multifmt_slice/gen_num_lanes[0].active_lane.lane_instance.i_fpnew_cast_multi/mem_q_reg[7][sbe][ex][cause][1]_i_27_n_0
                         CARRY4 (Prop_carry4_CI_CO[3])
                                                      0.100    12.791 r  i_ariane/i_cva6/ex_stage_i/fpu_gen.fpu_i/fpu_gen.i_fpnew_bulk/gen_operation_groups[3].i_opgroup_block/gen_merged_slice.i_multifmt_slice/gen_num_lanes[0].active_lane.lane_instance.i_fpnew_cast_multi/mem_q_reg[7][sbe][result][35]_i_47/CO[3]
                         net (fo=1, unplaced)         0.000    12.791    i_ariane/i_cva6/ex_stage_i/fpu_gen.fpu_i/fpu_gen.i_fpnew_bulk/gen_operation_groups[3].i_opgroup_block/gen_merged_slice.i_multifmt_slice/gen_num_lanes[0].active_lane.lane_instance.i_fpnew_cast_multi/mem_q_reg[7][sbe][result][35]_i_47_n_0
                         CARRY4 (Prop_carry4_CI_CO[3])
                                                      0.100    12.891 r  i_ariane/i_cva6/ex_stage_i/fpu_gen.fpu_i/fpu_gen.i_fpnew_bulk/gen_operation_groups[3].i_opgroup_block/gen_merged_slice.i_multifmt_slice/gen_num_lanes[0].active_lane.lane_instance.i_fpnew_cast_multi/mem_q_reg[7][sbe][result][35]_i_27/CO[3]
                         net (fo=1, unplaced)         0.000    12.891    i_ariane/i_cva6/ex_stage_i/fpu_gen.fpu_i/fpu_gen.i_fpnew_bulk/gen_operation_groups[3].i_opgroup_block/gen_merged_slice.i_multifmt_slice/gen_num_lanes[0].active_lane.lane_instance.i_fpnew_cast_multi/mem_q_reg[7][sbe][result][35]_i_27_n_0
                         CARRY4 (Prop_carry4_CI_CO[3])
                                                      0.100    12.991 r  i_ariane/i_cva6/ex_stage_i/fpu_gen.fpu_i/fpu_gen.i_fpnew_bulk/gen_operation_groups[3].i_opgroup_block/gen_merged_slice.i_multifmt_slice/gen_num_lanes[0].active_lane.lane_instance.i_fpnew_cast_multi/mem_q_reg[7][sbe][result][39]_i_16/CO[3]
                         net (fo=1, unplaced)         0.000    12.991    i_ariane/i_cva6/ex_stage_i/fpu_gen.fpu_i/fpu_gen.i_fpnew_bulk/gen_operation_groups[3].i_opgroup_block/gen_merged_slice.i_multifmt_slice/gen_num_lanes[0].active_lane.lane_instance.i_fpnew_cast_multi/mem_q_reg[7][sbe][result][39]_i_16_n_0
                         CARRY4 (Prop_carry4_CI_CO[3])
                                                      0.100    13.091 r  i_ariane/i_cva6/ex_stage_i/fpu_gen.fpu_i/fpu_gen.i_fpnew_bulk/gen_operation_groups[3].i_opgroup_block/gen_merged_slice.i_multifmt_slice/gen_num_lanes[0].active_lane.lane_instance.i_fpnew_cast_multi/mem_q_reg[7][sbe][result][43]_i_18/CO[3]
                         net (fo=1, unplaced)         0.000    13.091    i_ariane/i_cva6/ex_stage_i/fpu_gen.fpu_i/fpu_gen.i_fpnew_bulk/gen_operation_groups[3].i_opgroup_block/gen_merged_slice.i_multifmt_slice/gen_num_lanes[0].active_lane.lane_instance.i_fpnew_cast_multi/mem_q_reg[7][sbe][result][43]_i_18_n_0
                         CARRY4 (Prop_carry4_CI_CO[3])
                                                      0.100    13.191 r  i_ariane/i_cva6/ex_stage_i/fpu_gen.fpu_i/fpu_gen.i_fpnew_bulk/gen_operation_groups[3].i_opgroup_block/gen_merged_slice.i_multifmt_slice/gen_num_lanes[0].active_lane.lane_instance.i_fpnew_cast_multi/mem_q_reg[7][sbe][result][47]_i_21/CO[3]
                         net (fo=1, unplaced)         0.000    13.191    i_ariane/i_cva6/ex_stage_i/fpu_gen.fpu_i/fpu_gen.i_fpnew_bulk/gen_operation_groups[3].i_opgroup_block/gen_merged_slice.i_multifmt_slice/gen_num_lanes[0].active_lane.lane_instance.i_fpnew_cast_multi/mem_q_reg[7][sbe][result][47]_i_21_n_0
                         CARRY4 (Prop_carry4_CI_CO[3])
                                                      0.100    13.291 r  i_ariane/i_cva6/ex_stage_i/fpu_gen.fpu_i/fpu_gen.i_fpnew_bulk/gen_operation_groups[3].i_opgroup_block/gen_merged_slice.i_multifmt_slice/gen_num_lanes[0].active_lane.lane_instance.i_fpnew_cast_multi/mem_q_reg[7][sbe][result][50]_i_20/CO[3]
                         net (fo=1, unplaced)         0.000    13.291    i_ariane/i_cva6/ex_stage_i/fpu_gen.fpu_i/fpu_gen.i_fpnew_bulk/gen_operation_groups[3].i_opgroup_block/gen_merged_slice.i_multifmt_slice/gen_num_lanes[0].active_lane.lane_instance.i_fpnew_cast_multi/mem_q_reg[7][sbe][result][50]_i_20_n_0
                         CARRY4 (Prop_carry4_CI_CO[3])
                                                      0.100    13.391 r  i_ariane/i_cva6/ex_stage_i/fpu_gen.fpu_i/fpu_gen.i_fpnew_bulk/gen_operation_groups[3].i_opgroup_block/gen_merged_slice.i_multifmt_slice/gen_num_lanes[0].active_lane.lane_instance.i_fpnew_cast_multi/mem_q_reg[7][sbe][result][55]_i_25/CO[3]
                         net (fo=1, unplaced)         0.000    13.391    i_ariane/i_cva6/ex_stage_i/fpu_gen.fpu_i/fpu_gen.i_fpnew_bulk/gen_operation_groups[3].i_opgroup_block/gen_merged_slice.i_multifmt_slice/gen_num_lanes[0].active_lane.lane_instance.i_fpnew_cast_multi/mem_q_reg[7][sbe][result][55]_i_25_n_0
                         CARRY4 (Prop_carry4_CI_O[2])
                                                      0.214    13.605 f  i_ariane/i_cva6/ex_stage_i/fpu_gen.fpu_i/fpu_gen.i_fpnew_bulk/gen_operation_groups[3].i_opgroup_block/gen_merged_slice.i_multifmt_slice/gen_num_lanes[0].active_lane.lane_instance.i_fpnew_cast_multi/mem_q_reg[7][sbe][result][59]_i_28/O[2]
                         net (fo=6, unplaced)         0.381    13.986    i_ariane/i_cva6/ex_stage_i/fpu_gen.fpu_i/fpu_gen.i_fpnew_bulk/gen_operation_groups[3].i_opgroup_block/gen_merged_slice.i_multifmt_slice/gen_num_lanes[0].active_lane.lane_instance.i_fpnew_cast_multi/rounded_abs[58]
                         LUT1 (Prop_lut1_I0_O)        0.244    14.230 r  i_ariane/i_cva6/ex_stage_i/fpu_gen.fpu_i/fpu_gen.i_fpnew_bulk/gen_operation_groups[3].i_opgroup_block/gen_merged_slice.i_multifmt_slice/gen_num_lanes[0].active_lane.lane_instance.i_fpnew_cast_multi/mem_q[7][sbe][result][60]_i_105/O
                         net (fo=1, unplaced)         0.000    14.230    i_ariane/i_cva6/ex_stage_i/fpu_gen.fpu_i/fpu_gen.i_fpnew_bulk/gen_operation_groups[3].i_opgroup_block/gen_merged_slice.i_multifmt_slice/gen_num_lanes[0].active_lane.lane_instance.i_fpnew_cast_multi/mem_q[7][sbe][result][60]_i_105_n_0
                         CARRY4 (Prop_carry4_S[1]_CO[3])
                                                      0.444    14.674 r  i_ariane/i_cva6/ex_stage_i/fpu_gen.fpu_i/fpu_gen.i_fpnew_bulk/gen_operation_groups[3].i_opgroup_block/gen_merged_slice.i_multifmt_slice/gen_num_lanes[0].active_lane.lane_instance.i_fpnew_cast_multi/mem_q_reg[7][sbe][result][60]_i_51/CO[3]
                         net (fo=1, unplaced)         0.000    14.674    i_ariane/i_cva6/ex_stage_i/fpu_gen.fpu_i/fpu_gen.i_fpnew_bulk/gen_operation_groups[3].i_opgroup_block/gen_merged_slice.i_multifmt_slice/gen_num_lanes[0].active_lane.lane_instance.i_fpnew_cast_multi/mem_q_reg[7][sbe][result][60]_i_51_n_0
                         CARRY4 (Prop_carry4_CI_O[1])
                                                      0.269    14.943 f  i_ariane/i_cva6/ex_stage_i/fpu_gen.fpu_i/fpu_gen.i_fpnew_bulk/gen_operation_groups[3].i_opgroup_block/gen_merged_slice.i_multifmt_slice/gen_num_lanes[0].active_lane.lane_instance.i_fpnew_cast_multi/mem_q_reg[7][sbe][result][62]_i_30/O[1]
                         net (fo=2, unplaced)         0.251    15.194    i_ariane/i_cva6/ex_stage_i/fpu_gen.fpu_i/fpu_gen.i_fpnew_bulk/gen_operation_groups[3].i_opgroup_block/gen_merged_slice.i_multifmt_slice/gen_num_lanes[0].active_lane.lane_instance.i_fpnew_cast_multi/rounded_int_res0[62]
                         LUT3 (Prop_lut3_I0_O)        0.245    15.439 f  i_ariane/i_cva6/ex_stage_i/fpu_gen.fpu_i/fpu_gen.i_fpnew_bulk/gen_operation_groups[3].i_opgroup_block/gen_merged_slice.i_multifmt_slice/gen_num_lanes[0].active_lane.lane_instance.i_fpnew_cast_multi/mem_q[7][sbe][ex][cause][0]_i_211/O
                         net (fo=2, unplaced)         0.358    15.797    i_ariane/i_cva6/ex_stage_i/fpu_gen.fpu_i/fpu_gen.i_fpnew_bulk/gen_operation_groups[3].i_opgroup_block/gen_merged_slice.i_multifmt_slice/gen_num_lanes[0].active_lane.lane_instance.i_fpnew_cast_multi/mem_q[7][sbe][ex][cause][0]_i_211_n_0
                         LUT5 (Prop_lut5_I1_O)        0.105    15.902 r  i_ariane/i_cva6/ex_stage_i/fpu_gen.fpu_i/fpu_gen.i_fpnew_bulk/gen_operation_groups[3].i_opgroup_block/gen_merged_slice.i_multifmt_slice/gen_num_lanes[0].active_lane.lane_instance.i_fpnew_cast_multi/mem_q[7][sbe][ex][cause][4]_i_80/O
                         net (fo=1, unplaced)         0.000    15.902    i_ariane/i_cva6/ex_stage_i/fpu_gen.fpu_i/fpu_gen.i_fpnew_bulk/gen_operation_groups[3].i_opgroup_block/gen_merged_slice.i_multifmt_slice/gen_num_lanes[0].active_lane.lane_instance.i_fpnew_cast_multi/mem_q[7][sbe][ex][cause][4]_i_80_n_0
                         MUXF7 (Prop_muxf7_I1_O)      0.206    16.108 r  i_ariane/i_cva6/ex_stage_i/fpu_gen.fpu_i/fpu_gen.i_fpnew_bulk/gen_operation_groups[3].i_opgroup_block/gen_merged_slice.i_multifmt_slice/gen_num_lanes[0].active_lane.lane_instance.i_fpnew_cast_multi/mem_q_reg[7][sbe][ex][cause][4]_i_52/O
                         net (fo=1, unplaced)         0.349    16.457    i_ariane/i_cva6/ex_stage_i/fpu_gen.fpu_i/fpu_gen.i_fpnew_bulk/gen_operation_groups[3].i_opgroup_block/gen_merged_slice.i_multifmt_slice/gen_num_lanes[0].active_lane.lane_instance.i_fpnew_cast_multi/mem_q_reg[7][sbe][ex][cause][4]_i_52_n_0
                         LUT6 (Prop_lut6_I0_O)        0.242    16.699 r  i_ariane/i_cva6/ex_stage_i/fpu_gen.fpu_i/fpu_gen.i_fpnew_bulk/gen_operation_groups[3].i_opgroup_block/gen_merged_slice.i_multifmt_slice/gen_num_lanes[0].active_lane.lane_instance.i_fpnew_cast_multi/mem_q[7][sbe][ex][cause][4]_i_36/O
                         net (fo=1, unplaced)         0.347    17.046    i_ariane/i_cva6/ex_stage_i/fpu_gen.fpu_i/fpu_gen.i_fpnew_bulk/gen_operation_groups[3].i_opgroup_block/gen_merged_slice.i_multifmt_slice/gen_num_lanes[0].active_lane.lane_instance.i_fpnew_cast_multi/of_after_round
                         LUT6 (Prop_lut6_I5_O)        0.105    17.151 r  i_ariane/i_cva6/ex_stage_i/fpu_gen.fpu_i/fpu_gen.i_fpnew_bulk/gen_operation_groups[3].i_opgroup_block/gen_merged_slice.i_multifmt_slice/gen_num_lanes[0].active_lane.lane_instance.i_fpnew_cast_multi/mem_q[7][sbe][ex][cause][4]_i_28/O
                         net (fo=3, unplaced)         0.365    17.516    i_ariane/i_cva6/ex_stage_i/fpu_gen.fpu_i/fpu_gen.i_fpnew_bulk/gen_operation_groups[3].i_opgroup_block/gen_merged_slice.i_multifmt_slice/gen_num_lanes[0].active_lane.lane_instance.i_fpnew_cast_multi/int_regular_status[NV]
                         LUT6 (Prop_lut6_I0_O)        0.105    17.621 r  i_ariane/i_cva6/ex_stage_i/fpu_gen.fpu_i/fpu_gen.i_fpnew_bulk/gen_operation_groups[3].i_opgroup_block/gen_merged_slice.i_multifmt_slice/gen_num_lanes[0].active_lane.lane_instance.i_fpnew_cast_multi/mem_q[7][sbe][ex][cause][0]_i_9/O
                         net (fo=66, unplaced)        0.436    18.057    i_ariane/i_cva6/ex_stage_i/fpu_gen.fpu_i/fpu_gen.i_fpnew_bulk/gen_operation_groups[3].i_opgroup_block/gen_merged_slice.i_multifmt_slice/gen_num_lanes[0].active_lane.lane_instance.i_fpnew_cast_multi/int_result_is_special
                         LUT6 (Prop_lut6_I4_O)        0.105    18.162 r  i_ariane/i_cva6/ex_stage_i/fpu_gen.fpu_i/fpu_gen.i_fpnew_bulk/gen_operation_groups[3].i_opgroup_block/gen_merged_slice.i_multifmt_slice/gen_num_lanes[0].active_lane.lane_instance.i_fpnew_cast_multi/mem_q[7][sbe][result][63]_i_32/O
                         net (fo=2, unplaced)         0.358    18.520    i_ariane/i_cva6/ex_stage_i/fpu_gen.fpu_i/fpu_gen.i_fpnew_bulk/gen_operation_groups[3].i_opgroup_block/gen_merged_slice.i_multifmt_slice/gen_num_lanes[0].active_lane.lane_instance.i_fpnew_cast_multi/int_result[63]
                         LUT2 (Prop_lut2_I0_O)        0.105    18.625 r  i_ariane/i_cva6/ex_stage_i/fpu_gen.fpu_i/fpu_gen.i_fpnew_bulk/gen_operation_groups[3].i_opgroup_block/gen_merged_slice.i_multifmt_slice/gen_num_lanes[0].active_lane.lane_instance.i_fpnew_cast_multi/mem_q[7][sbe][result][50]_i_13/O
                         net (fo=21, unplaced)        0.408    19.033    i_ariane/i_cva6/ex_stage_i/fpu_gen.fpu_i/fpu_gen.i_fpnew_bulk/gen_operation_groups[3].i_opgroup_block/gen_merged_slice.i_multifmt_slice/gen_num_lanes[0].active_lane.lane_instance.i_fpnew_cast_multi/mem_q[7][sbe][result][50]_i_13_n_0
                         LUT5 (Prop_lut5_I0_O)        0.105    19.138 r  i_ariane/i_cva6/ex_stage_i/fpu_gen.fpu_i/fpu_gen.i_fpnew_bulk/gen_operation_groups[3].i_opgroup_block/gen_merged_slice.i_multifmt_slice/gen_num_lanes[0].active_lane.lane_instance.i_fpnew_cast_multi/mem_q[7][sbe][result][50]_i_5/O
                         net (fo=40, unplaced)        0.424    19.562    i_ariane/i_cva6/ex_stage_i/fpu_gen.fpu_i/fpu_gen.i_fpnew_bulk/gen_operation_groups[3].i_opgroup_block/gen_merged_slice.i_multifmt_slice/gen_num_lanes[0].active_lane.lane_instance.i_fpnew_cast_multi/mem_q[7][sbe][result][50]_i_5_n_0
                         LUT6 (Prop_lut6_I5_O)        0.105    19.667 r  i_ariane/i_cva6/ex_stage_i/fpu_gen.fpu_i/fpu_gen.i_fpnew_bulk/gen_operation_groups[3].i_opgroup_block/gen_merged_slice.i_multifmt_slice/gen_num_lanes[0].active_lane.lane_instance.i_fpnew_cast_multi/mem_q[7][sbe][result][63]_i_15/O
                         net (fo=1, unplaced)         0.347    20.014    i_ariane/i_cva6/ex_stage_i/fpu_gen.fpu_i/fpu_gen.i_fpnew_bulk/gen_operation_groups[2].i_opgroup_block/gen_parallel_slices[0].active_format.i_fmt_slice/gen_num_lanes[0].active_lane.lane_instance.i_noncomp/opgrp_outputs[3][result][0]
                         LUT6 (Prop_lut6_I0_O)        0.105    20.119 r  i_ariane/i_cva6/ex_stage_i/fpu_gen.fpu_i/fpu_gen.i_fpnew_bulk/gen_operation_groups[2].i_opgroup_block/gen_parallel_slices[0].active_format.i_fmt_slice/gen_num_lanes[0].active_lane.lane_instance.i_noncomp/mem_q[7][sbe][result][63]_i_8/O
                         net (fo=1, unplaced)         0.000    20.119    i_ariane/i_cva6/ex_stage_i/fpu_gen.fpu_i/fpu_gen.i_fpnew_bulk/gen_operation_groups[0].i_opgroup_block/gen_parallel_slices[0].active_format.i_fmt_slice/gen_num_lanes[0].active_lane.lane_instance.i_fma/gen_arbiter.data_nodes[2][result][44]
                         MUXF7 (Prop_muxf7_I1_O)      0.206    20.325 r  i_ariane/i_cva6/ex_stage_i/fpu_gen.fpu_i/fpu_gen.i_fpnew_bulk/gen_operation_groups[0].i_opgroup_block/gen_parallel_slices[0].active_format.i_fmt_slice/gen_num_lanes[0].active_lane.lane_instance.i_fma/mem_q_reg[7][sbe][result][63]_i_4/O
                         net (fo=14, unplaced)        0.400    20.725    i_ariane/i_cva6/ex_stage_i/fpu_gen.fpu_i/fpu_gen.i_fpnew_bulk/gen_operation_groups[0].i_opgroup_block/gen_parallel_slices[0].active_format.i_fmt_slice/gen_num_lanes[0].active_lane.lane_instance.i_fma/gen_arbiter.gen_int_rr.rr_q_reg[1]_4
                         LUT2 (Prop_lut2_I0_O)        0.242    20.967 f  i_ariane/i_cva6/ex_stage_i/fpu_gen.fpu_i/fpu_gen.i_fpnew_bulk/gen_operation_groups[0].i_opgroup_block/gen_parallel_slices[0].active_format.i_fmt_slice/gen_num_lanes[0].active_lane.lane_instance.i_fma/fu_data_q[0][operand_a][63]_i_54/O
                         net (fo=3, unplaced)         0.365    21.332    i_ariane/i_cva6/ex_stage_i/fpu_gen.fpu_i/fpu_gen.i_fpnew_bulk/gen_operation_groups[3].i_opgroup_block/gen_merged_slice.i_multifmt_slice/gen_num_lanes[0].active_lane.lane_instance.i_fpnew_cast_multi/fu_data_q[0][imm][63]_i_10
                         LUT6 (Prop_lut6_I5_O)        0.105    21.437 f  i_ariane/i_cva6/ex_stage_i/fpu_gen.fpu_i/fpu_gen.i_fpnew_bulk/gen_operation_groups[3].i_opgroup_block/gen_merged_slice.i_multifmt_slice/gen_num_lanes[0].active_lane.lane_instance.i_fpnew_cast_multi/fu_data_q[0][operand_a][63]_i_24/O
                         net (fo=3, unplaced)         0.365    21.802    i_ariane/i_cva6/ex_stage_i/fpu_gen.fpu_i/fpu_gen.i_fpnew_bulk/gen_operation_groups[0].i_opgroup_block/gen_parallel_slices[0].active_format.i_fmt_slice/gen_num_lanes[0].active_lane.lane_instance.i_fma/fu_data_q_reg[0][operand_b][63]_i_5_0
                         LUT6 (Prop_lut6_I3_O)        0.105    21.907 f  i_ariane/i_cva6/ex_stage_i/fpu_gen.fpu_i/fpu_gen.i_fpnew_bulk/gen_operation_groups[0].i_opgroup_block/gen_parallel_slices[0].active_format.i_fmt_slice/gen_num_lanes[0].active_lane.lane_instance.i_fma/fu_data_q[0][operand_a][63]_i_7/O
                         net (fo=1, unplaced)         0.000    21.907    i_ariane/i_cva6/ex_stage_i/fpu_gen.fpu_i/fpu_gen.i_fpnew_bulk/gen_operation_groups[3].i_opgroup_block/gen_merged_slice.i_multifmt_slice/gen_num_lanes[0].active_lane.lane_instance.i_fpnew_cast_multi/fu_data_q_reg[0][operand_a][63]_0
                         MUXF7 (Prop_muxf7_I1_O)      0.206    22.113 f  i_ariane/i_cva6/ex_stage_i/fpu_gen.fpu_i/fpu_gen.i_fpnew_bulk/gen_operation_groups[3].i_opgroup_block/gen_merged_slice.i_multifmt_slice/gen_num_lanes[0].active_lane.lane_instance.i_fpnew_cast_multi/fu_data_q_reg[0][operand_a][63]_i_2/O
                         net (fo=1, unplaced)         0.349    22.462    i_ariane/i_cva6/id_stage_i/fu_data_q_reg[0][operand_a][63]
                         LUT6 (Prop_lut6_I0_O)        0.242    22.704 r  i_ariane/i_cva6/id_stage_i/fu_data_q[0][operand_a][63]_i_1/O
                         net (fo=2, unplaced)         0.000    22.704    i_ariane/i_cva6/ex_stage_i/vaddr_to_be_flushed_reg[63]_0[63]
                         FDCE                                         r  i_ariane/i_cva6/ex_stage_i/vaddr_to_be_flushed_reg[63]/D
  -------------------------------------------------------------------    -------------------

                         (clock clk_i rise edge)     10.000    10.000 r  
                                                      0.000    10.000 r  clk_i (IN)
                         net (fo=33654, unset)        0.748    10.748    i_ariane/i_cva6/ex_stage_i/clk_i
                         FDCE                                         r  i_ariane/i_cva6/ex_stage_i/vaddr_to_be_flushed_reg[63]/C
                         clock pessimism              0.000    10.748    
                         clock uncertainty           -0.035    10.712    
                         FDCE (Setup_fdce_C_D)        0.043    10.755    i_ariane/i_cva6/ex_stage_i/vaddr_to_be_flushed_reg[63]
  -------------------------------------------------------------------
                         required time                         10.755    
                         arrival time                         -22.704    
  -------------------------------------------------------------------
                         slack                                -11.949    

Slack (VIOLATED) :        -11.949ns  (required time - arrival time)
  Source:                 i_ariane/i_cva6/ex_stage_i/fpu_gen.fpu_i/fpu_gen.i_fpnew_bulk/gen_operation_groups[3].i_opgroup_block/gen_merged_slice.i_multifmt_slice/gen_num_lanes[0].active_lane.lane_instance.i_fpnew_cast_multi/gen_inside_pipeline[0].mid_pipe_dst_fmt_q_reg[1][2]_rep/C
                            (rising edge-triggered cell FDCE clocked by clk_i  {rise@0.000ns fall@5.000ns period=10.000ns})
  Destination:            i_ariane/i_cva6/ex_stage_i/vaddr_to_be_flushed_reg[63]/D
                            (rising edge-triggered cell FDCE clocked by clk_i  {rise@0.000ns fall@5.000ns period=10.000ns})
  Path Group:             clk_i
  Path Type:              Setup (Max at Slow Process Corner)
  Requirement:            10.000ns  (clk_i rise@10.000ns - clk_i rise@0.000ns)
  Data Path Delay:        21.917ns  (logic 8.887ns (40.548%)  route 13.030ns (59.452%))
  Logic Levels:           52  (CARRY4=23 LUT1=1 LUT2=2 LUT3=2 LUT4=1 LUT5=4 LUT6=16 MUXF7=3)
  Clock Path Skew:        -0.039ns (DCD - SCD + CPR)
    Destination Clock Delay (DCD):    0.748ns = ( 10.748 - 10.000 ) 
    Source Clock Delay      (SCD):    0.787ns
    Clock Pessimism Removal (CPR):    0.000ns
  Clock Uncertainty:      0.035ns  ((TSJ^2 + TIJ^2)^1/2 + DJ) / 2 + PE
    Total System Jitter     (TSJ):    0.071ns
    Total Input Jitter      (TIJ):    0.000ns
    Discrete Jitter          (DJ):    0.000ns
    Phase Error              (PE):    0.000ns

    Location             Delay type                Incr(ns)  Path(ns)    Netlist Resource(s)
  -------------------------------------------------------------------    -------------------
                         (clock clk_i rise edge)      0.000     0.000 r  
                                                      0.000     0.000 r  clk_i (IN)
                         net (fo=33654, unset)        0.787     0.787    i_ariane/i_cva6/ex_stage_i/fpu_gen.fpu_i/fpu_gen.i_fpnew_bulk/gen_operation_groups[3].i_opgroup_block/gen_merged_slice.i_multifmt_slice/gen_num_lanes[0].active_lane.lane_instance.i_fpnew_cast_multi/clk_i
                         FDCE                                         r  i_ariane/i_cva6/ex_stage_i/fpu_gen.fpu_i/fpu_gen.i_fpnew_bulk/gen_operation_groups[3].i_opgroup_block/gen_merged_slice.i_multifmt_slice/gen_num_lanes[0].active_lane.lane_instance.i_fpnew_cast_multi/gen_inside_pipeline[0].mid_pipe_dst_fmt_q_reg[1][2]_rep/C
  -------------------------------------------------------------------    -------------------
                         FDCE (Prop_fdce_C_Q)         0.397     1.184 r  i_ariane/i_cva6/ex_stage_i/fpu_gen.fpu_i/fpu_gen.i_fpnew_bulk/gen_operation_groups[3].i_opgroup_block/gen_merged_slice.i_multifmt_slice/gen_num_lanes[0].active_lane.lane_instance.i_fpnew_cast_multi/gen_inside_pipeline[0].mid_pipe_dst_fmt_q_reg[1][2]_rep/Q
                         net (fo=165, unplaced)       0.737     1.921    i_ariane/i_cva6/ex_stage_i/fpu_gen.fpu_i/fpu_gen.i_fpnew_bulk/gen_operation_groups[3].i_opgroup_block/gen_merged_slice.i_multifmt_slice/gen_num_lanes[0].active_lane.lane_instance.i_fpnew_cast_multi/gen_inside_pipeline[0].mid_pipe_dst_fmt_q_reg[1][2]_rep_n_0
                         LUT3 (Prop_lut3_I0_O)        0.232     2.153 r  i_ariane/i_cva6/ex_stage_i/fpu_gen.fpu_i/fpu_gen.i_fpnew_bulk/gen_operation_groups[3].i_opgroup_block/gen_merged_slice.i_multifmt_slice/gen_num_lanes[0].active_lane.lane_instance.i_fpnew_cast_multi/mem_q[7][sbe][result][59]_i_188/O
                         net (fo=1, unplaced)         0.258     2.411    i_ariane/i_cva6/ex_stage_i/fpu_gen.fpu_i/fpu_gen.i_fpnew_bulk/gen_operation_groups[3].i_opgroup_block/gen_merged_slice.i_multifmt_slice/gen_num_lanes[0].active_lane.lane_instance.i_fpnew_cast_multi/preshift_mant3[0]
                         CARRY4 (Prop_carry4_CYINIT_CO[3])
                                                      0.494     2.905 f  i_ariane/i_cva6/ex_stage_i/fpu_gen.fpu_i/fpu_gen.i_fpnew_bulk/gen_operation_groups[3].i_opgroup_block/gen_merged_slice.i_multifmt_slice/gen_num_lanes[0].active_lane.lane_instance.i_fpnew_cast_multi/mem_q_reg[7][sbe][result][59]_i_177/CO[3]
                         net (fo=1, unplaced)         0.000     2.905    i_ariane/i_cva6/ex_stage_i/fpu_gen.fpu_i/fpu_gen.i_fpnew_bulk/gen_operation_groups[3].i_opgroup_block/gen_merged_slice.i_multifmt_slice/gen_num_lanes[0].active_lane.lane_instance.i_fpnew_cast_multi/mem_q_reg[7][sbe][result][59]_i_177_n_0
                         CARRY4 (Prop_carry4_CI_CO[3])
                                                      0.100     3.005 f  i_ariane/i_cva6/ex_stage_i/fpu_gen.fpu_i/fpu_gen.i_fpnew_bulk/gen_operation_groups[3].i_opgroup_block/gen_merged_slice.i_multifmt_slice/gen_num_lanes[0].active_lane.lane_instance.i_fpnew_cast_multi/mem_q_reg[7][sbe][ex][cause][4]_i_139/CO[3]
                         net (fo=1, unplaced)         0.000     3.005    i_ariane/i_cva6/ex_stage_i/fpu_gen.fpu_i/fpu_gen.i_fpnew_bulk/gen_operation_groups[3].i_opgroup_block/gen_merged_slice.i_multifmt_slice/gen_num_lanes[0].active_lane.lane_instance.i_fpnew_cast_multi/mem_q_reg[7][sbe][ex][cause][4]_i_139_n_0
                         CARRY4 (Prop_carry4_CI_O[1])
                                                      0.269     3.274 f  i_ariane/i_cva6/ex_stage_i/fpu_gen.fpu_i/fpu_gen.i_fpnew_bulk/gen_operation_groups[3].i_opgroup_block/gen_merged_slice.i_multifmt_slice/gen_num_lanes[0].active_lane.lane_instance.i_fpnew_cast_multi/mem_q_reg[7][sbe][ex][cause][4]_i_100/O[1]
                         net (fo=3, unplaced)         0.490     3.764    i_ariane/i_cva6/ex_stage_i/fpu_gen.fpu_i/fpu_gen.i_fpnew_bulk/gen_operation_groups[3].i_opgroup_block/gen_merged_slice.i_multifmt_slice/gen_num_lanes[0].active_lane.lane_instance.i_fpnew_cast_multi/mem_q_reg[7][sbe][ex][cause][4]_i_100_n_6
                         LUT4 (Prop_lut4_I1_O)        0.266     4.030 r  i_ariane/i_cva6/ex_stage_i/fpu_gen.fpu_i/fpu_gen.i_fpnew_bulk/gen_operation_groups[3].i_opgroup_block/gen_merged_slice.i_multifmt_slice/gen_num_lanes[0].active_lane.lane_instance.i_fpnew_cast_multi/mem_q[7][sbe][ex][cause][4]_i_94/O
                         net (fo=1, unplaced)         0.000     4.030    i_ariane/i_cva6/ex_stage_i/fpu_gen.fpu_i/fpu_gen.i_fpnew_bulk/gen_operation_groups[3].i_opgroup_block/gen_merged_slice.i_multifmt_slice/gen_num_lanes[0].active_lane.lane_instance.i_fpnew_cast_multi/mem_q[7][sbe][ex][cause][4]_i_94_n_0
                         CARRY4 (Prop_carry4_DI[1]_CO[3])
                                                      0.451     4.481 r  i_ariane/i_cva6/ex_stage_i/fpu_gen.fpu_i/fpu_gen.i_fpnew_bulk/gen_operation_groups[3].i_opgroup_block/gen_merged_slice.i_multifmt_slice/gen_num_lanes[0].active_lane.lane_instance.i_fpnew_cast_multi/mem_q_reg[7][sbe][ex][cause][4]_i_58/CO[3]
                         net (fo=1, unplaced)         0.000     4.481    i_ariane/i_cva6/ex_stage_i/fpu_gen.fpu_i/fpu_gen.i_fpnew_bulk/gen_operation_groups[3].i_opgroup_block/gen_merged_slice.i_multifmt_slice/gen_num_lanes[0].active_lane.lane_instance.i_fpnew_cast_multi/mem_q_reg[7][sbe][ex][cause][4]_i_58_n_0
                         CARRY4 (Prop_carry4_CI_CO[3])
                                                      0.100     4.581 r  i_ariane/i_cva6/ex_stage_i/fpu_gen.fpu_i/fpu_gen.i_fpnew_bulk/gen_operation_groups[3].i_opgroup_block/gen_merged_slice.i_multifmt_slice/gen_num_lanes[0].active_lane.lane_instance.i_fpnew_cast_multi/mem_q_reg[7][sbe][ex][cause][4]_i_40/CO[3]
                         net (fo=1, unplaced)         0.000     4.581    i_ariane/i_cva6/ex_stage_i/fpu_gen.fpu_i/fpu_gen.i_fpnew_bulk/gen_operation_groups[3].i_opgroup_block/gen_merged_slice.i_multifmt_slice/gen_num_lanes[0].active_lane.lane_instance.i_fpnew_cast_multi/mem_q_reg[7][sbe][ex][cause][4]_i_40_n_0
                         CARRY4 (Prop_carry4_CI_CO[3])
                                                      0.100     4.681 f  i_ariane/i_cva6/ex_stage_i/fpu_gen.fpu_i/fpu_gen.i_fpnew_bulk/gen_operation_groups[3].i_opgroup_block/gen_merged_slice.i_multifmt_slice/gen_num_lanes[0].active_lane.lane_instance.i_fpnew_cast_multi/mem_q_reg[7][sbe][ex][cause][4]_i_34/CO[3]
                         net (fo=146, unplaced)       0.719     5.400    i_ariane/i_cva6/ex_stage_i/fpu_gen.fpu_i/fpu_gen.i_fpnew_bulk/gen_operation_groups[3].i_opgroup_block/gen_merged_slice.i_multifmt_slice/gen_num_lanes[0].active_lane.lane_instance.i_fpnew_cast_multi/preshift_mant1
                         LUT5 (Prop_lut5_I2_O)        0.105     5.505 f  i_ariane/i_cva6/ex_stage_i/fpu_gen.fpu_i/fpu_gen.i_fpnew_bulk/gen_operation_groups[3].i_opgroup_block/gen_merged_slice.i_multifmt_slice/gen_num_lanes[0].active_lane.lane_instance.i_fpnew_cast_multi/mem_q[7][sbe][ex][cause][0]_i_331/O
                         net (fo=4, unplaced)         0.802     6.307    i_ariane/i_cva6/ex_stage_i/fpu_gen.fpu_i/fpu_gen.i_fpnew_bulk/gen_operation_groups[3].i_opgroup_block/gen_merged_slice.i_multifmt_slice/gen_num_lanes[0].active_lane.lane_instance.i_fpnew_cast_multi/preshift_mant[90]
                         LUT5 (Prop_lut5_I0_O)        0.105     6.412 f  i_ariane/i_cva6/ex_stage_i/fpu_gen.fpu_i/fpu_gen.i_fpnew_bulk/gen_operation_groups[3].i_opgroup_block/gen_merged_slice.i_multifmt_slice/gen_num_lanes[0].active_lane.lane_instance.i_fpnew_cast_multi/mem_q[7][sbe][ex][cause][0]_i_566/O
                         net (fo=4, unplaced)         0.606     7.018    i_ariane/i_cva6/ex_stage_i/fpu_gen.fpu_i/fpu_gen.i_fpnew_bulk/gen_operation_groups[3].i_opgroup_block/gen_merged_slice.i_multifmt_slice/gen_num_lanes[0].active_lane.lane_instance.i_fpnew_cast_multi/mem_q[7][sbe][ex][cause][0]_i_566_n_0
                         LUT6 (Prop_lut6_I1_O)        0.105     7.123 f  i_ariane/i_cva6/ex_stage_i/fpu_gen.fpu_i/fpu_gen.i_fpnew_bulk/gen_operation_groups[3].i_opgroup_block/gen_merged_slice.i_multifmt_slice/gen_num_lanes[0].active_lane.lane_instance.i_fpnew_cast_multi/mem_q[7][sbe][ex][cause][0]_i_415/O
                         net (fo=4, unplaced)         0.606     7.729    i_ariane/i_cva6/ex_stage_i/fpu_gen.fpu_i/fpu_gen.i_fpnew_bulk/gen_operation_groups[3].i_opgroup_block/gen_merged_slice.i_multifmt_slice/gen_num_lanes[0].active_lane.lane_instance.i_fpnew_cast_multi/mem_q[7][sbe][ex][cause][0]_i_415_n_0
                         LUT6 (Prop_lut6_I1_O)        0.105     7.834 f  i_ariane/i_cva6/ex_stage_i/fpu_gen.fpu_i/fpu_gen.i_fpnew_bulk/gen_operation_groups[3].i_opgroup_block/gen_merged_slice.i_multifmt_slice/gen_num_lanes[0].active_lane.lane_instance.i_fpnew_cast_multi/mem_q[7][sbe][ex][cause][0]_i_179/O
                         net (fo=3, unplaced)         0.796     8.630    i_ariane/i_cva6/ex_stage_i/fpu_gen.fpu_i/fpu_gen.i_fpnew_bulk/gen_operation_groups[3].i_opgroup_block/gen_merged_slice.i_multifmt_slice/gen_num_lanes[0].active_lane.lane_instance.i_fpnew_cast_multi/mem_q[7][sbe][ex][cause][0]_i_179_n_0
                         LUT6 (Prop_lut6_I0_O)        0.105     8.735 f  i_ariane/i_cva6/ex_stage_i/fpu_gen.fpu_i/fpu_gen.i_fpnew_bulk/gen_operation_groups[3].i_opgroup_block/gen_merged_slice.i_multifmt_slice/gen_num_lanes[0].active_lane.lane_instance.i_fpnew_cast_multi/mem_q[7][sbe][ex][cause][0]_i_225/O
                         net (fo=1, unplaced)         0.782     9.517    i_ariane/i_cva6/ex_stage_i/fpu_gen.fpu_i/fpu_gen.i_fpnew_bulk/gen_operation_groups[3].i_opgroup_block/gen_merged_slice.i_multifmt_slice/gen_num_lanes[0].active_lane.lane_instance.i_fpnew_cast_multi/mem_q[7][sbe][ex][cause][0]_i_225_n_0
                         LUT6 (Prop_lut6_I0_O)        0.105     9.622 f  i_ariane/i_cva6/ex_stage_i/fpu_gen.fpu_i/fpu_gen.i_fpnew_bulk/gen_operation_groups[3].i_opgroup_block/gen_merged_slice.i_multifmt_slice/gen_num_lanes[0].active_lane.lane_instance.i_fpnew_cast_multi/mem_q[7][sbe][ex][cause][0]_i_81/O
                         net (fo=1, unplaced)         0.778    10.400    i_ariane/i_cva6/ex_stage_i/fpu_gen.fpu_i/fpu_gen.i_fpnew_bulk/gen_operation_groups[3].i_opgroup_block/gen_merged_slice.i_multifmt_slice/gen_num_lanes[0].active_lane.lane_instance.i_fpnew_cast_multi/mem_q[7][sbe][ex][cause][0]_i_81_n_0
                         LUT6 (Prop_lut6_I1_O)        0.105    10.505 f  i_ariane/i_cva6/ex_stage_i/fpu_gen.fpu_i/fpu_gen.i_fpnew_bulk/gen_operation_groups[3].i_opgroup_block/gen_merged_slice.i_multifmt_slice/gen_num_lanes[0].active_lane.lane_instance.i_fpnew_cast_multi/mem_q[7][sbe][ex][cause][0]_i_25/O
                         net (fo=4, unplaced)         0.606    11.111    i_ariane/i_cva6/ex_stage_i/fpu_gen.fpu_i/fpu_gen.i_fpnew_bulk/gen_operation_groups[3].i_opgroup_block/gen_merged_slice.i_multifmt_slice/gen_num_lanes[0].active_lane.lane_instance.i_fpnew_cast_multi/fp_round_sticky_bits[0]
                         LUT6 (Prop_lut6_I0_O)        0.105    11.216 f  i_ariane/i_cva6/ex_stage_i/fpu_gen.fpu_i/fpu_gen.i_fpnew_bulk/gen_operation_groups[3].i_opgroup_block/gen_merged_slice.i_multifmt_slice/gen_num_lanes[0].active_lane.lane_instance.i_fpnew_cast_multi/mem_q[7][sbe][result][0]_i_174/O
                         net (fo=1, unplaced)         0.347    11.563    i_ariane/i_cva6/ex_stage_i/fpu_gen.fpu_i/fpu_gen.i_fpnew_bulk/gen_operation_groups[3].i_opgroup_block/gen_merged_slice.i_multifmt_slice/gen_num_lanes[0].active_lane.lane_instance.i_fpnew_cast_multi/mem_q[7][sbe][result][0]_i_174_n_0
                         LUT6 (Prop_lut6_I5_O)        0.105    11.668 r  i_ariane/i_cva6/ex_stage_i/fpu_gen.fpu_i/fpu_gen.i_fpnew_bulk/gen_operation_groups[3].i_opgroup_block/gen_merged_slice.i_multifmt_slice/gen_num_lanes[0].active_lane.lane_instance.i_fpnew_cast_multi/mem_q[7][sbe][result][0]_i_114/O
                         net (fo=1, unplaced)         0.000    11.668    i_ariane/i_cva6/ex_stage_i/fpu_gen.fpu_i/fpu_gen.i_fpnew_bulk/gen_operation_groups[3].i_opgroup_block/gen_merged_slice.i_multifmt_slice/gen_num_lanes[0].active_lane.lane_instance.i_fpnew_cast_multi/mem_q[7][sbe][result][0]_i_114_n_0
                         CARRY4 (Prop_carry4_S[0]_CO[3])
                                                      0.423    12.091 r  i_ariane/i_cva6/ex_stage_i/fpu_gen.fpu_i/fpu_gen.i_fpnew_bulk/gen_operation_groups[3].i_opgroup_block/gen_merged_slice.i_multifmt_slice/gen_num_lanes[0].active_lane.lane_instance.i_fpnew_cast_multi/mem_q_reg[7][sbe][result][0]_i_66/CO[3]
                         net (fo=1, unplaced)         0.000    12.091    i_ariane/i_cva6/ex_stage_i/fpu_gen.fpu_i/fpu_gen.i_fpnew_bulk/gen_operation_groups[3].i_opgroup_block/gen_merged_slice.i_multifmt_slice/gen_num_lanes[0].active_lane.lane_instance.i_fpnew_cast_multi/mem_q_reg[7][sbe][result][0]_i_66_n_0
                         CARRY4 (Prop_carry4_CI_CO[3])
                                                      0.100    12.191 r  i_ariane/i_cva6/ex_stage_i/fpu_gen.fpu_i/fpu_gen.i_fpnew_bulk/gen_operation_groups[3].i_opgroup_block/gen_merged_slice.i_multifmt_slice/gen_num_lanes[0].active_lane.lane_instance.i_fpnew_cast_multi/mem_q_reg[7][sbe][result][7]_i_77/CO[3]
                         net (fo=1, unplaced)         0.000    12.191    i_ariane/i_cva6/ex_stage_i/fpu_gen.fpu_i/fpu_gen.i_fpnew_bulk/gen_operation_groups[3].i_opgroup_block/gen_merged_slice.i_multifmt_slice/gen_num_lanes[0].active_lane.lane_instance.i_fpnew_cast_multi/mem_q_reg[7][sbe][result][7]_i_77_n_0
                         CARRY4 (Prop_carry4_CI_CO[3])
                                                      0.100    12.291 r  i_ariane/i_cva6/ex_stage_i/fpu_gen.fpu_i/fpu_gen.i_fpnew_bulk/gen_operation_groups[3].i_opgroup_block/gen_merged_slice.i_multifmt_slice/gen_num_lanes[0].active_lane.lane_instance.i_fpnew_cast_multi/mem_q_reg[7][sbe][result][11]_i_56/CO[3]
                         net (fo=1, unplaced)         0.000    12.291    i_ariane/i_cva6/ex_stage_i/fpu_gen.fpu_i/fpu_gen.i_fpnew_bulk/gen_operation_groups[3].i_opgroup_block/gen_merged_slice.i_multifmt_slice/gen_num_lanes[0].active_lane.lane_instance.i_fpnew_cast_multi/mem_q_reg[7][sbe][result][11]_i_56_n_0
                         CARRY4 (Prop_carry4_CI_CO[3])
                                                      0.100    12.391 r  i_ariane/i_cva6/ex_stage_i/fpu_gen.fpu_i/fpu_gen.i_fpnew_bulk/gen_operation_groups[3].i_opgroup_block/gen_merged_slice.i_multifmt_slice/gen_num_lanes[0].active_lane.lane_instance.i_fpnew_cast_multi/mem_q_reg[7][sbe][result][15]_i_77/CO[3]
                         net (fo=1, unplaced)         0.000    12.391    i_ariane/i_cva6/ex_stage_i/fpu_gen.fpu_i/fpu_gen.i_fpnew_bulk/gen_operation_groups[3].i_opgroup_block/gen_merged_slice.i_multifmt_slice/gen_num_lanes[0].active_lane.lane_instance.i_fpnew_cast_multi/mem_q_reg[7][sbe][result][15]_i_77_n_0
                         CARRY4 (Prop_carry4_CI_CO[3])
                                                      0.100    12.491 r  i_ariane/i_cva6/ex_stage_i/fpu_gen.fpu_i/fpu_gen.i_fpnew_bulk/gen_operation_groups[3].i_opgroup_block/gen_merged_slice.i_multifmt_slice/gen_num_lanes[0].active_lane.lane_instance.i_fpnew_cast_multi/mem_q_reg[7][sbe][result][19]_i_57/CO[3]
                         net (fo=1, unplaced)         0.000    12.491    i_ariane/i_cva6/ex_stage_i/fpu_gen.fpu_i/fpu_gen.i_fpnew_bulk/gen_operation_groups[3].i_opgroup_block/gen_merged_slice.i_multifmt_slice/gen_num_lanes[0].active_lane.lane_instance.i_fpnew_cast_multi/mem_q_reg[7][sbe][result][19]_i_57_n_0
                         CARRY4 (Prop_carry4_CI_CO[3])
                                                      0.100    12.591 r  i_ariane/i_cva6/ex_stage_i/fpu_gen.fpu_i/fpu_gen.i_fpnew_bulk/gen_operation_groups[3].i_opgroup_block/gen_merged_slice.i_multifmt_slice/gen_num_lanes[0].active_lane.lane_instance.i_fpnew_cast_multi/mem_q_reg[7][sbe][result][23]_i_77/CO[3]
                         net (fo=1, unplaced)         0.000    12.591    i_ariane/i_cva6/ex_stage_i/fpu_gen.fpu_i/fpu_gen.i_fpnew_bulk/gen_operation_groups[3].i_opgroup_block/gen_merged_slice.i_multifmt_slice/gen_num_lanes[0].active_lane.lane_instance.i_fpnew_cast_multi/mem_q_reg[7][sbe][result][23]_i_77_n_0
                         CARRY4 (Prop_carry4_CI_CO[3])
                                                      0.100    12.691 r  i_ariane/i_cva6/ex_stage_i/fpu_gen.fpu_i/fpu_gen.i_fpnew_bulk/gen_operation_groups[3].i_opgroup_block/gen_merged_slice.i_multifmt_slice/gen_num_lanes[0].active_lane.lane_instance.i_fpnew_cast_multi/mem_q_reg[7][sbe][ex][cause][1]_i_27/CO[3]
                         net (fo=1, unplaced)         0.000    12.691    i_ariane/i_cva6/ex_stage_i/fpu_gen.fpu_i/fpu_gen.i_fpnew_bulk/gen_operation_groups[3].i_opgroup_block/gen_merged_slice.i_multifmt_slice/gen_num_lanes[0].active_lane.lane_instance.i_fpnew_cast_multi/mem_q_reg[7][sbe][ex][cause][1]_i_27_n_0
                         CARRY4 (Prop_carry4_CI_CO[3])
                                                      0.100    12.791 r  i_ariane/i_cva6/ex_stage_i/fpu_gen.fpu_i/fpu_gen.i_fpnew_bulk/gen_operation_groups[3].i_opgroup_block/gen_merged_slice.i_multifmt_slice/gen_num_lanes[0].active_lane.lane_instance.i_fpnew_cast_multi/mem_q_reg[7][sbe][result][35]_i_47/CO[3]
                         net (fo=1, unplaced)         0.000    12.791    i_ariane/i_cva6/ex_stage_i/fpu_gen.fpu_i/fpu_gen.i_fpnew_bulk/gen_operation_groups[3].i_opgroup_block/gen_merged_slice.i_multifmt_slice/gen_num_lanes[0].active_lane.lane_instance.i_fpnew_cast_multi/mem_q_reg[7][sbe][result][35]_i_47_n_0
                         CARRY4 (Prop_carry4_CI_CO[3])
                                                      0.100    12.891 r  i_ariane/i_cva6/ex_stage_i/fpu_gen.fpu_i/fpu_gen.i_fpnew_bulk/gen_operation_groups[3].i_opgroup_block/gen_merged_slice.i_multifmt_slice/gen_num_lanes[0].active_lane.lane_instance.i_fpnew_cast_multi/mem_q_reg[7][sbe][result][35]_i_27/CO[3]
                         net (fo=1, unplaced)         0.000    12.891    i_ariane/i_cva6/ex_stage_i/fpu_gen.fpu_i/fpu_gen.i_fpnew_bulk/gen_operation_groups[3].i_opgroup_block/gen_merged_slice.i_multifmt_slice/gen_num_lanes[0].active_lane.lane_instance.i_fpnew_cast_multi/mem_q_reg[7][sbe][result][35]_i_27_n_0
                         CARRY4 (Prop_carry4_CI_CO[3])
                                                      0.100    12.991 r  i_ariane/i_cva6/ex_stage_i/fpu_gen.fpu_i/fpu_gen.i_fpnew_bulk/gen_operation_groups[3].i_opgroup_block/gen_merged_slice.i_multifmt_slice/gen_num_lanes[0].active_lane.lane_instance.i_fpnew_cast_multi/mem_q_reg[7][sbe][result][39]_i_16/CO[3]
                         net (fo=1, unplaced)         0.000    12.991    i_ariane/i_cva6/ex_stage_i/fpu_gen.fpu_i/fpu_gen.i_fpnew_bulk/gen_operation_groups[3].i_opgroup_block/gen_merged_slice.i_multifmt_slice/gen_num_lanes[0].active_lane.lane_instance.i_fpnew_cast_multi/mem_q_reg[7][sbe][result][39]_i_16_n_0
                         CARRY4 (Prop_carry4_CI_CO[3])
                                                      0.100    13.091 r  i_ariane/i_cva6/ex_stage_i/fpu_gen.fpu_i/fpu_gen.i_fpnew_bulk/gen_operation_groups[3].i_opgroup_block/gen_merged_slice.i_multifmt_slice/gen_num_lanes[0].active_lane.lane_instance.i_fpnew_cast_multi/mem_q_reg[7][sbe][result][43]_i_18/CO[3]
                         net (fo=1, unplaced)         0.000    13.091    i_ariane/i_cva6/ex_stage_i/fpu_gen.fpu_i/fpu_gen.i_fpnew_bulk/gen_operation_groups[3].i_opgroup_block/gen_merged_slice.i_multifmt_slice/gen_num_lanes[0].active_lane.lane_instance.i_fpnew_cast_multi/mem_q_reg[7][sbe][result][43]_i_18_n_0
                         CARRY4 (Prop_carry4_CI_CO[3])
                                                      0.100    13.191 r  i_ariane/i_cva6/ex_stage_i/fpu_gen.fpu_i/fpu_gen.i_fpnew_bulk/gen_operation_groups[3].i_opgroup_block/gen_merged_slice.i_multifmt_slice/gen_num_lanes[0].active_lane.lane_instance.i_fpnew_cast_multi/mem_q_reg[7][sbe][result][47]_i_21/CO[3]
                         net (fo=1, unplaced)         0.000    13.191    i_ariane/i_cva6/ex_stage_i/fpu_gen.fpu_i/fpu_gen.i_fpnew_bulk/gen_operation_groups[3].i_opgroup_block/gen_merged_slice.i_multifmt_slice/gen_num_lanes[0].active_lane.lane_instance.i_fpnew_cast_multi/mem_q_reg[7][sbe][result][47]_i_21_n_0
                         CARRY4 (Prop_carry4_CI_CO[3])
                                                      0.100    13.291 r  i_ariane/i_cva6/ex_stage_i/fpu_gen.fpu_i/fpu_gen.i_fpnew_bulk/gen_operation_groups[3].i_opgroup_block/gen_merged_slice.i_multifmt_slice/gen_num_lanes[0].active_lane.lane_instance.i_fpnew_cast_multi/mem_q_reg[7][sbe][result][50]_i_20/CO[3]
                         net (fo=1, unplaced)         0.000    13.291    i_ariane/i_cva6/ex_stage_i/fpu_gen.fpu_i/fpu_gen.i_fpnew_bulk/gen_operation_groups[3].i_opgroup_block/gen_merged_slice.i_multifmt_slice/gen_num_lanes[0].active_lane.lane_instance.i_fpnew_cast_multi/mem_q_reg[7][sbe][result][50]_i_20_n_0
                         CARRY4 (Prop_carry4_CI_CO[3])
                                                      0.100    13.391 r  i_ariane/i_cva6/ex_stage_i/fpu_gen.fpu_i/fpu_gen.i_fpnew_bulk/gen_operation_groups[3].i_opgroup_block/gen_merged_slice.i_multifmt_slice/gen_num_lanes[0].active_lane.lane_instance.i_fpnew_cast_multi/mem_q_reg[7][sbe][result][55]_i_25/CO[3]
                         net (fo=1, unplaced)         0.000    13.391    i_ariane/i_cva6/ex_stage_i/fpu_gen.fpu_i/fpu_gen.i_fpnew_bulk/gen_operation_groups[3].i_opgroup_block/gen_merged_slice.i_multifmt_slice/gen_num_lanes[0].active_lane.lane_instance.i_fpnew_cast_multi/mem_q_reg[7][sbe][result][55]_i_25_n_0
                         CARRY4 (Prop_carry4_CI_O[2])
                                                      0.214    13.605 f  i_ariane/i_cva6/ex_stage_i/fpu_gen.fpu_i/fpu_gen.i_fpnew_bulk/gen_operation_groups[3].i_opgroup_block/gen_merged_slice.i_multifmt_slice/gen_num_lanes[0].active_lane.lane_instance.i_fpnew_cast_multi/mem_q_reg[7][sbe][result][59]_i_28/O[2]
                         net (fo=6, unplaced)         0.381    13.986    i_ariane/i_cva6/ex_stage_i/fpu_gen.fpu_i/fpu_gen.i_fpnew_bulk/gen_operation_groups[3].i_opgroup_block/gen_merged_slice.i_multifmt_slice/gen_num_lanes[0].active_lane.lane_instance.i_fpnew_cast_multi/rounded_abs[58]
                         LUT1 (Prop_lut1_I0_O)        0.244    14.230 r  i_ariane/i_cva6/ex_stage_i/fpu_gen.fpu_i/fpu_gen.i_fpnew_bulk/gen_operation_groups[3].i_opgroup_block/gen_merged_slice.i_multifmt_slice/gen_num_lanes[0].active_lane.lane_instance.i_fpnew_cast_multi/mem_q[7][sbe][result][60]_i_105/O
                         net (fo=1, unplaced)         0.000    14.230    i_ariane/i_cva6/ex_stage_i/fpu_gen.fpu_i/fpu_gen.i_fpnew_bulk/gen_operation_groups[3].i_opgroup_block/gen_merged_slice.i_multifmt_slice/gen_num_lanes[0].active_lane.lane_instance.i_fpnew_cast_multi/mem_q[7][sbe][result][60]_i_105_n_0
                         CARRY4 (Prop_carry4_S[1]_CO[3])
                                                      0.444    14.674 r  i_ariane/i_cva6/ex_stage_i/fpu_gen.fpu_i/fpu_gen.i_fpnew_bulk/gen_operation_groups[3].i_opgroup_block/gen_merged_slice.i_multifmt_slice/gen_num_lanes[0].active_lane.lane_instance.i_fpnew_cast_multi/mem_q_reg[7][sbe][result][60]_i_51/CO[3]
                         net (fo=1, unplaced)         0.000    14.674    i_ariane/i_cva6/ex_stage_i/fpu_gen.fpu_i/fpu_gen.i_fpnew_bulk/gen_operation_groups[3].i_opgroup_block/gen_merged_slice.i_multifmt_slice/gen_num_lanes[0].active_lane.lane_instance.i_fpnew_cast_multi/mem_q_reg[7][sbe][result][60]_i_51_n_0
                         CARRY4 (Prop_carry4_CI_O[1])
                                                      0.269    14.943 f  i_ariane/i_cva6/ex_stage_i/fpu_gen.fpu_i/fpu_gen.i_fpnew_bulk/gen_operation_groups[3].i_opgroup_block/gen_merged_slice.i_multifmt_slice/gen_num_lanes[0].active_lane.lane_instance.i_fpnew_cast_multi/mem_q_reg[7][sbe][result][62]_i_30/O[1]
                         net (fo=2, unplaced)         0.251    15.194    i_ariane/i_cva6/ex_stage_i/fpu_gen.fpu_i/fpu_gen.i_fpnew_bulk/gen_operation_groups[3].i_opgroup_block/gen_merged_slice.i_multifmt_slice/gen_num_lanes[0].active_lane.lane_instance.i_fpnew_cast_multi/rounded_int_res0[62]
                         LUT3 (Prop_lut3_I0_O)        0.245    15.439 f  i_ariane/i_cva6/ex_stage_i/fpu_gen.fpu_i/fpu_gen.i_fpnew_bulk/gen_operation_groups[3].i_opgroup_block/gen_merged_slice.i_multifmt_slice/gen_num_lanes[0].active_lane.lane_instance.i_fpnew_cast_multi/mem_q[7][sbe][ex][cause][0]_i_211/O
                         net (fo=2, unplaced)         0.358    15.797    i_ariane/i_cva6/ex_stage_i/fpu_gen.fpu_i/fpu_gen.i_fpnew_bulk/gen_operation_groups[3].i_opgroup_block/gen_merged_slice.i_multifmt_slice/gen_num_lanes[0].active_lane.lane_instance.i_fpnew_cast_multi/mem_q[7][sbe][ex][cause][0]_i_211_n_0
                         LUT5 (Prop_lut5_I1_O)        0.105    15.902 r  i_ariane/i_cva6/ex_stage_i/fpu_gen.fpu_i/fpu_gen.i_fpnew_bulk/gen_operation_groups[3].i_opgroup_block/gen_merged_slice.i_multifmt_slice/gen_num_lanes[0].active_lane.lane_instance.i_fpnew_cast_multi/mem_q[7][sbe][ex][cause][4]_i_80/O
                         net (fo=1, unplaced)         0.000    15.902    i_ariane/i_cva6/ex_stage_i/fpu_gen.fpu_i/fpu_gen.i_fpnew_bulk/gen_operation_groups[3].i_opgroup_block/gen_merged_slice.i_multifmt_slice/gen_num_lanes[0].active_lane.lane_instance.i_fpnew_cast_multi/mem_q[7][sbe][ex][cause][4]_i_80_n_0
                         MUXF7 (Prop_muxf7_I1_O)      0.206    16.108 r  i_ariane/i_cva6/ex_stage_i/fpu_gen.fpu_i/fpu_gen.i_fpnew_bulk/gen_operation_groups[3].i_opgroup_block/gen_merged_slice.i_multifmt_slice/gen_num_lanes[0].active_lane.lane_instance.i_fpnew_cast_multi/mem_q_reg[7][sbe][ex][cause][4]_i_52/O
                         net (fo=1, unplaced)         0.349    16.457    i_ariane/i_cva6/ex_stage_i/fpu_gen.fpu_i/fpu_gen.i_fpnew_bulk/gen_operation_groups[3].i_opgroup_block/gen_merged_slice.i_multifmt_slice/gen_num_lanes[0].active_lane.lane_instance.i_fpnew_cast_multi/mem_q_reg[7][sbe][ex][cause][4]_i_52_n_0
                         LUT6 (Prop_lut6_I0_O)        0.242    16.699 r  i_ariane/i_cva6/ex_stage_i/fpu_gen.fpu_i/fpu_gen.i_fpnew_bulk/gen_operation_groups[3].i_opgroup_block/gen_merged_slice.i_multifmt_slice/gen_num_lanes[0].active_lane.lane_instance.i_fpnew_cast_multi/mem_q[7][sbe][ex][cause][4]_i_36/O
                         net (fo=1, unplaced)         0.347    17.046    i_ariane/i_cva6/ex_stage_i/fpu_gen.fpu_i/fpu_gen.i_fpnew_bulk/gen_operation_groups[3].i_opgroup_block/gen_merged_slice.i_multifmt_slice/gen_num_lanes[0].active_lane.lane_instance.i_fpnew_cast_multi/of_after_round
                         LUT6 (Prop_lut6_I5_O)        0.105    17.151 r  i_ariane/i_cva6/ex_stage_i/fpu_gen.fpu_i/fpu_gen.i_fpnew_bulk/gen_operation_groups[3].i_opgroup_block/gen_merged_slice.i_multifmt_slice/gen_num_lanes[0].active_lane.lane_instance.i_fpnew_cast_multi/mem_q[7][sbe][ex][cause][4]_i_28/O
                         net (fo=3, unplaced)         0.365    17.516    i_ariane/i_cva6/ex_stage_i/fpu_gen.fpu_i/fpu_gen.i_fpnew_bulk/gen_operation_groups[3].i_opgroup_block/gen_merged_slice.i_multifmt_slice/gen_num_lanes[0].active_lane.lane_instance.i_fpnew_cast_multi/int_regular_status[NV]
                         LUT6 (Prop_lut6_I0_O)        0.105    17.621 r  i_ariane/i_cva6/ex_stage_i/fpu_gen.fpu_i/fpu_gen.i_fpnew_bulk/gen_operation_groups[3].i_opgroup_block/gen_merged_slice.i_multifmt_slice/gen_num_lanes[0].active_lane.lane_instance.i_fpnew_cast_multi/mem_q[7][sbe][ex][cause][0]_i_9/O
                         net (fo=66, unplaced)        0.436    18.057    i_ariane/i_cva6/ex_stage_i/fpu_gen.fpu_i/fpu_gen.i_fpnew_bulk/gen_operation_groups[3].i_opgroup_block/gen_merged_slice.i_multifmt_slice/gen_num_lanes[0].active_lane.lane_instance.i_fpnew_cast_multi/int_result_is_special
                         LUT6 (Prop_lut6_I4_O)        0.105    18.162 r  i_ariane/i_cva6/ex_stage_i/fpu_gen.fpu_i/fpu_gen.i_fpnew_bulk/gen_operation_groups[3].i_opgroup_block/gen_merged_slice.i_multifmt_slice/gen_num_lanes[0].active_lane.lane_instance.i_fpnew_cast_multi/mem_q[7][sbe][result][63]_i_32/O
                         net (fo=2, unplaced)         0.358    18.520    i_ariane/i_cva6/ex_stage_i/fpu_gen.fpu_i/fpu_gen.i_fpnew_bulk/gen_operation_groups[3].i_opgroup_block/gen_merged_slice.i_multifmt_slice/gen_num_lanes[0].active_lane.lane_instance.i_fpnew_cast_multi/int_result[63]
                         LUT2 (Prop_lut2_I0_O)        0.105    18.625 r  i_ariane/i_cva6/ex_stage_i/fpu_gen.fpu_i/fpu_gen.i_fpnew_bulk/gen_operation_groups[3].i_opgroup_block/gen_merged_slice.i_multifmt_slice/gen_num_lanes[0].active_lane.lane_instance.i_fpnew_cast_multi/mem_q[7][sbe][result][50]_i_13/O
                         net (fo=21, unplaced)        0.408    19.033    i_ariane/i_cva6/ex_stage_i/fpu_gen.fpu_i/fpu_gen.i_fpnew_bulk/gen_operation_groups[3].i_opgroup_block/gen_merged_slice.i_multifmt_slice/gen_num_lanes[0].active_lane.lane_instance.i_fpnew_cast_multi/mem_q[7][sbe][result][50]_i_13_n_0
                         LUT5 (Prop_lut5_I0_O)        0.105    19.138 r  i_ariane/i_cva6/ex_stage_i/fpu_gen.fpu_i/fpu_gen.i_fpnew_bulk/gen_operation_groups[3].i_opgroup_block/gen_merged_slice.i_multifmt_slice/gen_num_lanes[0].active_lane.lane_instance.i_fpnew_cast_multi/mem_q[7][sbe][result][50]_i_5/O
                         net (fo=40, unplaced)        0.424    19.562    i_ariane/i_cva6/ex_stage_i/fpu_gen.fpu_i/fpu_gen.i_fpnew_bulk/gen_operation_groups[3].i_opgroup_block/gen_merged_slice.i_multifmt_slice/gen_num_lanes[0].active_lane.lane_instance.i_fpnew_cast_multi/mem_q[7][sbe][result][50]_i_5_n_0
                         LUT6 (Prop_lut6_I5_O)        0.105    19.667 r  i_ariane/i_cva6/ex_stage_i/fpu_gen.fpu_i/fpu_gen.i_fpnew_bulk/gen_operation_groups[3].i_opgroup_block/gen_merged_slice.i_multifmt_slice/gen_num_lanes[0].active_lane.lane_instance.i_fpnew_cast_multi/mem_q[7][sbe][result][63]_i_15/O
                         net (fo=1, unplaced)         0.347    20.014    i_ariane/i_cva6/ex_stage_i/fpu_gen.fpu_i/fpu_gen.i_fpnew_bulk/gen_operation_groups[2].i_opgroup_block/gen_parallel_slices[0].active_format.i_fmt_slice/gen_num_lanes[0].active_lane.lane_instance.i_noncomp/opgrp_outputs[3][result][0]
                         LUT6 (Prop_lut6_I0_O)        0.105    20.119 r  i_ariane/i_cva6/ex_stage_i/fpu_gen.fpu_i/fpu_gen.i_fpnew_bulk/gen_operation_groups[2].i_opgroup_block/gen_parallel_slices[0].active_format.i_fmt_slice/gen_num_lanes[0].active_lane.lane_instance.i_noncomp/mem_q[7][sbe][result][63]_i_8/O
                         net (fo=1, unplaced)         0.000    20.119    i_ariane/i_cva6/ex_stage_i/fpu_gen.fpu_i/fpu_gen.i_fpnew_bulk/gen_operation_groups[0].i_opgroup_block/gen_parallel_slices[0].active_format.i_fmt_slice/gen_num_lanes[0].active_lane.lane_instance.i_fma/gen_arbiter.data_nodes[2][result][44]
                         MUXF7 (Prop_muxf7_I1_O)      0.206    20.325 r  i_ariane/i_cva6/ex_stage_i/fpu_gen.fpu_i/fpu_gen.i_fpnew_bulk/gen_operation_groups[0].i_opgroup_block/gen_parallel_slices[0].active_format.i_fmt_slice/gen_num_lanes[0].active_lane.lane_instance.i_fma/mem_q_reg[7][sbe][result][63]_i_4/O
                         net (fo=14, unplaced)        0.400    20.725    i_ariane/i_cva6/ex_stage_i/fpu_gen.fpu_i/fpu_gen.i_fpnew_bulk/gen_operation_groups[0].i_opgroup_block/gen_parallel_slices[0].active_format.i_fmt_slice/gen_num_lanes[0].active_lane.lane_instance.i_fma/gen_arbiter.gen_int_rr.rr_q_reg[1]_4
                         LUT2 (Prop_lut2_I0_O)        0.242    20.967 f  i_ariane/i_cva6/ex_stage_i/fpu_gen.fpu_i/fpu_gen.i_fpnew_bulk/gen_operation_groups[0].i_opgroup_block/gen_parallel_slices[0].active_format.i_fmt_slice/gen_num_lanes[0].active_lane.lane_instance.i_fma/fu_data_q[0][operand_a][63]_i_54/O
                         net (fo=3, unplaced)         0.365    21.332    i_ariane/i_cva6/ex_stage_i/fpu_gen.fpu_i/fpu_gen.i_fpnew_bulk/gen_operation_groups[3].i_opgroup_block/gen_merged_slice.i_multifmt_slice/gen_num_lanes[0].active_lane.lane_instance.i_fpnew_cast_multi/fu_data_q[0][imm][63]_i_10
                         LUT6 (Prop_lut6_I5_O)        0.105    21.437 f  i_ariane/i_cva6/ex_stage_i/fpu_gen.fpu_i/fpu_gen.i_fpnew_bulk/gen_operation_groups[3].i_opgroup_block/gen_merged_slice.i_multifmt_slice/gen_num_lanes[0].active_lane.lane_instance.i_fpnew_cast_multi/fu_data_q[0][operand_a][63]_i_24/O
                         net (fo=3, unplaced)         0.365    21.802    i_ariane/i_cva6/ex_stage_i/fpu_gen.fpu_i/fpu_gen.i_fpnew_bulk/gen_operation_groups[0].i_opgroup_block/gen_parallel_slices[0].active_format.i_fmt_slice/gen_num_lanes[0].active_lane.lane_instance.i_fma/fu_data_q_reg[0][operand_b][63]_i_5_0
                         LUT6 (Prop_lut6_I3_O)        0.105    21.907 f  i_ariane/i_cva6/ex_stage_i/fpu_gen.fpu_i/fpu_gen.i_fpnew_bulk/gen_operation_groups[0].i_opgroup_block/gen_parallel_slices[0].active_format.i_fmt_slice/gen_num_lanes[0].active_lane.lane_instance.i_fma/fu_data_q[0][operand_a][63]_i_7/O
                         net (fo=1, unplaced)         0.000    21.907    i_ariane/i_cva6/ex_stage_i/fpu_gen.fpu_i/fpu_gen.i_fpnew_bulk/gen_operation_groups[3].i_opgroup_block/gen_merged_slice.i_multifmt_slice/gen_num_lanes[0].active_lane.lane_instance.i_fpnew_cast_multi/fu_data_q_reg[0][operand_a][63]_0
                         MUXF7 (Prop_muxf7_I1_O)      0.206    22.113 f  i_ariane/i_cva6/ex_stage_i/fpu_gen.fpu_i/fpu_gen.i_fpnew_bulk/gen_operation_groups[3].i_opgroup_block/gen_merged_slice.i_multifmt_slice/gen_num_lanes[0].active_lane.lane_instance.i_fpnew_cast_multi/fu_data_q_reg[0][operand_a][63]_i_2/O
                         net (fo=1, unplaced)         0.349    22.462    i_ariane/i_cva6/id_stage_i/fu_data_q_reg[0][operand_a][63]
                         LUT6 (Prop_lut6_I0_O)        0.242    22.704 r  i_ariane/i_cva6/id_stage_i/fu_data_q[0][operand_a][63]_i_1/O
                         net (fo=2, unplaced)         0.000    22.704    i_ariane/i_cva6/ex_stage_i/vaddr_to_be_flushed_reg[63]_0[63]
                         FDCE                                         r  i_ariane/i_cva6/ex_stage_i/vaddr_to_be_flushed_reg[63]/D
  -------------------------------------------------------------------    -------------------

                         (clock clk_i rise edge)     10.000    10.000 r  
                                                      0.000    10.000 r  clk_i (IN)
                         net (fo=33654, unset)        0.748    10.748    i_ariane/i_cva6/ex_stage_i/clk_i
                         FDCE                                         r  i_ariane/i_cva6/ex_stage_i/vaddr_to_be_flushed_reg[63]/C
                         clock pessimism              0.000    10.748    
                         clock uncertainty           -0.035    10.712    
                         FDCE (Setup_fdce_C_D)        0.043    10.755    i_ariane/i_cva6/ex_stage_i/vaddr_to_be_flushed_reg[63]
  -------------------------------------------------------------------
                         required time                         10.755    
                         arrival time                         -22.704    
  -------------------------------------------------------------------
                         slack                                -11.949    

Slack (VIOLATED) :        -11.949ns  (required time - arrival time)
  Source:                 i_ariane/i_cva6/ex_stage_i/fpu_gen.fpu_i/fpu_gen.i_fpnew_bulk/gen_operation_groups[3].i_opgroup_block/gen_merged_slice.i_multifmt_slice/gen_num_lanes[0].active_lane.lane_instance.i_fpnew_cast_multi/gen_inside_pipeline[0].mid_pipe_dst_fmt_q_reg[1][2]_rep/C
                            (rising edge-triggered cell FDCE clocked by clk_i  {rise@0.000ns fall@5.000ns period=10.000ns})
  Destination:            i_ariane/i_cva6/ex_stage_i/vaddr_to_be_flushed_reg[63]/D
                            (rising edge-triggered cell FDCE clocked by clk_i  {rise@0.000ns fall@5.000ns period=10.000ns})
  Path Group:             clk_i
  Path Type:              Setup (Max at Slow Process Corner)
  Requirement:            10.000ns  (clk_i rise@10.000ns - clk_i rise@0.000ns)
  Data Path Delay:        21.917ns  (logic 8.887ns (40.548%)  route 13.030ns (59.452%))
  Logic Levels:           52  (CARRY4=23 LUT1=1 LUT2=2 LUT3=2 LUT4=1 LUT5=4 LUT6=16 MUXF7=3)
  Clock Path Skew:        -0.039ns (DCD - SCD + CPR)
    Destination Clock Delay (DCD):    0.748ns = ( 10.748 - 10.000 ) 
    Source Clock Delay      (SCD):    0.787ns
    Clock Pessimism Removal (CPR):    0.000ns
  Clock Uncertainty:      0.035ns  ((TSJ^2 + TIJ^2)^1/2 + DJ) / 2 + PE
    Total System Jitter     (TSJ):    0.071ns
    Total Input Jitter      (TIJ):    0.000ns
    Discrete Jitter          (DJ):    0.000ns
    Phase Error              (PE):    0.000ns

    Location             Delay type                Incr(ns)  Path(ns)    Netlist Resource(s)
  -------------------------------------------------------------------    -------------------
                         (clock clk_i rise edge)      0.000     0.000 r  
                                                      0.000     0.000 r  clk_i (IN)
                         net (fo=33654, unset)        0.787     0.787    i_ariane/i_cva6/ex_stage_i/fpu_gen.fpu_i/fpu_gen.i_fpnew_bulk/gen_operation_groups[3].i_opgroup_block/gen_merged_slice.i_multifmt_slice/gen_num_lanes[0].active_lane.lane_instance.i_fpnew_cast_multi/clk_i
                         FDCE                                         r  i_ariane/i_cva6/ex_stage_i/fpu_gen.fpu_i/fpu_gen.i_fpnew_bulk/gen_operation_groups[3].i_opgroup_block/gen_merged_slice.i_multifmt_slice/gen_num_lanes[0].active_lane.lane_instance.i_fpnew_cast_multi/gen_inside_pipeline[0].mid_pipe_dst_fmt_q_reg[1][2]_rep/C
  -------------------------------------------------------------------    -------------------
                         FDCE (Prop_fdce_C_Q)         0.397     1.184 r  i_ariane/i_cva6/ex_stage_i/fpu_gen.fpu_i/fpu_gen.i_fpnew_bulk/gen_operation_groups[3].i_opgroup_block/gen_merged_slice.i_multifmt_slice/gen_num_lanes[0].active_lane.lane_instance.i_fpnew_cast_multi/gen_inside_pipeline[0].mid_pipe_dst_fmt_q_reg[1][2]_rep/Q
                         net (fo=165, unplaced)       0.737     1.921    i_ariane/i_cva6/ex_stage_i/fpu_gen.fpu_i/fpu_gen.i_fpnew_bulk/gen_operation_groups[3].i_opgroup_block/gen_merged_slice.i_multifmt_slice/gen_num_lanes[0].active_lane.lane_instance.i_fpnew_cast_multi/gen_inside_pipeline[0].mid_pipe_dst_fmt_q_reg[1][2]_rep_n_0
                         LUT3 (Prop_lut3_I0_O)        0.232     2.153 r  i_ariane/i_cva6/ex_stage_i/fpu_gen.fpu_i/fpu_gen.i_fpnew_bulk/gen_operation_groups[3].i_opgroup_block/gen_merged_slice.i_multifmt_slice/gen_num_lanes[0].active_lane.lane_instance.i_fpnew_cast_multi/mem_q[7][sbe][result][59]_i_188/O
                         net (fo=1, unplaced)         0.258     2.411    i_ariane/i_cva6/ex_stage_i/fpu_gen.fpu_i/fpu_gen.i_fpnew_bulk/gen_operation_groups[3].i_opgroup_block/gen_merged_slice.i_multifmt_slice/gen_num_lanes[0].active_lane.lane_instance.i_fpnew_cast_multi/preshift_mant3[0]
                         CARRY4 (Prop_carry4_CYINIT_CO[3])
                                                      0.494     2.905 r  i_ariane/i_cva6/ex_stage_i/fpu_gen.fpu_i/fpu_gen.i_fpnew_bulk/gen_operation_groups[3].i_opgroup_block/gen_merged_slice.i_multifmt_slice/gen_num_lanes[0].active_lane.lane_instance.i_fpnew_cast_multi/mem_q_reg[7][sbe][result][59]_i_177/CO[3]
                         net (fo=1, unplaced)         0.000     2.905    i_ariane/i_cva6/ex_stage_i/fpu_gen.fpu_i/fpu_gen.i_fpnew_bulk/gen_operation_groups[3].i_opgroup_block/gen_merged_slice.i_multifmt_slice/gen_num_lanes[0].active_lane.lane_instance.i_fpnew_cast_multi/mem_q_reg[7][sbe][result][59]_i_177_n_0
                         CARRY4 (Prop_carry4_CI_CO[3])
                                                      0.100     3.005 r  i_ariane/i_cva6/ex_stage_i/fpu_gen.fpu_i/fpu_gen.i_fpnew_bulk/gen_operation_groups[3].i_opgroup_block/gen_merged_slice.i_multifmt_slice/gen_num_lanes[0].active_lane.lane_instance.i_fpnew_cast_multi/mem_q_reg[7][sbe][ex][cause][4]_i_139/CO[3]
                         net (fo=1, unplaced)         0.000     3.005    i_ariane/i_cva6/ex_stage_i/fpu_gen.fpu_i/fpu_gen.i_fpnew_bulk/gen_operation_groups[3].i_opgroup_block/gen_merged_slice.i_multifmt_slice/gen_num_lanes[0].active_lane.lane_instance.i_fpnew_cast_multi/mem_q_reg[7][sbe][ex][cause][4]_i_139_n_0
                         CARRY4 (Prop_carry4_CI_O[1])
                                                      0.269     3.274 f  i_ariane/i_cva6/ex_stage_i/fpu_gen.fpu_i/fpu_gen.i_fpnew_bulk/gen_operation_groups[3].i_opgroup_block/gen_merged_slice.i_multifmt_slice/gen_num_lanes[0].active_lane.lane_instance.i_fpnew_cast_multi/mem_q_reg[7][sbe][ex][cause][4]_i_100/O[1]
                         net (fo=3, unplaced)         0.490     3.764    i_ariane/i_cva6/ex_stage_i/fpu_gen.fpu_i/fpu_gen.i_fpnew_bulk/gen_operation_groups[3].i_opgroup_block/gen_merged_slice.i_multifmt_slice/gen_num_lanes[0].active_lane.lane_instance.i_fpnew_cast_multi/mem_q_reg[7][sbe][ex][cause][4]_i_100_n_6
                         LUT4 (Prop_lut4_I1_O)        0.266     4.030 r  i_ariane/i_cva6/ex_stage_i/fpu_gen.fpu_i/fpu_gen.i_fpnew_bulk/gen_operation_groups[3].i_opgroup_block/gen_merged_slice.i_multifmt_slice/gen_num_lanes[0].active_lane.lane_instance.i_fpnew_cast_multi/mem_q[7][sbe][ex][cause][4]_i_94/O
                         net (fo=1, unplaced)         0.000     4.030    i_ariane/i_cva6/ex_stage_i/fpu_gen.fpu_i/fpu_gen.i_fpnew_bulk/gen_operation_groups[3].i_opgroup_block/gen_merged_slice.i_multifmt_slice/gen_num_lanes[0].active_lane.lane_instance.i_fpnew_cast_multi/mem_q[7][sbe][ex][cause][4]_i_94_n_0
                         CARRY4 (Prop_carry4_DI[1]_CO[3])
                                                      0.451     4.481 r  i_ariane/i_cva6/ex_stage_i/fpu_gen.fpu_i/fpu_gen.i_fpnew_bulk/gen_operation_groups[3].i_opgroup_block/gen_merged_slice.i_multifmt_slice/gen_num_lanes[0].active_lane.lane_instance.i_fpnew_cast_multi/mem_q_reg[7][sbe][ex][cause][4]_i_58/CO[3]
                         net (fo=1, unplaced)         0.000     4.481    i_ariane/i_cva6/ex_stage_i/fpu_gen.fpu_i/fpu_gen.i_fpnew_bulk/gen_operation_groups[3].i_opgroup_block/gen_merged_slice.i_multifmt_slice/gen_num_lanes[0].active_lane.lane_instance.i_fpnew_cast_multi/mem_q_reg[7][sbe][ex][cause][4]_i_58_n_0
                         CARRY4 (Prop_carry4_CI_CO[3])
                                                      0.100     4.581 r  i_ariane/i_cva6/ex_stage_i/fpu_gen.fpu_i/fpu_gen.i_fpnew_bulk/gen_operation_groups[3].i_opgroup_block/gen_merged_slice.i_multifmt_slice/gen_num_lanes[0].active_lane.lane_instance.i_fpnew_cast_multi/mem_q_reg[7][sbe][ex][cause][4]_i_40/CO[3]
                         net (fo=1, unplaced)         0.000     4.581    i_ariane/i_cva6/ex_stage_i/fpu_gen.fpu_i/fpu_gen.i_fpnew_bulk/gen_operation_groups[3].i_opgroup_block/gen_merged_slice.i_multifmt_slice/gen_num_lanes[0].active_lane.lane_instance.i_fpnew_cast_multi/mem_q_reg[7][sbe][ex][cause][4]_i_40_n_0
                         CARRY4 (Prop_carry4_CI_CO[3])
                                                      0.100     4.681 r  i_ariane/i_cva6/ex_stage_i/fpu_gen.fpu_i/fpu_gen.i_fpnew_bulk/gen_operation_groups[3].i_opgroup_block/gen_merged_slice.i_multifmt_slice/gen_num_lanes[0].active_lane.lane_instance.i_fpnew_cast_multi/mem_q_reg[7][sbe][ex][cause][4]_i_34/CO[3]
                         net (fo=146, unplaced)       0.719     5.400    i_ariane/i_cva6/ex_stage_i/fpu_gen.fpu_i/fpu_gen.i_fpnew_bulk/gen_operation_groups[3].i_opgroup_block/gen_merged_slice.i_multifmt_slice/gen_num_lanes[0].active_lane.lane_instance.i_fpnew_cast_multi/preshift_mant1
                         LUT5 (Prop_lut5_I2_O)        0.105     5.505 r  i_ariane/i_cva6/ex_stage_i/fpu_gen.fpu_i/fpu_gen.i_fpnew_bulk/gen_operation_groups[3].i_opgroup_block/gen_merged_slice.i_multifmt_slice/gen_num_lanes[0].active_lane.lane_instance.i_fpnew_cast_multi/mem_q[7][sbe][ex][cause][0]_i_331/O
                         net (fo=4, unplaced)         0.802     6.307    i_ariane/i_cva6/ex_stage_i/fpu_gen.fpu_i/fpu_gen.i_fpnew_bulk/gen_operation_groups[3].i_opgroup_block/gen_merged_slice.i_multifmt_slice/gen_num_lanes[0].active_lane.lane_instance.i_fpnew_cast_multi/preshift_mant[90]
                         LUT5 (Prop_lut5_I0_O)        0.105     6.412 r  i_ariane/i_cva6/ex_stage_i/fpu_gen.fpu_i/fpu_gen.i_fpnew_bulk/gen_operation_groups[3].i_opgroup_block/gen_merged_slice.i_multifmt_slice/gen_num_lanes[0].active_lane.lane_instance.i_fpnew_cast_multi/mem_q[7][sbe][ex][cause][0]_i_566/O
                         net (fo=4, unplaced)         0.606     7.018    i_ariane/i_cva6/ex_stage_i/fpu_gen.fpu_i/fpu_gen.i_fpnew_bulk/gen_operation_groups[3].i_opgroup_block/gen_merged_slice.i_multifmt_slice/gen_num_lanes[0].active_lane.lane_instance.i_fpnew_cast_multi/mem_q[7][sbe][ex][cause][0]_i_566_n_0
                         LUT6 (Prop_lut6_I1_O)        0.105     7.123 r  i_ariane/i_cva6/ex_stage_i/fpu_gen.fpu_i/fpu_gen.i_fpnew_bulk/gen_operation_groups[3].i_opgroup_block/gen_merged_slice.i_multifmt_slice/gen_num_lanes[0].active_lane.lane_instance.i_fpnew_cast_multi/mem_q[7][sbe][ex][cause][0]_i_415/O
                         net (fo=4, unplaced)         0.606     7.729    i_ariane/i_cva6/ex_stage_i/fpu_gen.fpu_i/fpu_gen.i_fpnew_bulk/gen_operation_groups[3].i_opgroup_block/gen_merged_slice.i_multifmt_slice/gen_num_lanes[0].active_lane.lane_instance.i_fpnew_cast_multi/mem_q[7][sbe][ex][cause][0]_i_415_n_0
                         LUT6 (Prop_lut6_I1_O)        0.105     7.834 r  i_ariane/i_cva6/ex_stage_i/fpu_gen.fpu_i/fpu_gen.i_fpnew_bulk/gen_operation_groups[3].i_opgroup_block/gen_merged_slice.i_multifmt_slice/gen_num_lanes[0].active_lane.lane_instance.i_fpnew_cast_multi/mem_q[7][sbe][ex][cause][0]_i_179/O
                         net (fo=3, unplaced)         0.796     8.630    i_ariane/i_cva6/ex_stage_i/fpu_gen.fpu_i/fpu_gen.i_fpnew_bulk/gen_operation_groups[3].i_opgroup_block/gen_merged_slice.i_multifmt_slice/gen_num_lanes[0].active_lane.lane_instance.i_fpnew_cast_multi/mem_q[7][sbe][ex][cause][0]_i_179_n_0
                         LUT6 (Prop_lut6_I0_O)        0.105     8.735 r  i_ariane/i_cva6/ex_stage_i/fpu_gen.fpu_i/fpu_gen.i_fpnew_bulk/gen_operation_groups[3].i_opgroup_block/gen_merged_slice.i_multifmt_slice/gen_num_lanes[0].active_lane.lane_instance.i_fpnew_cast_multi/mem_q[7][sbe][ex][cause][0]_i_225/O
                         net (fo=1, unplaced)         0.782     9.517    i_ariane/i_cva6/ex_stage_i/fpu_gen.fpu_i/fpu_gen.i_fpnew_bulk/gen_operation_groups[3].i_opgroup_block/gen_merged_slice.i_multifmt_slice/gen_num_lanes[0].active_lane.lane_instance.i_fpnew_cast_multi/mem_q[7][sbe][ex][cause][0]_i_225_n_0
                         LUT6 (Prop_lut6_I0_O)        0.105     9.622 r  i_ariane/i_cva6/ex_stage_i/fpu_gen.fpu_i/fpu_gen.i_fpnew_bulk/gen_operation_groups[3].i_opgroup_block/gen_merged_slice.i_multifmt_slice/gen_num_lanes[0].active_lane.lane_instance.i_fpnew_cast_multi/mem_q[7][sbe][ex][cause][0]_i_81/O
                         net (fo=1, unplaced)         0.778    10.400    i_ariane/i_cva6/ex_stage_i/fpu_gen.fpu_i/fpu_gen.i_fpnew_bulk/gen_operation_groups[3].i_opgroup_block/gen_merged_slice.i_multifmt_slice/gen_num_lanes[0].active_lane.lane_instance.i_fpnew_cast_multi/mem_q[7][sbe][ex][cause][0]_i_81_n_0
                         LUT6 (Prop_lut6_I1_O)        0.105    10.505 r  i_ariane/i_cva6/ex_stage_i/fpu_gen.fpu_i/fpu_gen.i_fpnew_bulk/gen_operation_groups[3].i_opgroup_block/gen_merged_slice.i_multifmt_slice/gen_num_lanes[0].active_lane.lane_instance.i_fpnew_cast_multi/mem_q[7][sbe][ex][cause][0]_i_25/O
                         net (fo=4, unplaced)         0.606    11.111    i_ariane/i_cva6/ex_stage_i/fpu_gen.fpu_i/fpu_gen.i_fpnew_bulk/gen_operation_groups[3].i_opgroup_block/gen_merged_slice.i_multifmt_slice/gen_num_lanes[0].active_lane.lane_instance.i_fpnew_cast_multi/fp_round_sticky_bits[0]
                         LUT6 (Prop_lut6_I0_O)        0.105    11.216 r  i_ariane/i_cva6/ex_stage_i/fpu_gen.fpu_i/fpu_gen.i_fpnew_bulk/gen_operation_groups[3].i_opgroup_block/gen_merged_slice.i_multifmt_slice/gen_num_lanes[0].active_lane.lane_instance.i_fpnew_cast_multi/mem_q[7][sbe][result][0]_i_174/O
                         net (fo=1, unplaced)         0.347    11.563    i_ariane/i_cva6/ex_stage_i/fpu_gen.fpu_i/fpu_gen.i_fpnew_bulk/gen_operation_groups[3].i_opgroup_block/gen_merged_slice.i_multifmt_slice/gen_num_lanes[0].active_lane.lane_instance.i_fpnew_cast_multi/mem_q[7][sbe][result][0]_i_174_n_0
                         LUT6 (Prop_lut6_I5_O)        0.105    11.668 r  i_ariane/i_cva6/ex_stage_i/fpu_gen.fpu_i/fpu_gen.i_fpnew_bulk/gen_operation_groups[3].i_opgroup_block/gen_merged_slice.i_multifmt_slice/gen_num_lanes[0].active_lane.lane_instance.i_fpnew_cast_multi/mem_q[7][sbe][result][0]_i_114/O
                         net (fo=1, unplaced)         0.000    11.668    i_ariane/i_cva6/ex_stage_i/fpu_gen.fpu_i/fpu_gen.i_fpnew_bulk/gen_operation_groups[3].i_opgroup_block/gen_merged_slice.i_multifmt_slice/gen_num_lanes[0].active_lane.lane_instance.i_fpnew_cast_multi/mem_q[7][sbe][result][0]_i_114_n_0
                         CARRY4 (Prop_carry4_S[0]_CO[3])
                                                      0.423    12.091 r  i_ariane/i_cva6/ex_stage_i/fpu_gen.fpu_i/fpu_gen.i_fpnew_bulk/gen_operation_groups[3].i_opgroup_block/gen_merged_slice.i_multifmt_slice/gen_num_lanes[0].active_lane.lane_instance.i_fpnew_cast_multi/mem_q_reg[7][sbe][result][0]_i_66/CO[3]
                         net (fo=1, unplaced)         0.000    12.091    i_ariane/i_cva6/ex_stage_i/fpu_gen.fpu_i/fpu_gen.i_fpnew_bulk/gen_operation_groups[3].i_opgroup_block/gen_merged_slice.i_multifmt_slice/gen_num_lanes[0].active_lane.lane_instance.i_fpnew_cast_multi/mem_q_reg[7][sbe][result][0]_i_66_n_0
                         CARRY4 (Prop_carry4_CI_CO[3])
                                                      0.100    12.191 r  i_ariane/i_cva6/ex_stage_i/fpu_gen.fpu_i/fpu_gen.i_fpnew_bulk/gen_operation_groups[3].i_opgroup_block/gen_merged_slice.i_multifmt_slice/gen_num_lanes[0].active_lane.lane_instance.i_fpnew_cast_multi/mem_q_reg[7][sbe][result][7]_i_77/CO[3]
                         net (fo=1, unplaced)         0.000    12.191    i_ariane/i_cva6/ex_stage_i/fpu_gen.fpu_i/fpu_gen.i_fpnew_bulk/gen_operation_groups[3].i_opgroup_block/gen_merged_slice.i_multifmt_slice/gen_num_lanes[0].active_lane.lane_instance.i_fpnew_cast_multi/mem_q_reg[7][sbe][result][7]_i_77_n_0
                         CARRY4 (Prop_carry4_CI_CO[3])
                                                      0.100    12.291 r  i_ariane/i_cva6/ex_stage_i/fpu_gen.fpu_i/fpu_gen.i_fpnew_bulk/gen_operation_groups[3].i_opgroup_block/gen_merged_slice.i_multifmt_slice/gen_num_lanes[0].active_lane.lane_instance.i_fpnew_cast_multi/mem_q_reg[7][sbe][result][11]_i_56/CO[3]
                         net (fo=1, unplaced)         0.000    12.291    i_ariane/i_cva6/ex_stage_i/fpu_gen.fpu_i/fpu_gen.i_fpnew_bulk/gen_operation_groups[3].i_opgroup_block/gen_merged_slice.i_multifmt_slice/gen_num_lanes[0].active_lane.lane_instance.i_fpnew_cast_multi/mem_q_reg[7][sbe][result][11]_i_56_n_0
                         CARRY4 (Prop_carry4_CI_CO[3])
                                                      0.100    12.391 r  i_ariane/i_cva6/ex_stage_i/fpu_gen.fpu_i/fpu_gen.i_fpnew_bulk/gen_operation_groups[3].i_opgroup_block/gen_merged_slice.i_multifmt_slice/gen_num_lanes[0].active_lane.lane_instance.i_fpnew_cast_multi/mem_q_reg[7][sbe][result][15]_i_77/CO[3]
                         net (fo=1, unplaced)         0.000    12.391    i_ariane/i_cva6/ex_stage_i/fpu_gen.fpu_i/fpu_gen.i_fpnew_bulk/gen_operation_groups[3].i_opgroup_block/gen_merged_slice.i_multifmt_slice/gen_num_lanes[0].active_lane.lane_instance.i_fpnew_cast_multi/mem_q_reg[7][sbe][result][15]_i_77_n_0
                         CARRY4 (Prop_carry4_CI_CO[3])
                                                      0.100    12.491 r  i_ariane/i_cva6/ex_stage_i/fpu_gen.fpu_i/fpu_gen.i_fpnew_bulk/gen_operation_groups[3].i_opgroup_block/gen_merged_slice.i_multifmt_slice/gen_num_lanes[0].active_lane.lane_instance.i_fpnew_cast_multi/mem_q_reg[7][sbe][result][19]_i_57/CO[3]
                         net (fo=1, unplaced)         0.000    12.491    i_ariane/i_cva6/ex_stage_i/fpu_gen.fpu_i/fpu_gen.i_fpnew_bulk/gen_operation_groups[3].i_opgroup_block/gen_merged_slice.i_multifmt_slice/gen_num_lanes[0].active_lane.lane_instance.i_fpnew_cast_multi/mem_q_reg[7][sbe][result][19]_i_57_n_0
                         CARRY4 (Prop_carry4_CI_CO[3])
                                                      0.100    12.591 f  i_ariane/i_cva6/ex_stage_i/fpu_gen.fpu_i/fpu_gen.i_fpnew_bulk/gen_operation_groups[3].i_opgroup_block/gen_merged_slice.i_multifmt_slice/gen_num_lanes[0].active_lane.lane_instance.i_fpnew_cast_multi/mem_q_reg[7][sbe][result][23]_i_77/CO[3]
                         net (fo=1, unplaced)         0.000    12.591    i_ariane/i_cva6/ex_stage_i/fpu_gen.fpu_i/fpu_gen.i_fpnew_bulk/gen_operation_groups[3].i_opgroup_block/gen_merged_slice.i_multifmt_slice/gen_num_lanes[0].active_lane.lane_instance.i_fpnew_cast_multi/mem_q_reg[7][sbe][result][23]_i_77_n_0
                         CARRY4 (Prop_carry4_CI_CO[3])
                                                      0.100    12.691 r  i_ariane/i_cva6/ex_stage_i/fpu_gen.fpu_i/fpu_gen.i_fpnew_bulk/gen_operation_groups[3].i_opgroup_block/gen_merged_slice.i_multifmt_slice/gen_num_lanes[0].active_lane.lane_instance.i_fpnew_cast_multi/mem_q_reg[7][sbe][ex][cause][1]_i_27/CO[3]
                         net (fo=1, unplaced)         0.000    12.691    i_ariane/i_cva6/ex_stage_i/fpu_gen.fpu_i/fpu_gen.i_fpnew_bulk/gen_operation_groups[3].i_opgroup_block/gen_merged_slice.i_multifmt_slice/gen_num_lanes[0].active_lane.lane_instance.i_fpnew_cast_multi/mem_q_reg[7][sbe][ex][cause][1]_i_27_n_0
                         CARRY4 (Prop_carry4_CI_CO[3])
                                                      0.100    12.791 r  i_ariane/i_cva6/ex_stage_i/fpu_gen.fpu_i/fpu_gen.i_fpnew_bulk/gen_operation_groups[3].i_opgroup_block/gen_merged_slice.i_multifmt_slice/gen_num_lanes[0].active_lane.lane_instance.i_fpnew_cast_multi/mem_q_reg[7][sbe][result][35]_i_47/CO[3]
                         net (fo=1, unplaced)         0.000    12.791    i_ariane/i_cva6/ex_stage_i/fpu_gen.fpu_i/fpu_gen.i_fpnew_bulk/gen_operation_groups[3].i_opgroup_block/gen_merged_slice.i_multifmt_slice/gen_num_lanes[0].active_lane.lane_instance.i_fpnew_cast_multi/mem_q_reg[7][sbe][result][35]_i_47_n_0
                         CARRY4 (Prop_carry4_CI_CO[3])
                                                      0.100    12.891 r  i_ariane/i_cva6/ex_stage_i/fpu_gen.fpu_i/fpu_gen.i_fpnew_bulk/gen_operation_groups[3].i_opgroup_block/gen_merged_slice.i_multifmt_slice/gen_num_lanes[0].active_lane.lane_instance.i_fpnew_cast_multi/mem_q_reg[7][sbe][result][35]_i_27/CO[3]
                         net (fo=1, unplaced)         0.000    12.891    i_ariane/i_cva6/ex_stage_i/fpu_gen.fpu_i/fpu_gen.i_fpnew_bulk/gen_operation_groups[3].i_opgroup_block/gen_merged_slice.i_multifmt_slice/gen_num_lanes[0].active_lane.lane_instance.i_fpnew_cast_multi/mem_q_reg[7][sbe][result][35]_i_27_n_0
                         CARRY4 (Prop_carry4_CI_CO[3])
                                                      0.100    12.991 r  i_ariane/i_cva6/ex_stage_i/fpu_gen.fpu_i/fpu_gen.i_fpnew_bulk/gen_operation_groups[3].i_opgroup_block/gen_merged_slice.i_multifmt_slice/gen_num_lanes[0].active_lane.lane_instance.i_fpnew_cast_multi/mem_q_reg[7][sbe][result][39]_i_16/CO[3]
                         net (fo=1, unplaced)         0.000    12.991    i_ariane/i_cva6/ex_stage_i/fpu_gen.fpu_i/fpu_gen.i_fpnew_bulk/gen_operation_groups[3].i_opgroup_block/gen_merged_slice.i_multifmt_slice/gen_num_lanes[0].active_lane.lane_instance.i_fpnew_cast_multi/mem_q_reg[7][sbe][result][39]_i_16_n_0
                         CARRY4 (Prop_carry4_CI_CO[3])
                                                      0.100    13.091 r  i_ariane/i_cva6/ex_stage_i/fpu_gen.fpu_i/fpu_gen.i_fpnew_bulk/gen_operation_groups[3].i_opgroup_block/gen_merged_slice.i_multifmt_slice/gen_num_lanes[0].active_lane.lane_instance.i_fpnew_cast_multi/mem_q_reg[7][sbe][result][43]_i_18/CO[3]
                         net (fo=1, unplaced)         0.000    13.091    i_ariane/i_cva6/ex_stage_i/fpu_gen.fpu_i/fpu_gen.i_fpnew_bulk/gen_operation_groups[3].i_opgroup_block/gen_merged_slice.i_multifmt_slice/gen_num_lanes[0].active_lane.lane_instance.i_fpnew_cast_multi/mem_q_reg[7][sbe][result][43]_i_18_n_0
                         CARRY4 (Prop_carry4_CI_CO[3])
                                                      0.100    13.191 r  i_ariane/i_cva6/ex_stage_i/fpu_gen.fpu_i/fpu_gen.i_fpnew_bulk/gen_operation_groups[3].i_opgroup_block/gen_merged_slice.i_multifmt_slice/gen_num_lanes[0].active_lane.lane_instance.i_fpnew_cast_multi/mem_q_reg[7][sbe][result][47]_i_21/CO[3]
                         net (fo=1, unplaced)         0.000    13.191    i_ariane/i_cva6/ex_stage_i/fpu_gen.fpu_i/fpu_gen.i_fpnew_bulk/gen_operation_groups[3].i_opgroup_block/gen_merged_slice.i_multifmt_slice/gen_num_lanes[0].active_lane.lane_instance.i_fpnew_cast_multi/mem_q_reg[7][sbe][result][47]_i_21_n_0
                         CARRY4 (Prop_carry4_CI_CO[3])
                                                      0.100    13.291 r  i_ariane/i_cva6/ex_stage_i/fpu_gen.fpu_i/fpu_gen.i_fpnew_bulk/gen_operation_groups[3].i_opgroup_block/gen_merged_slice.i_multifmt_slice/gen_num_lanes[0].active_lane.lane_instance.i_fpnew_cast_multi/mem_q_reg[7][sbe][result][50]_i_20/CO[3]
                         net (fo=1, unplaced)         0.000    13.291    i_ariane/i_cva6/ex_stage_i/fpu_gen.fpu_i/fpu_gen.i_fpnew_bulk/gen_operation_groups[3].i_opgroup_block/gen_merged_slice.i_multifmt_slice/gen_num_lanes[0].active_lane.lane_instance.i_fpnew_cast_multi/mem_q_reg[7][sbe][result][50]_i_20_n_0
                         CARRY4 (Prop_carry4_CI_CO[3])
                                                      0.100    13.391 r  i_ariane/i_cva6/ex_stage_i/fpu_gen.fpu_i/fpu_gen.i_fpnew_bulk/gen_operation_groups[3].i_opgroup_block/gen_merged_slice.i_multifmt_slice/gen_num_lanes[0].active_lane.lane_instance.i_fpnew_cast_multi/mem_q_reg[7][sbe][result][55]_i_25/CO[3]
                         net (fo=1, unplaced)         0.000    13.391    i_ariane/i_cva6/ex_stage_i/fpu_gen.fpu_i/fpu_gen.i_fpnew_bulk/gen_operation_groups[3].i_opgroup_block/gen_merged_slice.i_multifmt_slice/gen_num_lanes[0].active_lane.lane_instance.i_fpnew_cast_multi/mem_q_reg[7][sbe][result][55]_i_25_n_0
                         CARRY4 (Prop_carry4_CI_O[2])
                                                      0.214    13.605 f  i_ariane/i_cva6/ex_stage_i/fpu_gen.fpu_i/fpu_gen.i_fpnew_bulk/gen_operation_groups[3].i_opgroup_block/gen_merged_slice.i_multifmt_slice/gen_num_lanes[0].active_lane.lane_instance.i_fpnew_cast_multi/mem_q_reg[7][sbe][result][59]_i_28/O[2]
                         net (fo=6, unplaced)         0.381    13.986    i_ariane/i_cva6/ex_stage_i/fpu_gen.fpu_i/fpu_gen.i_fpnew_bulk/gen_operation_groups[3].i_opgroup_block/gen_merged_slice.i_multifmt_slice/gen_num_lanes[0].active_lane.lane_instance.i_fpnew_cast_multi/rounded_abs[58]
                         LUT1 (Prop_lut1_I0_O)        0.244    14.230 r  i_ariane/i_cva6/ex_stage_i/fpu_gen.fpu_i/fpu_gen.i_fpnew_bulk/gen_operation_groups[3].i_opgroup_block/gen_merged_slice.i_multifmt_slice/gen_num_lanes[0].active_lane.lane_instance.i_fpnew_cast_multi/mem_q[7][sbe][result][60]_i_105/O
                         net (fo=1, unplaced)         0.000    14.230    i_ariane/i_cva6/ex_stage_i/fpu_gen.fpu_i/fpu_gen.i_fpnew_bulk/gen_operation_groups[3].i_opgroup_block/gen_merged_slice.i_multifmt_slice/gen_num_lanes[0].active_lane.lane_instance.i_fpnew_cast_multi/mem_q[7][sbe][result][60]_i_105_n_0
                         CARRY4 (Prop_carry4_S[1]_CO[3])
                                                      0.444    14.674 r  i_ariane/i_cva6/ex_stage_i/fpu_gen.fpu_i/fpu_gen.i_fpnew_bulk/gen_operation_groups[3].i_opgroup_block/gen_merged_slice.i_multifmt_slice/gen_num_lanes[0].active_lane.lane_instance.i_fpnew_cast_multi/mem_q_reg[7][sbe][result][60]_i_51/CO[3]
                         net (fo=1, unplaced)         0.000    14.674    i_ariane/i_cva6/ex_stage_i/fpu_gen.fpu_i/fpu_gen.i_fpnew_bulk/gen_operation_groups[3].i_opgroup_block/gen_merged_slice.i_multifmt_slice/gen_num_lanes[0].active_lane.lane_instance.i_fpnew_cast_multi/mem_q_reg[7][sbe][result][60]_i_51_n_0
                         CARRY4 (Prop_carry4_CI_O[1])
                                                      0.269    14.943 f  i_ariane/i_cva6/ex_stage_i/fpu_gen.fpu_i/fpu_gen.i_fpnew_bulk/gen_operation_groups[3].i_opgroup_block/gen_merged_slice.i_multifmt_slice/gen_num_lanes[0].active_lane.lane_instance.i_fpnew_cast_multi/mem_q_reg[7][sbe][result][62]_i_30/O[1]
                         net (fo=2, unplaced)         0.251    15.194    i_ariane/i_cva6/ex_stage_i/fpu_gen.fpu_i/fpu_gen.i_fpnew_bulk/gen_operation_groups[3].i_opgroup_block/gen_merged_slice.i_multifmt_slice/gen_num_lanes[0].active_lane.lane_instance.i_fpnew_cast_multi/rounded_int_res0[62]
                         LUT3 (Prop_lut3_I0_O)        0.245    15.439 f  i_ariane/i_cva6/ex_stage_i/fpu_gen.fpu_i/fpu_gen.i_fpnew_bulk/gen_operation_groups[3].i_opgroup_block/gen_merged_slice.i_multifmt_slice/gen_num_lanes[0].active_lane.lane_instance.i_fpnew_cast_multi/mem_q[7][sbe][ex][cause][0]_i_211/O
                         net (fo=2, unplaced)         0.358    15.797    i_ariane/i_cva6/ex_stage_i/fpu_gen.fpu_i/fpu_gen.i_fpnew_bulk/gen_operation_groups[3].i_opgroup_block/gen_merged_slice.i_multifmt_slice/gen_num_lanes[0].active_lane.lane_instance.i_fpnew_cast_multi/mem_q[7][sbe][ex][cause][0]_i_211_n_0
                         LUT5 (Prop_lut5_I1_O)        0.105    15.902 r  i_ariane/i_cva6/ex_stage_i/fpu_gen.fpu_i/fpu_gen.i_fpnew_bulk/gen_operation_groups[3].i_opgroup_block/gen_merged_slice.i_multifmt_slice/gen_num_lanes[0].active_lane.lane_instance.i_fpnew_cast_multi/mem_q[7][sbe][ex][cause][4]_i_80/O
                         net (fo=1, unplaced)         0.000    15.902    i_ariane/i_cva6/ex_stage_i/fpu_gen.fpu_i/fpu_gen.i_fpnew_bulk/gen_operation_groups[3].i_opgroup_block/gen_merged_slice.i_multifmt_slice/gen_num_lanes[0].active_lane.lane_instance.i_fpnew_cast_multi/mem_q[7][sbe][ex][cause][4]_i_80_n_0
                         MUXF7 (Prop_muxf7_I1_O)      0.206    16.108 r  i_ariane/i_cva6/ex_stage_i/fpu_gen.fpu_i/fpu_gen.i_fpnew_bulk/gen_operation_groups[3].i_opgroup_block/gen_merged_slice.i_multifmt_slice/gen_num_lanes[0].active_lane.lane_instance.i_fpnew_cast_multi/mem_q_reg[7][sbe][ex][cause][4]_i_52/O
                         net (fo=1, unplaced)         0.349    16.457    i_ariane/i_cva6/ex_stage_i/fpu_gen.fpu_i/fpu_gen.i_fpnew_bulk/gen_operation_groups[3].i_opgroup_block/gen_merged_slice.i_multifmt_slice/gen_num_lanes[0].active_lane.lane_instance.i_fpnew_cast_multi/mem_q_reg[7][sbe][ex][cause][4]_i_52_n_0
                         LUT6 (Prop_lut6_I0_O)        0.242    16.699 r  i_ariane/i_cva6/ex_stage_i/fpu_gen.fpu_i/fpu_gen.i_fpnew_bulk/gen_operation_groups[3].i_opgroup_block/gen_merged_slice.i_multifmt_slice/gen_num_lanes[0].active_lane.lane_instance.i_fpnew_cast_multi/mem_q[7][sbe][ex][cause][4]_i_36/O
                         net (fo=1, unplaced)         0.347    17.046    i_ariane/i_cva6/ex_stage_i/fpu_gen.fpu_i/fpu_gen.i_fpnew_bulk/gen_operation_groups[3].i_opgroup_block/gen_merged_slice.i_multifmt_slice/gen_num_lanes[0].active_lane.lane_instance.i_fpnew_cast_multi/of_after_round
                         LUT6 (Prop_lut6_I5_O)        0.105    17.151 r  i_ariane/i_cva6/ex_stage_i/fpu_gen.fpu_i/fpu_gen.i_fpnew_bulk/gen_operation_groups[3].i_opgroup_block/gen_merged_slice.i_multifmt_slice/gen_num_lanes[0].active_lane.lane_instance.i_fpnew_cast_multi/mem_q[7][sbe][ex][cause][4]_i_28/O
                         net (fo=3, unplaced)         0.365    17.516    i_ariane/i_cva6/ex_stage_i/fpu_gen.fpu_i/fpu_gen.i_fpnew_bulk/gen_operation_groups[3].i_opgroup_block/gen_merged_slice.i_multifmt_slice/gen_num_lanes[0].active_lane.lane_instance.i_fpnew_cast_multi/int_regular_status[NV]
                         LUT6 (Prop_lut6_I0_O)        0.105    17.621 r  i_ariane/i_cva6/ex_stage_i/fpu_gen.fpu_i/fpu_gen.i_fpnew_bulk/gen_operation_groups[3].i_opgroup_block/gen_merged_slice.i_multifmt_slice/gen_num_lanes[0].active_lane.lane_instance.i_fpnew_cast_multi/mem_q[7][sbe][ex][cause][0]_i_9/O
                         net (fo=66, unplaced)        0.436    18.057    i_ariane/i_cva6/ex_stage_i/fpu_gen.fpu_i/fpu_gen.i_fpnew_bulk/gen_operation_groups[3].i_opgroup_block/gen_merged_slice.i_multifmt_slice/gen_num_lanes[0].active_lane.lane_instance.i_fpnew_cast_multi/int_result_is_special
                         LUT6 (Prop_lut6_I4_O)        0.105    18.162 r  i_ariane/i_cva6/ex_stage_i/fpu_gen.fpu_i/fpu_gen.i_fpnew_bulk/gen_operation_groups[3].i_opgroup_block/gen_merged_slice.i_multifmt_slice/gen_num_lanes[0].active_lane.lane_instance.i_fpnew_cast_multi/mem_q[7][sbe][result][63]_i_32/O
                         net (fo=2, unplaced)         0.358    18.520    i_ariane/i_cva6/ex_stage_i/fpu_gen.fpu_i/fpu_gen.i_fpnew_bulk/gen_operation_groups[3].i_opgroup_block/gen_merged_slice.i_multifmt_slice/gen_num_lanes[0].active_lane.lane_instance.i_fpnew_cast_multi/int_result[63]
                         LUT2 (Prop_lut2_I0_O)        0.105    18.625 r  i_ariane/i_cva6/ex_stage_i/fpu_gen.fpu_i/fpu_gen.i_fpnew_bulk/gen_operation_groups[3].i_opgroup_block/gen_merged_slice.i_multifmt_slice/gen_num_lanes[0].active_lane.lane_instance.i_fpnew_cast_multi/mem_q[7][sbe][result][50]_i_13/O
                         net (fo=21, unplaced)        0.408    19.033    i_ariane/i_cva6/ex_stage_i/fpu_gen.fpu_i/fpu_gen.i_fpnew_bulk/gen_operation_groups[3].i_opgroup_block/gen_merged_slice.i_multifmt_slice/gen_num_lanes[0].active_lane.lane_instance.i_fpnew_cast_multi/mem_q[7][sbe][result][50]_i_13_n_0
                         LUT5 (Prop_lut5_I0_O)        0.105    19.138 r  i_ariane/i_cva6/ex_stage_i/fpu_gen.fpu_i/fpu_gen.i_fpnew_bulk/gen_operation_groups[3].i_opgroup_block/gen_merged_slice.i_multifmt_slice/gen_num_lanes[0].active_lane.lane_instance.i_fpnew_cast_multi/mem_q[7][sbe][result][50]_i_5/O
                         net (fo=40, unplaced)        0.424    19.562    i_ariane/i_cva6/ex_stage_i/fpu_gen.fpu_i/fpu_gen.i_fpnew_bulk/gen_operation_groups[3].i_opgroup_block/gen_merged_slice.i_multifmt_slice/gen_num_lanes[0].active_lane.lane_instance.i_fpnew_cast_multi/mem_q[7][sbe][result][50]_i_5_n_0
                         LUT6 (Prop_lut6_I5_O)        0.105    19.667 r  i_ariane/i_cva6/ex_stage_i/fpu_gen.fpu_i/fpu_gen.i_fpnew_bulk/gen_operation_groups[3].i_opgroup_block/gen_merged_slice.i_multifmt_slice/gen_num_lanes[0].active_lane.lane_instance.i_fpnew_cast_multi/mem_q[7][sbe][result][63]_i_15/O
                         net (fo=1, unplaced)         0.347    20.014    i_ariane/i_cva6/ex_stage_i/fpu_gen.fpu_i/fpu_gen.i_fpnew_bulk/gen_operation_groups[2].i_opgroup_block/gen_parallel_slices[0].active_format.i_fmt_slice/gen_num_lanes[0].active_lane.lane_instance.i_noncomp/opgrp_outputs[3][result][0]
                         LUT6 (Prop_lut6_I0_O)        0.105    20.119 r  i_ariane/i_cva6/ex_stage_i/fpu_gen.fpu_i/fpu_gen.i_fpnew_bulk/gen_operation_groups[2].i_opgroup_block/gen_parallel_slices[0].active_format.i_fmt_slice/gen_num_lanes[0].active_lane.lane_instance.i_noncomp/mem_q[7][sbe][result][63]_i_8/O
                         net (fo=1, unplaced)         0.000    20.119    i_ariane/i_cva6/ex_stage_i/fpu_gen.fpu_i/fpu_gen.i_fpnew_bulk/gen_operation_groups[0].i_opgroup_block/gen_parallel_slices[0].active_format.i_fmt_slice/gen_num_lanes[0].active_lane.lane_instance.i_fma/gen_arbiter.data_nodes[2][result][44]
                         MUXF7 (Prop_muxf7_I1_O)      0.206    20.325 r  i_ariane/i_cva6/ex_stage_i/fpu_gen.fpu_i/fpu_gen.i_fpnew_bulk/gen_operation_groups[0].i_opgroup_block/gen_parallel_slices[0].active_format.i_fmt_slice/gen_num_lanes[0].active_lane.lane_instance.i_fma/mem_q_reg[7][sbe][result][63]_i_4/O
                         net (fo=14, unplaced)        0.400    20.725    i_ariane/i_cva6/ex_stage_i/fpu_gen.fpu_i/fpu_gen.i_fpnew_bulk/gen_operation_groups[0].i_opgroup_block/gen_parallel_slices[0].active_format.i_fmt_slice/gen_num_lanes[0].active_lane.lane_instance.i_fma/gen_arbiter.gen_int_rr.rr_q_reg[1]_4
                         LUT2 (Prop_lut2_I0_O)        0.242    20.967 f  i_ariane/i_cva6/ex_stage_i/fpu_gen.fpu_i/fpu_gen.i_fpnew_bulk/gen_operation_groups[0].i_opgroup_block/gen_parallel_slices[0].active_format.i_fmt_slice/gen_num_lanes[0].active_lane.lane_instance.i_fma/fu_data_q[0][operand_a][63]_i_54/O
                         net (fo=3, unplaced)         0.365    21.332    i_ariane/i_cva6/ex_stage_i/fpu_gen.fpu_i/fpu_gen.i_fpnew_bulk/gen_operation_groups[3].i_opgroup_block/gen_merged_slice.i_multifmt_slice/gen_num_lanes[0].active_lane.lane_instance.i_fpnew_cast_multi/fu_data_q[0][imm][63]_i_10
                         LUT6 (Prop_lut6_I5_O)        0.105    21.437 f  i_ariane/i_cva6/ex_stage_i/fpu_gen.fpu_i/fpu_gen.i_fpnew_bulk/gen_operation_groups[3].i_opgroup_block/gen_merged_slice.i_multifmt_slice/gen_num_lanes[0].active_lane.lane_instance.i_fpnew_cast_multi/fu_data_q[0][operand_a][63]_i_24/O
                         net (fo=3, unplaced)         0.365    21.802    i_ariane/i_cva6/ex_stage_i/fpu_gen.fpu_i/fpu_gen.i_fpnew_bulk/gen_operation_groups[0].i_opgroup_block/gen_parallel_slices[0].active_format.i_fmt_slice/gen_num_lanes[0].active_lane.lane_instance.i_fma/fu_data_q_reg[0][operand_b][63]_i_5_0
                         LUT6 (Prop_lut6_I3_O)        0.105    21.907 f  i_ariane/i_cva6/ex_stage_i/fpu_gen.fpu_i/fpu_gen.i_fpnew_bulk/gen_operation_groups[0].i_opgroup_block/gen_parallel_slices[0].active_format.i_fmt_slice/gen_num_lanes[0].active_lane.lane_instance.i_fma/fu_data_q[0][operand_a][63]_i_7/O
                         net (fo=1, unplaced)         0.000    21.907    i_ariane/i_cva6/ex_stage_i/fpu_gen.fpu_i/fpu_gen.i_fpnew_bulk/gen_operation_groups[3].i_opgroup_block/gen_merged_slice.i_multifmt_slice/gen_num_lanes[0].active_lane.lane_instance.i_fpnew_cast_multi/fu_data_q_reg[0][operand_a][63]_0
                         MUXF7 (Prop_muxf7_I1_O)      0.206    22.113 f  i_ariane/i_cva6/ex_stage_i/fpu_gen.fpu_i/fpu_gen.i_fpnew_bulk/gen_operation_groups[3].i_opgroup_block/gen_merged_slice.i_multifmt_slice/gen_num_lanes[0].active_lane.lane_instance.i_fpnew_cast_multi/fu_data_q_reg[0][operand_a][63]_i_2/O
                         net (fo=1, unplaced)         0.349    22.462    i_ariane/i_cva6/id_stage_i/fu_data_q_reg[0][operand_a][63]
                         LUT6 (Prop_lut6_I0_O)        0.242    22.704 r  i_ariane/i_cva6/id_stage_i/fu_data_q[0][operand_a][63]_i_1/O
                         net (fo=2, unplaced)         0.000    22.704    i_ariane/i_cva6/ex_stage_i/vaddr_to_be_flushed_reg[63]_0[63]
                         FDCE                                         r  i_ariane/i_cva6/ex_stage_i/vaddr_to_be_flushed_reg[63]/D
  -------------------------------------------------------------------    -------------------

                         (clock clk_i rise edge)     10.000    10.000 r  
                                                      0.000    10.000 r  clk_i (IN)
                         net (fo=33654, unset)        0.748    10.748    i_ariane/i_cva6/ex_stage_i/clk_i
                         FDCE                                         r  i_ariane/i_cva6/ex_stage_i/vaddr_to_be_flushed_reg[63]/C
                         clock pessimism              0.000    10.748    
                         clock uncertainty           -0.035    10.712    
                         FDCE (Setup_fdce_C_D)        0.043    10.755    i_ariane/i_cva6/ex_stage_i/vaddr_to_be_flushed_reg[63]
  -------------------------------------------------------------------
                         required time                         10.755    
                         arrival time                         -22.704    
  -------------------------------------------------------------------
                         slack                                -11.949    

Slack (VIOLATED) :        -11.949ns  (required time - arrival time)
  Source:                 i_ariane/i_cva6/ex_stage_i/fpu_gen.fpu_i/fpu_gen.i_fpnew_bulk/gen_operation_groups[3].i_opgroup_block/gen_merged_slice.i_multifmt_slice/gen_num_lanes[0].active_lane.lane_instance.i_fpnew_cast_multi/gen_inside_pipeline[0].mid_pipe_dst_fmt_q_reg[1][2]_rep/C
                            (rising edge-triggered cell FDCE clocked by clk_i  {rise@0.000ns fall@5.000ns period=10.000ns})
  Destination:            i_ariane/i_cva6/ex_stage_i/vaddr_to_be_flushed_reg[63]/D
                            (rising edge-triggered cell FDCE clocked by clk_i  {rise@0.000ns fall@5.000ns period=10.000ns})
  Path Group:             clk_i
  Path Type:              Setup (Max at Slow Process Corner)
  Requirement:            10.000ns  (clk_i rise@10.000ns - clk_i rise@0.000ns)
  Data Path Delay:        21.917ns  (logic 8.887ns (40.548%)  route 13.030ns (59.452%))
  Logic Levels:           52  (CARRY4=23 LUT1=1 LUT2=2 LUT3=2 LUT4=1 LUT5=4 LUT6=16 MUXF7=3)
  Clock Path Skew:        -0.039ns (DCD - SCD + CPR)
    Destination Clock Delay (DCD):    0.748ns = ( 10.748 - 10.000 ) 
    Source Clock Delay      (SCD):    0.787ns
    Clock Pessimism Removal (CPR):    0.000ns
  Clock Uncertainty:      0.035ns  ((TSJ^2 + TIJ^2)^1/2 + DJ) / 2 + PE
    Total System Jitter     (TSJ):    0.071ns
    Total Input Jitter      (TIJ):    0.000ns
    Discrete Jitter          (DJ):    0.000ns
    Phase Error              (PE):    0.000ns

    Location             Delay type                Incr(ns)  Path(ns)    Netlist Resource(s)
  -------------------------------------------------------------------    -------------------
                         (clock clk_i rise edge)      0.000     0.000 r  
                                                      0.000     0.000 r  clk_i (IN)
                         net (fo=33654, unset)        0.787     0.787    i_ariane/i_cva6/ex_stage_i/fpu_gen.fpu_i/fpu_gen.i_fpnew_bulk/gen_operation_groups[3].i_opgroup_block/gen_merged_slice.i_multifmt_slice/gen_num_lanes[0].active_lane.lane_instance.i_fpnew_cast_multi/clk_i
                         FDCE                                         r  i_ariane/i_cva6/ex_stage_i/fpu_gen.fpu_i/fpu_gen.i_fpnew_bulk/gen_operation_groups[3].i_opgroup_block/gen_merged_slice.i_multifmt_slice/gen_num_lanes[0].active_lane.lane_instance.i_fpnew_cast_multi/gen_inside_pipeline[0].mid_pipe_dst_fmt_q_reg[1][2]_rep/C
  -------------------------------------------------------------------    -------------------
                         FDCE (Prop_fdce_C_Q)         0.397     1.184 r  i_ariane/i_cva6/ex_stage_i/fpu_gen.fpu_i/fpu_gen.i_fpnew_bulk/gen_operation_groups[3].i_opgroup_block/gen_merged_slice.i_multifmt_slice/gen_num_lanes[0].active_lane.lane_instance.i_fpnew_cast_multi/gen_inside_pipeline[0].mid_pipe_dst_fmt_q_reg[1][2]_rep/Q
                         net (fo=165, unplaced)       0.737     1.921    i_ariane/i_cva6/ex_stage_i/fpu_gen.fpu_i/fpu_gen.i_fpnew_bulk/gen_operation_groups[3].i_opgroup_block/gen_merged_slice.i_multifmt_slice/gen_num_lanes[0].active_lane.lane_instance.i_fpnew_cast_multi/gen_inside_pipeline[0].mid_pipe_dst_fmt_q_reg[1][2]_rep_n_0
                         LUT3 (Prop_lut3_I0_O)        0.232     2.153 r  i_ariane/i_cva6/ex_stage_i/fpu_gen.fpu_i/fpu_gen.i_fpnew_bulk/gen_operation_groups[3].i_opgroup_block/gen_merged_slice.i_multifmt_slice/gen_num_lanes[0].active_lane.lane_instance.i_fpnew_cast_multi/mem_q[7][sbe][result][59]_i_188/O
                         net (fo=1, unplaced)         0.258     2.411    i_ariane/i_cva6/ex_stage_i/fpu_gen.fpu_i/fpu_gen.i_fpnew_bulk/gen_operation_groups[3].i_opgroup_block/gen_merged_slice.i_multifmt_slice/gen_num_lanes[0].active_lane.lane_instance.i_fpnew_cast_multi/preshift_mant3[0]
                         CARRY4 (Prop_carry4_CYINIT_CO[3])
                                                      0.494     2.905 r  i_ariane/i_cva6/ex_stage_i/fpu_gen.fpu_i/fpu_gen.i_fpnew_bulk/gen_operation_groups[3].i_opgroup_block/gen_merged_slice.i_multifmt_slice/gen_num_lanes[0].active_lane.lane_instance.i_fpnew_cast_multi/mem_q_reg[7][sbe][result][59]_i_177/CO[3]
                         net (fo=1, unplaced)         0.000     2.905    i_ariane/i_cva6/ex_stage_i/fpu_gen.fpu_i/fpu_gen.i_fpnew_bulk/gen_operation_groups[3].i_opgroup_block/gen_merged_slice.i_multifmt_slice/gen_num_lanes[0].active_lane.lane_instance.i_fpnew_cast_multi/mem_q_reg[7][sbe][result][59]_i_177_n_0
                         CARRY4 (Prop_carry4_CI_CO[3])
                                                      0.100     3.005 f  i_ariane/i_cva6/ex_stage_i/fpu_gen.fpu_i/fpu_gen.i_fpnew_bulk/gen_operation_groups[3].i_opgroup_block/gen_merged_slice.i_multifmt_slice/gen_num_lanes[0].active_lane.lane_instance.i_fpnew_cast_multi/mem_q_reg[7][sbe][ex][cause][4]_i_139/CO[3]
                         net (fo=1, unplaced)         0.000     3.005    i_ariane/i_cva6/ex_stage_i/fpu_gen.fpu_i/fpu_gen.i_fpnew_bulk/gen_operation_groups[3].i_opgroup_block/gen_merged_slice.i_multifmt_slice/gen_num_lanes[0].active_lane.lane_instance.i_fpnew_cast_multi/mem_q_reg[7][sbe][ex][cause][4]_i_139_n_0
                         CARRY4 (Prop_carry4_CI_O[1])
                                                      0.269     3.274 f  i_ariane/i_cva6/ex_stage_i/fpu_gen.fpu_i/fpu_gen.i_fpnew_bulk/gen_operation_groups[3].i_opgroup_block/gen_merged_slice.i_multifmt_slice/gen_num_lanes[0].active_lane.lane_instance.i_fpnew_cast_multi/mem_q_reg[7][sbe][ex][cause][4]_i_100/O[1]
                         net (fo=3, unplaced)         0.490     3.764    i_ariane/i_cva6/ex_stage_i/fpu_gen.fpu_i/fpu_gen.i_fpnew_bulk/gen_operation_groups[3].i_opgroup_block/gen_merged_slice.i_multifmt_slice/gen_num_lanes[0].active_lane.lane_instance.i_fpnew_cast_multi/mem_q_reg[7][sbe][ex][cause][4]_i_100_n_6
                         LUT4 (Prop_lut4_I1_O)        0.266     4.030 r  i_ariane/i_cva6/ex_stage_i/fpu_gen.fpu_i/fpu_gen.i_fpnew_bulk/gen_operation_groups[3].i_opgroup_block/gen_merged_slice.i_multifmt_slice/gen_num_lanes[0].active_lane.lane_instance.i_fpnew_cast_multi/mem_q[7][sbe][ex][cause][4]_i_94/O
                         net (fo=1, unplaced)         0.000     4.030    i_ariane/i_cva6/ex_stage_i/fpu_gen.fpu_i/fpu_gen.i_fpnew_bulk/gen_operation_groups[3].i_opgroup_block/gen_merged_slice.i_multifmt_slice/gen_num_lanes[0].active_lane.lane_instance.i_fpnew_cast_multi/mem_q[7][sbe][ex][cause][4]_i_94_n_0
                         CARRY4 (Prop_carry4_DI[1]_CO[3])
                                                      0.451     4.481 r  i_ariane/i_cva6/ex_stage_i/fpu_gen.fpu_i/fpu_gen.i_fpnew_bulk/gen_operation_groups[3].i_opgroup_block/gen_merged_slice.i_multifmt_slice/gen_num_lanes[0].active_lane.lane_instance.i_fpnew_cast_multi/mem_q_reg[7][sbe][ex][cause][4]_i_58/CO[3]
                         net (fo=1, unplaced)         0.000     4.481    i_ariane/i_cva6/ex_stage_i/fpu_gen.fpu_i/fpu_gen.i_fpnew_bulk/gen_operation_groups[3].i_opgroup_block/gen_merged_slice.i_multifmt_slice/gen_num_lanes[0].active_lane.lane_instance.i_fpnew_cast_multi/mem_q_reg[7][sbe][ex][cause][4]_i_58_n_0
                         CARRY4 (Prop_carry4_CI_CO[3])
                                                      0.100     4.581 r  i_ariane/i_cva6/ex_stage_i/fpu_gen.fpu_i/fpu_gen.i_fpnew_bulk/gen_operation_groups[3].i_opgroup_block/gen_merged_slice.i_multifmt_slice/gen_num_lanes[0].active_lane.lane_instance.i_fpnew_cast_multi/mem_q_reg[7][sbe][ex][cause][4]_i_40/CO[3]
                         net (fo=1, unplaced)         0.000     4.581    i_ariane/i_cva6/ex_stage_i/fpu_gen.fpu_i/fpu_gen.i_fpnew_bulk/gen_operation_groups[3].i_opgroup_block/gen_merged_slice.i_multifmt_slice/gen_num_lanes[0].active_lane.lane_instance.i_fpnew_cast_multi/mem_q_reg[7][sbe][ex][cause][4]_i_40_n_0
                         CARRY4 (Prop_carry4_CI_CO[3])
                                                      0.100     4.681 r  i_ariane/i_cva6/ex_stage_i/fpu_gen.fpu_i/fpu_gen.i_fpnew_bulk/gen_operation_groups[3].i_opgroup_block/gen_merged_slice.i_multifmt_slice/gen_num_lanes[0].active_lane.lane_instance.i_fpnew_cast_multi/mem_q_reg[7][sbe][ex][cause][4]_i_34/CO[3]
                         net (fo=146, unplaced)       0.719     5.400    i_ariane/i_cva6/ex_stage_i/fpu_gen.fpu_i/fpu_gen.i_fpnew_bulk/gen_operation_groups[3].i_opgroup_block/gen_merged_slice.i_multifmt_slice/gen_num_lanes[0].active_lane.lane_instance.i_fpnew_cast_multi/preshift_mant1
                         LUT5 (Prop_lut5_I2_O)        0.105     5.505 r  i_ariane/i_cva6/ex_stage_i/fpu_gen.fpu_i/fpu_gen.i_fpnew_bulk/gen_operation_groups[3].i_opgroup_block/gen_merged_slice.i_multifmt_slice/gen_num_lanes[0].active_lane.lane_instance.i_fpnew_cast_multi/mem_q[7][sbe][ex][cause][0]_i_331/O
                         net (fo=4, unplaced)         0.802     6.307    i_ariane/i_cva6/ex_stage_i/fpu_gen.fpu_i/fpu_gen.i_fpnew_bulk/gen_operation_groups[3].i_opgroup_block/gen_merged_slice.i_multifmt_slice/gen_num_lanes[0].active_lane.lane_instance.i_fpnew_cast_multi/preshift_mant[90]
                         LUT5 (Prop_lut5_I0_O)        0.105     6.412 r  i_ariane/i_cva6/ex_stage_i/fpu_gen.fpu_i/fpu_gen.i_fpnew_bulk/gen_operation_groups[3].i_opgroup_block/gen_merged_slice.i_multifmt_slice/gen_num_lanes[0].active_lane.lane_instance.i_fpnew_cast_multi/mem_q[7][sbe][ex][cause][0]_i_566/O
                         net (fo=4, unplaced)         0.606     7.018    i_ariane/i_cva6/ex_stage_i/fpu_gen.fpu_i/fpu_gen.i_fpnew_bulk/gen_operation_groups[3].i_opgroup_block/gen_merged_slice.i_multifmt_slice/gen_num_lanes[0].active_lane.lane_instance.i_fpnew_cast_multi/mem_q[7][sbe][ex][cause][0]_i_566_n_0
                         LUT6 (Prop_lut6_I1_O)        0.105     7.123 r  i_ariane/i_cva6/ex_stage_i/fpu_gen.fpu_i/fpu_gen.i_fpnew_bulk/gen_operation_groups[3].i_opgroup_block/gen_merged_slice.i_multifmt_slice/gen_num_lanes[0].active_lane.lane_instance.i_fpnew_cast_multi/mem_q[7][sbe][ex][cause][0]_i_415/O
                         net (fo=4, unplaced)         0.606     7.729    i_ariane/i_cva6/ex_stage_i/fpu_gen.fpu_i/fpu_gen.i_fpnew_bulk/gen_operation_groups[3].i_opgroup_block/gen_merged_slice.i_multifmt_slice/gen_num_lanes[0].active_lane.lane_instance.i_fpnew_cast_multi/mem_q[7][sbe][ex][cause][0]_i_415_n_0
                         LUT6 (Prop_lut6_I1_O)        0.105     7.834 r  i_ariane/i_cva6/ex_stage_i/fpu_gen.fpu_i/fpu_gen.i_fpnew_bulk/gen_operation_groups[3].i_opgroup_block/gen_merged_slice.i_multifmt_slice/gen_num_lanes[0].active_lane.lane_instance.i_fpnew_cast_multi/mem_q[7][sbe][ex][cause][0]_i_179/O
                         net (fo=3, unplaced)         0.796     8.630    i_ariane/i_cva6/ex_stage_i/fpu_gen.fpu_i/fpu_gen.i_fpnew_bulk/gen_operation_groups[3].i_opgroup_block/gen_merged_slice.i_multifmt_slice/gen_num_lanes[0].active_lane.lane_instance.i_fpnew_cast_multi/mem_q[7][sbe][ex][cause][0]_i_179_n_0
                         LUT6 (Prop_lut6_I0_O)        0.105     8.735 r  i_ariane/i_cva6/ex_stage_i/fpu_gen.fpu_i/fpu_gen.i_fpnew_bulk/gen_operation_groups[3].i_opgroup_block/gen_merged_slice.i_multifmt_slice/gen_num_lanes[0].active_lane.lane_instance.i_fpnew_cast_multi/mem_q[7][sbe][ex][cause][0]_i_225/O
                         net (fo=1, unplaced)         0.782     9.517    i_ariane/i_cva6/ex_stage_i/fpu_gen.fpu_i/fpu_gen.i_fpnew_bulk/gen_operation_groups[3].i_opgroup_block/gen_merged_slice.i_multifmt_slice/gen_num_lanes[0].active_lane.lane_instance.i_fpnew_cast_multi/mem_q[7][sbe][ex][cause][0]_i_225_n_0
                         LUT6 (Prop_lut6_I0_O)        0.105     9.622 r  i_ariane/i_cva6/ex_stage_i/fpu_gen.fpu_i/fpu_gen.i_fpnew_bulk/gen_operation_groups[3].i_opgroup_block/gen_merged_slice.i_multifmt_slice/gen_num_lanes[0].active_lane.lane_instance.i_fpnew_cast_multi/mem_q[7][sbe][ex][cause][0]_i_81/O
                         net (fo=1, unplaced)         0.778    10.400    i_ariane/i_cva6/ex_stage_i/fpu_gen.fpu_i/fpu_gen.i_fpnew_bulk/gen_operation_groups[3].i_opgroup_block/gen_merged_slice.i_multifmt_slice/gen_num_lanes[0].active_lane.lane_instance.i_fpnew_cast_multi/mem_q[7][sbe][ex][cause][0]_i_81_n_0
                         LUT6 (Prop_lut6_I1_O)        0.105    10.505 r  i_ariane/i_cva6/ex_stage_i/fpu_gen.fpu_i/fpu_gen.i_fpnew_bulk/gen_operation_groups[3].i_opgroup_block/gen_merged_slice.i_multifmt_slice/gen_num_lanes[0].active_lane.lane_instance.i_fpnew_cast_multi/mem_q[7][sbe][ex][cause][0]_i_25/O
                         net (fo=4, unplaced)         0.606    11.111    i_ariane/i_cva6/ex_stage_i/fpu_gen.fpu_i/fpu_gen.i_fpnew_bulk/gen_operation_groups[3].i_opgroup_block/gen_merged_slice.i_multifmt_slice/gen_num_lanes[0].active_lane.lane_instance.i_fpnew_cast_multi/fp_round_sticky_bits[0]
                         LUT6 (Prop_lut6_I0_O)        0.105    11.216 r  i_ariane/i_cva6/ex_stage_i/fpu_gen.fpu_i/fpu_gen.i_fpnew_bulk/gen_operation_groups[3].i_opgroup_block/gen_merged_slice.i_multifmt_slice/gen_num_lanes[0].active_lane.lane_instance.i_fpnew_cast_multi/mem_q[7][sbe][result][0]_i_174/O
                         net (fo=1, unplaced)         0.347    11.563    i_ariane/i_cva6/ex_stage_i/fpu_gen.fpu_i/fpu_gen.i_fpnew_bulk/gen_operation_groups[3].i_opgroup_block/gen_merged_slice.i_multifmt_slice/gen_num_lanes[0].active_lane.lane_instance.i_fpnew_cast_multi/mem_q[7][sbe][result][0]_i_174_n_0
                         LUT6 (Prop_lut6_I5_O)        0.105    11.668 r  i_ariane/i_cva6/ex_stage_i/fpu_gen.fpu_i/fpu_gen.i_fpnew_bulk/gen_operation_groups[3].i_opgroup_block/gen_merged_slice.i_multifmt_slice/gen_num_lanes[0].active_lane.lane_instance.i_fpnew_cast_multi/mem_q[7][sbe][result][0]_i_114/O
                         net (fo=1, unplaced)         0.000    11.668    i_ariane/i_cva6/ex_stage_i/fpu_gen.fpu_i/fpu_gen.i_fpnew_bulk/gen_operation_groups[3].i_opgroup_block/gen_merged_slice.i_multifmt_slice/gen_num_lanes[0].active_lane.lane_instance.i_fpnew_cast_multi/mem_q[7][sbe][result][0]_i_114_n_0
                         CARRY4 (Prop_carry4_S[0]_CO[3])
                                                      0.423    12.091 r  i_ariane/i_cva6/ex_stage_i/fpu_gen.fpu_i/fpu_gen.i_fpnew_bulk/gen_operation_groups[3].i_opgroup_block/gen_merged_slice.i_multifmt_slice/gen_num_lanes[0].active_lane.lane_instance.i_fpnew_cast_multi/mem_q_reg[7][sbe][result][0]_i_66/CO[3]
                         net (fo=1, unplaced)         0.000    12.091    i_ariane/i_cva6/ex_stage_i/fpu_gen.fpu_i/fpu_gen.i_fpnew_bulk/gen_operation_groups[3].i_opgroup_block/gen_merged_slice.i_multifmt_slice/gen_num_lanes[0].active_lane.lane_instance.i_fpnew_cast_multi/mem_q_reg[7][sbe][result][0]_i_66_n_0
                         CARRY4 (Prop_carry4_CI_CO[3])
                                                      0.100    12.191 r  i_ariane/i_cva6/ex_stage_i/fpu_gen.fpu_i/fpu_gen.i_fpnew_bulk/gen_operation_groups[3].i_opgroup_block/gen_merged_slice.i_multifmt_slice/gen_num_lanes[0].active_lane.lane_instance.i_fpnew_cast_multi/mem_q_reg[7][sbe][result][7]_i_77/CO[3]
                         net (fo=1, unplaced)         0.000    12.191    i_ariane/i_cva6/ex_stage_i/fpu_gen.fpu_i/fpu_gen.i_fpnew_bulk/gen_operation_groups[3].i_opgroup_block/gen_merged_slice.i_multifmt_slice/gen_num_lanes[0].active_lane.lane_instance.i_fpnew_cast_multi/mem_q_reg[7][sbe][result][7]_i_77_n_0
                         CARRY4 (Prop_carry4_CI_CO[3])
                                                      0.100    12.291 r  i_ariane/i_cva6/ex_stage_i/fpu_gen.fpu_i/fpu_gen.i_fpnew_bulk/gen_operation_groups[3].i_opgroup_block/gen_merged_slice.i_multifmt_slice/gen_num_lanes[0].active_lane.lane_instance.i_fpnew_cast_multi/mem_q_reg[7][sbe][result][11]_i_56/CO[3]
                         net (fo=1, unplaced)         0.000    12.291    i_ariane/i_cva6/ex_stage_i/fpu_gen.fpu_i/fpu_gen.i_fpnew_bulk/gen_operation_groups[3].i_opgroup_block/gen_merged_slice.i_multifmt_slice/gen_num_lanes[0].active_lane.lane_instance.i_fpnew_cast_multi/mem_q_reg[7][sbe][result][11]_i_56_n_0
                         CARRY4 (Prop_carry4_CI_CO[3])
                                                      0.100    12.391 r  i_ariane/i_cva6/ex_stage_i/fpu_gen.fpu_i/fpu_gen.i_fpnew_bulk/gen_operation_groups[3].i_opgroup_block/gen_merged_slice.i_multifmt_slice/gen_num_lanes[0].active_lane.lane_instance.i_fpnew_cast_multi/mem_q_reg[7][sbe][result][15]_i_77/CO[3]
                         net (fo=1, unplaced)         0.000    12.391    i_ariane/i_cva6/ex_stage_i/fpu_gen.fpu_i/fpu_gen.i_fpnew_bulk/gen_operation_groups[3].i_opgroup_block/gen_merged_slice.i_multifmt_slice/gen_num_lanes[0].active_lane.lane_instance.i_fpnew_cast_multi/mem_q_reg[7][sbe][result][15]_i_77_n_0
                         CARRY4 (Prop_carry4_CI_CO[3])
                                                      0.100    12.491 r  i_ariane/i_cva6/ex_stage_i/fpu_gen.fpu_i/fpu_gen.i_fpnew_bulk/gen_operation_groups[3].i_opgroup_block/gen_merged_slice.i_multifmt_slice/gen_num_lanes[0].active_lane.lane_instance.i_fpnew_cast_multi/mem_q_reg[7][sbe][result][19]_i_57/CO[3]
                         net (fo=1, unplaced)         0.000    12.491    i_ariane/i_cva6/ex_stage_i/fpu_gen.fpu_i/fpu_gen.i_fpnew_bulk/gen_operation_groups[3].i_opgroup_block/gen_merged_slice.i_multifmt_slice/gen_num_lanes[0].active_lane.lane_instance.i_fpnew_cast_multi/mem_q_reg[7][sbe][result][19]_i_57_n_0
                         CARRY4 (Prop_carry4_CI_CO[3])
                                                      0.100    12.591 f  i_ariane/i_cva6/ex_stage_i/fpu_gen.fpu_i/fpu_gen.i_fpnew_bulk/gen_operation_groups[3].i_opgroup_block/gen_merged_slice.i_multifmt_slice/gen_num_lanes[0].active_lane.lane_instance.i_fpnew_cast_multi/mem_q_reg[7][sbe][result][23]_i_77/CO[3]
                         net (fo=1, unplaced)         0.000    12.591    i_ariane/i_cva6/ex_stage_i/fpu_gen.fpu_i/fpu_gen.i_fpnew_bulk/gen_operation_groups[3].i_opgroup_block/gen_merged_slice.i_multifmt_slice/gen_num_lanes[0].active_lane.lane_instance.i_fpnew_cast_multi/mem_q_reg[7][sbe][result][23]_i_77_n_0
                         CARRY4 (Prop_carry4_CI_CO[3])
                                                      0.100    12.691 r  i_ariane/i_cva6/ex_stage_i/fpu_gen.fpu_i/fpu_gen.i_fpnew_bulk/gen_operation_groups[3].i_opgroup_block/gen_merged_slice.i_multifmt_slice/gen_num_lanes[0].active_lane.lane_instance.i_fpnew_cast_multi/mem_q_reg[7][sbe][ex][cause][1]_i_27/CO[3]
                         net (fo=1, unplaced)         0.000    12.691    i_ariane/i_cva6/ex_stage_i/fpu_gen.fpu_i/fpu_gen.i_fpnew_bulk/gen_operation_groups[3].i_opgroup_block/gen_merged_slice.i_multifmt_slice/gen_num_lanes[0].active_lane.lane_instance.i_fpnew_cast_multi/mem_q_reg[7][sbe][ex][cause][1]_i_27_n_0
                         CARRY4 (Prop_carry4_CI_CO[3])
                                                      0.100    12.791 r  i_ariane/i_cva6/ex_stage_i/fpu_gen.fpu_i/fpu_gen.i_fpnew_bulk/gen_operation_groups[3].i_opgroup_block/gen_merged_slice.i_multifmt_slice/gen_num_lanes[0].active_lane.lane_instance.i_fpnew_cast_multi/mem_q_reg[7][sbe][result][35]_i_47/CO[3]
                         net (fo=1, unplaced)         0.000    12.791    i_ariane/i_cva6/ex_stage_i/fpu_gen.fpu_i/fpu_gen.i_fpnew_bulk/gen_operation_groups[3].i_opgroup_block/gen_merged_slice.i_multifmt_slice/gen_num_lanes[0].active_lane.lane_instance.i_fpnew_cast_multi/mem_q_reg[7][sbe][result][35]_i_47_n_0
                         CARRY4 (Prop_carry4_CI_CO[3])
                                                      0.100    12.891 r  i_ariane/i_cva6/ex_stage_i/fpu_gen.fpu_i/fpu_gen.i_fpnew_bulk/gen_operation_groups[3].i_opgroup_block/gen_merged_slice.i_multifmt_slice/gen_num_lanes[0].active_lane.lane_instance.i_fpnew_cast_multi/mem_q_reg[7][sbe][result][35]_i_27/CO[3]
                         net (fo=1, unplaced)         0.000    12.891    i_ariane/i_cva6/ex_stage_i/fpu_gen.fpu_i/fpu_gen.i_fpnew_bulk/gen_operation_groups[3].i_opgroup_block/gen_merged_slice.i_multifmt_slice/gen_num_lanes[0].active_lane.lane_instance.i_fpnew_cast_multi/mem_q_reg[7][sbe][result][35]_i_27_n_0
                         CARRY4 (Prop_carry4_CI_CO[3])
                                                      0.100    12.991 r  i_ariane/i_cva6/ex_stage_i/fpu_gen.fpu_i/fpu_gen.i_fpnew_bulk/gen_operation_groups[3].i_opgroup_block/gen_merged_slice.i_multifmt_slice/gen_num_lanes[0].active_lane.lane_instance.i_fpnew_cast_multi/mem_q_reg[7][sbe][result][39]_i_16/CO[3]
                         net (fo=1, unplaced)         0.000    12.991    i_ariane/i_cva6/ex_stage_i/fpu_gen.fpu_i/fpu_gen.i_fpnew_bulk/gen_operation_groups[3].i_opgroup_block/gen_merged_slice.i_multifmt_slice/gen_num_lanes[0].active_lane.lane_instance.i_fpnew_cast_multi/mem_q_reg[7][sbe][result][39]_i_16_n_0
                         CARRY4 (Prop_carry4_CI_CO[3])
                                                      0.100    13.091 r  i_ariane/i_cva6/ex_stage_i/fpu_gen.fpu_i/fpu_gen.i_fpnew_bulk/gen_operation_groups[3].i_opgroup_block/gen_merged_slice.i_multifmt_slice/gen_num_lanes[0].active_lane.lane_instance.i_fpnew_cast_multi/mem_q_reg[7][sbe][result][43]_i_18/CO[3]
                         net (fo=1, unplaced)         0.000    13.091    i_ariane/i_cva6/ex_stage_i/fpu_gen.fpu_i/fpu_gen.i_fpnew_bulk/gen_operation_groups[3].i_opgroup_block/gen_merged_slice.i_multifmt_slice/gen_num_lanes[0].active_lane.lane_instance.i_fpnew_cast_multi/mem_q_reg[7][sbe][result][43]_i_18_n_0
                         CARRY4 (Prop_carry4_CI_CO[3])
                                                      0.100    13.191 r  i_ariane/i_cva6/ex_stage_i/fpu_gen.fpu_i/fpu_gen.i_fpnew_bulk/gen_operation_groups[3].i_opgroup_block/gen_merged_slice.i_multifmt_slice/gen_num_lanes[0].active_lane.lane_instance.i_fpnew_cast_multi/mem_q_reg[7][sbe][result][47]_i_21/CO[3]
                         net (fo=1, unplaced)         0.000    13.191    i_ariane/i_cva6/ex_stage_i/fpu_gen.fpu_i/fpu_gen.i_fpnew_bulk/gen_operation_groups[3].i_opgroup_block/gen_merged_slice.i_multifmt_slice/gen_num_lanes[0].active_lane.lane_instance.i_fpnew_cast_multi/mem_q_reg[7][sbe][result][47]_i_21_n_0
                         CARRY4 (Prop_carry4_CI_CO[3])
                                                      0.100    13.291 r  i_ariane/i_cva6/ex_stage_i/fpu_gen.fpu_i/fpu_gen.i_fpnew_bulk/gen_operation_groups[3].i_opgroup_block/gen_merged_slice.i_multifmt_slice/gen_num_lanes[0].active_lane.lane_instance.i_fpnew_cast_multi/mem_q_reg[7][sbe][result][50]_i_20/CO[3]
                         net (fo=1, unplaced)         0.000    13.291    i_ariane/i_cva6/ex_stage_i/fpu_gen.fpu_i/fpu_gen.i_fpnew_bulk/gen_operation_groups[3].i_opgroup_block/gen_merged_slice.i_multifmt_slice/gen_num_lanes[0].active_lane.lane_instance.i_fpnew_cast_multi/mem_q_reg[7][sbe][result][50]_i_20_n_0
                         CARRY4 (Prop_carry4_CI_CO[3])
                                                      0.100    13.391 r  i_ariane/i_cva6/ex_stage_i/fpu_gen.fpu_i/fpu_gen.i_fpnew_bulk/gen_operation_groups[3].i_opgroup_block/gen_merged_slice.i_multifmt_slice/gen_num_lanes[0].active_lane.lane_instance.i_fpnew_cast_multi/mem_q_reg[7][sbe][result][55]_i_25/CO[3]
                         net (fo=1, unplaced)         0.000    13.391    i_ariane/i_cva6/ex_stage_i/fpu_gen.fpu_i/fpu_gen.i_fpnew_bulk/gen_operation_groups[3].i_opgroup_block/gen_merged_slice.i_multifmt_slice/gen_num_lanes[0].active_lane.lane_instance.i_fpnew_cast_multi/mem_q_reg[7][sbe][result][55]_i_25_n_0
                         CARRY4 (Prop_carry4_CI_O[2])
                                                      0.214    13.605 f  i_ariane/i_cva6/ex_stage_i/fpu_gen.fpu_i/fpu_gen.i_fpnew_bulk/gen_operation_groups[3].i_opgroup_block/gen_merged_slice.i_multifmt_slice/gen_num_lanes[0].active_lane.lane_instance.i_fpnew_cast_multi/mem_q_reg[7][sbe][result][59]_i_28/O[2]
                         net (fo=6, unplaced)         0.381    13.986    i_ariane/i_cva6/ex_stage_i/fpu_gen.fpu_i/fpu_gen.i_fpnew_bulk/gen_operation_groups[3].i_opgroup_block/gen_merged_slice.i_multifmt_slice/gen_num_lanes[0].active_lane.lane_instance.i_fpnew_cast_multi/rounded_abs[58]
                         LUT1 (Prop_lut1_I0_O)        0.244    14.230 r  i_ariane/i_cva6/ex_stage_i/fpu_gen.fpu_i/fpu_gen.i_fpnew_bulk/gen_operation_groups[3].i_opgroup_block/gen_merged_slice.i_multifmt_slice/gen_num_lanes[0].active_lane.lane_instance.i_fpnew_cast_multi/mem_q[7][sbe][result][60]_i_105/O
                         net (fo=1, unplaced)         0.000    14.230    i_ariane/i_cva6/ex_stage_i/fpu_gen.fpu_i/fpu_gen.i_fpnew_bulk/gen_operation_groups[3].i_opgroup_block/gen_merged_slice.i_multifmt_slice/gen_num_lanes[0].active_lane.lane_instance.i_fpnew_cast_multi/mem_q[7][sbe][result][60]_i_105_n_0
                         CARRY4 (Prop_carry4_S[1]_CO[3])
                                                      0.444    14.674 r  i_ariane/i_cva6/ex_stage_i/fpu_gen.fpu_i/fpu_gen.i_fpnew_bulk/gen_operation_groups[3].i_opgroup_block/gen_merged_slice.i_multifmt_slice/gen_num_lanes[0].active_lane.lane_instance.i_fpnew_cast_multi/mem_q_reg[7][sbe][result][60]_i_51/CO[3]
                         net (fo=1, unplaced)         0.000    14.674    i_ariane/i_cva6/ex_stage_i/fpu_gen.fpu_i/fpu_gen.i_fpnew_bulk/gen_operation_groups[3].i_opgroup_block/gen_merged_slice.i_multifmt_slice/gen_num_lanes[0].active_lane.lane_instance.i_fpnew_cast_multi/mem_q_reg[7][sbe][result][60]_i_51_n_0
                         CARRY4 (Prop_carry4_CI_O[1])
                                                      0.269    14.943 f  i_ariane/i_cva6/ex_stage_i/fpu_gen.fpu_i/fpu_gen.i_fpnew_bulk/gen_operation_groups[3].i_opgroup_block/gen_merged_slice.i_multifmt_slice/gen_num_lanes[0].active_lane.lane_instance.i_fpnew_cast_multi/mem_q_reg[7][sbe][result][62]_i_30/O[1]
                         net (fo=2, unplaced)         0.251    15.194    i_ariane/i_cva6/ex_stage_i/fpu_gen.fpu_i/fpu_gen.i_fpnew_bulk/gen_operation_groups[3].i_opgroup_block/gen_merged_slice.i_multifmt_slice/gen_num_lanes[0].active_lane.lane_instance.i_fpnew_cast_multi/rounded_int_res0[62]
                         LUT3 (Prop_lut3_I0_O)        0.245    15.439 f  i_ariane/i_cva6/ex_stage_i/fpu_gen.fpu_i/fpu_gen.i_fpnew_bulk/gen_operation_groups[3].i_opgroup_block/gen_merged_slice.i_multifmt_slice/gen_num_lanes[0].active_lane.lane_instance.i_fpnew_cast_multi/mem_q[7][sbe][ex][cause][0]_i_211/O
                         net (fo=2, unplaced)         0.358    15.797    i_ariane/i_cva6/ex_stage_i/fpu_gen.fpu_i/fpu_gen.i_fpnew_bulk/gen_operation_groups[3].i_opgroup_block/gen_merged_slice.i_multifmt_slice/gen_num_lanes[0].active_lane.lane_instance.i_fpnew_cast_multi/mem_q[7][sbe][ex][cause][0]_i_211_n_0
                         LUT5 (Prop_lut5_I1_O)        0.105    15.902 r  i_ariane/i_cva6/ex_stage_i/fpu_gen.fpu_i/fpu_gen.i_fpnew_bulk/gen_operation_groups[3].i_opgroup_block/gen_merged_slice.i_multifmt_slice/gen_num_lanes[0].active_lane.lane_instance.i_fpnew_cast_multi/mem_q[7][sbe][ex][cause][4]_i_80/O
                         net (fo=1, unplaced)         0.000    15.902    i_ariane/i_cva6/ex_stage_i/fpu_gen.fpu_i/fpu_gen.i_fpnew_bulk/gen_operation_groups[3].i_opgroup_block/gen_merged_slice.i_multifmt_slice/gen_num_lanes[0].active_lane.lane_instance.i_fpnew_cast_multi/mem_q[7][sbe][ex][cause][4]_i_80_n_0
                         MUXF7 (Prop_muxf7_I1_O)      0.206    16.108 r  i_ariane/i_cva6/ex_stage_i/fpu_gen.fpu_i/fpu_gen.i_fpnew_bulk/gen_operation_groups[3].i_opgroup_block/gen_merged_slice.i_multifmt_slice/gen_num_lanes[0].active_lane.lane_instance.i_fpnew_cast_multi/mem_q_reg[7][sbe][ex][cause][4]_i_52/O
                         net (fo=1, unplaced)         0.349    16.457    i_ariane/i_cva6/ex_stage_i/fpu_gen.fpu_i/fpu_gen.i_fpnew_bulk/gen_operation_groups[3].i_opgroup_block/gen_merged_slice.i_multifmt_slice/gen_num_lanes[0].active_lane.lane_instance.i_fpnew_cast_multi/mem_q_reg[7][sbe][ex][cause][4]_i_52_n_0
                         LUT6 (Prop_lut6_I0_O)        0.242    16.699 r  i_ariane/i_cva6/ex_stage_i/fpu_gen.fpu_i/fpu_gen.i_fpnew_bulk/gen_operation_groups[3].i_opgroup_block/gen_merged_slice.i_multifmt_slice/gen_num_lanes[0].active_lane.lane_instance.i_fpnew_cast_multi/mem_q[7][sbe][ex][cause][4]_i_36/O
                         net (fo=1, unplaced)         0.347    17.046    i_ariane/i_cva6/ex_stage_i/fpu_gen.fpu_i/fpu_gen.i_fpnew_bulk/gen_operation_groups[3].i_opgroup_block/gen_merged_slice.i_multifmt_slice/gen_num_lanes[0].active_lane.lane_instance.i_fpnew_cast_multi/of_after_round
                         LUT6 (Prop_lut6_I5_O)        0.105    17.151 r  i_ariane/i_cva6/ex_stage_i/fpu_gen.fpu_i/fpu_gen.i_fpnew_bulk/gen_operation_groups[3].i_opgroup_block/gen_merged_slice.i_multifmt_slice/gen_num_lanes[0].active_lane.lane_instance.i_fpnew_cast_multi/mem_q[7][sbe][ex][cause][4]_i_28/O
                         net (fo=3, unplaced)         0.365    17.516    i_ariane/i_cva6/ex_stage_i/fpu_gen.fpu_i/fpu_gen.i_fpnew_bulk/gen_operation_groups[3].i_opgroup_block/gen_merged_slice.i_multifmt_slice/gen_num_lanes[0].active_lane.lane_instance.i_fpnew_cast_multi/int_regular_status[NV]
                         LUT6 (Prop_lut6_I0_O)        0.105    17.621 r  i_ariane/i_cva6/ex_stage_i/fpu_gen.fpu_i/fpu_gen.i_fpnew_bulk/gen_operation_groups[3].i_opgroup_block/gen_merged_slice.i_multifmt_slice/gen_num_lanes[0].active_lane.lane_instance.i_fpnew_cast_multi/mem_q[7][sbe][ex][cause][0]_i_9/O
                         net (fo=66, unplaced)        0.436    18.057    i_ariane/i_cva6/ex_stage_i/fpu_gen.fpu_i/fpu_gen.i_fpnew_bulk/gen_operation_groups[3].i_opgroup_block/gen_merged_slice.i_multifmt_slice/gen_num_lanes[0].active_lane.lane_instance.i_fpnew_cast_multi/int_result_is_special
                         LUT6 (Prop_lut6_I4_O)        0.105    18.162 r  i_ariane/i_cva6/ex_stage_i/fpu_gen.fpu_i/fpu_gen.i_fpnew_bulk/gen_operation_groups[3].i_opgroup_block/gen_merged_slice.i_multifmt_slice/gen_num_lanes[0].active_lane.lane_instance.i_fpnew_cast_multi/mem_q[7][sbe][result][63]_i_32/O
                         net (fo=2, unplaced)         0.358    18.520    i_ariane/i_cva6/ex_stage_i/fpu_gen.fpu_i/fpu_gen.i_fpnew_bulk/gen_operation_groups[3].i_opgroup_block/gen_merged_slice.i_multifmt_slice/gen_num_lanes[0].active_lane.lane_instance.i_fpnew_cast_multi/int_result[63]
                         LUT2 (Prop_lut2_I0_O)        0.105    18.625 r  i_ariane/i_cva6/ex_stage_i/fpu_gen.fpu_i/fpu_gen.i_fpnew_bulk/gen_operation_groups[3].i_opgroup_block/gen_merged_slice.i_multifmt_slice/gen_num_lanes[0].active_lane.lane_instance.i_fpnew_cast_multi/mem_q[7][sbe][result][50]_i_13/O
                         net (fo=21, unplaced)        0.408    19.033    i_ariane/i_cva6/ex_stage_i/fpu_gen.fpu_i/fpu_gen.i_fpnew_bulk/gen_operation_groups[3].i_opgroup_block/gen_merged_slice.i_multifmt_slice/gen_num_lanes[0].active_lane.lane_instance.i_fpnew_cast_multi/mem_q[7][sbe][result][50]_i_13_n_0
                         LUT5 (Prop_lut5_I0_O)        0.105    19.138 r  i_ariane/i_cva6/ex_stage_i/fpu_gen.fpu_i/fpu_gen.i_fpnew_bulk/gen_operation_groups[3].i_opgroup_block/gen_merged_slice.i_multifmt_slice/gen_num_lanes[0].active_lane.lane_instance.i_fpnew_cast_multi/mem_q[7][sbe][result][50]_i_5/O
                         net (fo=40, unplaced)        0.424    19.562    i_ariane/i_cva6/ex_stage_i/fpu_gen.fpu_i/fpu_gen.i_fpnew_bulk/gen_operation_groups[3].i_opgroup_block/gen_merged_slice.i_multifmt_slice/gen_num_lanes[0].active_lane.lane_instance.i_fpnew_cast_multi/mem_q[7][sbe][result][50]_i_5_n_0
                         LUT6 (Prop_lut6_I5_O)        0.105    19.667 r  i_ariane/i_cva6/ex_stage_i/fpu_gen.fpu_i/fpu_gen.i_fpnew_bulk/gen_operation_groups[3].i_opgroup_block/gen_merged_slice.i_multifmt_slice/gen_num_lanes[0].active_lane.lane_instance.i_fpnew_cast_multi/mem_q[7][sbe][result][63]_i_15/O
                         net (fo=1, unplaced)         0.347    20.014    i_ariane/i_cva6/ex_stage_i/fpu_gen.fpu_i/fpu_gen.i_fpnew_bulk/gen_operation_groups[2].i_opgroup_block/gen_parallel_slices[0].active_format.i_fmt_slice/gen_num_lanes[0].active_lane.lane_instance.i_noncomp/opgrp_outputs[3][result][0]
                         LUT6 (Prop_lut6_I0_O)        0.105    20.119 r  i_ariane/i_cva6/ex_stage_i/fpu_gen.fpu_i/fpu_gen.i_fpnew_bulk/gen_operation_groups[2].i_opgroup_block/gen_parallel_slices[0].active_format.i_fmt_slice/gen_num_lanes[0].active_lane.lane_instance.i_noncomp/mem_q[7][sbe][result][63]_i_8/O
                         net (fo=1, unplaced)         0.000    20.119    i_ariane/i_cva6/ex_stage_i/fpu_gen.fpu_i/fpu_gen.i_fpnew_bulk/gen_operation_groups[0].i_opgroup_block/gen_parallel_slices[0].active_format.i_fmt_slice/gen_num_lanes[0].active_lane.lane_instance.i_fma/gen_arbiter.data_nodes[2][result][44]
                         MUXF7 (Prop_muxf7_I1_O)      0.206    20.325 r  i_ariane/i_cva6/ex_stage_i/fpu_gen.fpu_i/fpu_gen.i_fpnew_bulk/gen_operation_groups[0].i_opgroup_block/gen_parallel_slices[0].active_format.i_fmt_slice/gen_num_lanes[0].active_lane.lane_instance.i_fma/mem_q_reg[7][sbe][result][63]_i_4/O
                         net (fo=14, unplaced)        0.400    20.725    i_ariane/i_cva6/ex_stage_i/fpu_gen.fpu_i/fpu_gen.i_fpnew_bulk/gen_operation_groups[0].i_opgroup_block/gen_parallel_slices[0].active_format.i_fmt_slice/gen_num_lanes[0].active_lane.lane_instance.i_fma/gen_arbiter.gen_int_rr.rr_q_reg[1]_4
                         LUT2 (Prop_lut2_I0_O)        0.242    20.967 f  i_ariane/i_cva6/ex_stage_i/fpu_gen.fpu_i/fpu_gen.i_fpnew_bulk/gen_operation_groups[0].i_opgroup_block/gen_parallel_slices[0].active_format.i_fmt_slice/gen_num_lanes[0].active_lane.lane_instance.i_fma/fu_data_q[0][operand_a][63]_i_54/O
                         net (fo=3, unplaced)         0.365    21.332    i_ariane/i_cva6/ex_stage_i/fpu_gen.fpu_i/fpu_gen.i_fpnew_bulk/gen_operation_groups[3].i_opgroup_block/gen_merged_slice.i_multifmt_slice/gen_num_lanes[0].active_lane.lane_instance.i_fpnew_cast_multi/fu_data_q[0][imm][63]_i_10
                         LUT6 (Prop_lut6_I5_O)        0.105    21.437 f  i_ariane/i_cva6/ex_stage_i/fpu_gen.fpu_i/fpu_gen.i_fpnew_bulk/gen_operation_groups[3].i_opgroup_block/gen_merged_slice.i_multifmt_slice/gen_num_lanes[0].active_lane.lane_instance.i_fpnew_cast_multi/fu_data_q[0][operand_a][63]_i_24/O
                         net (fo=3, unplaced)         0.365    21.802    i_ariane/i_cva6/ex_stage_i/fpu_gen.fpu_i/fpu_gen.i_fpnew_bulk/gen_operation_groups[0].i_opgroup_block/gen_parallel_slices[0].active_format.i_fmt_slice/gen_num_lanes[0].active_lane.lane_instance.i_fma/fu_data_q_reg[0][operand_b][63]_i_5_0
                         LUT6 (Prop_lut6_I3_O)        0.105    21.907 f  i_ariane/i_cva6/ex_stage_i/fpu_gen.fpu_i/fpu_gen.i_fpnew_bulk/gen_operation_groups[0].i_opgroup_block/gen_parallel_slices[0].active_format.i_fmt_slice/gen_num_lanes[0].active_lane.lane_instance.i_fma/fu_data_q[0][operand_a][63]_i_7/O
                         net (fo=1, unplaced)         0.000    21.907    i_ariane/i_cva6/ex_stage_i/fpu_gen.fpu_i/fpu_gen.i_fpnew_bulk/gen_operation_groups[3].i_opgroup_block/gen_merged_slice.i_multifmt_slice/gen_num_lanes[0].active_lane.lane_instance.i_fpnew_cast_multi/fu_data_q_reg[0][operand_a][63]_0
                         MUXF7 (Prop_muxf7_I1_O)      0.206    22.113 f  i_ariane/i_cva6/ex_stage_i/fpu_gen.fpu_i/fpu_gen.i_fpnew_bulk/gen_operation_groups[3].i_opgroup_block/gen_merged_slice.i_multifmt_slice/gen_num_lanes[0].active_lane.lane_instance.i_fpnew_cast_multi/fu_data_q_reg[0][operand_a][63]_i_2/O
                         net (fo=1, unplaced)         0.349    22.462    i_ariane/i_cva6/id_stage_i/fu_data_q_reg[0][operand_a][63]
                         LUT6 (Prop_lut6_I0_O)        0.242    22.704 r  i_ariane/i_cva6/id_stage_i/fu_data_q[0][operand_a][63]_i_1/O
                         net (fo=2, unplaced)         0.000    22.704    i_ariane/i_cva6/ex_stage_i/vaddr_to_be_flushed_reg[63]_0[63]
                         FDCE                                         r  i_ariane/i_cva6/ex_stage_i/vaddr_to_be_flushed_reg[63]/D
  -------------------------------------------------------------------    -------------------

                         (clock clk_i rise edge)     10.000    10.000 r  
                                                      0.000    10.000 r  clk_i (IN)
                         net (fo=33654, unset)        0.748    10.748    i_ariane/i_cva6/ex_stage_i/clk_i
                         FDCE                                         r  i_ariane/i_cva6/ex_stage_i/vaddr_to_be_flushed_reg[63]/C
                         clock pessimism              0.000    10.748    
                         clock uncertainty           -0.035    10.712    
                         FDCE (Setup_fdce_C_D)        0.043    10.755    i_ariane/i_cva6/ex_stage_i/vaddr_to_be_flushed_reg[63]
  -------------------------------------------------------------------
                         required time                         10.755    
                         arrival time                         -22.704    
  -------------------------------------------------------------------
                         slack                                -11.949    

Slack (VIOLATED) :        -11.949ns  (required time - arrival time)
  Source:                 i_ariane/i_cva6/ex_stage_i/fpu_gen.fpu_i/fpu_gen.i_fpnew_bulk/gen_operation_groups[3].i_opgroup_block/gen_merged_slice.i_multifmt_slice/gen_num_lanes[0].active_lane.lane_instance.i_fpnew_cast_multi/gen_inside_pipeline[0].mid_pipe_dst_fmt_q_reg[1][2]_rep/C
                            (rising edge-triggered cell FDCE clocked by clk_i  {rise@0.000ns fall@5.000ns period=10.000ns})
  Destination:            i_ariane/i_cva6/ex_stage_i/vaddr_to_be_flushed_reg[63]/D
                            (rising edge-triggered cell FDCE clocked by clk_i  {rise@0.000ns fall@5.000ns period=10.000ns})
  Path Group:             clk_i
  Path Type:              Setup (Max at Slow Process Corner)
  Requirement:            10.000ns  (clk_i rise@10.000ns - clk_i rise@0.000ns)
  Data Path Delay:        21.917ns  (logic 8.887ns (40.548%)  route 13.030ns (59.452%))
  Logic Levels:           52  (CARRY4=23 LUT1=1 LUT2=2 LUT3=2 LUT4=1 LUT5=4 LUT6=16 MUXF7=3)
  Clock Path Skew:        -0.039ns (DCD - SCD + CPR)
    Destination Clock Delay (DCD):    0.748ns = ( 10.748 - 10.000 ) 
    Source Clock Delay      (SCD):    0.787ns
    Clock Pessimism Removal (CPR):    0.000ns
  Clock Uncertainty:      0.035ns  ((TSJ^2 + TIJ^2)^1/2 + DJ) / 2 + PE
    Total System Jitter     (TSJ):    0.071ns
    Total Input Jitter      (TIJ):    0.000ns
    Discrete Jitter          (DJ):    0.000ns
    Phase Error              (PE):    0.000ns

    Location             Delay type                Incr(ns)  Path(ns)    Netlist Resource(s)
  -------------------------------------------------------------------    -------------------
                         (clock clk_i rise edge)      0.000     0.000 r  
                                                      0.000     0.000 r  clk_i (IN)
                         net (fo=33654, unset)        0.787     0.787    i_ariane/i_cva6/ex_stage_i/fpu_gen.fpu_i/fpu_gen.i_fpnew_bulk/gen_operation_groups[3].i_opgroup_block/gen_merged_slice.i_multifmt_slice/gen_num_lanes[0].active_lane.lane_instance.i_fpnew_cast_multi/clk_i
                         FDCE                                         r  i_ariane/i_cva6/ex_stage_i/fpu_gen.fpu_i/fpu_gen.i_fpnew_bulk/gen_operation_groups[3].i_opgroup_block/gen_merged_slice.i_multifmt_slice/gen_num_lanes[0].active_lane.lane_instance.i_fpnew_cast_multi/gen_inside_pipeline[0].mid_pipe_dst_fmt_q_reg[1][2]_rep/C
  -------------------------------------------------------------------    -------------------
                         FDCE (Prop_fdce_C_Q)         0.397     1.184 r  i_ariane/i_cva6/ex_stage_i/fpu_gen.fpu_i/fpu_gen.i_fpnew_bulk/gen_operation_groups[3].i_opgroup_block/gen_merged_slice.i_multifmt_slice/gen_num_lanes[0].active_lane.lane_instance.i_fpnew_cast_multi/gen_inside_pipeline[0].mid_pipe_dst_fmt_q_reg[1][2]_rep/Q
                         net (fo=165, unplaced)       0.737     1.921    i_ariane/i_cva6/ex_stage_i/fpu_gen.fpu_i/fpu_gen.i_fpnew_bulk/gen_operation_groups[3].i_opgroup_block/gen_merged_slice.i_multifmt_slice/gen_num_lanes[0].active_lane.lane_instance.i_fpnew_cast_multi/gen_inside_pipeline[0].mid_pipe_dst_fmt_q_reg[1][2]_rep_n_0
                         LUT3 (Prop_lut3_I0_O)        0.232     2.153 r  i_ariane/i_cva6/ex_stage_i/fpu_gen.fpu_i/fpu_gen.i_fpnew_bulk/gen_operation_groups[3].i_opgroup_block/gen_merged_slice.i_multifmt_slice/gen_num_lanes[0].active_lane.lane_instance.i_fpnew_cast_multi/mem_q[7][sbe][result][59]_i_188/O
                         net (fo=1, unplaced)         0.258     2.411    i_ariane/i_cva6/ex_stage_i/fpu_gen.fpu_i/fpu_gen.i_fpnew_bulk/gen_operation_groups[3].i_opgroup_block/gen_merged_slice.i_multifmt_slice/gen_num_lanes[0].active_lane.lane_instance.i_fpnew_cast_multi/preshift_mant3[0]
                         CARRY4 (Prop_carry4_CYINIT_CO[3])
                                                      0.494     2.905 r  i_ariane/i_cva6/ex_stage_i/fpu_gen.fpu_i/fpu_gen.i_fpnew_bulk/gen_operation_groups[3].i_opgroup_block/gen_merged_slice.i_multifmt_slice/gen_num_lanes[0].active_lane.lane_instance.i_fpnew_cast_multi/mem_q_reg[7][sbe][result][59]_i_177/CO[3]
                         net (fo=1, unplaced)         0.000     2.905    i_ariane/i_cva6/ex_stage_i/fpu_gen.fpu_i/fpu_gen.i_fpnew_bulk/gen_operation_groups[3].i_opgroup_block/gen_merged_slice.i_multifmt_slice/gen_num_lanes[0].active_lane.lane_instance.i_fpnew_cast_multi/mem_q_reg[7][sbe][result][59]_i_177_n_0
                         CARRY4 (Prop_carry4_CI_CO[3])
                                                      0.100     3.005 r  i_ariane/i_cva6/ex_stage_i/fpu_gen.fpu_i/fpu_gen.i_fpnew_bulk/gen_operation_groups[3].i_opgroup_block/gen_merged_slice.i_multifmt_slice/gen_num_lanes[0].active_lane.lane_instance.i_fpnew_cast_multi/mem_q_reg[7][sbe][ex][cause][4]_i_139/CO[3]
                         net (fo=1, unplaced)         0.000     3.005    i_ariane/i_cva6/ex_stage_i/fpu_gen.fpu_i/fpu_gen.i_fpnew_bulk/gen_operation_groups[3].i_opgroup_block/gen_merged_slice.i_multifmt_slice/gen_num_lanes[0].active_lane.lane_instance.i_fpnew_cast_multi/mem_q_reg[7][sbe][ex][cause][4]_i_139_n_0
                         CARRY4 (Prop_carry4_CI_O[1])
                                                      0.269     3.274 f  i_ariane/i_cva6/ex_stage_i/fpu_gen.fpu_i/fpu_gen.i_fpnew_bulk/gen_operation_groups[3].i_opgroup_block/gen_merged_slice.i_multifmt_slice/gen_num_lanes[0].active_lane.lane_instance.i_fpnew_cast_multi/mem_q_reg[7][sbe][ex][cause][4]_i_100/O[1]
                         net (fo=3, unplaced)         0.490     3.764    i_ariane/i_cva6/ex_stage_i/fpu_gen.fpu_i/fpu_gen.i_fpnew_bulk/gen_operation_groups[3].i_opgroup_block/gen_merged_slice.i_multifmt_slice/gen_num_lanes[0].active_lane.lane_instance.i_fpnew_cast_multi/mem_q_reg[7][sbe][ex][cause][4]_i_100_n_6
                         LUT4 (Prop_lut4_I1_O)        0.266     4.030 r  i_ariane/i_cva6/ex_stage_i/fpu_gen.fpu_i/fpu_gen.i_fpnew_bulk/gen_operation_groups[3].i_opgroup_block/gen_merged_slice.i_multifmt_slice/gen_num_lanes[0].active_lane.lane_instance.i_fpnew_cast_multi/mem_q[7][sbe][ex][cause][4]_i_94/O
                         net (fo=1, unplaced)         0.000     4.030    i_ariane/i_cva6/ex_stage_i/fpu_gen.fpu_i/fpu_gen.i_fpnew_bulk/gen_operation_groups[3].i_opgroup_block/gen_merged_slice.i_multifmt_slice/gen_num_lanes[0].active_lane.lane_instance.i_fpnew_cast_multi/mem_q[7][sbe][ex][cause][4]_i_94_n_0
                         CARRY4 (Prop_carry4_DI[1]_CO[3])
                                                      0.451     4.481 r  i_ariane/i_cva6/ex_stage_i/fpu_gen.fpu_i/fpu_gen.i_fpnew_bulk/gen_operation_groups[3].i_opgroup_block/gen_merged_slice.i_multifmt_slice/gen_num_lanes[0].active_lane.lane_instance.i_fpnew_cast_multi/mem_q_reg[7][sbe][ex][cause][4]_i_58/CO[3]
                         net (fo=1, unplaced)         0.000     4.481    i_ariane/i_cva6/ex_stage_i/fpu_gen.fpu_i/fpu_gen.i_fpnew_bulk/gen_operation_groups[3].i_opgroup_block/gen_merged_slice.i_multifmt_slice/gen_num_lanes[0].active_lane.lane_instance.i_fpnew_cast_multi/mem_q_reg[7][sbe][ex][cause][4]_i_58_n_0
                         CARRY4 (Prop_carry4_CI_CO[3])
                                                      0.100     4.581 r  i_ariane/i_cva6/ex_stage_i/fpu_gen.fpu_i/fpu_gen.i_fpnew_bulk/gen_operation_groups[3].i_opgroup_block/gen_merged_slice.i_multifmt_slice/gen_num_lanes[0].active_lane.lane_instance.i_fpnew_cast_multi/mem_q_reg[7][sbe][ex][cause][4]_i_40/CO[3]
                         net (fo=1, unplaced)         0.000     4.581    i_ariane/i_cva6/ex_stage_i/fpu_gen.fpu_i/fpu_gen.i_fpnew_bulk/gen_operation_groups[3].i_opgroup_block/gen_merged_slice.i_multifmt_slice/gen_num_lanes[0].active_lane.lane_instance.i_fpnew_cast_multi/mem_q_reg[7][sbe][ex][cause][4]_i_40_n_0
                         CARRY4 (Prop_carry4_CI_CO[3])
                                                      0.100     4.681 f  i_ariane/i_cva6/ex_stage_i/fpu_gen.fpu_i/fpu_gen.i_fpnew_bulk/gen_operation_groups[3].i_opgroup_block/gen_merged_slice.i_multifmt_slice/gen_num_lanes[0].active_lane.lane_instance.i_fpnew_cast_multi/mem_q_reg[7][sbe][ex][cause][4]_i_34/CO[3]
                         net (fo=146, unplaced)       0.719     5.400    i_ariane/i_cva6/ex_stage_i/fpu_gen.fpu_i/fpu_gen.i_fpnew_bulk/gen_operation_groups[3].i_opgroup_block/gen_merged_slice.i_multifmt_slice/gen_num_lanes[0].active_lane.lane_instance.i_fpnew_cast_multi/preshift_mant1
                         LUT5 (Prop_lut5_I2_O)        0.105     5.505 f  i_ariane/i_cva6/ex_stage_i/fpu_gen.fpu_i/fpu_gen.i_fpnew_bulk/gen_operation_groups[3].i_opgroup_block/gen_merged_slice.i_multifmt_slice/gen_num_lanes[0].active_lane.lane_instance.i_fpnew_cast_multi/mem_q[7][sbe][ex][cause][0]_i_331/O
                         net (fo=4, unplaced)         0.802     6.307    i_ariane/i_cva6/ex_stage_i/fpu_gen.fpu_i/fpu_gen.i_fpnew_bulk/gen_operation_groups[3].i_opgroup_block/gen_merged_slice.i_multifmt_slice/gen_num_lanes[0].active_lane.lane_instance.i_fpnew_cast_multi/preshift_mant[90]
                         LUT5 (Prop_lut5_I0_O)        0.105     6.412 f  i_ariane/i_cva6/ex_stage_i/fpu_gen.fpu_i/fpu_gen.i_fpnew_bulk/gen_operation_groups[3].i_opgroup_block/gen_merged_slice.i_multifmt_slice/gen_num_lanes[0].active_lane.lane_instance.i_fpnew_cast_multi/mem_q[7][sbe][ex][cause][0]_i_566/O
                         net (fo=4, unplaced)         0.606     7.018    i_ariane/i_cva6/ex_stage_i/fpu_gen.fpu_i/fpu_gen.i_fpnew_bulk/gen_operation_groups[3].i_opgroup_block/gen_merged_slice.i_multifmt_slice/gen_num_lanes[0].active_lane.lane_instance.i_fpnew_cast_multi/mem_q[7][sbe][ex][cause][0]_i_566_n_0
                         LUT6 (Prop_lut6_I1_O)        0.105     7.123 f  i_ariane/i_cva6/ex_stage_i/fpu_gen.fpu_i/fpu_gen.i_fpnew_bulk/gen_operation_groups[3].i_opgroup_block/gen_merged_slice.i_multifmt_slice/gen_num_lanes[0].active_lane.lane_instance.i_fpnew_cast_multi/mem_q[7][sbe][ex][cause][0]_i_415/O
                         net (fo=4, unplaced)         0.606     7.729    i_ariane/i_cva6/ex_stage_i/fpu_gen.fpu_i/fpu_gen.i_fpnew_bulk/gen_operation_groups[3].i_opgroup_block/gen_merged_slice.i_multifmt_slice/gen_num_lanes[0].active_lane.lane_instance.i_fpnew_cast_multi/mem_q[7][sbe][ex][cause][0]_i_415_n_0
                         LUT6 (Prop_lut6_I1_O)        0.105     7.834 f  i_ariane/i_cva6/ex_stage_i/fpu_gen.fpu_i/fpu_gen.i_fpnew_bulk/gen_operation_groups[3].i_opgroup_block/gen_merged_slice.i_multifmt_slice/gen_num_lanes[0].active_lane.lane_instance.i_fpnew_cast_multi/mem_q[7][sbe][ex][cause][0]_i_179/O
                         net (fo=3, unplaced)         0.796     8.630    i_ariane/i_cva6/ex_stage_i/fpu_gen.fpu_i/fpu_gen.i_fpnew_bulk/gen_operation_groups[3].i_opgroup_block/gen_merged_slice.i_multifmt_slice/gen_num_lanes[0].active_lane.lane_instance.i_fpnew_cast_multi/mem_q[7][sbe][ex][cause][0]_i_179_n_0
                         LUT6 (Prop_lut6_I0_O)        0.105     8.735 f  i_ariane/i_cva6/ex_stage_i/fpu_gen.fpu_i/fpu_gen.i_fpnew_bulk/gen_operation_groups[3].i_opgroup_block/gen_merged_slice.i_multifmt_slice/gen_num_lanes[0].active_lane.lane_instance.i_fpnew_cast_multi/mem_q[7][sbe][ex][cause][0]_i_225/O
                         net (fo=1, unplaced)         0.782     9.517    i_ariane/i_cva6/ex_stage_i/fpu_gen.fpu_i/fpu_gen.i_fpnew_bulk/gen_operation_groups[3].i_opgroup_block/gen_merged_slice.i_multifmt_slice/gen_num_lanes[0].active_lane.lane_instance.i_fpnew_cast_multi/mem_q[7][sbe][ex][cause][0]_i_225_n_0
                         LUT6 (Prop_lut6_I0_O)        0.105     9.622 f  i_ariane/i_cva6/ex_stage_i/fpu_gen.fpu_i/fpu_gen.i_fpnew_bulk/gen_operation_groups[3].i_opgroup_block/gen_merged_slice.i_multifmt_slice/gen_num_lanes[0].active_lane.lane_instance.i_fpnew_cast_multi/mem_q[7][sbe][ex][cause][0]_i_81/O
                         net (fo=1, unplaced)         0.778    10.400    i_ariane/i_cva6/ex_stage_i/fpu_gen.fpu_i/fpu_gen.i_fpnew_bulk/gen_operation_groups[3].i_opgroup_block/gen_merged_slice.i_multifmt_slice/gen_num_lanes[0].active_lane.lane_instance.i_fpnew_cast_multi/mem_q[7][sbe][ex][cause][0]_i_81_n_0
                         LUT6 (Prop_lut6_I1_O)        0.105    10.505 f  i_ariane/i_cva6/ex_stage_i/fpu_gen.fpu_i/fpu_gen.i_fpnew_bulk/gen_operation_groups[3].i_opgroup_block/gen_merged_slice.i_multifmt_slice/gen_num_lanes[0].active_lane.lane_instance.i_fpnew_cast_multi/mem_q[7][sbe][ex][cause][0]_i_25/O
                         net (fo=4, unplaced)         0.606    11.111    i_ariane/i_cva6/ex_stage_i/fpu_gen.fpu_i/fpu_gen.i_fpnew_bulk/gen_operation_groups[3].i_opgroup_block/gen_merged_slice.i_multifmt_slice/gen_num_lanes[0].active_lane.lane_instance.i_fpnew_cast_multi/fp_round_sticky_bits[0]
                         LUT6 (Prop_lut6_I0_O)        0.105    11.216 f  i_ariane/i_cva6/ex_stage_i/fpu_gen.fpu_i/fpu_gen.i_fpnew_bulk/gen_operation_groups[3].i_opgroup_block/gen_merged_slice.i_multifmt_slice/gen_num_lanes[0].active_lane.lane_instance.i_fpnew_cast_multi/mem_q[7][sbe][result][0]_i_174/O
                         net (fo=1, unplaced)         0.347    11.563    i_ariane/i_cva6/ex_stage_i/fpu_gen.fpu_i/fpu_gen.i_fpnew_bulk/gen_operation_groups[3].i_opgroup_block/gen_merged_slice.i_multifmt_slice/gen_num_lanes[0].active_lane.lane_instance.i_fpnew_cast_multi/mem_q[7][sbe][result][0]_i_174_n_0
                         LUT6 (Prop_lut6_I5_O)        0.105    11.668 r  i_ariane/i_cva6/ex_stage_i/fpu_gen.fpu_i/fpu_gen.i_fpnew_bulk/gen_operation_groups[3].i_opgroup_block/gen_merged_slice.i_multifmt_slice/gen_num_lanes[0].active_lane.lane_instance.i_fpnew_cast_multi/mem_q[7][sbe][result][0]_i_114/O
                         net (fo=1, unplaced)         0.000    11.668    i_ariane/i_cva6/ex_stage_i/fpu_gen.fpu_i/fpu_gen.i_fpnew_bulk/gen_operation_groups[3].i_opgroup_block/gen_merged_slice.i_multifmt_slice/gen_num_lanes[0].active_lane.lane_instance.i_fpnew_cast_multi/mem_q[7][sbe][result][0]_i_114_n_0
                         CARRY4 (Prop_carry4_S[0]_CO[3])
                                                      0.423    12.091 r  i_ariane/i_cva6/ex_stage_i/fpu_gen.fpu_i/fpu_gen.i_fpnew_bulk/gen_operation_groups[3].i_opgroup_block/gen_merged_slice.i_multifmt_slice/gen_num_lanes[0].active_lane.lane_instance.i_fpnew_cast_multi/mem_q_reg[7][sbe][result][0]_i_66/CO[3]
                         net (fo=1, unplaced)         0.000    12.091    i_ariane/i_cva6/ex_stage_i/fpu_gen.fpu_i/fpu_gen.i_fpnew_bulk/gen_operation_groups[3].i_opgroup_block/gen_merged_slice.i_multifmt_slice/gen_num_lanes[0].active_lane.lane_instance.i_fpnew_cast_multi/mem_q_reg[7][sbe][result][0]_i_66_n_0
                         CARRY4 (Prop_carry4_CI_CO[3])
                                                      0.100    12.191 r  i_ariane/i_cva6/ex_stage_i/fpu_gen.fpu_i/fpu_gen.i_fpnew_bulk/gen_operation_groups[3].i_opgroup_block/gen_merged_slice.i_multifmt_slice/gen_num_lanes[0].active_lane.lane_instance.i_fpnew_cast_multi/mem_q_reg[7][sbe][result][7]_i_77/CO[3]
                         net (fo=1, unplaced)         0.000    12.191    i_ariane/i_cva6/ex_stage_i/fpu_gen.fpu_i/fpu_gen.i_fpnew_bulk/gen_operation_groups[3].i_opgroup_block/gen_merged_slice.i_multifmt_slice/gen_num_lanes[0].active_lane.lane_instance.i_fpnew_cast_multi/mem_q_reg[7][sbe][result][7]_i_77_n_0
                         CARRY4 (Prop_carry4_CI_CO[3])
                                                      0.100    12.291 r  i_ariane/i_cva6/ex_stage_i/fpu_gen.fpu_i/fpu_gen.i_fpnew_bulk/gen_operation_groups[3].i_opgroup_block/gen_merged_slice.i_multifmt_slice/gen_num_lanes[0].active_lane.lane_instance.i_fpnew_cast_multi/mem_q_reg[7][sbe][result][11]_i_56/CO[3]
                         net (fo=1, unplaced)         0.000    12.291    i_ariane/i_cva6/ex_stage_i/fpu_gen.fpu_i/fpu_gen.i_fpnew_bulk/gen_operation_groups[3].i_opgroup_block/gen_merged_slice.i_multifmt_slice/gen_num_lanes[0].active_lane.lane_instance.i_fpnew_cast_multi/mem_q_reg[7][sbe][result][11]_i_56_n_0
                         CARRY4 (Prop_carry4_CI_CO[3])
                                                      0.100    12.391 r  i_ariane/i_cva6/ex_stage_i/fpu_gen.fpu_i/fpu_gen.i_fpnew_bulk/gen_operation_groups[3].i_opgroup_block/gen_merged_slice.i_multifmt_slice/gen_num_lanes[0].active_lane.lane_instance.i_fpnew_cast_multi/mem_q_reg[7][sbe][result][15]_i_77/CO[3]
                         net (fo=1, unplaced)         0.000    12.391    i_ariane/i_cva6/ex_stage_i/fpu_gen.fpu_i/fpu_gen.i_fpnew_bulk/gen_operation_groups[3].i_opgroup_block/gen_merged_slice.i_multifmt_slice/gen_num_lanes[0].active_lane.lane_instance.i_fpnew_cast_multi/mem_q_reg[7][sbe][result][15]_i_77_n_0
                         CARRY4 (Prop_carry4_CI_CO[3])
                                                      0.100    12.491 r  i_ariane/i_cva6/ex_stage_i/fpu_gen.fpu_i/fpu_gen.i_fpnew_bulk/gen_operation_groups[3].i_opgroup_block/gen_merged_slice.i_multifmt_slice/gen_num_lanes[0].active_lane.lane_instance.i_fpnew_cast_multi/mem_q_reg[7][sbe][result][19]_i_57/CO[3]
                         net (fo=1, unplaced)         0.000    12.491    i_ariane/i_cva6/ex_stage_i/fpu_gen.fpu_i/fpu_gen.i_fpnew_bulk/gen_operation_groups[3].i_opgroup_block/gen_merged_slice.i_multifmt_slice/gen_num_lanes[0].active_lane.lane_instance.i_fpnew_cast_multi/mem_q_reg[7][sbe][result][19]_i_57_n_0
                         CARRY4 (Prop_carry4_CI_CO[3])
                                                      0.100    12.591 f  i_ariane/i_cva6/ex_stage_i/fpu_gen.fpu_i/fpu_gen.i_fpnew_bulk/gen_operation_groups[3].i_opgroup_block/gen_merged_slice.i_multifmt_slice/gen_num_lanes[0].active_lane.lane_instance.i_fpnew_cast_multi/mem_q_reg[7][sbe][result][23]_i_77/CO[3]
                         net (fo=1, unplaced)         0.000    12.591    i_ariane/i_cva6/ex_stage_i/fpu_gen.fpu_i/fpu_gen.i_fpnew_bulk/gen_operation_groups[3].i_opgroup_block/gen_merged_slice.i_multifmt_slice/gen_num_lanes[0].active_lane.lane_instance.i_fpnew_cast_multi/mem_q_reg[7][sbe][result][23]_i_77_n_0
                         CARRY4 (Prop_carry4_CI_CO[3])
                                                      0.100    12.691 r  i_ariane/i_cva6/ex_stage_i/fpu_gen.fpu_i/fpu_gen.i_fpnew_bulk/gen_operation_groups[3].i_opgroup_block/gen_merged_slice.i_multifmt_slice/gen_num_lanes[0].active_lane.lane_instance.i_fpnew_cast_multi/mem_q_reg[7][sbe][ex][cause][1]_i_27/CO[3]
                         net (fo=1, unplaced)         0.000    12.691    i_ariane/i_cva6/ex_stage_i/fpu_gen.fpu_i/fpu_gen.i_fpnew_bulk/gen_operation_groups[3].i_opgroup_block/gen_merged_slice.i_multifmt_slice/gen_num_lanes[0].active_lane.lane_instance.i_fpnew_cast_multi/mem_q_reg[7][sbe][ex][cause][1]_i_27_n_0
                         CARRY4 (Prop_carry4_CI_CO[3])
                                                      0.100    12.791 r  i_ariane/i_cva6/ex_stage_i/fpu_gen.fpu_i/fpu_gen.i_fpnew_bulk/gen_operation_groups[3].i_opgroup_block/gen_merged_slice.i_multifmt_slice/gen_num_lanes[0].active_lane.lane_instance.i_fpnew_cast_multi/mem_q_reg[7][sbe][result][35]_i_47/CO[3]
                         net (fo=1, unplaced)         0.000    12.791    i_ariane/i_cva6/ex_stage_i/fpu_gen.fpu_i/fpu_gen.i_fpnew_bulk/gen_operation_groups[3].i_opgroup_block/gen_merged_slice.i_multifmt_slice/gen_num_lanes[0].active_lane.lane_instance.i_fpnew_cast_multi/mem_q_reg[7][sbe][result][35]_i_47_n_0
                         CARRY4 (Prop_carry4_CI_CO[3])
                                                      0.100    12.891 r  i_ariane/i_cva6/ex_stage_i/fpu_gen.fpu_i/fpu_gen.i_fpnew_bulk/gen_operation_groups[3].i_opgroup_block/gen_merged_slice.i_multifmt_slice/gen_num_lanes[0].active_lane.lane_instance.i_fpnew_cast_multi/mem_q_reg[7][sbe][result][35]_i_27/CO[3]
                         net (fo=1, unplaced)         0.000    12.891    i_ariane/i_cva6/ex_stage_i/fpu_gen.fpu_i/fpu_gen.i_fpnew_bulk/gen_operation_groups[3].i_opgroup_block/gen_merged_slice.i_multifmt_slice/gen_num_lanes[0].active_lane.lane_instance.i_fpnew_cast_multi/mem_q_reg[7][sbe][result][35]_i_27_n_0
                         CARRY4 (Prop_carry4_CI_CO[3])
                                                      0.100    12.991 r  i_ariane/i_cva6/ex_stage_i/fpu_gen.fpu_i/fpu_gen.i_fpnew_bulk/gen_operation_groups[3].i_opgroup_block/gen_merged_slice.i_multifmt_slice/gen_num_lanes[0].active_lane.lane_instance.i_fpnew_cast_multi/mem_q_reg[7][sbe][result][39]_i_16/CO[3]
                         net (fo=1, unplaced)         0.000    12.991    i_ariane/i_cva6/ex_stage_i/fpu_gen.fpu_i/fpu_gen.i_fpnew_bulk/gen_operation_groups[3].i_opgroup_block/gen_merged_slice.i_multifmt_slice/gen_num_lanes[0].active_lane.lane_instance.i_fpnew_cast_multi/mem_q_reg[7][sbe][result][39]_i_16_n_0
                         CARRY4 (Prop_carry4_CI_CO[3])
                                                      0.100    13.091 r  i_ariane/i_cva6/ex_stage_i/fpu_gen.fpu_i/fpu_gen.i_fpnew_bulk/gen_operation_groups[3].i_opgroup_block/gen_merged_slice.i_multifmt_slice/gen_num_lanes[0].active_lane.lane_instance.i_fpnew_cast_multi/mem_q_reg[7][sbe][result][43]_i_18/CO[3]
                         net (fo=1, unplaced)         0.000    13.091    i_ariane/i_cva6/ex_stage_i/fpu_gen.fpu_i/fpu_gen.i_fpnew_bulk/gen_operation_groups[3].i_opgroup_block/gen_merged_slice.i_multifmt_slice/gen_num_lanes[0].active_lane.lane_instance.i_fpnew_cast_multi/mem_q_reg[7][sbe][result][43]_i_18_n_0
                         CARRY4 (Prop_carry4_CI_CO[3])
                                                      0.100    13.191 r  i_ariane/i_cva6/ex_stage_i/fpu_gen.fpu_i/fpu_gen.i_fpnew_bulk/gen_operation_groups[3].i_opgroup_block/gen_merged_slice.i_multifmt_slice/gen_num_lanes[0].active_lane.lane_instance.i_fpnew_cast_multi/mem_q_reg[7][sbe][result][47]_i_21/CO[3]
                         net (fo=1, unplaced)         0.000    13.191    i_ariane/i_cva6/ex_stage_i/fpu_gen.fpu_i/fpu_gen.i_fpnew_bulk/gen_operation_groups[3].i_opgroup_block/gen_merged_slice.i_multifmt_slice/gen_num_lanes[0].active_lane.lane_instance.i_fpnew_cast_multi/mem_q_reg[7][sbe][result][47]_i_21_n_0
                         CARRY4 (Prop_carry4_CI_CO[3])
                                                      0.100    13.291 r  i_ariane/i_cva6/ex_stage_i/fpu_gen.fpu_i/fpu_gen.i_fpnew_bulk/gen_operation_groups[3].i_opgroup_block/gen_merged_slice.i_multifmt_slice/gen_num_lanes[0].active_lane.lane_instance.i_fpnew_cast_multi/mem_q_reg[7][sbe][result][50]_i_20/CO[3]
                         net (fo=1, unplaced)         0.000    13.291    i_ariane/i_cva6/ex_stage_i/fpu_gen.fpu_i/fpu_gen.i_fpnew_bulk/gen_operation_groups[3].i_opgroup_block/gen_merged_slice.i_multifmt_slice/gen_num_lanes[0].active_lane.lane_instance.i_fpnew_cast_multi/mem_q_reg[7][sbe][result][50]_i_20_n_0
                         CARRY4 (Prop_carry4_CI_CO[3])
                                                      0.100    13.391 r  i_ariane/i_cva6/ex_stage_i/fpu_gen.fpu_i/fpu_gen.i_fpnew_bulk/gen_operation_groups[3].i_opgroup_block/gen_merged_slice.i_multifmt_slice/gen_num_lanes[0].active_lane.lane_instance.i_fpnew_cast_multi/mem_q_reg[7][sbe][result][55]_i_25/CO[3]
                         net (fo=1, unplaced)         0.000    13.391    i_ariane/i_cva6/ex_stage_i/fpu_gen.fpu_i/fpu_gen.i_fpnew_bulk/gen_operation_groups[3].i_opgroup_block/gen_merged_slice.i_multifmt_slice/gen_num_lanes[0].active_lane.lane_instance.i_fpnew_cast_multi/mem_q_reg[7][sbe][result][55]_i_25_n_0
                         CARRY4 (Prop_carry4_CI_O[2])
                                                      0.214    13.605 f  i_ariane/i_cva6/ex_stage_i/fpu_gen.fpu_i/fpu_gen.i_fpnew_bulk/gen_operation_groups[3].i_opgroup_block/gen_merged_slice.i_multifmt_slice/gen_num_lanes[0].active_lane.lane_instance.i_fpnew_cast_multi/mem_q_reg[7][sbe][result][59]_i_28/O[2]
                         net (fo=6, unplaced)         0.381    13.986    i_ariane/i_cva6/ex_stage_i/fpu_gen.fpu_i/fpu_gen.i_fpnew_bulk/gen_operation_groups[3].i_opgroup_block/gen_merged_slice.i_multifmt_slice/gen_num_lanes[0].active_lane.lane_instance.i_fpnew_cast_multi/rounded_abs[58]
                         LUT1 (Prop_lut1_I0_O)        0.244    14.230 r  i_ariane/i_cva6/ex_stage_i/fpu_gen.fpu_i/fpu_gen.i_fpnew_bulk/gen_operation_groups[3].i_opgroup_block/gen_merged_slice.i_multifmt_slice/gen_num_lanes[0].active_lane.lane_instance.i_fpnew_cast_multi/mem_q[7][sbe][result][60]_i_105/O
                         net (fo=1, unplaced)         0.000    14.230    i_ariane/i_cva6/ex_stage_i/fpu_gen.fpu_i/fpu_gen.i_fpnew_bulk/gen_operation_groups[3].i_opgroup_block/gen_merged_slice.i_multifmt_slice/gen_num_lanes[0].active_lane.lane_instance.i_fpnew_cast_multi/mem_q[7][sbe][result][60]_i_105_n_0
                         CARRY4 (Prop_carry4_S[1]_CO[3])
                                                      0.444    14.674 r  i_ariane/i_cva6/ex_stage_i/fpu_gen.fpu_i/fpu_gen.i_fpnew_bulk/gen_operation_groups[3].i_opgroup_block/gen_merged_slice.i_multifmt_slice/gen_num_lanes[0].active_lane.lane_instance.i_fpnew_cast_multi/mem_q_reg[7][sbe][result][60]_i_51/CO[3]
                         net (fo=1, unplaced)         0.000    14.674    i_ariane/i_cva6/ex_stage_i/fpu_gen.fpu_i/fpu_gen.i_fpnew_bulk/gen_operation_groups[3].i_opgroup_block/gen_merged_slice.i_multifmt_slice/gen_num_lanes[0].active_lane.lane_instance.i_fpnew_cast_multi/mem_q_reg[7][sbe][result][60]_i_51_n_0
                         CARRY4 (Prop_carry4_CI_O[1])
                                                      0.269    14.943 f  i_ariane/i_cva6/ex_stage_i/fpu_gen.fpu_i/fpu_gen.i_fpnew_bulk/gen_operation_groups[3].i_opgroup_block/gen_merged_slice.i_multifmt_slice/gen_num_lanes[0].active_lane.lane_instance.i_fpnew_cast_multi/mem_q_reg[7][sbe][result][62]_i_30/O[1]
                         net (fo=2, unplaced)         0.251    15.194    i_ariane/i_cva6/ex_stage_i/fpu_gen.fpu_i/fpu_gen.i_fpnew_bulk/gen_operation_groups[3].i_opgroup_block/gen_merged_slice.i_multifmt_slice/gen_num_lanes[0].active_lane.lane_instance.i_fpnew_cast_multi/rounded_int_res0[62]
                         LUT3 (Prop_lut3_I0_O)        0.245    15.439 f  i_ariane/i_cva6/ex_stage_i/fpu_gen.fpu_i/fpu_gen.i_fpnew_bulk/gen_operation_groups[3].i_opgroup_block/gen_merged_slice.i_multifmt_slice/gen_num_lanes[0].active_lane.lane_instance.i_fpnew_cast_multi/mem_q[7][sbe][ex][cause][0]_i_211/O
                         net (fo=2, unplaced)         0.358    15.797    i_ariane/i_cva6/ex_stage_i/fpu_gen.fpu_i/fpu_gen.i_fpnew_bulk/gen_operation_groups[3].i_opgroup_block/gen_merged_slice.i_multifmt_slice/gen_num_lanes[0].active_lane.lane_instance.i_fpnew_cast_multi/mem_q[7][sbe][ex][cause][0]_i_211_n_0
                         LUT5 (Prop_lut5_I1_O)        0.105    15.902 r  i_ariane/i_cva6/ex_stage_i/fpu_gen.fpu_i/fpu_gen.i_fpnew_bulk/gen_operation_groups[3].i_opgroup_block/gen_merged_slice.i_multifmt_slice/gen_num_lanes[0].active_lane.lane_instance.i_fpnew_cast_multi/mem_q[7][sbe][ex][cause][4]_i_80/O
                         net (fo=1, unplaced)         0.000    15.902    i_ariane/i_cva6/ex_stage_i/fpu_gen.fpu_i/fpu_gen.i_fpnew_bulk/gen_operation_groups[3].i_opgroup_block/gen_merged_slice.i_multifmt_slice/gen_num_lanes[0].active_lane.lane_instance.i_fpnew_cast_multi/mem_q[7][sbe][ex][cause][4]_i_80_n_0
                         MUXF7 (Prop_muxf7_I1_O)      0.206    16.108 r  i_ariane/i_cva6/ex_stage_i/fpu_gen.fpu_i/fpu_gen.i_fpnew_bulk/gen_operation_groups[3].i_opgroup_block/gen_merged_slice.i_multifmt_slice/gen_num_lanes[0].active_lane.lane_instance.i_fpnew_cast_multi/mem_q_reg[7][sbe][ex][cause][4]_i_52/O
                         net (fo=1, unplaced)         0.349    16.457    i_ariane/i_cva6/ex_stage_i/fpu_gen.fpu_i/fpu_gen.i_fpnew_bulk/gen_operation_groups[3].i_opgroup_block/gen_merged_slice.i_multifmt_slice/gen_num_lanes[0].active_lane.lane_instance.i_fpnew_cast_multi/mem_q_reg[7][sbe][ex][cause][4]_i_52_n_0
                         LUT6 (Prop_lut6_I0_O)        0.242    16.699 r  i_ariane/i_cva6/ex_stage_i/fpu_gen.fpu_i/fpu_gen.i_fpnew_bulk/gen_operation_groups[3].i_opgroup_block/gen_merged_slice.i_multifmt_slice/gen_num_lanes[0].active_lane.lane_instance.i_fpnew_cast_multi/mem_q[7][sbe][ex][cause][4]_i_36/O
                         net (fo=1, unplaced)         0.347    17.046    i_ariane/i_cva6/ex_stage_i/fpu_gen.fpu_i/fpu_gen.i_fpnew_bulk/gen_operation_groups[3].i_opgroup_block/gen_merged_slice.i_multifmt_slice/gen_num_lanes[0].active_lane.lane_instance.i_fpnew_cast_multi/of_after_round
                         LUT6 (Prop_lut6_I5_O)        0.105    17.151 r  i_ariane/i_cva6/ex_stage_i/fpu_gen.fpu_i/fpu_gen.i_fpnew_bulk/gen_operation_groups[3].i_opgroup_block/gen_merged_slice.i_multifmt_slice/gen_num_lanes[0].active_lane.lane_instance.i_fpnew_cast_multi/mem_q[7][sbe][ex][cause][4]_i_28/O
                         net (fo=3, unplaced)         0.365    17.516    i_ariane/i_cva6/ex_stage_i/fpu_gen.fpu_i/fpu_gen.i_fpnew_bulk/gen_operation_groups[3].i_opgroup_block/gen_merged_slice.i_multifmt_slice/gen_num_lanes[0].active_lane.lane_instance.i_fpnew_cast_multi/int_regular_status[NV]
                         LUT6 (Prop_lut6_I0_O)        0.105    17.621 r  i_ariane/i_cva6/ex_stage_i/fpu_gen.fpu_i/fpu_gen.i_fpnew_bulk/gen_operation_groups[3].i_opgroup_block/gen_merged_slice.i_multifmt_slice/gen_num_lanes[0].active_lane.lane_instance.i_fpnew_cast_multi/mem_q[7][sbe][ex][cause][0]_i_9/O
                         net (fo=66, unplaced)        0.436    18.057    i_ariane/i_cva6/ex_stage_i/fpu_gen.fpu_i/fpu_gen.i_fpnew_bulk/gen_operation_groups[3].i_opgroup_block/gen_merged_slice.i_multifmt_slice/gen_num_lanes[0].active_lane.lane_instance.i_fpnew_cast_multi/int_result_is_special
                         LUT6 (Prop_lut6_I4_O)        0.105    18.162 r  i_ariane/i_cva6/ex_stage_i/fpu_gen.fpu_i/fpu_gen.i_fpnew_bulk/gen_operation_groups[3].i_opgroup_block/gen_merged_slice.i_multifmt_slice/gen_num_lanes[0].active_lane.lane_instance.i_fpnew_cast_multi/mem_q[7][sbe][result][63]_i_32/O
                         net (fo=2, unplaced)         0.358    18.520    i_ariane/i_cva6/ex_stage_i/fpu_gen.fpu_i/fpu_gen.i_fpnew_bulk/gen_operation_groups[3].i_opgroup_block/gen_merged_slice.i_multifmt_slice/gen_num_lanes[0].active_lane.lane_instance.i_fpnew_cast_multi/int_result[63]
                         LUT2 (Prop_lut2_I0_O)        0.105    18.625 r  i_ariane/i_cva6/ex_stage_i/fpu_gen.fpu_i/fpu_gen.i_fpnew_bulk/gen_operation_groups[3].i_opgroup_block/gen_merged_slice.i_multifmt_slice/gen_num_lanes[0].active_lane.lane_instance.i_fpnew_cast_multi/mem_q[7][sbe][result][50]_i_13/O
                         net (fo=21, unplaced)        0.408    19.033    i_ariane/i_cva6/ex_stage_i/fpu_gen.fpu_i/fpu_gen.i_fpnew_bulk/gen_operation_groups[3].i_opgroup_block/gen_merged_slice.i_multifmt_slice/gen_num_lanes[0].active_lane.lane_instance.i_fpnew_cast_multi/mem_q[7][sbe][result][50]_i_13_n_0
                         LUT5 (Prop_lut5_I0_O)        0.105    19.138 r  i_ariane/i_cva6/ex_stage_i/fpu_gen.fpu_i/fpu_gen.i_fpnew_bulk/gen_operation_groups[3].i_opgroup_block/gen_merged_slice.i_multifmt_slice/gen_num_lanes[0].active_lane.lane_instance.i_fpnew_cast_multi/mem_q[7][sbe][result][50]_i_5/O
                         net (fo=40, unplaced)        0.424    19.562    i_ariane/i_cva6/ex_stage_i/fpu_gen.fpu_i/fpu_gen.i_fpnew_bulk/gen_operation_groups[3].i_opgroup_block/gen_merged_slice.i_multifmt_slice/gen_num_lanes[0].active_lane.lane_instance.i_fpnew_cast_multi/mem_q[7][sbe][result][50]_i_5_n_0
                         LUT6 (Prop_lut6_I5_O)        0.105    19.667 r  i_ariane/i_cva6/ex_stage_i/fpu_gen.fpu_i/fpu_gen.i_fpnew_bulk/gen_operation_groups[3].i_opgroup_block/gen_merged_slice.i_multifmt_slice/gen_num_lanes[0].active_lane.lane_instance.i_fpnew_cast_multi/mem_q[7][sbe][result][63]_i_15/O
                         net (fo=1, unplaced)         0.347    20.014    i_ariane/i_cva6/ex_stage_i/fpu_gen.fpu_i/fpu_gen.i_fpnew_bulk/gen_operation_groups[2].i_opgroup_block/gen_parallel_slices[0].active_format.i_fmt_slice/gen_num_lanes[0].active_lane.lane_instance.i_noncomp/opgrp_outputs[3][result][0]
                         LUT6 (Prop_lut6_I0_O)        0.105    20.119 r  i_ariane/i_cva6/ex_stage_i/fpu_gen.fpu_i/fpu_gen.i_fpnew_bulk/gen_operation_groups[2].i_opgroup_block/gen_parallel_slices[0].active_format.i_fmt_slice/gen_num_lanes[0].active_lane.lane_instance.i_noncomp/mem_q[7][sbe][result][63]_i_8/O
                         net (fo=1, unplaced)         0.000    20.119    i_ariane/i_cva6/ex_stage_i/fpu_gen.fpu_i/fpu_gen.i_fpnew_bulk/gen_operation_groups[0].i_opgroup_block/gen_parallel_slices[0].active_format.i_fmt_slice/gen_num_lanes[0].active_lane.lane_instance.i_fma/gen_arbiter.data_nodes[2][result][44]
                         MUXF7 (Prop_muxf7_I1_O)      0.206    20.325 r  i_ariane/i_cva6/ex_stage_i/fpu_gen.fpu_i/fpu_gen.i_fpnew_bulk/gen_operation_groups[0].i_opgroup_block/gen_parallel_slices[0].active_format.i_fmt_slice/gen_num_lanes[0].active_lane.lane_instance.i_fma/mem_q_reg[7][sbe][result][63]_i_4/O
                         net (fo=14, unplaced)        0.400    20.725    i_ariane/i_cva6/ex_stage_i/fpu_gen.fpu_i/fpu_gen.i_fpnew_bulk/gen_operation_groups[0].i_opgroup_block/gen_parallel_slices[0].active_format.i_fmt_slice/gen_num_lanes[0].active_lane.lane_instance.i_fma/gen_arbiter.gen_int_rr.rr_q_reg[1]_4
                         LUT2 (Prop_lut2_I0_O)        0.242    20.967 f  i_ariane/i_cva6/ex_stage_i/fpu_gen.fpu_i/fpu_gen.i_fpnew_bulk/gen_operation_groups[0].i_opgroup_block/gen_parallel_slices[0].active_format.i_fmt_slice/gen_num_lanes[0].active_lane.lane_instance.i_fma/fu_data_q[0][operand_a][63]_i_54/O
                         net (fo=3, unplaced)         0.365    21.332    i_ariane/i_cva6/ex_stage_i/fpu_gen.fpu_i/fpu_gen.i_fpnew_bulk/gen_operation_groups[3].i_opgroup_block/gen_merged_slice.i_multifmt_slice/gen_num_lanes[0].active_lane.lane_instance.i_fpnew_cast_multi/fu_data_q[0][imm][63]_i_10
                         LUT6 (Prop_lut6_I5_O)        0.105    21.437 f  i_ariane/i_cva6/ex_stage_i/fpu_gen.fpu_i/fpu_gen.i_fpnew_bulk/gen_operation_groups[3].i_opgroup_block/gen_merged_slice.i_multifmt_slice/gen_num_lanes[0].active_lane.lane_instance.i_fpnew_cast_multi/fu_data_q[0][operand_a][63]_i_24/O
                         net (fo=3, unplaced)         0.365    21.802    i_ariane/i_cva6/ex_stage_i/fpu_gen.fpu_i/fpu_gen.i_fpnew_bulk/gen_operation_groups[0].i_opgroup_block/gen_parallel_slices[0].active_format.i_fmt_slice/gen_num_lanes[0].active_lane.lane_instance.i_fma/fu_data_q_reg[0][operand_b][63]_i_5_0
                         LUT6 (Prop_lut6_I3_O)        0.105    21.907 f  i_ariane/i_cva6/ex_stage_i/fpu_gen.fpu_i/fpu_gen.i_fpnew_bulk/gen_operation_groups[0].i_opgroup_block/gen_parallel_slices[0].active_format.i_fmt_slice/gen_num_lanes[0].active_lane.lane_instance.i_fma/fu_data_q[0][operand_a][63]_i_7/O
                         net (fo=1, unplaced)         0.000    21.907    i_ariane/i_cva6/ex_stage_i/fpu_gen.fpu_i/fpu_gen.i_fpnew_bulk/gen_operation_groups[3].i_opgroup_block/gen_merged_slice.i_multifmt_slice/gen_num_lanes[0].active_lane.lane_instance.i_fpnew_cast_multi/fu_data_q_reg[0][operand_a][63]_0
                         MUXF7 (Prop_muxf7_I1_O)      0.206    22.113 f  i_ariane/i_cva6/ex_stage_i/fpu_gen.fpu_i/fpu_gen.i_fpnew_bulk/gen_operation_groups[3].i_opgroup_block/gen_merged_slice.i_multifmt_slice/gen_num_lanes[0].active_lane.lane_instance.i_fpnew_cast_multi/fu_data_q_reg[0][operand_a][63]_i_2/O
                         net (fo=1, unplaced)         0.349    22.462    i_ariane/i_cva6/id_stage_i/fu_data_q_reg[0][operand_a][63]
                         LUT6 (Prop_lut6_I0_O)        0.242    22.704 r  i_ariane/i_cva6/id_stage_i/fu_data_q[0][operand_a][63]_i_1/O
                         net (fo=2, unplaced)         0.000    22.704    i_ariane/i_cva6/ex_stage_i/vaddr_to_be_flushed_reg[63]_0[63]
                         FDCE                                         r  i_ariane/i_cva6/ex_stage_i/vaddr_to_be_flushed_reg[63]/D
  -------------------------------------------------------------------    -------------------

                         (clock clk_i rise edge)     10.000    10.000 r  
                                                      0.000    10.000 r  clk_i (IN)
                         net (fo=33654, unset)        0.748    10.748    i_ariane/i_cva6/ex_stage_i/clk_i
                         FDCE                                         r  i_ariane/i_cva6/ex_stage_i/vaddr_to_be_flushed_reg[63]/C
                         clock pessimism              0.000    10.748    
                         clock uncertainty           -0.035    10.712    
                         FDCE (Setup_fdce_C_D)        0.043    10.755    i_ariane/i_cva6/ex_stage_i/vaddr_to_be_flushed_reg[63]
  -------------------------------------------------------------------
                         required time                         10.755    
                         arrival time                         -22.704    
  -------------------------------------------------------------------
                         slack                                -11.949    

Slack (VIOLATED) :        -11.949ns  (required time - arrival time)
  Source:                 i_ariane/i_cva6/ex_stage_i/fpu_gen.fpu_i/fpu_gen.i_fpnew_bulk/gen_operation_groups[3].i_opgroup_block/gen_merged_slice.i_multifmt_slice/gen_num_lanes[0].active_lane.lane_instance.i_fpnew_cast_multi/gen_inside_pipeline[0].mid_pipe_dst_fmt_q_reg[1][2]_rep/C
                            (rising edge-triggered cell FDCE clocked by clk_i  {rise@0.000ns fall@5.000ns period=10.000ns})
  Destination:            i_ariane/i_cva6/ex_stage_i/vaddr_to_be_flushed_reg[63]/D
                            (rising edge-triggered cell FDCE clocked by clk_i  {rise@0.000ns fall@5.000ns period=10.000ns})
  Path Group:             clk_i
  Path Type:              Setup (Max at Slow Process Corner)
  Requirement:            10.000ns  (clk_i rise@10.000ns - clk_i rise@0.000ns)
  Data Path Delay:        21.917ns  (logic 8.887ns (40.548%)  route 13.030ns (59.452%))
  Logic Levels:           52  (CARRY4=23 LUT1=1 LUT2=2 LUT3=2 LUT4=1 LUT5=4 LUT6=16 MUXF7=3)
  Clock Path Skew:        -0.039ns (DCD - SCD + CPR)
    Destination Clock Delay (DCD):    0.748ns = ( 10.748 - 10.000 ) 
    Source Clock Delay      (SCD):    0.787ns
    Clock Pessimism Removal (CPR):    0.000ns
  Clock Uncertainty:      0.035ns  ((TSJ^2 + TIJ^2)^1/2 + DJ) / 2 + PE
    Total System Jitter     (TSJ):    0.071ns
    Total Input Jitter      (TIJ):    0.000ns
    Discrete Jitter          (DJ):    0.000ns
    Phase Error              (PE):    0.000ns

    Location             Delay type                Incr(ns)  Path(ns)    Netlist Resource(s)
  -------------------------------------------------------------------    -------------------
                         (clock clk_i rise edge)      0.000     0.000 r  
                                                      0.000     0.000 r  clk_i (IN)
                         net (fo=33654, unset)        0.787     0.787    i_ariane/i_cva6/ex_stage_i/fpu_gen.fpu_i/fpu_gen.i_fpnew_bulk/gen_operation_groups[3].i_opgroup_block/gen_merged_slice.i_multifmt_slice/gen_num_lanes[0].active_lane.lane_instance.i_fpnew_cast_multi/clk_i
                         FDCE                                         r  i_ariane/i_cva6/ex_stage_i/fpu_gen.fpu_i/fpu_gen.i_fpnew_bulk/gen_operation_groups[3].i_opgroup_block/gen_merged_slice.i_multifmt_slice/gen_num_lanes[0].active_lane.lane_instance.i_fpnew_cast_multi/gen_inside_pipeline[0].mid_pipe_dst_fmt_q_reg[1][2]_rep/C
  -------------------------------------------------------------------    -------------------
                         FDCE (Prop_fdce_C_Q)         0.397     1.184 r  i_ariane/i_cva6/ex_stage_i/fpu_gen.fpu_i/fpu_gen.i_fpnew_bulk/gen_operation_groups[3].i_opgroup_block/gen_merged_slice.i_multifmt_slice/gen_num_lanes[0].active_lane.lane_instance.i_fpnew_cast_multi/gen_inside_pipeline[0].mid_pipe_dst_fmt_q_reg[1][2]_rep/Q
                         net (fo=165, unplaced)       0.737     1.921    i_ariane/i_cva6/ex_stage_i/fpu_gen.fpu_i/fpu_gen.i_fpnew_bulk/gen_operation_groups[3].i_opgroup_block/gen_merged_slice.i_multifmt_slice/gen_num_lanes[0].active_lane.lane_instance.i_fpnew_cast_multi/gen_inside_pipeline[0].mid_pipe_dst_fmt_q_reg[1][2]_rep_n_0
                         LUT3 (Prop_lut3_I0_O)        0.232     2.153 r  i_ariane/i_cva6/ex_stage_i/fpu_gen.fpu_i/fpu_gen.i_fpnew_bulk/gen_operation_groups[3].i_opgroup_block/gen_merged_slice.i_multifmt_slice/gen_num_lanes[0].active_lane.lane_instance.i_fpnew_cast_multi/mem_q[7][sbe][result][59]_i_188/O
                         net (fo=1, unplaced)         0.258     2.411    i_ariane/i_cva6/ex_stage_i/fpu_gen.fpu_i/fpu_gen.i_fpnew_bulk/gen_operation_groups[3].i_opgroup_block/gen_merged_slice.i_multifmt_slice/gen_num_lanes[0].active_lane.lane_instance.i_fpnew_cast_multi/preshift_mant3[0]
                         CARRY4 (Prop_carry4_CYINIT_CO[3])
                                                      0.494     2.905 r  i_ariane/i_cva6/ex_stage_i/fpu_gen.fpu_i/fpu_gen.i_fpnew_bulk/gen_operation_groups[3].i_opgroup_block/gen_merged_slice.i_multifmt_slice/gen_num_lanes[0].active_lane.lane_instance.i_fpnew_cast_multi/mem_q_reg[7][sbe][result][59]_i_177/CO[3]
                         net (fo=1, unplaced)         0.000     2.905    i_ariane/i_cva6/ex_stage_i/fpu_gen.fpu_i/fpu_gen.i_fpnew_bulk/gen_operation_groups[3].i_opgroup_block/gen_merged_slice.i_multifmt_slice/gen_num_lanes[0].active_lane.lane_instance.i_fpnew_cast_multi/mem_q_reg[7][sbe][result][59]_i_177_n_0
                         CARRY4 (Prop_carry4_CI_CO[3])
                                                      0.100     3.005 f  i_ariane/i_cva6/ex_stage_i/fpu_gen.fpu_i/fpu_gen.i_fpnew_bulk/gen_operation_groups[3].i_opgroup_block/gen_merged_slice.i_multifmt_slice/gen_num_lanes[0].active_lane.lane_instance.i_fpnew_cast_multi/mem_q_reg[7][sbe][ex][cause][4]_i_139/CO[3]
                         net (fo=1, unplaced)         0.000     3.005    i_ariane/i_cva6/ex_stage_i/fpu_gen.fpu_i/fpu_gen.i_fpnew_bulk/gen_operation_groups[3].i_opgroup_block/gen_merged_slice.i_multifmt_slice/gen_num_lanes[0].active_lane.lane_instance.i_fpnew_cast_multi/mem_q_reg[7][sbe][ex][cause][4]_i_139_n_0
                         CARRY4 (Prop_carry4_CI_O[1])
                                                      0.269     3.274 f  i_ariane/i_cva6/ex_stage_i/fpu_gen.fpu_i/fpu_gen.i_fpnew_bulk/gen_operation_groups[3].i_opgroup_block/gen_merged_slice.i_multifmt_slice/gen_num_lanes[0].active_lane.lane_instance.i_fpnew_cast_multi/mem_q_reg[7][sbe][ex][cause][4]_i_100/O[1]
                         net (fo=3, unplaced)         0.490     3.764    i_ariane/i_cva6/ex_stage_i/fpu_gen.fpu_i/fpu_gen.i_fpnew_bulk/gen_operation_groups[3].i_opgroup_block/gen_merged_slice.i_multifmt_slice/gen_num_lanes[0].active_lane.lane_instance.i_fpnew_cast_multi/mem_q_reg[7][sbe][ex][cause][4]_i_100_n_6
                         LUT4 (Prop_lut4_I1_O)        0.266     4.030 r  i_ariane/i_cva6/ex_stage_i/fpu_gen.fpu_i/fpu_gen.i_fpnew_bulk/gen_operation_groups[3].i_opgroup_block/gen_merged_slice.i_multifmt_slice/gen_num_lanes[0].active_lane.lane_instance.i_fpnew_cast_multi/mem_q[7][sbe][ex][cause][4]_i_94/O
                         net (fo=1, unplaced)         0.000     4.030    i_ariane/i_cva6/ex_stage_i/fpu_gen.fpu_i/fpu_gen.i_fpnew_bulk/gen_operation_groups[3].i_opgroup_block/gen_merged_slice.i_multifmt_slice/gen_num_lanes[0].active_lane.lane_instance.i_fpnew_cast_multi/mem_q[7][sbe][ex][cause][4]_i_94_n_0
                         CARRY4 (Prop_carry4_DI[1]_CO[3])
                                                      0.451     4.481 r  i_ariane/i_cva6/ex_stage_i/fpu_gen.fpu_i/fpu_gen.i_fpnew_bulk/gen_operation_groups[3].i_opgroup_block/gen_merged_slice.i_multifmt_slice/gen_num_lanes[0].active_lane.lane_instance.i_fpnew_cast_multi/mem_q_reg[7][sbe][ex][cause][4]_i_58/CO[3]
                         net (fo=1, unplaced)         0.000     4.481    i_ariane/i_cva6/ex_stage_i/fpu_gen.fpu_i/fpu_gen.i_fpnew_bulk/gen_operation_groups[3].i_opgroup_block/gen_merged_slice.i_multifmt_slice/gen_num_lanes[0].active_lane.lane_instance.i_fpnew_cast_multi/mem_q_reg[7][sbe][ex][cause][4]_i_58_n_0
                         CARRY4 (Prop_carry4_CI_CO[3])
                                                      0.100     4.581 r  i_ariane/i_cva6/ex_stage_i/fpu_gen.fpu_i/fpu_gen.i_fpnew_bulk/gen_operation_groups[3].i_opgroup_block/gen_merged_slice.i_multifmt_slice/gen_num_lanes[0].active_lane.lane_instance.i_fpnew_cast_multi/mem_q_reg[7][sbe][ex][cause][4]_i_40/CO[3]
                         net (fo=1, unplaced)         0.000     4.581    i_ariane/i_cva6/ex_stage_i/fpu_gen.fpu_i/fpu_gen.i_fpnew_bulk/gen_operation_groups[3].i_opgroup_block/gen_merged_slice.i_multifmt_slice/gen_num_lanes[0].active_lane.lane_instance.i_fpnew_cast_multi/mem_q_reg[7][sbe][ex][cause][4]_i_40_n_0
                         CARRY4 (Prop_carry4_CI_CO[3])
                                                      0.100     4.681 f  i_ariane/i_cva6/ex_stage_i/fpu_gen.fpu_i/fpu_gen.i_fpnew_bulk/gen_operation_groups[3].i_opgroup_block/gen_merged_slice.i_multifmt_slice/gen_num_lanes[0].active_lane.lane_instance.i_fpnew_cast_multi/mem_q_reg[7][sbe][ex][cause][4]_i_34/CO[3]
                         net (fo=146, unplaced)       0.719     5.400    i_ariane/i_cva6/ex_stage_i/fpu_gen.fpu_i/fpu_gen.i_fpnew_bulk/gen_operation_groups[3].i_opgroup_block/gen_merged_slice.i_multifmt_slice/gen_num_lanes[0].active_lane.lane_instance.i_fpnew_cast_multi/preshift_mant1
                         LUT5 (Prop_lut5_I2_O)        0.105     5.505 f  i_ariane/i_cva6/ex_stage_i/fpu_gen.fpu_i/fpu_gen.i_fpnew_bulk/gen_operation_groups[3].i_opgroup_block/gen_merged_slice.i_multifmt_slice/gen_num_lanes[0].active_lane.lane_instance.i_fpnew_cast_multi/mem_q[7][sbe][ex][cause][0]_i_331/O
                         net (fo=4, unplaced)         0.802     6.307    i_ariane/i_cva6/ex_stage_i/fpu_gen.fpu_i/fpu_gen.i_fpnew_bulk/gen_operation_groups[3].i_opgroup_block/gen_merged_slice.i_multifmt_slice/gen_num_lanes[0].active_lane.lane_instance.i_fpnew_cast_multi/preshift_mant[90]
                         LUT5 (Prop_lut5_I0_O)        0.105     6.412 f  i_ariane/i_cva6/ex_stage_i/fpu_gen.fpu_i/fpu_gen.i_fpnew_bulk/gen_operation_groups[3].i_opgroup_block/gen_merged_slice.i_multifmt_slice/gen_num_lanes[0].active_lane.lane_instance.i_fpnew_cast_multi/mem_q[7][sbe][ex][cause][0]_i_566/O
                         net (fo=4, unplaced)         0.606     7.018    i_ariane/i_cva6/ex_stage_i/fpu_gen.fpu_i/fpu_gen.i_fpnew_bulk/gen_operation_groups[3].i_opgroup_block/gen_merged_slice.i_multifmt_slice/gen_num_lanes[0].active_lane.lane_instance.i_fpnew_cast_multi/mem_q[7][sbe][ex][cause][0]_i_566_n_0
                         LUT6 (Prop_lut6_I1_O)        0.105     7.123 f  i_ariane/i_cva6/ex_stage_i/fpu_gen.fpu_i/fpu_gen.i_fpnew_bulk/gen_operation_groups[3].i_opgroup_block/gen_merged_slice.i_multifmt_slice/gen_num_lanes[0].active_lane.lane_instance.i_fpnew_cast_multi/mem_q[7][sbe][ex][cause][0]_i_415/O
                         net (fo=4, unplaced)         0.606     7.729    i_ariane/i_cva6/ex_stage_i/fpu_gen.fpu_i/fpu_gen.i_fpnew_bulk/gen_operation_groups[3].i_opgroup_block/gen_merged_slice.i_multifmt_slice/gen_num_lanes[0].active_lane.lane_instance.i_fpnew_cast_multi/mem_q[7][sbe][ex][cause][0]_i_415_n_0
                         LUT6 (Prop_lut6_I1_O)        0.105     7.834 f  i_ariane/i_cva6/ex_stage_i/fpu_gen.fpu_i/fpu_gen.i_fpnew_bulk/gen_operation_groups[3].i_opgroup_block/gen_merged_slice.i_multifmt_slice/gen_num_lanes[0].active_lane.lane_instance.i_fpnew_cast_multi/mem_q[7][sbe][ex][cause][0]_i_179/O
                         net (fo=3, unplaced)         0.796     8.630    i_ariane/i_cva6/ex_stage_i/fpu_gen.fpu_i/fpu_gen.i_fpnew_bulk/gen_operation_groups[3].i_opgroup_block/gen_merged_slice.i_multifmt_slice/gen_num_lanes[0].active_lane.lane_instance.i_fpnew_cast_multi/mem_q[7][sbe][ex][cause][0]_i_179_n_0
                         LUT6 (Prop_lut6_I0_O)        0.105     8.735 f  i_ariane/i_cva6/ex_stage_i/fpu_gen.fpu_i/fpu_gen.i_fpnew_bulk/gen_operation_groups[3].i_opgroup_block/gen_merged_slice.i_multifmt_slice/gen_num_lanes[0].active_lane.lane_instance.i_fpnew_cast_multi/mem_q[7][sbe][ex][cause][0]_i_225/O
                         net (fo=1, unplaced)         0.782     9.517    i_ariane/i_cva6/ex_stage_i/fpu_gen.fpu_i/fpu_gen.i_fpnew_bulk/gen_operation_groups[3].i_opgroup_block/gen_merged_slice.i_multifmt_slice/gen_num_lanes[0].active_lane.lane_instance.i_fpnew_cast_multi/mem_q[7][sbe][ex][cause][0]_i_225_n_0
                         LUT6 (Prop_lut6_I0_O)        0.105     9.622 f  i_ariane/i_cva6/ex_stage_i/fpu_gen.fpu_i/fpu_gen.i_fpnew_bulk/gen_operation_groups[3].i_opgroup_block/gen_merged_slice.i_multifmt_slice/gen_num_lanes[0].active_lane.lane_instance.i_fpnew_cast_multi/mem_q[7][sbe][ex][cause][0]_i_81/O
                         net (fo=1, unplaced)         0.778    10.400    i_ariane/i_cva6/ex_stage_i/fpu_gen.fpu_i/fpu_gen.i_fpnew_bulk/gen_operation_groups[3].i_opgroup_block/gen_merged_slice.i_multifmt_slice/gen_num_lanes[0].active_lane.lane_instance.i_fpnew_cast_multi/mem_q[7][sbe][ex][cause][0]_i_81_n_0
                         LUT6 (Prop_lut6_I1_O)        0.105    10.505 f  i_ariane/i_cva6/ex_stage_i/fpu_gen.fpu_i/fpu_gen.i_fpnew_bulk/gen_operation_groups[3].i_opgroup_block/gen_merged_slice.i_multifmt_slice/gen_num_lanes[0].active_lane.lane_instance.i_fpnew_cast_multi/mem_q[7][sbe][ex][cause][0]_i_25/O
                         net (fo=4, unplaced)         0.606    11.111    i_ariane/i_cva6/ex_stage_i/fpu_gen.fpu_i/fpu_gen.i_fpnew_bulk/gen_operation_groups[3].i_opgroup_block/gen_merged_slice.i_multifmt_slice/gen_num_lanes[0].active_lane.lane_instance.i_fpnew_cast_multi/fp_round_sticky_bits[0]
                         LUT6 (Prop_lut6_I0_O)        0.105    11.216 f  i_ariane/i_cva6/ex_stage_i/fpu_gen.fpu_i/fpu_gen.i_fpnew_bulk/gen_operation_groups[3].i_opgroup_block/gen_merged_slice.i_multifmt_slice/gen_num_lanes[0].active_lane.lane_instance.i_fpnew_cast_multi/mem_q[7][sbe][result][0]_i_174/O
                         net (fo=1, unplaced)         0.347    11.563    i_ariane/i_cva6/ex_stage_i/fpu_gen.fpu_i/fpu_gen.i_fpnew_bulk/gen_operation_groups[3].i_opgroup_block/gen_merged_slice.i_multifmt_slice/gen_num_lanes[0].active_lane.lane_instance.i_fpnew_cast_multi/mem_q[7][sbe][result][0]_i_174_n_0
                         LUT6 (Prop_lut6_I5_O)        0.105    11.668 r  i_ariane/i_cva6/ex_stage_i/fpu_gen.fpu_i/fpu_gen.i_fpnew_bulk/gen_operation_groups[3].i_opgroup_block/gen_merged_slice.i_multifmt_slice/gen_num_lanes[0].active_lane.lane_instance.i_fpnew_cast_multi/mem_q[7][sbe][result][0]_i_114/O
                         net (fo=1, unplaced)         0.000    11.668    i_ariane/i_cva6/ex_stage_i/fpu_gen.fpu_i/fpu_gen.i_fpnew_bulk/gen_operation_groups[3].i_opgroup_block/gen_merged_slice.i_multifmt_slice/gen_num_lanes[0].active_lane.lane_instance.i_fpnew_cast_multi/mem_q[7][sbe][result][0]_i_114_n_0
                         CARRY4 (Prop_carry4_S[0]_CO[3])
                                                      0.423    12.091 r  i_ariane/i_cva6/ex_stage_i/fpu_gen.fpu_i/fpu_gen.i_fpnew_bulk/gen_operation_groups[3].i_opgroup_block/gen_merged_slice.i_multifmt_slice/gen_num_lanes[0].active_lane.lane_instance.i_fpnew_cast_multi/mem_q_reg[7][sbe][result][0]_i_66/CO[3]
                         net (fo=1, unplaced)         0.000    12.091    i_ariane/i_cva6/ex_stage_i/fpu_gen.fpu_i/fpu_gen.i_fpnew_bulk/gen_operation_groups[3].i_opgroup_block/gen_merged_slice.i_multifmt_slice/gen_num_lanes[0].active_lane.lane_instance.i_fpnew_cast_multi/mem_q_reg[7][sbe][result][0]_i_66_n_0
                         CARRY4 (Prop_carry4_CI_CO[3])
                                                      0.100    12.191 r  i_ariane/i_cva6/ex_stage_i/fpu_gen.fpu_i/fpu_gen.i_fpnew_bulk/gen_operation_groups[3].i_opgroup_block/gen_merged_slice.i_multifmt_slice/gen_num_lanes[0].active_lane.lane_instance.i_fpnew_cast_multi/mem_q_reg[7][sbe][result][7]_i_77/CO[3]
                         net (fo=1, unplaced)         0.000    12.191    i_ariane/i_cva6/ex_stage_i/fpu_gen.fpu_i/fpu_gen.i_fpnew_bulk/gen_operation_groups[3].i_opgroup_block/gen_merged_slice.i_multifmt_slice/gen_num_lanes[0].active_lane.lane_instance.i_fpnew_cast_multi/mem_q_reg[7][sbe][result][7]_i_77_n_0
                         CARRY4 (Prop_carry4_CI_CO[3])
                                                      0.100    12.291 r  i_ariane/i_cva6/ex_stage_i/fpu_gen.fpu_i/fpu_gen.i_fpnew_bulk/gen_operation_groups[3].i_opgroup_block/gen_merged_slice.i_multifmt_slice/gen_num_lanes[0].active_lane.lane_instance.i_fpnew_cast_multi/mem_q_reg[7][sbe][result][11]_i_56/CO[3]
                         net (fo=1, unplaced)         0.000    12.291    i_ariane/i_cva6/ex_stage_i/fpu_gen.fpu_i/fpu_gen.i_fpnew_bulk/gen_operation_groups[3].i_opgroup_block/gen_merged_slice.i_multifmt_slice/gen_num_lanes[0].active_lane.lane_instance.i_fpnew_cast_multi/mem_q_reg[7][sbe][result][11]_i_56_n_0
                         CARRY4 (Prop_carry4_CI_CO[3])
                                                      0.100    12.391 r  i_ariane/i_cva6/ex_stage_i/fpu_gen.fpu_i/fpu_gen.i_fpnew_bulk/gen_operation_groups[3].i_opgroup_block/gen_merged_slice.i_multifmt_slice/gen_num_lanes[0].active_lane.lane_instance.i_fpnew_cast_multi/mem_q_reg[7][sbe][result][15]_i_77/CO[3]
                         net (fo=1, unplaced)         0.000    12.391    i_ariane/i_cva6/ex_stage_i/fpu_gen.fpu_i/fpu_gen.i_fpnew_bulk/gen_operation_groups[3].i_opgroup_block/gen_merged_slice.i_multifmt_slice/gen_num_lanes[0].active_lane.lane_instance.i_fpnew_cast_multi/mem_q_reg[7][sbe][result][15]_i_77_n_0
                         CARRY4 (Prop_carry4_CI_CO[3])
                                                      0.100    12.491 r  i_ariane/i_cva6/ex_stage_i/fpu_gen.fpu_i/fpu_gen.i_fpnew_bulk/gen_operation_groups[3].i_opgroup_block/gen_merged_slice.i_multifmt_slice/gen_num_lanes[0].active_lane.lane_instance.i_fpnew_cast_multi/mem_q_reg[7][sbe][result][19]_i_57/CO[3]
                         net (fo=1, unplaced)         0.000    12.491    i_ariane/i_cva6/ex_stage_i/fpu_gen.fpu_i/fpu_gen.i_fpnew_bulk/gen_operation_groups[3].i_opgroup_block/gen_merged_slice.i_multifmt_slice/gen_num_lanes[0].active_lane.lane_instance.i_fpnew_cast_multi/mem_q_reg[7][sbe][result][19]_i_57_n_0
                         CARRY4 (Prop_carry4_CI_CO[3])
                                                      0.100    12.591 f  i_ariane/i_cva6/ex_stage_i/fpu_gen.fpu_i/fpu_gen.i_fpnew_bulk/gen_operation_groups[3].i_opgroup_block/gen_merged_slice.i_multifmt_slice/gen_num_lanes[0].active_lane.lane_instance.i_fpnew_cast_multi/mem_q_reg[7][sbe][result][23]_i_77/CO[3]
                         net (fo=1, unplaced)         0.000    12.591    i_ariane/i_cva6/ex_stage_i/fpu_gen.fpu_i/fpu_gen.i_fpnew_bulk/gen_operation_groups[3].i_opgroup_block/gen_merged_slice.i_multifmt_slice/gen_num_lanes[0].active_lane.lane_instance.i_fpnew_cast_multi/mem_q_reg[7][sbe][result][23]_i_77_n_0
                         CARRY4 (Prop_carry4_CI_CO[3])
                                                      0.100    12.691 r  i_ariane/i_cva6/ex_stage_i/fpu_gen.fpu_i/fpu_gen.i_fpnew_bulk/gen_operation_groups[3].i_opgroup_block/gen_merged_slice.i_multifmt_slice/gen_num_lanes[0].active_lane.lane_instance.i_fpnew_cast_multi/mem_q_reg[7][sbe][ex][cause][1]_i_27/CO[3]
                         net (fo=1, unplaced)         0.000    12.691    i_ariane/i_cva6/ex_stage_i/fpu_gen.fpu_i/fpu_gen.i_fpnew_bulk/gen_operation_groups[3].i_opgroup_block/gen_merged_slice.i_multifmt_slice/gen_num_lanes[0].active_lane.lane_instance.i_fpnew_cast_multi/mem_q_reg[7][sbe][ex][cause][1]_i_27_n_0
                         CARRY4 (Prop_carry4_CI_CO[3])
                                                      0.100    12.791 r  i_ariane/i_cva6/ex_stage_i/fpu_gen.fpu_i/fpu_gen.i_fpnew_bulk/gen_operation_groups[3].i_opgroup_block/gen_merged_slice.i_multifmt_slice/gen_num_lanes[0].active_lane.lane_instance.i_fpnew_cast_multi/mem_q_reg[7][sbe][result][35]_i_47/CO[3]
                         net (fo=1, unplaced)         0.000    12.791    i_ariane/i_cva6/ex_stage_i/fpu_gen.fpu_i/fpu_gen.i_fpnew_bulk/gen_operation_groups[3].i_opgroup_block/gen_merged_slice.i_multifmt_slice/gen_num_lanes[0].active_lane.lane_instance.i_fpnew_cast_multi/mem_q_reg[7][sbe][result][35]_i_47_n_0
                         CARRY4 (Prop_carry4_CI_CO[3])
                                                      0.100    12.891 r  i_ariane/i_cva6/ex_stage_i/fpu_gen.fpu_i/fpu_gen.i_fpnew_bulk/gen_operation_groups[3].i_opgroup_block/gen_merged_slice.i_multifmt_slice/gen_num_lanes[0].active_lane.lane_instance.i_fpnew_cast_multi/mem_q_reg[7][sbe][result][35]_i_27/CO[3]
                         net (fo=1, unplaced)         0.000    12.891    i_ariane/i_cva6/ex_stage_i/fpu_gen.fpu_i/fpu_gen.i_fpnew_bulk/gen_operation_groups[3].i_opgroup_block/gen_merged_slice.i_multifmt_slice/gen_num_lanes[0].active_lane.lane_instance.i_fpnew_cast_multi/mem_q_reg[7][sbe][result][35]_i_27_n_0
                         CARRY4 (Prop_carry4_CI_CO[3])
                                                      0.100    12.991 r  i_ariane/i_cva6/ex_stage_i/fpu_gen.fpu_i/fpu_gen.i_fpnew_bulk/gen_operation_groups[3].i_opgroup_block/gen_merged_slice.i_multifmt_slice/gen_num_lanes[0].active_lane.lane_instance.i_fpnew_cast_multi/mem_q_reg[7][sbe][result][39]_i_16/CO[3]
                         net (fo=1, unplaced)         0.000    12.991    i_ariane/i_cva6/ex_stage_i/fpu_gen.fpu_i/fpu_gen.i_fpnew_bulk/gen_operation_groups[3].i_opgroup_block/gen_merged_slice.i_multifmt_slice/gen_num_lanes[0].active_lane.lane_instance.i_fpnew_cast_multi/mem_q_reg[7][sbe][result][39]_i_16_n_0
                         CARRY4 (Prop_carry4_CI_CO[3])
                                                      0.100    13.091 r  i_ariane/i_cva6/ex_stage_i/fpu_gen.fpu_i/fpu_gen.i_fpnew_bulk/gen_operation_groups[3].i_opgroup_block/gen_merged_slice.i_multifmt_slice/gen_num_lanes[0].active_lane.lane_instance.i_fpnew_cast_multi/mem_q_reg[7][sbe][result][43]_i_18/CO[3]
                         net (fo=1, unplaced)         0.000    13.091    i_ariane/i_cva6/ex_stage_i/fpu_gen.fpu_i/fpu_gen.i_fpnew_bulk/gen_operation_groups[3].i_opgroup_block/gen_merged_slice.i_multifmt_slice/gen_num_lanes[0].active_lane.lane_instance.i_fpnew_cast_multi/mem_q_reg[7][sbe][result][43]_i_18_n_0
                         CARRY4 (Prop_carry4_CI_CO[3])
                                                      0.100    13.191 r  i_ariane/i_cva6/ex_stage_i/fpu_gen.fpu_i/fpu_gen.i_fpnew_bulk/gen_operation_groups[3].i_opgroup_block/gen_merged_slice.i_multifmt_slice/gen_num_lanes[0].active_lane.lane_instance.i_fpnew_cast_multi/mem_q_reg[7][sbe][result][47]_i_21/CO[3]
                         net (fo=1, unplaced)         0.000    13.191    i_ariane/i_cva6/ex_stage_i/fpu_gen.fpu_i/fpu_gen.i_fpnew_bulk/gen_operation_groups[3].i_opgroup_block/gen_merged_slice.i_multifmt_slice/gen_num_lanes[0].active_lane.lane_instance.i_fpnew_cast_multi/mem_q_reg[7][sbe][result][47]_i_21_n_0
                         CARRY4 (Prop_carry4_CI_CO[3])
                                                      0.100    13.291 r  i_ariane/i_cva6/ex_stage_i/fpu_gen.fpu_i/fpu_gen.i_fpnew_bulk/gen_operation_groups[3].i_opgroup_block/gen_merged_slice.i_multifmt_slice/gen_num_lanes[0].active_lane.lane_instance.i_fpnew_cast_multi/mem_q_reg[7][sbe][result][50]_i_20/CO[3]
                         net (fo=1, unplaced)         0.000    13.291    i_ariane/i_cva6/ex_stage_i/fpu_gen.fpu_i/fpu_gen.i_fpnew_bulk/gen_operation_groups[3].i_opgroup_block/gen_merged_slice.i_multifmt_slice/gen_num_lanes[0].active_lane.lane_instance.i_fpnew_cast_multi/mem_q_reg[7][sbe][result][50]_i_20_n_0
                         CARRY4 (Prop_carry4_CI_CO[3])
                                                      0.100    13.391 r  i_ariane/i_cva6/ex_stage_i/fpu_gen.fpu_i/fpu_gen.i_fpnew_bulk/gen_operation_groups[3].i_opgroup_block/gen_merged_slice.i_multifmt_slice/gen_num_lanes[0].active_lane.lane_instance.i_fpnew_cast_multi/mem_q_reg[7][sbe][result][55]_i_25/CO[3]
                         net (fo=1, unplaced)         0.000    13.391    i_ariane/i_cva6/ex_stage_i/fpu_gen.fpu_i/fpu_gen.i_fpnew_bulk/gen_operation_groups[3].i_opgroup_block/gen_merged_slice.i_multifmt_slice/gen_num_lanes[0].active_lane.lane_instance.i_fpnew_cast_multi/mem_q_reg[7][sbe][result][55]_i_25_n_0
                         CARRY4 (Prop_carry4_CI_O[2])
                                                      0.214    13.605 f  i_ariane/i_cva6/ex_stage_i/fpu_gen.fpu_i/fpu_gen.i_fpnew_bulk/gen_operation_groups[3].i_opgroup_block/gen_merged_slice.i_multifmt_slice/gen_num_lanes[0].active_lane.lane_instance.i_fpnew_cast_multi/mem_q_reg[7][sbe][result][59]_i_28/O[2]
                         net (fo=6, unplaced)         0.381    13.986    i_ariane/i_cva6/ex_stage_i/fpu_gen.fpu_i/fpu_gen.i_fpnew_bulk/gen_operation_groups[3].i_opgroup_block/gen_merged_slice.i_multifmt_slice/gen_num_lanes[0].active_lane.lane_instance.i_fpnew_cast_multi/rounded_abs[58]
                         LUT1 (Prop_lut1_I0_O)        0.244    14.230 r  i_ariane/i_cva6/ex_stage_i/fpu_gen.fpu_i/fpu_gen.i_fpnew_bulk/gen_operation_groups[3].i_opgroup_block/gen_merged_slice.i_multifmt_slice/gen_num_lanes[0].active_lane.lane_instance.i_fpnew_cast_multi/mem_q[7][sbe][result][60]_i_105/O
                         net (fo=1, unplaced)         0.000    14.230    i_ariane/i_cva6/ex_stage_i/fpu_gen.fpu_i/fpu_gen.i_fpnew_bulk/gen_operation_groups[3].i_opgroup_block/gen_merged_slice.i_multifmt_slice/gen_num_lanes[0].active_lane.lane_instance.i_fpnew_cast_multi/mem_q[7][sbe][result][60]_i_105_n_0
                         CARRY4 (Prop_carry4_S[1]_CO[3])
                                                      0.444    14.674 r  i_ariane/i_cva6/ex_stage_i/fpu_gen.fpu_i/fpu_gen.i_fpnew_bulk/gen_operation_groups[3].i_opgroup_block/gen_merged_slice.i_multifmt_slice/gen_num_lanes[0].active_lane.lane_instance.i_fpnew_cast_multi/mem_q_reg[7][sbe][result][60]_i_51/CO[3]
                         net (fo=1, unplaced)         0.000    14.674    i_ariane/i_cva6/ex_stage_i/fpu_gen.fpu_i/fpu_gen.i_fpnew_bulk/gen_operation_groups[3].i_opgroup_block/gen_merged_slice.i_multifmt_slice/gen_num_lanes[0].active_lane.lane_instance.i_fpnew_cast_multi/mem_q_reg[7][sbe][result][60]_i_51_n_0
                         CARRY4 (Prop_carry4_CI_O[1])
                                                      0.269    14.943 f  i_ariane/i_cva6/ex_stage_i/fpu_gen.fpu_i/fpu_gen.i_fpnew_bulk/gen_operation_groups[3].i_opgroup_block/gen_merged_slice.i_multifmt_slice/gen_num_lanes[0].active_lane.lane_instance.i_fpnew_cast_multi/mem_q_reg[7][sbe][result][62]_i_30/O[1]
                         net (fo=2, unplaced)         0.251    15.194    i_ariane/i_cva6/ex_stage_i/fpu_gen.fpu_i/fpu_gen.i_fpnew_bulk/gen_operation_groups[3].i_opgroup_block/gen_merged_slice.i_multifmt_slice/gen_num_lanes[0].active_lane.lane_instance.i_fpnew_cast_multi/rounded_int_res0[62]
                         LUT3 (Prop_lut3_I0_O)        0.245    15.439 f  i_ariane/i_cva6/ex_stage_i/fpu_gen.fpu_i/fpu_gen.i_fpnew_bulk/gen_operation_groups[3].i_opgroup_block/gen_merged_slice.i_multifmt_slice/gen_num_lanes[0].active_lane.lane_instance.i_fpnew_cast_multi/mem_q[7][sbe][ex][cause][0]_i_211/O
                         net (fo=2, unplaced)         0.358    15.797    i_ariane/i_cva6/ex_stage_i/fpu_gen.fpu_i/fpu_gen.i_fpnew_bulk/gen_operation_groups[3].i_opgroup_block/gen_merged_slice.i_multifmt_slice/gen_num_lanes[0].active_lane.lane_instance.i_fpnew_cast_multi/mem_q[7][sbe][ex][cause][0]_i_211_n_0
                         LUT5 (Prop_lut5_I1_O)        0.105    15.902 r  i_ariane/i_cva6/ex_stage_i/fpu_gen.fpu_i/fpu_gen.i_fpnew_bulk/gen_operation_groups[3].i_opgroup_block/gen_merged_slice.i_multifmt_slice/gen_num_lanes[0].active_lane.lane_instance.i_fpnew_cast_multi/mem_q[7][sbe][ex][cause][4]_i_80/O
                         net (fo=1, unplaced)         0.000    15.902    i_ariane/i_cva6/ex_stage_i/fpu_gen.fpu_i/fpu_gen.i_fpnew_bulk/gen_operation_groups[3].i_opgroup_block/gen_merged_slice.i_multifmt_slice/gen_num_lanes[0].active_lane.lane_instance.i_fpnew_cast_multi/mem_q[7][sbe][ex][cause][4]_i_80_n_0
                         MUXF7 (Prop_muxf7_I1_O)      0.206    16.108 r  i_ariane/i_cva6/ex_stage_i/fpu_gen.fpu_i/fpu_gen.i_fpnew_bulk/gen_operation_groups[3].i_opgroup_block/gen_merged_slice.i_multifmt_slice/gen_num_lanes[0].active_lane.lane_instance.i_fpnew_cast_multi/mem_q_reg[7][sbe][ex][cause][4]_i_52/O
                         net (fo=1, unplaced)         0.349    16.457    i_ariane/i_cva6/ex_stage_i/fpu_gen.fpu_i/fpu_gen.i_fpnew_bulk/gen_operation_groups[3].i_opgroup_block/gen_merged_slice.i_multifmt_slice/gen_num_lanes[0].active_lane.lane_instance.i_fpnew_cast_multi/mem_q_reg[7][sbe][ex][cause][4]_i_52_n_0
                         LUT6 (Prop_lut6_I0_O)        0.242    16.699 r  i_ariane/i_cva6/ex_stage_i/fpu_gen.fpu_i/fpu_gen.i_fpnew_bulk/gen_operation_groups[3].i_opgroup_block/gen_merged_slice.i_multifmt_slice/gen_num_lanes[0].active_lane.lane_instance.i_fpnew_cast_multi/mem_q[7][sbe][ex][cause][4]_i_36/O
                         net (fo=1, unplaced)         0.347    17.046    i_ariane/i_cva6/ex_stage_i/fpu_gen.fpu_i/fpu_gen.i_fpnew_bulk/gen_operation_groups[3].i_opgroup_block/gen_merged_slice.i_multifmt_slice/gen_num_lanes[0].active_lane.lane_instance.i_fpnew_cast_multi/of_after_round
                         LUT6 (Prop_lut6_I5_O)        0.105    17.151 r  i_ariane/i_cva6/ex_stage_i/fpu_gen.fpu_i/fpu_gen.i_fpnew_bulk/gen_operation_groups[3].i_opgroup_block/gen_merged_slice.i_multifmt_slice/gen_num_lanes[0].active_lane.lane_instance.i_fpnew_cast_multi/mem_q[7][sbe][ex][cause][4]_i_28/O
                         net (fo=3, unplaced)         0.365    17.516    i_ariane/i_cva6/ex_stage_i/fpu_gen.fpu_i/fpu_gen.i_fpnew_bulk/gen_operation_groups[3].i_opgroup_block/gen_merged_slice.i_multifmt_slice/gen_num_lanes[0].active_lane.lane_instance.i_fpnew_cast_multi/int_regular_status[NV]
                         LUT6 (Prop_lut6_I0_O)        0.105    17.621 r  i_ariane/i_cva6/ex_stage_i/fpu_gen.fpu_i/fpu_gen.i_fpnew_bulk/gen_operation_groups[3].i_opgroup_block/gen_merged_slice.i_multifmt_slice/gen_num_lanes[0].active_lane.lane_instance.i_fpnew_cast_multi/mem_q[7][sbe][ex][cause][0]_i_9/O
                         net (fo=66, unplaced)        0.436    18.057    i_ariane/i_cva6/ex_stage_i/fpu_gen.fpu_i/fpu_gen.i_fpnew_bulk/gen_operation_groups[3].i_opgroup_block/gen_merged_slice.i_multifmt_slice/gen_num_lanes[0].active_lane.lane_instance.i_fpnew_cast_multi/int_result_is_special
                         LUT6 (Prop_lut6_I4_O)        0.105    18.162 r  i_ariane/i_cva6/ex_stage_i/fpu_gen.fpu_i/fpu_gen.i_fpnew_bulk/gen_operation_groups[3].i_opgroup_block/gen_merged_slice.i_multifmt_slice/gen_num_lanes[0].active_lane.lane_instance.i_fpnew_cast_multi/mem_q[7][sbe][result][63]_i_32/O
                         net (fo=2, unplaced)         0.358    18.520    i_ariane/i_cva6/ex_stage_i/fpu_gen.fpu_i/fpu_gen.i_fpnew_bulk/gen_operation_groups[3].i_opgroup_block/gen_merged_slice.i_multifmt_slice/gen_num_lanes[0].active_lane.lane_instance.i_fpnew_cast_multi/int_result[63]
                         LUT2 (Prop_lut2_I0_O)        0.105    18.625 r  i_ariane/i_cva6/ex_stage_i/fpu_gen.fpu_i/fpu_gen.i_fpnew_bulk/gen_operation_groups[3].i_opgroup_block/gen_merged_slice.i_multifmt_slice/gen_num_lanes[0].active_lane.lane_instance.i_fpnew_cast_multi/mem_q[7][sbe][result][50]_i_13/O
                         net (fo=21, unplaced)        0.408    19.033    i_ariane/i_cva6/ex_stage_i/fpu_gen.fpu_i/fpu_gen.i_fpnew_bulk/gen_operation_groups[3].i_opgroup_block/gen_merged_slice.i_multifmt_slice/gen_num_lanes[0].active_lane.lane_instance.i_fpnew_cast_multi/mem_q[7][sbe][result][50]_i_13_n_0
                         LUT5 (Prop_lut5_I0_O)        0.105    19.138 r  i_ariane/i_cva6/ex_stage_i/fpu_gen.fpu_i/fpu_gen.i_fpnew_bulk/gen_operation_groups[3].i_opgroup_block/gen_merged_slice.i_multifmt_slice/gen_num_lanes[0].active_lane.lane_instance.i_fpnew_cast_multi/mem_q[7][sbe][result][50]_i_5/O
                         net (fo=40, unplaced)        0.424    19.562    i_ariane/i_cva6/ex_stage_i/fpu_gen.fpu_i/fpu_gen.i_fpnew_bulk/gen_operation_groups[3].i_opgroup_block/gen_merged_slice.i_multifmt_slice/gen_num_lanes[0].active_lane.lane_instance.i_fpnew_cast_multi/mem_q[7][sbe][result][50]_i_5_n_0
                         LUT6 (Prop_lut6_I5_O)        0.105    19.667 r  i_ariane/i_cva6/ex_stage_i/fpu_gen.fpu_i/fpu_gen.i_fpnew_bulk/gen_operation_groups[3].i_opgroup_block/gen_merged_slice.i_multifmt_slice/gen_num_lanes[0].active_lane.lane_instance.i_fpnew_cast_multi/mem_q[7][sbe][result][63]_i_15/O
                         net (fo=1, unplaced)         0.347    20.014    i_ariane/i_cva6/ex_stage_i/fpu_gen.fpu_i/fpu_gen.i_fpnew_bulk/gen_operation_groups[2].i_opgroup_block/gen_parallel_slices[0].active_format.i_fmt_slice/gen_num_lanes[0].active_lane.lane_instance.i_noncomp/opgrp_outputs[3][result][0]
                         LUT6 (Prop_lut6_I0_O)        0.105    20.119 r  i_ariane/i_cva6/ex_stage_i/fpu_gen.fpu_i/fpu_gen.i_fpnew_bulk/gen_operation_groups[2].i_opgroup_block/gen_parallel_slices[0].active_format.i_fmt_slice/gen_num_lanes[0].active_lane.lane_instance.i_noncomp/mem_q[7][sbe][result][63]_i_8/O
                         net (fo=1, unplaced)         0.000    20.119    i_ariane/i_cva6/ex_stage_i/fpu_gen.fpu_i/fpu_gen.i_fpnew_bulk/gen_operation_groups[0].i_opgroup_block/gen_parallel_slices[0].active_format.i_fmt_slice/gen_num_lanes[0].active_lane.lane_instance.i_fma/gen_arbiter.data_nodes[2][result][44]
                         MUXF7 (Prop_muxf7_I1_O)      0.206    20.325 r  i_ariane/i_cva6/ex_stage_i/fpu_gen.fpu_i/fpu_gen.i_fpnew_bulk/gen_operation_groups[0].i_opgroup_block/gen_parallel_slices[0].active_format.i_fmt_slice/gen_num_lanes[0].active_lane.lane_instance.i_fma/mem_q_reg[7][sbe][result][63]_i_4/O
                         net (fo=14, unplaced)        0.400    20.725    i_ariane/i_cva6/ex_stage_i/fpu_gen.fpu_i/fpu_gen.i_fpnew_bulk/gen_operation_groups[0].i_opgroup_block/gen_parallel_slices[0].active_format.i_fmt_slice/gen_num_lanes[0].active_lane.lane_instance.i_fma/gen_arbiter.gen_int_rr.rr_q_reg[1]_4
                         LUT2 (Prop_lut2_I0_O)        0.242    20.967 f  i_ariane/i_cva6/ex_stage_i/fpu_gen.fpu_i/fpu_gen.i_fpnew_bulk/gen_operation_groups[0].i_opgroup_block/gen_parallel_slices[0].active_format.i_fmt_slice/gen_num_lanes[0].active_lane.lane_instance.i_fma/fu_data_q[0][operand_a][63]_i_54/O
                         net (fo=3, unplaced)         0.365    21.332    i_ariane/i_cva6/ex_stage_i/fpu_gen.fpu_i/fpu_gen.i_fpnew_bulk/gen_operation_groups[3].i_opgroup_block/gen_merged_slice.i_multifmt_slice/gen_num_lanes[0].active_lane.lane_instance.i_fpnew_cast_multi/fu_data_q[0][imm][63]_i_10
                         LUT6 (Prop_lut6_I5_O)        0.105    21.437 f  i_ariane/i_cva6/ex_stage_i/fpu_gen.fpu_i/fpu_gen.i_fpnew_bulk/gen_operation_groups[3].i_opgroup_block/gen_merged_slice.i_multifmt_slice/gen_num_lanes[0].active_lane.lane_instance.i_fpnew_cast_multi/fu_data_q[0][operand_a][63]_i_24/O
                         net (fo=3, unplaced)         0.365    21.802    i_ariane/i_cva6/ex_stage_i/fpu_gen.fpu_i/fpu_gen.i_fpnew_bulk/gen_operation_groups[0].i_opgroup_block/gen_parallel_slices[0].active_format.i_fmt_slice/gen_num_lanes[0].active_lane.lane_instance.i_fma/fu_data_q_reg[0][operand_b][63]_i_5_0
                         LUT6 (Prop_lut6_I3_O)        0.105    21.907 f  i_ariane/i_cva6/ex_stage_i/fpu_gen.fpu_i/fpu_gen.i_fpnew_bulk/gen_operation_groups[0].i_opgroup_block/gen_parallel_slices[0].active_format.i_fmt_slice/gen_num_lanes[0].active_lane.lane_instance.i_fma/fu_data_q[0][operand_a][63]_i_7/O
                         net (fo=1, unplaced)         0.000    21.907    i_ariane/i_cva6/ex_stage_i/fpu_gen.fpu_i/fpu_gen.i_fpnew_bulk/gen_operation_groups[3].i_opgroup_block/gen_merged_slice.i_multifmt_slice/gen_num_lanes[0].active_lane.lane_instance.i_fpnew_cast_multi/fu_data_q_reg[0][operand_a][63]_0
                         MUXF7 (Prop_muxf7_I1_O)      0.206    22.113 f  i_ariane/i_cva6/ex_stage_i/fpu_gen.fpu_i/fpu_gen.i_fpnew_bulk/gen_operation_groups[3].i_opgroup_block/gen_merged_slice.i_multifmt_slice/gen_num_lanes[0].active_lane.lane_instance.i_fpnew_cast_multi/fu_data_q_reg[0][operand_a][63]_i_2/O
                         net (fo=1, unplaced)         0.349    22.462    i_ariane/i_cva6/id_stage_i/fu_data_q_reg[0][operand_a][63]
                         LUT6 (Prop_lut6_I0_O)        0.242    22.704 r  i_ariane/i_cva6/id_stage_i/fu_data_q[0][operand_a][63]_i_1/O
                         net (fo=2, unplaced)         0.000    22.704    i_ariane/i_cva6/ex_stage_i/vaddr_to_be_flushed_reg[63]_0[63]
                         FDCE                                         r  i_ariane/i_cva6/ex_stage_i/vaddr_to_be_flushed_reg[63]/D
  -------------------------------------------------------------------    -------------------

                         (clock clk_i rise edge)     10.000    10.000 r  
                                                      0.000    10.000 r  clk_i (IN)
                         net (fo=33654, unset)        0.748    10.748    i_ariane/i_cva6/ex_stage_i/clk_i
                         FDCE                                         r  i_ariane/i_cva6/ex_stage_i/vaddr_to_be_flushed_reg[63]/C
                         clock pessimism              0.000    10.748    
                         clock uncertainty           -0.035    10.712    
                         FDCE (Setup_fdce_C_D)        0.043    10.755    i_ariane/i_cva6/ex_stage_i/vaddr_to_be_flushed_reg[63]
  -------------------------------------------------------------------
                         required time                         10.755    
                         arrival time                         -22.704    
  -------------------------------------------------------------------
                         slack                                -11.949    

Slack (VIOLATED) :        -11.949ns  (required time - arrival time)
  Source:                 i_ariane/i_cva6/ex_stage_i/fpu_gen.fpu_i/fpu_gen.i_fpnew_bulk/gen_operation_groups[3].i_opgroup_block/gen_merged_slice.i_multifmt_slice/gen_num_lanes[0].active_lane.lane_instance.i_fpnew_cast_multi/gen_inside_pipeline[0].mid_pipe_dst_fmt_q_reg[1][2]_rep/C
                            (rising edge-triggered cell FDCE clocked by clk_i  {rise@0.000ns fall@5.000ns period=10.000ns})
  Destination:            i_ariane/i_cva6/ex_stage_i/vaddr_to_be_flushed_reg[63]/D
                            (rising edge-triggered cell FDCE clocked by clk_i  {rise@0.000ns fall@5.000ns period=10.000ns})
  Path Group:             clk_i
  Path Type:              Setup (Max at Slow Process Corner)
  Requirement:            10.000ns  (clk_i rise@10.000ns - clk_i rise@0.000ns)
  Data Path Delay:        21.917ns  (logic 8.887ns (40.548%)  route 13.030ns (59.452%))
  Logic Levels:           52  (CARRY4=23 LUT1=1 LUT2=2 LUT3=2 LUT4=1 LUT5=4 LUT6=16 MUXF7=3)
  Clock Path Skew:        -0.039ns (DCD - SCD + CPR)
    Destination Clock Delay (DCD):    0.748ns = ( 10.748 - 10.000 ) 
    Source Clock Delay      (SCD):    0.787ns
    Clock Pessimism Removal (CPR):    0.000ns
  Clock Uncertainty:      0.035ns  ((TSJ^2 + TIJ^2)^1/2 + DJ) / 2 + PE
    Total System Jitter     (TSJ):    0.071ns
    Total Input Jitter      (TIJ):    0.000ns
    Discrete Jitter          (DJ):    0.000ns
    Phase Error              (PE):    0.000ns

    Location             Delay type                Incr(ns)  Path(ns)    Netlist Resource(s)
  -------------------------------------------------------------------    -------------------
                         (clock clk_i rise edge)      0.000     0.000 r  
                                                      0.000     0.000 r  clk_i (IN)
                         net (fo=33654, unset)        0.787     0.787    i_ariane/i_cva6/ex_stage_i/fpu_gen.fpu_i/fpu_gen.i_fpnew_bulk/gen_operation_groups[3].i_opgroup_block/gen_merged_slice.i_multifmt_slice/gen_num_lanes[0].active_lane.lane_instance.i_fpnew_cast_multi/clk_i
                         FDCE                                         r  i_ariane/i_cva6/ex_stage_i/fpu_gen.fpu_i/fpu_gen.i_fpnew_bulk/gen_operation_groups[3].i_opgroup_block/gen_merged_slice.i_multifmt_slice/gen_num_lanes[0].active_lane.lane_instance.i_fpnew_cast_multi/gen_inside_pipeline[0].mid_pipe_dst_fmt_q_reg[1][2]_rep/C
  -------------------------------------------------------------------    -------------------
                         FDCE (Prop_fdce_C_Q)         0.397     1.184 r  i_ariane/i_cva6/ex_stage_i/fpu_gen.fpu_i/fpu_gen.i_fpnew_bulk/gen_operation_groups[3].i_opgroup_block/gen_merged_slice.i_multifmt_slice/gen_num_lanes[0].active_lane.lane_instance.i_fpnew_cast_multi/gen_inside_pipeline[0].mid_pipe_dst_fmt_q_reg[1][2]_rep/Q
                         net (fo=165, unplaced)       0.737     1.921    i_ariane/i_cva6/ex_stage_i/fpu_gen.fpu_i/fpu_gen.i_fpnew_bulk/gen_operation_groups[3].i_opgroup_block/gen_merged_slice.i_multifmt_slice/gen_num_lanes[0].active_lane.lane_instance.i_fpnew_cast_multi/gen_inside_pipeline[0].mid_pipe_dst_fmt_q_reg[1][2]_rep_n_0
                         LUT3 (Prop_lut3_I0_O)        0.232     2.153 r  i_ariane/i_cva6/ex_stage_i/fpu_gen.fpu_i/fpu_gen.i_fpnew_bulk/gen_operation_groups[3].i_opgroup_block/gen_merged_slice.i_multifmt_slice/gen_num_lanes[0].active_lane.lane_instance.i_fpnew_cast_multi/mem_q[7][sbe][result][59]_i_188/O
                         net (fo=1, unplaced)         0.258     2.411    i_ariane/i_cva6/ex_stage_i/fpu_gen.fpu_i/fpu_gen.i_fpnew_bulk/gen_operation_groups[3].i_opgroup_block/gen_merged_slice.i_multifmt_slice/gen_num_lanes[0].active_lane.lane_instance.i_fpnew_cast_multi/preshift_mant3[0]
                         CARRY4 (Prop_carry4_CYINIT_CO[3])
                                                      0.494     2.905 f  i_ariane/i_cva6/ex_stage_i/fpu_gen.fpu_i/fpu_gen.i_fpnew_bulk/gen_operation_groups[3].i_opgroup_block/gen_merged_slice.i_multifmt_slice/gen_num_lanes[0].active_lane.lane_instance.i_fpnew_cast_multi/mem_q_reg[7][sbe][result][59]_i_177/CO[3]
                         net (fo=1, unplaced)         0.000     2.905    i_ariane/i_cva6/ex_stage_i/fpu_gen.fpu_i/fpu_gen.i_fpnew_bulk/gen_operation_groups[3].i_opgroup_block/gen_merged_slice.i_multifmt_slice/gen_num_lanes[0].active_lane.lane_instance.i_fpnew_cast_multi/mem_q_reg[7][sbe][result][59]_i_177_n_0
                         CARRY4 (Prop_carry4_CI_CO[3])
                                                      0.100     3.005 f  i_ariane/i_cva6/ex_stage_i/fpu_gen.fpu_i/fpu_gen.i_fpnew_bulk/gen_operation_groups[3].i_opgroup_block/gen_merged_slice.i_multifmt_slice/gen_num_lanes[0].active_lane.lane_instance.i_fpnew_cast_multi/mem_q_reg[7][sbe][ex][cause][4]_i_139/CO[3]
                         net (fo=1, unplaced)         0.000     3.005    i_ariane/i_cva6/ex_stage_i/fpu_gen.fpu_i/fpu_gen.i_fpnew_bulk/gen_operation_groups[3].i_opgroup_block/gen_merged_slice.i_multifmt_slice/gen_num_lanes[0].active_lane.lane_instance.i_fpnew_cast_multi/mem_q_reg[7][sbe][ex][cause][4]_i_139_n_0
                         CARRY4 (Prop_carry4_CI_O[1])
                                                      0.269     3.274 f  i_ariane/i_cva6/ex_stage_i/fpu_gen.fpu_i/fpu_gen.i_fpnew_bulk/gen_operation_groups[3].i_opgroup_block/gen_merged_slice.i_multifmt_slice/gen_num_lanes[0].active_lane.lane_instance.i_fpnew_cast_multi/mem_q_reg[7][sbe][ex][cause][4]_i_100/O[1]
                         net (fo=3, unplaced)         0.490     3.764    i_ariane/i_cva6/ex_stage_i/fpu_gen.fpu_i/fpu_gen.i_fpnew_bulk/gen_operation_groups[3].i_opgroup_block/gen_merged_slice.i_multifmt_slice/gen_num_lanes[0].active_lane.lane_instance.i_fpnew_cast_multi/mem_q_reg[7][sbe][ex][cause][4]_i_100_n_6
                         LUT4 (Prop_lut4_I1_O)        0.266     4.030 r  i_ariane/i_cva6/ex_stage_i/fpu_gen.fpu_i/fpu_gen.i_fpnew_bulk/gen_operation_groups[3].i_opgroup_block/gen_merged_slice.i_multifmt_slice/gen_num_lanes[0].active_lane.lane_instance.i_fpnew_cast_multi/mem_q[7][sbe][ex][cause][4]_i_94/O
                         net (fo=1, unplaced)         0.000     4.030    i_ariane/i_cva6/ex_stage_i/fpu_gen.fpu_i/fpu_gen.i_fpnew_bulk/gen_operation_groups[3].i_opgroup_block/gen_merged_slice.i_multifmt_slice/gen_num_lanes[0].active_lane.lane_instance.i_fpnew_cast_multi/mem_q[7][sbe][ex][cause][4]_i_94_n_0
                         CARRY4 (Prop_carry4_DI[1]_CO[3])
                                                      0.451     4.481 r  i_ariane/i_cva6/ex_stage_i/fpu_gen.fpu_i/fpu_gen.i_fpnew_bulk/gen_operation_groups[3].i_opgroup_block/gen_merged_slice.i_multifmt_slice/gen_num_lanes[0].active_lane.lane_instance.i_fpnew_cast_multi/mem_q_reg[7][sbe][ex][cause][4]_i_58/CO[3]
                         net (fo=1, unplaced)         0.000     4.481    i_ariane/i_cva6/ex_stage_i/fpu_gen.fpu_i/fpu_gen.i_fpnew_bulk/gen_operation_groups[3].i_opgroup_block/gen_merged_slice.i_multifmt_slice/gen_num_lanes[0].active_lane.lane_instance.i_fpnew_cast_multi/mem_q_reg[7][sbe][ex][cause][4]_i_58_n_0
                         CARRY4 (Prop_carry4_CI_CO[3])
                                                      0.100     4.581 r  i_ariane/i_cva6/ex_stage_i/fpu_gen.fpu_i/fpu_gen.i_fpnew_bulk/gen_operation_groups[3].i_opgroup_block/gen_merged_slice.i_multifmt_slice/gen_num_lanes[0].active_lane.lane_instance.i_fpnew_cast_multi/mem_q_reg[7][sbe][ex][cause][4]_i_40/CO[3]
                         net (fo=1, unplaced)         0.000     4.581    i_ariane/i_cva6/ex_stage_i/fpu_gen.fpu_i/fpu_gen.i_fpnew_bulk/gen_operation_groups[3].i_opgroup_block/gen_merged_slice.i_multifmt_slice/gen_num_lanes[0].active_lane.lane_instance.i_fpnew_cast_multi/mem_q_reg[7][sbe][ex][cause][4]_i_40_n_0
                         CARRY4 (Prop_carry4_CI_CO[3])
                                                      0.100     4.681 f  i_ariane/i_cva6/ex_stage_i/fpu_gen.fpu_i/fpu_gen.i_fpnew_bulk/gen_operation_groups[3].i_opgroup_block/gen_merged_slice.i_multifmt_slice/gen_num_lanes[0].active_lane.lane_instance.i_fpnew_cast_multi/mem_q_reg[7][sbe][ex][cause][4]_i_34/CO[3]
                         net (fo=146, unplaced)       0.719     5.400    i_ariane/i_cva6/ex_stage_i/fpu_gen.fpu_i/fpu_gen.i_fpnew_bulk/gen_operation_groups[3].i_opgroup_block/gen_merged_slice.i_multifmt_slice/gen_num_lanes[0].active_lane.lane_instance.i_fpnew_cast_multi/preshift_mant1
                         LUT5 (Prop_lut5_I2_O)        0.105     5.505 f  i_ariane/i_cva6/ex_stage_i/fpu_gen.fpu_i/fpu_gen.i_fpnew_bulk/gen_operation_groups[3].i_opgroup_block/gen_merged_slice.i_multifmt_slice/gen_num_lanes[0].active_lane.lane_instance.i_fpnew_cast_multi/mem_q[7][sbe][ex][cause][0]_i_331/O
                         net (fo=4, unplaced)         0.802     6.307    i_ariane/i_cva6/ex_stage_i/fpu_gen.fpu_i/fpu_gen.i_fpnew_bulk/gen_operation_groups[3].i_opgroup_block/gen_merged_slice.i_multifmt_slice/gen_num_lanes[0].active_lane.lane_instance.i_fpnew_cast_multi/preshift_mant[90]
                         LUT5 (Prop_lut5_I0_O)        0.105     6.412 f  i_ariane/i_cva6/ex_stage_i/fpu_gen.fpu_i/fpu_gen.i_fpnew_bulk/gen_operation_groups[3].i_opgroup_block/gen_merged_slice.i_multifmt_slice/gen_num_lanes[0].active_lane.lane_instance.i_fpnew_cast_multi/mem_q[7][sbe][ex][cause][0]_i_566/O
                         net (fo=4, unplaced)         0.606     7.018    i_ariane/i_cva6/ex_stage_i/fpu_gen.fpu_i/fpu_gen.i_fpnew_bulk/gen_operation_groups[3].i_opgroup_block/gen_merged_slice.i_multifmt_slice/gen_num_lanes[0].active_lane.lane_instance.i_fpnew_cast_multi/mem_q[7][sbe][ex][cause][0]_i_566_n_0
                         LUT6 (Prop_lut6_I1_O)        0.105     7.123 f  i_ariane/i_cva6/ex_stage_i/fpu_gen.fpu_i/fpu_gen.i_fpnew_bulk/gen_operation_groups[3].i_opgroup_block/gen_merged_slice.i_multifmt_slice/gen_num_lanes[0].active_lane.lane_instance.i_fpnew_cast_multi/mem_q[7][sbe][ex][cause][0]_i_415/O
                         net (fo=4, unplaced)         0.606     7.729    i_ariane/i_cva6/ex_stage_i/fpu_gen.fpu_i/fpu_gen.i_fpnew_bulk/gen_operation_groups[3].i_opgroup_block/gen_merged_slice.i_multifmt_slice/gen_num_lanes[0].active_lane.lane_instance.i_fpnew_cast_multi/mem_q[7][sbe][ex][cause][0]_i_415_n_0
                         LUT6 (Prop_lut6_I1_O)        0.105     7.834 f  i_ariane/i_cva6/ex_stage_i/fpu_gen.fpu_i/fpu_gen.i_fpnew_bulk/gen_operation_groups[3].i_opgroup_block/gen_merged_slice.i_multifmt_slice/gen_num_lanes[0].active_lane.lane_instance.i_fpnew_cast_multi/mem_q[7][sbe][ex][cause][0]_i_179/O
                         net (fo=3, unplaced)         0.796     8.630    i_ariane/i_cva6/ex_stage_i/fpu_gen.fpu_i/fpu_gen.i_fpnew_bulk/gen_operation_groups[3].i_opgroup_block/gen_merged_slice.i_multifmt_slice/gen_num_lanes[0].active_lane.lane_instance.i_fpnew_cast_multi/mem_q[7][sbe][ex][cause][0]_i_179_n_0
                         LUT6 (Prop_lut6_I0_O)        0.105     8.735 f  i_ariane/i_cva6/ex_stage_i/fpu_gen.fpu_i/fpu_gen.i_fpnew_bulk/gen_operation_groups[3].i_opgroup_block/gen_merged_slice.i_multifmt_slice/gen_num_lanes[0].active_lane.lane_instance.i_fpnew_cast_multi/mem_q[7][sbe][ex][cause][0]_i_225/O
                         net (fo=1, unplaced)         0.782     9.517    i_ariane/i_cva6/ex_stage_i/fpu_gen.fpu_i/fpu_gen.i_fpnew_bulk/gen_operation_groups[3].i_opgroup_block/gen_merged_slice.i_multifmt_slice/gen_num_lanes[0].active_lane.lane_instance.i_fpnew_cast_multi/mem_q[7][sbe][ex][cause][0]_i_225_n_0
                         LUT6 (Prop_lut6_I0_O)        0.105     9.622 f  i_ariane/i_cva6/ex_stage_i/fpu_gen.fpu_i/fpu_gen.i_fpnew_bulk/gen_operation_groups[3].i_opgroup_block/gen_merged_slice.i_multifmt_slice/gen_num_lanes[0].active_lane.lane_instance.i_fpnew_cast_multi/mem_q[7][sbe][ex][cause][0]_i_81/O
                         net (fo=1, unplaced)         0.778    10.400    i_ariane/i_cva6/ex_stage_i/fpu_gen.fpu_i/fpu_gen.i_fpnew_bulk/gen_operation_groups[3].i_opgroup_block/gen_merged_slice.i_multifmt_slice/gen_num_lanes[0].active_lane.lane_instance.i_fpnew_cast_multi/mem_q[7][sbe][ex][cause][0]_i_81_n_0
                         LUT6 (Prop_lut6_I1_O)        0.105    10.505 f  i_ariane/i_cva6/ex_stage_i/fpu_gen.fpu_i/fpu_gen.i_fpnew_bulk/gen_operation_groups[3].i_opgroup_block/gen_merged_slice.i_multifmt_slice/gen_num_lanes[0].active_lane.lane_instance.i_fpnew_cast_multi/mem_q[7][sbe][ex][cause][0]_i_25/O
                         net (fo=4, unplaced)         0.606    11.111    i_ariane/i_cva6/ex_stage_i/fpu_gen.fpu_i/fpu_gen.i_fpnew_bulk/gen_operation_groups[3].i_opgroup_block/gen_merged_slice.i_multifmt_slice/gen_num_lanes[0].active_lane.lane_instance.i_fpnew_cast_multi/fp_round_sticky_bits[0]
                         LUT6 (Prop_lut6_I0_O)        0.105    11.216 f  i_ariane/i_cva6/ex_stage_i/fpu_gen.fpu_i/fpu_gen.i_fpnew_bulk/gen_operation_groups[3].i_opgroup_block/gen_merged_slice.i_multifmt_slice/gen_num_lanes[0].active_lane.lane_instance.i_fpnew_cast_multi/mem_q[7][sbe][result][0]_i_174/O
                         net (fo=1, unplaced)         0.347    11.563    i_ariane/i_cva6/ex_stage_i/fpu_gen.fpu_i/fpu_gen.i_fpnew_bulk/gen_operation_groups[3].i_opgroup_block/gen_merged_slice.i_multifmt_slice/gen_num_lanes[0].active_lane.lane_instance.i_fpnew_cast_multi/mem_q[7][sbe][result][0]_i_174_n_0
                         LUT6 (Prop_lut6_I5_O)        0.105    11.668 r  i_ariane/i_cva6/ex_stage_i/fpu_gen.fpu_i/fpu_gen.i_fpnew_bulk/gen_operation_groups[3].i_opgroup_block/gen_merged_slice.i_multifmt_slice/gen_num_lanes[0].active_lane.lane_instance.i_fpnew_cast_multi/mem_q[7][sbe][result][0]_i_114/O
                         net (fo=1, unplaced)         0.000    11.668    i_ariane/i_cva6/ex_stage_i/fpu_gen.fpu_i/fpu_gen.i_fpnew_bulk/gen_operation_groups[3].i_opgroup_block/gen_merged_slice.i_multifmt_slice/gen_num_lanes[0].active_lane.lane_instance.i_fpnew_cast_multi/mem_q[7][sbe][result][0]_i_114_n_0
                         CARRY4 (Prop_carry4_S[0]_CO[3])
                                                      0.423    12.091 r  i_ariane/i_cva6/ex_stage_i/fpu_gen.fpu_i/fpu_gen.i_fpnew_bulk/gen_operation_groups[3].i_opgroup_block/gen_merged_slice.i_multifmt_slice/gen_num_lanes[0].active_lane.lane_instance.i_fpnew_cast_multi/mem_q_reg[7][sbe][result][0]_i_66/CO[3]
                         net (fo=1, unplaced)         0.000    12.091    i_ariane/i_cva6/ex_stage_i/fpu_gen.fpu_i/fpu_gen.i_fpnew_bulk/gen_operation_groups[3].i_opgroup_block/gen_merged_slice.i_multifmt_slice/gen_num_lanes[0].active_lane.lane_instance.i_fpnew_cast_multi/mem_q_reg[7][sbe][result][0]_i_66_n_0
                         CARRY4 (Prop_carry4_CI_CO[3])
                                                      0.100    12.191 r  i_ariane/i_cva6/ex_stage_i/fpu_gen.fpu_i/fpu_gen.i_fpnew_bulk/gen_operation_groups[3].i_opgroup_block/gen_merged_slice.i_multifmt_slice/gen_num_lanes[0].active_lane.lane_instance.i_fpnew_cast_multi/mem_q_reg[7][sbe][result][7]_i_77/CO[3]
                         net (fo=1, unplaced)         0.000    12.191    i_ariane/i_cva6/ex_stage_i/fpu_gen.fpu_i/fpu_gen.i_fpnew_bulk/gen_operation_groups[3].i_opgroup_block/gen_merged_slice.i_multifmt_slice/gen_num_lanes[0].active_lane.lane_instance.i_fpnew_cast_multi/mem_q_reg[7][sbe][result][7]_i_77_n_0
                         CARRY4 (Prop_carry4_CI_CO[3])
                                                      0.100    12.291 r  i_ariane/i_cva6/ex_stage_i/fpu_gen.fpu_i/fpu_gen.i_fpnew_bulk/gen_operation_groups[3].i_opgroup_block/gen_merged_slice.i_multifmt_slice/gen_num_lanes[0].active_lane.lane_instance.i_fpnew_cast_multi/mem_q_reg[7][sbe][result][11]_i_56/CO[3]
                         net (fo=1, unplaced)         0.000    12.291    i_ariane/i_cva6/ex_stage_i/fpu_gen.fpu_i/fpu_gen.i_fpnew_bulk/gen_operation_groups[3].i_opgroup_block/gen_merged_slice.i_multifmt_slice/gen_num_lanes[0].active_lane.lane_instance.i_fpnew_cast_multi/mem_q_reg[7][sbe][result][11]_i_56_n_0
                         CARRY4 (Prop_carry4_CI_CO[3])
                                                      0.100    12.391 r  i_ariane/i_cva6/ex_stage_i/fpu_gen.fpu_i/fpu_gen.i_fpnew_bulk/gen_operation_groups[3].i_opgroup_block/gen_merged_slice.i_multifmt_slice/gen_num_lanes[0].active_lane.lane_instance.i_fpnew_cast_multi/mem_q_reg[7][sbe][result][15]_i_77/CO[3]
                         net (fo=1, unplaced)         0.000    12.391    i_ariane/i_cva6/ex_stage_i/fpu_gen.fpu_i/fpu_gen.i_fpnew_bulk/gen_operation_groups[3].i_opgroup_block/gen_merged_slice.i_multifmt_slice/gen_num_lanes[0].active_lane.lane_instance.i_fpnew_cast_multi/mem_q_reg[7][sbe][result][15]_i_77_n_0
                         CARRY4 (Prop_carry4_CI_CO[3])
                                                      0.100    12.491 r  i_ariane/i_cva6/ex_stage_i/fpu_gen.fpu_i/fpu_gen.i_fpnew_bulk/gen_operation_groups[3].i_opgroup_block/gen_merged_slice.i_multifmt_slice/gen_num_lanes[0].active_lane.lane_instance.i_fpnew_cast_multi/mem_q_reg[7][sbe][result][19]_i_57/CO[3]
                         net (fo=1, unplaced)         0.000    12.491    i_ariane/i_cva6/ex_stage_i/fpu_gen.fpu_i/fpu_gen.i_fpnew_bulk/gen_operation_groups[3].i_opgroup_block/gen_merged_slice.i_multifmt_slice/gen_num_lanes[0].active_lane.lane_instance.i_fpnew_cast_multi/mem_q_reg[7][sbe][result][19]_i_57_n_0
                         CARRY4 (Prop_carry4_CI_CO[3])
                                                      0.100    12.591 f  i_ariane/i_cva6/ex_stage_i/fpu_gen.fpu_i/fpu_gen.i_fpnew_bulk/gen_operation_groups[3].i_opgroup_block/gen_merged_slice.i_multifmt_slice/gen_num_lanes[0].active_lane.lane_instance.i_fpnew_cast_multi/mem_q_reg[7][sbe][result][23]_i_77/CO[3]
                         net (fo=1, unplaced)         0.000    12.591    i_ariane/i_cva6/ex_stage_i/fpu_gen.fpu_i/fpu_gen.i_fpnew_bulk/gen_operation_groups[3].i_opgroup_block/gen_merged_slice.i_multifmt_slice/gen_num_lanes[0].active_lane.lane_instance.i_fpnew_cast_multi/mem_q_reg[7][sbe][result][23]_i_77_n_0
                         CARRY4 (Prop_carry4_CI_CO[3])
                                                      0.100    12.691 r  i_ariane/i_cva6/ex_stage_i/fpu_gen.fpu_i/fpu_gen.i_fpnew_bulk/gen_operation_groups[3].i_opgroup_block/gen_merged_slice.i_multifmt_slice/gen_num_lanes[0].active_lane.lane_instance.i_fpnew_cast_multi/mem_q_reg[7][sbe][ex][cause][1]_i_27/CO[3]
                         net (fo=1, unplaced)         0.000    12.691    i_ariane/i_cva6/ex_stage_i/fpu_gen.fpu_i/fpu_gen.i_fpnew_bulk/gen_operation_groups[3].i_opgroup_block/gen_merged_slice.i_multifmt_slice/gen_num_lanes[0].active_lane.lane_instance.i_fpnew_cast_multi/mem_q_reg[7][sbe][ex][cause][1]_i_27_n_0
                         CARRY4 (Prop_carry4_CI_CO[3])
                                                      0.100    12.791 r  i_ariane/i_cva6/ex_stage_i/fpu_gen.fpu_i/fpu_gen.i_fpnew_bulk/gen_operation_groups[3].i_opgroup_block/gen_merged_slice.i_multifmt_slice/gen_num_lanes[0].active_lane.lane_instance.i_fpnew_cast_multi/mem_q_reg[7][sbe][result][35]_i_47/CO[3]
                         net (fo=1, unplaced)         0.000    12.791    i_ariane/i_cva6/ex_stage_i/fpu_gen.fpu_i/fpu_gen.i_fpnew_bulk/gen_operation_groups[3].i_opgroup_block/gen_merged_slice.i_multifmt_slice/gen_num_lanes[0].active_lane.lane_instance.i_fpnew_cast_multi/mem_q_reg[7][sbe][result][35]_i_47_n_0
                         CARRY4 (Prop_carry4_CI_CO[3])
                                                      0.100    12.891 r  i_ariane/i_cva6/ex_stage_i/fpu_gen.fpu_i/fpu_gen.i_fpnew_bulk/gen_operation_groups[3].i_opgroup_block/gen_merged_slice.i_multifmt_slice/gen_num_lanes[0].active_lane.lane_instance.i_fpnew_cast_multi/mem_q_reg[7][sbe][result][35]_i_27/CO[3]
                         net (fo=1, unplaced)         0.000    12.891    i_ariane/i_cva6/ex_stage_i/fpu_gen.fpu_i/fpu_gen.i_fpnew_bulk/gen_operation_groups[3].i_opgroup_block/gen_merged_slice.i_multifmt_slice/gen_num_lanes[0].active_lane.lane_instance.i_fpnew_cast_multi/mem_q_reg[7][sbe][result][35]_i_27_n_0
                         CARRY4 (Prop_carry4_CI_CO[3])
                                                      0.100    12.991 r  i_ariane/i_cva6/ex_stage_i/fpu_gen.fpu_i/fpu_gen.i_fpnew_bulk/gen_operation_groups[3].i_opgroup_block/gen_merged_slice.i_multifmt_slice/gen_num_lanes[0].active_lane.lane_instance.i_fpnew_cast_multi/mem_q_reg[7][sbe][result][39]_i_16/CO[3]
                         net (fo=1, unplaced)         0.000    12.991    i_ariane/i_cva6/ex_stage_i/fpu_gen.fpu_i/fpu_gen.i_fpnew_bulk/gen_operation_groups[3].i_opgroup_block/gen_merged_slice.i_multifmt_slice/gen_num_lanes[0].active_lane.lane_instance.i_fpnew_cast_multi/mem_q_reg[7][sbe][result][39]_i_16_n_0
                         CARRY4 (Prop_carry4_CI_CO[3])
                                                      0.100    13.091 r  i_ariane/i_cva6/ex_stage_i/fpu_gen.fpu_i/fpu_gen.i_fpnew_bulk/gen_operation_groups[3].i_opgroup_block/gen_merged_slice.i_multifmt_slice/gen_num_lanes[0].active_lane.lane_instance.i_fpnew_cast_multi/mem_q_reg[7][sbe][result][43]_i_18/CO[3]
                         net (fo=1, unplaced)         0.000    13.091    i_ariane/i_cva6/ex_stage_i/fpu_gen.fpu_i/fpu_gen.i_fpnew_bulk/gen_operation_groups[3].i_opgroup_block/gen_merged_slice.i_multifmt_slice/gen_num_lanes[0].active_lane.lane_instance.i_fpnew_cast_multi/mem_q_reg[7][sbe][result][43]_i_18_n_0
                         CARRY4 (Prop_carry4_CI_CO[3])
                                                      0.100    13.191 r  i_ariane/i_cva6/ex_stage_i/fpu_gen.fpu_i/fpu_gen.i_fpnew_bulk/gen_operation_groups[3].i_opgroup_block/gen_merged_slice.i_multifmt_slice/gen_num_lanes[0].active_lane.lane_instance.i_fpnew_cast_multi/mem_q_reg[7][sbe][result][47]_i_21/CO[3]
                         net (fo=1, unplaced)         0.000    13.191    i_ariane/i_cva6/ex_stage_i/fpu_gen.fpu_i/fpu_gen.i_fpnew_bulk/gen_operation_groups[3].i_opgroup_block/gen_merged_slice.i_multifmt_slice/gen_num_lanes[0].active_lane.lane_instance.i_fpnew_cast_multi/mem_q_reg[7][sbe][result][47]_i_21_n_0
                         CARRY4 (Prop_carry4_CI_CO[3])
                                                      0.100    13.291 r  i_ariane/i_cva6/ex_stage_i/fpu_gen.fpu_i/fpu_gen.i_fpnew_bulk/gen_operation_groups[3].i_opgroup_block/gen_merged_slice.i_multifmt_slice/gen_num_lanes[0].active_lane.lane_instance.i_fpnew_cast_multi/mem_q_reg[7][sbe][result][50]_i_20/CO[3]
                         net (fo=1, unplaced)         0.000    13.291    i_ariane/i_cva6/ex_stage_i/fpu_gen.fpu_i/fpu_gen.i_fpnew_bulk/gen_operation_groups[3].i_opgroup_block/gen_merged_slice.i_multifmt_slice/gen_num_lanes[0].active_lane.lane_instance.i_fpnew_cast_multi/mem_q_reg[7][sbe][result][50]_i_20_n_0
                         CARRY4 (Prop_carry4_CI_CO[3])
                                                      0.100    13.391 r  i_ariane/i_cva6/ex_stage_i/fpu_gen.fpu_i/fpu_gen.i_fpnew_bulk/gen_operation_groups[3].i_opgroup_block/gen_merged_slice.i_multifmt_slice/gen_num_lanes[0].active_lane.lane_instance.i_fpnew_cast_multi/mem_q_reg[7][sbe][result][55]_i_25/CO[3]
                         net (fo=1, unplaced)         0.000    13.391    i_ariane/i_cva6/ex_stage_i/fpu_gen.fpu_i/fpu_gen.i_fpnew_bulk/gen_operation_groups[3].i_opgroup_block/gen_merged_slice.i_multifmt_slice/gen_num_lanes[0].active_lane.lane_instance.i_fpnew_cast_multi/mem_q_reg[7][sbe][result][55]_i_25_n_0
                         CARRY4 (Prop_carry4_CI_O[2])
                                                      0.214    13.605 f  i_ariane/i_cva6/ex_stage_i/fpu_gen.fpu_i/fpu_gen.i_fpnew_bulk/gen_operation_groups[3].i_opgroup_block/gen_merged_slice.i_multifmt_slice/gen_num_lanes[0].active_lane.lane_instance.i_fpnew_cast_multi/mem_q_reg[7][sbe][result][59]_i_28/O[2]
                         net (fo=6, unplaced)         0.381    13.986    i_ariane/i_cva6/ex_stage_i/fpu_gen.fpu_i/fpu_gen.i_fpnew_bulk/gen_operation_groups[3].i_opgroup_block/gen_merged_slice.i_multifmt_slice/gen_num_lanes[0].active_lane.lane_instance.i_fpnew_cast_multi/rounded_abs[58]
                         LUT1 (Prop_lut1_I0_O)        0.244    14.230 r  i_ariane/i_cva6/ex_stage_i/fpu_gen.fpu_i/fpu_gen.i_fpnew_bulk/gen_operation_groups[3].i_opgroup_block/gen_merged_slice.i_multifmt_slice/gen_num_lanes[0].active_lane.lane_instance.i_fpnew_cast_multi/mem_q[7][sbe][result][60]_i_105/O
                         net (fo=1, unplaced)         0.000    14.230    i_ariane/i_cva6/ex_stage_i/fpu_gen.fpu_i/fpu_gen.i_fpnew_bulk/gen_operation_groups[3].i_opgroup_block/gen_merged_slice.i_multifmt_slice/gen_num_lanes[0].active_lane.lane_instance.i_fpnew_cast_multi/mem_q[7][sbe][result][60]_i_105_n_0
                         CARRY4 (Prop_carry4_S[1]_CO[3])
                                                      0.444    14.674 r  i_ariane/i_cva6/ex_stage_i/fpu_gen.fpu_i/fpu_gen.i_fpnew_bulk/gen_operation_groups[3].i_opgroup_block/gen_merged_slice.i_multifmt_slice/gen_num_lanes[0].active_lane.lane_instance.i_fpnew_cast_multi/mem_q_reg[7][sbe][result][60]_i_51/CO[3]
                         net (fo=1, unplaced)         0.000    14.674    i_ariane/i_cva6/ex_stage_i/fpu_gen.fpu_i/fpu_gen.i_fpnew_bulk/gen_operation_groups[3].i_opgroup_block/gen_merged_slice.i_multifmt_slice/gen_num_lanes[0].active_lane.lane_instance.i_fpnew_cast_multi/mem_q_reg[7][sbe][result][60]_i_51_n_0
                         CARRY4 (Prop_carry4_CI_O[1])
                                                      0.269    14.943 f  i_ariane/i_cva6/ex_stage_i/fpu_gen.fpu_i/fpu_gen.i_fpnew_bulk/gen_operation_groups[3].i_opgroup_block/gen_merged_slice.i_multifmt_slice/gen_num_lanes[0].active_lane.lane_instance.i_fpnew_cast_multi/mem_q_reg[7][sbe][result][62]_i_30/O[1]
                         net (fo=2, unplaced)         0.251    15.194    i_ariane/i_cva6/ex_stage_i/fpu_gen.fpu_i/fpu_gen.i_fpnew_bulk/gen_operation_groups[3].i_opgroup_block/gen_merged_slice.i_multifmt_slice/gen_num_lanes[0].active_lane.lane_instance.i_fpnew_cast_multi/rounded_int_res0[62]
                         LUT3 (Prop_lut3_I0_O)        0.245    15.439 f  i_ariane/i_cva6/ex_stage_i/fpu_gen.fpu_i/fpu_gen.i_fpnew_bulk/gen_operation_groups[3].i_opgroup_block/gen_merged_slice.i_multifmt_slice/gen_num_lanes[0].active_lane.lane_instance.i_fpnew_cast_multi/mem_q[7][sbe][ex][cause][0]_i_211/O
                         net (fo=2, unplaced)         0.358    15.797    i_ariane/i_cva6/ex_stage_i/fpu_gen.fpu_i/fpu_gen.i_fpnew_bulk/gen_operation_groups[3].i_opgroup_block/gen_merged_slice.i_multifmt_slice/gen_num_lanes[0].active_lane.lane_instance.i_fpnew_cast_multi/mem_q[7][sbe][ex][cause][0]_i_211_n_0
                         LUT5 (Prop_lut5_I1_O)        0.105    15.902 r  i_ariane/i_cva6/ex_stage_i/fpu_gen.fpu_i/fpu_gen.i_fpnew_bulk/gen_operation_groups[3].i_opgroup_block/gen_merged_slice.i_multifmt_slice/gen_num_lanes[0].active_lane.lane_instance.i_fpnew_cast_multi/mem_q[7][sbe][ex][cause][4]_i_80/O
                         net (fo=1, unplaced)         0.000    15.902    i_ariane/i_cva6/ex_stage_i/fpu_gen.fpu_i/fpu_gen.i_fpnew_bulk/gen_operation_groups[3].i_opgroup_block/gen_merged_slice.i_multifmt_slice/gen_num_lanes[0].active_lane.lane_instance.i_fpnew_cast_multi/mem_q[7][sbe][ex][cause][4]_i_80_n_0
                         MUXF7 (Prop_muxf7_I1_O)      0.206    16.108 r  i_ariane/i_cva6/ex_stage_i/fpu_gen.fpu_i/fpu_gen.i_fpnew_bulk/gen_operation_groups[3].i_opgroup_block/gen_merged_slice.i_multifmt_slice/gen_num_lanes[0].active_lane.lane_instance.i_fpnew_cast_multi/mem_q_reg[7][sbe][ex][cause][4]_i_52/O
                         net (fo=1, unplaced)         0.349    16.457    i_ariane/i_cva6/ex_stage_i/fpu_gen.fpu_i/fpu_gen.i_fpnew_bulk/gen_operation_groups[3].i_opgroup_block/gen_merged_slice.i_multifmt_slice/gen_num_lanes[0].active_lane.lane_instance.i_fpnew_cast_multi/mem_q_reg[7][sbe][ex][cause][4]_i_52_n_0
                         LUT6 (Prop_lut6_I0_O)        0.242    16.699 r  i_ariane/i_cva6/ex_stage_i/fpu_gen.fpu_i/fpu_gen.i_fpnew_bulk/gen_operation_groups[3].i_opgroup_block/gen_merged_slice.i_multifmt_slice/gen_num_lanes[0].active_lane.lane_instance.i_fpnew_cast_multi/mem_q[7][sbe][ex][cause][4]_i_36/O
                         net (fo=1, unplaced)         0.347    17.046    i_ariane/i_cva6/ex_stage_i/fpu_gen.fpu_i/fpu_gen.i_fpnew_bulk/gen_operation_groups[3].i_opgroup_block/gen_merged_slice.i_multifmt_slice/gen_num_lanes[0].active_lane.lane_instance.i_fpnew_cast_multi/of_after_round
                         LUT6 (Prop_lut6_I5_O)        0.105    17.151 r  i_ariane/i_cva6/ex_stage_i/fpu_gen.fpu_i/fpu_gen.i_fpnew_bulk/gen_operation_groups[3].i_opgroup_block/gen_merged_slice.i_multifmt_slice/gen_num_lanes[0].active_lane.lane_instance.i_fpnew_cast_multi/mem_q[7][sbe][ex][cause][4]_i_28/O
                         net (fo=3, unplaced)         0.365    17.516    i_ariane/i_cva6/ex_stage_i/fpu_gen.fpu_i/fpu_gen.i_fpnew_bulk/gen_operation_groups[3].i_opgroup_block/gen_merged_slice.i_multifmt_slice/gen_num_lanes[0].active_lane.lane_instance.i_fpnew_cast_multi/int_regular_status[NV]
                         LUT6 (Prop_lut6_I0_O)        0.105    17.621 r  i_ariane/i_cva6/ex_stage_i/fpu_gen.fpu_i/fpu_gen.i_fpnew_bulk/gen_operation_groups[3].i_opgroup_block/gen_merged_slice.i_multifmt_slice/gen_num_lanes[0].active_lane.lane_instance.i_fpnew_cast_multi/mem_q[7][sbe][ex][cause][0]_i_9/O
                         net (fo=66, unplaced)        0.436    18.057    i_ariane/i_cva6/ex_stage_i/fpu_gen.fpu_i/fpu_gen.i_fpnew_bulk/gen_operation_groups[3].i_opgroup_block/gen_merged_slice.i_multifmt_slice/gen_num_lanes[0].active_lane.lane_instance.i_fpnew_cast_multi/int_result_is_special
                         LUT6 (Prop_lut6_I4_O)        0.105    18.162 r  i_ariane/i_cva6/ex_stage_i/fpu_gen.fpu_i/fpu_gen.i_fpnew_bulk/gen_operation_groups[3].i_opgroup_block/gen_merged_slice.i_multifmt_slice/gen_num_lanes[0].active_lane.lane_instance.i_fpnew_cast_multi/mem_q[7][sbe][result][63]_i_32/O
                         net (fo=2, unplaced)         0.358    18.520    i_ariane/i_cva6/ex_stage_i/fpu_gen.fpu_i/fpu_gen.i_fpnew_bulk/gen_operation_groups[3].i_opgroup_block/gen_merged_slice.i_multifmt_slice/gen_num_lanes[0].active_lane.lane_instance.i_fpnew_cast_multi/int_result[63]
                         LUT2 (Prop_lut2_I0_O)        0.105    18.625 r  i_ariane/i_cva6/ex_stage_i/fpu_gen.fpu_i/fpu_gen.i_fpnew_bulk/gen_operation_groups[3].i_opgroup_block/gen_merged_slice.i_multifmt_slice/gen_num_lanes[0].active_lane.lane_instance.i_fpnew_cast_multi/mem_q[7][sbe][result][50]_i_13/O
                         net (fo=21, unplaced)        0.408    19.033    i_ariane/i_cva6/ex_stage_i/fpu_gen.fpu_i/fpu_gen.i_fpnew_bulk/gen_operation_groups[3].i_opgroup_block/gen_merged_slice.i_multifmt_slice/gen_num_lanes[0].active_lane.lane_instance.i_fpnew_cast_multi/mem_q[7][sbe][result][50]_i_13_n_0
                         LUT5 (Prop_lut5_I0_O)        0.105    19.138 r  i_ariane/i_cva6/ex_stage_i/fpu_gen.fpu_i/fpu_gen.i_fpnew_bulk/gen_operation_groups[3].i_opgroup_block/gen_merged_slice.i_multifmt_slice/gen_num_lanes[0].active_lane.lane_instance.i_fpnew_cast_multi/mem_q[7][sbe][result][50]_i_5/O
                         net (fo=40, unplaced)        0.424    19.562    i_ariane/i_cva6/ex_stage_i/fpu_gen.fpu_i/fpu_gen.i_fpnew_bulk/gen_operation_groups[3].i_opgroup_block/gen_merged_slice.i_multifmt_slice/gen_num_lanes[0].active_lane.lane_instance.i_fpnew_cast_multi/mem_q[7][sbe][result][50]_i_5_n_0
                         LUT6 (Prop_lut6_I5_O)        0.105    19.667 r  i_ariane/i_cva6/ex_stage_i/fpu_gen.fpu_i/fpu_gen.i_fpnew_bulk/gen_operation_groups[3].i_opgroup_block/gen_merged_slice.i_multifmt_slice/gen_num_lanes[0].active_lane.lane_instance.i_fpnew_cast_multi/mem_q[7][sbe][result][63]_i_15/O
                         net (fo=1, unplaced)         0.347    20.014    i_ariane/i_cva6/ex_stage_i/fpu_gen.fpu_i/fpu_gen.i_fpnew_bulk/gen_operation_groups[2].i_opgroup_block/gen_parallel_slices[0].active_format.i_fmt_slice/gen_num_lanes[0].active_lane.lane_instance.i_noncomp/opgrp_outputs[3][result][0]
                         LUT6 (Prop_lut6_I0_O)        0.105    20.119 r  i_ariane/i_cva6/ex_stage_i/fpu_gen.fpu_i/fpu_gen.i_fpnew_bulk/gen_operation_groups[2].i_opgroup_block/gen_parallel_slices[0].active_format.i_fmt_slice/gen_num_lanes[0].active_lane.lane_instance.i_noncomp/mem_q[7][sbe][result][63]_i_8/O
                         net (fo=1, unplaced)         0.000    20.119    i_ariane/i_cva6/ex_stage_i/fpu_gen.fpu_i/fpu_gen.i_fpnew_bulk/gen_operation_groups[0].i_opgroup_block/gen_parallel_slices[0].active_format.i_fmt_slice/gen_num_lanes[0].active_lane.lane_instance.i_fma/gen_arbiter.data_nodes[2][result][44]
                         MUXF7 (Prop_muxf7_I1_O)      0.206    20.325 r  i_ariane/i_cva6/ex_stage_i/fpu_gen.fpu_i/fpu_gen.i_fpnew_bulk/gen_operation_groups[0].i_opgroup_block/gen_parallel_slices[0].active_format.i_fmt_slice/gen_num_lanes[0].active_lane.lane_instance.i_fma/mem_q_reg[7][sbe][result][63]_i_4/O
                         net (fo=14, unplaced)        0.400    20.725    i_ariane/i_cva6/ex_stage_i/fpu_gen.fpu_i/fpu_gen.i_fpnew_bulk/gen_operation_groups[0].i_opgroup_block/gen_parallel_slices[0].active_format.i_fmt_slice/gen_num_lanes[0].active_lane.lane_instance.i_fma/gen_arbiter.gen_int_rr.rr_q_reg[1]_4
                         LUT2 (Prop_lut2_I0_O)        0.242    20.967 f  i_ariane/i_cva6/ex_stage_i/fpu_gen.fpu_i/fpu_gen.i_fpnew_bulk/gen_operation_groups[0].i_opgroup_block/gen_parallel_slices[0].active_format.i_fmt_slice/gen_num_lanes[0].active_lane.lane_instance.i_fma/fu_data_q[0][operand_a][63]_i_54/O
                         net (fo=3, unplaced)         0.365    21.332    i_ariane/i_cva6/ex_stage_i/fpu_gen.fpu_i/fpu_gen.i_fpnew_bulk/gen_operation_groups[3].i_opgroup_block/gen_merged_slice.i_multifmt_slice/gen_num_lanes[0].active_lane.lane_instance.i_fpnew_cast_multi/fu_data_q[0][imm][63]_i_10
                         LUT6 (Prop_lut6_I5_O)        0.105    21.437 f  i_ariane/i_cva6/ex_stage_i/fpu_gen.fpu_i/fpu_gen.i_fpnew_bulk/gen_operation_groups[3].i_opgroup_block/gen_merged_slice.i_multifmt_slice/gen_num_lanes[0].active_lane.lane_instance.i_fpnew_cast_multi/fu_data_q[0][operand_a][63]_i_24/O
                         net (fo=3, unplaced)         0.365    21.802    i_ariane/i_cva6/ex_stage_i/fpu_gen.fpu_i/fpu_gen.i_fpnew_bulk/gen_operation_groups[0].i_opgroup_block/gen_parallel_slices[0].active_format.i_fmt_slice/gen_num_lanes[0].active_lane.lane_instance.i_fma/fu_data_q_reg[0][operand_b][63]_i_5_0
                         LUT6 (Prop_lut6_I3_O)        0.105    21.907 f  i_ariane/i_cva6/ex_stage_i/fpu_gen.fpu_i/fpu_gen.i_fpnew_bulk/gen_operation_groups[0].i_opgroup_block/gen_parallel_slices[0].active_format.i_fmt_slice/gen_num_lanes[0].active_lane.lane_instance.i_fma/fu_data_q[0][operand_a][63]_i_7/O
                         net (fo=1, unplaced)         0.000    21.907    i_ariane/i_cva6/ex_stage_i/fpu_gen.fpu_i/fpu_gen.i_fpnew_bulk/gen_operation_groups[3].i_opgroup_block/gen_merged_slice.i_multifmt_slice/gen_num_lanes[0].active_lane.lane_instance.i_fpnew_cast_multi/fu_data_q_reg[0][operand_a][63]_0
                         MUXF7 (Prop_muxf7_I1_O)      0.206    22.113 f  i_ariane/i_cva6/ex_stage_i/fpu_gen.fpu_i/fpu_gen.i_fpnew_bulk/gen_operation_groups[3].i_opgroup_block/gen_merged_slice.i_multifmt_slice/gen_num_lanes[0].active_lane.lane_instance.i_fpnew_cast_multi/fu_data_q_reg[0][operand_a][63]_i_2/O
                         net (fo=1, unplaced)         0.349    22.462    i_ariane/i_cva6/id_stage_i/fu_data_q_reg[0][operand_a][63]
                         LUT6 (Prop_lut6_I0_O)        0.242    22.704 r  i_ariane/i_cva6/id_stage_i/fu_data_q[0][operand_a][63]_i_1/O
                         net (fo=2, unplaced)         0.000    22.704    i_ariane/i_cva6/ex_stage_i/vaddr_to_be_flushed_reg[63]_0[63]
                         FDCE                                         r  i_ariane/i_cva6/ex_stage_i/vaddr_to_be_flushed_reg[63]/D
  -------------------------------------------------------------------    -------------------

                         (clock clk_i rise edge)     10.000    10.000 r  
                                                      0.000    10.000 r  clk_i (IN)
                         net (fo=33654, unset)        0.748    10.748    i_ariane/i_cva6/ex_stage_i/clk_i
                         FDCE                                         r  i_ariane/i_cva6/ex_stage_i/vaddr_to_be_flushed_reg[63]/C
                         clock pessimism              0.000    10.748    
                         clock uncertainty           -0.035    10.712    
                         FDCE (Setup_fdce_C_D)        0.043    10.755    i_ariane/i_cva6/ex_stage_i/vaddr_to_be_flushed_reg[63]
  -------------------------------------------------------------------
                         required time                         10.755    
                         arrival time                         -22.704    
  -------------------------------------------------------------------
                         slack                                -11.949    

Slack (VIOLATED) :        -11.949ns  (required time - arrival time)
  Source:                 i_ariane/i_cva6/ex_stage_i/fpu_gen.fpu_i/fpu_gen.i_fpnew_bulk/gen_operation_groups[3].i_opgroup_block/gen_merged_slice.i_multifmt_slice/gen_num_lanes[0].active_lane.lane_instance.i_fpnew_cast_multi/gen_inside_pipeline[0].mid_pipe_dst_fmt_q_reg[1][2]_rep/C
                            (rising edge-triggered cell FDCE clocked by clk_i  {rise@0.000ns fall@5.000ns period=10.000ns})
  Destination:            i_ariane/i_cva6/ex_stage_i/vaddr_to_be_flushed_reg[63]/D
                            (rising edge-triggered cell FDCE clocked by clk_i  {rise@0.000ns fall@5.000ns period=10.000ns})
  Path Group:             clk_i
  Path Type:              Setup (Max at Slow Process Corner)
  Requirement:            10.000ns  (clk_i rise@10.000ns - clk_i rise@0.000ns)
  Data Path Delay:        21.917ns  (logic 8.887ns (40.548%)  route 13.030ns (59.452%))
  Logic Levels:           52  (CARRY4=23 LUT1=1 LUT2=2 LUT3=2 LUT4=1 LUT5=4 LUT6=16 MUXF7=3)
  Clock Path Skew:        -0.039ns (DCD - SCD + CPR)
    Destination Clock Delay (DCD):    0.748ns = ( 10.748 - 10.000 ) 
    Source Clock Delay      (SCD):    0.787ns
    Clock Pessimism Removal (CPR):    0.000ns
  Clock Uncertainty:      0.035ns  ((TSJ^2 + TIJ^2)^1/2 + DJ) / 2 + PE
    Total System Jitter     (TSJ):    0.071ns
    Total Input Jitter      (TIJ):    0.000ns
    Discrete Jitter          (DJ):    0.000ns
    Phase Error              (PE):    0.000ns

    Location             Delay type                Incr(ns)  Path(ns)    Netlist Resource(s)
  -------------------------------------------------------------------    -------------------
                         (clock clk_i rise edge)      0.000     0.000 r  
                                                      0.000     0.000 r  clk_i (IN)
                         net (fo=33654, unset)        0.787     0.787    i_ariane/i_cva6/ex_stage_i/fpu_gen.fpu_i/fpu_gen.i_fpnew_bulk/gen_operation_groups[3].i_opgroup_block/gen_merged_slice.i_multifmt_slice/gen_num_lanes[0].active_lane.lane_instance.i_fpnew_cast_multi/clk_i
                         FDCE                                         r  i_ariane/i_cva6/ex_stage_i/fpu_gen.fpu_i/fpu_gen.i_fpnew_bulk/gen_operation_groups[3].i_opgroup_block/gen_merged_slice.i_multifmt_slice/gen_num_lanes[0].active_lane.lane_instance.i_fpnew_cast_multi/gen_inside_pipeline[0].mid_pipe_dst_fmt_q_reg[1][2]_rep/C
  -------------------------------------------------------------------    -------------------
                         FDCE (Prop_fdce_C_Q)         0.397     1.184 r  i_ariane/i_cva6/ex_stage_i/fpu_gen.fpu_i/fpu_gen.i_fpnew_bulk/gen_operation_groups[3].i_opgroup_block/gen_merged_slice.i_multifmt_slice/gen_num_lanes[0].active_lane.lane_instance.i_fpnew_cast_multi/gen_inside_pipeline[0].mid_pipe_dst_fmt_q_reg[1][2]_rep/Q
                         net (fo=165, unplaced)       0.737     1.921    i_ariane/i_cva6/ex_stage_i/fpu_gen.fpu_i/fpu_gen.i_fpnew_bulk/gen_operation_groups[3].i_opgroup_block/gen_merged_slice.i_multifmt_slice/gen_num_lanes[0].active_lane.lane_instance.i_fpnew_cast_multi/gen_inside_pipeline[0].mid_pipe_dst_fmt_q_reg[1][2]_rep_n_0
                         LUT3 (Prop_lut3_I0_O)        0.232     2.153 r  i_ariane/i_cva6/ex_stage_i/fpu_gen.fpu_i/fpu_gen.i_fpnew_bulk/gen_operation_groups[3].i_opgroup_block/gen_merged_slice.i_multifmt_slice/gen_num_lanes[0].active_lane.lane_instance.i_fpnew_cast_multi/mem_q[7][sbe][result][59]_i_188/O
                         net (fo=1, unplaced)         0.258     2.411    i_ariane/i_cva6/ex_stage_i/fpu_gen.fpu_i/fpu_gen.i_fpnew_bulk/gen_operation_groups[3].i_opgroup_block/gen_merged_slice.i_multifmt_slice/gen_num_lanes[0].active_lane.lane_instance.i_fpnew_cast_multi/preshift_mant3[0]
                         CARRY4 (Prop_carry4_CYINIT_CO[3])
                                                      0.494     2.905 r  i_ariane/i_cva6/ex_stage_i/fpu_gen.fpu_i/fpu_gen.i_fpnew_bulk/gen_operation_groups[3].i_opgroup_block/gen_merged_slice.i_multifmt_slice/gen_num_lanes[0].active_lane.lane_instance.i_fpnew_cast_multi/mem_q_reg[7][sbe][result][59]_i_177/CO[3]
                         net (fo=1, unplaced)         0.000     2.905    i_ariane/i_cva6/ex_stage_i/fpu_gen.fpu_i/fpu_gen.i_fpnew_bulk/gen_operation_groups[3].i_opgroup_block/gen_merged_slice.i_multifmt_slice/gen_num_lanes[0].active_lane.lane_instance.i_fpnew_cast_multi/mem_q_reg[7][sbe][result][59]_i_177_n_0
                         CARRY4 (Prop_carry4_CI_CO[3])
                                                      0.100     3.005 r  i_ariane/i_cva6/ex_stage_i/fpu_gen.fpu_i/fpu_gen.i_fpnew_bulk/gen_operation_groups[3].i_opgroup_block/gen_merged_slice.i_multifmt_slice/gen_num_lanes[0].active_lane.lane_instance.i_fpnew_cast_multi/mem_q_reg[7][sbe][ex][cause][4]_i_139/CO[3]
                         net (fo=1, unplaced)         0.000     3.005    i_ariane/i_cva6/ex_stage_i/fpu_gen.fpu_i/fpu_gen.i_fpnew_bulk/gen_operation_groups[3].i_opgroup_block/gen_merged_slice.i_multifmt_slice/gen_num_lanes[0].active_lane.lane_instance.i_fpnew_cast_multi/mem_q_reg[7][sbe][ex][cause][4]_i_139_n_0
                         CARRY4 (Prop_carry4_CI_O[1])
                                                      0.269     3.274 f  i_ariane/i_cva6/ex_stage_i/fpu_gen.fpu_i/fpu_gen.i_fpnew_bulk/gen_operation_groups[3].i_opgroup_block/gen_merged_slice.i_multifmt_slice/gen_num_lanes[0].active_lane.lane_instance.i_fpnew_cast_multi/mem_q_reg[7][sbe][ex][cause][4]_i_100/O[1]
                         net (fo=3, unplaced)         0.490     3.764    i_ariane/i_cva6/ex_stage_i/fpu_gen.fpu_i/fpu_gen.i_fpnew_bulk/gen_operation_groups[3].i_opgroup_block/gen_merged_slice.i_multifmt_slice/gen_num_lanes[0].active_lane.lane_instance.i_fpnew_cast_multi/mem_q_reg[7][sbe][ex][cause][4]_i_100_n_6
                         LUT4 (Prop_lut4_I1_O)        0.266     4.030 r  i_ariane/i_cva6/ex_stage_i/fpu_gen.fpu_i/fpu_gen.i_fpnew_bulk/gen_operation_groups[3].i_opgroup_block/gen_merged_slice.i_multifmt_slice/gen_num_lanes[0].active_lane.lane_instance.i_fpnew_cast_multi/mem_q[7][sbe][ex][cause][4]_i_94/O
                         net (fo=1, unplaced)         0.000     4.030    i_ariane/i_cva6/ex_stage_i/fpu_gen.fpu_i/fpu_gen.i_fpnew_bulk/gen_operation_groups[3].i_opgroup_block/gen_merged_slice.i_multifmt_slice/gen_num_lanes[0].active_lane.lane_instance.i_fpnew_cast_multi/mem_q[7][sbe][ex][cause][4]_i_94_n_0
                         CARRY4 (Prop_carry4_DI[1]_CO[3])
                                                      0.451     4.481 r  i_ariane/i_cva6/ex_stage_i/fpu_gen.fpu_i/fpu_gen.i_fpnew_bulk/gen_operation_groups[3].i_opgroup_block/gen_merged_slice.i_multifmt_slice/gen_num_lanes[0].active_lane.lane_instance.i_fpnew_cast_multi/mem_q_reg[7][sbe][ex][cause][4]_i_58/CO[3]
                         net (fo=1, unplaced)         0.000     4.481    i_ariane/i_cva6/ex_stage_i/fpu_gen.fpu_i/fpu_gen.i_fpnew_bulk/gen_operation_groups[3].i_opgroup_block/gen_merged_slice.i_multifmt_slice/gen_num_lanes[0].active_lane.lane_instance.i_fpnew_cast_multi/mem_q_reg[7][sbe][ex][cause][4]_i_58_n_0
                         CARRY4 (Prop_carry4_CI_CO[3])
                                                      0.100     4.581 r  i_ariane/i_cva6/ex_stage_i/fpu_gen.fpu_i/fpu_gen.i_fpnew_bulk/gen_operation_groups[3].i_opgroup_block/gen_merged_slice.i_multifmt_slice/gen_num_lanes[0].active_lane.lane_instance.i_fpnew_cast_multi/mem_q_reg[7][sbe][ex][cause][4]_i_40/CO[3]
                         net (fo=1, unplaced)         0.000     4.581    i_ariane/i_cva6/ex_stage_i/fpu_gen.fpu_i/fpu_gen.i_fpnew_bulk/gen_operation_groups[3].i_opgroup_block/gen_merged_slice.i_multifmt_slice/gen_num_lanes[0].active_lane.lane_instance.i_fpnew_cast_multi/mem_q_reg[7][sbe][ex][cause][4]_i_40_n_0
                         CARRY4 (Prop_carry4_CI_CO[3])
                                                      0.100     4.681 r  i_ariane/i_cva6/ex_stage_i/fpu_gen.fpu_i/fpu_gen.i_fpnew_bulk/gen_operation_groups[3].i_opgroup_block/gen_merged_slice.i_multifmt_slice/gen_num_lanes[0].active_lane.lane_instance.i_fpnew_cast_multi/mem_q_reg[7][sbe][ex][cause][4]_i_34/CO[3]
                         net (fo=146, unplaced)       0.719     5.400    i_ariane/i_cva6/ex_stage_i/fpu_gen.fpu_i/fpu_gen.i_fpnew_bulk/gen_operation_groups[3].i_opgroup_block/gen_merged_slice.i_multifmt_slice/gen_num_lanes[0].active_lane.lane_instance.i_fpnew_cast_multi/preshift_mant1
                         LUT5 (Prop_lut5_I2_O)        0.105     5.505 r  i_ariane/i_cva6/ex_stage_i/fpu_gen.fpu_i/fpu_gen.i_fpnew_bulk/gen_operation_groups[3].i_opgroup_block/gen_merged_slice.i_multifmt_slice/gen_num_lanes[0].active_lane.lane_instance.i_fpnew_cast_multi/mem_q[7][sbe][ex][cause][0]_i_331/O
                         net (fo=4, unplaced)         0.802     6.307    i_ariane/i_cva6/ex_stage_i/fpu_gen.fpu_i/fpu_gen.i_fpnew_bulk/gen_operation_groups[3].i_opgroup_block/gen_merged_slice.i_multifmt_slice/gen_num_lanes[0].active_lane.lane_instance.i_fpnew_cast_multi/preshift_mant[90]
                         LUT5 (Prop_lut5_I0_O)        0.105     6.412 r  i_ariane/i_cva6/ex_stage_i/fpu_gen.fpu_i/fpu_gen.i_fpnew_bulk/gen_operation_groups[3].i_opgroup_block/gen_merged_slice.i_multifmt_slice/gen_num_lanes[0].active_lane.lane_instance.i_fpnew_cast_multi/mem_q[7][sbe][ex][cause][0]_i_566/O
                         net (fo=4, unplaced)         0.606     7.018    i_ariane/i_cva6/ex_stage_i/fpu_gen.fpu_i/fpu_gen.i_fpnew_bulk/gen_operation_groups[3].i_opgroup_block/gen_merged_slice.i_multifmt_slice/gen_num_lanes[0].active_lane.lane_instance.i_fpnew_cast_multi/mem_q[7][sbe][ex][cause][0]_i_566_n_0
                         LUT6 (Prop_lut6_I1_O)        0.105     7.123 r  i_ariane/i_cva6/ex_stage_i/fpu_gen.fpu_i/fpu_gen.i_fpnew_bulk/gen_operation_groups[3].i_opgroup_block/gen_merged_slice.i_multifmt_slice/gen_num_lanes[0].active_lane.lane_instance.i_fpnew_cast_multi/mem_q[7][sbe][ex][cause][0]_i_415/O
                         net (fo=4, unplaced)         0.606     7.729    i_ariane/i_cva6/ex_stage_i/fpu_gen.fpu_i/fpu_gen.i_fpnew_bulk/gen_operation_groups[3].i_opgroup_block/gen_merged_slice.i_multifmt_slice/gen_num_lanes[0].active_lane.lane_instance.i_fpnew_cast_multi/mem_q[7][sbe][ex][cause][0]_i_415_n_0
                         LUT6 (Prop_lut6_I1_O)        0.105     7.834 r  i_ariane/i_cva6/ex_stage_i/fpu_gen.fpu_i/fpu_gen.i_fpnew_bulk/gen_operation_groups[3].i_opgroup_block/gen_merged_slice.i_multifmt_slice/gen_num_lanes[0].active_lane.lane_instance.i_fpnew_cast_multi/mem_q[7][sbe][ex][cause][0]_i_179/O
                         net (fo=3, unplaced)         0.796     8.630    i_ariane/i_cva6/ex_stage_i/fpu_gen.fpu_i/fpu_gen.i_fpnew_bulk/gen_operation_groups[3].i_opgroup_block/gen_merged_slice.i_multifmt_slice/gen_num_lanes[0].active_lane.lane_instance.i_fpnew_cast_multi/mem_q[7][sbe][ex][cause][0]_i_179_n_0
                         LUT6 (Prop_lut6_I0_O)        0.105     8.735 r  i_ariane/i_cva6/ex_stage_i/fpu_gen.fpu_i/fpu_gen.i_fpnew_bulk/gen_operation_groups[3].i_opgroup_block/gen_merged_slice.i_multifmt_slice/gen_num_lanes[0].active_lane.lane_instance.i_fpnew_cast_multi/mem_q[7][sbe][ex][cause][0]_i_225/O
                         net (fo=1, unplaced)         0.782     9.517    i_ariane/i_cva6/ex_stage_i/fpu_gen.fpu_i/fpu_gen.i_fpnew_bulk/gen_operation_groups[3].i_opgroup_block/gen_merged_slice.i_multifmt_slice/gen_num_lanes[0].active_lane.lane_instance.i_fpnew_cast_multi/mem_q[7][sbe][ex][cause][0]_i_225_n_0
                         LUT6 (Prop_lut6_I0_O)        0.105     9.622 r  i_ariane/i_cva6/ex_stage_i/fpu_gen.fpu_i/fpu_gen.i_fpnew_bulk/gen_operation_groups[3].i_opgroup_block/gen_merged_slice.i_multifmt_slice/gen_num_lanes[0].active_lane.lane_instance.i_fpnew_cast_multi/mem_q[7][sbe][ex][cause][0]_i_81/O
                         net (fo=1, unplaced)         0.778    10.400    i_ariane/i_cva6/ex_stage_i/fpu_gen.fpu_i/fpu_gen.i_fpnew_bulk/gen_operation_groups[3].i_opgroup_block/gen_merged_slice.i_multifmt_slice/gen_num_lanes[0].active_lane.lane_instance.i_fpnew_cast_multi/mem_q[7][sbe][ex][cause][0]_i_81_n_0
                         LUT6 (Prop_lut6_I1_O)        0.105    10.505 r  i_ariane/i_cva6/ex_stage_i/fpu_gen.fpu_i/fpu_gen.i_fpnew_bulk/gen_operation_groups[3].i_opgroup_block/gen_merged_slice.i_multifmt_slice/gen_num_lanes[0].active_lane.lane_instance.i_fpnew_cast_multi/mem_q[7][sbe][ex][cause][0]_i_25/O
                         net (fo=4, unplaced)         0.606    11.111    i_ariane/i_cva6/ex_stage_i/fpu_gen.fpu_i/fpu_gen.i_fpnew_bulk/gen_operation_groups[3].i_opgroup_block/gen_merged_slice.i_multifmt_slice/gen_num_lanes[0].active_lane.lane_instance.i_fpnew_cast_multi/fp_round_sticky_bits[0]
                         LUT6 (Prop_lut6_I0_O)        0.105    11.216 r  i_ariane/i_cva6/ex_stage_i/fpu_gen.fpu_i/fpu_gen.i_fpnew_bulk/gen_operation_groups[3].i_opgroup_block/gen_merged_slice.i_multifmt_slice/gen_num_lanes[0].active_lane.lane_instance.i_fpnew_cast_multi/mem_q[7][sbe][result][0]_i_174/O
                         net (fo=1, unplaced)         0.347    11.563    i_ariane/i_cva6/ex_stage_i/fpu_gen.fpu_i/fpu_gen.i_fpnew_bulk/gen_operation_groups[3].i_opgroup_block/gen_merged_slice.i_multifmt_slice/gen_num_lanes[0].active_lane.lane_instance.i_fpnew_cast_multi/mem_q[7][sbe][result][0]_i_174_n_0
                         LUT6 (Prop_lut6_I5_O)        0.105    11.668 r  i_ariane/i_cva6/ex_stage_i/fpu_gen.fpu_i/fpu_gen.i_fpnew_bulk/gen_operation_groups[3].i_opgroup_block/gen_merged_slice.i_multifmt_slice/gen_num_lanes[0].active_lane.lane_instance.i_fpnew_cast_multi/mem_q[7][sbe][result][0]_i_114/O
                         net (fo=1, unplaced)         0.000    11.668    i_ariane/i_cva6/ex_stage_i/fpu_gen.fpu_i/fpu_gen.i_fpnew_bulk/gen_operation_groups[3].i_opgroup_block/gen_merged_slice.i_multifmt_slice/gen_num_lanes[0].active_lane.lane_instance.i_fpnew_cast_multi/mem_q[7][sbe][result][0]_i_114_n_0
                         CARRY4 (Prop_carry4_S[0]_CO[3])
                                                      0.423    12.091 r  i_ariane/i_cva6/ex_stage_i/fpu_gen.fpu_i/fpu_gen.i_fpnew_bulk/gen_operation_groups[3].i_opgroup_block/gen_merged_slice.i_multifmt_slice/gen_num_lanes[0].active_lane.lane_instance.i_fpnew_cast_multi/mem_q_reg[7][sbe][result][0]_i_66/CO[3]
                         net (fo=1, unplaced)         0.000    12.091    i_ariane/i_cva6/ex_stage_i/fpu_gen.fpu_i/fpu_gen.i_fpnew_bulk/gen_operation_groups[3].i_opgroup_block/gen_merged_slice.i_multifmt_slice/gen_num_lanes[0].active_lane.lane_instance.i_fpnew_cast_multi/mem_q_reg[7][sbe][result][0]_i_66_n_0
                         CARRY4 (Prop_carry4_CI_CO[3])
                                                      0.100    12.191 r  i_ariane/i_cva6/ex_stage_i/fpu_gen.fpu_i/fpu_gen.i_fpnew_bulk/gen_operation_groups[3].i_opgroup_block/gen_merged_slice.i_multifmt_slice/gen_num_lanes[0].active_lane.lane_instance.i_fpnew_cast_multi/mem_q_reg[7][sbe][result][7]_i_77/CO[3]
                         net (fo=1, unplaced)         0.000    12.191    i_ariane/i_cva6/ex_stage_i/fpu_gen.fpu_i/fpu_gen.i_fpnew_bulk/gen_operation_groups[3].i_opgroup_block/gen_merged_slice.i_multifmt_slice/gen_num_lanes[0].active_lane.lane_instance.i_fpnew_cast_multi/mem_q_reg[7][sbe][result][7]_i_77_n_0
                         CARRY4 (Prop_carry4_CI_CO[3])
                                                      0.100    12.291 r  i_ariane/i_cva6/ex_stage_i/fpu_gen.fpu_i/fpu_gen.i_fpnew_bulk/gen_operation_groups[3].i_opgroup_block/gen_merged_slice.i_multifmt_slice/gen_num_lanes[0].active_lane.lane_instance.i_fpnew_cast_multi/mem_q_reg[7][sbe][result][11]_i_56/CO[3]
                         net (fo=1, unplaced)         0.000    12.291    i_ariane/i_cva6/ex_stage_i/fpu_gen.fpu_i/fpu_gen.i_fpnew_bulk/gen_operation_groups[3].i_opgroup_block/gen_merged_slice.i_multifmt_slice/gen_num_lanes[0].active_lane.lane_instance.i_fpnew_cast_multi/mem_q_reg[7][sbe][result][11]_i_56_n_0
                         CARRY4 (Prop_carry4_CI_CO[3])
                                                      0.100    12.391 r  i_ariane/i_cva6/ex_stage_i/fpu_gen.fpu_i/fpu_gen.i_fpnew_bulk/gen_operation_groups[3].i_opgroup_block/gen_merged_slice.i_multifmt_slice/gen_num_lanes[0].active_lane.lane_instance.i_fpnew_cast_multi/mem_q_reg[7][sbe][result][15]_i_77/CO[3]
                         net (fo=1, unplaced)         0.000    12.391    i_ariane/i_cva6/ex_stage_i/fpu_gen.fpu_i/fpu_gen.i_fpnew_bulk/gen_operation_groups[3].i_opgroup_block/gen_merged_slice.i_multifmt_slice/gen_num_lanes[0].active_lane.lane_instance.i_fpnew_cast_multi/mem_q_reg[7][sbe][result][15]_i_77_n_0
                         CARRY4 (Prop_carry4_CI_CO[3])
                                                      0.100    12.491 r  i_ariane/i_cva6/ex_stage_i/fpu_gen.fpu_i/fpu_gen.i_fpnew_bulk/gen_operation_groups[3].i_opgroup_block/gen_merged_slice.i_multifmt_slice/gen_num_lanes[0].active_lane.lane_instance.i_fpnew_cast_multi/mem_q_reg[7][sbe][result][19]_i_57/CO[3]
                         net (fo=1, unplaced)         0.000    12.491    i_ariane/i_cva6/ex_stage_i/fpu_gen.fpu_i/fpu_gen.i_fpnew_bulk/gen_operation_groups[3].i_opgroup_block/gen_merged_slice.i_multifmt_slice/gen_num_lanes[0].active_lane.lane_instance.i_fpnew_cast_multi/mem_q_reg[7][sbe][result][19]_i_57_n_0
                         CARRY4 (Prop_carry4_CI_CO[3])
                                                      0.100    12.591 r  i_ariane/i_cva6/ex_stage_i/fpu_gen.fpu_i/fpu_gen.i_fpnew_bulk/gen_operation_groups[3].i_opgroup_block/gen_merged_slice.i_multifmt_slice/gen_num_lanes[0].active_lane.lane_instance.i_fpnew_cast_multi/mem_q_reg[7][sbe][result][23]_i_77/CO[3]
                         net (fo=1, unplaced)         0.000    12.591    i_ariane/i_cva6/ex_stage_i/fpu_gen.fpu_i/fpu_gen.i_fpnew_bulk/gen_operation_groups[3].i_opgroup_block/gen_merged_slice.i_multifmt_slice/gen_num_lanes[0].active_lane.lane_instance.i_fpnew_cast_multi/mem_q_reg[7][sbe][result][23]_i_77_n_0
                         CARRY4 (Prop_carry4_CI_CO[3])
                                                      0.100    12.691 r  i_ariane/i_cva6/ex_stage_i/fpu_gen.fpu_i/fpu_gen.i_fpnew_bulk/gen_operation_groups[3].i_opgroup_block/gen_merged_slice.i_multifmt_slice/gen_num_lanes[0].active_lane.lane_instance.i_fpnew_cast_multi/mem_q_reg[7][sbe][ex][cause][1]_i_27/CO[3]
                         net (fo=1, unplaced)         0.000    12.691    i_ariane/i_cva6/ex_stage_i/fpu_gen.fpu_i/fpu_gen.i_fpnew_bulk/gen_operation_groups[3].i_opgroup_block/gen_merged_slice.i_multifmt_slice/gen_num_lanes[0].active_lane.lane_instance.i_fpnew_cast_multi/mem_q_reg[7][sbe][ex][cause][1]_i_27_n_0
                         CARRY4 (Prop_carry4_CI_CO[3])
                                                      0.100    12.791 r  i_ariane/i_cva6/ex_stage_i/fpu_gen.fpu_i/fpu_gen.i_fpnew_bulk/gen_operation_groups[3].i_opgroup_block/gen_merged_slice.i_multifmt_slice/gen_num_lanes[0].active_lane.lane_instance.i_fpnew_cast_multi/mem_q_reg[7][sbe][result][35]_i_47/CO[3]
                         net (fo=1, unplaced)         0.000    12.791    i_ariane/i_cva6/ex_stage_i/fpu_gen.fpu_i/fpu_gen.i_fpnew_bulk/gen_operation_groups[3].i_opgroup_block/gen_merged_slice.i_multifmt_slice/gen_num_lanes[0].active_lane.lane_instance.i_fpnew_cast_multi/mem_q_reg[7][sbe][result][35]_i_47_n_0
                         CARRY4 (Prop_carry4_CI_CO[3])
                                                      0.100    12.891 r  i_ariane/i_cva6/ex_stage_i/fpu_gen.fpu_i/fpu_gen.i_fpnew_bulk/gen_operation_groups[3].i_opgroup_block/gen_merged_slice.i_multifmt_slice/gen_num_lanes[0].active_lane.lane_instance.i_fpnew_cast_multi/mem_q_reg[7][sbe][result][35]_i_27/CO[3]
                         net (fo=1, unplaced)         0.000    12.891    i_ariane/i_cva6/ex_stage_i/fpu_gen.fpu_i/fpu_gen.i_fpnew_bulk/gen_operation_groups[3].i_opgroup_block/gen_merged_slice.i_multifmt_slice/gen_num_lanes[0].active_lane.lane_instance.i_fpnew_cast_multi/mem_q_reg[7][sbe][result][35]_i_27_n_0
                         CARRY4 (Prop_carry4_CI_CO[3])
                                                      0.100    12.991 r  i_ariane/i_cva6/ex_stage_i/fpu_gen.fpu_i/fpu_gen.i_fpnew_bulk/gen_operation_groups[3].i_opgroup_block/gen_merged_slice.i_multifmt_slice/gen_num_lanes[0].active_lane.lane_instance.i_fpnew_cast_multi/mem_q_reg[7][sbe][result][39]_i_16/CO[3]
                         net (fo=1, unplaced)         0.000    12.991    i_ariane/i_cva6/ex_stage_i/fpu_gen.fpu_i/fpu_gen.i_fpnew_bulk/gen_operation_groups[3].i_opgroup_block/gen_merged_slice.i_multifmt_slice/gen_num_lanes[0].active_lane.lane_instance.i_fpnew_cast_multi/mem_q_reg[7][sbe][result][39]_i_16_n_0
                         CARRY4 (Prop_carry4_CI_CO[3])
                                                      0.100    13.091 r  i_ariane/i_cva6/ex_stage_i/fpu_gen.fpu_i/fpu_gen.i_fpnew_bulk/gen_operation_groups[3].i_opgroup_block/gen_merged_slice.i_multifmt_slice/gen_num_lanes[0].active_lane.lane_instance.i_fpnew_cast_multi/mem_q_reg[7][sbe][result][43]_i_18/CO[3]
                         net (fo=1, unplaced)         0.000    13.091    i_ariane/i_cva6/ex_stage_i/fpu_gen.fpu_i/fpu_gen.i_fpnew_bulk/gen_operation_groups[3].i_opgroup_block/gen_merged_slice.i_multifmt_slice/gen_num_lanes[0].active_lane.lane_instance.i_fpnew_cast_multi/mem_q_reg[7][sbe][result][43]_i_18_n_0
                         CARRY4 (Prop_carry4_CI_CO[3])
                                                      0.100    13.191 r  i_ariane/i_cva6/ex_stage_i/fpu_gen.fpu_i/fpu_gen.i_fpnew_bulk/gen_operation_groups[3].i_opgroup_block/gen_merged_slice.i_multifmt_slice/gen_num_lanes[0].active_lane.lane_instance.i_fpnew_cast_multi/mem_q_reg[7][sbe][result][47]_i_21/CO[3]
                         net (fo=1, unplaced)         0.000    13.191    i_ariane/i_cva6/ex_stage_i/fpu_gen.fpu_i/fpu_gen.i_fpnew_bulk/gen_operation_groups[3].i_opgroup_block/gen_merged_slice.i_multifmt_slice/gen_num_lanes[0].active_lane.lane_instance.i_fpnew_cast_multi/mem_q_reg[7][sbe][result][47]_i_21_n_0
                         CARRY4 (Prop_carry4_CI_CO[3])
                                                      0.100    13.291 r  i_ariane/i_cva6/ex_stage_i/fpu_gen.fpu_i/fpu_gen.i_fpnew_bulk/gen_operation_groups[3].i_opgroup_block/gen_merged_slice.i_multifmt_slice/gen_num_lanes[0].active_lane.lane_instance.i_fpnew_cast_multi/mem_q_reg[7][sbe][result][50]_i_20/CO[3]
                         net (fo=1, unplaced)         0.000    13.291    i_ariane/i_cva6/ex_stage_i/fpu_gen.fpu_i/fpu_gen.i_fpnew_bulk/gen_operation_groups[3].i_opgroup_block/gen_merged_slice.i_multifmt_slice/gen_num_lanes[0].active_lane.lane_instance.i_fpnew_cast_multi/mem_q_reg[7][sbe][result][50]_i_20_n_0
                         CARRY4 (Prop_carry4_CI_CO[3])
                                                      0.100    13.391 r  i_ariane/i_cva6/ex_stage_i/fpu_gen.fpu_i/fpu_gen.i_fpnew_bulk/gen_operation_groups[3].i_opgroup_block/gen_merged_slice.i_multifmt_slice/gen_num_lanes[0].active_lane.lane_instance.i_fpnew_cast_multi/mem_q_reg[7][sbe][result][55]_i_25/CO[3]
                         net (fo=1, unplaced)         0.000    13.391    i_ariane/i_cva6/ex_stage_i/fpu_gen.fpu_i/fpu_gen.i_fpnew_bulk/gen_operation_groups[3].i_opgroup_block/gen_merged_slice.i_multifmt_slice/gen_num_lanes[0].active_lane.lane_instance.i_fpnew_cast_multi/mem_q_reg[7][sbe][result][55]_i_25_n_0
                         CARRY4 (Prop_carry4_CI_O[2])
                                                      0.214    13.605 f  i_ariane/i_cva6/ex_stage_i/fpu_gen.fpu_i/fpu_gen.i_fpnew_bulk/gen_operation_groups[3].i_opgroup_block/gen_merged_slice.i_multifmt_slice/gen_num_lanes[0].active_lane.lane_instance.i_fpnew_cast_multi/mem_q_reg[7][sbe][result][59]_i_28/O[2]
                         net (fo=6, unplaced)         0.381    13.986    i_ariane/i_cva6/ex_stage_i/fpu_gen.fpu_i/fpu_gen.i_fpnew_bulk/gen_operation_groups[3].i_opgroup_block/gen_merged_slice.i_multifmt_slice/gen_num_lanes[0].active_lane.lane_instance.i_fpnew_cast_multi/rounded_abs[58]
                         LUT1 (Prop_lut1_I0_O)        0.244    14.230 r  i_ariane/i_cva6/ex_stage_i/fpu_gen.fpu_i/fpu_gen.i_fpnew_bulk/gen_operation_groups[3].i_opgroup_block/gen_merged_slice.i_multifmt_slice/gen_num_lanes[0].active_lane.lane_instance.i_fpnew_cast_multi/mem_q[7][sbe][result][60]_i_105/O
                         net (fo=1, unplaced)         0.000    14.230    i_ariane/i_cva6/ex_stage_i/fpu_gen.fpu_i/fpu_gen.i_fpnew_bulk/gen_operation_groups[3].i_opgroup_block/gen_merged_slice.i_multifmt_slice/gen_num_lanes[0].active_lane.lane_instance.i_fpnew_cast_multi/mem_q[7][sbe][result][60]_i_105_n_0
                         CARRY4 (Prop_carry4_S[1]_CO[3])
                                                      0.444    14.674 r  i_ariane/i_cva6/ex_stage_i/fpu_gen.fpu_i/fpu_gen.i_fpnew_bulk/gen_operation_groups[3].i_opgroup_block/gen_merged_slice.i_multifmt_slice/gen_num_lanes[0].active_lane.lane_instance.i_fpnew_cast_multi/mem_q_reg[7][sbe][result][60]_i_51/CO[3]
                         net (fo=1, unplaced)         0.000    14.674    i_ariane/i_cva6/ex_stage_i/fpu_gen.fpu_i/fpu_gen.i_fpnew_bulk/gen_operation_groups[3].i_opgroup_block/gen_merged_slice.i_multifmt_slice/gen_num_lanes[0].active_lane.lane_instance.i_fpnew_cast_multi/mem_q_reg[7][sbe][result][60]_i_51_n_0
                         CARRY4 (Prop_carry4_CI_O[1])
                                                      0.269    14.943 r  i_ariane/i_cva6/ex_stage_i/fpu_gen.fpu_i/fpu_gen.i_fpnew_bulk/gen_operation_groups[3].i_opgroup_block/gen_merged_slice.i_multifmt_slice/gen_num_lanes[0].active_lane.lane_instance.i_fpnew_cast_multi/mem_q_reg[7][sbe][result][62]_i_30/O[1]
                         net (fo=2, unplaced)         0.251    15.194    i_ariane/i_cva6/ex_stage_i/fpu_gen.fpu_i/fpu_gen.i_fpnew_bulk/gen_operation_groups[3].i_opgroup_block/gen_merged_slice.i_multifmt_slice/gen_num_lanes[0].active_lane.lane_instance.i_fpnew_cast_multi/rounded_int_res0[62]
                         LUT3 (Prop_lut3_I0_O)        0.245    15.439 r  i_ariane/i_cva6/ex_stage_i/fpu_gen.fpu_i/fpu_gen.i_fpnew_bulk/gen_operation_groups[3].i_opgroup_block/gen_merged_slice.i_multifmt_slice/gen_num_lanes[0].active_lane.lane_instance.i_fpnew_cast_multi/mem_q[7][sbe][ex][cause][0]_i_211/O
                         net (fo=2, unplaced)         0.358    15.797    i_ariane/i_cva6/ex_stage_i/fpu_gen.fpu_i/fpu_gen.i_fpnew_bulk/gen_operation_groups[3].i_opgroup_block/gen_merged_slice.i_multifmt_slice/gen_num_lanes[0].active_lane.lane_instance.i_fpnew_cast_multi/mem_q[7][sbe][ex][cause][0]_i_211_n_0
                         LUT5 (Prop_lut5_I1_O)        0.105    15.902 f  i_ariane/i_cva6/ex_stage_i/fpu_gen.fpu_i/fpu_gen.i_fpnew_bulk/gen_operation_groups[3].i_opgroup_block/gen_merged_slice.i_multifmt_slice/gen_num_lanes[0].active_lane.lane_instance.i_fpnew_cast_multi/mem_q[7][sbe][ex][cause][4]_i_80/O
                         net (fo=1, unplaced)         0.000    15.902    i_ariane/i_cva6/ex_stage_i/fpu_gen.fpu_i/fpu_gen.i_fpnew_bulk/gen_operation_groups[3].i_opgroup_block/gen_merged_slice.i_multifmt_slice/gen_num_lanes[0].active_lane.lane_instance.i_fpnew_cast_multi/mem_q[7][sbe][ex][cause][4]_i_80_n_0
                         MUXF7 (Prop_muxf7_I1_O)      0.206    16.108 f  i_ariane/i_cva6/ex_stage_i/fpu_gen.fpu_i/fpu_gen.i_fpnew_bulk/gen_operation_groups[3].i_opgroup_block/gen_merged_slice.i_multifmt_slice/gen_num_lanes[0].active_lane.lane_instance.i_fpnew_cast_multi/mem_q_reg[7][sbe][ex][cause][4]_i_52/O
                         net (fo=1, unplaced)         0.349    16.457    i_ariane/i_cva6/ex_stage_i/fpu_gen.fpu_i/fpu_gen.i_fpnew_bulk/gen_operation_groups[3].i_opgroup_block/gen_merged_slice.i_multifmt_slice/gen_num_lanes[0].active_lane.lane_instance.i_fpnew_cast_multi/mem_q_reg[7][sbe][ex][cause][4]_i_52_n_0
                         LUT6 (Prop_lut6_I0_O)        0.242    16.699 f  i_ariane/i_cva6/ex_stage_i/fpu_gen.fpu_i/fpu_gen.i_fpnew_bulk/gen_operation_groups[3].i_opgroup_block/gen_merged_slice.i_multifmt_slice/gen_num_lanes[0].active_lane.lane_instance.i_fpnew_cast_multi/mem_q[7][sbe][ex][cause][4]_i_36/O
                         net (fo=1, unplaced)         0.347    17.046    i_ariane/i_cva6/ex_stage_i/fpu_gen.fpu_i/fpu_gen.i_fpnew_bulk/gen_operation_groups[3].i_opgroup_block/gen_merged_slice.i_multifmt_slice/gen_num_lanes[0].active_lane.lane_instance.i_fpnew_cast_multi/of_after_round
                         LUT6 (Prop_lut6_I5_O)        0.105    17.151 f  i_ariane/i_cva6/ex_stage_i/fpu_gen.fpu_i/fpu_gen.i_fpnew_bulk/gen_operation_groups[3].i_opgroup_block/gen_merged_slice.i_multifmt_slice/gen_num_lanes[0].active_lane.lane_instance.i_fpnew_cast_multi/mem_q[7][sbe][ex][cause][4]_i_28/O
                         net (fo=3, unplaced)         0.365    17.516    i_ariane/i_cva6/ex_stage_i/fpu_gen.fpu_i/fpu_gen.i_fpnew_bulk/gen_operation_groups[3].i_opgroup_block/gen_merged_slice.i_multifmt_slice/gen_num_lanes[0].active_lane.lane_instance.i_fpnew_cast_multi/int_regular_status[NV]
                         LUT6 (Prop_lut6_I0_O)        0.105    17.621 f  i_ariane/i_cva6/ex_stage_i/fpu_gen.fpu_i/fpu_gen.i_fpnew_bulk/gen_operation_groups[3].i_opgroup_block/gen_merged_slice.i_multifmt_slice/gen_num_lanes[0].active_lane.lane_instance.i_fpnew_cast_multi/mem_q[7][sbe][ex][cause][0]_i_9/O
                         net (fo=66, unplaced)        0.436    18.057    i_ariane/i_cva6/ex_stage_i/fpu_gen.fpu_i/fpu_gen.i_fpnew_bulk/gen_operation_groups[3].i_opgroup_block/gen_merged_slice.i_multifmt_slice/gen_num_lanes[0].active_lane.lane_instance.i_fpnew_cast_multi/int_result_is_special
                         LUT6 (Prop_lut6_I4_O)        0.105    18.162 r  i_ariane/i_cva6/ex_stage_i/fpu_gen.fpu_i/fpu_gen.i_fpnew_bulk/gen_operation_groups[3].i_opgroup_block/gen_merged_slice.i_multifmt_slice/gen_num_lanes[0].active_lane.lane_instance.i_fpnew_cast_multi/mem_q[7][sbe][result][63]_i_32/O
                         net (fo=2, unplaced)         0.358    18.520    i_ariane/i_cva6/ex_stage_i/fpu_gen.fpu_i/fpu_gen.i_fpnew_bulk/gen_operation_groups[3].i_opgroup_block/gen_merged_slice.i_multifmt_slice/gen_num_lanes[0].active_lane.lane_instance.i_fpnew_cast_multi/int_result[63]
                         LUT2 (Prop_lut2_I0_O)        0.105    18.625 r  i_ariane/i_cva6/ex_stage_i/fpu_gen.fpu_i/fpu_gen.i_fpnew_bulk/gen_operation_groups[3].i_opgroup_block/gen_merged_slice.i_multifmt_slice/gen_num_lanes[0].active_lane.lane_instance.i_fpnew_cast_multi/mem_q[7][sbe][result][50]_i_13/O
                         net (fo=21, unplaced)        0.408    19.033    i_ariane/i_cva6/ex_stage_i/fpu_gen.fpu_i/fpu_gen.i_fpnew_bulk/gen_operation_groups[3].i_opgroup_block/gen_merged_slice.i_multifmt_slice/gen_num_lanes[0].active_lane.lane_instance.i_fpnew_cast_multi/mem_q[7][sbe][result][50]_i_13_n_0
                         LUT5 (Prop_lut5_I0_O)        0.105    19.138 r  i_ariane/i_cva6/ex_stage_i/fpu_gen.fpu_i/fpu_gen.i_fpnew_bulk/gen_operation_groups[3].i_opgroup_block/gen_merged_slice.i_multifmt_slice/gen_num_lanes[0].active_lane.lane_instance.i_fpnew_cast_multi/mem_q[7][sbe][result][50]_i_5/O
                         net (fo=40, unplaced)        0.424    19.562    i_ariane/i_cva6/ex_stage_i/fpu_gen.fpu_i/fpu_gen.i_fpnew_bulk/gen_operation_groups[3].i_opgroup_block/gen_merged_slice.i_multifmt_slice/gen_num_lanes[0].active_lane.lane_instance.i_fpnew_cast_multi/mem_q[7][sbe][result][50]_i_5_n_0
                         LUT6 (Prop_lut6_I5_O)        0.105    19.667 r  i_ariane/i_cva6/ex_stage_i/fpu_gen.fpu_i/fpu_gen.i_fpnew_bulk/gen_operation_groups[3].i_opgroup_block/gen_merged_slice.i_multifmt_slice/gen_num_lanes[0].active_lane.lane_instance.i_fpnew_cast_multi/mem_q[7][sbe][result][63]_i_15/O
                         net (fo=1, unplaced)         0.347    20.014    i_ariane/i_cva6/ex_stage_i/fpu_gen.fpu_i/fpu_gen.i_fpnew_bulk/gen_operation_groups[2].i_opgroup_block/gen_parallel_slices[0].active_format.i_fmt_slice/gen_num_lanes[0].active_lane.lane_instance.i_noncomp/opgrp_outputs[3][result][0]
                         LUT6 (Prop_lut6_I0_O)        0.105    20.119 r  i_ariane/i_cva6/ex_stage_i/fpu_gen.fpu_i/fpu_gen.i_fpnew_bulk/gen_operation_groups[2].i_opgroup_block/gen_parallel_slices[0].active_format.i_fmt_slice/gen_num_lanes[0].active_lane.lane_instance.i_noncomp/mem_q[7][sbe][result][63]_i_8/O
                         net (fo=1, unplaced)         0.000    20.119    i_ariane/i_cva6/ex_stage_i/fpu_gen.fpu_i/fpu_gen.i_fpnew_bulk/gen_operation_groups[0].i_opgroup_block/gen_parallel_slices[0].active_format.i_fmt_slice/gen_num_lanes[0].active_lane.lane_instance.i_fma/gen_arbiter.data_nodes[2][result][44]
                         MUXF7 (Prop_muxf7_I1_O)      0.206    20.325 r  i_ariane/i_cva6/ex_stage_i/fpu_gen.fpu_i/fpu_gen.i_fpnew_bulk/gen_operation_groups[0].i_opgroup_block/gen_parallel_slices[0].active_format.i_fmt_slice/gen_num_lanes[0].active_lane.lane_instance.i_fma/mem_q_reg[7][sbe][result][63]_i_4/O
                         net (fo=14, unplaced)        0.400    20.725    i_ariane/i_cva6/ex_stage_i/fpu_gen.fpu_i/fpu_gen.i_fpnew_bulk/gen_operation_groups[0].i_opgroup_block/gen_parallel_slices[0].active_format.i_fmt_slice/gen_num_lanes[0].active_lane.lane_instance.i_fma/gen_arbiter.gen_int_rr.rr_q_reg[1]_4
                         LUT2 (Prop_lut2_I0_O)        0.242    20.967 f  i_ariane/i_cva6/ex_stage_i/fpu_gen.fpu_i/fpu_gen.i_fpnew_bulk/gen_operation_groups[0].i_opgroup_block/gen_parallel_slices[0].active_format.i_fmt_slice/gen_num_lanes[0].active_lane.lane_instance.i_fma/fu_data_q[0][operand_a][63]_i_54/O
                         net (fo=3, unplaced)         0.365    21.332    i_ariane/i_cva6/ex_stage_i/fpu_gen.fpu_i/fpu_gen.i_fpnew_bulk/gen_operation_groups[3].i_opgroup_block/gen_merged_slice.i_multifmt_slice/gen_num_lanes[0].active_lane.lane_instance.i_fpnew_cast_multi/fu_data_q[0][imm][63]_i_10
                         LUT6 (Prop_lut6_I5_O)        0.105    21.437 f  i_ariane/i_cva6/ex_stage_i/fpu_gen.fpu_i/fpu_gen.i_fpnew_bulk/gen_operation_groups[3].i_opgroup_block/gen_merged_slice.i_multifmt_slice/gen_num_lanes[0].active_lane.lane_instance.i_fpnew_cast_multi/fu_data_q[0][operand_a][63]_i_24/O
                         net (fo=3, unplaced)         0.365    21.802    i_ariane/i_cva6/ex_stage_i/fpu_gen.fpu_i/fpu_gen.i_fpnew_bulk/gen_operation_groups[0].i_opgroup_block/gen_parallel_slices[0].active_format.i_fmt_slice/gen_num_lanes[0].active_lane.lane_instance.i_fma/fu_data_q_reg[0][operand_b][63]_i_5_0
                         LUT6 (Prop_lut6_I3_O)        0.105    21.907 f  i_ariane/i_cva6/ex_stage_i/fpu_gen.fpu_i/fpu_gen.i_fpnew_bulk/gen_operation_groups[0].i_opgroup_block/gen_parallel_slices[0].active_format.i_fmt_slice/gen_num_lanes[0].active_lane.lane_instance.i_fma/fu_data_q[0][operand_a][63]_i_7/O
                         net (fo=1, unplaced)         0.000    21.907    i_ariane/i_cva6/ex_stage_i/fpu_gen.fpu_i/fpu_gen.i_fpnew_bulk/gen_operation_groups[3].i_opgroup_block/gen_merged_slice.i_multifmt_slice/gen_num_lanes[0].active_lane.lane_instance.i_fpnew_cast_multi/fu_data_q_reg[0][operand_a][63]_0
                         MUXF7 (Prop_muxf7_I1_O)      0.206    22.113 f  i_ariane/i_cva6/ex_stage_i/fpu_gen.fpu_i/fpu_gen.i_fpnew_bulk/gen_operation_groups[3].i_opgroup_block/gen_merged_slice.i_multifmt_slice/gen_num_lanes[0].active_lane.lane_instance.i_fpnew_cast_multi/fu_data_q_reg[0][operand_a][63]_i_2/O
                         net (fo=1, unplaced)         0.349    22.462    i_ariane/i_cva6/id_stage_i/fu_data_q_reg[0][operand_a][63]
                         LUT6 (Prop_lut6_I0_O)        0.242    22.704 r  i_ariane/i_cva6/id_stage_i/fu_data_q[0][operand_a][63]_i_1/O
                         net (fo=2, unplaced)         0.000    22.704    i_ariane/i_cva6/ex_stage_i/vaddr_to_be_flushed_reg[63]_0[63]
                         FDCE                                         r  i_ariane/i_cva6/ex_stage_i/vaddr_to_be_flushed_reg[63]/D
  -------------------------------------------------------------------    -------------------

                         (clock clk_i rise edge)     10.000    10.000 r  
                                                      0.000    10.000 r  clk_i (IN)
                         net (fo=33654, unset)        0.748    10.748    i_ariane/i_cva6/ex_stage_i/clk_i
                         FDCE                                         r  i_ariane/i_cva6/ex_stage_i/vaddr_to_be_flushed_reg[63]/C
                         clock pessimism              0.000    10.748    
                         clock uncertainty           -0.035    10.712    
                         FDCE (Setup_fdce_C_D)        0.043    10.755    i_ariane/i_cva6/ex_stage_i/vaddr_to_be_flushed_reg[63]
  -------------------------------------------------------------------
                         required time                         10.755    
                         arrival time                         -22.704    
  -------------------------------------------------------------------
                         slack                                -11.949    

Slack (VIOLATED) :        -11.949ns  (required time - arrival time)
  Source:                 i_ariane/i_cva6/ex_stage_i/fpu_gen.fpu_i/fpu_gen.i_fpnew_bulk/gen_operation_groups[3].i_opgroup_block/gen_merged_slice.i_multifmt_slice/gen_num_lanes[0].active_lane.lane_instance.i_fpnew_cast_multi/gen_inside_pipeline[0].mid_pipe_dst_fmt_q_reg[1][2]_rep/C
                            (rising edge-triggered cell FDCE clocked by clk_i  {rise@0.000ns fall@5.000ns period=10.000ns})
  Destination:            i_ariane/i_cva6/ex_stage_i/vaddr_to_be_flushed_reg[63]/D
                            (rising edge-triggered cell FDCE clocked by clk_i  {rise@0.000ns fall@5.000ns period=10.000ns})
  Path Group:             clk_i
  Path Type:              Setup (Max at Slow Process Corner)
  Requirement:            10.000ns  (clk_i rise@10.000ns - clk_i rise@0.000ns)
  Data Path Delay:        21.917ns  (logic 8.887ns (40.548%)  route 13.030ns (59.452%))
  Logic Levels:           52  (CARRY4=23 LUT1=1 LUT2=2 LUT3=2 LUT4=1 LUT5=4 LUT6=16 MUXF7=3)
  Clock Path Skew:        -0.039ns (DCD - SCD + CPR)
    Destination Clock Delay (DCD):    0.748ns = ( 10.748 - 10.000 ) 
    Source Clock Delay      (SCD):    0.787ns
    Clock Pessimism Removal (CPR):    0.000ns
  Clock Uncertainty:      0.035ns  ((TSJ^2 + TIJ^2)^1/2 + DJ) / 2 + PE
    Total System Jitter     (TSJ):    0.071ns
    Total Input Jitter      (TIJ):    0.000ns
    Discrete Jitter          (DJ):    0.000ns
    Phase Error              (PE):    0.000ns

    Location             Delay type                Incr(ns)  Path(ns)    Netlist Resource(s)
  -------------------------------------------------------------------    -------------------
                         (clock clk_i rise edge)      0.000     0.000 r  
                                                      0.000     0.000 r  clk_i (IN)
                         net (fo=33654, unset)        0.787     0.787    i_ariane/i_cva6/ex_stage_i/fpu_gen.fpu_i/fpu_gen.i_fpnew_bulk/gen_operation_groups[3].i_opgroup_block/gen_merged_slice.i_multifmt_slice/gen_num_lanes[0].active_lane.lane_instance.i_fpnew_cast_multi/clk_i
                         FDCE                                         r  i_ariane/i_cva6/ex_stage_i/fpu_gen.fpu_i/fpu_gen.i_fpnew_bulk/gen_operation_groups[3].i_opgroup_block/gen_merged_slice.i_multifmt_slice/gen_num_lanes[0].active_lane.lane_instance.i_fpnew_cast_multi/gen_inside_pipeline[0].mid_pipe_dst_fmt_q_reg[1][2]_rep/C
  -------------------------------------------------------------------    -------------------
                         FDCE (Prop_fdce_C_Q)         0.397     1.184 r  i_ariane/i_cva6/ex_stage_i/fpu_gen.fpu_i/fpu_gen.i_fpnew_bulk/gen_operation_groups[3].i_opgroup_block/gen_merged_slice.i_multifmt_slice/gen_num_lanes[0].active_lane.lane_instance.i_fpnew_cast_multi/gen_inside_pipeline[0].mid_pipe_dst_fmt_q_reg[1][2]_rep/Q
                         net (fo=165, unplaced)       0.737     1.921    i_ariane/i_cva6/ex_stage_i/fpu_gen.fpu_i/fpu_gen.i_fpnew_bulk/gen_operation_groups[3].i_opgroup_block/gen_merged_slice.i_multifmt_slice/gen_num_lanes[0].active_lane.lane_instance.i_fpnew_cast_multi/gen_inside_pipeline[0].mid_pipe_dst_fmt_q_reg[1][2]_rep_n_0
                         LUT3 (Prop_lut3_I0_O)        0.232     2.153 r  i_ariane/i_cva6/ex_stage_i/fpu_gen.fpu_i/fpu_gen.i_fpnew_bulk/gen_operation_groups[3].i_opgroup_block/gen_merged_slice.i_multifmt_slice/gen_num_lanes[0].active_lane.lane_instance.i_fpnew_cast_multi/mem_q[7][sbe][result][59]_i_188/O
                         net (fo=1, unplaced)         0.258     2.411    i_ariane/i_cva6/ex_stage_i/fpu_gen.fpu_i/fpu_gen.i_fpnew_bulk/gen_operation_groups[3].i_opgroup_block/gen_merged_slice.i_multifmt_slice/gen_num_lanes[0].active_lane.lane_instance.i_fpnew_cast_multi/preshift_mant3[0]
                         CARRY4 (Prop_carry4_CYINIT_CO[3])
                                                      0.494     2.905 r  i_ariane/i_cva6/ex_stage_i/fpu_gen.fpu_i/fpu_gen.i_fpnew_bulk/gen_operation_groups[3].i_opgroup_block/gen_merged_slice.i_multifmt_slice/gen_num_lanes[0].active_lane.lane_instance.i_fpnew_cast_multi/mem_q_reg[7][sbe][result][59]_i_177/CO[3]
                         net (fo=1, unplaced)         0.000     2.905    i_ariane/i_cva6/ex_stage_i/fpu_gen.fpu_i/fpu_gen.i_fpnew_bulk/gen_operation_groups[3].i_opgroup_block/gen_merged_slice.i_multifmt_slice/gen_num_lanes[0].active_lane.lane_instance.i_fpnew_cast_multi/mem_q_reg[7][sbe][result][59]_i_177_n_0
                         CARRY4 (Prop_carry4_CI_CO[3])
                                                      0.100     3.005 f  i_ariane/i_cva6/ex_stage_i/fpu_gen.fpu_i/fpu_gen.i_fpnew_bulk/gen_operation_groups[3].i_opgroup_block/gen_merged_slice.i_multifmt_slice/gen_num_lanes[0].active_lane.lane_instance.i_fpnew_cast_multi/mem_q_reg[7][sbe][ex][cause][4]_i_139/CO[3]
                         net (fo=1, unplaced)         0.000     3.005    i_ariane/i_cva6/ex_stage_i/fpu_gen.fpu_i/fpu_gen.i_fpnew_bulk/gen_operation_groups[3].i_opgroup_block/gen_merged_slice.i_multifmt_slice/gen_num_lanes[0].active_lane.lane_instance.i_fpnew_cast_multi/mem_q_reg[7][sbe][ex][cause][4]_i_139_n_0
                         CARRY4 (Prop_carry4_CI_O[1])
                                                      0.269     3.274 f  i_ariane/i_cva6/ex_stage_i/fpu_gen.fpu_i/fpu_gen.i_fpnew_bulk/gen_operation_groups[3].i_opgroup_block/gen_merged_slice.i_multifmt_slice/gen_num_lanes[0].active_lane.lane_instance.i_fpnew_cast_multi/mem_q_reg[7][sbe][ex][cause][4]_i_100/O[1]
                         net (fo=3, unplaced)         0.490     3.764    i_ariane/i_cva6/ex_stage_i/fpu_gen.fpu_i/fpu_gen.i_fpnew_bulk/gen_operation_groups[3].i_opgroup_block/gen_merged_slice.i_multifmt_slice/gen_num_lanes[0].active_lane.lane_instance.i_fpnew_cast_multi/mem_q_reg[7][sbe][ex][cause][4]_i_100_n_6
                         LUT4 (Prop_lut4_I1_O)        0.266     4.030 r  i_ariane/i_cva6/ex_stage_i/fpu_gen.fpu_i/fpu_gen.i_fpnew_bulk/gen_operation_groups[3].i_opgroup_block/gen_merged_slice.i_multifmt_slice/gen_num_lanes[0].active_lane.lane_instance.i_fpnew_cast_multi/mem_q[7][sbe][ex][cause][4]_i_94/O
                         net (fo=1, unplaced)         0.000     4.030    i_ariane/i_cva6/ex_stage_i/fpu_gen.fpu_i/fpu_gen.i_fpnew_bulk/gen_operation_groups[3].i_opgroup_block/gen_merged_slice.i_multifmt_slice/gen_num_lanes[0].active_lane.lane_instance.i_fpnew_cast_multi/mem_q[7][sbe][ex][cause][4]_i_94_n_0
                         CARRY4 (Prop_carry4_DI[1]_CO[3])
                                                      0.451     4.481 r  i_ariane/i_cva6/ex_stage_i/fpu_gen.fpu_i/fpu_gen.i_fpnew_bulk/gen_operation_groups[3].i_opgroup_block/gen_merged_slice.i_multifmt_slice/gen_num_lanes[0].active_lane.lane_instance.i_fpnew_cast_multi/mem_q_reg[7][sbe][ex][cause][4]_i_58/CO[3]
                         net (fo=1, unplaced)         0.000     4.481    i_ariane/i_cva6/ex_stage_i/fpu_gen.fpu_i/fpu_gen.i_fpnew_bulk/gen_operation_groups[3].i_opgroup_block/gen_merged_slice.i_multifmt_slice/gen_num_lanes[0].active_lane.lane_instance.i_fpnew_cast_multi/mem_q_reg[7][sbe][ex][cause][4]_i_58_n_0
                         CARRY4 (Prop_carry4_CI_CO[3])
                                                      0.100     4.581 r  i_ariane/i_cva6/ex_stage_i/fpu_gen.fpu_i/fpu_gen.i_fpnew_bulk/gen_operation_groups[3].i_opgroup_block/gen_merged_slice.i_multifmt_slice/gen_num_lanes[0].active_lane.lane_instance.i_fpnew_cast_multi/mem_q_reg[7][sbe][ex][cause][4]_i_40/CO[3]
                         net (fo=1, unplaced)         0.000     4.581    i_ariane/i_cva6/ex_stage_i/fpu_gen.fpu_i/fpu_gen.i_fpnew_bulk/gen_operation_groups[3].i_opgroup_block/gen_merged_slice.i_multifmt_slice/gen_num_lanes[0].active_lane.lane_instance.i_fpnew_cast_multi/mem_q_reg[7][sbe][ex][cause][4]_i_40_n_0
                         CARRY4 (Prop_carry4_CI_CO[3])
                                                      0.100     4.681 r  i_ariane/i_cva6/ex_stage_i/fpu_gen.fpu_i/fpu_gen.i_fpnew_bulk/gen_operation_groups[3].i_opgroup_block/gen_merged_slice.i_multifmt_slice/gen_num_lanes[0].active_lane.lane_instance.i_fpnew_cast_multi/mem_q_reg[7][sbe][ex][cause][4]_i_34/CO[3]
                         net (fo=146, unplaced)       0.719     5.400    i_ariane/i_cva6/ex_stage_i/fpu_gen.fpu_i/fpu_gen.i_fpnew_bulk/gen_operation_groups[3].i_opgroup_block/gen_merged_slice.i_multifmt_slice/gen_num_lanes[0].active_lane.lane_instance.i_fpnew_cast_multi/preshift_mant1
                         LUT5 (Prop_lut5_I2_O)        0.105     5.505 r  i_ariane/i_cva6/ex_stage_i/fpu_gen.fpu_i/fpu_gen.i_fpnew_bulk/gen_operation_groups[3].i_opgroup_block/gen_merged_slice.i_multifmt_slice/gen_num_lanes[0].active_lane.lane_instance.i_fpnew_cast_multi/mem_q[7][sbe][ex][cause][0]_i_331/O
                         net (fo=4, unplaced)         0.802     6.307    i_ariane/i_cva6/ex_stage_i/fpu_gen.fpu_i/fpu_gen.i_fpnew_bulk/gen_operation_groups[3].i_opgroup_block/gen_merged_slice.i_multifmt_slice/gen_num_lanes[0].active_lane.lane_instance.i_fpnew_cast_multi/preshift_mant[90]
                         LUT5 (Prop_lut5_I0_O)        0.105     6.412 r  i_ariane/i_cva6/ex_stage_i/fpu_gen.fpu_i/fpu_gen.i_fpnew_bulk/gen_operation_groups[3].i_opgroup_block/gen_merged_slice.i_multifmt_slice/gen_num_lanes[0].active_lane.lane_instance.i_fpnew_cast_multi/mem_q[7][sbe][ex][cause][0]_i_566/O
                         net (fo=4, unplaced)         0.606     7.018    i_ariane/i_cva6/ex_stage_i/fpu_gen.fpu_i/fpu_gen.i_fpnew_bulk/gen_operation_groups[3].i_opgroup_block/gen_merged_slice.i_multifmt_slice/gen_num_lanes[0].active_lane.lane_instance.i_fpnew_cast_multi/mem_q[7][sbe][ex][cause][0]_i_566_n_0
                         LUT6 (Prop_lut6_I1_O)        0.105     7.123 r  i_ariane/i_cva6/ex_stage_i/fpu_gen.fpu_i/fpu_gen.i_fpnew_bulk/gen_operation_groups[3].i_opgroup_block/gen_merged_slice.i_multifmt_slice/gen_num_lanes[0].active_lane.lane_instance.i_fpnew_cast_multi/mem_q[7][sbe][ex][cause][0]_i_415/O
                         net (fo=4, unplaced)         0.606     7.729    i_ariane/i_cva6/ex_stage_i/fpu_gen.fpu_i/fpu_gen.i_fpnew_bulk/gen_operation_groups[3].i_opgroup_block/gen_merged_slice.i_multifmt_slice/gen_num_lanes[0].active_lane.lane_instance.i_fpnew_cast_multi/mem_q[7][sbe][ex][cause][0]_i_415_n_0
                         LUT6 (Prop_lut6_I1_O)        0.105     7.834 r  i_ariane/i_cva6/ex_stage_i/fpu_gen.fpu_i/fpu_gen.i_fpnew_bulk/gen_operation_groups[3].i_opgroup_block/gen_merged_slice.i_multifmt_slice/gen_num_lanes[0].active_lane.lane_instance.i_fpnew_cast_multi/mem_q[7][sbe][ex][cause][0]_i_179/O
                         net (fo=3, unplaced)         0.796     8.630    i_ariane/i_cva6/ex_stage_i/fpu_gen.fpu_i/fpu_gen.i_fpnew_bulk/gen_operation_groups[3].i_opgroup_block/gen_merged_slice.i_multifmt_slice/gen_num_lanes[0].active_lane.lane_instance.i_fpnew_cast_multi/mem_q[7][sbe][ex][cause][0]_i_179_n_0
                         LUT6 (Prop_lut6_I0_O)        0.105     8.735 r  i_ariane/i_cva6/ex_stage_i/fpu_gen.fpu_i/fpu_gen.i_fpnew_bulk/gen_operation_groups[3].i_opgroup_block/gen_merged_slice.i_multifmt_slice/gen_num_lanes[0].active_lane.lane_instance.i_fpnew_cast_multi/mem_q[7][sbe][ex][cause][0]_i_225/O
                         net (fo=1, unplaced)         0.782     9.517    i_ariane/i_cva6/ex_stage_i/fpu_gen.fpu_i/fpu_gen.i_fpnew_bulk/gen_operation_groups[3].i_opgroup_block/gen_merged_slice.i_multifmt_slice/gen_num_lanes[0].active_lane.lane_instance.i_fpnew_cast_multi/mem_q[7][sbe][ex][cause][0]_i_225_n_0
                         LUT6 (Prop_lut6_I0_O)        0.105     9.622 r  i_ariane/i_cva6/ex_stage_i/fpu_gen.fpu_i/fpu_gen.i_fpnew_bulk/gen_operation_groups[3].i_opgroup_block/gen_merged_slice.i_multifmt_slice/gen_num_lanes[0].active_lane.lane_instance.i_fpnew_cast_multi/mem_q[7][sbe][ex][cause][0]_i_81/O
                         net (fo=1, unplaced)         0.778    10.400    i_ariane/i_cva6/ex_stage_i/fpu_gen.fpu_i/fpu_gen.i_fpnew_bulk/gen_operation_groups[3].i_opgroup_block/gen_merged_slice.i_multifmt_slice/gen_num_lanes[0].active_lane.lane_instance.i_fpnew_cast_multi/mem_q[7][sbe][ex][cause][0]_i_81_n_0
                         LUT6 (Prop_lut6_I1_O)        0.105    10.505 r  i_ariane/i_cva6/ex_stage_i/fpu_gen.fpu_i/fpu_gen.i_fpnew_bulk/gen_operation_groups[3].i_opgroup_block/gen_merged_slice.i_multifmt_slice/gen_num_lanes[0].active_lane.lane_instance.i_fpnew_cast_multi/mem_q[7][sbe][ex][cause][0]_i_25/O
                         net (fo=4, unplaced)         0.606    11.111    i_ariane/i_cva6/ex_stage_i/fpu_gen.fpu_i/fpu_gen.i_fpnew_bulk/gen_operation_groups[3].i_opgroup_block/gen_merged_slice.i_multifmt_slice/gen_num_lanes[0].active_lane.lane_instance.i_fpnew_cast_multi/fp_round_sticky_bits[0]
                         LUT6 (Prop_lut6_I0_O)        0.105    11.216 r  i_ariane/i_cva6/ex_stage_i/fpu_gen.fpu_i/fpu_gen.i_fpnew_bulk/gen_operation_groups[3].i_opgroup_block/gen_merged_slice.i_multifmt_slice/gen_num_lanes[0].active_lane.lane_instance.i_fpnew_cast_multi/mem_q[7][sbe][result][0]_i_174/O
                         net (fo=1, unplaced)         0.347    11.563    i_ariane/i_cva6/ex_stage_i/fpu_gen.fpu_i/fpu_gen.i_fpnew_bulk/gen_operation_groups[3].i_opgroup_block/gen_merged_slice.i_multifmt_slice/gen_num_lanes[0].active_lane.lane_instance.i_fpnew_cast_multi/mem_q[7][sbe][result][0]_i_174_n_0
                         LUT6 (Prop_lut6_I5_O)        0.105    11.668 r  i_ariane/i_cva6/ex_stage_i/fpu_gen.fpu_i/fpu_gen.i_fpnew_bulk/gen_operation_groups[3].i_opgroup_block/gen_merged_slice.i_multifmt_slice/gen_num_lanes[0].active_lane.lane_instance.i_fpnew_cast_multi/mem_q[7][sbe][result][0]_i_114/O
                         net (fo=1, unplaced)         0.000    11.668    i_ariane/i_cva6/ex_stage_i/fpu_gen.fpu_i/fpu_gen.i_fpnew_bulk/gen_operation_groups[3].i_opgroup_block/gen_merged_slice.i_multifmt_slice/gen_num_lanes[0].active_lane.lane_instance.i_fpnew_cast_multi/mem_q[7][sbe][result][0]_i_114_n_0
                         CARRY4 (Prop_carry4_S[0]_CO[3])
                                                      0.423    12.091 r  i_ariane/i_cva6/ex_stage_i/fpu_gen.fpu_i/fpu_gen.i_fpnew_bulk/gen_operation_groups[3].i_opgroup_block/gen_merged_slice.i_multifmt_slice/gen_num_lanes[0].active_lane.lane_instance.i_fpnew_cast_multi/mem_q_reg[7][sbe][result][0]_i_66/CO[3]
                         net (fo=1, unplaced)         0.000    12.091    i_ariane/i_cva6/ex_stage_i/fpu_gen.fpu_i/fpu_gen.i_fpnew_bulk/gen_operation_groups[3].i_opgroup_block/gen_merged_slice.i_multifmt_slice/gen_num_lanes[0].active_lane.lane_instance.i_fpnew_cast_multi/mem_q_reg[7][sbe][result][0]_i_66_n_0
                         CARRY4 (Prop_carry4_CI_CO[3])
                                                      0.100    12.191 r  i_ariane/i_cva6/ex_stage_i/fpu_gen.fpu_i/fpu_gen.i_fpnew_bulk/gen_operation_groups[3].i_opgroup_block/gen_merged_slice.i_multifmt_slice/gen_num_lanes[0].active_lane.lane_instance.i_fpnew_cast_multi/mem_q_reg[7][sbe][result][7]_i_77/CO[3]
                         net (fo=1, unplaced)         0.000    12.191    i_ariane/i_cva6/ex_stage_i/fpu_gen.fpu_i/fpu_gen.i_fpnew_bulk/gen_operation_groups[3].i_opgroup_block/gen_merged_slice.i_multifmt_slice/gen_num_lanes[0].active_lane.lane_instance.i_fpnew_cast_multi/mem_q_reg[7][sbe][result][7]_i_77_n_0
                         CARRY4 (Prop_carry4_CI_CO[3])
                                                      0.100    12.291 r  i_ariane/i_cva6/ex_stage_i/fpu_gen.fpu_i/fpu_gen.i_fpnew_bulk/gen_operation_groups[3].i_opgroup_block/gen_merged_slice.i_multifmt_slice/gen_num_lanes[0].active_lane.lane_instance.i_fpnew_cast_multi/mem_q_reg[7][sbe][result][11]_i_56/CO[3]
                         net (fo=1, unplaced)         0.000    12.291    i_ariane/i_cva6/ex_stage_i/fpu_gen.fpu_i/fpu_gen.i_fpnew_bulk/gen_operation_groups[3].i_opgroup_block/gen_merged_slice.i_multifmt_slice/gen_num_lanes[0].active_lane.lane_instance.i_fpnew_cast_multi/mem_q_reg[7][sbe][result][11]_i_56_n_0
                         CARRY4 (Prop_carry4_CI_CO[3])
                                                      0.100    12.391 r  i_ariane/i_cva6/ex_stage_i/fpu_gen.fpu_i/fpu_gen.i_fpnew_bulk/gen_operation_groups[3].i_opgroup_block/gen_merged_slice.i_multifmt_slice/gen_num_lanes[0].active_lane.lane_instance.i_fpnew_cast_multi/mem_q_reg[7][sbe][result][15]_i_77/CO[3]
                         net (fo=1, unplaced)         0.000    12.391    i_ariane/i_cva6/ex_stage_i/fpu_gen.fpu_i/fpu_gen.i_fpnew_bulk/gen_operation_groups[3].i_opgroup_block/gen_merged_slice.i_multifmt_slice/gen_num_lanes[0].active_lane.lane_instance.i_fpnew_cast_multi/mem_q_reg[7][sbe][result][15]_i_77_n_0
                         CARRY4 (Prop_carry4_CI_CO[3])
                                                      0.100    12.491 r  i_ariane/i_cva6/ex_stage_i/fpu_gen.fpu_i/fpu_gen.i_fpnew_bulk/gen_operation_groups[3].i_opgroup_block/gen_merged_slice.i_multifmt_slice/gen_num_lanes[0].active_lane.lane_instance.i_fpnew_cast_multi/mem_q_reg[7][sbe][result][19]_i_57/CO[3]
                         net (fo=1, unplaced)         0.000    12.491    i_ariane/i_cva6/ex_stage_i/fpu_gen.fpu_i/fpu_gen.i_fpnew_bulk/gen_operation_groups[3].i_opgroup_block/gen_merged_slice.i_multifmt_slice/gen_num_lanes[0].active_lane.lane_instance.i_fpnew_cast_multi/mem_q_reg[7][sbe][result][19]_i_57_n_0
                         CARRY4 (Prop_carry4_CI_CO[3])
                                                      0.100    12.591 r  i_ariane/i_cva6/ex_stage_i/fpu_gen.fpu_i/fpu_gen.i_fpnew_bulk/gen_operation_groups[3].i_opgroup_block/gen_merged_slice.i_multifmt_slice/gen_num_lanes[0].active_lane.lane_instance.i_fpnew_cast_multi/mem_q_reg[7][sbe][result][23]_i_77/CO[3]
                         net (fo=1, unplaced)         0.000    12.591    i_ariane/i_cva6/ex_stage_i/fpu_gen.fpu_i/fpu_gen.i_fpnew_bulk/gen_operation_groups[3].i_opgroup_block/gen_merged_slice.i_multifmt_slice/gen_num_lanes[0].active_lane.lane_instance.i_fpnew_cast_multi/mem_q_reg[7][sbe][result][23]_i_77_n_0
                         CARRY4 (Prop_carry4_CI_CO[3])
                                                      0.100    12.691 r  i_ariane/i_cva6/ex_stage_i/fpu_gen.fpu_i/fpu_gen.i_fpnew_bulk/gen_operation_groups[3].i_opgroup_block/gen_merged_slice.i_multifmt_slice/gen_num_lanes[0].active_lane.lane_instance.i_fpnew_cast_multi/mem_q_reg[7][sbe][ex][cause][1]_i_27/CO[3]
                         net (fo=1, unplaced)         0.000    12.691    i_ariane/i_cva6/ex_stage_i/fpu_gen.fpu_i/fpu_gen.i_fpnew_bulk/gen_operation_groups[3].i_opgroup_block/gen_merged_slice.i_multifmt_slice/gen_num_lanes[0].active_lane.lane_instance.i_fpnew_cast_multi/mem_q_reg[7][sbe][ex][cause][1]_i_27_n_0
                         CARRY4 (Prop_carry4_CI_CO[3])
                                                      0.100    12.791 r  i_ariane/i_cva6/ex_stage_i/fpu_gen.fpu_i/fpu_gen.i_fpnew_bulk/gen_operation_groups[3].i_opgroup_block/gen_merged_slice.i_multifmt_slice/gen_num_lanes[0].active_lane.lane_instance.i_fpnew_cast_multi/mem_q_reg[7][sbe][result][35]_i_47/CO[3]
                         net (fo=1, unplaced)         0.000    12.791    i_ariane/i_cva6/ex_stage_i/fpu_gen.fpu_i/fpu_gen.i_fpnew_bulk/gen_operation_groups[3].i_opgroup_block/gen_merged_slice.i_multifmt_slice/gen_num_lanes[0].active_lane.lane_instance.i_fpnew_cast_multi/mem_q_reg[7][sbe][result][35]_i_47_n_0
                         CARRY4 (Prop_carry4_CI_CO[3])
                                                      0.100    12.891 r  i_ariane/i_cva6/ex_stage_i/fpu_gen.fpu_i/fpu_gen.i_fpnew_bulk/gen_operation_groups[3].i_opgroup_block/gen_merged_slice.i_multifmt_slice/gen_num_lanes[0].active_lane.lane_instance.i_fpnew_cast_multi/mem_q_reg[7][sbe][result][35]_i_27/CO[3]
                         net (fo=1, unplaced)         0.000    12.891    i_ariane/i_cva6/ex_stage_i/fpu_gen.fpu_i/fpu_gen.i_fpnew_bulk/gen_operation_groups[3].i_opgroup_block/gen_merged_slice.i_multifmt_slice/gen_num_lanes[0].active_lane.lane_instance.i_fpnew_cast_multi/mem_q_reg[7][sbe][result][35]_i_27_n_0
                         CARRY4 (Prop_carry4_CI_CO[3])
                                                      0.100    12.991 r  i_ariane/i_cva6/ex_stage_i/fpu_gen.fpu_i/fpu_gen.i_fpnew_bulk/gen_operation_groups[3].i_opgroup_block/gen_merged_slice.i_multifmt_slice/gen_num_lanes[0].active_lane.lane_instance.i_fpnew_cast_multi/mem_q_reg[7][sbe][result][39]_i_16/CO[3]
                         net (fo=1, unplaced)         0.000    12.991    i_ariane/i_cva6/ex_stage_i/fpu_gen.fpu_i/fpu_gen.i_fpnew_bulk/gen_operation_groups[3].i_opgroup_block/gen_merged_slice.i_multifmt_slice/gen_num_lanes[0].active_lane.lane_instance.i_fpnew_cast_multi/mem_q_reg[7][sbe][result][39]_i_16_n_0
                         CARRY4 (Prop_carry4_CI_CO[3])
                                                      0.100    13.091 r  i_ariane/i_cva6/ex_stage_i/fpu_gen.fpu_i/fpu_gen.i_fpnew_bulk/gen_operation_groups[3].i_opgroup_block/gen_merged_slice.i_multifmt_slice/gen_num_lanes[0].active_lane.lane_instance.i_fpnew_cast_multi/mem_q_reg[7][sbe][result][43]_i_18/CO[3]
                         net (fo=1, unplaced)         0.000    13.091    i_ariane/i_cva6/ex_stage_i/fpu_gen.fpu_i/fpu_gen.i_fpnew_bulk/gen_operation_groups[3].i_opgroup_block/gen_merged_slice.i_multifmt_slice/gen_num_lanes[0].active_lane.lane_instance.i_fpnew_cast_multi/mem_q_reg[7][sbe][result][43]_i_18_n_0
                         CARRY4 (Prop_carry4_CI_CO[3])
                                                      0.100    13.191 r  i_ariane/i_cva6/ex_stage_i/fpu_gen.fpu_i/fpu_gen.i_fpnew_bulk/gen_operation_groups[3].i_opgroup_block/gen_merged_slice.i_multifmt_slice/gen_num_lanes[0].active_lane.lane_instance.i_fpnew_cast_multi/mem_q_reg[7][sbe][result][47]_i_21/CO[3]
                         net (fo=1, unplaced)         0.000    13.191    i_ariane/i_cva6/ex_stage_i/fpu_gen.fpu_i/fpu_gen.i_fpnew_bulk/gen_operation_groups[3].i_opgroup_block/gen_merged_slice.i_multifmt_slice/gen_num_lanes[0].active_lane.lane_instance.i_fpnew_cast_multi/mem_q_reg[7][sbe][result][47]_i_21_n_0
                         CARRY4 (Prop_carry4_CI_CO[3])
                                                      0.100    13.291 r  i_ariane/i_cva6/ex_stage_i/fpu_gen.fpu_i/fpu_gen.i_fpnew_bulk/gen_operation_groups[3].i_opgroup_block/gen_merged_slice.i_multifmt_slice/gen_num_lanes[0].active_lane.lane_instance.i_fpnew_cast_multi/mem_q_reg[7][sbe][result][50]_i_20/CO[3]
                         net (fo=1, unplaced)         0.000    13.291    i_ariane/i_cva6/ex_stage_i/fpu_gen.fpu_i/fpu_gen.i_fpnew_bulk/gen_operation_groups[3].i_opgroup_block/gen_merged_slice.i_multifmt_slice/gen_num_lanes[0].active_lane.lane_instance.i_fpnew_cast_multi/mem_q_reg[7][sbe][result][50]_i_20_n_0
                         CARRY4 (Prop_carry4_CI_CO[3])
                                                      0.100    13.391 r  i_ariane/i_cva6/ex_stage_i/fpu_gen.fpu_i/fpu_gen.i_fpnew_bulk/gen_operation_groups[3].i_opgroup_block/gen_merged_slice.i_multifmt_slice/gen_num_lanes[0].active_lane.lane_instance.i_fpnew_cast_multi/mem_q_reg[7][sbe][result][55]_i_25/CO[3]
                         net (fo=1, unplaced)         0.000    13.391    i_ariane/i_cva6/ex_stage_i/fpu_gen.fpu_i/fpu_gen.i_fpnew_bulk/gen_operation_groups[3].i_opgroup_block/gen_merged_slice.i_multifmt_slice/gen_num_lanes[0].active_lane.lane_instance.i_fpnew_cast_multi/mem_q_reg[7][sbe][result][55]_i_25_n_0
                         CARRY4 (Prop_carry4_CI_O[2])
                                                      0.214    13.605 f  i_ariane/i_cva6/ex_stage_i/fpu_gen.fpu_i/fpu_gen.i_fpnew_bulk/gen_operation_groups[3].i_opgroup_block/gen_merged_slice.i_multifmt_slice/gen_num_lanes[0].active_lane.lane_instance.i_fpnew_cast_multi/mem_q_reg[7][sbe][result][59]_i_28/O[2]
                         net (fo=6, unplaced)         0.381    13.986    i_ariane/i_cva6/ex_stage_i/fpu_gen.fpu_i/fpu_gen.i_fpnew_bulk/gen_operation_groups[3].i_opgroup_block/gen_merged_slice.i_multifmt_slice/gen_num_lanes[0].active_lane.lane_instance.i_fpnew_cast_multi/rounded_abs[58]
                         LUT1 (Prop_lut1_I0_O)        0.244    14.230 r  i_ariane/i_cva6/ex_stage_i/fpu_gen.fpu_i/fpu_gen.i_fpnew_bulk/gen_operation_groups[3].i_opgroup_block/gen_merged_slice.i_multifmt_slice/gen_num_lanes[0].active_lane.lane_instance.i_fpnew_cast_multi/mem_q[7][sbe][result][60]_i_105/O
                         net (fo=1, unplaced)         0.000    14.230    i_ariane/i_cva6/ex_stage_i/fpu_gen.fpu_i/fpu_gen.i_fpnew_bulk/gen_operation_groups[3].i_opgroup_block/gen_merged_slice.i_multifmt_slice/gen_num_lanes[0].active_lane.lane_instance.i_fpnew_cast_multi/mem_q[7][sbe][result][60]_i_105_n_0
                         CARRY4 (Prop_carry4_S[1]_CO[3])
                                                      0.444    14.674 r  i_ariane/i_cva6/ex_stage_i/fpu_gen.fpu_i/fpu_gen.i_fpnew_bulk/gen_operation_groups[3].i_opgroup_block/gen_merged_slice.i_multifmt_slice/gen_num_lanes[0].active_lane.lane_instance.i_fpnew_cast_multi/mem_q_reg[7][sbe][result][60]_i_51/CO[3]
                         net (fo=1, unplaced)         0.000    14.674    i_ariane/i_cva6/ex_stage_i/fpu_gen.fpu_i/fpu_gen.i_fpnew_bulk/gen_operation_groups[3].i_opgroup_block/gen_merged_slice.i_multifmt_slice/gen_num_lanes[0].active_lane.lane_instance.i_fpnew_cast_multi/mem_q_reg[7][sbe][result][60]_i_51_n_0
                         CARRY4 (Prop_carry4_CI_O[1])
                                                      0.269    14.943 r  i_ariane/i_cva6/ex_stage_i/fpu_gen.fpu_i/fpu_gen.i_fpnew_bulk/gen_operation_groups[3].i_opgroup_block/gen_merged_slice.i_multifmt_slice/gen_num_lanes[0].active_lane.lane_instance.i_fpnew_cast_multi/mem_q_reg[7][sbe][result][62]_i_30/O[1]
                         net (fo=2, unplaced)         0.251    15.194    i_ariane/i_cva6/ex_stage_i/fpu_gen.fpu_i/fpu_gen.i_fpnew_bulk/gen_operation_groups[3].i_opgroup_block/gen_merged_slice.i_multifmt_slice/gen_num_lanes[0].active_lane.lane_instance.i_fpnew_cast_multi/rounded_int_res0[62]
                         LUT3 (Prop_lut3_I0_O)        0.245    15.439 r  i_ariane/i_cva6/ex_stage_i/fpu_gen.fpu_i/fpu_gen.i_fpnew_bulk/gen_operation_groups[3].i_opgroup_block/gen_merged_slice.i_multifmt_slice/gen_num_lanes[0].active_lane.lane_instance.i_fpnew_cast_multi/mem_q[7][sbe][ex][cause][0]_i_211/O
                         net (fo=2, unplaced)         0.358    15.797    i_ariane/i_cva6/ex_stage_i/fpu_gen.fpu_i/fpu_gen.i_fpnew_bulk/gen_operation_groups[3].i_opgroup_block/gen_merged_slice.i_multifmt_slice/gen_num_lanes[0].active_lane.lane_instance.i_fpnew_cast_multi/mem_q[7][sbe][ex][cause][0]_i_211_n_0
                         LUT5 (Prop_lut5_I1_O)        0.105    15.902 f  i_ariane/i_cva6/ex_stage_i/fpu_gen.fpu_i/fpu_gen.i_fpnew_bulk/gen_operation_groups[3].i_opgroup_block/gen_merged_slice.i_multifmt_slice/gen_num_lanes[0].active_lane.lane_instance.i_fpnew_cast_multi/mem_q[7][sbe][ex][cause][4]_i_80/O
                         net (fo=1, unplaced)         0.000    15.902    i_ariane/i_cva6/ex_stage_i/fpu_gen.fpu_i/fpu_gen.i_fpnew_bulk/gen_operation_groups[3].i_opgroup_block/gen_merged_slice.i_multifmt_slice/gen_num_lanes[0].active_lane.lane_instance.i_fpnew_cast_multi/mem_q[7][sbe][ex][cause][4]_i_80_n_0
                         MUXF7 (Prop_muxf7_I1_O)      0.206    16.108 f  i_ariane/i_cva6/ex_stage_i/fpu_gen.fpu_i/fpu_gen.i_fpnew_bulk/gen_operation_groups[3].i_opgroup_block/gen_merged_slice.i_multifmt_slice/gen_num_lanes[0].active_lane.lane_instance.i_fpnew_cast_multi/mem_q_reg[7][sbe][ex][cause][4]_i_52/O
                         net (fo=1, unplaced)         0.349    16.457    i_ariane/i_cva6/ex_stage_i/fpu_gen.fpu_i/fpu_gen.i_fpnew_bulk/gen_operation_groups[3].i_opgroup_block/gen_merged_slice.i_multifmt_slice/gen_num_lanes[0].active_lane.lane_instance.i_fpnew_cast_multi/mem_q_reg[7][sbe][ex][cause][4]_i_52_n_0
                         LUT6 (Prop_lut6_I0_O)        0.242    16.699 f  i_ariane/i_cva6/ex_stage_i/fpu_gen.fpu_i/fpu_gen.i_fpnew_bulk/gen_operation_groups[3].i_opgroup_block/gen_merged_slice.i_multifmt_slice/gen_num_lanes[0].active_lane.lane_instance.i_fpnew_cast_multi/mem_q[7][sbe][ex][cause][4]_i_36/O
                         net (fo=1, unplaced)         0.347    17.046    i_ariane/i_cva6/ex_stage_i/fpu_gen.fpu_i/fpu_gen.i_fpnew_bulk/gen_operation_groups[3].i_opgroup_block/gen_merged_slice.i_multifmt_slice/gen_num_lanes[0].active_lane.lane_instance.i_fpnew_cast_multi/of_after_round
                         LUT6 (Prop_lut6_I5_O)        0.105    17.151 f  i_ariane/i_cva6/ex_stage_i/fpu_gen.fpu_i/fpu_gen.i_fpnew_bulk/gen_operation_groups[3].i_opgroup_block/gen_merged_slice.i_multifmt_slice/gen_num_lanes[0].active_lane.lane_instance.i_fpnew_cast_multi/mem_q[7][sbe][ex][cause][4]_i_28/O
                         net (fo=3, unplaced)         0.365    17.516    i_ariane/i_cva6/ex_stage_i/fpu_gen.fpu_i/fpu_gen.i_fpnew_bulk/gen_operation_groups[3].i_opgroup_block/gen_merged_slice.i_multifmt_slice/gen_num_lanes[0].active_lane.lane_instance.i_fpnew_cast_multi/int_regular_status[NV]
                         LUT6 (Prop_lut6_I0_O)        0.105    17.621 f  i_ariane/i_cva6/ex_stage_i/fpu_gen.fpu_i/fpu_gen.i_fpnew_bulk/gen_operation_groups[3].i_opgroup_block/gen_merged_slice.i_multifmt_slice/gen_num_lanes[0].active_lane.lane_instance.i_fpnew_cast_multi/mem_q[7][sbe][ex][cause][0]_i_9/O
                         net (fo=66, unplaced)        0.436    18.057    i_ariane/i_cva6/ex_stage_i/fpu_gen.fpu_i/fpu_gen.i_fpnew_bulk/gen_operation_groups[3].i_opgroup_block/gen_merged_slice.i_multifmt_slice/gen_num_lanes[0].active_lane.lane_instance.i_fpnew_cast_multi/int_result_is_special
                         LUT6 (Prop_lut6_I4_O)        0.105    18.162 r  i_ariane/i_cva6/ex_stage_i/fpu_gen.fpu_i/fpu_gen.i_fpnew_bulk/gen_operation_groups[3].i_opgroup_block/gen_merged_slice.i_multifmt_slice/gen_num_lanes[0].active_lane.lane_instance.i_fpnew_cast_multi/mem_q[7][sbe][result][63]_i_32/O
                         net (fo=2, unplaced)         0.358    18.520    i_ariane/i_cva6/ex_stage_i/fpu_gen.fpu_i/fpu_gen.i_fpnew_bulk/gen_operation_groups[3].i_opgroup_block/gen_merged_slice.i_multifmt_slice/gen_num_lanes[0].active_lane.lane_instance.i_fpnew_cast_multi/int_result[63]
                         LUT2 (Prop_lut2_I0_O)        0.105    18.625 r  i_ariane/i_cva6/ex_stage_i/fpu_gen.fpu_i/fpu_gen.i_fpnew_bulk/gen_operation_groups[3].i_opgroup_block/gen_merged_slice.i_multifmt_slice/gen_num_lanes[0].active_lane.lane_instance.i_fpnew_cast_multi/mem_q[7][sbe][result][50]_i_13/O
                         net (fo=21, unplaced)        0.408    19.033    i_ariane/i_cva6/ex_stage_i/fpu_gen.fpu_i/fpu_gen.i_fpnew_bulk/gen_operation_groups[3].i_opgroup_block/gen_merged_slice.i_multifmt_slice/gen_num_lanes[0].active_lane.lane_instance.i_fpnew_cast_multi/mem_q[7][sbe][result][50]_i_13_n_0
                         LUT5 (Prop_lut5_I0_O)        0.105    19.138 r  i_ariane/i_cva6/ex_stage_i/fpu_gen.fpu_i/fpu_gen.i_fpnew_bulk/gen_operation_groups[3].i_opgroup_block/gen_merged_slice.i_multifmt_slice/gen_num_lanes[0].active_lane.lane_instance.i_fpnew_cast_multi/mem_q[7][sbe][result][50]_i_5/O
                         net (fo=40, unplaced)        0.424    19.562    i_ariane/i_cva6/ex_stage_i/fpu_gen.fpu_i/fpu_gen.i_fpnew_bulk/gen_operation_groups[3].i_opgroup_block/gen_merged_slice.i_multifmt_slice/gen_num_lanes[0].active_lane.lane_instance.i_fpnew_cast_multi/mem_q[7][sbe][result][50]_i_5_n_0
                         LUT6 (Prop_lut6_I5_O)        0.105    19.667 r  i_ariane/i_cva6/ex_stage_i/fpu_gen.fpu_i/fpu_gen.i_fpnew_bulk/gen_operation_groups[3].i_opgroup_block/gen_merged_slice.i_multifmt_slice/gen_num_lanes[0].active_lane.lane_instance.i_fpnew_cast_multi/mem_q[7][sbe][result][63]_i_15/O
                         net (fo=1, unplaced)         0.347    20.014    i_ariane/i_cva6/ex_stage_i/fpu_gen.fpu_i/fpu_gen.i_fpnew_bulk/gen_operation_groups[2].i_opgroup_block/gen_parallel_slices[0].active_format.i_fmt_slice/gen_num_lanes[0].active_lane.lane_instance.i_noncomp/opgrp_outputs[3][result][0]
                         LUT6 (Prop_lut6_I0_O)        0.105    20.119 r  i_ariane/i_cva6/ex_stage_i/fpu_gen.fpu_i/fpu_gen.i_fpnew_bulk/gen_operation_groups[2].i_opgroup_block/gen_parallel_slices[0].active_format.i_fmt_slice/gen_num_lanes[0].active_lane.lane_instance.i_noncomp/mem_q[7][sbe][result][63]_i_8/O
                         net (fo=1, unplaced)         0.000    20.119    i_ariane/i_cva6/ex_stage_i/fpu_gen.fpu_i/fpu_gen.i_fpnew_bulk/gen_operation_groups[0].i_opgroup_block/gen_parallel_slices[0].active_format.i_fmt_slice/gen_num_lanes[0].active_lane.lane_instance.i_fma/gen_arbiter.data_nodes[2][result][44]
                         MUXF7 (Prop_muxf7_I1_O)      0.206    20.325 r  i_ariane/i_cva6/ex_stage_i/fpu_gen.fpu_i/fpu_gen.i_fpnew_bulk/gen_operation_groups[0].i_opgroup_block/gen_parallel_slices[0].active_format.i_fmt_slice/gen_num_lanes[0].active_lane.lane_instance.i_fma/mem_q_reg[7][sbe][result][63]_i_4/O
                         net (fo=14, unplaced)        0.400    20.725    i_ariane/i_cva6/ex_stage_i/fpu_gen.fpu_i/fpu_gen.i_fpnew_bulk/gen_operation_groups[0].i_opgroup_block/gen_parallel_slices[0].active_format.i_fmt_slice/gen_num_lanes[0].active_lane.lane_instance.i_fma/gen_arbiter.gen_int_rr.rr_q_reg[1]_4
                         LUT2 (Prop_lut2_I0_O)        0.242    20.967 f  i_ariane/i_cva6/ex_stage_i/fpu_gen.fpu_i/fpu_gen.i_fpnew_bulk/gen_operation_groups[0].i_opgroup_block/gen_parallel_slices[0].active_format.i_fmt_slice/gen_num_lanes[0].active_lane.lane_instance.i_fma/fu_data_q[0][operand_a][63]_i_54/O
                         net (fo=3, unplaced)         0.365    21.332    i_ariane/i_cva6/ex_stage_i/fpu_gen.fpu_i/fpu_gen.i_fpnew_bulk/gen_operation_groups[3].i_opgroup_block/gen_merged_slice.i_multifmt_slice/gen_num_lanes[0].active_lane.lane_instance.i_fpnew_cast_multi/fu_data_q[0][imm][63]_i_10
                         LUT6 (Prop_lut6_I5_O)        0.105    21.437 f  i_ariane/i_cva6/ex_stage_i/fpu_gen.fpu_i/fpu_gen.i_fpnew_bulk/gen_operation_groups[3].i_opgroup_block/gen_merged_slice.i_multifmt_slice/gen_num_lanes[0].active_lane.lane_instance.i_fpnew_cast_multi/fu_data_q[0][operand_a][63]_i_24/O
                         net (fo=3, unplaced)         0.365    21.802    i_ariane/i_cva6/ex_stage_i/fpu_gen.fpu_i/fpu_gen.i_fpnew_bulk/gen_operation_groups[0].i_opgroup_block/gen_parallel_slices[0].active_format.i_fmt_slice/gen_num_lanes[0].active_lane.lane_instance.i_fma/fu_data_q_reg[0][operand_b][63]_i_5_0
                         LUT6 (Prop_lut6_I3_O)        0.105    21.907 f  i_ariane/i_cva6/ex_stage_i/fpu_gen.fpu_i/fpu_gen.i_fpnew_bulk/gen_operation_groups[0].i_opgroup_block/gen_parallel_slices[0].active_format.i_fmt_slice/gen_num_lanes[0].active_lane.lane_instance.i_fma/fu_data_q[0][operand_a][63]_i_7/O
                         net (fo=1, unplaced)         0.000    21.907    i_ariane/i_cva6/ex_stage_i/fpu_gen.fpu_i/fpu_gen.i_fpnew_bulk/gen_operation_groups[3].i_opgroup_block/gen_merged_slice.i_multifmt_slice/gen_num_lanes[0].active_lane.lane_instance.i_fpnew_cast_multi/fu_data_q_reg[0][operand_a][63]_0
                         MUXF7 (Prop_muxf7_I1_O)      0.206    22.113 f  i_ariane/i_cva6/ex_stage_i/fpu_gen.fpu_i/fpu_gen.i_fpnew_bulk/gen_operation_groups[3].i_opgroup_block/gen_merged_slice.i_multifmt_slice/gen_num_lanes[0].active_lane.lane_instance.i_fpnew_cast_multi/fu_data_q_reg[0][operand_a][63]_i_2/O
                         net (fo=1, unplaced)         0.349    22.462    i_ariane/i_cva6/id_stage_i/fu_data_q_reg[0][operand_a][63]
                         LUT6 (Prop_lut6_I0_O)        0.242    22.704 r  i_ariane/i_cva6/id_stage_i/fu_data_q[0][operand_a][63]_i_1/O
                         net (fo=2, unplaced)         0.000    22.704    i_ariane/i_cva6/ex_stage_i/vaddr_to_be_flushed_reg[63]_0[63]
                         FDCE                                         r  i_ariane/i_cva6/ex_stage_i/vaddr_to_be_flushed_reg[63]/D
  -------------------------------------------------------------------    -------------------

                         (clock clk_i rise edge)     10.000    10.000 r  
                                                      0.000    10.000 r  clk_i (IN)
                         net (fo=33654, unset)        0.748    10.748    i_ariane/i_cva6/ex_stage_i/clk_i
                         FDCE                                         r  i_ariane/i_cva6/ex_stage_i/vaddr_to_be_flushed_reg[63]/C
                         clock pessimism              0.000    10.748    
                         clock uncertainty           -0.035    10.712    
                         FDCE (Setup_fdce_C_D)        0.043    10.755    i_ariane/i_cva6/ex_stage_i/vaddr_to_be_flushed_reg[63]
  -------------------------------------------------------------------
                         required time                         10.755    
                         arrival time                         -22.704    
  -------------------------------------------------------------------
                         slack                                -11.949    

Slack (VIOLATED) :        -11.949ns  (required time - arrival time)
  Source:                 i_ariane/i_cva6/ex_stage_i/fpu_gen.fpu_i/fpu_gen.i_fpnew_bulk/gen_operation_groups[3].i_opgroup_block/gen_merged_slice.i_multifmt_slice/gen_num_lanes[0].active_lane.lane_instance.i_fpnew_cast_multi/gen_inside_pipeline[0].mid_pipe_dst_fmt_q_reg[1][2]_rep/C
                            (rising edge-triggered cell FDCE clocked by clk_i  {rise@0.000ns fall@5.000ns period=10.000ns})
  Destination:            i_ariane/i_cva6/ex_stage_i/vaddr_to_be_flushed_reg[63]/D
                            (rising edge-triggered cell FDCE clocked by clk_i  {rise@0.000ns fall@5.000ns period=10.000ns})
  Path Group:             clk_i
  Path Type:              Setup (Max at Slow Process Corner)
  Requirement:            10.000ns  (clk_i rise@10.000ns - clk_i rise@0.000ns)
  Data Path Delay:        21.917ns  (logic 8.887ns (40.548%)  route 13.030ns (59.452%))
  Logic Levels:           52  (CARRY4=23 LUT1=1 LUT2=2 LUT3=2 LUT4=1 LUT5=4 LUT6=16 MUXF7=3)
  Clock Path Skew:        -0.039ns (DCD - SCD + CPR)
    Destination Clock Delay (DCD):    0.748ns = ( 10.748 - 10.000 ) 
    Source Clock Delay      (SCD):    0.787ns
    Clock Pessimism Removal (CPR):    0.000ns
  Clock Uncertainty:      0.035ns  ((TSJ^2 + TIJ^2)^1/2 + DJ) / 2 + PE
    Total System Jitter     (TSJ):    0.071ns
    Total Input Jitter      (TIJ):    0.000ns
    Discrete Jitter          (DJ):    0.000ns
    Phase Error              (PE):    0.000ns

    Location             Delay type                Incr(ns)  Path(ns)    Netlist Resource(s)
  -------------------------------------------------------------------    -------------------
                         (clock clk_i rise edge)      0.000     0.000 r  
                                                      0.000     0.000 r  clk_i (IN)
                         net (fo=33654, unset)        0.787     0.787    i_ariane/i_cva6/ex_stage_i/fpu_gen.fpu_i/fpu_gen.i_fpnew_bulk/gen_operation_groups[3].i_opgroup_block/gen_merged_slice.i_multifmt_slice/gen_num_lanes[0].active_lane.lane_instance.i_fpnew_cast_multi/clk_i
                         FDCE                                         r  i_ariane/i_cva6/ex_stage_i/fpu_gen.fpu_i/fpu_gen.i_fpnew_bulk/gen_operation_groups[3].i_opgroup_block/gen_merged_slice.i_multifmt_slice/gen_num_lanes[0].active_lane.lane_instance.i_fpnew_cast_multi/gen_inside_pipeline[0].mid_pipe_dst_fmt_q_reg[1][2]_rep/C
  -------------------------------------------------------------------    -------------------
                         FDCE (Prop_fdce_C_Q)         0.397     1.184 r  i_ariane/i_cva6/ex_stage_i/fpu_gen.fpu_i/fpu_gen.i_fpnew_bulk/gen_operation_groups[3].i_opgroup_block/gen_merged_slice.i_multifmt_slice/gen_num_lanes[0].active_lane.lane_instance.i_fpnew_cast_multi/gen_inside_pipeline[0].mid_pipe_dst_fmt_q_reg[1][2]_rep/Q
                         net (fo=165, unplaced)       0.737     1.921    i_ariane/i_cva6/ex_stage_i/fpu_gen.fpu_i/fpu_gen.i_fpnew_bulk/gen_operation_groups[3].i_opgroup_block/gen_merged_slice.i_multifmt_slice/gen_num_lanes[0].active_lane.lane_instance.i_fpnew_cast_multi/gen_inside_pipeline[0].mid_pipe_dst_fmt_q_reg[1][2]_rep_n_0
                         LUT3 (Prop_lut3_I0_O)        0.232     2.153 r  i_ariane/i_cva6/ex_stage_i/fpu_gen.fpu_i/fpu_gen.i_fpnew_bulk/gen_operation_groups[3].i_opgroup_block/gen_merged_slice.i_multifmt_slice/gen_num_lanes[0].active_lane.lane_instance.i_fpnew_cast_multi/mem_q[7][sbe][result][59]_i_188/O
                         net (fo=1, unplaced)         0.258     2.411    i_ariane/i_cva6/ex_stage_i/fpu_gen.fpu_i/fpu_gen.i_fpnew_bulk/gen_operation_groups[3].i_opgroup_block/gen_merged_slice.i_multifmt_slice/gen_num_lanes[0].active_lane.lane_instance.i_fpnew_cast_multi/preshift_mant3[0]
                         CARRY4 (Prop_carry4_CYINIT_CO[3])
                                                      0.494     2.905 r  i_ariane/i_cva6/ex_stage_i/fpu_gen.fpu_i/fpu_gen.i_fpnew_bulk/gen_operation_groups[3].i_opgroup_block/gen_merged_slice.i_multifmt_slice/gen_num_lanes[0].active_lane.lane_instance.i_fpnew_cast_multi/mem_q_reg[7][sbe][result][59]_i_177/CO[3]
                         net (fo=1, unplaced)         0.000     2.905    i_ariane/i_cva6/ex_stage_i/fpu_gen.fpu_i/fpu_gen.i_fpnew_bulk/gen_operation_groups[3].i_opgroup_block/gen_merged_slice.i_multifmt_slice/gen_num_lanes[0].active_lane.lane_instance.i_fpnew_cast_multi/mem_q_reg[7][sbe][result][59]_i_177_n_0
                         CARRY4 (Prop_carry4_CI_CO[3])
                                                      0.100     3.005 r  i_ariane/i_cva6/ex_stage_i/fpu_gen.fpu_i/fpu_gen.i_fpnew_bulk/gen_operation_groups[3].i_opgroup_block/gen_merged_slice.i_multifmt_slice/gen_num_lanes[0].active_lane.lane_instance.i_fpnew_cast_multi/mem_q_reg[7][sbe][ex][cause][4]_i_139/CO[3]
                         net (fo=1, unplaced)         0.000     3.005    i_ariane/i_cva6/ex_stage_i/fpu_gen.fpu_i/fpu_gen.i_fpnew_bulk/gen_operation_groups[3].i_opgroup_block/gen_merged_slice.i_multifmt_slice/gen_num_lanes[0].active_lane.lane_instance.i_fpnew_cast_multi/mem_q_reg[7][sbe][ex][cause][4]_i_139_n_0
                         CARRY4 (Prop_carry4_CI_O[1])
                                                      0.269     3.274 f  i_ariane/i_cva6/ex_stage_i/fpu_gen.fpu_i/fpu_gen.i_fpnew_bulk/gen_operation_groups[3].i_opgroup_block/gen_merged_slice.i_multifmt_slice/gen_num_lanes[0].active_lane.lane_instance.i_fpnew_cast_multi/mem_q_reg[7][sbe][ex][cause][4]_i_100/O[1]
                         net (fo=3, unplaced)         0.490     3.764    i_ariane/i_cva6/ex_stage_i/fpu_gen.fpu_i/fpu_gen.i_fpnew_bulk/gen_operation_groups[3].i_opgroup_block/gen_merged_slice.i_multifmt_slice/gen_num_lanes[0].active_lane.lane_instance.i_fpnew_cast_multi/mem_q_reg[7][sbe][ex][cause][4]_i_100_n_6
                         LUT4 (Prop_lut4_I1_O)        0.266     4.030 r  i_ariane/i_cva6/ex_stage_i/fpu_gen.fpu_i/fpu_gen.i_fpnew_bulk/gen_operation_groups[3].i_opgroup_block/gen_merged_slice.i_multifmt_slice/gen_num_lanes[0].active_lane.lane_instance.i_fpnew_cast_multi/mem_q[7][sbe][ex][cause][4]_i_94/O
                         net (fo=1, unplaced)         0.000     4.030    i_ariane/i_cva6/ex_stage_i/fpu_gen.fpu_i/fpu_gen.i_fpnew_bulk/gen_operation_groups[3].i_opgroup_block/gen_merged_slice.i_multifmt_slice/gen_num_lanes[0].active_lane.lane_instance.i_fpnew_cast_multi/mem_q[7][sbe][ex][cause][4]_i_94_n_0
                         CARRY4 (Prop_carry4_DI[1]_CO[3])
                                                      0.451     4.481 r  i_ariane/i_cva6/ex_stage_i/fpu_gen.fpu_i/fpu_gen.i_fpnew_bulk/gen_operation_groups[3].i_opgroup_block/gen_merged_slice.i_multifmt_slice/gen_num_lanes[0].active_lane.lane_instance.i_fpnew_cast_multi/mem_q_reg[7][sbe][ex][cause][4]_i_58/CO[3]
                         net (fo=1, unplaced)         0.000     4.481    i_ariane/i_cva6/ex_stage_i/fpu_gen.fpu_i/fpu_gen.i_fpnew_bulk/gen_operation_groups[3].i_opgroup_block/gen_merged_slice.i_multifmt_slice/gen_num_lanes[0].active_lane.lane_instance.i_fpnew_cast_multi/mem_q_reg[7][sbe][ex][cause][4]_i_58_n_0
                         CARRY4 (Prop_carry4_CI_CO[3])
                                                      0.100     4.581 r  i_ariane/i_cva6/ex_stage_i/fpu_gen.fpu_i/fpu_gen.i_fpnew_bulk/gen_operation_groups[3].i_opgroup_block/gen_merged_slice.i_multifmt_slice/gen_num_lanes[0].active_lane.lane_instance.i_fpnew_cast_multi/mem_q_reg[7][sbe][ex][cause][4]_i_40/CO[3]
                         net (fo=1, unplaced)         0.000     4.581    i_ariane/i_cva6/ex_stage_i/fpu_gen.fpu_i/fpu_gen.i_fpnew_bulk/gen_operation_groups[3].i_opgroup_block/gen_merged_slice.i_multifmt_slice/gen_num_lanes[0].active_lane.lane_instance.i_fpnew_cast_multi/mem_q_reg[7][sbe][ex][cause][4]_i_40_n_0
                         CARRY4 (Prop_carry4_CI_CO[3])
                                                      0.100     4.681 f  i_ariane/i_cva6/ex_stage_i/fpu_gen.fpu_i/fpu_gen.i_fpnew_bulk/gen_operation_groups[3].i_opgroup_block/gen_merged_slice.i_multifmt_slice/gen_num_lanes[0].active_lane.lane_instance.i_fpnew_cast_multi/mem_q_reg[7][sbe][ex][cause][4]_i_34/CO[3]
                         net (fo=146, unplaced)       0.719     5.400    i_ariane/i_cva6/ex_stage_i/fpu_gen.fpu_i/fpu_gen.i_fpnew_bulk/gen_operation_groups[3].i_opgroup_block/gen_merged_slice.i_multifmt_slice/gen_num_lanes[0].active_lane.lane_instance.i_fpnew_cast_multi/preshift_mant1
                         LUT5 (Prop_lut5_I2_O)        0.105     5.505 f  i_ariane/i_cva6/ex_stage_i/fpu_gen.fpu_i/fpu_gen.i_fpnew_bulk/gen_operation_groups[3].i_opgroup_block/gen_merged_slice.i_multifmt_slice/gen_num_lanes[0].active_lane.lane_instance.i_fpnew_cast_multi/mem_q[7][sbe][ex][cause][0]_i_331/O
                         net (fo=4, unplaced)         0.802     6.307    i_ariane/i_cva6/ex_stage_i/fpu_gen.fpu_i/fpu_gen.i_fpnew_bulk/gen_operation_groups[3].i_opgroup_block/gen_merged_slice.i_multifmt_slice/gen_num_lanes[0].active_lane.lane_instance.i_fpnew_cast_multi/preshift_mant[90]
                         LUT5 (Prop_lut5_I0_O)        0.105     6.412 f  i_ariane/i_cva6/ex_stage_i/fpu_gen.fpu_i/fpu_gen.i_fpnew_bulk/gen_operation_groups[3].i_opgroup_block/gen_merged_slice.i_multifmt_slice/gen_num_lanes[0].active_lane.lane_instance.i_fpnew_cast_multi/mem_q[7][sbe][ex][cause][0]_i_566/O
                         net (fo=4, unplaced)         0.606     7.018    i_ariane/i_cva6/ex_stage_i/fpu_gen.fpu_i/fpu_gen.i_fpnew_bulk/gen_operation_groups[3].i_opgroup_block/gen_merged_slice.i_multifmt_slice/gen_num_lanes[0].active_lane.lane_instance.i_fpnew_cast_multi/mem_q[7][sbe][ex][cause][0]_i_566_n_0
                         LUT6 (Prop_lut6_I1_O)        0.105     7.123 f  i_ariane/i_cva6/ex_stage_i/fpu_gen.fpu_i/fpu_gen.i_fpnew_bulk/gen_operation_groups[3].i_opgroup_block/gen_merged_slice.i_multifmt_slice/gen_num_lanes[0].active_lane.lane_instance.i_fpnew_cast_multi/mem_q[7][sbe][ex][cause][0]_i_415/O
                         net (fo=4, unplaced)         0.606     7.729    i_ariane/i_cva6/ex_stage_i/fpu_gen.fpu_i/fpu_gen.i_fpnew_bulk/gen_operation_groups[3].i_opgroup_block/gen_merged_slice.i_multifmt_slice/gen_num_lanes[0].active_lane.lane_instance.i_fpnew_cast_multi/mem_q[7][sbe][ex][cause][0]_i_415_n_0
                         LUT6 (Prop_lut6_I1_O)        0.105     7.834 f  i_ariane/i_cva6/ex_stage_i/fpu_gen.fpu_i/fpu_gen.i_fpnew_bulk/gen_operation_groups[3].i_opgroup_block/gen_merged_slice.i_multifmt_slice/gen_num_lanes[0].active_lane.lane_instance.i_fpnew_cast_multi/mem_q[7][sbe][ex][cause][0]_i_179/O
                         net (fo=3, unplaced)         0.796     8.630    i_ariane/i_cva6/ex_stage_i/fpu_gen.fpu_i/fpu_gen.i_fpnew_bulk/gen_operation_groups[3].i_opgroup_block/gen_merged_slice.i_multifmt_slice/gen_num_lanes[0].active_lane.lane_instance.i_fpnew_cast_multi/mem_q[7][sbe][ex][cause][0]_i_179_n_0
                         LUT6 (Prop_lut6_I0_O)        0.105     8.735 f  i_ariane/i_cva6/ex_stage_i/fpu_gen.fpu_i/fpu_gen.i_fpnew_bulk/gen_operation_groups[3].i_opgroup_block/gen_merged_slice.i_multifmt_slice/gen_num_lanes[0].active_lane.lane_instance.i_fpnew_cast_multi/mem_q[7][sbe][ex][cause][0]_i_225/O
                         net (fo=1, unplaced)         0.782     9.517    i_ariane/i_cva6/ex_stage_i/fpu_gen.fpu_i/fpu_gen.i_fpnew_bulk/gen_operation_groups[3].i_opgroup_block/gen_merged_slice.i_multifmt_slice/gen_num_lanes[0].active_lane.lane_instance.i_fpnew_cast_multi/mem_q[7][sbe][ex][cause][0]_i_225_n_0
                         LUT6 (Prop_lut6_I0_O)        0.105     9.622 f  i_ariane/i_cva6/ex_stage_i/fpu_gen.fpu_i/fpu_gen.i_fpnew_bulk/gen_operation_groups[3].i_opgroup_block/gen_merged_slice.i_multifmt_slice/gen_num_lanes[0].active_lane.lane_instance.i_fpnew_cast_multi/mem_q[7][sbe][ex][cause][0]_i_81/O
                         net (fo=1, unplaced)         0.778    10.400    i_ariane/i_cva6/ex_stage_i/fpu_gen.fpu_i/fpu_gen.i_fpnew_bulk/gen_operation_groups[3].i_opgroup_block/gen_merged_slice.i_multifmt_slice/gen_num_lanes[0].active_lane.lane_instance.i_fpnew_cast_multi/mem_q[7][sbe][ex][cause][0]_i_81_n_0
                         LUT6 (Prop_lut6_I1_O)        0.105    10.505 f  i_ariane/i_cva6/ex_stage_i/fpu_gen.fpu_i/fpu_gen.i_fpnew_bulk/gen_operation_groups[3].i_opgroup_block/gen_merged_slice.i_multifmt_slice/gen_num_lanes[0].active_lane.lane_instance.i_fpnew_cast_multi/mem_q[7][sbe][ex][cause][0]_i_25/O
                         net (fo=4, unplaced)         0.606    11.111    i_ariane/i_cva6/ex_stage_i/fpu_gen.fpu_i/fpu_gen.i_fpnew_bulk/gen_operation_groups[3].i_opgroup_block/gen_merged_slice.i_multifmt_slice/gen_num_lanes[0].active_lane.lane_instance.i_fpnew_cast_multi/fp_round_sticky_bits[0]
                         LUT6 (Prop_lut6_I0_O)        0.105    11.216 f  i_ariane/i_cva6/ex_stage_i/fpu_gen.fpu_i/fpu_gen.i_fpnew_bulk/gen_operation_groups[3].i_opgroup_block/gen_merged_slice.i_multifmt_slice/gen_num_lanes[0].active_lane.lane_instance.i_fpnew_cast_multi/mem_q[7][sbe][result][0]_i_174/O
                         net (fo=1, unplaced)         0.347    11.563    i_ariane/i_cva6/ex_stage_i/fpu_gen.fpu_i/fpu_gen.i_fpnew_bulk/gen_operation_groups[3].i_opgroup_block/gen_merged_slice.i_multifmt_slice/gen_num_lanes[0].active_lane.lane_instance.i_fpnew_cast_multi/mem_q[7][sbe][result][0]_i_174_n_0
                         LUT6 (Prop_lut6_I5_O)        0.105    11.668 r  i_ariane/i_cva6/ex_stage_i/fpu_gen.fpu_i/fpu_gen.i_fpnew_bulk/gen_operation_groups[3].i_opgroup_block/gen_merged_slice.i_multifmt_slice/gen_num_lanes[0].active_lane.lane_instance.i_fpnew_cast_multi/mem_q[7][sbe][result][0]_i_114/O
                         net (fo=1, unplaced)         0.000    11.668    i_ariane/i_cva6/ex_stage_i/fpu_gen.fpu_i/fpu_gen.i_fpnew_bulk/gen_operation_groups[3].i_opgroup_block/gen_merged_slice.i_multifmt_slice/gen_num_lanes[0].active_lane.lane_instance.i_fpnew_cast_multi/mem_q[7][sbe][result][0]_i_114_n_0
                         CARRY4 (Prop_carry4_S[0]_CO[3])
                                                      0.423    12.091 r  i_ariane/i_cva6/ex_stage_i/fpu_gen.fpu_i/fpu_gen.i_fpnew_bulk/gen_operation_groups[3].i_opgroup_block/gen_merged_slice.i_multifmt_slice/gen_num_lanes[0].active_lane.lane_instance.i_fpnew_cast_multi/mem_q_reg[7][sbe][result][0]_i_66/CO[3]
                         net (fo=1, unplaced)         0.000    12.091    i_ariane/i_cva6/ex_stage_i/fpu_gen.fpu_i/fpu_gen.i_fpnew_bulk/gen_operation_groups[3].i_opgroup_block/gen_merged_slice.i_multifmt_slice/gen_num_lanes[0].active_lane.lane_instance.i_fpnew_cast_multi/mem_q_reg[7][sbe][result][0]_i_66_n_0
                         CARRY4 (Prop_carry4_CI_CO[3])
                                                      0.100    12.191 r  i_ariane/i_cva6/ex_stage_i/fpu_gen.fpu_i/fpu_gen.i_fpnew_bulk/gen_operation_groups[3].i_opgroup_block/gen_merged_slice.i_multifmt_slice/gen_num_lanes[0].active_lane.lane_instance.i_fpnew_cast_multi/mem_q_reg[7][sbe][result][7]_i_77/CO[3]
                         net (fo=1, unplaced)         0.000    12.191    i_ariane/i_cva6/ex_stage_i/fpu_gen.fpu_i/fpu_gen.i_fpnew_bulk/gen_operation_groups[3].i_opgroup_block/gen_merged_slice.i_multifmt_slice/gen_num_lanes[0].active_lane.lane_instance.i_fpnew_cast_multi/mem_q_reg[7][sbe][result][7]_i_77_n_0
                         CARRY4 (Prop_carry4_CI_CO[3])
                                                      0.100    12.291 r  i_ariane/i_cva6/ex_stage_i/fpu_gen.fpu_i/fpu_gen.i_fpnew_bulk/gen_operation_groups[3].i_opgroup_block/gen_merged_slice.i_multifmt_slice/gen_num_lanes[0].active_lane.lane_instance.i_fpnew_cast_multi/mem_q_reg[7][sbe][result][11]_i_56/CO[3]
                         net (fo=1, unplaced)         0.000    12.291    i_ariane/i_cva6/ex_stage_i/fpu_gen.fpu_i/fpu_gen.i_fpnew_bulk/gen_operation_groups[3].i_opgroup_block/gen_merged_slice.i_multifmt_slice/gen_num_lanes[0].active_lane.lane_instance.i_fpnew_cast_multi/mem_q_reg[7][sbe][result][11]_i_56_n_0
                         CARRY4 (Prop_carry4_CI_CO[3])
                                                      0.100    12.391 r  i_ariane/i_cva6/ex_stage_i/fpu_gen.fpu_i/fpu_gen.i_fpnew_bulk/gen_operation_groups[3].i_opgroup_block/gen_merged_slice.i_multifmt_slice/gen_num_lanes[0].active_lane.lane_instance.i_fpnew_cast_multi/mem_q_reg[7][sbe][result][15]_i_77/CO[3]
                         net (fo=1, unplaced)         0.000    12.391    i_ariane/i_cva6/ex_stage_i/fpu_gen.fpu_i/fpu_gen.i_fpnew_bulk/gen_operation_groups[3].i_opgroup_block/gen_merged_slice.i_multifmt_slice/gen_num_lanes[0].active_lane.lane_instance.i_fpnew_cast_multi/mem_q_reg[7][sbe][result][15]_i_77_n_0
                         CARRY4 (Prop_carry4_CI_CO[3])
                                                      0.100    12.491 r  i_ariane/i_cva6/ex_stage_i/fpu_gen.fpu_i/fpu_gen.i_fpnew_bulk/gen_operation_groups[3].i_opgroup_block/gen_merged_slice.i_multifmt_slice/gen_num_lanes[0].active_lane.lane_instance.i_fpnew_cast_multi/mem_q_reg[7][sbe][result][19]_i_57/CO[3]
                         net (fo=1, unplaced)         0.000    12.491    i_ariane/i_cva6/ex_stage_i/fpu_gen.fpu_i/fpu_gen.i_fpnew_bulk/gen_operation_groups[3].i_opgroup_block/gen_merged_slice.i_multifmt_slice/gen_num_lanes[0].active_lane.lane_instance.i_fpnew_cast_multi/mem_q_reg[7][sbe][result][19]_i_57_n_0
                         CARRY4 (Prop_carry4_CI_CO[3])
                                                      0.100    12.591 r  i_ariane/i_cva6/ex_stage_i/fpu_gen.fpu_i/fpu_gen.i_fpnew_bulk/gen_operation_groups[3].i_opgroup_block/gen_merged_slice.i_multifmt_slice/gen_num_lanes[0].active_lane.lane_instance.i_fpnew_cast_multi/mem_q_reg[7][sbe][result][23]_i_77/CO[3]
                         net (fo=1, unplaced)         0.000    12.591    i_ariane/i_cva6/ex_stage_i/fpu_gen.fpu_i/fpu_gen.i_fpnew_bulk/gen_operation_groups[3].i_opgroup_block/gen_merged_slice.i_multifmt_slice/gen_num_lanes[0].active_lane.lane_instance.i_fpnew_cast_multi/mem_q_reg[7][sbe][result][23]_i_77_n_0
                         CARRY4 (Prop_carry4_CI_CO[3])
                                                      0.100    12.691 r  i_ariane/i_cva6/ex_stage_i/fpu_gen.fpu_i/fpu_gen.i_fpnew_bulk/gen_operation_groups[3].i_opgroup_block/gen_merged_slice.i_multifmt_slice/gen_num_lanes[0].active_lane.lane_instance.i_fpnew_cast_multi/mem_q_reg[7][sbe][ex][cause][1]_i_27/CO[3]
                         net (fo=1, unplaced)         0.000    12.691    i_ariane/i_cva6/ex_stage_i/fpu_gen.fpu_i/fpu_gen.i_fpnew_bulk/gen_operation_groups[3].i_opgroup_block/gen_merged_slice.i_multifmt_slice/gen_num_lanes[0].active_lane.lane_instance.i_fpnew_cast_multi/mem_q_reg[7][sbe][ex][cause][1]_i_27_n_0
                         CARRY4 (Prop_carry4_CI_CO[3])
                                                      0.100    12.791 r  i_ariane/i_cva6/ex_stage_i/fpu_gen.fpu_i/fpu_gen.i_fpnew_bulk/gen_operation_groups[3].i_opgroup_block/gen_merged_slice.i_multifmt_slice/gen_num_lanes[0].active_lane.lane_instance.i_fpnew_cast_multi/mem_q_reg[7][sbe][result][35]_i_47/CO[3]
                         net (fo=1, unplaced)         0.000    12.791    i_ariane/i_cva6/ex_stage_i/fpu_gen.fpu_i/fpu_gen.i_fpnew_bulk/gen_operation_groups[3].i_opgroup_block/gen_merged_slice.i_multifmt_slice/gen_num_lanes[0].active_lane.lane_instance.i_fpnew_cast_multi/mem_q_reg[7][sbe][result][35]_i_47_n_0
                         CARRY4 (Prop_carry4_CI_CO[3])
                                                      0.100    12.891 r  i_ariane/i_cva6/ex_stage_i/fpu_gen.fpu_i/fpu_gen.i_fpnew_bulk/gen_operation_groups[3].i_opgroup_block/gen_merged_slice.i_multifmt_slice/gen_num_lanes[0].active_lane.lane_instance.i_fpnew_cast_multi/mem_q_reg[7][sbe][result][35]_i_27/CO[3]
                         net (fo=1, unplaced)         0.000    12.891    i_ariane/i_cva6/ex_stage_i/fpu_gen.fpu_i/fpu_gen.i_fpnew_bulk/gen_operation_groups[3].i_opgroup_block/gen_merged_slice.i_multifmt_slice/gen_num_lanes[0].active_lane.lane_instance.i_fpnew_cast_multi/mem_q_reg[7][sbe][result][35]_i_27_n_0
                         CARRY4 (Prop_carry4_CI_CO[3])
                                                      0.100    12.991 r  i_ariane/i_cva6/ex_stage_i/fpu_gen.fpu_i/fpu_gen.i_fpnew_bulk/gen_operation_groups[3].i_opgroup_block/gen_merged_slice.i_multifmt_slice/gen_num_lanes[0].active_lane.lane_instance.i_fpnew_cast_multi/mem_q_reg[7][sbe][result][39]_i_16/CO[3]
                         net (fo=1, unplaced)         0.000    12.991    i_ariane/i_cva6/ex_stage_i/fpu_gen.fpu_i/fpu_gen.i_fpnew_bulk/gen_operation_groups[3].i_opgroup_block/gen_merged_slice.i_multifmt_slice/gen_num_lanes[0].active_lane.lane_instance.i_fpnew_cast_multi/mem_q_reg[7][sbe][result][39]_i_16_n_0
                         CARRY4 (Prop_carry4_CI_CO[3])
                                                      0.100    13.091 r  i_ariane/i_cva6/ex_stage_i/fpu_gen.fpu_i/fpu_gen.i_fpnew_bulk/gen_operation_groups[3].i_opgroup_block/gen_merged_slice.i_multifmt_slice/gen_num_lanes[0].active_lane.lane_instance.i_fpnew_cast_multi/mem_q_reg[7][sbe][result][43]_i_18/CO[3]
                         net (fo=1, unplaced)         0.000    13.091    i_ariane/i_cva6/ex_stage_i/fpu_gen.fpu_i/fpu_gen.i_fpnew_bulk/gen_operation_groups[3].i_opgroup_block/gen_merged_slice.i_multifmt_slice/gen_num_lanes[0].active_lane.lane_instance.i_fpnew_cast_multi/mem_q_reg[7][sbe][result][43]_i_18_n_0
                         CARRY4 (Prop_carry4_CI_CO[3])
                                                      0.100    13.191 r  i_ariane/i_cva6/ex_stage_i/fpu_gen.fpu_i/fpu_gen.i_fpnew_bulk/gen_operation_groups[3].i_opgroup_block/gen_merged_slice.i_multifmt_slice/gen_num_lanes[0].active_lane.lane_instance.i_fpnew_cast_multi/mem_q_reg[7][sbe][result][47]_i_21/CO[3]
                         net (fo=1, unplaced)         0.000    13.191    i_ariane/i_cva6/ex_stage_i/fpu_gen.fpu_i/fpu_gen.i_fpnew_bulk/gen_operation_groups[3].i_opgroup_block/gen_merged_slice.i_multifmt_slice/gen_num_lanes[0].active_lane.lane_instance.i_fpnew_cast_multi/mem_q_reg[7][sbe][result][47]_i_21_n_0
                         CARRY4 (Prop_carry4_CI_CO[3])
                                                      0.100    13.291 r  i_ariane/i_cva6/ex_stage_i/fpu_gen.fpu_i/fpu_gen.i_fpnew_bulk/gen_operation_groups[3].i_opgroup_block/gen_merged_slice.i_multifmt_slice/gen_num_lanes[0].active_lane.lane_instance.i_fpnew_cast_multi/mem_q_reg[7][sbe][result][50]_i_20/CO[3]
                         net (fo=1, unplaced)         0.000    13.291    i_ariane/i_cva6/ex_stage_i/fpu_gen.fpu_i/fpu_gen.i_fpnew_bulk/gen_operation_groups[3].i_opgroup_block/gen_merged_slice.i_multifmt_slice/gen_num_lanes[0].active_lane.lane_instance.i_fpnew_cast_multi/mem_q_reg[7][sbe][result][50]_i_20_n_0
                         CARRY4 (Prop_carry4_CI_CO[3])
                                                      0.100    13.391 r  i_ariane/i_cva6/ex_stage_i/fpu_gen.fpu_i/fpu_gen.i_fpnew_bulk/gen_operation_groups[3].i_opgroup_block/gen_merged_slice.i_multifmt_slice/gen_num_lanes[0].active_lane.lane_instance.i_fpnew_cast_multi/mem_q_reg[7][sbe][result][55]_i_25/CO[3]
                         net (fo=1, unplaced)         0.000    13.391    i_ariane/i_cva6/ex_stage_i/fpu_gen.fpu_i/fpu_gen.i_fpnew_bulk/gen_operation_groups[3].i_opgroup_block/gen_merged_slice.i_multifmt_slice/gen_num_lanes[0].active_lane.lane_instance.i_fpnew_cast_multi/mem_q_reg[7][sbe][result][55]_i_25_n_0
                         CARRY4 (Prop_carry4_CI_O[2])
                                                      0.214    13.605 f  i_ariane/i_cva6/ex_stage_i/fpu_gen.fpu_i/fpu_gen.i_fpnew_bulk/gen_operation_groups[3].i_opgroup_block/gen_merged_slice.i_multifmt_slice/gen_num_lanes[0].active_lane.lane_instance.i_fpnew_cast_multi/mem_q_reg[7][sbe][result][59]_i_28/O[2]
                         net (fo=6, unplaced)         0.381    13.986    i_ariane/i_cva6/ex_stage_i/fpu_gen.fpu_i/fpu_gen.i_fpnew_bulk/gen_operation_groups[3].i_opgroup_block/gen_merged_slice.i_multifmt_slice/gen_num_lanes[0].active_lane.lane_instance.i_fpnew_cast_multi/rounded_abs[58]
                         LUT1 (Prop_lut1_I0_O)        0.244    14.230 r  i_ariane/i_cva6/ex_stage_i/fpu_gen.fpu_i/fpu_gen.i_fpnew_bulk/gen_operation_groups[3].i_opgroup_block/gen_merged_slice.i_multifmt_slice/gen_num_lanes[0].active_lane.lane_instance.i_fpnew_cast_multi/mem_q[7][sbe][result][60]_i_105/O
                         net (fo=1, unplaced)         0.000    14.230    i_ariane/i_cva6/ex_stage_i/fpu_gen.fpu_i/fpu_gen.i_fpnew_bulk/gen_operation_groups[3].i_opgroup_block/gen_merged_slice.i_multifmt_slice/gen_num_lanes[0].active_lane.lane_instance.i_fpnew_cast_multi/mem_q[7][sbe][result][60]_i_105_n_0
                         CARRY4 (Prop_carry4_S[1]_CO[3])
                                                      0.444    14.674 r  i_ariane/i_cva6/ex_stage_i/fpu_gen.fpu_i/fpu_gen.i_fpnew_bulk/gen_operation_groups[3].i_opgroup_block/gen_merged_slice.i_multifmt_slice/gen_num_lanes[0].active_lane.lane_instance.i_fpnew_cast_multi/mem_q_reg[7][sbe][result][60]_i_51/CO[3]
                         net (fo=1, unplaced)         0.000    14.674    i_ariane/i_cva6/ex_stage_i/fpu_gen.fpu_i/fpu_gen.i_fpnew_bulk/gen_operation_groups[3].i_opgroup_block/gen_merged_slice.i_multifmt_slice/gen_num_lanes[0].active_lane.lane_instance.i_fpnew_cast_multi/mem_q_reg[7][sbe][result][60]_i_51_n_0
                         CARRY4 (Prop_carry4_CI_O[1])
                                                      0.269    14.943 r  i_ariane/i_cva6/ex_stage_i/fpu_gen.fpu_i/fpu_gen.i_fpnew_bulk/gen_operation_groups[3].i_opgroup_block/gen_merged_slice.i_multifmt_slice/gen_num_lanes[0].active_lane.lane_instance.i_fpnew_cast_multi/mem_q_reg[7][sbe][result][62]_i_30/O[1]
                         net (fo=2, unplaced)         0.251    15.194    i_ariane/i_cva6/ex_stage_i/fpu_gen.fpu_i/fpu_gen.i_fpnew_bulk/gen_operation_groups[3].i_opgroup_block/gen_merged_slice.i_multifmt_slice/gen_num_lanes[0].active_lane.lane_instance.i_fpnew_cast_multi/rounded_int_res0[62]
                         LUT3 (Prop_lut3_I0_O)        0.245    15.439 r  i_ariane/i_cva6/ex_stage_i/fpu_gen.fpu_i/fpu_gen.i_fpnew_bulk/gen_operation_groups[3].i_opgroup_block/gen_merged_slice.i_multifmt_slice/gen_num_lanes[0].active_lane.lane_instance.i_fpnew_cast_multi/mem_q[7][sbe][ex][cause][0]_i_211/O
                         net (fo=2, unplaced)         0.358    15.797    i_ariane/i_cva6/ex_stage_i/fpu_gen.fpu_i/fpu_gen.i_fpnew_bulk/gen_operation_groups[3].i_opgroup_block/gen_merged_slice.i_multifmt_slice/gen_num_lanes[0].active_lane.lane_instance.i_fpnew_cast_multi/mem_q[7][sbe][ex][cause][0]_i_211_n_0
                         LUT5 (Prop_lut5_I1_O)        0.105    15.902 f  i_ariane/i_cva6/ex_stage_i/fpu_gen.fpu_i/fpu_gen.i_fpnew_bulk/gen_operation_groups[3].i_opgroup_block/gen_merged_slice.i_multifmt_slice/gen_num_lanes[0].active_lane.lane_instance.i_fpnew_cast_multi/mem_q[7][sbe][ex][cause][4]_i_80/O
                         net (fo=1, unplaced)         0.000    15.902    i_ariane/i_cva6/ex_stage_i/fpu_gen.fpu_i/fpu_gen.i_fpnew_bulk/gen_operation_groups[3].i_opgroup_block/gen_merged_slice.i_multifmt_slice/gen_num_lanes[0].active_lane.lane_instance.i_fpnew_cast_multi/mem_q[7][sbe][ex][cause][4]_i_80_n_0
                         MUXF7 (Prop_muxf7_I1_O)      0.206    16.108 f  i_ariane/i_cva6/ex_stage_i/fpu_gen.fpu_i/fpu_gen.i_fpnew_bulk/gen_operation_groups[3].i_opgroup_block/gen_merged_slice.i_multifmt_slice/gen_num_lanes[0].active_lane.lane_instance.i_fpnew_cast_multi/mem_q_reg[7][sbe][ex][cause][4]_i_52/O
                         net (fo=1, unplaced)         0.349    16.457    i_ariane/i_cva6/ex_stage_i/fpu_gen.fpu_i/fpu_gen.i_fpnew_bulk/gen_operation_groups[3].i_opgroup_block/gen_merged_slice.i_multifmt_slice/gen_num_lanes[0].active_lane.lane_instance.i_fpnew_cast_multi/mem_q_reg[7][sbe][ex][cause][4]_i_52_n_0
                         LUT6 (Prop_lut6_I0_O)        0.242    16.699 f  i_ariane/i_cva6/ex_stage_i/fpu_gen.fpu_i/fpu_gen.i_fpnew_bulk/gen_operation_groups[3].i_opgroup_block/gen_merged_slice.i_multifmt_slice/gen_num_lanes[0].active_lane.lane_instance.i_fpnew_cast_multi/mem_q[7][sbe][ex][cause][4]_i_36/O
                         net (fo=1, unplaced)         0.347    17.046    i_ariane/i_cva6/ex_stage_i/fpu_gen.fpu_i/fpu_gen.i_fpnew_bulk/gen_operation_groups[3].i_opgroup_block/gen_merged_slice.i_multifmt_slice/gen_num_lanes[0].active_lane.lane_instance.i_fpnew_cast_multi/of_after_round
                         LUT6 (Prop_lut6_I5_O)        0.105    17.151 f  i_ariane/i_cva6/ex_stage_i/fpu_gen.fpu_i/fpu_gen.i_fpnew_bulk/gen_operation_groups[3].i_opgroup_block/gen_merged_slice.i_multifmt_slice/gen_num_lanes[0].active_lane.lane_instance.i_fpnew_cast_multi/mem_q[7][sbe][ex][cause][4]_i_28/O
                         net (fo=3, unplaced)         0.365    17.516    i_ariane/i_cva6/ex_stage_i/fpu_gen.fpu_i/fpu_gen.i_fpnew_bulk/gen_operation_groups[3].i_opgroup_block/gen_merged_slice.i_multifmt_slice/gen_num_lanes[0].active_lane.lane_instance.i_fpnew_cast_multi/int_regular_status[NV]
                         LUT6 (Prop_lut6_I0_O)        0.105    17.621 f  i_ariane/i_cva6/ex_stage_i/fpu_gen.fpu_i/fpu_gen.i_fpnew_bulk/gen_operation_groups[3].i_opgroup_block/gen_merged_slice.i_multifmt_slice/gen_num_lanes[0].active_lane.lane_instance.i_fpnew_cast_multi/mem_q[7][sbe][ex][cause][0]_i_9/O
                         net (fo=66, unplaced)        0.436    18.057    i_ariane/i_cva6/ex_stage_i/fpu_gen.fpu_i/fpu_gen.i_fpnew_bulk/gen_operation_groups[3].i_opgroup_block/gen_merged_slice.i_multifmt_slice/gen_num_lanes[0].active_lane.lane_instance.i_fpnew_cast_multi/int_result_is_special
                         LUT6 (Prop_lut6_I4_O)        0.105    18.162 r  i_ariane/i_cva6/ex_stage_i/fpu_gen.fpu_i/fpu_gen.i_fpnew_bulk/gen_operation_groups[3].i_opgroup_block/gen_merged_slice.i_multifmt_slice/gen_num_lanes[0].active_lane.lane_instance.i_fpnew_cast_multi/mem_q[7][sbe][result][63]_i_32/O
                         net (fo=2, unplaced)         0.358    18.520    i_ariane/i_cva6/ex_stage_i/fpu_gen.fpu_i/fpu_gen.i_fpnew_bulk/gen_operation_groups[3].i_opgroup_block/gen_merged_slice.i_multifmt_slice/gen_num_lanes[0].active_lane.lane_instance.i_fpnew_cast_multi/int_result[63]
                         LUT2 (Prop_lut2_I0_O)        0.105    18.625 r  i_ariane/i_cva6/ex_stage_i/fpu_gen.fpu_i/fpu_gen.i_fpnew_bulk/gen_operation_groups[3].i_opgroup_block/gen_merged_slice.i_multifmt_slice/gen_num_lanes[0].active_lane.lane_instance.i_fpnew_cast_multi/mem_q[7][sbe][result][50]_i_13/O
                         net (fo=21, unplaced)        0.408    19.033    i_ariane/i_cva6/ex_stage_i/fpu_gen.fpu_i/fpu_gen.i_fpnew_bulk/gen_operation_groups[3].i_opgroup_block/gen_merged_slice.i_multifmt_slice/gen_num_lanes[0].active_lane.lane_instance.i_fpnew_cast_multi/mem_q[7][sbe][result][50]_i_13_n_0
                         LUT5 (Prop_lut5_I0_O)        0.105    19.138 r  i_ariane/i_cva6/ex_stage_i/fpu_gen.fpu_i/fpu_gen.i_fpnew_bulk/gen_operation_groups[3].i_opgroup_block/gen_merged_slice.i_multifmt_slice/gen_num_lanes[0].active_lane.lane_instance.i_fpnew_cast_multi/mem_q[7][sbe][result][50]_i_5/O
                         net (fo=40, unplaced)        0.424    19.562    i_ariane/i_cva6/ex_stage_i/fpu_gen.fpu_i/fpu_gen.i_fpnew_bulk/gen_operation_groups[3].i_opgroup_block/gen_merged_slice.i_multifmt_slice/gen_num_lanes[0].active_lane.lane_instance.i_fpnew_cast_multi/mem_q[7][sbe][result][50]_i_5_n_0
                         LUT6 (Prop_lut6_I5_O)        0.105    19.667 r  i_ariane/i_cva6/ex_stage_i/fpu_gen.fpu_i/fpu_gen.i_fpnew_bulk/gen_operation_groups[3].i_opgroup_block/gen_merged_slice.i_multifmt_slice/gen_num_lanes[0].active_lane.lane_instance.i_fpnew_cast_multi/mem_q[7][sbe][result][63]_i_15/O
                         net (fo=1, unplaced)         0.347    20.014    i_ariane/i_cva6/ex_stage_i/fpu_gen.fpu_i/fpu_gen.i_fpnew_bulk/gen_operation_groups[2].i_opgroup_block/gen_parallel_slices[0].active_format.i_fmt_slice/gen_num_lanes[0].active_lane.lane_instance.i_noncomp/opgrp_outputs[3][result][0]
                         LUT6 (Prop_lut6_I0_O)        0.105    20.119 r  i_ariane/i_cva6/ex_stage_i/fpu_gen.fpu_i/fpu_gen.i_fpnew_bulk/gen_operation_groups[2].i_opgroup_block/gen_parallel_slices[0].active_format.i_fmt_slice/gen_num_lanes[0].active_lane.lane_instance.i_noncomp/mem_q[7][sbe][result][63]_i_8/O
                         net (fo=1, unplaced)         0.000    20.119    i_ariane/i_cva6/ex_stage_i/fpu_gen.fpu_i/fpu_gen.i_fpnew_bulk/gen_operation_groups[0].i_opgroup_block/gen_parallel_slices[0].active_format.i_fmt_slice/gen_num_lanes[0].active_lane.lane_instance.i_fma/gen_arbiter.data_nodes[2][result][44]
                         MUXF7 (Prop_muxf7_I1_O)      0.206    20.325 r  i_ariane/i_cva6/ex_stage_i/fpu_gen.fpu_i/fpu_gen.i_fpnew_bulk/gen_operation_groups[0].i_opgroup_block/gen_parallel_slices[0].active_format.i_fmt_slice/gen_num_lanes[0].active_lane.lane_instance.i_fma/mem_q_reg[7][sbe][result][63]_i_4/O
                         net (fo=14, unplaced)        0.400    20.725    i_ariane/i_cva6/ex_stage_i/fpu_gen.fpu_i/fpu_gen.i_fpnew_bulk/gen_operation_groups[0].i_opgroup_block/gen_parallel_slices[0].active_format.i_fmt_slice/gen_num_lanes[0].active_lane.lane_instance.i_fma/gen_arbiter.gen_int_rr.rr_q_reg[1]_4
                         LUT2 (Prop_lut2_I0_O)        0.242    20.967 f  i_ariane/i_cva6/ex_stage_i/fpu_gen.fpu_i/fpu_gen.i_fpnew_bulk/gen_operation_groups[0].i_opgroup_block/gen_parallel_slices[0].active_format.i_fmt_slice/gen_num_lanes[0].active_lane.lane_instance.i_fma/fu_data_q[0][operand_a][63]_i_54/O
                         net (fo=3, unplaced)         0.365    21.332    i_ariane/i_cva6/ex_stage_i/fpu_gen.fpu_i/fpu_gen.i_fpnew_bulk/gen_operation_groups[3].i_opgroup_block/gen_merged_slice.i_multifmt_slice/gen_num_lanes[0].active_lane.lane_instance.i_fpnew_cast_multi/fu_data_q[0][imm][63]_i_10
                         LUT6 (Prop_lut6_I5_O)        0.105    21.437 f  i_ariane/i_cva6/ex_stage_i/fpu_gen.fpu_i/fpu_gen.i_fpnew_bulk/gen_operation_groups[3].i_opgroup_block/gen_merged_slice.i_multifmt_slice/gen_num_lanes[0].active_lane.lane_instance.i_fpnew_cast_multi/fu_data_q[0][operand_a][63]_i_24/O
                         net (fo=3, unplaced)         0.365    21.802    i_ariane/i_cva6/ex_stage_i/fpu_gen.fpu_i/fpu_gen.i_fpnew_bulk/gen_operation_groups[0].i_opgroup_block/gen_parallel_slices[0].active_format.i_fmt_slice/gen_num_lanes[0].active_lane.lane_instance.i_fma/fu_data_q_reg[0][operand_b][63]_i_5_0
                         LUT6 (Prop_lut6_I3_O)        0.105    21.907 f  i_ariane/i_cva6/ex_stage_i/fpu_gen.fpu_i/fpu_gen.i_fpnew_bulk/gen_operation_groups[0].i_opgroup_block/gen_parallel_slices[0].active_format.i_fmt_slice/gen_num_lanes[0].active_lane.lane_instance.i_fma/fu_data_q[0][operand_a][63]_i_7/O
                         net (fo=1, unplaced)         0.000    21.907    i_ariane/i_cva6/ex_stage_i/fpu_gen.fpu_i/fpu_gen.i_fpnew_bulk/gen_operation_groups[3].i_opgroup_block/gen_merged_slice.i_multifmt_slice/gen_num_lanes[0].active_lane.lane_instance.i_fpnew_cast_multi/fu_data_q_reg[0][operand_a][63]_0
                         MUXF7 (Prop_muxf7_I1_O)      0.206    22.113 f  i_ariane/i_cva6/ex_stage_i/fpu_gen.fpu_i/fpu_gen.i_fpnew_bulk/gen_operation_groups[3].i_opgroup_block/gen_merged_slice.i_multifmt_slice/gen_num_lanes[0].active_lane.lane_instance.i_fpnew_cast_multi/fu_data_q_reg[0][operand_a][63]_i_2/O
                         net (fo=1, unplaced)         0.349    22.462    i_ariane/i_cva6/id_stage_i/fu_data_q_reg[0][operand_a][63]
                         LUT6 (Prop_lut6_I0_O)        0.242    22.704 r  i_ariane/i_cva6/id_stage_i/fu_data_q[0][operand_a][63]_i_1/O
                         net (fo=2, unplaced)         0.000    22.704    i_ariane/i_cva6/ex_stage_i/vaddr_to_be_flushed_reg[63]_0[63]
                         FDCE                                         r  i_ariane/i_cva6/ex_stage_i/vaddr_to_be_flushed_reg[63]/D
  -------------------------------------------------------------------    -------------------

                         (clock clk_i rise edge)     10.000    10.000 r  
                                                      0.000    10.000 r  clk_i (IN)
                         net (fo=33654, unset)        0.748    10.748    i_ariane/i_cva6/ex_stage_i/clk_i
                         FDCE                                         r  i_ariane/i_cva6/ex_stage_i/vaddr_to_be_flushed_reg[63]/C
                         clock pessimism              0.000    10.748    
                         clock uncertainty           -0.035    10.712    
                         FDCE (Setup_fdce_C_D)        0.043    10.755    i_ariane/i_cva6/ex_stage_i/vaddr_to_be_flushed_reg[63]
  -------------------------------------------------------------------
                         required time                         10.755    
                         arrival time                         -22.704    
  -------------------------------------------------------------------
                         slack                                -11.949    

Slack (VIOLATED) :        -11.949ns  (required time - arrival time)
  Source:                 i_ariane/i_cva6/ex_stage_i/fpu_gen.fpu_i/fpu_gen.i_fpnew_bulk/gen_operation_groups[3].i_opgroup_block/gen_merged_slice.i_multifmt_slice/gen_num_lanes[0].active_lane.lane_instance.i_fpnew_cast_multi/gen_inside_pipeline[0].mid_pipe_dst_fmt_q_reg[1][2]_rep/C
                            (rising edge-triggered cell FDCE clocked by clk_i  {rise@0.000ns fall@5.000ns period=10.000ns})
  Destination:            i_ariane/i_cva6/ex_stage_i/vaddr_to_be_flushed_reg[63]/D
                            (rising edge-triggered cell FDCE clocked by clk_i  {rise@0.000ns fall@5.000ns period=10.000ns})
  Path Group:             clk_i
  Path Type:              Setup (Max at Slow Process Corner)
  Requirement:            10.000ns  (clk_i rise@10.000ns - clk_i rise@0.000ns)
  Data Path Delay:        21.917ns  (logic 8.887ns (40.548%)  route 13.030ns (59.452%))
  Logic Levels:           52  (CARRY4=23 LUT1=1 LUT2=2 LUT3=2 LUT4=1 LUT5=4 LUT6=16 MUXF7=3)
  Clock Path Skew:        -0.039ns (DCD - SCD + CPR)
    Destination Clock Delay (DCD):    0.748ns = ( 10.748 - 10.000 ) 
    Source Clock Delay      (SCD):    0.787ns
    Clock Pessimism Removal (CPR):    0.000ns
  Clock Uncertainty:      0.035ns  ((TSJ^2 + TIJ^2)^1/2 + DJ) / 2 + PE
    Total System Jitter     (TSJ):    0.071ns
    Total Input Jitter      (TIJ):    0.000ns
    Discrete Jitter          (DJ):    0.000ns
    Phase Error              (PE):    0.000ns

    Location             Delay type                Incr(ns)  Path(ns)    Netlist Resource(s)
  -------------------------------------------------------------------    -------------------
                         (clock clk_i rise edge)      0.000     0.000 r  
                                                      0.000     0.000 r  clk_i (IN)
                         net (fo=33654, unset)        0.787     0.787    i_ariane/i_cva6/ex_stage_i/fpu_gen.fpu_i/fpu_gen.i_fpnew_bulk/gen_operation_groups[3].i_opgroup_block/gen_merged_slice.i_multifmt_slice/gen_num_lanes[0].active_lane.lane_instance.i_fpnew_cast_multi/clk_i
                         FDCE                                         r  i_ariane/i_cva6/ex_stage_i/fpu_gen.fpu_i/fpu_gen.i_fpnew_bulk/gen_operation_groups[3].i_opgroup_block/gen_merged_slice.i_multifmt_slice/gen_num_lanes[0].active_lane.lane_instance.i_fpnew_cast_multi/gen_inside_pipeline[0].mid_pipe_dst_fmt_q_reg[1][2]_rep/C
  -------------------------------------------------------------------    -------------------
                         FDCE (Prop_fdce_C_Q)         0.397     1.184 r  i_ariane/i_cva6/ex_stage_i/fpu_gen.fpu_i/fpu_gen.i_fpnew_bulk/gen_operation_groups[3].i_opgroup_block/gen_merged_slice.i_multifmt_slice/gen_num_lanes[0].active_lane.lane_instance.i_fpnew_cast_multi/gen_inside_pipeline[0].mid_pipe_dst_fmt_q_reg[1][2]_rep/Q
                         net (fo=165, unplaced)       0.737     1.921    i_ariane/i_cva6/ex_stage_i/fpu_gen.fpu_i/fpu_gen.i_fpnew_bulk/gen_operation_groups[3].i_opgroup_block/gen_merged_slice.i_multifmt_slice/gen_num_lanes[0].active_lane.lane_instance.i_fpnew_cast_multi/gen_inside_pipeline[0].mid_pipe_dst_fmt_q_reg[1][2]_rep_n_0
                         LUT3 (Prop_lut3_I0_O)        0.232     2.153 r  i_ariane/i_cva6/ex_stage_i/fpu_gen.fpu_i/fpu_gen.i_fpnew_bulk/gen_operation_groups[3].i_opgroup_block/gen_merged_slice.i_multifmt_slice/gen_num_lanes[0].active_lane.lane_instance.i_fpnew_cast_multi/mem_q[7][sbe][result][59]_i_188/O
                         net (fo=1, unplaced)         0.258     2.411    i_ariane/i_cva6/ex_stage_i/fpu_gen.fpu_i/fpu_gen.i_fpnew_bulk/gen_operation_groups[3].i_opgroup_block/gen_merged_slice.i_multifmt_slice/gen_num_lanes[0].active_lane.lane_instance.i_fpnew_cast_multi/preshift_mant3[0]
                         CARRY4 (Prop_carry4_CYINIT_CO[3])
                                                      0.494     2.905 r  i_ariane/i_cva6/ex_stage_i/fpu_gen.fpu_i/fpu_gen.i_fpnew_bulk/gen_operation_groups[3].i_opgroup_block/gen_merged_slice.i_multifmt_slice/gen_num_lanes[0].active_lane.lane_instance.i_fpnew_cast_multi/mem_q_reg[7][sbe][result][59]_i_177/CO[3]
                         net (fo=1, unplaced)         0.000     2.905    i_ariane/i_cva6/ex_stage_i/fpu_gen.fpu_i/fpu_gen.i_fpnew_bulk/gen_operation_groups[3].i_opgroup_block/gen_merged_slice.i_multifmt_slice/gen_num_lanes[0].active_lane.lane_instance.i_fpnew_cast_multi/mem_q_reg[7][sbe][result][59]_i_177_n_0
                         CARRY4 (Prop_carry4_CI_CO[3])
                                                      0.100     3.005 f  i_ariane/i_cva6/ex_stage_i/fpu_gen.fpu_i/fpu_gen.i_fpnew_bulk/gen_operation_groups[3].i_opgroup_block/gen_merged_slice.i_multifmt_slice/gen_num_lanes[0].active_lane.lane_instance.i_fpnew_cast_multi/mem_q_reg[7][sbe][ex][cause][4]_i_139/CO[3]
                         net (fo=1, unplaced)         0.000     3.005    i_ariane/i_cva6/ex_stage_i/fpu_gen.fpu_i/fpu_gen.i_fpnew_bulk/gen_operation_groups[3].i_opgroup_block/gen_merged_slice.i_multifmt_slice/gen_num_lanes[0].active_lane.lane_instance.i_fpnew_cast_multi/mem_q_reg[7][sbe][ex][cause][4]_i_139_n_0
                         CARRY4 (Prop_carry4_CI_O[1])
                                                      0.269     3.274 f  i_ariane/i_cva6/ex_stage_i/fpu_gen.fpu_i/fpu_gen.i_fpnew_bulk/gen_operation_groups[3].i_opgroup_block/gen_merged_slice.i_multifmt_slice/gen_num_lanes[0].active_lane.lane_instance.i_fpnew_cast_multi/mem_q_reg[7][sbe][ex][cause][4]_i_100/O[1]
                         net (fo=3, unplaced)         0.490     3.764    i_ariane/i_cva6/ex_stage_i/fpu_gen.fpu_i/fpu_gen.i_fpnew_bulk/gen_operation_groups[3].i_opgroup_block/gen_merged_slice.i_multifmt_slice/gen_num_lanes[0].active_lane.lane_instance.i_fpnew_cast_multi/mem_q_reg[7][sbe][ex][cause][4]_i_100_n_6
                         LUT4 (Prop_lut4_I1_O)        0.266     4.030 r  i_ariane/i_cva6/ex_stage_i/fpu_gen.fpu_i/fpu_gen.i_fpnew_bulk/gen_operation_groups[3].i_opgroup_block/gen_merged_slice.i_multifmt_slice/gen_num_lanes[0].active_lane.lane_instance.i_fpnew_cast_multi/mem_q[7][sbe][ex][cause][4]_i_94/O
                         net (fo=1, unplaced)         0.000     4.030    i_ariane/i_cva6/ex_stage_i/fpu_gen.fpu_i/fpu_gen.i_fpnew_bulk/gen_operation_groups[3].i_opgroup_block/gen_merged_slice.i_multifmt_slice/gen_num_lanes[0].active_lane.lane_instance.i_fpnew_cast_multi/mem_q[7][sbe][ex][cause][4]_i_94_n_0
                         CARRY4 (Prop_carry4_DI[1]_CO[3])
                                                      0.451     4.481 r  i_ariane/i_cva6/ex_stage_i/fpu_gen.fpu_i/fpu_gen.i_fpnew_bulk/gen_operation_groups[3].i_opgroup_block/gen_merged_slice.i_multifmt_slice/gen_num_lanes[0].active_lane.lane_instance.i_fpnew_cast_multi/mem_q_reg[7][sbe][ex][cause][4]_i_58/CO[3]
                         net (fo=1, unplaced)         0.000     4.481    i_ariane/i_cva6/ex_stage_i/fpu_gen.fpu_i/fpu_gen.i_fpnew_bulk/gen_operation_groups[3].i_opgroup_block/gen_merged_slice.i_multifmt_slice/gen_num_lanes[0].active_lane.lane_instance.i_fpnew_cast_multi/mem_q_reg[7][sbe][ex][cause][4]_i_58_n_0
                         CARRY4 (Prop_carry4_CI_CO[3])
                                                      0.100     4.581 r  i_ariane/i_cva6/ex_stage_i/fpu_gen.fpu_i/fpu_gen.i_fpnew_bulk/gen_operation_groups[3].i_opgroup_block/gen_merged_slice.i_multifmt_slice/gen_num_lanes[0].active_lane.lane_instance.i_fpnew_cast_multi/mem_q_reg[7][sbe][ex][cause][4]_i_40/CO[3]
                         net (fo=1, unplaced)         0.000     4.581    i_ariane/i_cva6/ex_stage_i/fpu_gen.fpu_i/fpu_gen.i_fpnew_bulk/gen_operation_groups[3].i_opgroup_block/gen_merged_slice.i_multifmt_slice/gen_num_lanes[0].active_lane.lane_instance.i_fpnew_cast_multi/mem_q_reg[7][sbe][ex][cause][4]_i_40_n_0
                         CARRY4 (Prop_carry4_CI_CO[3])
                                                      0.100     4.681 f  i_ariane/i_cva6/ex_stage_i/fpu_gen.fpu_i/fpu_gen.i_fpnew_bulk/gen_operation_groups[3].i_opgroup_block/gen_merged_slice.i_multifmt_slice/gen_num_lanes[0].active_lane.lane_instance.i_fpnew_cast_multi/mem_q_reg[7][sbe][ex][cause][4]_i_34/CO[3]
                         net (fo=146, unplaced)       0.719     5.400    i_ariane/i_cva6/ex_stage_i/fpu_gen.fpu_i/fpu_gen.i_fpnew_bulk/gen_operation_groups[3].i_opgroup_block/gen_merged_slice.i_multifmt_slice/gen_num_lanes[0].active_lane.lane_instance.i_fpnew_cast_multi/preshift_mant1
                         LUT5 (Prop_lut5_I2_O)        0.105     5.505 f  i_ariane/i_cva6/ex_stage_i/fpu_gen.fpu_i/fpu_gen.i_fpnew_bulk/gen_operation_groups[3].i_opgroup_block/gen_merged_slice.i_multifmt_slice/gen_num_lanes[0].active_lane.lane_instance.i_fpnew_cast_multi/mem_q[7][sbe][ex][cause][0]_i_331/O
                         net (fo=4, unplaced)         0.802     6.307    i_ariane/i_cva6/ex_stage_i/fpu_gen.fpu_i/fpu_gen.i_fpnew_bulk/gen_operation_groups[3].i_opgroup_block/gen_merged_slice.i_multifmt_slice/gen_num_lanes[0].active_lane.lane_instance.i_fpnew_cast_multi/preshift_mant[90]
                         LUT5 (Prop_lut5_I0_O)        0.105     6.412 f  i_ariane/i_cva6/ex_stage_i/fpu_gen.fpu_i/fpu_gen.i_fpnew_bulk/gen_operation_groups[3].i_opgroup_block/gen_merged_slice.i_multifmt_slice/gen_num_lanes[0].active_lane.lane_instance.i_fpnew_cast_multi/mem_q[7][sbe][ex][cause][0]_i_566/O
                         net (fo=4, unplaced)         0.606     7.018    i_ariane/i_cva6/ex_stage_i/fpu_gen.fpu_i/fpu_gen.i_fpnew_bulk/gen_operation_groups[3].i_opgroup_block/gen_merged_slice.i_multifmt_slice/gen_num_lanes[0].active_lane.lane_instance.i_fpnew_cast_multi/mem_q[7][sbe][ex][cause][0]_i_566_n_0
                         LUT6 (Prop_lut6_I1_O)        0.105     7.123 f  i_ariane/i_cva6/ex_stage_i/fpu_gen.fpu_i/fpu_gen.i_fpnew_bulk/gen_operation_groups[3].i_opgroup_block/gen_merged_slice.i_multifmt_slice/gen_num_lanes[0].active_lane.lane_instance.i_fpnew_cast_multi/mem_q[7][sbe][ex][cause][0]_i_415/O
                         net (fo=4, unplaced)         0.606     7.729    i_ariane/i_cva6/ex_stage_i/fpu_gen.fpu_i/fpu_gen.i_fpnew_bulk/gen_operation_groups[3].i_opgroup_block/gen_merged_slice.i_multifmt_slice/gen_num_lanes[0].active_lane.lane_instance.i_fpnew_cast_multi/mem_q[7][sbe][ex][cause][0]_i_415_n_0
                         LUT6 (Prop_lut6_I1_O)        0.105     7.834 f  i_ariane/i_cva6/ex_stage_i/fpu_gen.fpu_i/fpu_gen.i_fpnew_bulk/gen_operation_groups[3].i_opgroup_block/gen_merged_slice.i_multifmt_slice/gen_num_lanes[0].active_lane.lane_instance.i_fpnew_cast_multi/mem_q[7][sbe][ex][cause][0]_i_179/O
                         net (fo=3, unplaced)         0.796     8.630    i_ariane/i_cva6/ex_stage_i/fpu_gen.fpu_i/fpu_gen.i_fpnew_bulk/gen_operation_groups[3].i_opgroup_block/gen_merged_slice.i_multifmt_slice/gen_num_lanes[0].active_lane.lane_instance.i_fpnew_cast_multi/mem_q[7][sbe][ex][cause][0]_i_179_n_0
                         LUT6 (Prop_lut6_I0_O)        0.105     8.735 f  i_ariane/i_cva6/ex_stage_i/fpu_gen.fpu_i/fpu_gen.i_fpnew_bulk/gen_operation_groups[3].i_opgroup_block/gen_merged_slice.i_multifmt_slice/gen_num_lanes[0].active_lane.lane_instance.i_fpnew_cast_multi/mem_q[7][sbe][ex][cause][0]_i_225/O
                         net (fo=1, unplaced)         0.782     9.517    i_ariane/i_cva6/ex_stage_i/fpu_gen.fpu_i/fpu_gen.i_fpnew_bulk/gen_operation_groups[3].i_opgroup_block/gen_merged_slice.i_multifmt_slice/gen_num_lanes[0].active_lane.lane_instance.i_fpnew_cast_multi/mem_q[7][sbe][ex][cause][0]_i_225_n_0
                         LUT6 (Prop_lut6_I0_O)        0.105     9.622 f  i_ariane/i_cva6/ex_stage_i/fpu_gen.fpu_i/fpu_gen.i_fpnew_bulk/gen_operation_groups[3].i_opgroup_block/gen_merged_slice.i_multifmt_slice/gen_num_lanes[0].active_lane.lane_instance.i_fpnew_cast_multi/mem_q[7][sbe][ex][cause][0]_i_81/O
                         net (fo=1, unplaced)         0.778    10.400    i_ariane/i_cva6/ex_stage_i/fpu_gen.fpu_i/fpu_gen.i_fpnew_bulk/gen_operation_groups[3].i_opgroup_block/gen_merged_slice.i_multifmt_slice/gen_num_lanes[0].active_lane.lane_instance.i_fpnew_cast_multi/mem_q[7][sbe][ex][cause][0]_i_81_n_0
                         LUT6 (Prop_lut6_I1_O)        0.105    10.505 f  i_ariane/i_cva6/ex_stage_i/fpu_gen.fpu_i/fpu_gen.i_fpnew_bulk/gen_operation_groups[3].i_opgroup_block/gen_merged_slice.i_multifmt_slice/gen_num_lanes[0].active_lane.lane_instance.i_fpnew_cast_multi/mem_q[7][sbe][ex][cause][0]_i_25/O
                         net (fo=4, unplaced)         0.606    11.111    i_ariane/i_cva6/ex_stage_i/fpu_gen.fpu_i/fpu_gen.i_fpnew_bulk/gen_operation_groups[3].i_opgroup_block/gen_merged_slice.i_multifmt_slice/gen_num_lanes[0].active_lane.lane_instance.i_fpnew_cast_multi/fp_round_sticky_bits[0]
                         LUT6 (Prop_lut6_I0_O)        0.105    11.216 f  i_ariane/i_cva6/ex_stage_i/fpu_gen.fpu_i/fpu_gen.i_fpnew_bulk/gen_operation_groups[3].i_opgroup_block/gen_merged_slice.i_multifmt_slice/gen_num_lanes[0].active_lane.lane_instance.i_fpnew_cast_multi/mem_q[7][sbe][result][0]_i_174/O
                         net (fo=1, unplaced)         0.347    11.563    i_ariane/i_cva6/ex_stage_i/fpu_gen.fpu_i/fpu_gen.i_fpnew_bulk/gen_operation_groups[3].i_opgroup_block/gen_merged_slice.i_multifmt_slice/gen_num_lanes[0].active_lane.lane_instance.i_fpnew_cast_multi/mem_q[7][sbe][result][0]_i_174_n_0
                         LUT6 (Prop_lut6_I5_O)        0.105    11.668 r  i_ariane/i_cva6/ex_stage_i/fpu_gen.fpu_i/fpu_gen.i_fpnew_bulk/gen_operation_groups[3].i_opgroup_block/gen_merged_slice.i_multifmt_slice/gen_num_lanes[0].active_lane.lane_instance.i_fpnew_cast_multi/mem_q[7][sbe][result][0]_i_114/O
                         net (fo=1, unplaced)         0.000    11.668    i_ariane/i_cva6/ex_stage_i/fpu_gen.fpu_i/fpu_gen.i_fpnew_bulk/gen_operation_groups[3].i_opgroup_block/gen_merged_slice.i_multifmt_slice/gen_num_lanes[0].active_lane.lane_instance.i_fpnew_cast_multi/mem_q[7][sbe][result][0]_i_114_n_0
                         CARRY4 (Prop_carry4_S[0]_CO[3])
                                                      0.423    12.091 r  i_ariane/i_cva6/ex_stage_i/fpu_gen.fpu_i/fpu_gen.i_fpnew_bulk/gen_operation_groups[3].i_opgroup_block/gen_merged_slice.i_multifmt_slice/gen_num_lanes[0].active_lane.lane_instance.i_fpnew_cast_multi/mem_q_reg[7][sbe][result][0]_i_66/CO[3]
                         net (fo=1, unplaced)         0.000    12.091    i_ariane/i_cva6/ex_stage_i/fpu_gen.fpu_i/fpu_gen.i_fpnew_bulk/gen_operation_groups[3].i_opgroup_block/gen_merged_slice.i_multifmt_slice/gen_num_lanes[0].active_lane.lane_instance.i_fpnew_cast_multi/mem_q_reg[7][sbe][result][0]_i_66_n_0
                         CARRY4 (Prop_carry4_CI_CO[3])
                                                      0.100    12.191 r  i_ariane/i_cva6/ex_stage_i/fpu_gen.fpu_i/fpu_gen.i_fpnew_bulk/gen_operation_groups[3].i_opgroup_block/gen_merged_slice.i_multifmt_slice/gen_num_lanes[0].active_lane.lane_instance.i_fpnew_cast_multi/mem_q_reg[7][sbe][result][7]_i_77/CO[3]
                         net (fo=1, unplaced)         0.000    12.191    i_ariane/i_cva6/ex_stage_i/fpu_gen.fpu_i/fpu_gen.i_fpnew_bulk/gen_operation_groups[3].i_opgroup_block/gen_merged_slice.i_multifmt_slice/gen_num_lanes[0].active_lane.lane_instance.i_fpnew_cast_multi/mem_q_reg[7][sbe][result][7]_i_77_n_0
                         CARRY4 (Prop_carry4_CI_CO[3])
                                                      0.100    12.291 r  i_ariane/i_cva6/ex_stage_i/fpu_gen.fpu_i/fpu_gen.i_fpnew_bulk/gen_operation_groups[3].i_opgroup_block/gen_merged_slice.i_multifmt_slice/gen_num_lanes[0].active_lane.lane_instance.i_fpnew_cast_multi/mem_q_reg[7][sbe][result][11]_i_56/CO[3]
                         net (fo=1, unplaced)         0.000    12.291    i_ariane/i_cva6/ex_stage_i/fpu_gen.fpu_i/fpu_gen.i_fpnew_bulk/gen_operation_groups[3].i_opgroup_block/gen_merged_slice.i_multifmt_slice/gen_num_lanes[0].active_lane.lane_instance.i_fpnew_cast_multi/mem_q_reg[7][sbe][result][11]_i_56_n_0
                         CARRY4 (Prop_carry4_CI_CO[3])
                                                      0.100    12.391 r  i_ariane/i_cva6/ex_stage_i/fpu_gen.fpu_i/fpu_gen.i_fpnew_bulk/gen_operation_groups[3].i_opgroup_block/gen_merged_slice.i_multifmt_slice/gen_num_lanes[0].active_lane.lane_instance.i_fpnew_cast_multi/mem_q_reg[7][sbe][result][15]_i_77/CO[3]
                         net (fo=1, unplaced)         0.000    12.391    i_ariane/i_cva6/ex_stage_i/fpu_gen.fpu_i/fpu_gen.i_fpnew_bulk/gen_operation_groups[3].i_opgroup_block/gen_merged_slice.i_multifmt_slice/gen_num_lanes[0].active_lane.lane_instance.i_fpnew_cast_multi/mem_q_reg[7][sbe][result][15]_i_77_n_0
                         CARRY4 (Prop_carry4_CI_CO[3])
                                                      0.100    12.491 r  i_ariane/i_cva6/ex_stage_i/fpu_gen.fpu_i/fpu_gen.i_fpnew_bulk/gen_operation_groups[3].i_opgroup_block/gen_merged_slice.i_multifmt_slice/gen_num_lanes[0].active_lane.lane_instance.i_fpnew_cast_multi/mem_q_reg[7][sbe][result][19]_i_57/CO[3]
                         net (fo=1, unplaced)         0.000    12.491    i_ariane/i_cva6/ex_stage_i/fpu_gen.fpu_i/fpu_gen.i_fpnew_bulk/gen_operation_groups[3].i_opgroup_block/gen_merged_slice.i_multifmt_slice/gen_num_lanes[0].active_lane.lane_instance.i_fpnew_cast_multi/mem_q_reg[7][sbe][result][19]_i_57_n_0
                         CARRY4 (Prop_carry4_CI_CO[3])
                                                      0.100    12.591 r  i_ariane/i_cva6/ex_stage_i/fpu_gen.fpu_i/fpu_gen.i_fpnew_bulk/gen_operation_groups[3].i_opgroup_block/gen_merged_slice.i_multifmt_slice/gen_num_lanes[0].active_lane.lane_instance.i_fpnew_cast_multi/mem_q_reg[7][sbe][result][23]_i_77/CO[3]
                         net (fo=1, unplaced)         0.000    12.591    i_ariane/i_cva6/ex_stage_i/fpu_gen.fpu_i/fpu_gen.i_fpnew_bulk/gen_operation_groups[3].i_opgroup_block/gen_merged_slice.i_multifmt_slice/gen_num_lanes[0].active_lane.lane_instance.i_fpnew_cast_multi/mem_q_reg[7][sbe][result][23]_i_77_n_0
                         CARRY4 (Prop_carry4_CI_CO[3])
                                                      0.100    12.691 r  i_ariane/i_cva6/ex_stage_i/fpu_gen.fpu_i/fpu_gen.i_fpnew_bulk/gen_operation_groups[3].i_opgroup_block/gen_merged_slice.i_multifmt_slice/gen_num_lanes[0].active_lane.lane_instance.i_fpnew_cast_multi/mem_q_reg[7][sbe][ex][cause][1]_i_27/CO[3]
                         net (fo=1, unplaced)         0.000    12.691    i_ariane/i_cva6/ex_stage_i/fpu_gen.fpu_i/fpu_gen.i_fpnew_bulk/gen_operation_groups[3].i_opgroup_block/gen_merged_slice.i_multifmt_slice/gen_num_lanes[0].active_lane.lane_instance.i_fpnew_cast_multi/mem_q_reg[7][sbe][ex][cause][1]_i_27_n_0
                         CARRY4 (Prop_carry4_CI_CO[3])
                                                      0.100    12.791 r  i_ariane/i_cva6/ex_stage_i/fpu_gen.fpu_i/fpu_gen.i_fpnew_bulk/gen_operation_groups[3].i_opgroup_block/gen_merged_slice.i_multifmt_slice/gen_num_lanes[0].active_lane.lane_instance.i_fpnew_cast_multi/mem_q_reg[7][sbe][result][35]_i_47/CO[3]
                         net (fo=1, unplaced)         0.000    12.791    i_ariane/i_cva6/ex_stage_i/fpu_gen.fpu_i/fpu_gen.i_fpnew_bulk/gen_operation_groups[3].i_opgroup_block/gen_merged_slice.i_multifmt_slice/gen_num_lanes[0].active_lane.lane_instance.i_fpnew_cast_multi/mem_q_reg[7][sbe][result][35]_i_47_n_0
                         CARRY4 (Prop_carry4_CI_CO[3])
                                                      0.100    12.891 r  i_ariane/i_cva6/ex_stage_i/fpu_gen.fpu_i/fpu_gen.i_fpnew_bulk/gen_operation_groups[3].i_opgroup_block/gen_merged_slice.i_multifmt_slice/gen_num_lanes[0].active_lane.lane_instance.i_fpnew_cast_multi/mem_q_reg[7][sbe][result][35]_i_27/CO[3]
                         net (fo=1, unplaced)         0.000    12.891    i_ariane/i_cva6/ex_stage_i/fpu_gen.fpu_i/fpu_gen.i_fpnew_bulk/gen_operation_groups[3].i_opgroup_block/gen_merged_slice.i_multifmt_slice/gen_num_lanes[0].active_lane.lane_instance.i_fpnew_cast_multi/mem_q_reg[7][sbe][result][35]_i_27_n_0
                         CARRY4 (Prop_carry4_CI_CO[3])
                                                      0.100    12.991 r  i_ariane/i_cva6/ex_stage_i/fpu_gen.fpu_i/fpu_gen.i_fpnew_bulk/gen_operation_groups[3].i_opgroup_block/gen_merged_slice.i_multifmt_slice/gen_num_lanes[0].active_lane.lane_instance.i_fpnew_cast_multi/mem_q_reg[7][sbe][result][39]_i_16/CO[3]
                         net (fo=1, unplaced)         0.000    12.991    i_ariane/i_cva6/ex_stage_i/fpu_gen.fpu_i/fpu_gen.i_fpnew_bulk/gen_operation_groups[3].i_opgroup_block/gen_merged_slice.i_multifmt_slice/gen_num_lanes[0].active_lane.lane_instance.i_fpnew_cast_multi/mem_q_reg[7][sbe][result][39]_i_16_n_0
                         CARRY4 (Prop_carry4_CI_CO[3])
                                                      0.100    13.091 r  i_ariane/i_cva6/ex_stage_i/fpu_gen.fpu_i/fpu_gen.i_fpnew_bulk/gen_operation_groups[3].i_opgroup_block/gen_merged_slice.i_multifmt_slice/gen_num_lanes[0].active_lane.lane_instance.i_fpnew_cast_multi/mem_q_reg[7][sbe][result][43]_i_18/CO[3]
                         net (fo=1, unplaced)         0.000    13.091    i_ariane/i_cva6/ex_stage_i/fpu_gen.fpu_i/fpu_gen.i_fpnew_bulk/gen_operation_groups[3].i_opgroup_block/gen_merged_slice.i_multifmt_slice/gen_num_lanes[0].active_lane.lane_instance.i_fpnew_cast_multi/mem_q_reg[7][sbe][result][43]_i_18_n_0
                         CARRY4 (Prop_carry4_CI_CO[3])
                                                      0.100    13.191 r  i_ariane/i_cva6/ex_stage_i/fpu_gen.fpu_i/fpu_gen.i_fpnew_bulk/gen_operation_groups[3].i_opgroup_block/gen_merged_slice.i_multifmt_slice/gen_num_lanes[0].active_lane.lane_instance.i_fpnew_cast_multi/mem_q_reg[7][sbe][result][47]_i_21/CO[3]
                         net (fo=1, unplaced)         0.000    13.191    i_ariane/i_cva6/ex_stage_i/fpu_gen.fpu_i/fpu_gen.i_fpnew_bulk/gen_operation_groups[3].i_opgroup_block/gen_merged_slice.i_multifmt_slice/gen_num_lanes[0].active_lane.lane_instance.i_fpnew_cast_multi/mem_q_reg[7][sbe][result][47]_i_21_n_0
                         CARRY4 (Prop_carry4_CI_CO[3])
                                                      0.100    13.291 r  i_ariane/i_cva6/ex_stage_i/fpu_gen.fpu_i/fpu_gen.i_fpnew_bulk/gen_operation_groups[3].i_opgroup_block/gen_merged_slice.i_multifmt_slice/gen_num_lanes[0].active_lane.lane_instance.i_fpnew_cast_multi/mem_q_reg[7][sbe][result][50]_i_20/CO[3]
                         net (fo=1, unplaced)         0.000    13.291    i_ariane/i_cva6/ex_stage_i/fpu_gen.fpu_i/fpu_gen.i_fpnew_bulk/gen_operation_groups[3].i_opgroup_block/gen_merged_slice.i_multifmt_slice/gen_num_lanes[0].active_lane.lane_instance.i_fpnew_cast_multi/mem_q_reg[7][sbe][result][50]_i_20_n_0
                         CARRY4 (Prop_carry4_CI_CO[3])
                                                      0.100    13.391 r  i_ariane/i_cva6/ex_stage_i/fpu_gen.fpu_i/fpu_gen.i_fpnew_bulk/gen_operation_groups[3].i_opgroup_block/gen_merged_slice.i_multifmt_slice/gen_num_lanes[0].active_lane.lane_instance.i_fpnew_cast_multi/mem_q_reg[7][sbe][result][55]_i_25/CO[3]
                         net (fo=1, unplaced)         0.000    13.391    i_ariane/i_cva6/ex_stage_i/fpu_gen.fpu_i/fpu_gen.i_fpnew_bulk/gen_operation_groups[3].i_opgroup_block/gen_merged_slice.i_multifmt_slice/gen_num_lanes[0].active_lane.lane_instance.i_fpnew_cast_multi/mem_q_reg[7][sbe][result][55]_i_25_n_0
                         CARRY4 (Prop_carry4_CI_O[2])
                                                      0.214    13.605 f  i_ariane/i_cva6/ex_stage_i/fpu_gen.fpu_i/fpu_gen.i_fpnew_bulk/gen_operation_groups[3].i_opgroup_block/gen_merged_slice.i_multifmt_slice/gen_num_lanes[0].active_lane.lane_instance.i_fpnew_cast_multi/mem_q_reg[7][sbe][result][59]_i_28/O[2]
                         net (fo=6, unplaced)         0.381    13.986    i_ariane/i_cva6/ex_stage_i/fpu_gen.fpu_i/fpu_gen.i_fpnew_bulk/gen_operation_groups[3].i_opgroup_block/gen_merged_slice.i_multifmt_slice/gen_num_lanes[0].active_lane.lane_instance.i_fpnew_cast_multi/rounded_abs[58]
                         LUT1 (Prop_lut1_I0_O)        0.244    14.230 r  i_ariane/i_cva6/ex_stage_i/fpu_gen.fpu_i/fpu_gen.i_fpnew_bulk/gen_operation_groups[3].i_opgroup_block/gen_merged_slice.i_multifmt_slice/gen_num_lanes[0].active_lane.lane_instance.i_fpnew_cast_multi/mem_q[7][sbe][result][60]_i_105/O
                         net (fo=1, unplaced)         0.000    14.230    i_ariane/i_cva6/ex_stage_i/fpu_gen.fpu_i/fpu_gen.i_fpnew_bulk/gen_operation_groups[3].i_opgroup_block/gen_merged_slice.i_multifmt_slice/gen_num_lanes[0].active_lane.lane_instance.i_fpnew_cast_multi/mem_q[7][sbe][result][60]_i_105_n_0
                         CARRY4 (Prop_carry4_S[1]_CO[3])
                                                      0.444    14.674 r  i_ariane/i_cva6/ex_stage_i/fpu_gen.fpu_i/fpu_gen.i_fpnew_bulk/gen_operation_groups[3].i_opgroup_block/gen_merged_slice.i_multifmt_slice/gen_num_lanes[0].active_lane.lane_instance.i_fpnew_cast_multi/mem_q_reg[7][sbe][result][60]_i_51/CO[3]
                         net (fo=1, unplaced)         0.000    14.674    i_ariane/i_cva6/ex_stage_i/fpu_gen.fpu_i/fpu_gen.i_fpnew_bulk/gen_operation_groups[3].i_opgroup_block/gen_merged_slice.i_multifmt_slice/gen_num_lanes[0].active_lane.lane_instance.i_fpnew_cast_multi/mem_q_reg[7][sbe][result][60]_i_51_n_0
                         CARRY4 (Prop_carry4_CI_O[1])
                                                      0.269    14.943 r  i_ariane/i_cva6/ex_stage_i/fpu_gen.fpu_i/fpu_gen.i_fpnew_bulk/gen_operation_groups[3].i_opgroup_block/gen_merged_slice.i_multifmt_slice/gen_num_lanes[0].active_lane.lane_instance.i_fpnew_cast_multi/mem_q_reg[7][sbe][result][62]_i_30/O[1]
                         net (fo=2, unplaced)         0.251    15.194    i_ariane/i_cva6/ex_stage_i/fpu_gen.fpu_i/fpu_gen.i_fpnew_bulk/gen_operation_groups[3].i_opgroup_block/gen_merged_slice.i_multifmt_slice/gen_num_lanes[0].active_lane.lane_instance.i_fpnew_cast_multi/rounded_int_res0[62]
                         LUT3 (Prop_lut3_I0_O)        0.245    15.439 r  i_ariane/i_cva6/ex_stage_i/fpu_gen.fpu_i/fpu_gen.i_fpnew_bulk/gen_operation_groups[3].i_opgroup_block/gen_merged_slice.i_multifmt_slice/gen_num_lanes[0].active_lane.lane_instance.i_fpnew_cast_multi/mem_q[7][sbe][ex][cause][0]_i_211/O
                         net (fo=2, unplaced)         0.358    15.797    i_ariane/i_cva6/ex_stage_i/fpu_gen.fpu_i/fpu_gen.i_fpnew_bulk/gen_operation_groups[3].i_opgroup_block/gen_merged_slice.i_multifmt_slice/gen_num_lanes[0].active_lane.lane_instance.i_fpnew_cast_multi/mem_q[7][sbe][ex][cause][0]_i_211_n_0
                         LUT5 (Prop_lut5_I1_O)        0.105    15.902 f  i_ariane/i_cva6/ex_stage_i/fpu_gen.fpu_i/fpu_gen.i_fpnew_bulk/gen_operation_groups[3].i_opgroup_block/gen_merged_slice.i_multifmt_slice/gen_num_lanes[0].active_lane.lane_instance.i_fpnew_cast_multi/mem_q[7][sbe][ex][cause][4]_i_80/O
                         net (fo=1, unplaced)         0.000    15.902    i_ariane/i_cva6/ex_stage_i/fpu_gen.fpu_i/fpu_gen.i_fpnew_bulk/gen_operation_groups[3].i_opgroup_block/gen_merged_slice.i_multifmt_slice/gen_num_lanes[0].active_lane.lane_instance.i_fpnew_cast_multi/mem_q[7][sbe][ex][cause][4]_i_80_n_0
                         MUXF7 (Prop_muxf7_I1_O)      0.206    16.108 f  i_ariane/i_cva6/ex_stage_i/fpu_gen.fpu_i/fpu_gen.i_fpnew_bulk/gen_operation_groups[3].i_opgroup_block/gen_merged_slice.i_multifmt_slice/gen_num_lanes[0].active_lane.lane_instance.i_fpnew_cast_multi/mem_q_reg[7][sbe][ex][cause][4]_i_52/O
                         net (fo=1, unplaced)         0.349    16.457    i_ariane/i_cva6/ex_stage_i/fpu_gen.fpu_i/fpu_gen.i_fpnew_bulk/gen_operation_groups[3].i_opgroup_block/gen_merged_slice.i_multifmt_slice/gen_num_lanes[0].active_lane.lane_instance.i_fpnew_cast_multi/mem_q_reg[7][sbe][ex][cause][4]_i_52_n_0
                         LUT6 (Prop_lut6_I0_O)        0.242    16.699 f  i_ariane/i_cva6/ex_stage_i/fpu_gen.fpu_i/fpu_gen.i_fpnew_bulk/gen_operation_groups[3].i_opgroup_block/gen_merged_slice.i_multifmt_slice/gen_num_lanes[0].active_lane.lane_instance.i_fpnew_cast_multi/mem_q[7][sbe][ex][cause][4]_i_36/O
                         net (fo=1, unplaced)         0.347    17.046    i_ariane/i_cva6/ex_stage_i/fpu_gen.fpu_i/fpu_gen.i_fpnew_bulk/gen_operation_groups[3].i_opgroup_block/gen_merged_slice.i_multifmt_slice/gen_num_lanes[0].active_lane.lane_instance.i_fpnew_cast_multi/of_after_round
                         LUT6 (Prop_lut6_I5_O)        0.105    17.151 f  i_ariane/i_cva6/ex_stage_i/fpu_gen.fpu_i/fpu_gen.i_fpnew_bulk/gen_operation_groups[3].i_opgroup_block/gen_merged_slice.i_multifmt_slice/gen_num_lanes[0].active_lane.lane_instance.i_fpnew_cast_multi/mem_q[7][sbe][ex][cause][4]_i_28/O
                         net (fo=3, unplaced)         0.365    17.516    i_ariane/i_cva6/ex_stage_i/fpu_gen.fpu_i/fpu_gen.i_fpnew_bulk/gen_operation_groups[3].i_opgroup_block/gen_merged_slice.i_multifmt_slice/gen_num_lanes[0].active_lane.lane_instance.i_fpnew_cast_multi/int_regular_status[NV]
                         LUT6 (Prop_lut6_I0_O)        0.105    17.621 f  i_ariane/i_cva6/ex_stage_i/fpu_gen.fpu_i/fpu_gen.i_fpnew_bulk/gen_operation_groups[3].i_opgroup_block/gen_merged_slice.i_multifmt_slice/gen_num_lanes[0].active_lane.lane_instance.i_fpnew_cast_multi/mem_q[7][sbe][ex][cause][0]_i_9/O
                         net (fo=66, unplaced)        0.436    18.057    i_ariane/i_cva6/ex_stage_i/fpu_gen.fpu_i/fpu_gen.i_fpnew_bulk/gen_operation_groups[3].i_opgroup_block/gen_merged_slice.i_multifmt_slice/gen_num_lanes[0].active_lane.lane_instance.i_fpnew_cast_multi/int_result_is_special
                         LUT6 (Prop_lut6_I4_O)        0.105    18.162 r  i_ariane/i_cva6/ex_stage_i/fpu_gen.fpu_i/fpu_gen.i_fpnew_bulk/gen_operation_groups[3].i_opgroup_block/gen_merged_slice.i_multifmt_slice/gen_num_lanes[0].active_lane.lane_instance.i_fpnew_cast_multi/mem_q[7][sbe][result][63]_i_32/O
                         net (fo=2, unplaced)         0.358    18.520    i_ariane/i_cva6/ex_stage_i/fpu_gen.fpu_i/fpu_gen.i_fpnew_bulk/gen_operation_groups[3].i_opgroup_block/gen_merged_slice.i_multifmt_slice/gen_num_lanes[0].active_lane.lane_instance.i_fpnew_cast_multi/int_result[63]
                         LUT2 (Prop_lut2_I0_O)        0.105    18.625 r  i_ariane/i_cva6/ex_stage_i/fpu_gen.fpu_i/fpu_gen.i_fpnew_bulk/gen_operation_groups[3].i_opgroup_block/gen_merged_slice.i_multifmt_slice/gen_num_lanes[0].active_lane.lane_instance.i_fpnew_cast_multi/mem_q[7][sbe][result][50]_i_13/O
                         net (fo=21, unplaced)        0.408    19.033    i_ariane/i_cva6/ex_stage_i/fpu_gen.fpu_i/fpu_gen.i_fpnew_bulk/gen_operation_groups[3].i_opgroup_block/gen_merged_slice.i_multifmt_slice/gen_num_lanes[0].active_lane.lane_instance.i_fpnew_cast_multi/mem_q[7][sbe][result][50]_i_13_n_0
                         LUT5 (Prop_lut5_I0_O)        0.105    19.138 r  i_ariane/i_cva6/ex_stage_i/fpu_gen.fpu_i/fpu_gen.i_fpnew_bulk/gen_operation_groups[3].i_opgroup_block/gen_merged_slice.i_multifmt_slice/gen_num_lanes[0].active_lane.lane_instance.i_fpnew_cast_multi/mem_q[7][sbe][result][50]_i_5/O
                         net (fo=40, unplaced)        0.424    19.562    i_ariane/i_cva6/ex_stage_i/fpu_gen.fpu_i/fpu_gen.i_fpnew_bulk/gen_operation_groups[3].i_opgroup_block/gen_merged_slice.i_multifmt_slice/gen_num_lanes[0].active_lane.lane_instance.i_fpnew_cast_multi/mem_q[7][sbe][result][50]_i_5_n_0
                         LUT6 (Prop_lut6_I5_O)        0.105    19.667 r  i_ariane/i_cva6/ex_stage_i/fpu_gen.fpu_i/fpu_gen.i_fpnew_bulk/gen_operation_groups[3].i_opgroup_block/gen_merged_slice.i_multifmt_slice/gen_num_lanes[0].active_lane.lane_instance.i_fpnew_cast_multi/mem_q[7][sbe][result][63]_i_15/O
                         net (fo=1, unplaced)         0.347    20.014    i_ariane/i_cva6/ex_stage_i/fpu_gen.fpu_i/fpu_gen.i_fpnew_bulk/gen_operation_groups[2].i_opgroup_block/gen_parallel_slices[0].active_format.i_fmt_slice/gen_num_lanes[0].active_lane.lane_instance.i_noncomp/opgrp_outputs[3][result][0]
                         LUT6 (Prop_lut6_I0_O)        0.105    20.119 r  i_ariane/i_cva6/ex_stage_i/fpu_gen.fpu_i/fpu_gen.i_fpnew_bulk/gen_operation_groups[2].i_opgroup_block/gen_parallel_slices[0].active_format.i_fmt_slice/gen_num_lanes[0].active_lane.lane_instance.i_noncomp/mem_q[7][sbe][result][63]_i_8/O
                         net (fo=1, unplaced)         0.000    20.119    i_ariane/i_cva6/ex_stage_i/fpu_gen.fpu_i/fpu_gen.i_fpnew_bulk/gen_operation_groups[0].i_opgroup_block/gen_parallel_slices[0].active_format.i_fmt_slice/gen_num_lanes[0].active_lane.lane_instance.i_fma/gen_arbiter.data_nodes[2][result][44]
                         MUXF7 (Prop_muxf7_I1_O)      0.206    20.325 r  i_ariane/i_cva6/ex_stage_i/fpu_gen.fpu_i/fpu_gen.i_fpnew_bulk/gen_operation_groups[0].i_opgroup_block/gen_parallel_slices[0].active_format.i_fmt_slice/gen_num_lanes[0].active_lane.lane_instance.i_fma/mem_q_reg[7][sbe][result][63]_i_4/O
                         net (fo=14, unplaced)        0.400    20.725    i_ariane/i_cva6/ex_stage_i/fpu_gen.fpu_i/fpu_gen.i_fpnew_bulk/gen_operation_groups[0].i_opgroup_block/gen_parallel_slices[0].active_format.i_fmt_slice/gen_num_lanes[0].active_lane.lane_instance.i_fma/gen_arbiter.gen_int_rr.rr_q_reg[1]_4
                         LUT2 (Prop_lut2_I0_O)        0.242    20.967 f  i_ariane/i_cva6/ex_stage_i/fpu_gen.fpu_i/fpu_gen.i_fpnew_bulk/gen_operation_groups[0].i_opgroup_block/gen_parallel_slices[0].active_format.i_fmt_slice/gen_num_lanes[0].active_lane.lane_instance.i_fma/fu_data_q[0][operand_a][63]_i_54/O
                         net (fo=3, unplaced)         0.365    21.332    i_ariane/i_cva6/ex_stage_i/fpu_gen.fpu_i/fpu_gen.i_fpnew_bulk/gen_operation_groups[3].i_opgroup_block/gen_merged_slice.i_multifmt_slice/gen_num_lanes[0].active_lane.lane_instance.i_fpnew_cast_multi/fu_data_q[0][imm][63]_i_10
                         LUT6 (Prop_lut6_I5_O)        0.105    21.437 f  i_ariane/i_cva6/ex_stage_i/fpu_gen.fpu_i/fpu_gen.i_fpnew_bulk/gen_operation_groups[3].i_opgroup_block/gen_merged_slice.i_multifmt_slice/gen_num_lanes[0].active_lane.lane_instance.i_fpnew_cast_multi/fu_data_q[0][operand_a][63]_i_24/O
                         net (fo=3, unplaced)         0.365    21.802    i_ariane/i_cva6/ex_stage_i/fpu_gen.fpu_i/fpu_gen.i_fpnew_bulk/gen_operation_groups[0].i_opgroup_block/gen_parallel_slices[0].active_format.i_fmt_slice/gen_num_lanes[0].active_lane.lane_instance.i_fma/fu_data_q_reg[0][operand_b][63]_i_5_0
                         LUT6 (Prop_lut6_I3_O)        0.105    21.907 f  i_ariane/i_cva6/ex_stage_i/fpu_gen.fpu_i/fpu_gen.i_fpnew_bulk/gen_operation_groups[0].i_opgroup_block/gen_parallel_slices[0].active_format.i_fmt_slice/gen_num_lanes[0].active_lane.lane_instance.i_fma/fu_data_q[0][operand_a][63]_i_7/O
                         net (fo=1, unplaced)         0.000    21.907    i_ariane/i_cva6/ex_stage_i/fpu_gen.fpu_i/fpu_gen.i_fpnew_bulk/gen_operation_groups[3].i_opgroup_block/gen_merged_slice.i_multifmt_slice/gen_num_lanes[0].active_lane.lane_instance.i_fpnew_cast_multi/fu_data_q_reg[0][operand_a][63]_0
                         MUXF7 (Prop_muxf7_I1_O)      0.206    22.113 f  i_ariane/i_cva6/ex_stage_i/fpu_gen.fpu_i/fpu_gen.i_fpnew_bulk/gen_operation_groups[3].i_opgroup_block/gen_merged_slice.i_multifmt_slice/gen_num_lanes[0].active_lane.lane_instance.i_fpnew_cast_multi/fu_data_q_reg[0][operand_a][63]_i_2/O
                         net (fo=1, unplaced)         0.349    22.462    i_ariane/i_cva6/id_stage_i/fu_data_q_reg[0][operand_a][63]
                         LUT6 (Prop_lut6_I0_O)        0.242    22.704 r  i_ariane/i_cva6/id_stage_i/fu_data_q[0][operand_a][63]_i_1/O
                         net (fo=2, unplaced)         0.000    22.704    i_ariane/i_cva6/ex_stage_i/vaddr_to_be_flushed_reg[63]_0[63]
                         FDCE                                         r  i_ariane/i_cva6/ex_stage_i/vaddr_to_be_flushed_reg[63]/D
  -------------------------------------------------------------------    -------------------

                         (clock clk_i rise edge)     10.000    10.000 r  
                                                      0.000    10.000 r  clk_i (IN)
                         net (fo=33654, unset)        0.748    10.748    i_ariane/i_cva6/ex_stage_i/clk_i
                         FDCE                                         r  i_ariane/i_cva6/ex_stage_i/vaddr_to_be_flushed_reg[63]/C
                         clock pessimism              0.000    10.748    
                         clock uncertainty           -0.035    10.712    
                         FDCE (Setup_fdce_C_D)        0.043    10.755    i_ariane/i_cva6/ex_stage_i/vaddr_to_be_flushed_reg[63]
  -------------------------------------------------------------------
                         required time                         10.755    
                         arrival time                         -22.704    
  -------------------------------------------------------------------
                         slack                                -11.949    

Slack (VIOLATED) :        -11.949ns  (required time - arrival time)
  Source:                 i_ariane/i_cva6/ex_stage_i/fpu_gen.fpu_i/fpu_gen.i_fpnew_bulk/gen_operation_groups[3].i_opgroup_block/gen_merged_slice.i_multifmt_slice/gen_num_lanes[0].active_lane.lane_instance.i_fpnew_cast_multi/gen_inside_pipeline[0].mid_pipe_dst_fmt_q_reg[1][2]_rep/C
                            (rising edge-triggered cell FDCE clocked by clk_i  {rise@0.000ns fall@5.000ns period=10.000ns})
  Destination:            i_ariane/i_cva6/ex_stage_i/vaddr_to_be_flushed_reg[63]/D
                            (rising edge-triggered cell FDCE clocked by clk_i  {rise@0.000ns fall@5.000ns period=10.000ns})
  Path Group:             clk_i
  Path Type:              Setup (Max at Slow Process Corner)
  Requirement:            10.000ns  (clk_i rise@10.000ns - clk_i rise@0.000ns)
  Data Path Delay:        21.917ns  (logic 8.887ns (40.548%)  route 13.030ns (59.452%))
  Logic Levels:           52  (CARRY4=23 LUT1=1 LUT2=2 LUT3=2 LUT4=1 LUT5=4 LUT6=16 MUXF7=3)
  Clock Path Skew:        -0.039ns (DCD - SCD + CPR)
    Destination Clock Delay (DCD):    0.748ns = ( 10.748 - 10.000 ) 
    Source Clock Delay      (SCD):    0.787ns
    Clock Pessimism Removal (CPR):    0.000ns
  Clock Uncertainty:      0.035ns  ((TSJ^2 + TIJ^2)^1/2 + DJ) / 2 + PE
    Total System Jitter     (TSJ):    0.071ns
    Total Input Jitter      (TIJ):    0.000ns
    Discrete Jitter          (DJ):    0.000ns
    Phase Error              (PE):    0.000ns

    Location             Delay type                Incr(ns)  Path(ns)    Netlist Resource(s)
  -------------------------------------------------------------------    -------------------
                         (clock clk_i rise edge)      0.000     0.000 r  
                                                      0.000     0.000 r  clk_i (IN)
                         net (fo=33654, unset)        0.787     0.787    i_ariane/i_cva6/ex_stage_i/fpu_gen.fpu_i/fpu_gen.i_fpnew_bulk/gen_operation_groups[3].i_opgroup_block/gen_merged_slice.i_multifmt_slice/gen_num_lanes[0].active_lane.lane_instance.i_fpnew_cast_multi/clk_i
                         FDCE                                         r  i_ariane/i_cva6/ex_stage_i/fpu_gen.fpu_i/fpu_gen.i_fpnew_bulk/gen_operation_groups[3].i_opgroup_block/gen_merged_slice.i_multifmt_slice/gen_num_lanes[0].active_lane.lane_instance.i_fpnew_cast_multi/gen_inside_pipeline[0].mid_pipe_dst_fmt_q_reg[1][2]_rep/C
  -------------------------------------------------------------------    -------------------
                         FDCE (Prop_fdce_C_Q)         0.397     1.184 r  i_ariane/i_cva6/ex_stage_i/fpu_gen.fpu_i/fpu_gen.i_fpnew_bulk/gen_operation_groups[3].i_opgroup_block/gen_merged_slice.i_multifmt_slice/gen_num_lanes[0].active_lane.lane_instance.i_fpnew_cast_multi/gen_inside_pipeline[0].mid_pipe_dst_fmt_q_reg[1][2]_rep/Q
                         net (fo=165, unplaced)       0.737     1.921    i_ariane/i_cva6/ex_stage_i/fpu_gen.fpu_i/fpu_gen.i_fpnew_bulk/gen_operation_groups[3].i_opgroup_block/gen_merged_slice.i_multifmt_slice/gen_num_lanes[0].active_lane.lane_instance.i_fpnew_cast_multi/gen_inside_pipeline[0].mid_pipe_dst_fmt_q_reg[1][2]_rep_n_0
                         LUT3 (Prop_lut3_I0_O)        0.232     2.153 r  i_ariane/i_cva6/ex_stage_i/fpu_gen.fpu_i/fpu_gen.i_fpnew_bulk/gen_operation_groups[3].i_opgroup_block/gen_merged_slice.i_multifmt_slice/gen_num_lanes[0].active_lane.lane_instance.i_fpnew_cast_multi/mem_q[7][sbe][result][59]_i_188/O
                         net (fo=1, unplaced)         0.258     2.411    i_ariane/i_cva6/ex_stage_i/fpu_gen.fpu_i/fpu_gen.i_fpnew_bulk/gen_operation_groups[3].i_opgroup_block/gen_merged_slice.i_multifmt_slice/gen_num_lanes[0].active_lane.lane_instance.i_fpnew_cast_multi/preshift_mant3[0]
                         CARRY4 (Prop_carry4_CYINIT_CO[3])
                                                      0.494     2.905 r  i_ariane/i_cva6/ex_stage_i/fpu_gen.fpu_i/fpu_gen.i_fpnew_bulk/gen_operation_groups[3].i_opgroup_block/gen_merged_slice.i_multifmt_slice/gen_num_lanes[0].active_lane.lane_instance.i_fpnew_cast_multi/mem_q_reg[7][sbe][result][59]_i_177/CO[3]
                         net (fo=1, unplaced)         0.000     2.905    i_ariane/i_cva6/ex_stage_i/fpu_gen.fpu_i/fpu_gen.i_fpnew_bulk/gen_operation_groups[3].i_opgroup_block/gen_merged_slice.i_multifmt_slice/gen_num_lanes[0].active_lane.lane_instance.i_fpnew_cast_multi/mem_q_reg[7][sbe][result][59]_i_177_n_0
                         CARRY4 (Prop_carry4_CI_CO[3])
                                                      0.100     3.005 r  i_ariane/i_cva6/ex_stage_i/fpu_gen.fpu_i/fpu_gen.i_fpnew_bulk/gen_operation_groups[3].i_opgroup_block/gen_merged_slice.i_multifmt_slice/gen_num_lanes[0].active_lane.lane_instance.i_fpnew_cast_multi/mem_q_reg[7][sbe][ex][cause][4]_i_139/CO[3]
                         net (fo=1, unplaced)         0.000     3.005    i_ariane/i_cva6/ex_stage_i/fpu_gen.fpu_i/fpu_gen.i_fpnew_bulk/gen_operation_groups[3].i_opgroup_block/gen_merged_slice.i_multifmt_slice/gen_num_lanes[0].active_lane.lane_instance.i_fpnew_cast_multi/mem_q_reg[7][sbe][ex][cause][4]_i_139_n_0
                         CARRY4 (Prop_carry4_CI_O[1])
                                                      0.269     3.274 f  i_ariane/i_cva6/ex_stage_i/fpu_gen.fpu_i/fpu_gen.i_fpnew_bulk/gen_operation_groups[3].i_opgroup_block/gen_merged_slice.i_multifmt_slice/gen_num_lanes[0].active_lane.lane_instance.i_fpnew_cast_multi/mem_q_reg[7][sbe][ex][cause][4]_i_100/O[1]
                         net (fo=3, unplaced)         0.490     3.764    i_ariane/i_cva6/ex_stage_i/fpu_gen.fpu_i/fpu_gen.i_fpnew_bulk/gen_operation_groups[3].i_opgroup_block/gen_merged_slice.i_multifmt_slice/gen_num_lanes[0].active_lane.lane_instance.i_fpnew_cast_multi/mem_q_reg[7][sbe][ex][cause][4]_i_100_n_6
                         LUT4 (Prop_lut4_I1_O)        0.266     4.030 r  i_ariane/i_cva6/ex_stage_i/fpu_gen.fpu_i/fpu_gen.i_fpnew_bulk/gen_operation_groups[3].i_opgroup_block/gen_merged_slice.i_multifmt_slice/gen_num_lanes[0].active_lane.lane_instance.i_fpnew_cast_multi/mem_q[7][sbe][ex][cause][4]_i_94/O
                         net (fo=1, unplaced)         0.000     4.030    i_ariane/i_cva6/ex_stage_i/fpu_gen.fpu_i/fpu_gen.i_fpnew_bulk/gen_operation_groups[3].i_opgroup_block/gen_merged_slice.i_multifmt_slice/gen_num_lanes[0].active_lane.lane_instance.i_fpnew_cast_multi/mem_q[7][sbe][ex][cause][4]_i_94_n_0
                         CARRY4 (Prop_carry4_DI[1]_CO[3])
                                                      0.451     4.481 r  i_ariane/i_cva6/ex_stage_i/fpu_gen.fpu_i/fpu_gen.i_fpnew_bulk/gen_operation_groups[3].i_opgroup_block/gen_merged_slice.i_multifmt_slice/gen_num_lanes[0].active_lane.lane_instance.i_fpnew_cast_multi/mem_q_reg[7][sbe][ex][cause][4]_i_58/CO[3]
                         net (fo=1, unplaced)         0.000     4.481    i_ariane/i_cva6/ex_stage_i/fpu_gen.fpu_i/fpu_gen.i_fpnew_bulk/gen_operation_groups[3].i_opgroup_block/gen_merged_slice.i_multifmt_slice/gen_num_lanes[0].active_lane.lane_instance.i_fpnew_cast_multi/mem_q_reg[7][sbe][ex][cause][4]_i_58_n_0
                         CARRY4 (Prop_carry4_CI_CO[3])
                                                      0.100     4.581 r  i_ariane/i_cva6/ex_stage_i/fpu_gen.fpu_i/fpu_gen.i_fpnew_bulk/gen_operation_groups[3].i_opgroup_block/gen_merged_slice.i_multifmt_slice/gen_num_lanes[0].active_lane.lane_instance.i_fpnew_cast_multi/mem_q_reg[7][sbe][ex][cause][4]_i_40/CO[3]
                         net (fo=1, unplaced)         0.000     4.581    i_ariane/i_cva6/ex_stage_i/fpu_gen.fpu_i/fpu_gen.i_fpnew_bulk/gen_operation_groups[3].i_opgroup_block/gen_merged_slice.i_multifmt_slice/gen_num_lanes[0].active_lane.lane_instance.i_fpnew_cast_multi/mem_q_reg[7][sbe][ex][cause][4]_i_40_n_0
                         CARRY4 (Prop_carry4_CI_CO[3])
                                                      0.100     4.681 r  i_ariane/i_cva6/ex_stage_i/fpu_gen.fpu_i/fpu_gen.i_fpnew_bulk/gen_operation_groups[3].i_opgroup_block/gen_merged_slice.i_multifmt_slice/gen_num_lanes[0].active_lane.lane_instance.i_fpnew_cast_multi/mem_q_reg[7][sbe][ex][cause][4]_i_34/CO[3]
                         net (fo=146, unplaced)       0.719     5.400    i_ariane/i_cva6/ex_stage_i/fpu_gen.fpu_i/fpu_gen.i_fpnew_bulk/gen_operation_groups[3].i_opgroup_block/gen_merged_slice.i_multifmt_slice/gen_num_lanes[0].active_lane.lane_instance.i_fpnew_cast_multi/preshift_mant1
                         LUT5 (Prop_lut5_I2_O)        0.105     5.505 r  i_ariane/i_cva6/ex_stage_i/fpu_gen.fpu_i/fpu_gen.i_fpnew_bulk/gen_operation_groups[3].i_opgroup_block/gen_merged_slice.i_multifmt_slice/gen_num_lanes[0].active_lane.lane_instance.i_fpnew_cast_multi/mem_q[7][sbe][ex][cause][0]_i_331/O
                         net (fo=4, unplaced)         0.802     6.307    i_ariane/i_cva6/ex_stage_i/fpu_gen.fpu_i/fpu_gen.i_fpnew_bulk/gen_operation_groups[3].i_opgroup_block/gen_merged_slice.i_multifmt_slice/gen_num_lanes[0].active_lane.lane_instance.i_fpnew_cast_multi/preshift_mant[90]
                         LUT5 (Prop_lut5_I0_O)        0.105     6.412 r  i_ariane/i_cva6/ex_stage_i/fpu_gen.fpu_i/fpu_gen.i_fpnew_bulk/gen_operation_groups[3].i_opgroup_block/gen_merged_slice.i_multifmt_slice/gen_num_lanes[0].active_lane.lane_instance.i_fpnew_cast_multi/mem_q[7][sbe][ex][cause][0]_i_566/O
                         net (fo=4, unplaced)         0.606     7.018    i_ariane/i_cva6/ex_stage_i/fpu_gen.fpu_i/fpu_gen.i_fpnew_bulk/gen_operation_groups[3].i_opgroup_block/gen_merged_slice.i_multifmt_slice/gen_num_lanes[0].active_lane.lane_instance.i_fpnew_cast_multi/mem_q[7][sbe][ex][cause][0]_i_566_n_0
                         LUT6 (Prop_lut6_I1_O)        0.105     7.123 r  i_ariane/i_cva6/ex_stage_i/fpu_gen.fpu_i/fpu_gen.i_fpnew_bulk/gen_operation_groups[3].i_opgroup_block/gen_merged_slice.i_multifmt_slice/gen_num_lanes[0].active_lane.lane_instance.i_fpnew_cast_multi/mem_q[7][sbe][ex][cause][0]_i_415/O
                         net (fo=4, unplaced)         0.606     7.729    i_ariane/i_cva6/ex_stage_i/fpu_gen.fpu_i/fpu_gen.i_fpnew_bulk/gen_operation_groups[3].i_opgroup_block/gen_merged_slice.i_multifmt_slice/gen_num_lanes[0].active_lane.lane_instance.i_fpnew_cast_multi/mem_q[7][sbe][ex][cause][0]_i_415_n_0
                         LUT6 (Prop_lut6_I1_O)        0.105     7.834 r  i_ariane/i_cva6/ex_stage_i/fpu_gen.fpu_i/fpu_gen.i_fpnew_bulk/gen_operation_groups[3].i_opgroup_block/gen_merged_slice.i_multifmt_slice/gen_num_lanes[0].active_lane.lane_instance.i_fpnew_cast_multi/mem_q[7][sbe][ex][cause][0]_i_179/O
                         net (fo=3, unplaced)         0.796     8.630    i_ariane/i_cva6/ex_stage_i/fpu_gen.fpu_i/fpu_gen.i_fpnew_bulk/gen_operation_groups[3].i_opgroup_block/gen_merged_slice.i_multifmt_slice/gen_num_lanes[0].active_lane.lane_instance.i_fpnew_cast_multi/mem_q[7][sbe][ex][cause][0]_i_179_n_0
                         LUT6 (Prop_lut6_I0_O)        0.105     8.735 r  i_ariane/i_cva6/ex_stage_i/fpu_gen.fpu_i/fpu_gen.i_fpnew_bulk/gen_operation_groups[3].i_opgroup_block/gen_merged_slice.i_multifmt_slice/gen_num_lanes[0].active_lane.lane_instance.i_fpnew_cast_multi/mem_q[7][sbe][ex][cause][0]_i_225/O
                         net (fo=1, unplaced)         0.782     9.517    i_ariane/i_cva6/ex_stage_i/fpu_gen.fpu_i/fpu_gen.i_fpnew_bulk/gen_operation_groups[3].i_opgroup_block/gen_merged_slice.i_multifmt_slice/gen_num_lanes[0].active_lane.lane_instance.i_fpnew_cast_multi/mem_q[7][sbe][ex][cause][0]_i_225_n_0
                         LUT6 (Prop_lut6_I0_O)        0.105     9.622 r  i_ariane/i_cva6/ex_stage_i/fpu_gen.fpu_i/fpu_gen.i_fpnew_bulk/gen_operation_groups[3].i_opgroup_block/gen_merged_slice.i_multifmt_slice/gen_num_lanes[0].active_lane.lane_instance.i_fpnew_cast_multi/mem_q[7][sbe][ex][cause][0]_i_81/O
                         net (fo=1, unplaced)         0.778    10.400    i_ariane/i_cva6/ex_stage_i/fpu_gen.fpu_i/fpu_gen.i_fpnew_bulk/gen_operation_groups[3].i_opgroup_block/gen_merged_slice.i_multifmt_slice/gen_num_lanes[0].active_lane.lane_instance.i_fpnew_cast_multi/mem_q[7][sbe][ex][cause][0]_i_81_n_0
                         LUT6 (Prop_lut6_I1_O)        0.105    10.505 r  i_ariane/i_cva6/ex_stage_i/fpu_gen.fpu_i/fpu_gen.i_fpnew_bulk/gen_operation_groups[3].i_opgroup_block/gen_merged_slice.i_multifmt_slice/gen_num_lanes[0].active_lane.lane_instance.i_fpnew_cast_multi/mem_q[7][sbe][ex][cause][0]_i_25/O
                         net (fo=4, unplaced)         0.606    11.111    i_ariane/i_cva6/ex_stage_i/fpu_gen.fpu_i/fpu_gen.i_fpnew_bulk/gen_operation_groups[3].i_opgroup_block/gen_merged_slice.i_multifmt_slice/gen_num_lanes[0].active_lane.lane_instance.i_fpnew_cast_multi/fp_round_sticky_bits[0]
                         LUT6 (Prop_lut6_I0_O)        0.105    11.216 r  i_ariane/i_cva6/ex_stage_i/fpu_gen.fpu_i/fpu_gen.i_fpnew_bulk/gen_operation_groups[3].i_opgroup_block/gen_merged_slice.i_multifmt_slice/gen_num_lanes[0].active_lane.lane_instance.i_fpnew_cast_multi/mem_q[7][sbe][result][0]_i_174/O
                         net (fo=1, unplaced)         0.347    11.563    i_ariane/i_cva6/ex_stage_i/fpu_gen.fpu_i/fpu_gen.i_fpnew_bulk/gen_operation_groups[3].i_opgroup_block/gen_merged_slice.i_multifmt_slice/gen_num_lanes[0].active_lane.lane_instance.i_fpnew_cast_multi/mem_q[7][sbe][result][0]_i_174_n_0
                         LUT6 (Prop_lut6_I5_O)        0.105    11.668 r  i_ariane/i_cva6/ex_stage_i/fpu_gen.fpu_i/fpu_gen.i_fpnew_bulk/gen_operation_groups[3].i_opgroup_block/gen_merged_slice.i_multifmt_slice/gen_num_lanes[0].active_lane.lane_instance.i_fpnew_cast_multi/mem_q[7][sbe][result][0]_i_114/O
                         net (fo=1, unplaced)         0.000    11.668    i_ariane/i_cva6/ex_stage_i/fpu_gen.fpu_i/fpu_gen.i_fpnew_bulk/gen_operation_groups[3].i_opgroup_block/gen_merged_slice.i_multifmt_slice/gen_num_lanes[0].active_lane.lane_instance.i_fpnew_cast_multi/mem_q[7][sbe][result][0]_i_114_n_0
                         CARRY4 (Prop_carry4_S[0]_CO[3])
                                                      0.423    12.091 r  i_ariane/i_cva6/ex_stage_i/fpu_gen.fpu_i/fpu_gen.i_fpnew_bulk/gen_operation_groups[3].i_opgroup_block/gen_merged_slice.i_multifmt_slice/gen_num_lanes[0].active_lane.lane_instance.i_fpnew_cast_multi/mem_q_reg[7][sbe][result][0]_i_66/CO[3]
                         net (fo=1, unplaced)         0.000    12.091    i_ariane/i_cva6/ex_stage_i/fpu_gen.fpu_i/fpu_gen.i_fpnew_bulk/gen_operation_groups[3].i_opgroup_block/gen_merged_slice.i_multifmt_slice/gen_num_lanes[0].active_lane.lane_instance.i_fpnew_cast_multi/mem_q_reg[7][sbe][result][0]_i_66_n_0
                         CARRY4 (Prop_carry4_CI_CO[3])
                                                      0.100    12.191 r  i_ariane/i_cva6/ex_stage_i/fpu_gen.fpu_i/fpu_gen.i_fpnew_bulk/gen_operation_groups[3].i_opgroup_block/gen_merged_slice.i_multifmt_slice/gen_num_lanes[0].active_lane.lane_instance.i_fpnew_cast_multi/mem_q_reg[7][sbe][result][7]_i_77/CO[3]
                         net (fo=1, unplaced)         0.000    12.191    i_ariane/i_cva6/ex_stage_i/fpu_gen.fpu_i/fpu_gen.i_fpnew_bulk/gen_operation_groups[3].i_opgroup_block/gen_merged_slice.i_multifmt_slice/gen_num_lanes[0].active_lane.lane_instance.i_fpnew_cast_multi/mem_q_reg[7][sbe][result][7]_i_77_n_0
                         CARRY4 (Prop_carry4_CI_CO[3])
                                                      0.100    12.291 r  i_ariane/i_cva6/ex_stage_i/fpu_gen.fpu_i/fpu_gen.i_fpnew_bulk/gen_operation_groups[3].i_opgroup_block/gen_merged_slice.i_multifmt_slice/gen_num_lanes[0].active_lane.lane_instance.i_fpnew_cast_multi/mem_q_reg[7][sbe][result][11]_i_56/CO[3]
                         net (fo=1, unplaced)         0.000    12.291    i_ariane/i_cva6/ex_stage_i/fpu_gen.fpu_i/fpu_gen.i_fpnew_bulk/gen_operation_groups[3].i_opgroup_block/gen_merged_slice.i_multifmt_slice/gen_num_lanes[0].active_lane.lane_instance.i_fpnew_cast_multi/mem_q_reg[7][sbe][result][11]_i_56_n_0
                         CARRY4 (Prop_carry4_CI_CO[3])
                                                      0.100    12.391 r  i_ariane/i_cva6/ex_stage_i/fpu_gen.fpu_i/fpu_gen.i_fpnew_bulk/gen_operation_groups[3].i_opgroup_block/gen_merged_slice.i_multifmt_slice/gen_num_lanes[0].active_lane.lane_instance.i_fpnew_cast_multi/mem_q_reg[7][sbe][result][15]_i_77/CO[3]
                         net (fo=1, unplaced)         0.000    12.391    i_ariane/i_cva6/ex_stage_i/fpu_gen.fpu_i/fpu_gen.i_fpnew_bulk/gen_operation_groups[3].i_opgroup_block/gen_merged_slice.i_multifmt_slice/gen_num_lanes[0].active_lane.lane_instance.i_fpnew_cast_multi/mem_q_reg[7][sbe][result][15]_i_77_n_0
                         CARRY4 (Prop_carry4_CI_CO[3])
                                                      0.100    12.491 r  i_ariane/i_cva6/ex_stage_i/fpu_gen.fpu_i/fpu_gen.i_fpnew_bulk/gen_operation_groups[3].i_opgroup_block/gen_merged_slice.i_multifmt_slice/gen_num_lanes[0].active_lane.lane_instance.i_fpnew_cast_multi/mem_q_reg[7][sbe][result][19]_i_57/CO[3]
                         net (fo=1, unplaced)         0.000    12.491    i_ariane/i_cva6/ex_stage_i/fpu_gen.fpu_i/fpu_gen.i_fpnew_bulk/gen_operation_groups[3].i_opgroup_block/gen_merged_slice.i_multifmt_slice/gen_num_lanes[0].active_lane.lane_instance.i_fpnew_cast_multi/mem_q_reg[7][sbe][result][19]_i_57_n_0
                         CARRY4 (Prop_carry4_CI_CO[3])
                                                      0.100    12.591 f  i_ariane/i_cva6/ex_stage_i/fpu_gen.fpu_i/fpu_gen.i_fpnew_bulk/gen_operation_groups[3].i_opgroup_block/gen_merged_slice.i_multifmt_slice/gen_num_lanes[0].active_lane.lane_instance.i_fpnew_cast_multi/mem_q_reg[7][sbe][result][23]_i_77/CO[3]
                         net (fo=1, unplaced)         0.000    12.591    i_ariane/i_cva6/ex_stage_i/fpu_gen.fpu_i/fpu_gen.i_fpnew_bulk/gen_operation_groups[3].i_opgroup_block/gen_merged_slice.i_multifmt_slice/gen_num_lanes[0].active_lane.lane_instance.i_fpnew_cast_multi/mem_q_reg[7][sbe][result][23]_i_77_n_0
                         CARRY4 (Prop_carry4_CI_CO[3])
                                                      0.100    12.691 r  i_ariane/i_cva6/ex_stage_i/fpu_gen.fpu_i/fpu_gen.i_fpnew_bulk/gen_operation_groups[3].i_opgroup_block/gen_merged_slice.i_multifmt_slice/gen_num_lanes[0].active_lane.lane_instance.i_fpnew_cast_multi/mem_q_reg[7][sbe][ex][cause][1]_i_27/CO[3]
                         net (fo=1, unplaced)         0.000    12.691    i_ariane/i_cva6/ex_stage_i/fpu_gen.fpu_i/fpu_gen.i_fpnew_bulk/gen_operation_groups[3].i_opgroup_block/gen_merged_slice.i_multifmt_slice/gen_num_lanes[0].active_lane.lane_instance.i_fpnew_cast_multi/mem_q_reg[7][sbe][ex][cause][1]_i_27_n_0
                         CARRY4 (Prop_carry4_CI_CO[3])
                                                      0.100    12.791 r  i_ariane/i_cva6/ex_stage_i/fpu_gen.fpu_i/fpu_gen.i_fpnew_bulk/gen_operation_groups[3].i_opgroup_block/gen_merged_slice.i_multifmt_slice/gen_num_lanes[0].active_lane.lane_instance.i_fpnew_cast_multi/mem_q_reg[7][sbe][result][35]_i_47/CO[3]
                         net (fo=1, unplaced)         0.000    12.791    i_ariane/i_cva6/ex_stage_i/fpu_gen.fpu_i/fpu_gen.i_fpnew_bulk/gen_operation_groups[3].i_opgroup_block/gen_merged_slice.i_multifmt_slice/gen_num_lanes[0].active_lane.lane_instance.i_fpnew_cast_multi/mem_q_reg[7][sbe][result][35]_i_47_n_0
                         CARRY4 (Prop_carry4_CI_CO[3])
                                                      0.100    12.891 r  i_ariane/i_cva6/ex_stage_i/fpu_gen.fpu_i/fpu_gen.i_fpnew_bulk/gen_operation_groups[3].i_opgroup_block/gen_merged_slice.i_multifmt_slice/gen_num_lanes[0].active_lane.lane_instance.i_fpnew_cast_multi/mem_q_reg[7][sbe][result][35]_i_27/CO[3]
                         net (fo=1, unplaced)         0.000    12.891    i_ariane/i_cva6/ex_stage_i/fpu_gen.fpu_i/fpu_gen.i_fpnew_bulk/gen_operation_groups[3].i_opgroup_block/gen_merged_slice.i_multifmt_slice/gen_num_lanes[0].active_lane.lane_instance.i_fpnew_cast_multi/mem_q_reg[7][sbe][result][35]_i_27_n_0
                         CARRY4 (Prop_carry4_CI_CO[3])
                                                      0.100    12.991 r  i_ariane/i_cva6/ex_stage_i/fpu_gen.fpu_i/fpu_gen.i_fpnew_bulk/gen_operation_groups[3].i_opgroup_block/gen_merged_slice.i_multifmt_slice/gen_num_lanes[0].active_lane.lane_instance.i_fpnew_cast_multi/mem_q_reg[7][sbe][result][39]_i_16/CO[3]
                         net (fo=1, unplaced)         0.000    12.991    i_ariane/i_cva6/ex_stage_i/fpu_gen.fpu_i/fpu_gen.i_fpnew_bulk/gen_operation_groups[3].i_opgroup_block/gen_merged_slice.i_multifmt_slice/gen_num_lanes[0].active_lane.lane_instance.i_fpnew_cast_multi/mem_q_reg[7][sbe][result][39]_i_16_n_0
                         CARRY4 (Prop_carry4_CI_CO[3])
                                                      0.100    13.091 r  i_ariane/i_cva6/ex_stage_i/fpu_gen.fpu_i/fpu_gen.i_fpnew_bulk/gen_operation_groups[3].i_opgroup_block/gen_merged_slice.i_multifmt_slice/gen_num_lanes[0].active_lane.lane_instance.i_fpnew_cast_multi/mem_q_reg[7][sbe][result][43]_i_18/CO[3]
                         net (fo=1, unplaced)         0.000    13.091    i_ariane/i_cva6/ex_stage_i/fpu_gen.fpu_i/fpu_gen.i_fpnew_bulk/gen_operation_groups[3].i_opgroup_block/gen_merged_slice.i_multifmt_slice/gen_num_lanes[0].active_lane.lane_instance.i_fpnew_cast_multi/mem_q_reg[7][sbe][result][43]_i_18_n_0
                         CARRY4 (Prop_carry4_CI_CO[3])
                                                      0.100    13.191 r  i_ariane/i_cva6/ex_stage_i/fpu_gen.fpu_i/fpu_gen.i_fpnew_bulk/gen_operation_groups[3].i_opgroup_block/gen_merged_slice.i_multifmt_slice/gen_num_lanes[0].active_lane.lane_instance.i_fpnew_cast_multi/mem_q_reg[7][sbe][result][47]_i_21/CO[3]
                         net (fo=1, unplaced)         0.000    13.191    i_ariane/i_cva6/ex_stage_i/fpu_gen.fpu_i/fpu_gen.i_fpnew_bulk/gen_operation_groups[3].i_opgroup_block/gen_merged_slice.i_multifmt_slice/gen_num_lanes[0].active_lane.lane_instance.i_fpnew_cast_multi/mem_q_reg[7][sbe][result][47]_i_21_n_0
                         CARRY4 (Prop_carry4_CI_CO[3])
                                                      0.100    13.291 r  i_ariane/i_cva6/ex_stage_i/fpu_gen.fpu_i/fpu_gen.i_fpnew_bulk/gen_operation_groups[3].i_opgroup_block/gen_merged_slice.i_multifmt_slice/gen_num_lanes[0].active_lane.lane_instance.i_fpnew_cast_multi/mem_q_reg[7][sbe][result][50]_i_20/CO[3]
                         net (fo=1, unplaced)         0.000    13.291    i_ariane/i_cva6/ex_stage_i/fpu_gen.fpu_i/fpu_gen.i_fpnew_bulk/gen_operation_groups[3].i_opgroup_block/gen_merged_slice.i_multifmt_slice/gen_num_lanes[0].active_lane.lane_instance.i_fpnew_cast_multi/mem_q_reg[7][sbe][result][50]_i_20_n_0
                         CARRY4 (Prop_carry4_CI_CO[3])
                                                      0.100    13.391 r  i_ariane/i_cva6/ex_stage_i/fpu_gen.fpu_i/fpu_gen.i_fpnew_bulk/gen_operation_groups[3].i_opgroup_block/gen_merged_slice.i_multifmt_slice/gen_num_lanes[0].active_lane.lane_instance.i_fpnew_cast_multi/mem_q_reg[7][sbe][result][55]_i_25/CO[3]
                         net (fo=1, unplaced)         0.000    13.391    i_ariane/i_cva6/ex_stage_i/fpu_gen.fpu_i/fpu_gen.i_fpnew_bulk/gen_operation_groups[3].i_opgroup_block/gen_merged_slice.i_multifmt_slice/gen_num_lanes[0].active_lane.lane_instance.i_fpnew_cast_multi/mem_q_reg[7][sbe][result][55]_i_25_n_0
                         CARRY4 (Prop_carry4_CI_O[2])
                                                      0.214    13.605 f  i_ariane/i_cva6/ex_stage_i/fpu_gen.fpu_i/fpu_gen.i_fpnew_bulk/gen_operation_groups[3].i_opgroup_block/gen_merged_slice.i_multifmt_slice/gen_num_lanes[0].active_lane.lane_instance.i_fpnew_cast_multi/mem_q_reg[7][sbe][result][59]_i_28/O[2]
                         net (fo=6, unplaced)         0.381    13.986    i_ariane/i_cva6/ex_stage_i/fpu_gen.fpu_i/fpu_gen.i_fpnew_bulk/gen_operation_groups[3].i_opgroup_block/gen_merged_slice.i_multifmt_slice/gen_num_lanes[0].active_lane.lane_instance.i_fpnew_cast_multi/rounded_abs[58]
                         LUT1 (Prop_lut1_I0_O)        0.244    14.230 r  i_ariane/i_cva6/ex_stage_i/fpu_gen.fpu_i/fpu_gen.i_fpnew_bulk/gen_operation_groups[3].i_opgroup_block/gen_merged_slice.i_multifmt_slice/gen_num_lanes[0].active_lane.lane_instance.i_fpnew_cast_multi/mem_q[7][sbe][result][60]_i_105/O
                         net (fo=1, unplaced)         0.000    14.230    i_ariane/i_cva6/ex_stage_i/fpu_gen.fpu_i/fpu_gen.i_fpnew_bulk/gen_operation_groups[3].i_opgroup_block/gen_merged_slice.i_multifmt_slice/gen_num_lanes[0].active_lane.lane_instance.i_fpnew_cast_multi/mem_q[7][sbe][result][60]_i_105_n_0
                         CARRY4 (Prop_carry4_S[1]_CO[3])
                                                      0.444    14.674 r  i_ariane/i_cva6/ex_stage_i/fpu_gen.fpu_i/fpu_gen.i_fpnew_bulk/gen_operation_groups[3].i_opgroup_block/gen_merged_slice.i_multifmt_slice/gen_num_lanes[0].active_lane.lane_instance.i_fpnew_cast_multi/mem_q_reg[7][sbe][result][60]_i_51/CO[3]
                         net (fo=1, unplaced)         0.000    14.674    i_ariane/i_cva6/ex_stage_i/fpu_gen.fpu_i/fpu_gen.i_fpnew_bulk/gen_operation_groups[3].i_opgroup_block/gen_merged_slice.i_multifmt_slice/gen_num_lanes[0].active_lane.lane_instance.i_fpnew_cast_multi/mem_q_reg[7][sbe][result][60]_i_51_n_0
                         CARRY4 (Prop_carry4_CI_O[1])
                                                      0.269    14.943 r  i_ariane/i_cva6/ex_stage_i/fpu_gen.fpu_i/fpu_gen.i_fpnew_bulk/gen_operation_groups[3].i_opgroup_block/gen_merged_slice.i_multifmt_slice/gen_num_lanes[0].active_lane.lane_instance.i_fpnew_cast_multi/mem_q_reg[7][sbe][result][62]_i_30/O[1]
                         net (fo=2, unplaced)         0.251    15.194    i_ariane/i_cva6/ex_stage_i/fpu_gen.fpu_i/fpu_gen.i_fpnew_bulk/gen_operation_groups[3].i_opgroup_block/gen_merged_slice.i_multifmt_slice/gen_num_lanes[0].active_lane.lane_instance.i_fpnew_cast_multi/rounded_int_res0[62]
                         LUT3 (Prop_lut3_I0_O)        0.245    15.439 r  i_ariane/i_cva6/ex_stage_i/fpu_gen.fpu_i/fpu_gen.i_fpnew_bulk/gen_operation_groups[3].i_opgroup_block/gen_merged_slice.i_multifmt_slice/gen_num_lanes[0].active_lane.lane_instance.i_fpnew_cast_multi/mem_q[7][sbe][ex][cause][0]_i_211/O
                         net (fo=2, unplaced)         0.358    15.797    i_ariane/i_cva6/ex_stage_i/fpu_gen.fpu_i/fpu_gen.i_fpnew_bulk/gen_operation_groups[3].i_opgroup_block/gen_merged_slice.i_multifmt_slice/gen_num_lanes[0].active_lane.lane_instance.i_fpnew_cast_multi/mem_q[7][sbe][ex][cause][0]_i_211_n_0
                         LUT5 (Prop_lut5_I1_O)        0.105    15.902 f  i_ariane/i_cva6/ex_stage_i/fpu_gen.fpu_i/fpu_gen.i_fpnew_bulk/gen_operation_groups[3].i_opgroup_block/gen_merged_slice.i_multifmt_slice/gen_num_lanes[0].active_lane.lane_instance.i_fpnew_cast_multi/mem_q[7][sbe][ex][cause][4]_i_80/O
                         net (fo=1, unplaced)         0.000    15.902    i_ariane/i_cva6/ex_stage_i/fpu_gen.fpu_i/fpu_gen.i_fpnew_bulk/gen_operation_groups[3].i_opgroup_block/gen_merged_slice.i_multifmt_slice/gen_num_lanes[0].active_lane.lane_instance.i_fpnew_cast_multi/mem_q[7][sbe][ex][cause][4]_i_80_n_0
                         MUXF7 (Prop_muxf7_I1_O)      0.206    16.108 f  i_ariane/i_cva6/ex_stage_i/fpu_gen.fpu_i/fpu_gen.i_fpnew_bulk/gen_operation_groups[3].i_opgroup_block/gen_merged_slice.i_multifmt_slice/gen_num_lanes[0].active_lane.lane_instance.i_fpnew_cast_multi/mem_q_reg[7][sbe][ex][cause][4]_i_52/O
                         net (fo=1, unplaced)         0.349    16.457    i_ariane/i_cva6/ex_stage_i/fpu_gen.fpu_i/fpu_gen.i_fpnew_bulk/gen_operation_groups[3].i_opgroup_block/gen_merged_slice.i_multifmt_slice/gen_num_lanes[0].active_lane.lane_instance.i_fpnew_cast_multi/mem_q_reg[7][sbe][ex][cause][4]_i_52_n_0
                         LUT6 (Prop_lut6_I0_O)        0.242    16.699 f  i_ariane/i_cva6/ex_stage_i/fpu_gen.fpu_i/fpu_gen.i_fpnew_bulk/gen_operation_groups[3].i_opgroup_block/gen_merged_slice.i_multifmt_slice/gen_num_lanes[0].active_lane.lane_instance.i_fpnew_cast_multi/mem_q[7][sbe][ex][cause][4]_i_36/O
                         net (fo=1, unplaced)         0.347    17.046    i_ariane/i_cva6/ex_stage_i/fpu_gen.fpu_i/fpu_gen.i_fpnew_bulk/gen_operation_groups[3].i_opgroup_block/gen_merged_slice.i_multifmt_slice/gen_num_lanes[0].active_lane.lane_instance.i_fpnew_cast_multi/of_after_round
                         LUT6 (Prop_lut6_I5_O)        0.105    17.151 f  i_ariane/i_cva6/ex_stage_i/fpu_gen.fpu_i/fpu_gen.i_fpnew_bulk/gen_operation_groups[3].i_opgroup_block/gen_merged_slice.i_multifmt_slice/gen_num_lanes[0].active_lane.lane_instance.i_fpnew_cast_multi/mem_q[7][sbe][ex][cause][4]_i_28/O
                         net (fo=3, unplaced)         0.365    17.516    i_ariane/i_cva6/ex_stage_i/fpu_gen.fpu_i/fpu_gen.i_fpnew_bulk/gen_operation_groups[3].i_opgroup_block/gen_merged_slice.i_multifmt_slice/gen_num_lanes[0].active_lane.lane_instance.i_fpnew_cast_multi/int_regular_status[NV]
                         LUT6 (Prop_lut6_I0_O)        0.105    17.621 f  i_ariane/i_cva6/ex_stage_i/fpu_gen.fpu_i/fpu_gen.i_fpnew_bulk/gen_operation_groups[3].i_opgroup_block/gen_merged_slice.i_multifmt_slice/gen_num_lanes[0].active_lane.lane_instance.i_fpnew_cast_multi/mem_q[7][sbe][ex][cause][0]_i_9/O
                         net (fo=66, unplaced)        0.436    18.057    i_ariane/i_cva6/ex_stage_i/fpu_gen.fpu_i/fpu_gen.i_fpnew_bulk/gen_operation_groups[3].i_opgroup_block/gen_merged_slice.i_multifmt_slice/gen_num_lanes[0].active_lane.lane_instance.i_fpnew_cast_multi/int_result_is_special
                         LUT6 (Prop_lut6_I4_O)        0.105    18.162 r  i_ariane/i_cva6/ex_stage_i/fpu_gen.fpu_i/fpu_gen.i_fpnew_bulk/gen_operation_groups[3].i_opgroup_block/gen_merged_slice.i_multifmt_slice/gen_num_lanes[0].active_lane.lane_instance.i_fpnew_cast_multi/mem_q[7][sbe][result][63]_i_32/O
                         net (fo=2, unplaced)         0.358    18.520    i_ariane/i_cva6/ex_stage_i/fpu_gen.fpu_i/fpu_gen.i_fpnew_bulk/gen_operation_groups[3].i_opgroup_block/gen_merged_slice.i_multifmt_slice/gen_num_lanes[0].active_lane.lane_instance.i_fpnew_cast_multi/int_result[63]
                         LUT2 (Prop_lut2_I0_O)        0.105    18.625 r  i_ariane/i_cva6/ex_stage_i/fpu_gen.fpu_i/fpu_gen.i_fpnew_bulk/gen_operation_groups[3].i_opgroup_block/gen_merged_slice.i_multifmt_slice/gen_num_lanes[0].active_lane.lane_instance.i_fpnew_cast_multi/mem_q[7][sbe][result][50]_i_13/O
                         net (fo=21, unplaced)        0.408    19.033    i_ariane/i_cva6/ex_stage_i/fpu_gen.fpu_i/fpu_gen.i_fpnew_bulk/gen_operation_groups[3].i_opgroup_block/gen_merged_slice.i_multifmt_slice/gen_num_lanes[0].active_lane.lane_instance.i_fpnew_cast_multi/mem_q[7][sbe][result][50]_i_13_n_0
                         LUT5 (Prop_lut5_I0_O)        0.105    19.138 r  i_ariane/i_cva6/ex_stage_i/fpu_gen.fpu_i/fpu_gen.i_fpnew_bulk/gen_operation_groups[3].i_opgroup_block/gen_merged_slice.i_multifmt_slice/gen_num_lanes[0].active_lane.lane_instance.i_fpnew_cast_multi/mem_q[7][sbe][result][50]_i_5/O
                         net (fo=40, unplaced)        0.424    19.562    i_ariane/i_cva6/ex_stage_i/fpu_gen.fpu_i/fpu_gen.i_fpnew_bulk/gen_operation_groups[3].i_opgroup_block/gen_merged_slice.i_multifmt_slice/gen_num_lanes[0].active_lane.lane_instance.i_fpnew_cast_multi/mem_q[7][sbe][result][50]_i_5_n_0
                         LUT6 (Prop_lut6_I5_O)        0.105    19.667 r  i_ariane/i_cva6/ex_stage_i/fpu_gen.fpu_i/fpu_gen.i_fpnew_bulk/gen_operation_groups[3].i_opgroup_block/gen_merged_slice.i_multifmt_slice/gen_num_lanes[0].active_lane.lane_instance.i_fpnew_cast_multi/mem_q[7][sbe][result][63]_i_15/O
                         net (fo=1, unplaced)         0.347    20.014    i_ariane/i_cva6/ex_stage_i/fpu_gen.fpu_i/fpu_gen.i_fpnew_bulk/gen_operation_groups[2].i_opgroup_block/gen_parallel_slices[0].active_format.i_fmt_slice/gen_num_lanes[0].active_lane.lane_instance.i_noncomp/opgrp_outputs[3][result][0]
                         LUT6 (Prop_lut6_I0_O)        0.105    20.119 r  i_ariane/i_cva6/ex_stage_i/fpu_gen.fpu_i/fpu_gen.i_fpnew_bulk/gen_operation_groups[2].i_opgroup_block/gen_parallel_slices[0].active_format.i_fmt_slice/gen_num_lanes[0].active_lane.lane_instance.i_noncomp/mem_q[7][sbe][result][63]_i_8/O
                         net (fo=1, unplaced)         0.000    20.119    i_ariane/i_cva6/ex_stage_i/fpu_gen.fpu_i/fpu_gen.i_fpnew_bulk/gen_operation_groups[0].i_opgroup_block/gen_parallel_slices[0].active_format.i_fmt_slice/gen_num_lanes[0].active_lane.lane_instance.i_fma/gen_arbiter.data_nodes[2][result][44]
                         MUXF7 (Prop_muxf7_I1_O)      0.206    20.325 r  i_ariane/i_cva6/ex_stage_i/fpu_gen.fpu_i/fpu_gen.i_fpnew_bulk/gen_operation_groups[0].i_opgroup_block/gen_parallel_slices[0].active_format.i_fmt_slice/gen_num_lanes[0].active_lane.lane_instance.i_fma/mem_q_reg[7][sbe][result][63]_i_4/O
                         net (fo=14, unplaced)        0.400    20.725    i_ariane/i_cva6/ex_stage_i/fpu_gen.fpu_i/fpu_gen.i_fpnew_bulk/gen_operation_groups[0].i_opgroup_block/gen_parallel_slices[0].active_format.i_fmt_slice/gen_num_lanes[0].active_lane.lane_instance.i_fma/gen_arbiter.gen_int_rr.rr_q_reg[1]_4
                         LUT2 (Prop_lut2_I0_O)        0.242    20.967 f  i_ariane/i_cva6/ex_stage_i/fpu_gen.fpu_i/fpu_gen.i_fpnew_bulk/gen_operation_groups[0].i_opgroup_block/gen_parallel_slices[0].active_format.i_fmt_slice/gen_num_lanes[0].active_lane.lane_instance.i_fma/fu_data_q[0][operand_a][63]_i_54/O
                         net (fo=3, unplaced)         0.365    21.332    i_ariane/i_cva6/ex_stage_i/fpu_gen.fpu_i/fpu_gen.i_fpnew_bulk/gen_operation_groups[3].i_opgroup_block/gen_merged_slice.i_multifmt_slice/gen_num_lanes[0].active_lane.lane_instance.i_fpnew_cast_multi/fu_data_q[0][imm][63]_i_10
                         LUT6 (Prop_lut6_I5_O)        0.105    21.437 f  i_ariane/i_cva6/ex_stage_i/fpu_gen.fpu_i/fpu_gen.i_fpnew_bulk/gen_operation_groups[3].i_opgroup_block/gen_merged_slice.i_multifmt_slice/gen_num_lanes[0].active_lane.lane_instance.i_fpnew_cast_multi/fu_data_q[0][operand_a][63]_i_24/O
                         net (fo=3, unplaced)         0.365    21.802    i_ariane/i_cva6/ex_stage_i/fpu_gen.fpu_i/fpu_gen.i_fpnew_bulk/gen_operation_groups[0].i_opgroup_block/gen_parallel_slices[0].active_format.i_fmt_slice/gen_num_lanes[0].active_lane.lane_instance.i_fma/fu_data_q_reg[0][operand_b][63]_i_5_0
                         LUT6 (Prop_lut6_I3_O)        0.105    21.907 f  i_ariane/i_cva6/ex_stage_i/fpu_gen.fpu_i/fpu_gen.i_fpnew_bulk/gen_operation_groups[0].i_opgroup_block/gen_parallel_slices[0].active_format.i_fmt_slice/gen_num_lanes[0].active_lane.lane_instance.i_fma/fu_data_q[0][operand_a][63]_i_7/O
                         net (fo=1, unplaced)         0.000    21.907    i_ariane/i_cva6/ex_stage_i/fpu_gen.fpu_i/fpu_gen.i_fpnew_bulk/gen_operation_groups[3].i_opgroup_block/gen_merged_slice.i_multifmt_slice/gen_num_lanes[0].active_lane.lane_instance.i_fpnew_cast_multi/fu_data_q_reg[0][operand_a][63]_0
                         MUXF7 (Prop_muxf7_I1_O)      0.206    22.113 f  i_ariane/i_cva6/ex_stage_i/fpu_gen.fpu_i/fpu_gen.i_fpnew_bulk/gen_operation_groups[3].i_opgroup_block/gen_merged_slice.i_multifmt_slice/gen_num_lanes[0].active_lane.lane_instance.i_fpnew_cast_multi/fu_data_q_reg[0][operand_a][63]_i_2/O
                         net (fo=1, unplaced)         0.349    22.462    i_ariane/i_cva6/id_stage_i/fu_data_q_reg[0][operand_a][63]
                         LUT6 (Prop_lut6_I0_O)        0.242    22.704 r  i_ariane/i_cva6/id_stage_i/fu_data_q[0][operand_a][63]_i_1/O
                         net (fo=2, unplaced)         0.000    22.704    i_ariane/i_cva6/ex_stage_i/vaddr_to_be_flushed_reg[63]_0[63]
                         FDCE                                         r  i_ariane/i_cva6/ex_stage_i/vaddr_to_be_flushed_reg[63]/D
  -------------------------------------------------------------------    -------------------

                         (clock clk_i rise edge)     10.000    10.000 r  
                                                      0.000    10.000 r  clk_i (IN)
                         net (fo=33654, unset)        0.748    10.748    i_ariane/i_cva6/ex_stage_i/clk_i
                         FDCE                                         r  i_ariane/i_cva6/ex_stage_i/vaddr_to_be_flushed_reg[63]/C
                         clock pessimism              0.000    10.748    
                         clock uncertainty           -0.035    10.712    
                         FDCE (Setup_fdce_C_D)        0.043    10.755    i_ariane/i_cva6/ex_stage_i/vaddr_to_be_flushed_reg[63]
  -------------------------------------------------------------------
                         required time                         10.755    
                         arrival time                         -22.704    
  -------------------------------------------------------------------
                         slack                                -11.949    

Slack (VIOLATED) :        -11.949ns  (required time - arrival time)
  Source:                 i_ariane/i_cva6/ex_stage_i/fpu_gen.fpu_i/fpu_gen.i_fpnew_bulk/gen_operation_groups[3].i_opgroup_block/gen_merged_slice.i_multifmt_slice/gen_num_lanes[0].active_lane.lane_instance.i_fpnew_cast_multi/gen_inside_pipeline[0].mid_pipe_dst_fmt_q_reg[1][2]_rep/C
                            (rising edge-triggered cell FDCE clocked by clk_i  {rise@0.000ns fall@5.000ns period=10.000ns})
  Destination:            i_ariane/i_cva6/ex_stage_i/vaddr_to_be_flushed_reg[63]/D
                            (rising edge-triggered cell FDCE clocked by clk_i  {rise@0.000ns fall@5.000ns period=10.000ns})
  Path Group:             clk_i
  Path Type:              Setup (Max at Slow Process Corner)
  Requirement:            10.000ns  (clk_i rise@10.000ns - clk_i rise@0.000ns)
  Data Path Delay:        21.917ns  (logic 8.887ns (40.548%)  route 13.030ns (59.452%))
  Logic Levels:           52  (CARRY4=23 LUT1=1 LUT2=2 LUT3=2 LUT4=1 LUT5=4 LUT6=16 MUXF7=3)
  Clock Path Skew:        -0.039ns (DCD - SCD + CPR)
    Destination Clock Delay (DCD):    0.748ns = ( 10.748 - 10.000 ) 
    Source Clock Delay      (SCD):    0.787ns
    Clock Pessimism Removal (CPR):    0.000ns
  Clock Uncertainty:      0.035ns  ((TSJ^2 + TIJ^2)^1/2 + DJ) / 2 + PE
    Total System Jitter     (TSJ):    0.071ns
    Total Input Jitter      (TIJ):    0.000ns
    Discrete Jitter          (DJ):    0.000ns
    Phase Error              (PE):    0.000ns

    Location             Delay type                Incr(ns)  Path(ns)    Netlist Resource(s)
  -------------------------------------------------------------------    -------------------
                         (clock clk_i rise edge)      0.000     0.000 r  
                                                      0.000     0.000 r  clk_i (IN)
                         net (fo=33654, unset)        0.787     0.787    i_ariane/i_cva6/ex_stage_i/fpu_gen.fpu_i/fpu_gen.i_fpnew_bulk/gen_operation_groups[3].i_opgroup_block/gen_merged_slice.i_multifmt_slice/gen_num_lanes[0].active_lane.lane_instance.i_fpnew_cast_multi/clk_i
                         FDCE                                         r  i_ariane/i_cva6/ex_stage_i/fpu_gen.fpu_i/fpu_gen.i_fpnew_bulk/gen_operation_groups[3].i_opgroup_block/gen_merged_slice.i_multifmt_slice/gen_num_lanes[0].active_lane.lane_instance.i_fpnew_cast_multi/gen_inside_pipeline[0].mid_pipe_dst_fmt_q_reg[1][2]_rep/C
  -------------------------------------------------------------------    -------------------
                         FDCE (Prop_fdce_C_Q)         0.397     1.184 r  i_ariane/i_cva6/ex_stage_i/fpu_gen.fpu_i/fpu_gen.i_fpnew_bulk/gen_operation_groups[3].i_opgroup_block/gen_merged_slice.i_multifmt_slice/gen_num_lanes[0].active_lane.lane_instance.i_fpnew_cast_multi/gen_inside_pipeline[0].mid_pipe_dst_fmt_q_reg[1][2]_rep/Q
                         net (fo=165, unplaced)       0.737     1.921    i_ariane/i_cva6/ex_stage_i/fpu_gen.fpu_i/fpu_gen.i_fpnew_bulk/gen_operation_groups[3].i_opgroup_block/gen_merged_slice.i_multifmt_slice/gen_num_lanes[0].active_lane.lane_instance.i_fpnew_cast_multi/gen_inside_pipeline[0].mid_pipe_dst_fmt_q_reg[1][2]_rep_n_0
                         LUT3 (Prop_lut3_I0_O)        0.232     2.153 r  i_ariane/i_cva6/ex_stage_i/fpu_gen.fpu_i/fpu_gen.i_fpnew_bulk/gen_operation_groups[3].i_opgroup_block/gen_merged_slice.i_multifmt_slice/gen_num_lanes[0].active_lane.lane_instance.i_fpnew_cast_multi/mem_q[7][sbe][result][59]_i_188/O
                         net (fo=1, unplaced)         0.258     2.411    i_ariane/i_cva6/ex_stage_i/fpu_gen.fpu_i/fpu_gen.i_fpnew_bulk/gen_operation_groups[3].i_opgroup_block/gen_merged_slice.i_multifmt_slice/gen_num_lanes[0].active_lane.lane_instance.i_fpnew_cast_multi/preshift_mant3[0]
                         CARRY4 (Prop_carry4_CYINIT_CO[3])
                                                      0.494     2.905 f  i_ariane/i_cva6/ex_stage_i/fpu_gen.fpu_i/fpu_gen.i_fpnew_bulk/gen_operation_groups[3].i_opgroup_block/gen_merged_slice.i_multifmt_slice/gen_num_lanes[0].active_lane.lane_instance.i_fpnew_cast_multi/mem_q_reg[7][sbe][result][59]_i_177/CO[3]
                         net (fo=1, unplaced)         0.000     2.905    i_ariane/i_cva6/ex_stage_i/fpu_gen.fpu_i/fpu_gen.i_fpnew_bulk/gen_operation_groups[3].i_opgroup_block/gen_merged_slice.i_multifmt_slice/gen_num_lanes[0].active_lane.lane_instance.i_fpnew_cast_multi/mem_q_reg[7][sbe][result][59]_i_177_n_0
                         CARRY4 (Prop_carry4_CI_CO[3])
                                                      0.100     3.005 r  i_ariane/i_cva6/ex_stage_i/fpu_gen.fpu_i/fpu_gen.i_fpnew_bulk/gen_operation_groups[3].i_opgroup_block/gen_merged_slice.i_multifmt_slice/gen_num_lanes[0].active_lane.lane_instance.i_fpnew_cast_multi/mem_q_reg[7][sbe][ex][cause][4]_i_139/CO[3]
                         net (fo=1, unplaced)         0.000     3.005    i_ariane/i_cva6/ex_stage_i/fpu_gen.fpu_i/fpu_gen.i_fpnew_bulk/gen_operation_groups[3].i_opgroup_block/gen_merged_slice.i_multifmt_slice/gen_num_lanes[0].active_lane.lane_instance.i_fpnew_cast_multi/mem_q_reg[7][sbe][ex][cause][4]_i_139_n_0
                         CARRY4 (Prop_carry4_CI_O[1])
                                                      0.269     3.274 f  i_ariane/i_cva6/ex_stage_i/fpu_gen.fpu_i/fpu_gen.i_fpnew_bulk/gen_operation_groups[3].i_opgroup_block/gen_merged_slice.i_multifmt_slice/gen_num_lanes[0].active_lane.lane_instance.i_fpnew_cast_multi/mem_q_reg[7][sbe][ex][cause][4]_i_100/O[1]
                         net (fo=3, unplaced)         0.490     3.764    i_ariane/i_cva6/ex_stage_i/fpu_gen.fpu_i/fpu_gen.i_fpnew_bulk/gen_operation_groups[3].i_opgroup_block/gen_merged_slice.i_multifmt_slice/gen_num_lanes[0].active_lane.lane_instance.i_fpnew_cast_multi/mem_q_reg[7][sbe][ex][cause][4]_i_100_n_6
                         LUT4 (Prop_lut4_I1_O)        0.266     4.030 r  i_ariane/i_cva6/ex_stage_i/fpu_gen.fpu_i/fpu_gen.i_fpnew_bulk/gen_operation_groups[3].i_opgroup_block/gen_merged_slice.i_multifmt_slice/gen_num_lanes[0].active_lane.lane_instance.i_fpnew_cast_multi/mem_q[7][sbe][ex][cause][4]_i_94/O
                         net (fo=1, unplaced)         0.000     4.030    i_ariane/i_cva6/ex_stage_i/fpu_gen.fpu_i/fpu_gen.i_fpnew_bulk/gen_operation_groups[3].i_opgroup_block/gen_merged_slice.i_multifmt_slice/gen_num_lanes[0].active_lane.lane_instance.i_fpnew_cast_multi/mem_q[7][sbe][ex][cause][4]_i_94_n_0
                         CARRY4 (Prop_carry4_DI[1]_CO[3])
                                                      0.451     4.481 r  i_ariane/i_cva6/ex_stage_i/fpu_gen.fpu_i/fpu_gen.i_fpnew_bulk/gen_operation_groups[3].i_opgroup_block/gen_merged_slice.i_multifmt_slice/gen_num_lanes[0].active_lane.lane_instance.i_fpnew_cast_multi/mem_q_reg[7][sbe][ex][cause][4]_i_58/CO[3]
                         net (fo=1, unplaced)         0.000     4.481    i_ariane/i_cva6/ex_stage_i/fpu_gen.fpu_i/fpu_gen.i_fpnew_bulk/gen_operation_groups[3].i_opgroup_block/gen_merged_slice.i_multifmt_slice/gen_num_lanes[0].active_lane.lane_instance.i_fpnew_cast_multi/mem_q_reg[7][sbe][ex][cause][4]_i_58_n_0
                         CARRY4 (Prop_carry4_CI_CO[3])
                                                      0.100     4.581 r  i_ariane/i_cva6/ex_stage_i/fpu_gen.fpu_i/fpu_gen.i_fpnew_bulk/gen_operation_groups[3].i_opgroup_block/gen_merged_slice.i_multifmt_slice/gen_num_lanes[0].active_lane.lane_instance.i_fpnew_cast_multi/mem_q_reg[7][sbe][ex][cause][4]_i_40/CO[3]
                         net (fo=1, unplaced)         0.000     4.581    i_ariane/i_cva6/ex_stage_i/fpu_gen.fpu_i/fpu_gen.i_fpnew_bulk/gen_operation_groups[3].i_opgroup_block/gen_merged_slice.i_multifmt_slice/gen_num_lanes[0].active_lane.lane_instance.i_fpnew_cast_multi/mem_q_reg[7][sbe][ex][cause][4]_i_40_n_0
                         CARRY4 (Prop_carry4_CI_CO[3])
                                                      0.100     4.681 r  i_ariane/i_cva6/ex_stage_i/fpu_gen.fpu_i/fpu_gen.i_fpnew_bulk/gen_operation_groups[3].i_opgroup_block/gen_merged_slice.i_multifmt_slice/gen_num_lanes[0].active_lane.lane_instance.i_fpnew_cast_multi/mem_q_reg[7][sbe][ex][cause][4]_i_34/CO[3]
                         net (fo=146, unplaced)       0.719     5.400    i_ariane/i_cva6/ex_stage_i/fpu_gen.fpu_i/fpu_gen.i_fpnew_bulk/gen_operation_groups[3].i_opgroup_block/gen_merged_slice.i_multifmt_slice/gen_num_lanes[0].active_lane.lane_instance.i_fpnew_cast_multi/preshift_mant1
                         LUT5 (Prop_lut5_I2_O)        0.105     5.505 r  i_ariane/i_cva6/ex_stage_i/fpu_gen.fpu_i/fpu_gen.i_fpnew_bulk/gen_operation_groups[3].i_opgroup_block/gen_merged_slice.i_multifmt_slice/gen_num_lanes[0].active_lane.lane_instance.i_fpnew_cast_multi/mem_q[7][sbe][ex][cause][0]_i_331/O
                         net (fo=4, unplaced)         0.802     6.307    i_ariane/i_cva6/ex_stage_i/fpu_gen.fpu_i/fpu_gen.i_fpnew_bulk/gen_operation_groups[3].i_opgroup_block/gen_merged_slice.i_multifmt_slice/gen_num_lanes[0].active_lane.lane_instance.i_fpnew_cast_multi/preshift_mant[90]
                         LUT5 (Prop_lut5_I0_O)        0.105     6.412 r  i_ariane/i_cva6/ex_stage_i/fpu_gen.fpu_i/fpu_gen.i_fpnew_bulk/gen_operation_groups[3].i_opgroup_block/gen_merged_slice.i_multifmt_slice/gen_num_lanes[0].active_lane.lane_instance.i_fpnew_cast_multi/mem_q[7][sbe][ex][cause][0]_i_566/O
                         net (fo=4, unplaced)         0.606     7.018    i_ariane/i_cva6/ex_stage_i/fpu_gen.fpu_i/fpu_gen.i_fpnew_bulk/gen_operation_groups[3].i_opgroup_block/gen_merged_slice.i_multifmt_slice/gen_num_lanes[0].active_lane.lane_instance.i_fpnew_cast_multi/mem_q[7][sbe][ex][cause][0]_i_566_n_0
                         LUT6 (Prop_lut6_I1_O)        0.105     7.123 r  i_ariane/i_cva6/ex_stage_i/fpu_gen.fpu_i/fpu_gen.i_fpnew_bulk/gen_operation_groups[3].i_opgroup_block/gen_merged_slice.i_multifmt_slice/gen_num_lanes[0].active_lane.lane_instance.i_fpnew_cast_multi/mem_q[7][sbe][ex][cause][0]_i_415/O
                         net (fo=4, unplaced)         0.606     7.729    i_ariane/i_cva6/ex_stage_i/fpu_gen.fpu_i/fpu_gen.i_fpnew_bulk/gen_operation_groups[3].i_opgroup_block/gen_merged_slice.i_multifmt_slice/gen_num_lanes[0].active_lane.lane_instance.i_fpnew_cast_multi/mem_q[7][sbe][ex][cause][0]_i_415_n_0
                         LUT6 (Prop_lut6_I1_O)        0.105     7.834 r  i_ariane/i_cva6/ex_stage_i/fpu_gen.fpu_i/fpu_gen.i_fpnew_bulk/gen_operation_groups[3].i_opgroup_block/gen_merged_slice.i_multifmt_slice/gen_num_lanes[0].active_lane.lane_instance.i_fpnew_cast_multi/mem_q[7][sbe][ex][cause][0]_i_179/O
                         net (fo=3, unplaced)         0.796     8.630    i_ariane/i_cva6/ex_stage_i/fpu_gen.fpu_i/fpu_gen.i_fpnew_bulk/gen_operation_groups[3].i_opgroup_block/gen_merged_slice.i_multifmt_slice/gen_num_lanes[0].active_lane.lane_instance.i_fpnew_cast_multi/mem_q[7][sbe][ex][cause][0]_i_179_n_0
                         LUT6 (Prop_lut6_I0_O)        0.105     8.735 r  i_ariane/i_cva6/ex_stage_i/fpu_gen.fpu_i/fpu_gen.i_fpnew_bulk/gen_operation_groups[3].i_opgroup_block/gen_merged_slice.i_multifmt_slice/gen_num_lanes[0].active_lane.lane_instance.i_fpnew_cast_multi/mem_q[7][sbe][ex][cause][0]_i_225/O
                         net (fo=1, unplaced)         0.782     9.517    i_ariane/i_cva6/ex_stage_i/fpu_gen.fpu_i/fpu_gen.i_fpnew_bulk/gen_operation_groups[3].i_opgroup_block/gen_merged_slice.i_multifmt_slice/gen_num_lanes[0].active_lane.lane_instance.i_fpnew_cast_multi/mem_q[7][sbe][ex][cause][0]_i_225_n_0
                         LUT6 (Prop_lut6_I0_O)        0.105     9.622 r  i_ariane/i_cva6/ex_stage_i/fpu_gen.fpu_i/fpu_gen.i_fpnew_bulk/gen_operation_groups[3].i_opgroup_block/gen_merged_slice.i_multifmt_slice/gen_num_lanes[0].active_lane.lane_instance.i_fpnew_cast_multi/mem_q[7][sbe][ex][cause][0]_i_81/O
                         net (fo=1, unplaced)         0.778    10.400    i_ariane/i_cva6/ex_stage_i/fpu_gen.fpu_i/fpu_gen.i_fpnew_bulk/gen_operation_groups[3].i_opgroup_block/gen_merged_slice.i_multifmt_slice/gen_num_lanes[0].active_lane.lane_instance.i_fpnew_cast_multi/mem_q[7][sbe][ex][cause][0]_i_81_n_0
                         LUT6 (Prop_lut6_I1_O)        0.105    10.505 r  i_ariane/i_cva6/ex_stage_i/fpu_gen.fpu_i/fpu_gen.i_fpnew_bulk/gen_operation_groups[3].i_opgroup_block/gen_merged_slice.i_multifmt_slice/gen_num_lanes[0].active_lane.lane_instance.i_fpnew_cast_multi/mem_q[7][sbe][ex][cause][0]_i_25/O
                         net (fo=4, unplaced)         0.606    11.111    i_ariane/i_cva6/ex_stage_i/fpu_gen.fpu_i/fpu_gen.i_fpnew_bulk/gen_operation_groups[3].i_opgroup_block/gen_merged_slice.i_multifmt_slice/gen_num_lanes[0].active_lane.lane_instance.i_fpnew_cast_multi/fp_round_sticky_bits[0]
                         LUT6 (Prop_lut6_I0_O)        0.105    11.216 r  i_ariane/i_cva6/ex_stage_i/fpu_gen.fpu_i/fpu_gen.i_fpnew_bulk/gen_operation_groups[3].i_opgroup_block/gen_merged_slice.i_multifmt_slice/gen_num_lanes[0].active_lane.lane_instance.i_fpnew_cast_multi/mem_q[7][sbe][result][0]_i_174/O
                         net (fo=1, unplaced)         0.347    11.563    i_ariane/i_cva6/ex_stage_i/fpu_gen.fpu_i/fpu_gen.i_fpnew_bulk/gen_operation_groups[3].i_opgroup_block/gen_merged_slice.i_multifmt_slice/gen_num_lanes[0].active_lane.lane_instance.i_fpnew_cast_multi/mem_q[7][sbe][result][0]_i_174_n_0
                         LUT6 (Prop_lut6_I5_O)        0.105    11.668 r  i_ariane/i_cva6/ex_stage_i/fpu_gen.fpu_i/fpu_gen.i_fpnew_bulk/gen_operation_groups[3].i_opgroup_block/gen_merged_slice.i_multifmt_slice/gen_num_lanes[0].active_lane.lane_instance.i_fpnew_cast_multi/mem_q[7][sbe][result][0]_i_114/O
                         net (fo=1, unplaced)         0.000    11.668    i_ariane/i_cva6/ex_stage_i/fpu_gen.fpu_i/fpu_gen.i_fpnew_bulk/gen_operation_groups[3].i_opgroup_block/gen_merged_slice.i_multifmt_slice/gen_num_lanes[0].active_lane.lane_instance.i_fpnew_cast_multi/mem_q[7][sbe][result][0]_i_114_n_0
                         CARRY4 (Prop_carry4_S[0]_CO[3])
                                                      0.423    12.091 r  i_ariane/i_cva6/ex_stage_i/fpu_gen.fpu_i/fpu_gen.i_fpnew_bulk/gen_operation_groups[3].i_opgroup_block/gen_merged_slice.i_multifmt_slice/gen_num_lanes[0].active_lane.lane_instance.i_fpnew_cast_multi/mem_q_reg[7][sbe][result][0]_i_66/CO[3]
                         net (fo=1, unplaced)         0.000    12.091    i_ariane/i_cva6/ex_stage_i/fpu_gen.fpu_i/fpu_gen.i_fpnew_bulk/gen_operation_groups[3].i_opgroup_block/gen_merged_slice.i_multifmt_slice/gen_num_lanes[0].active_lane.lane_instance.i_fpnew_cast_multi/mem_q_reg[7][sbe][result][0]_i_66_n_0
                         CARRY4 (Prop_carry4_CI_CO[3])
                                                      0.100    12.191 r  i_ariane/i_cva6/ex_stage_i/fpu_gen.fpu_i/fpu_gen.i_fpnew_bulk/gen_operation_groups[3].i_opgroup_block/gen_merged_slice.i_multifmt_slice/gen_num_lanes[0].active_lane.lane_instance.i_fpnew_cast_multi/mem_q_reg[7][sbe][result][7]_i_77/CO[3]
                         net (fo=1, unplaced)         0.000    12.191    i_ariane/i_cva6/ex_stage_i/fpu_gen.fpu_i/fpu_gen.i_fpnew_bulk/gen_operation_groups[3].i_opgroup_block/gen_merged_slice.i_multifmt_slice/gen_num_lanes[0].active_lane.lane_instance.i_fpnew_cast_multi/mem_q_reg[7][sbe][result][7]_i_77_n_0
                         CARRY4 (Prop_carry4_CI_CO[3])
                                                      0.100    12.291 r  i_ariane/i_cva6/ex_stage_i/fpu_gen.fpu_i/fpu_gen.i_fpnew_bulk/gen_operation_groups[3].i_opgroup_block/gen_merged_slice.i_multifmt_slice/gen_num_lanes[0].active_lane.lane_instance.i_fpnew_cast_multi/mem_q_reg[7][sbe][result][11]_i_56/CO[3]
                         net (fo=1, unplaced)         0.000    12.291    i_ariane/i_cva6/ex_stage_i/fpu_gen.fpu_i/fpu_gen.i_fpnew_bulk/gen_operation_groups[3].i_opgroup_block/gen_merged_slice.i_multifmt_slice/gen_num_lanes[0].active_lane.lane_instance.i_fpnew_cast_multi/mem_q_reg[7][sbe][result][11]_i_56_n_0
                         CARRY4 (Prop_carry4_CI_CO[3])
                                                      0.100    12.391 r  i_ariane/i_cva6/ex_stage_i/fpu_gen.fpu_i/fpu_gen.i_fpnew_bulk/gen_operation_groups[3].i_opgroup_block/gen_merged_slice.i_multifmt_slice/gen_num_lanes[0].active_lane.lane_instance.i_fpnew_cast_multi/mem_q_reg[7][sbe][result][15]_i_77/CO[3]
                         net (fo=1, unplaced)         0.000    12.391    i_ariane/i_cva6/ex_stage_i/fpu_gen.fpu_i/fpu_gen.i_fpnew_bulk/gen_operation_groups[3].i_opgroup_block/gen_merged_slice.i_multifmt_slice/gen_num_lanes[0].active_lane.lane_instance.i_fpnew_cast_multi/mem_q_reg[7][sbe][result][15]_i_77_n_0
                         CARRY4 (Prop_carry4_CI_CO[3])
                                                      0.100    12.491 r  i_ariane/i_cva6/ex_stage_i/fpu_gen.fpu_i/fpu_gen.i_fpnew_bulk/gen_operation_groups[3].i_opgroup_block/gen_merged_slice.i_multifmt_slice/gen_num_lanes[0].active_lane.lane_instance.i_fpnew_cast_multi/mem_q_reg[7][sbe][result][19]_i_57/CO[3]
                         net (fo=1, unplaced)         0.000    12.491    i_ariane/i_cva6/ex_stage_i/fpu_gen.fpu_i/fpu_gen.i_fpnew_bulk/gen_operation_groups[3].i_opgroup_block/gen_merged_slice.i_multifmt_slice/gen_num_lanes[0].active_lane.lane_instance.i_fpnew_cast_multi/mem_q_reg[7][sbe][result][19]_i_57_n_0
                         CARRY4 (Prop_carry4_CI_CO[3])
                                                      0.100    12.591 f  i_ariane/i_cva6/ex_stage_i/fpu_gen.fpu_i/fpu_gen.i_fpnew_bulk/gen_operation_groups[3].i_opgroup_block/gen_merged_slice.i_multifmt_slice/gen_num_lanes[0].active_lane.lane_instance.i_fpnew_cast_multi/mem_q_reg[7][sbe][result][23]_i_77/CO[3]
                         net (fo=1, unplaced)         0.000    12.591    i_ariane/i_cva6/ex_stage_i/fpu_gen.fpu_i/fpu_gen.i_fpnew_bulk/gen_operation_groups[3].i_opgroup_block/gen_merged_slice.i_multifmt_slice/gen_num_lanes[0].active_lane.lane_instance.i_fpnew_cast_multi/mem_q_reg[7][sbe][result][23]_i_77_n_0
                         CARRY4 (Prop_carry4_CI_CO[3])
                                                      0.100    12.691 r  i_ariane/i_cva6/ex_stage_i/fpu_gen.fpu_i/fpu_gen.i_fpnew_bulk/gen_operation_groups[3].i_opgroup_block/gen_merged_slice.i_multifmt_slice/gen_num_lanes[0].active_lane.lane_instance.i_fpnew_cast_multi/mem_q_reg[7][sbe][ex][cause][1]_i_27/CO[3]
                         net (fo=1, unplaced)         0.000    12.691    i_ariane/i_cva6/ex_stage_i/fpu_gen.fpu_i/fpu_gen.i_fpnew_bulk/gen_operation_groups[3].i_opgroup_block/gen_merged_slice.i_multifmt_slice/gen_num_lanes[0].active_lane.lane_instance.i_fpnew_cast_multi/mem_q_reg[7][sbe][ex][cause][1]_i_27_n_0
                         CARRY4 (Prop_carry4_CI_CO[3])
                                                      0.100    12.791 r  i_ariane/i_cva6/ex_stage_i/fpu_gen.fpu_i/fpu_gen.i_fpnew_bulk/gen_operation_groups[3].i_opgroup_block/gen_merged_slice.i_multifmt_slice/gen_num_lanes[0].active_lane.lane_instance.i_fpnew_cast_multi/mem_q_reg[7][sbe][result][35]_i_47/CO[3]
                         net (fo=1, unplaced)         0.000    12.791    i_ariane/i_cva6/ex_stage_i/fpu_gen.fpu_i/fpu_gen.i_fpnew_bulk/gen_operation_groups[3].i_opgroup_block/gen_merged_slice.i_multifmt_slice/gen_num_lanes[0].active_lane.lane_instance.i_fpnew_cast_multi/mem_q_reg[7][sbe][result][35]_i_47_n_0
                         CARRY4 (Prop_carry4_CI_CO[3])
                                                      0.100    12.891 r  i_ariane/i_cva6/ex_stage_i/fpu_gen.fpu_i/fpu_gen.i_fpnew_bulk/gen_operation_groups[3].i_opgroup_block/gen_merged_slice.i_multifmt_slice/gen_num_lanes[0].active_lane.lane_instance.i_fpnew_cast_multi/mem_q_reg[7][sbe][result][35]_i_27/CO[3]
                         net (fo=1, unplaced)         0.000    12.891    i_ariane/i_cva6/ex_stage_i/fpu_gen.fpu_i/fpu_gen.i_fpnew_bulk/gen_operation_groups[3].i_opgroup_block/gen_merged_slice.i_multifmt_slice/gen_num_lanes[0].active_lane.lane_instance.i_fpnew_cast_multi/mem_q_reg[7][sbe][result][35]_i_27_n_0
                         CARRY4 (Prop_carry4_CI_CO[3])
                                                      0.100    12.991 r  i_ariane/i_cva6/ex_stage_i/fpu_gen.fpu_i/fpu_gen.i_fpnew_bulk/gen_operation_groups[3].i_opgroup_block/gen_merged_slice.i_multifmt_slice/gen_num_lanes[0].active_lane.lane_instance.i_fpnew_cast_multi/mem_q_reg[7][sbe][result][39]_i_16/CO[3]
                         net (fo=1, unplaced)         0.000    12.991    i_ariane/i_cva6/ex_stage_i/fpu_gen.fpu_i/fpu_gen.i_fpnew_bulk/gen_operation_groups[3].i_opgroup_block/gen_merged_slice.i_multifmt_slice/gen_num_lanes[0].active_lane.lane_instance.i_fpnew_cast_multi/mem_q_reg[7][sbe][result][39]_i_16_n_0
                         CARRY4 (Prop_carry4_CI_CO[3])
                                                      0.100    13.091 r  i_ariane/i_cva6/ex_stage_i/fpu_gen.fpu_i/fpu_gen.i_fpnew_bulk/gen_operation_groups[3].i_opgroup_block/gen_merged_slice.i_multifmt_slice/gen_num_lanes[0].active_lane.lane_instance.i_fpnew_cast_multi/mem_q_reg[7][sbe][result][43]_i_18/CO[3]
                         net (fo=1, unplaced)         0.000    13.091    i_ariane/i_cva6/ex_stage_i/fpu_gen.fpu_i/fpu_gen.i_fpnew_bulk/gen_operation_groups[3].i_opgroup_block/gen_merged_slice.i_multifmt_slice/gen_num_lanes[0].active_lane.lane_instance.i_fpnew_cast_multi/mem_q_reg[7][sbe][result][43]_i_18_n_0
                         CARRY4 (Prop_carry4_CI_CO[3])
                                                      0.100    13.191 r  i_ariane/i_cva6/ex_stage_i/fpu_gen.fpu_i/fpu_gen.i_fpnew_bulk/gen_operation_groups[3].i_opgroup_block/gen_merged_slice.i_multifmt_slice/gen_num_lanes[0].active_lane.lane_instance.i_fpnew_cast_multi/mem_q_reg[7][sbe][result][47]_i_21/CO[3]
                         net (fo=1, unplaced)         0.000    13.191    i_ariane/i_cva6/ex_stage_i/fpu_gen.fpu_i/fpu_gen.i_fpnew_bulk/gen_operation_groups[3].i_opgroup_block/gen_merged_slice.i_multifmt_slice/gen_num_lanes[0].active_lane.lane_instance.i_fpnew_cast_multi/mem_q_reg[7][sbe][result][47]_i_21_n_0
                         CARRY4 (Prop_carry4_CI_CO[3])
                                                      0.100    13.291 r  i_ariane/i_cva6/ex_stage_i/fpu_gen.fpu_i/fpu_gen.i_fpnew_bulk/gen_operation_groups[3].i_opgroup_block/gen_merged_slice.i_multifmt_slice/gen_num_lanes[0].active_lane.lane_instance.i_fpnew_cast_multi/mem_q_reg[7][sbe][result][50]_i_20/CO[3]
                         net (fo=1, unplaced)         0.000    13.291    i_ariane/i_cva6/ex_stage_i/fpu_gen.fpu_i/fpu_gen.i_fpnew_bulk/gen_operation_groups[3].i_opgroup_block/gen_merged_slice.i_multifmt_slice/gen_num_lanes[0].active_lane.lane_instance.i_fpnew_cast_multi/mem_q_reg[7][sbe][result][50]_i_20_n_0
                         CARRY4 (Prop_carry4_CI_CO[3])
                                                      0.100    13.391 r  i_ariane/i_cva6/ex_stage_i/fpu_gen.fpu_i/fpu_gen.i_fpnew_bulk/gen_operation_groups[3].i_opgroup_block/gen_merged_slice.i_multifmt_slice/gen_num_lanes[0].active_lane.lane_instance.i_fpnew_cast_multi/mem_q_reg[7][sbe][result][55]_i_25/CO[3]
                         net (fo=1, unplaced)         0.000    13.391    i_ariane/i_cva6/ex_stage_i/fpu_gen.fpu_i/fpu_gen.i_fpnew_bulk/gen_operation_groups[3].i_opgroup_block/gen_merged_slice.i_multifmt_slice/gen_num_lanes[0].active_lane.lane_instance.i_fpnew_cast_multi/mem_q_reg[7][sbe][result][55]_i_25_n_0
                         CARRY4 (Prop_carry4_CI_O[2])
                                                      0.214    13.605 f  i_ariane/i_cva6/ex_stage_i/fpu_gen.fpu_i/fpu_gen.i_fpnew_bulk/gen_operation_groups[3].i_opgroup_block/gen_merged_slice.i_multifmt_slice/gen_num_lanes[0].active_lane.lane_instance.i_fpnew_cast_multi/mem_q_reg[7][sbe][result][59]_i_28/O[2]
                         net (fo=6, unplaced)         0.381    13.986    i_ariane/i_cva6/ex_stage_i/fpu_gen.fpu_i/fpu_gen.i_fpnew_bulk/gen_operation_groups[3].i_opgroup_block/gen_merged_slice.i_multifmt_slice/gen_num_lanes[0].active_lane.lane_instance.i_fpnew_cast_multi/rounded_abs[58]
                         LUT1 (Prop_lut1_I0_O)        0.244    14.230 r  i_ariane/i_cva6/ex_stage_i/fpu_gen.fpu_i/fpu_gen.i_fpnew_bulk/gen_operation_groups[3].i_opgroup_block/gen_merged_slice.i_multifmt_slice/gen_num_lanes[0].active_lane.lane_instance.i_fpnew_cast_multi/mem_q[7][sbe][result][60]_i_105/O
                         net (fo=1, unplaced)         0.000    14.230    i_ariane/i_cva6/ex_stage_i/fpu_gen.fpu_i/fpu_gen.i_fpnew_bulk/gen_operation_groups[3].i_opgroup_block/gen_merged_slice.i_multifmt_slice/gen_num_lanes[0].active_lane.lane_instance.i_fpnew_cast_multi/mem_q[7][sbe][result][60]_i_105_n_0
                         CARRY4 (Prop_carry4_S[1]_CO[3])
                                                      0.444    14.674 r  i_ariane/i_cva6/ex_stage_i/fpu_gen.fpu_i/fpu_gen.i_fpnew_bulk/gen_operation_groups[3].i_opgroup_block/gen_merged_slice.i_multifmt_slice/gen_num_lanes[0].active_lane.lane_instance.i_fpnew_cast_multi/mem_q_reg[7][sbe][result][60]_i_51/CO[3]
                         net (fo=1, unplaced)         0.000    14.674    i_ariane/i_cva6/ex_stage_i/fpu_gen.fpu_i/fpu_gen.i_fpnew_bulk/gen_operation_groups[3].i_opgroup_block/gen_merged_slice.i_multifmt_slice/gen_num_lanes[0].active_lane.lane_instance.i_fpnew_cast_multi/mem_q_reg[7][sbe][result][60]_i_51_n_0
                         CARRY4 (Prop_carry4_CI_O[1])
                                                      0.269    14.943 r  i_ariane/i_cva6/ex_stage_i/fpu_gen.fpu_i/fpu_gen.i_fpnew_bulk/gen_operation_groups[3].i_opgroup_block/gen_merged_slice.i_multifmt_slice/gen_num_lanes[0].active_lane.lane_instance.i_fpnew_cast_multi/mem_q_reg[7][sbe][result][62]_i_30/O[1]
                         net (fo=2, unplaced)         0.251    15.194    i_ariane/i_cva6/ex_stage_i/fpu_gen.fpu_i/fpu_gen.i_fpnew_bulk/gen_operation_groups[3].i_opgroup_block/gen_merged_slice.i_multifmt_slice/gen_num_lanes[0].active_lane.lane_instance.i_fpnew_cast_multi/rounded_int_res0[62]
                         LUT3 (Prop_lut3_I0_O)        0.245    15.439 r  i_ariane/i_cva6/ex_stage_i/fpu_gen.fpu_i/fpu_gen.i_fpnew_bulk/gen_operation_groups[3].i_opgroup_block/gen_merged_slice.i_multifmt_slice/gen_num_lanes[0].active_lane.lane_instance.i_fpnew_cast_multi/mem_q[7][sbe][ex][cause][0]_i_211/O
                         net (fo=2, unplaced)         0.358    15.797    i_ariane/i_cva6/ex_stage_i/fpu_gen.fpu_i/fpu_gen.i_fpnew_bulk/gen_operation_groups[3].i_opgroup_block/gen_merged_slice.i_multifmt_slice/gen_num_lanes[0].active_lane.lane_instance.i_fpnew_cast_multi/mem_q[7][sbe][ex][cause][0]_i_211_n_0
                         LUT5 (Prop_lut5_I1_O)        0.105    15.902 f  i_ariane/i_cva6/ex_stage_i/fpu_gen.fpu_i/fpu_gen.i_fpnew_bulk/gen_operation_groups[3].i_opgroup_block/gen_merged_slice.i_multifmt_slice/gen_num_lanes[0].active_lane.lane_instance.i_fpnew_cast_multi/mem_q[7][sbe][ex][cause][4]_i_80/O
                         net (fo=1, unplaced)         0.000    15.902    i_ariane/i_cva6/ex_stage_i/fpu_gen.fpu_i/fpu_gen.i_fpnew_bulk/gen_operation_groups[3].i_opgroup_block/gen_merged_slice.i_multifmt_slice/gen_num_lanes[0].active_lane.lane_instance.i_fpnew_cast_multi/mem_q[7][sbe][ex][cause][4]_i_80_n_0
                         MUXF7 (Prop_muxf7_I1_O)      0.206    16.108 f  i_ariane/i_cva6/ex_stage_i/fpu_gen.fpu_i/fpu_gen.i_fpnew_bulk/gen_operation_groups[3].i_opgroup_block/gen_merged_slice.i_multifmt_slice/gen_num_lanes[0].active_lane.lane_instance.i_fpnew_cast_multi/mem_q_reg[7][sbe][ex][cause][4]_i_52/O
                         net (fo=1, unplaced)         0.349    16.457    i_ariane/i_cva6/ex_stage_i/fpu_gen.fpu_i/fpu_gen.i_fpnew_bulk/gen_operation_groups[3].i_opgroup_block/gen_merged_slice.i_multifmt_slice/gen_num_lanes[0].active_lane.lane_instance.i_fpnew_cast_multi/mem_q_reg[7][sbe][ex][cause][4]_i_52_n_0
                         LUT6 (Prop_lut6_I0_O)        0.242    16.699 f  i_ariane/i_cva6/ex_stage_i/fpu_gen.fpu_i/fpu_gen.i_fpnew_bulk/gen_operation_groups[3].i_opgroup_block/gen_merged_slice.i_multifmt_slice/gen_num_lanes[0].active_lane.lane_instance.i_fpnew_cast_multi/mem_q[7][sbe][ex][cause][4]_i_36/O
                         net (fo=1, unplaced)         0.347    17.046    i_ariane/i_cva6/ex_stage_i/fpu_gen.fpu_i/fpu_gen.i_fpnew_bulk/gen_operation_groups[3].i_opgroup_block/gen_merged_slice.i_multifmt_slice/gen_num_lanes[0].active_lane.lane_instance.i_fpnew_cast_multi/of_after_round
                         LUT6 (Prop_lut6_I5_O)        0.105    17.151 f  i_ariane/i_cva6/ex_stage_i/fpu_gen.fpu_i/fpu_gen.i_fpnew_bulk/gen_operation_groups[3].i_opgroup_block/gen_merged_slice.i_multifmt_slice/gen_num_lanes[0].active_lane.lane_instance.i_fpnew_cast_multi/mem_q[7][sbe][ex][cause][4]_i_28/O
                         net (fo=3, unplaced)         0.365    17.516    i_ariane/i_cva6/ex_stage_i/fpu_gen.fpu_i/fpu_gen.i_fpnew_bulk/gen_operation_groups[3].i_opgroup_block/gen_merged_slice.i_multifmt_slice/gen_num_lanes[0].active_lane.lane_instance.i_fpnew_cast_multi/int_regular_status[NV]
                         LUT6 (Prop_lut6_I0_O)        0.105    17.621 f  i_ariane/i_cva6/ex_stage_i/fpu_gen.fpu_i/fpu_gen.i_fpnew_bulk/gen_operation_groups[3].i_opgroup_block/gen_merged_slice.i_multifmt_slice/gen_num_lanes[0].active_lane.lane_instance.i_fpnew_cast_multi/mem_q[7][sbe][ex][cause][0]_i_9/O
                         net (fo=66, unplaced)        0.436    18.057    i_ariane/i_cva6/ex_stage_i/fpu_gen.fpu_i/fpu_gen.i_fpnew_bulk/gen_operation_groups[3].i_opgroup_block/gen_merged_slice.i_multifmt_slice/gen_num_lanes[0].active_lane.lane_instance.i_fpnew_cast_multi/int_result_is_special
                         LUT6 (Prop_lut6_I4_O)        0.105    18.162 r  i_ariane/i_cva6/ex_stage_i/fpu_gen.fpu_i/fpu_gen.i_fpnew_bulk/gen_operation_groups[3].i_opgroup_block/gen_merged_slice.i_multifmt_slice/gen_num_lanes[0].active_lane.lane_instance.i_fpnew_cast_multi/mem_q[7][sbe][result][63]_i_32/O
                         net (fo=2, unplaced)         0.358    18.520    i_ariane/i_cva6/ex_stage_i/fpu_gen.fpu_i/fpu_gen.i_fpnew_bulk/gen_operation_groups[3].i_opgroup_block/gen_merged_slice.i_multifmt_slice/gen_num_lanes[0].active_lane.lane_instance.i_fpnew_cast_multi/int_result[63]
                         LUT2 (Prop_lut2_I0_O)        0.105    18.625 r  i_ariane/i_cva6/ex_stage_i/fpu_gen.fpu_i/fpu_gen.i_fpnew_bulk/gen_operation_groups[3].i_opgroup_block/gen_merged_slice.i_multifmt_slice/gen_num_lanes[0].active_lane.lane_instance.i_fpnew_cast_multi/mem_q[7][sbe][result][50]_i_13/O
                         net (fo=21, unplaced)        0.408    19.033    i_ariane/i_cva6/ex_stage_i/fpu_gen.fpu_i/fpu_gen.i_fpnew_bulk/gen_operation_groups[3].i_opgroup_block/gen_merged_slice.i_multifmt_slice/gen_num_lanes[0].active_lane.lane_instance.i_fpnew_cast_multi/mem_q[7][sbe][result][50]_i_13_n_0
                         LUT5 (Prop_lut5_I0_O)        0.105    19.138 r  i_ariane/i_cva6/ex_stage_i/fpu_gen.fpu_i/fpu_gen.i_fpnew_bulk/gen_operation_groups[3].i_opgroup_block/gen_merged_slice.i_multifmt_slice/gen_num_lanes[0].active_lane.lane_instance.i_fpnew_cast_multi/mem_q[7][sbe][result][50]_i_5/O
                         net (fo=40, unplaced)        0.424    19.562    i_ariane/i_cva6/ex_stage_i/fpu_gen.fpu_i/fpu_gen.i_fpnew_bulk/gen_operation_groups[3].i_opgroup_block/gen_merged_slice.i_multifmt_slice/gen_num_lanes[0].active_lane.lane_instance.i_fpnew_cast_multi/mem_q[7][sbe][result][50]_i_5_n_0
                         LUT6 (Prop_lut6_I5_O)        0.105    19.667 r  i_ariane/i_cva6/ex_stage_i/fpu_gen.fpu_i/fpu_gen.i_fpnew_bulk/gen_operation_groups[3].i_opgroup_block/gen_merged_slice.i_multifmt_slice/gen_num_lanes[0].active_lane.lane_instance.i_fpnew_cast_multi/mem_q[7][sbe][result][63]_i_15/O
                         net (fo=1, unplaced)         0.347    20.014    i_ariane/i_cva6/ex_stage_i/fpu_gen.fpu_i/fpu_gen.i_fpnew_bulk/gen_operation_groups[2].i_opgroup_block/gen_parallel_slices[0].active_format.i_fmt_slice/gen_num_lanes[0].active_lane.lane_instance.i_noncomp/opgrp_outputs[3][result][0]
                         LUT6 (Prop_lut6_I0_O)        0.105    20.119 r  i_ariane/i_cva6/ex_stage_i/fpu_gen.fpu_i/fpu_gen.i_fpnew_bulk/gen_operation_groups[2].i_opgroup_block/gen_parallel_slices[0].active_format.i_fmt_slice/gen_num_lanes[0].active_lane.lane_instance.i_noncomp/mem_q[7][sbe][result][63]_i_8/O
                         net (fo=1, unplaced)         0.000    20.119    i_ariane/i_cva6/ex_stage_i/fpu_gen.fpu_i/fpu_gen.i_fpnew_bulk/gen_operation_groups[0].i_opgroup_block/gen_parallel_slices[0].active_format.i_fmt_slice/gen_num_lanes[0].active_lane.lane_instance.i_fma/gen_arbiter.data_nodes[2][result][44]
                         MUXF7 (Prop_muxf7_I1_O)      0.206    20.325 r  i_ariane/i_cva6/ex_stage_i/fpu_gen.fpu_i/fpu_gen.i_fpnew_bulk/gen_operation_groups[0].i_opgroup_block/gen_parallel_slices[0].active_format.i_fmt_slice/gen_num_lanes[0].active_lane.lane_instance.i_fma/mem_q_reg[7][sbe][result][63]_i_4/O
                         net (fo=14, unplaced)        0.400    20.725    i_ariane/i_cva6/ex_stage_i/fpu_gen.fpu_i/fpu_gen.i_fpnew_bulk/gen_operation_groups[0].i_opgroup_block/gen_parallel_slices[0].active_format.i_fmt_slice/gen_num_lanes[0].active_lane.lane_instance.i_fma/gen_arbiter.gen_int_rr.rr_q_reg[1]_4
                         LUT2 (Prop_lut2_I0_O)        0.242    20.967 f  i_ariane/i_cva6/ex_stage_i/fpu_gen.fpu_i/fpu_gen.i_fpnew_bulk/gen_operation_groups[0].i_opgroup_block/gen_parallel_slices[0].active_format.i_fmt_slice/gen_num_lanes[0].active_lane.lane_instance.i_fma/fu_data_q[0][operand_a][63]_i_54/O
                         net (fo=3, unplaced)         0.365    21.332    i_ariane/i_cva6/ex_stage_i/fpu_gen.fpu_i/fpu_gen.i_fpnew_bulk/gen_operation_groups[3].i_opgroup_block/gen_merged_slice.i_multifmt_slice/gen_num_lanes[0].active_lane.lane_instance.i_fpnew_cast_multi/fu_data_q[0][imm][63]_i_10
                         LUT6 (Prop_lut6_I5_O)        0.105    21.437 f  i_ariane/i_cva6/ex_stage_i/fpu_gen.fpu_i/fpu_gen.i_fpnew_bulk/gen_operation_groups[3].i_opgroup_block/gen_merged_slice.i_multifmt_slice/gen_num_lanes[0].active_lane.lane_instance.i_fpnew_cast_multi/fu_data_q[0][operand_a][63]_i_24/O
                         net (fo=3, unplaced)         0.365    21.802    i_ariane/i_cva6/ex_stage_i/fpu_gen.fpu_i/fpu_gen.i_fpnew_bulk/gen_operation_groups[0].i_opgroup_block/gen_parallel_slices[0].active_format.i_fmt_slice/gen_num_lanes[0].active_lane.lane_instance.i_fma/fu_data_q_reg[0][operand_b][63]_i_5_0
                         LUT6 (Prop_lut6_I3_O)        0.105    21.907 f  i_ariane/i_cva6/ex_stage_i/fpu_gen.fpu_i/fpu_gen.i_fpnew_bulk/gen_operation_groups[0].i_opgroup_block/gen_parallel_slices[0].active_format.i_fmt_slice/gen_num_lanes[0].active_lane.lane_instance.i_fma/fu_data_q[0][operand_a][63]_i_7/O
                         net (fo=1, unplaced)         0.000    21.907    i_ariane/i_cva6/ex_stage_i/fpu_gen.fpu_i/fpu_gen.i_fpnew_bulk/gen_operation_groups[3].i_opgroup_block/gen_merged_slice.i_multifmt_slice/gen_num_lanes[0].active_lane.lane_instance.i_fpnew_cast_multi/fu_data_q_reg[0][operand_a][63]_0
                         MUXF7 (Prop_muxf7_I1_O)      0.206    22.113 f  i_ariane/i_cva6/ex_stage_i/fpu_gen.fpu_i/fpu_gen.i_fpnew_bulk/gen_operation_groups[3].i_opgroup_block/gen_merged_slice.i_multifmt_slice/gen_num_lanes[0].active_lane.lane_instance.i_fpnew_cast_multi/fu_data_q_reg[0][operand_a][63]_i_2/O
                         net (fo=1, unplaced)         0.349    22.462    i_ariane/i_cva6/id_stage_i/fu_data_q_reg[0][operand_a][63]
                         LUT6 (Prop_lut6_I0_O)        0.242    22.704 r  i_ariane/i_cva6/id_stage_i/fu_data_q[0][operand_a][63]_i_1/O
                         net (fo=2, unplaced)         0.000    22.704    i_ariane/i_cva6/ex_stage_i/vaddr_to_be_flushed_reg[63]_0[63]
                         FDCE                                         r  i_ariane/i_cva6/ex_stage_i/vaddr_to_be_flushed_reg[63]/D
  -------------------------------------------------------------------    -------------------

                         (clock clk_i rise edge)     10.000    10.000 r  
                                                      0.000    10.000 r  clk_i (IN)
                         net (fo=33654, unset)        0.748    10.748    i_ariane/i_cva6/ex_stage_i/clk_i
                         FDCE                                         r  i_ariane/i_cva6/ex_stage_i/vaddr_to_be_flushed_reg[63]/C
                         clock pessimism              0.000    10.748    
                         clock uncertainty           -0.035    10.712    
                         FDCE (Setup_fdce_C_D)        0.043    10.755    i_ariane/i_cva6/ex_stage_i/vaddr_to_be_flushed_reg[63]
  -------------------------------------------------------------------
                         required time                         10.755    
                         arrival time                         -22.704    
  -------------------------------------------------------------------
                         slack                                -11.949    

Slack (VIOLATED) :        -11.949ns  (required time - arrival time)
  Source:                 i_ariane/i_cva6/ex_stage_i/fpu_gen.fpu_i/fpu_gen.i_fpnew_bulk/gen_operation_groups[3].i_opgroup_block/gen_merged_slice.i_multifmt_slice/gen_num_lanes[0].active_lane.lane_instance.i_fpnew_cast_multi/gen_inside_pipeline[0].mid_pipe_dst_fmt_q_reg[1][2]_rep/C
                            (rising edge-triggered cell FDCE clocked by clk_i  {rise@0.000ns fall@5.000ns period=10.000ns})
  Destination:            i_ariane/i_cva6/ex_stage_i/vaddr_to_be_flushed_reg[63]/D
                            (rising edge-triggered cell FDCE clocked by clk_i  {rise@0.000ns fall@5.000ns period=10.000ns})
  Path Group:             clk_i
  Path Type:              Setup (Max at Slow Process Corner)
  Requirement:            10.000ns  (clk_i rise@10.000ns - clk_i rise@0.000ns)
  Data Path Delay:        21.917ns  (logic 8.887ns (40.548%)  route 13.030ns (59.452%))
  Logic Levels:           52  (CARRY4=23 LUT1=1 LUT2=2 LUT3=2 LUT4=1 LUT5=4 LUT6=16 MUXF7=3)
  Clock Path Skew:        -0.039ns (DCD - SCD + CPR)
    Destination Clock Delay (DCD):    0.748ns = ( 10.748 - 10.000 ) 
    Source Clock Delay      (SCD):    0.787ns
    Clock Pessimism Removal (CPR):    0.000ns
  Clock Uncertainty:      0.035ns  ((TSJ^2 + TIJ^2)^1/2 + DJ) / 2 + PE
    Total System Jitter     (TSJ):    0.071ns
    Total Input Jitter      (TIJ):    0.000ns
    Discrete Jitter          (DJ):    0.000ns
    Phase Error              (PE):    0.000ns

    Location             Delay type                Incr(ns)  Path(ns)    Netlist Resource(s)
  -------------------------------------------------------------------    -------------------
                         (clock clk_i rise edge)      0.000     0.000 r  
                                                      0.000     0.000 r  clk_i (IN)
                         net (fo=33654, unset)        0.787     0.787    i_ariane/i_cva6/ex_stage_i/fpu_gen.fpu_i/fpu_gen.i_fpnew_bulk/gen_operation_groups[3].i_opgroup_block/gen_merged_slice.i_multifmt_slice/gen_num_lanes[0].active_lane.lane_instance.i_fpnew_cast_multi/clk_i
                         FDCE                                         r  i_ariane/i_cva6/ex_stage_i/fpu_gen.fpu_i/fpu_gen.i_fpnew_bulk/gen_operation_groups[3].i_opgroup_block/gen_merged_slice.i_multifmt_slice/gen_num_lanes[0].active_lane.lane_instance.i_fpnew_cast_multi/gen_inside_pipeline[0].mid_pipe_dst_fmt_q_reg[1][2]_rep/C
  -------------------------------------------------------------------    -------------------
                         FDCE (Prop_fdce_C_Q)         0.397     1.184 r  i_ariane/i_cva6/ex_stage_i/fpu_gen.fpu_i/fpu_gen.i_fpnew_bulk/gen_operation_groups[3].i_opgroup_block/gen_merged_slice.i_multifmt_slice/gen_num_lanes[0].active_lane.lane_instance.i_fpnew_cast_multi/gen_inside_pipeline[0].mid_pipe_dst_fmt_q_reg[1][2]_rep/Q
                         net (fo=165, unplaced)       0.737     1.921    i_ariane/i_cva6/ex_stage_i/fpu_gen.fpu_i/fpu_gen.i_fpnew_bulk/gen_operation_groups[3].i_opgroup_block/gen_merged_slice.i_multifmt_slice/gen_num_lanes[0].active_lane.lane_instance.i_fpnew_cast_multi/gen_inside_pipeline[0].mid_pipe_dst_fmt_q_reg[1][2]_rep_n_0
                         LUT3 (Prop_lut3_I0_O)        0.232     2.153 r  i_ariane/i_cva6/ex_stage_i/fpu_gen.fpu_i/fpu_gen.i_fpnew_bulk/gen_operation_groups[3].i_opgroup_block/gen_merged_slice.i_multifmt_slice/gen_num_lanes[0].active_lane.lane_instance.i_fpnew_cast_multi/mem_q[7][sbe][result][59]_i_188/O
                         net (fo=1, unplaced)         0.258     2.411    i_ariane/i_cva6/ex_stage_i/fpu_gen.fpu_i/fpu_gen.i_fpnew_bulk/gen_operation_groups[3].i_opgroup_block/gen_merged_slice.i_multifmt_slice/gen_num_lanes[0].active_lane.lane_instance.i_fpnew_cast_multi/preshift_mant3[0]
                         CARRY4 (Prop_carry4_CYINIT_CO[3])
                                                      0.494     2.905 r  i_ariane/i_cva6/ex_stage_i/fpu_gen.fpu_i/fpu_gen.i_fpnew_bulk/gen_operation_groups[3].i_opgroup_block/gen_merged_slice.i_multifmt_slice/gen_num_lanes[0].active_lane.lane_instance.i_fpnew_cast_multi/mem_q_reg[7][sbe][result][59]_i_177/CO[3]
                         net (fo=1, unplaced)         0.000     2.905    i_ariane/i_cva6/ex_stage_i/fpu_gen.fpu_i/fpu_gen.i_fpnew_bulk/gen_operation_groups[3].i_opgroup_block/gen_merged_slice.i_multifmt_slice/gen_num_lanes[0].active_lane.lane_instance.i_fpnew_cast_multi/mem_q_reg[7][sbe][result][59]_i_177_n_0
                         CARRY4 (Prop_carry4_CI_CO[3])
                                                      0.100     3.005 f  i_ariane/i_cva6/ex_stage_i/fpu_gen.fpu_i/fpu_gen.i_fpnew_bulk/gen_operation_groups[3].i_opgroup_block/gen_merged_slice.i_multifmt_slice/gen_num_lanes[0].active_lane.lane_instance.i_fpnew_cast_multi/mem_q_reg[7][sbe][ex][cause][4]_i_139/CO[3]
                         net (fo=1, unplaced)         0.000     3.005    i_ariane/i_cva6/ex_stage_i/fpu_gen.fpu_i/fpu_gen.i_fpnew_bulk/gen_operation_groups[3].i_opgroup_block/gen_merged_slice.i_multifmt_slice/gen_num_lanes[0].active_lane.lane_instance.i_fpnew_cast_multi/mem_q_reg[7][sbe][ex][cause][4]_i_139_n_0
                         CARRY4 (Prop_carry4_CI_O[1])
                                                      0.269     3.274 f  i_ariane/i_cva6/ex_stage_i/fpu_gen.fpu_i/fpu_gen.i_fpnew_bulk/gen_operation_groups[3].i_opgroup_block/gen_merged_slice.i_multifmt_slice/gen_num_lanes[0].active_lane.lane_instance.i_fpnew_cast_multi/mem_q_reg[7][sbe][ex][cause][4]_i_100/O[1]
                         net (fo=3, unplaced)         0.490     3.764    i_ariane/i_cva6/ex_stage_i/fpu_gen.fpu_i/fpu_gen.i_fpnew_bulk/gen_operation_groups[3].i_opgroup_block/gen_merged_slice.i_multifmt_slice/gen_num_lanes[0].active_lane.lane_instance.i_fpnew_cast_multi/mem_q_reg[7][sbe][ex][cause][4]_i_100_n_6
                         LUT4 (Prop_lut4_I1_O)        0.266     4.030 r  i_ariane/i_cva6/ex_stage_i/fpu_gen.fpu_i/fpu_gen.i_fpnew_bulk/gen_operation_groups[3].i_opgroup_block/gen_merged_slice.i_multifmt_slice/gen_num_lanes[0].active_lane.lane_instance.i_fpnew_cast_multi/mem_q[7][sbe][ex][cause][4]_i_94/O
                         net (fo=1, unplaced)         0.000     4.030    i_ariane/i_cva6/ex_stage_i/fpu_gen.fpu_i/fpu_gen.i_fpnew_bulk/gen_operation_groups[3].i_opgroup_block/gen_merged_slice.i_multifmt_slice/gen_num_lanes[0].active_lane.lane_instance.i_fpnew_cast_multi/mem_q[7][sbe][ex][cause][4]_i_94_n_0
                         CARRY4 (Prop_carry4_DI[1]_CO[3])
                                                      0.451     4.481 r  i_ariane/i_cva6/ex_stage_i/fpu_gen.fpu_i/fpu_gen.i_fpnew_bulk/gen_operation_groups[3].i_opgroup_block/gen_merged_slice.i_multifmt_slice/gen_num_lanes[0].active_lane.lane_instance.i_fpnew_cast_multi/mem_q_reg[7][sbe][ex][cause][4]_i_58/CO[3]
                         net (fo=1, unplaced)         0.000     4.481    i_ariane/i_cva6/ex_stage_i/fpu_gen.fpu_i/fpu_gen.i_fpnew_bulk/gen_operation_groups[3].i_opgroup_block/gen_merged_slice.i_multifmt_slice/gen_num_lanes[0].active_lane.lane_instance.i_fpnew_cast_multi/mem_q_reg[7][sbe][ex][cause][4]_i_58_n_0
                         CARRY4 (Prop_carry4_CI_CO[3])
                                                      0.100     4.581 r  i_ariane/i_cva6/ex_stage_i/fpu_gen.fpu_i/fpu_gen.i_fpnew_bulk/gen_operation_groups[3].i_opgroup_block/gen_merged_slice.i_multifmt_slice/gen_num_lanes[0].active_lane.lane_instance.i_fpnew_cast_multi/mem_q_reg[7][sbe][ex][cause][4]_i_40/CO[3]
                         net (fo=1, unplaced)         0.000     4.581    i_ariane/i_cva6/ex_stage_i/fpu_gen.fpu_i/fpu_gen.i_fpnew_bulk/gen_operation_groups[3].i_opgroup_block/gen_merged_slice.i_multifmt_slice/gen_num_lanes[0].active_lane.lane_instance.i_fpnew_cast_multi/mem_q_reg[7][sbe][ex][cause][4]_i_40_n_0
                         CARRY4 (Prop_carry4_CI_CO[3])
                                                      0.100     4.681 r  i_ariane/i_cva6/ex_stage_i/fpu_gen.fpu_i/fpu_gen.i_fpnew_bulk/gen_operation_groups[3].i_opgroup_block/gen_merged_slice.i_multifmt_slice/gen_num_lanes[0].active_lane.lane_instance.i_fpnew_cast_multi/mem_q_reg[7][sbe][ex][cause][4]_i_34/CO[3]
                         net (fo=146, unplaced)       0.719     5.400    i_ariane/i_cva6/ex_stage_i/fpu_gen.fpu_i/fpu_gen.i_fpnew_bulk/gen_operation_groups[3].i_opgroup_block/gen_merged_slice.i_multifmt_slice/gen_num_lanes[0].active_lane.lane_instance.i_fpnew_cast_multi/preshift_mant1
                         LUT5 (Prop_lut5_I2_O)        0.105     5.505 r  i_ariane/i_cva6/ex_stage_i/fpu_gen.fpu_i/fpu_gen.i_fpnew_bulk/gen_operation_groups[3].i_opgroup_block/gen_merged_slice.i_multifmt_slice/gen_num_lanes[0].active_lane.lane_instance.i_fpnew_cast_multi/mem_q[7][sbe][ex][cause][0]_i_331/O
                         net (fo=4, unplaced)         0.802     6.307    i_ariane/i_cva6/ex_stage_i/fpu_gen.fpu_i/fpu_gen.i_fpnew_bulk/gen_operation_groups[3].i_opgroup_block/gen_merged_slice.i_multifmt_slice/gen_num_lanes[0].active_lane.lane_instance.i_fpnew_cast_multi/preshift_mant[90]
                         LUT5 (Prop_lut5_I0_O)        0.105     6.412 r  i_ariane/i_cva6/ex_stage_i/fpu_gen.fpu_i/fpu_gen.i_fpnew_bulk/gen_operation_groups[3].i_opgroup_block/gen_merged_slice.i_multifmt_slice/gen_num_lanes[0].active_lane.lane_instance.i_fpnew_cast_multi/mem_q[7][sbe][ex][cause][0]_i_566/O
                         net (fo=4, unplaced)         0.606     7.018    i_ariane/i_cva6/ex_stage_i/fpu_gen.fpu_i/fpu_gen.i_fpnew_bulk/gen_operation_groups[3].i_opgroup_block/gen_merged_slice.i_multifmt_slice/gen_num_lanes[0].active_lane.lane_instance.i_fpnew_cast_multi/mem_q[7][sbe][ex][cause][0]_i_566_n_0
                         LUT6 (Prop_lut6_I1_O)        0.105     7.123 r  i_ariane/i_cva6/ex_stage_i/fpu_gen.fpu_i/fpu_gen.i_fpnew_bulk/gen_operation_groups[3].i_opgroup_block/gen_merged_slice.i_multifmt_slice/gen_num_lanes[0].active_lane.lane_instance.i_fpnew_cast_multi/mem_q[7][sbe][ex][cause][0]_i_415/O
                         net (fo=4, unplaced)         0.606     7.729    i_ariane/i_cva6/ex_stage_i/fpu_gen.fpu_i/fpu_gen.i_fpnew_bulk/gen_operation_groups[3].i_opgroup_block/gen_merged_slice.i_multifmt_slice/gen_num_lanes[0].active_lane.lane_instance.i_fpnew_cast_multi/mem_q[7][sbe][ex][cause][0]_i_415_n_0
                         LUT6 (Prop_lut6_I1_O)        0.105     7.834 r  i_ariane/i_cva6/ex_stage_i/fpu_gen.fpu_i/fpu_gen.i_fpnew_bulk/gen_operation_groups[3].i_opgroup_block/gen_merged_slice.i_multifmt_slice/gen_num_lanes[0].active_lane.lane_instance.i_fpnew_cast_multi/mem_q[7][sbe][ex][cause][0]_i_179/O
                         net (fo=3, unplaced)         0.796     8.630    i_ariane/i_cva6/ex_stage_i/fpu_gen.fpu_i/fpu_gen.i_fpnew_bulk/gen_operation_groups[3].i_opgroup_block/gen_merged_slice.i_multifmt_slice/gen_num_lanes[0].active_lane.lane_instance.i_fpnew_cast_multi/mem_q[7][sbe][ex][cause][0]_i_179_n_0
                         LUT6 (Prop_lut6_I0_O)        0.105     8.735 r  i_ariane/i_cva6/ex_stage_i/fpu_gen.fpu_i/fpu_gen.i_fpnew_bulk/gen_operation_groups[3].i_opgroup_block/gen_merged_slice.i_multifmt_slice/gen_num_lanes[0].active_lane.lane_instance.i_fpnew_cast_multi/mem_q[7][sbe][ex][cause][0]_i_225/O
                         net (fo=1, unplaced)         0.782     9.517    i_ariane/i_cva6/ex_stage_i/fpu_gen.fpu_i/fpu_gen.i_fpnew_bulk/gen_operation_groups[3].i_opgroup_block/gen_merged_slice.i_multifmt_slice/gen_num_lanes[0].active_lane.lane_instance.i_fpnew_cast_multi/mem_q[7][sbe][ex][cause][0]_i_225_n_0
                         LUT6 (Prop_lut6_I0_O)        0.105     9.622 r  i_ariane/i_cva6/ex_stage_i/fpu_gen.fpu_i/fpu_gen.i_fpnew_bulk/gen_operation_groups[3].i_opgroup_block/gen_merged_slice.i_multifmt_slice/gen_num_lanes[0].active_lane.lane_instance.i_fpnew_cast_multi/mem_q[7][sbe][ex][cause][0]_i_81/O
                         net (fo=1, unplaced)         0.778    10.400    i_ariane/i_cva6/ex_stage_i/fpu_gen.fpu_i/fpu_gen.i_fpnew_bulk/gen_operation_groups[3].i_opgroup_block/gen_merged_slice.i_multifmt_slice/gen_num_lanes[0].active_lane.lane_instance.i_fpnew_cast_multi/mem_q[7][sbe][ex][cause][0]_i_81_n_0
                         LUT6 (Prop_lut6_I1_O)        0.105    10.505 r  i_ariane/i_cva6/ex_stage_i/fpu_gen.fpu_i/fpu_gen.i_fpnew_bulk/gen_operation_groups[3].i_opgroup_block/gen_merged_slice.i_multifmt_slice/gen_num_lanes[0].active_lane.lane_instance.i_fpnew_cast_multi/mem_q[7][sbe][ex][cause][0]_i_25/O
                         net (fo=4, unplaced)         0.606    11.111    i_ariane/i_cva6/ex_stage_i/fpu_gen.fpu_i/fpu_gen.i_fpnew_bulk/gen_operation_groups[3].i_opgroup_block/gen_merged_slice.i_multifmt_slice/gen_num_lanes[0].active_lane.lane_instance.i_fpnew_cast_multi/fp_round_sticky_bits[0]
                         LUT6 (Prop_lut6_I0_O)        0.105    11.216 r  i_ariane/i_cva6/ex_stage_i/fpu_gen.fpu_i/fpu_gen.i_fpnew_bulk/gen_operation_groups[3].i_opgroup_block/gen_merged_slice.i_multifmt_slice/gen_num_lanes[0].active_lane.lane_instance.i_fpnew_cast_multi/mem_q[7][sbe][result][0]_i_174/O
                         net (fo=1, unplaced)         0.347    11.563    i_ariane/i_cva6/ex_stage_i/fpu_gen.fpu_i/fpu_gen.i_fpnew_bulk/gen_operation_groups[3].i_opgroup_block/gen_merged_slice.i_multifmt_slice/gen_num_lanes[0].active_lane.lane_instance.i_fpnew_cast_multi/mem_q[7][sbe][result][0]_i_174_n_0
                         LUT6 (Prop_lut6_I5_O)        0.105    11.668 r  i_ariane/i_cva6/ex_stage_i/fpu_gen.fpu_i/fpu_gen.i_fpnew_bulk/gen_operation_groups[3].i_opgroup_block/gen_merged_slice.i_multifmt_slice/gen_num_lanes[0].active_lane.lane_instance.i_fpnew_cast_multi/mem_q[7][sbe][result][0]_i_114/O
                         net (fo=1, unplaced)         0.000    11.668    i_ariane/i_cva6/ex_stage_i/fpu_gen.fpu_i/fpu_gen.i_fpnew_bulk/gen_operation_groups[3].i_opgroup_block/gen_merged_slice.i_multifmt_slice/gen_num_lanes[0].active_lane.lane_instance.i_fpnew_cast_multi/mem_q[7][sbe][result][0]_i_114_n_0
                         CARRY4 (Prop_carry4_S[0]_CO[3])
                                                      0.423    12.091 r  i_ariane/i_cva6/ex_stage_i/fpu_gen.fpu_i/fpu_gen.i_fpnew_bulk/gen_operation_groups[3].i_opgroup_block/gen_merged_slice.i_multifmt_slice/gen_num_lanes[0].active_lane.lane_instance.i_fpnew_cast_multi/mem_q_reg[7][sbe][result][0]_i_66/CO[3]
                         net (fo=1, unplaced)         0.000    12.091    i_ariane/i_cva6/ex_stage_i/fpu_gen.fpu_i/fpu_gen.i_fpnew_bulk/gen_operation_groups[3].i_opgroup_block/gen_merged_slice.i_multifmt_slice/gen_num_lanes[0].active_lane.lane_instance.i_fpnew_cast_multi/mem_q_reg[7][sbe][result][0]_i_66_n_0
                         CARRY4 (Prop_carry4_CI_CO[3])
                                                      0.100    12.191 r  i_ariane/i_cva6/ex_stage_i/fpu_gen.fpu_i/fpu_gen.i_fpnew_bulk/gen_operation_groups[3].i_opgroup_block/gen_merged_slice.i_multifmt_slice/gen_num_lanes[0].active_lane.lane_instance.i_fpnew_cast_multi/mem_q_reg[7][sbe][result][7]_i_77/CO[3]
                         net (fo=1, unplaced)         0.000    12.191    i_ariane/i_cva6/ex_stage_i/fpu_gen.fpu_i/fpu_gen.i_fpnew_bulk/gen_operation_groups[3].i_opgroup_block/gen_merged_slice.i_multifmt_slice/gen_num_lanes[0].active_lane.lane_instance.i_fpnew_cast_multi/mem_q_reg[7][sbe][result][7]_i_77_n_0
                         CARRY4 (Prop_carry4_CI_CO[3])
                                                      0.100    12.291 r  i_ariane/i_cva6/ex_stage_i/fpu_gen.fpu_i/fpu_gen.i_fpnew_bulk/gen_operation_groups[3].i_opgroup_block/gen_merged_slice.i_multifmt_slice/gen_num_lanes[0].active_lane.lane_instance.i_fpnew_cast_multi/mem_q_reg[7][sbe][result][11]_i_56/CO[3]
                         net (fo=1, unplaced)         0.000    12.291    i_ariane/i_cva6/ex_stage_i/fpu_gen.fpu_i/fpu_gen.i_fpnew_bulk/gen_operation_groups[3].i_opgroup_block/gen_merged_slice.i_multifmt_slice/gen_num_lanes[0].active_lane.lane_instance.i_fpnew_cast_multi/mem_q_reg[7][sbe][result][11]_i_56_n_0
                         CARRY4 (Prop_carry4_CI_CO[3])
                                                      0.100    12.391 r  i_ariane/i_cva6/ex_stage_i/fpu_gen.fpu_i/fpu_gen.i_fpnew_bulk/gen_operation_groups[3].i_opgroup_block/gen_merged_slice.i_multifmt_slice/gen_num_lanes[0].active_lane.lane_instance.i_fpnew_cast_multi/mem_q_reg[7][sbe][result][15]_i_77/CO[3]
                         net (fo=1, unplaced)         0.000    12.391    i_ariane/i_cva6/ex_stage_i/fpu_gen.fpu_i/fpu_gen.i_fpnew_bulk/gen_operation_groups[3].i_opgroup_block/gen_merged_slice.i_multifmt_slice/gen_num_lanes[0].active_lane.lane_instance.i_fpnew_cast_multi/mem_q_reg[7][sbe][result][15]_i_77_n_0
                         CARRY4 (Prop_carry4_CI_CO[3])
                                                      0.100    12.491 r  i_ariane/i_cva6/ex_stage_i/fpu_gen.fpu_i/fpu_gen.i_fpnew_bulk/gen_operation_groups[3].i_opgroup_block/gen_merged_slice.i_multifmt_slice/gen_num_lanes[0].active_lane.lane_instance.i_fpnew_cast_multi/mem_q_reg[7][sbe][result][19]_i_57/CO[3]
                         net (fo=1, unplaced)         0.000    12.491    i_ariane/i_cva6/ex_stage_i/fpu_gen.fpu_i/fpu_gen.i_fpnew_bulk/gen_operation_groups[3].i_opgroup_block/gen_merged_slice.i_multifmt_slice/gen_num_lanes[0].active_lane.lane_instance.i_fpnew_cast_multi/mem_q_reg[7][sbe][result][19]_i_57_n_0
                         CARRY4 (Prop_carry4_CI_CO[3])
                                                      0.100    12.591 f  i_ariane/i_cva6/ex_stage_i/fpu_gen.fpu_i/fpu_gen.i_fpnew_bulk/gen_operation_groups[3].i_opgroup_block/gen_merged_slice.i_multifmt_slice/gen_num_lanes[0].active_lane.lane_instance.i_fpnew_cast_multi/mem_q_reg[7][sbe][result][23]_i_77/CO[3]
                         net (fo=1, unplaced)         0.000    12.591    i_ariane/i_cva6/ex_stage_i/fpu_gen.fpu_i/fpu_gen.i_fpnew_bulk/gen_operation_groups[3].i_opgroup_block/gen_merged_slice.i_multifmt_slice/gen_num_lanes[0].active_lane.lane_instance.i_fpnew_cast_multi/mem_q_reg[7][sbe][result][23]_i_77_n_0
                         CARRY4 (Prop_carry4_CI_CO[3])
                                                      0.100    12.691 r  i_ariane/i_cva6/ex_stage_i/fpu_gen.fpu_i/fpu_gen.i_fpnew_bulk/gen_operation_groups[3].i_opgroup_block/gen_merged_slice.i_multifmt_slice/gen_num_lanes[0].active_lane.lane_instance.i_fpnew_cast_multi/mem_q_reg[7][sbe][ex][cause][1]_i_27/CO[3]
                         net (fo=1, unplaced)         0.000    12.691    i_ariane/i_cva6/ex_stage_i/fpu_gen.fpu_i/fpu_gen.i_fpnew_bulk/gen_operation_groups[3].i_opgroup_block/gen_merged_slice.i_multifmt_slice/gen_num_lanes[0].active_lane.lane_instance.i_fpnew_cast_multi/mem_q_reg[7][sbe][ex][cause][1]_i_27_n_0
                         CARRY4 (Prop_carry4_CI_CO[3])
                                                      0.100    12.791 r  i_ariane/i_cva6/ex_stage_i/fpu_gen.fpu_i/fpu_gen.i_fpnew_bulk/gen_operation_groups[3].i_opgroup_block/gen_merged_slice.i_multifmt_slice/gen_num_lanes[0].active_lane.lane_instance.i_fpnew_cast_multi/mem_q_reg[7][sbe][result][35]_i_47/CO[3]
                         net (fo=1, unplaced)         0.000    12.791    i_ariane/i_cva6/ex_stage_i/fpu_gen.fpu_i/fpu_gen.i_fpnew_bulk/gen_operation_groups[3].i_opgroup_block/gen_merged_slice.i_multifmt_slice/gen_num_lanes[0].active_lane.lane_instance.i_fpnew_cast_multi/mem_q_reg[7][sbe][result][35]_i_47_n_0
                         CARRY4 (Prop_carry4_CI_CO[3])
                                                      0.100    12.891 r  i_ariane/i_cva6/ex_stage_i/fpu_gen.fpu_i/fpu_gen.i_fpnew_bulk/gen_operation_groups[3].i_opgroup_block/gen_merged_slice.i_multifmt_slice/gen_num_lanes[0].active_lane.lane_instance.i_fpnew_cast_multi/mem_q_reg[7][sbe][result][35]_i_27/CO[3]
                         net (fo=1, unplaced)         0.000    12.891    i_ariane/i_cva6/ex_stage_i/fpu_gen.fpu_i/fpu_gen.i_fpnew_bulk/gen_operation_groups[3].i_opgroup_block/gen_merged_slice.i_multifmt_slice/gen_num_lanes[0].active_lane.lane_instance.i_fpnew_cast_multi/mem_q_reg[7][sbe][result][35]_i_27_n_0
                         CARRY4 (Prop_carry4_CI_CO[3])
                                                      0.100    12.991 r  i_ariane/i_cva6/ex_stage_i/fpu_gen.fpu_i/fpu_gen.i_fpnew_bulk/gen_operation_groups[3].i_opgroup_block/gen_merged_slice.i_multifmt_slice/gen_num_lanes[0].active_lane.lane_instance.i_fpnew_cast_multi/mem_q_reg[7][sbe][result][39]_i_16/CO[3]
                         net (fo=1, unplaced)         0.000    12.991    i_ariane/i_cva6/ex_stage_i/fpu_gen.fpu_i/fpu_gen.i_fpnew_bulk/gen_operation_groups[3].i_opgroup_block/gen_merged_slice.i_multifmt_slice/gen_num_lanes[0].active_lane.lane_instance.i_fpnew_cast_multi/mem_q_reg[7][sbe][result][39]_i_16_n_0
                         CARRY4 (Prop_carry4_CI_CO[3])
                                                      0.100    13.091 r  i_ariane/i_cva6/ex_stage_i/fpu_gen.fpu_i/fpu_gen.i_fpnew_bulk/gen_operation_groups[3].i_opgroup_block/gen_merged_slice.i_multifmt_slice/gen_num_lanes[0].active_lane.lane_instance.i_fpnew_cast_multi/mem_q_reg[7][sbe][result][43]_i_18/CO[3]
                         net (fo=1, unplaced)         0.000    13.091    i_ariane/i_cva6/ex_stage_i/fpu_gen.fpu_i/fpu_gen.i_fpnew_bulk/gen_operation_groups[3].i_opgroup_block/gen_merged_slice.i_multifmt_slice/gen_num_lanes[0].active_lane.lane_instance.i_fpnew_cast_multi/mem_q_reg[7][sbe][result][43]_i_18_n_0
                         CARRY4 (Prop_carry4_CI_CO[3])
                                                      0.100    13.191 r  i_ariane/i_cva6/ex_stage_i/fpu_gen.fpu_i/fpu_gen.i_fpnew_bulk/gen_operation_groups[3].i_opgroup_block/gen_merged_slice.i_multifmt_slice/gen_num_lanes[0].active_lane.lane_instance.i_fpnew_cast_multi/mem_q_reg[7][sbe][result][47]_i_21/CO[3]
                         net (fo=1, unplaced)         0.000    13.191    i_ariane/i_cva6/ex_stage_i/fpu_gen.fpu_i/fpu_gen.i_fpnew_bulk/gen_operation_groups[3].i_opgroup_block/gen_merged_slice.i_multifmt_slice/gen_num_lanes[0].active_lane.lane_instance.i_fpnew_cast_multi/mem_q_reg[7][sbe][result][47]_i_21_n_0
                         CARRY4 (Prop_carry4_CI_CO[3])
                                                      0.100    13.291 r  i_ariane/i_cva6/ex_stage_i/fpu_gen.fpu_i/fpu_gen.i_fpnew_bulk/gen_operation_groups[3].i_opgroup_block/gen_merged_slice.i_multifmt_slice/gen_num_lanes[0].active_lane.lane_instance.i_fpnew_cast_multi/mem_q_reg[7][sbe][result][50]_i_20/CO[3]
                         net (fo=1, unplaced)         0.000    13.291    i_ariane/i_cva6/ex_stage_i/fpu_gen.fpu_i/fpu_gen.i_fpnew_bulk/gen_operation_groups[3].i_opgroup_block/gen_merged_slice.i_multifmt_slice/gen_num_lanes[0].active_lane.lane_instance.i_fpnew_cast_multi/mem_q_reg[7][sbe][result][50]_i_20_n_0
                         CARRY4 (Prop_carry4_CI_CO[3])
                                                      0.100    13.391 r  i_ariane/i_cva6/ex_stage_i/fpu_gen.fpu_i/fpu_gen.i_fpnew_bulk/gen_operation_groups[3].i_opgroup_block/gen_merged_slice.i_multifmt_slice/gen_num_lanes[0].active_lane.lane_instance.i_fpnew_cast_multi/mem_q_reg[7][sbe][result][55]_i_25/CO[3]
                         net (fo=1, unplaced)         0.000    13.391    i_ariane/i_cva6/ex_stage_i/fpu_gen.fpu_i/fpu_gen.i_fpnew_bulk/gen_operation_groups[3].i_opgroup_block/gen_merged_slice.i_multifmt_slice/gen_num_lanes[0].active_lane.lane_instance.i_fpnew_cast_multi/mem_q_reg[7][sbe][result][55]_i_25_n_0
                         CARRY4 (Prop_carry4_CI_O[2])
                                                      0.214    13.605 f  i_ariane/i_cva6/ex_stage_i/fpu_gen.fpu_i/fpu_gen.i_fpnew_bulk/gen_operation_groups[3].i_opgroup_block/gen_merged_slice.i_multifmt_slice/gen_num_lanes[0].active_lane.lane_instance.i_fpnew_cast_multi/mem_q_reg[7][sbe][result][59]_i_28/O[2]
                         net (fo=6, unplaced)         0.381    13.986    i_ariane/i_cva6/ex_stage_i/fpu_gen.fpu_i/fpu_gen.i_fpnew_bulk/gen_operation_groups[3].i_opgroup_block/gen_merged_slice.i_multifmt_slice/gen_num_lanes[0].active_lane.lane_instance.i_fpnew_cast_multi/rounded_abs[58]
                         LUT1 (Prop_lut1_I0_O)        0.244    14.230 r  i_ariane/i_cva6/ex_stage_i/fpu_gen.fpu_i/fpu_gen.i_fpnew_bulk/gen_operation_groups[3].i_opgroup_block/gen_merged_slice.i_multifmt_slice/gen_num_lanes[0].active_lane.lane_instance.i_fpnew_cast_multi/mem_q[7][sbe][result][60]_i_105/O
                         net (fo=1, unplaced)         0.000    14.230    i_ariane/i_cva6/ex_stage_i/fpu_gen.fpu_i/fpu_gen.i_fpnew_bulk/gen_operation_groups[3].i_opgroup_block/gen_merged_slice.i_multifmt_slice/gen_num_lanes[0].active_lane.lane_instance.i_fpnew_cast_multi/mem_q[7][sbe][result][60]_i_105_n_0
                         CARRY4 (Prop_carry4_S[1]_CO[3])
                                                      0.444    14.674 r  i_ariane/i_cva6/ex_stage_i/fpu_gen.fpu_i/fpu_gen.i_fpnew_bulk/gen_operation_groups[3].i_opgroup_block/gen_merged_slice.i_multifmt_slice/gen_num_lanes[0].active_lane.lane_instance.i_fpnew_cast_multi/mem_q_reg[7][sbe][result][60]_i_51/CO[3]
                         net (fo=1, unplaced)         0.000    14.674    i_ariane/i_cva6/ex_stage_i/fpu_gen.fpu_i/fpu_gen.i_fpnew_bulk/gen_operation_groups[3].i_opgroup_block/gen_merged_slice.i_multifmt_slice/gen_num_lanes[0].active_lane.lane_instance.i_fpnew_cast_multi/mem_q_reg[7][sbe][result][60]_i_51_n_0
                         CARRY4 (Prop_carry4_CI_O[1])
                                                      0.269    14.943 r  i_ariane/i_cva6/ex_stage_i/fpu_gen.fpu_i/fpu_gen.i_fpnew_bulk/gen_operation_groups[3].i_opgroup_block/gen_merged_slice.i_multifmt_slice/gen_num_lanes[0].active_lane.lane_instance.i_fpnew_cast_multi/mem_q_reg[7][sbe][result][62]_i_30/O[1]
                         net (fo=2, unplaced)         0.251    15.194    i_ariane/i_cva6/ex_stage_i/fpu_gen.fpu_i/fpu_gen.i_fpnew_bulk/gen_operation_groups[3].i_opgroup_block/gen_merged_slice.i_multifmt_slice/gen_num_lanes[0].active_lane.lane_instance.i_fpnew_cast_multi/rounded_int_res0[62]
                         LUT3 (Prop_lut3_I0_O)        0.245    15.439 r  i_ariane/i_cva6/ex_stage_i/fpu_gen.fpu_i/fpu_gen.i_fpnew_bulk/gen_operation_groups[3].i_opgroup_block/gen_merged_slice.i_multifmt_slice/gen_num_lanes[0].active_lane.lane_instance.i_fpnew_cast_multi/mem_q[7][sbe][ex][cause][0]_i_211/O
                         net (fo=2, unplaced)         0.358    15.797    i_ariane/i_cva6/ex_stage_i/fpu_gen.fpu_i/fpu_gen.i_fpnew_bulk/gen_operation_groups[3].i_opgroup_block/gen_merged_slice.i_multifmt_slice/gen_num_lanes[0].active_lane.lane_instance.i_fpnew_cast_multi/mem_q[7][sbe][ex][cause][0]_i_211_n_0
                         LUT5 (Prop_lut5_I1_O)        0.105    15.902 f  i_ariane/i_cva6/ex_stage_i/fpu_gen.fpu_i/fpu_gen.i_fpnew_bulk/gen_operation_groups[3].i_opgroup_block/gen_merged_slice.i_multifmt_slice/gen_num_lanes[0].active_lane.lane_instance.i_fpnew_cast_multi/mem_q[7][sbe][ex][cause][4]_i_80/O
                         net (fo=1, unplaced)         0.000    15.902    i_ariane/i_cva6/ex_stage_i/fpu_gen.fpu_i/fpu_gen.i_fpnew_bulk/gen_operation_groups[3].i_opgroup_block/gen_merged_slice.i_multifmt_slice/gen_num_lanes[0].active_lane.lane_instance.i_fpnew_cast_multi/mem_q[7][sbe][ex][cause][4]_i_80_n_0
                         MUXF7 (Prop_muxf7_I1_O)      0.206    16.108 f  i_ariane/i_cva6/ex_stage_i/fpu_gen.fpu_i/fpu_gen.i_fpnew_bulk/gen_operation_groups[3].i_opgroup_block/gen_merged_slice.i_multifmt_slice/gen_num_lanes[0].active_lane.lane_instance.i_fpnew_cast_multi/mem_q_reg[7][sbe][ex][cause][4]_i_52/O
                         net (fo=1, unplaced)         0.349    16.457    i_ariane/i_cva6/ex_stage_i/fpu_gen.fpu_i/fpu_gen.i_fpnew_bulk/gen_operation_groups[3].i_opgroup_block/gen_merged_slice.i_multifmt_slice/gen_num_lanes[0].active_lane.lane_instance.i_fpnew_cast_multi/mem_q_reg[7][sbe][ex][cause][4]_i_52_n_0
                         LUT6 (Prop_lut6_I0_O)        0.242    16.699 f  i_ariane/i_cva6/ex_stage_i/fpu_gen.fpu_i/fpu_gen.i_fpnew_bulk/gen_operation_groups[3].i_opgroup_block/gen_merged_slice.i_multifmt_slice/gen_num_lanes[0].active_lane.lane_instance.i_fpnew_cast_multi/mem_q[7][sbe][ex][cause][4]_i_36/O
                         net (fo=1, unplaced)         0.347    17.046    i_ariane/i_cva6/ex_stage_i/fpu_gen.fpu_i/fpu_gen.i_fpnew_bulk/gen_operation_groups[3].i_opgroup_block/gen_merged_slice.i_multifmt_slice/gen_num_lanes[0].active_lane.lane_instance.i_fpnew_cast_multi/of_after_round
                         LUT6 (Prop_lut6_I5_O)        0.105    17.151 f  i_ariane/i_cva6/ex_stage_i/fpu_gen.fpu_i/fpu_gen.i_fpnew_bulk/gen_operation_groups[3].i_opgroup_block/gen_merged_slice.i_multifmt_slice/gen_num_lanes[0].active_lane.lane_instance.i_fpnew_cast_multi/mem_q[7][sbe][ex][cause][4]_i_28/O
                         net (fo=3, unplaced)         0.365    17.516    i_ariane/i_cva6/ex_stage_i/fpu_gen.fpu_i/fpu_gen.i_fpnew_bulk/gen_operation_groups[3].i_opgroup_block/gen_merged_slice.i_multifmt_slice/gen_num_lanes[0].active_lane.lane_instance.i_fpnew_cast_multi/int_regular_status[NV]
                         LUT6 (Prop_lut6_I0_O)        0.105    17.621 f  i_ariane/i_cva6/ex_stage_i/fpu_gen.fpu_i/fpu_gen.i_fpnew_bulk/gen_operation_groups[3].i_opgroup_block/gen_merged_slice.i_multifmt_slice/gen_num_lanes[0].active_lane.lane_instance.i_fpnew_cast_multi/mem_q[7][sbe][ex][cause][0]_i_9/O
                         net (fo=66, unplaced)        0.436    18.057    i_ariane/i_cva6/ex_stage_i/fpu_gen.fpu_i/fpu_gen.i_fpnew_bulk/gen_operation_groups[3].i_opgroup_block/gen_merged_slice.i_multifmt_slice/gen_num_lanes[0].active_lane.lane_instance.i_fpnew_cast_multi/int_result_is_special
                         LUT6 (Prop_lut6_I4_O)        0.105    18.162 r  i_ariane/i_cva6/ex_stage_i/fpu_gen.fpu_i/fpu_gen.i_fpnew_bulk/gen_operation_groups[3].i_opgroup_block/gen_merged_slice.i_multifmt_slice/gen_num_lanes[0].active_lane.lane_instance.i_fpnew_cast_multi/mem_q[7][sbe][result][63]_i_32/O
                         net (fo=2, unplaced)         0.358    18.520    i_ariane/i_cva6/ex_stage_i/fpu_gen.fpu_i/fpu_gen.i_fpnew_bulk/gen_operation_groups[3].i_opgroup_block/gen_merged_slice.i_multifmt_slice/gen_num_lanes[0].active_lane.lane_instance.i_fpnew_cast_multi/int_result[63]
                         LUT2 (Prop_lut2_I0_O)        0.105    18.625 r  i_ariane/i_cva6/ex_stage_i/fpu_gen.fpu_i/fpu_gen.i_fpnew_bulk/gen_operation_groups[3].i_opgroup_block/gen_merged_slice.i_multifmt_slice/gen_num_lanes[0].active_lane.lane_instance.i_fpnew_cast_multi/mem_q[7][sbe][result][50]_i_13/O
                         net (fo=21, unplaced)        0.408    19.033    i_ariane/i_cva6/ex_stage_i/fpu_gen.fpu_i/fpu_gen.i_fpnew_bulk/gen_operation_groups[3].i_opgroup_block/gen_merged_slice.i_multifmt_slice/gen_num_lanes[0].active_lane.lane_instance.i_fpnew_cast_multi/mem_q[7][sbe][result][50]_i_13_n_0
                         LUT5 (Prop_lut5_I0_O)        0.105    19.138 r  i_ariane/i_cva6/ex_stage_i/fpu_gen.fpu_i/fpu_gen.i_fpnew_bulk/gen_operation_groups[3].i_opgroup_block/gen_merged_slice.i_multifmt_slice/gen_num_lanes[0].active_lane.lane_instance.i_fpnew_cast_multi/mem_q[7][sbe][result][50]_i_5/O
                         net (fo=40, unplaced)        0.424    19.562    i_ariane/i_cva6/ex_stage_i/fpu_gen.fpu_i/fpu_gen.i_fpnew_bulk/gen_operation_groups[3].i_opgroup_block/gen_merged_slice.i_multifmt_slice/gen_num_lanes[0].active_lane.lane_instance.i_fpnew_cast_multi/mem_q[7][sbe][result][50]_i_5_n_0
                         LUT6 (Prop_lut6_I5_O)        0.105    19.667 r  i_ariane/i_cva6/ex_stage_i/fpu_gen.fpu_i/fpu_gen.i_fpnew_bulk/gen_operation_groups[3].i_opgroup_block/gen_merged_slice.i_multifmt_slice/gen_num_lanes[0].active_lane.lane_instance.i_fpnew_cast_multi/mem_q[7][sbe][result][63]_i_15/O
                         net (fo=1, unplaced)         0.347    20.014    i_ariane/i_cva6/ex_stage_i/fpu_gen.fpu_i/fpu_gen.i_fpnew_bulk/gen_operation_groups[2].i_opgroup_block/gen_parallel_slices[0].active_format.i_fmt_slice/gen_num_lanes[0].active_lane.lane_instance.i_noncomp/opgrp_outputs[3][result][0]
                         LUT6 (Prop_lut6_I0_O)        0.105    20.119 r  i_ariane/i_cva6/ex_stage_i/fpu_gen.fpu_i/fpu_gen.i_fpnew_bulk/gen_operation_groups[2].i_opgroup_block/gen_parallel_slices[0].active_format.i_fmt_slice/gen_num_lanes[0].active_lane.lane_instance.i_noncomp/mem_q[7][sbe][result][63]_i_8/O
                         net (fo=1, unplaced)         0.000    20.119    i_ariane/i_cva6/ex_stage_i/fpu_gen.fpu_i/fpu_gen.i_fpnew_bulk/gen_operation_groups[0].i_opgroup_block/gen_parallel_slices[0].active_format.i_fmt_slice/gen_num_lanes[0].active_lane.lane_instance.i_fma/gen_arbiter.data_nodes[2][result][44]
                         MUXF7 (Prop_muxf7_I1_O)      0.206    20.325 r  i_ariane/i_cva6/ex_stage_i/fpu_gen.fpu_i/fpu_gen.i_fpnew_bulk/gen_operation_groups[0].i_opgroup_block/gen_parallel_slices[0].active_format.i_fmt_slice/gen_num_lanes[0].active_lane.lane_instance.i_fma/mem_q_reg[7][sbe][result][63]_i_4/O
                         net (fo=14, unplaced)        0.400    20.725    i_ariane/i_cva6/ex_stage_i/fpu_gen.fpu_i/fpu_gen.i_fpnew_bulk/gen_operation_groups[0].i_opgroup_block/gen_parallel_slices[0].active_format.i_fmt_slice/gen_num_lanes[0].active_lane.lane_instance.i_fma/gen_arbiter.gen_int_rr.rr_q_reg[1]_4
                         LUT2 (Prop_lut2_I0_O)        0.242    20.967 f  i_ariane/i_cva6/ex_stage_i/fpu_gen.fpu_i/fpu_gen.i_fpnew_bulk/gen_operation_groups[0].i_opgroup_block/gen_parallel_slices[0].active_format.i_fmt_slice/gen_num_lanes[0].active_lane.lane_instance.i_fma/fu_data_q[0][operand_a][63]_i_54/O
                         net (fo=3, unplaced)         0.365    21.332    i_ariane/i_cva6/ex_stage_i/fpu_gen.fpu_i/fpu_gen.i_fpnew_bulk/gen_operation_groups[3].i_opgroup_block/gen_merged_slice.i_multifmt_slice/gen_num_lanes[0].active_lane.lane_instance.i_fpnew_cast_multi/fu_data_q[0][imm][63]_i_10
                         LUT6 (Prop_lut6_I5_O)        0.105    21.437 f  i_ariane/i_cva6/ex_stage_i/fpu_gen.fpu_i/fpu_gen.i_fpnew_bulk/gen_operation_groups[3].i_opgroup_block/gen_merged_slice.i_multifmt_slice/gen_num_lanes[0].active_lane.lane_instance.i_fpnew_cast_multi/fu_data_q[0][operand_a][63]_i_24/O
                         net (fo=3, unplaced)         0.365    21.802    i_ariane/i_cva6/ex_stage_i/fpu_gen.fpu_i/fpu_gen.i_fpnew_bulk/gen_operation_groups[0].i_opgroup_block/gen_parallel_slices[0].active_format.i_fmt_slice/gen_num_lanes[0].active_lane.lane_instance.i_fma/fu_data_q_reg[0][operand_b][63]_i_5_0
                         LUT6 (Prop_lut6_I3_O)        0.105    21.907 f  i_ariane/i_cva6/ex_stage_i/fpu_gen.fpu_i/fpu_gen.i_fpnew_bulk/gen_operation_groups[0].i_opgroup_block/gen_parallel_slices[0].active_format.i_fmt_slice/gen_num_lanes[0].active_lane.lane_instance.i_fma/fu_data_q[0][operand_a][63]_i_7/O
                         net (fo=1, unplaced)         0.000    21.907    i_ariane/i_cva6/ex_stage_i/fpu_gen.fpu_i/fpu_gen.i_fpnew_bulk/gen_operation_groups[3].i_opgroup_block/gen_merged_slice.i_multifmt_slice/gen_num_lanes[0].active_lane.lane_instance.i_fpnew_cast_multi/fu_data_q_reg[0][operand_a][63]_0
                         MUXF7 (Prop_muxf7_I1_O)      0.206    22.113 f  i_ariane/i_cva6/ex_stage_i/fpu_gen.fpu_i/fpu_gen.i_fpnew_bulk/gen_operation_groups[3].i_opgroup_block/gen_merged_slice.i_multifmt_slice/gen_num_lanes[0].active_lane.lane_instance.i_fpnew_cast_multi/fu_data_q_reg[0][operand_a][63]_i_2/O
                         net (fo=1, unplaced)         0.349    22.462    i_ariane/i_cva6/id_stage_i/fu_data_q_reg[0][operand_a][63]
                         LUT6 (Prop_lut6_I0_O)        0.242    22.704 r  i_ariane/i_cva6/id_stage_i/fu_data_q[0][operand_a][63]_i_1/O
                         net (fo=2, unplaced)         0.000    22.704    i_ariane/i_cva6/ex_stage_i/vaddr_to_be_flushed_reg[63]_0[63]
                         FDCE                                         r  i_ariane/i_cva6/ex_stage_i/vaddr_to_be_flushed_reg[63]/D
  -------------------------------------------------------------------    -------------------

                         (clock clk_i rise edge)     10.000    10.000 r  
                                                      0.000    10.000 r  clk_i (IN)
                         net (fo=33654, unset)        0.748    10.748    i_ariane/i_cva6/ex_stage_i/clk_i
                         FDCE                                         r  i_ariane/i_cva6/ex_stage_i/vaddr_to_be_flushed_reg[63]/C
                         clock pessimism              0.000    10.748    
                         clock uncertainty           -0.035    10.712    
                         FDCE (Setup_fdce_C_D)        0.043    10.755    i_ariane/i_cva6/ex_stage_i/vaddr_to_be_flushed_reg[63]
  -------------------------------------------------------------------
                         required time                         10.755    
                         arrival time                         -22.704    
  -------------------------------------------------------------------
                         slack                                -11.949    

Slack (VIOLATED) :        -11.949ns  (required time - arrival time)
  Source:                 i_ariane/i_cva6/ex_stage_i/fpu_gen.fpu_i/fpu_gen.i_fpnew_bulk/gen_operation_groups[3].i_opgroup_block/gen_merged_slice.i_multifmt_slice/gen_num_lanes[0].active_lane.lane_instance.i_fpnew_cast_multi/gen_inside_pipeline[0].mid_pipe_dst_fmt_q_reg[1][2]_rep/C
                            (rising edge-triggered cell FDCE clocked by clk_i  {rise@0.000ns fall@5.000ns period=10.000ns})
  Destination:            i_ariane/i_cva6/ex_stage_i/vaddr_to_be_flushed_reg[63]/D
                            (rising edge-triggered cell FDCE clocked by clk_i  {rise@0.000ns fall@5.000ns period=10.000ns})
  Path Group:             clk_i
  Path Type:              Setup (Max at Slow Process Corner)
  Requirement:            10.000ns  (clk_i rise@10.000ns - clk_i rise@0.000ns)
  Data Path Delay:        21.917ns  (logic 8.887ns (40.548%)  route 13.030ns (59.452%))
  Logic Levels:           52  (CARRY4=23 LUT1=1 LUT2=2 LUT3=2 LUT4=1 LUT5=4 LUT6=16 MUXF7=3)
  Clock Path Skew:        -0.039ns (DCD - SCD + CPR)
    Destination Clock Delay (DCD):    0.748ns = ( 10.748 - 10.000 ) 
    Source Clock Delay      (SCD):    0.787ns
    Clock Pessimism Removal (CPR):    0.000ns
  Clock Uncertainty:      0.035ns  ((TSJ^2 + TIJ^2)^1/2 + DJ) / 2 + PE
    Total System Jitter     (TSJ):    0.071ns
    Total Input Jitter      (TIJ):    0.000ns
    Discrete Jitter          (DJ):    0.000ns
    Phase Error              (PE):    0.000ns

    Location             Delay type                Incr(ns)  Path(ns)    Netlist Resource(s)
  -------------------------------------------------------------------    -------------------
                         (clock clk_i rise edge)      0.000     0.000 r  
                                                      0.000     0.000 r  clk_i (IN)
                         net (fo=33654, unset)        0.787     0.787    i_ariane/i_cva6/ex_stage_i/fpu_gen.fpu_i/fpu_gen.i_fpnew_bulk/gen_operation_groups[3].i_opgroup_block/gen_merged_slice.i_multifmt_slice/gen_num_lanes[0].active_lane.lane_instance.i_fpnew_cast_multi/clk_i
                         FDCE                                         r  i_ariane/i_cva6/ex_stage_i/fpu_gen.fpu_i/fpu_gen.i_fpnew_bulk/gen_operation_groups[3].i_opgroup_block/gen_merged_slice.i_multifmt_slice/gen_num_lanes[0].active_lane.lane_instance.i_fpnew_cast_multi/gen_inside_pipeline[0].mid_pipe_dst_fmt_q_reg[1][2]_rep/C
  -------------------------------------------------------------------    -------------------
                         FDCE (Prop_fdce_C_Q)         0.397     1.184 r  i_ariane/i_cva6/ex_stage_i/fpu_gen.fpu_i/fpu_gen.i_fpnew_bulk/gen_operation_groups[3].i_opgroup_block/gen_merged_slice.i_multifmt_slice/gen_num_lanes[0].active_lane.lane_instance.i_fpnew_cast_multi/gen_inside_pipeline[0].mid_pipe_dst_fmt_q_reg[1][2]_rep/Q
                         net (fo=165, unplaced)       0.737     1.921    i_ariane/i_cva6/ex_stage_i/fpu_gen.fpu_i/fpu_gen.i_fpnew_bulk/gen_operation_groups[3].i_opgroup_block/gen_merged_slice.i_multifmt_slice/gen_num_lanes[0].active_lane.lane_instance.i_fpnew_cast_multi/gen_inside_pipeline[0].mid_pipe_dst_fmt_q_reg[1][2]_rep_n_0
                         LUT3 (Prop_lut3_I0_O)        0.232     2.153 r  i_ariane/i_cva6/ex_stage_i/fpu_gen.fpu_i/fpu_gen.i_fpnew_bulk/gen_operation_groups[3].i_opgroup_block/gen_merged_slice.i_multifmt_slice/gen_num_lanes[0].active_lane.lane_instance.i_fpnew_cast_multi/mem_q[7][sbe][result][59]_i_188/O
                         net (fo=1, unplaced)         0.258     2.411    i_ariane/i_cva6/ex_stage_i/fpu_gen.fpu_i/fpu_gen.i_fpnew_bulk/gen_operation_groups[3].i_opgroup_block/gen_merged_slice.i_multifmt_slice/gen_num_lanes[0].active_lane.lane_instance.i_fpnew_cast_multi/preshift_mant3[0]
                         CARRY4 (Prop_carry4_CYINIT_CO[3])
                                                      0.494     2.905 r  i_ariane/i_cva6/ex_stage_i/fpu_gen.fpu_i/fpu_gen.i_fpnew_bulk/gen_operation_groups[3].i_opgroup_block/gen_merged_slice.i_multifmt_slice/gen_num_lanes[0].active_lane.lane_instance.i_fpnew_cast_multi/mem_q_reg[7][sbe][result][59]_i_177/CO[3]
                         net (fo=1, unplaced)         0.000     2.905    i_ariane/i_cva6/ex_stage_i/fpu_gen.fpu_i/fpu_gen.i_fpnew_bulk/gen_operation_groups[3].i_opgroup_block/gen_merged_slice.i_multifmt_slice/gen_num_lanes[0].active_lane.lane_instance.i_fpnew_cast_multi/mem_q_reg[7][sbe][result][59]_i_177_n_0
                         CARRY4 (Prop_carry4_CI_CO[3])
                                                      0.100     3.005 r  i_ariane/i_cva6/ex_stage_i/fpu_gen.fpu_i/fpu_gen.i_fpnew_bulk/gen_operation_groups[3].i_opgroup_block/gen_merged_slice.i_multifmt_slice/gen_num_lanes[0].active_lane.lane_instance.i_fpnew_cast_multi/mem_q_reg[7][sbe][ex][cause][4]_i_139/CO[3]
                         net (fo=1, unplaced)         0.000     3.005    i_ariane/i_cva6/ex_stage_i/fpu_gen.fpu_i/fpu_gen.i_fpnew_bulk/gen_operation_groups[3].i_opgroup_block/gen_merged_slice.i_multifmt_slice/gen_num_lanes[0].active_lane.lane_instance.i_fpnew_cast_multi/mem_q_reg[7][sbe][ex][cause][4]_i_139_n_0
                         CARRY4 (Prop_carry4_CI_O[1])
                                                      0.269     3.274 f  i_ariane/i_cva6/ex_stage_i/fpu_gen.fpu_i/fpu_gen.i_fpnew_bulk/gen_operation_groups[3].i_opgroup_block/gen_merged_slice.i_multifmt_slice/gen_num_lanes[0].active_lane.lane_instance.i_fpnew_cast_multi/mem_q_reg[7][sbe][ex][cause][4]_i_100/O[1]
                         net (fo=3, unplaced)         0.490     3.764    i_ariane/i_cva6/ex_stage_i/fpu_gen.fpu_i/fpu_gen.i_fpnew_bulk/gen_operation_groups[3].i_opgroup_block/gen_merged_slice.i_multifmt_slice/gen_num_lanes[0].active_lane.lane_instance.i_fpnew_cast_multi/mem_q_reg[7][sbe][ex][cause][4]_i_100_n_6
                         LUT4 (Prop_lut4_I1_O)        0.266     4.030 r  i_ariane/i_cva6/ex_stage_i/fpu_gen.fpu_i/fpu_gen.i_fpnew_bulk/gen_operation_groups[3].i_opgroup_block/gen_merged_slice.i_multifmt_slice/gen_num_lanes[0].active_lane.lane_instance.i_fpnew_cast_multi/mem_q[7][sbe][ex][cause][4]_i_94/O
                         net (fo=1, unplaced)         0.000     4.030    i_ariane/i_cva6/ex_stage_i/fpu_gen.fpu_i/fpu_gen.i_fpnew_bulk/gen_operation_groups[3].i_opgroup_block/gen_merged_slice.i_multifmt_slice/gen_num_lanes[0].active_lane.lane_instance.i_fpnew_cast_multi/mem_q[7][sbe][ex][cause][4]_i_94_n_0
                         CARRY4 (Prop_carry4_DI[1]_CO[3])
                                                      0.451     4.481 r  i_ariane/i_cva6/ex_stage_i/fpu_gen.fpu_i/fpu_gen.i_fpnew_bulk/gen_operation_groups[3].i_opgroup_block/gen_merged_slice.i_multifmt_slice/gen_num_lanes[0].active_lane.lane_instance.i_fpnew_cast_multi/mem_q_reg[7][sbe][ex][cause][4]_i_58/CO[3]
                         net (fo=1, unplaced)         0.000     4.481    i_ariane/i_cva6/ex_stage_i/fpu_gen.fpu_i/fpu_gen.i_fpnew_bulk/gen_operation_groups[3].i_opgroup_block/gen_merged_slice.i_multifmt_slice/gen_num_lanes[0].active_lane.lane_instance.i_fpnew_cast_multi/mem_q_reg[7][sbe][ex][cause][4]_i_58_n_0
                         CARRY4 (Prop_carry4_CI_CO[3])
                                                      0.100     4.581 r  i_ariane/i_cva6/ex_stage_i/fpu_gen.fpu_i/fpu_gen.i_fpnew_bulk/gen_operation_groups[3].i_opgroup_block/gen_merged_slice.i_multifmt_slice/gen_num_lanes[0].active_lane.lane_instance.i_fpnew_cast_multi/mem_q_reg[7][sbe][ex][cause][4]_i_40/CO[3]
                         net (fo=1, unplaced)         0.000     4.581    i_ariane/i_cva6/ex_stage_i/fpu_gen.fpu_i/fpu_gen.i_fpnew_bulk/gen_operation_groups[3].i_opgroup_block/gen_merged_slice.i_multifmt_slice/gen_num_lanes[0].active_lane.lane_instance.i_fpnew_cast_multi/mem_q_reg[7][sbe][ex][cause][4]_i_40_n_0
                         CARRY4 (Prop_carry4_CI_CO[3])
                                                      0.100     4.681 f  i_ariane/i_cva6/ex_stage_i/fpu_gen.fpu_i/fpu_gen.i_fpnew_bulk/gen_operation_groups[3].i_opgroup_block/gen_merged_slice.i_multifmt_slice/gen_num_lanes[0].active_lane.lane_instance.i_fpnew_cast_multi/mem_q_reg[7][sbe][ex][cause][4]_i_34/CO[3]
                         net (fo=146, unplaced)       0.719     5.400    i_ariane/i_cva6/ex_stage_i/fpu_gen.fpu_i/fpu_gen.i_fpnew_bulk/gen_operation_groups[3].i_opgroup_block/gen_merged_slice.i_multifmt_slice/gen_num_lanes[0].active_lane.lane_instance.i_fpnew_cast_multi/preshift_mant1
                         LUT5 (Prop_lut5_I2_O)        0.105     5.505 f  i_ariane/i_cva6/ex_stage_i/fpu_gen.fpu_i/fpu_gen.i_fpnew_bulk/gen_operation_groups[3].i_opgroup_block/gen_merged_slice.i_multifmt_slice/gen_num_lanes[0].active_lane.lane_instance.i_fpnew_cast_multi/mem_q[7][sbe][ex][cause][0]_i_331/O
                         net (fo=4, unplaced)         0.802     6.307    i_ariane/i_cva6/ex_stage_i/fpu_gen.fpu_i/fpu_gen.i_fpnew_bulk/gen_operation_groups[3].i_opgroup_block/gen_merged_slice.i_multifmt_slice/gen_num_lanes[0].active_lane.lane_instance.i_fpnew_cast_multi/preshift_mant[90]
                         LUT5 (Prop_lut5_I0_O)        0.105     6.412 f  i_ariane/i_cva6/ex_stage_i/fpu_gen.fpu_i/fpu_gen.i_fpnew_bulk/gen_operation_groups[3].i_opgroup_block/gen_merged_slice.i_multifmt_slice/gen_num_lanes[0].active_lane.lane_instance.i_fpnew_cast_multi/mem_q[7][sbe][ex][cause][0]_i_566/O
                         net (fo=4, unplaced)         0.606     7.018    i_ariane/i_cva6/ex_stage_i/fpu_gen.fpu_i/fpu_gen.i_fpnew_bulk/gen_operation_groups[3].i_opgroup_block/gen_merged_slice.i_multifmt_slice/gen_num_lanes[0].active_lane.lane_instance.i_fpnew_cast_multi/mem_q[7][sbe][ex][cause][0]_i_566_n_0
                         LUT6 (Prop_lut6_I1_O)        0.105     7.123 f  i_ariane/i_cva6/ex_stage_i/fpu_gen.fpu_i/fpu_gen.i_fpnew_bulk/gen_operation_groups[3].i_opgroup_block/gen_merged_slice.i_multifmt_slice/gen_num_lanes[0].active_lane.lane_instance.i_fpnew_cast_multi/mem_q[7][sbe][ex][cause][0]_i_415/O
                         net (fo=4, unplaced)         0.606     7.729    i_ariane/i_cva6/ex_stage_i/fpu_gen.fpu_i/fpu_gen.i_fpnew_bulk/gen_operation_groups[3].i_opgroup_block/gen_merged_slice.i_multifmt_slice/gen_num_lanes[0].active_lane.lane_instance.i_fpnew_cast_multi/mem_q[7][sbe][ex][cause][0]_i_415_n_0
                         LUT6 (Prop_lut6_I1_O)        0.105     7.834 f  i_ariane/i_cva6/ex_stage_i/fpu_gen.fpu_i/fpu_gen.i_fpnew_bulk/gen_operation_groups[3].i_opgroup_block/gen_merged_slice.i_multifmt_slice/gen_num_lanes[0].active_lane.lane_instance.i_fpnew_cast_multi/mem_q[7][sbe][ex][cause][0]_i_179/O
                         net (fo=3, unplaced)         0.796     8.630    i_ariane/i_cva6/ex_stage_i/fpu_gen.fpu_i/fpu_gen.i_fpnew_bulk/gen_operation_groups[3].i_opgroup_block/gen_merged_slice.i_multifmt_slice/gen_num_lanes[0].active_lane.lane_instance.i_fpnew_cast_multi/mem_q[7][sbe][ex][cause][0]_i_179_n_0
                         LUT6 (Prop_lut6_I0_O)        0.105     8.735 f  i_ariane/i_cva6/ex_stage_i/fpu_gen.fpu_i/fpu_gen.i_fpnew_bulk/gen_operation_groups[3].i_opgroup_block/gen_merged_slice.i_multifmt_slice/gen_num_lanes[0].active_lane.lane_instance.i_fpnew_cast_multi/mem_q[7][sbe][ex][cause][0]_i_225/O
                         net (fo=1, unplaced)         0.782     9.517    i_ariane/i_cva6/ex_stage_i/fpu_gen.fpu_i/fpu_gen.i_fpnew_bulk/gen_operation_groups[3].i_opgroup_block/gen_merged_slice.i_multifmt_slice/gen_num_lanes[0].active_lane.lane_instance.i_fpnew_cast_multi/mem_q[7][sbe][ex][cause][0]_i_225_n_0
                         LUT6 (Prop_lut6_I0_O)        0.105     9.622 f  i_ariane/i_cva6/ex_stage_i/fpu_gen.fpu_i/fpu_gen.i_fpnew_bulk/gen_operation_groups[3].i_opgroup_block/gen_merged_slice.i_multifmt_slice/gen_num_lanes[0].active_lane.lane_instance.i_fpnew_cast_multi/mem_q[7][sbe][ex][cause][0]_i_81/O
                         net (fo=1, unplaced)         0.778    10.400    i_ariane/i_cva6/ex_stage_i/fpu_gen.fpu_i/fpu_gen.i_fpnew_bulk/gen_operation_groups[3].i_opgroup_block/gen_merged_slice.i_multifmt_slice/gen_num_lanes[0].active_lane.lane_instance.i_fpnew_cast_multi/mem_q[7][sbe][ex][cause][0]_i_81_n_0
                         LUT6 (Prop_lut6_I1_O)        0.105    10.505 f  i_ariane/i_cva6/ex_stage_i/fpu_gen.fpu_i/fpu_gen.i_fpnew_bulk/gen_operation_groups[3].i_opgroup_block/gen_merged_slice.i_multifmt_slice/gen_num_lanes[0].active_lane.lane_instance.i_fpnew_cast_multi/mem_q[7][sbe][ex][cause][0]_i_25/O
                         net (fo=4, unplaced)         0.606    11.111    i_ariane/i_cva6/ex_stage_i/fpu_gen.fpu_i/fpu_gen.i_fpnew_bulk/gen_operation_groups[3].i_opgroup_block/gen_merged_slice.i_multifmt_slice/gen_num_lanes[0].active_lane.lane_instance.i_fpnew_cast_multi/fp_round_sticky_bits[0]
                         LUT6 (Prop_lut6_I0_O)        0.105    11.216 f  i_ariane/i_cva6/ex_stage_i/fpu_gen.fpu_i/fpu_gen.i_fpnew_bulk/gen_operation_groups[3].i_opgroup_block/gen_merged_slice.i_multifmt_slice/gen_num_lanes[0].active_lane.lane_instance.i_fpnew_cast_multi/mem_q[7][sbe][result][0]_i_174/O
                         net (fo=1, unplaced)         0.347    11.563    i_ariane/i_cva6/ex_stage_i/fpu_gen.fpu_i/fpu_gen.i_fpnew_bulk/gen_operation_groups[3].i_opgroup_block/gen_merged_slice.i_multifmt_slice/gen_num_lanes[0].active_lane.lane_instance.i_fpnew_cast_multi/mem_q[7][sbe][result][0]_i_174_n_0
                         LUT6 (Prop_lut6_I5_O)        0.105    11.668 r  i_ariane/i_cva6/ex_stage_i/fpu_gen.fpu_i/fpu_gen.i_fpnew_bulk/gen_operation_groups[3].i_opgroup_block/gen_merged_slice.i_multifmt_slice/gen_num_lanes[0].active_lane.lane_instance.i_fpnew_cast_multi/mem_q[7][sbe][result][0]_i_114/O
                         net (fo=1, unplaced)         0.000    11.668    i_ariane/i_cva6/ex_stage_i/fpu_gen.fpu_i/fpu_gen.i_fpnew_bulk/gen_operation_groups[3].i_opgroup_block/gen_merged_slice.i_multifmt_slice/gen_num_lanes[0].active_lane.lane_instance.i_fpnew_cast_multi/mem_q[7][sbe][result][0]_i_114_n_0
                         CARRY4 (Prop_carry4_S[0]_CO[3])
                                                      0.423    12.091 r  i_ariane/i_cva6/ex_stage_i/fpu_gen.fpu_i/fpu_gen.i_fpnew_bulk/gen_operation_groups[3].i_opgroup_block/gen_merged_slice.i_multifmt_slice/gen_num_lanes[0].active_lane.lane_instance.i_fpnew_cast_multi/mem_q_reg[7][sbe][result][0]_i_66/CO[3]
                         net (fo=1, unplaced)         0.000    12.091    i_ariane/i_cva6/ex_stage_i/fpu_gen.fpu_i/fpu_gen.i_fpnew_bulk/gen_operation_groups[3].i_opgroup_block/gen_merged_slice.i_multifmt_slice/gen_num_lanes[0].active_lane.lane_instance.i_fpnew_cast_multi/mem_q_reg[7][sbe][result][0]_i_66_n_0
                         CARRY4 (Prop_carry4_CI_CO[3])
                                                      0.100    12.191 r  i_ariane/i_cva6/ex_stage_i/fpu_gen.fpu_i/fpu_gen.i_fpnew_bulk/gen_operation_groups[3].i_opgroup_block/gen_merged_slice.i_multifmt_slice/gen_num_lanes[0].active_lane.lane_instance.i_fpnew_cast_multi/mem_q_reg[7][sbe][result][7]_i_77/CO[3]
                         net (fo=1, unplaced)         0.000    12.191    i_ariane/i_cva6/ex_stage_i/fpu_gen.fpu_i/fpu_gen.i_fpnew_bulk/gen_operation_groups[3].i_opgroup_block/gen_merged_slice.i_multifmt_slice/gen_num_lanes[0].active_lane.lane_instance.i_fpnew_cast_multi/mem_q_reg[7][sbe][result][7]_i_77_n_0
                         CARRY4 (Prop_carry4_CI_CO[3])
                                                      0.100    12.291 r  i_ariane/i_cva6/ex_stage_i/fpu_gen.fpu_i/fpu_gen.i_fpnew_bulk/gen_operation_groups[3].i_opgroup_block/gen_merged_slice.i_multifmt_slice/gen_num_lanes[0].active_lane.lane_instance.i_fpnew_cast_multi/mem_q_reg[7][sbe][result][11]_i_56/CO[3]
                         net (fo=1, unplaced)         0.000    12.291    i_ariane/i_cva6/ex_stage_i/fpu_gen.fpu_i/fpu_gen.i_fpnew_bulk/gen_operation_groups[3].i_opgroup_block/gen_merged_slice.i_multifmt_slice/gen_num_lanes[0].active_lane.lane_instance.i_fpnew_cast_multi/mem_q_reg[7][sbe][result][11]_i_56_n_0
                         CARRY4 (Prop_carry4_CI_CO[3])
                                                      0.100    12.391 r  i_ariane/i_cva6/ex_stage_i/fpu_gen.fpu_i/fpu_gen.i_fpnew_bulk/gen_operation_groups[3].i_opgroup_block/gen_merged_slice.i_multifmt_slice/gen_num_lanes[0].active_lane.lane_instance.i_fpnew_cast_multi/mem_q_reg[7][sbe][result][15]_i_77/CO[3]
                         net (fo=1, unplaced)         0.000    12.391    i_ariane/i_cva6/ex_stage_i/fpu_gen.fpu_i/fpu_gen.i_fpnew_bulk/gen_operation_groups[3].i_opgroup_block/gen_merged_slice.i_multifmt_slice/gen_num_lanes[0].active_lane.lane_instance.i_fpnew_cast_multi/mem_q_reg[7][sbe][result][15]_i_77_n_0
                         CARRY4 (Prop_carry4_CI_CO[3])
                                                      0.100    12.491 r  i_ariane/i_cva6/ex_stage_i/fpu_gen.fpu_i/fpu_gen.i_fpnew_bulk/gen_operation_groups[3].i_opgroup_block/gen_merged_slice.i_multifmt_slice/gen_num_lanes[0].active_lane.lane_instance.i_fpnew_cast_multi/mem_q_reg[7][sbe][result][19]_i_57/CO[3]
                         net (fo=1, unplaced)         0.000    12.491    i_ariane/i_cva6/ex_stage_i/fpu_gen.fpu_i/fpu_gen.i_fpnew_bulk/gen_operation_groups[3].i_opgroup_block/gen_merged_slice.i_multifmt_slice/gen_num_lanes[0].active_lane.lane_instance.i_fpnew_cast_multi/mem_q_reg[7][sbe][result][19]_i_57_n_0
                         CARRY4 (Prop_carry4_CI_CO[3])
                                                      0.100    12.591 f  i_ariane/i_cva6/ex_stage_i/fpu_gen.fpu_i/fpu_gen.i_fpnew_bulk/gen_operation_groups[3].i_opgroup_block/gen_merged_slice.i_multifmt_slice/gen_num_lanes[0].active_lane.lane_instance.i_fpnew_cast_multi/mem_q_reg[7][sbe][result][23]_i_77/CO[3]
                         net (fo=1, unplaced)         0.000    12.591    i_ariane/i_cva6/ex_stage_i/fpu_gen.fpu_i/fpu_gen.i_fpnew_bulk/gen_operation_groups[3].i_opgroup_block/gen_merged_slice.i_multifmt_slice/gen_num_lanes[0].active_lane.lane_instance.i_fpnew_cast_multi/mem_q_reg[7][sbe][result][23]_i_77_n_0
                         CARRY4 (Prop_carry4_CI_CO[3])
                                                      0.100    12.691 r  i_ariane/i_cva6/ex_stage_i/fpu_gen.fpu_i/fpu_gen.i_fpnew_bulk/gen_operation_groups[3].i_opgroup_block/gen_merged_slice.i_multifmt_slice/gen_num_lanes[0].active_lane.lane_instance.i_fpnew_cast_multi/mem_q_reg[7][sbe][ex][cause][1]_i_27/CO[3]
                         net (fo=1, unplaced)         0.000    12.691    i_ariane/i_cva6/ex_stage_i/fpu_gen.fpu_i/fpu_gen.i_fpnew_bulk/gen_operation_groups[3].i_opgroup_block/gen_merged_slice.i_multifmt_slice/gen_num_lanes[0].active_lane.lane_instance.i_fpnew_cast_multi/mem_q_reg[7][sbe][ex][cause][1]_i_27_n_0
                         CARRY4 (Prop_carry4_CI_CO[3])
                                                      0.100    12.791 r  i_ariane/i_cva6/ex_stage_i/fpu_gen.fpu_i/fpu_gen.i_fpnew_bulk/gen_operation_groups[3].i_opgroup_block/gen_merged_slice.i_multifmt_slice/gen_num_lanes[0].active_lane.lane_instance.i_fpnew_cast_multi/mem_q_reg[7][sbe][result][35]_i_47/CO[3]
                         net (fo=1, unplaced)         0.000    12.791    i_ariane/i_cva6/ex_stage_i/fpu_gen.fpu_i/fpu_gen.i_fpnew_bulk/gen_operation_groups[3].i_opgroup_block/gen_merged_slice.i_multifmt_slice/gen_num_lanes[0].active_lane.lane_instance.i_fpnew_cast_multi/mem_q_reg[7][sbe][result][35]_i_47_n_0
                         CARRY4 (Prop_carry4_CI_CO[3])
                                                      0.100    12.891 r  i_ariane/i_cva6/ex_stage_i/fpu_gen.fpu_i/fpu_gen.i_fpnew_bulk/gen_operation_groups[3].i_opgroup_block/gen_merged_slice.i_multifmt_slice/gen_num_lanes[0].active_lane.lane_instance.i_fpnew_cast_multi/mem_q_reg[7][sbe][result][35]_i_27/CO[3]
                         net (fo=1, unplaced)         0.000    12.891    i_ariane/i_cva6/ex_stage_i/fpu_gen.fpu_i/fpu_gen.i_fpnew_bulk/gen_operation_groups[3].i_opgroup_block/gen_merged_slice.i_multifmt_slice/gen_num_lanes[0].active_lane.lane_instance.i_fpnew_cast_multi/mem_q_reg[7][sbe][result][35]_i_27_n_0
                         CARRY4 (Prop_carry4_CI_CO[3])
                                                      0.100    12.991 r  i_ariane/i_cva6/ex_stage_i/fpu_gen.fpu_i/fpu_gen.i_fpnew_bulk/gen_operation_groups[3].i_opgroup_block/gen_merged_slice.i_multifmt_slice/gen_num_lanes[0].active_lane.lane_instance.i_fpnew_cast_multi/mem_q_reg[7][sbe][result][39]_i_16/CO[3]
                         net (fo=1, unplaced)         0.000    12.991    i_ariane/i_cva6/ex_stage_i/fpu_gen.fpu_i/fpu_gen.i_fpnew_bulk/gen_operation_groups[3].i_opgroup_block/gen_merged_slice.i_multifmt_slice/gen_num_lanes[0].active_lane.lane_instance.i_fpnew_cast_multi/mem_q_reg[7][sbe][result][39]_i_16_n_0
                         CARRY4 (Prop_carry4_CI_CO[3])
                                                      0.100    13.091 r  i_ariane/i_cva6/ex_stage_i/fpu_gen.fpu_i/fpu_gen.i_fpnew_bulk/gen_operation_groups[3].i_opgroup_block/gen_merged_slice.i_multifmt_slice/gen_num_lanes[0].active_lane.lane_instance.i_fpnew_cast_multi/mem_q_reg[7][sbe][result][43]_i_18/CO[3]
                         net (fo=1, unplaced)         0.000    13.091    i_ariane/i_cva6/ex_stage_i/fpu_gen.fpu_i/fpu_gen.i_fpnew_bulk/gen_operation_groups[3].i_opgroup_block/gen_merged_slice.i_multifmt_slice/gen_num_lanes[0].active_lane.lane_instance.i_fpnew_cast_multi/mem_q_reg[7][sbe][result][43]_i_18_n_0
                         CARRY4 (Prop_carry4_CI_CO[3])
                                                      0.100    13.191 r  i_ariane/i_cva6/ex_stage_i/fpu_gen.fpu_i/fpu_gen.i_fpnew_bulk/gen_operation_groups[3].i_opgroup_block/gen_merged_slice.i_multifmt_slice/gen_num_lanes[0].active_lane.lane_instance.i_fpnew_cast_multi/mem_q_reg[7][sbe][result][47]_i_21/CO[3]
                         net (fo=1, unplaced)         0.000    13.191    i_ariane/i_cva6/ex_stage_i/fpu_gen.fpu_i/fpu_gen.i_fpnew_bulk/gen_operation_groups[3].i_opgroup_block/gen_merged_slice.i_multifmt_slice/gen_num_lanes[0].active_lane.lane_instance.i_fpnew_cast_multi/mem_q_reg[7][sbe][result][47]_i_21_n_0
                         CARRY4 (Prop_carry4_CI_CO[3])
                                                      0.100    13.291 r  i_ariane/i_cva6/ex_stage_i/fpu_gen.fpu_i/fpu_gen.i_fpnew_bulk/gen_operation_groups[3].i_opgroup_block/gen_merged_slice.i_multifmt_slice/gen_num_lanes[0].active_lane.lane_instance.i_fpnew_cast_multi/mem_q_reg[7][sbe][result][50]_i_20/CO[3]
                         net (fo=1, unplaced)         0.000    13.291    i_ariane/i_cva6/ex_stage_i/fpu_gen.fpu_i/fpu_gen.i_fpnew_bulk/gen_operation_groups[3].i_opgroup_block/gen_merged_slice.i_multifmt_slice/gen_num_lanes[0].active_lane.lane_instance.i_fpnew_cast_multi/mem_q_reg[7][sbe][result][50]_i_20_n_0
                         CARRY4 (Prop_carry4_CI_CO[3])
                                                      0.100    13.391 r  i_ariane/i_cva6/ex_stage_i/fpu_gen.fpu_i/fpu_gen.i_fpnew_bulk/gen_operation_groups[3].i_opgroup_block/gen_merged_slice.i_multifmt_slice/gen_num_lanes[0].active_lane.lane_instance.i_fpnew_cast_multi/mem_q_reg[7][sbe][result][55]_i_25/CO[3]
                         net (fo=1, unplaced)         0.000    13.391    i_ariane/i_cva6/ex_stage_i/fpu_gen.fpu_i/fpu_gen.i_fpnew_bulk/gen_operation_groups[3].i_opgroup_block/gen_merged_slice.i_multifmt_slice/gen_num_lanes[0].active_lane.lane_instance.i_fpnew_cast_multi/mem_q_reg[7][sbe][result][55]_i_25_n_0
                         CARRY4 (Prop_carry4_CI_O[2])
                                                      0.214    13.605 f  i_ariane/i_cva6/ex_stage_i/fpu_gen.fpu_i/fpu_gen.i_fpnew_bulk/gen_operation_groups[3].i_opgroup_block/gen_merged_slice.i_multifmt_slice/gen_num_lanes[0].active_lane.lane_instance.i_fpnew_cast_multi/mem_q_reg[7][sbe][result][59]_i_28/O[2]
                         net (fo=6, unplaced)         0.381    13.986    i_ariane/i_cva6/ex_stage_i/fpu_gen.fpu_i/fpu_gen.i_fpnew_bulk/gen_operation_groups[3].i_opgroup_block/gen_merged_slice.i_multifmt_slice/gen_num_lanes[0].active_lane.lane_instance.i_fpnew_cast_multi/rounded_abs[58]
                         LUT1 (Prop_lut1_I0_O)        0.244    14.230 r  i_ariane/i_cva6/ex_stage_i/fpu_gen.fpu_i/fpu_gen.i_fpnew_bulk/gen_operation_groups[3].i_opgroup_block/gen_merged_slice.i_multifmt_slice/gen_num_lanes[0].active_lane.lane_instance.i_fpnew_cast_multi/mem_q[7][sbe][result][60]_i_105/O
                         net (fo=1, unplaced)         0.000    14.230    i_ariane/i_cva6/ex_stage_i/fpu_gen.fpu_i/fpu_gen.i_fpnew_bulk/gen_operation_groups[3].i_opgroup_block/gen_merged_slice.i_multifmt_slice/gen_num_lanes[0].active_lane.lane_instance.i_fpnew_cast_multi/mem_q[7][sbe][result][60]_i_105_n_0
                         CARRY4 (Prop_carry4_S[1]_CO[3])
                                                      0.444    14.674 r  i_ariane/i_cva6/ex_stage_i/fpu_gen.fpu_i/fpu_gen.i_fpnew_bulk/gen_operation_groups[3].i_opgroup_block/gen_merged_slice.i_multifmt_slice/gen_num_lanes[0].active_lane.lane_instance.i_fpnew_cast_multi/mem_q_reg[7][sbe][result][60]_i_51/CO[3]
                         net (fo=1, unplaced)         0.000    14.674    i_ariane/i_cva6/ex_stage_i/fpu_gen.fpu_i/fpu_gen.i_fpnew_bulk/gen_operation_groups[3].i_opgroup_block/gen_merged_slice.i_multifmt_slice/gen_num_lanes[0].active_lane.lane_instance.i_fpnew_cast_multi/mem_q_reg[7][sbe][result][60]_i_51_n_0
                         CARRY4 (Prop_carry4_CI_O[1])
                                                      0.269    14.943 r  i_ariane/i_cva6/ex_stage_i/fpu_gen.fpu_i/fpu_gen.i_fpnew_bulk/gen_operation_groups[3].i_opgroup_block/gen_merged_slice.i_multifmt_slice/gen_num_lanes[0].active_lane.lane_instance.i_fpnew_cast_multi/mem_q_reg[7][sbe][result][62]_i_30/O[1]
                         net (fo=2, unplaced)         0.251    15.194    i_ariane/i_cva6/ex_stage_i/fpu_gen.fpu_i/fpu_gen.i_fpnew_bulk/gen_operation_groups[3].i_opgroup_block/gen_merged_slice.i_multifmt_slice/gen_num_lanes[0].active_lane.lane_instance.i_fpnew_cast_multi/rounded_int_res0[62]
                         LUT3 (Prop_lut3_I0_O)        0.245    15.439 r  i_ariane/i_cva6/ex_stage_i/fpu_gen.fpu_i/fpu_gen.i_fpnew_bulk/gen_operation_groups[3].i_opgroup_block/gen_merged_slice.i_multifmt_slice/gen_num_lanes[0].active_lane.lane_instance.i_fpnew_cast_multi/mem_q[7][sbe][ex][cause][0]_i_211/O
                         net (fo=2, unplaced)         0.358    15.797    i_ariane/i_cva6/ex_stage_i/fpu_gen.fpu_i/fpu_gen.i_fpnew_bulk/gen_operation_groups[3].i_opgroup_block/gen_merged_slice.i_multifmt_slice/gen_num_lanes[0].active_lane.lane_instance.i_fpnew_cast_multi/mem_q[7][sbe][ex][cause][0]_i_211_n_0
                         LUT5 (Prop_lut5_I1_O)        0.105    15.902 f  i_ariane/i_cva6/ex_stage_i/fpu_gen.fpu_i/fpu_gen.i_fpnew_bulk/gen_operation_groups[3].i_opgroup_block/gen_merged_slice.i_multifmt_slice/gen_num_lanes[0].active_lane.lane_instance.i_fpnew_cast_multi/mem_q[7][sbe][ex][cause][4]_i_80/O
                         net (fo=1, unplaced)         0.000    15.902    i_ariane/i_cva6/ex_stage_i/fpu_gen.fpu_i/fpu_gen.i_fpnew_bulk/gen_operation_groups[3].i_opgroup_block/gen_merged_slice.i_multifmt_slice/gen_num_lanes[0].active_lane.lane_instance.i_fpnew_cast_multi/mem_q[7][sbe][ex][cause][4]_i_80_n_0
                         MUXF7 (Prop_muxf7_I1_O)      0.206    16.108 f  i_ariane/i_cva6/ex_stage_i/fpu_gen.fpu_i/fpu_gen.i_fpnew_bulk/gen_operation_groups[3].i_opgroup_block/gen_merged_slice.i_multifmt_slice/gen_num_lanes[0].active_lane.lane_instance.i_fpnew_cast_multi/mem_q_reg[7][sbe][ex][cause][4]_i_52/O
                         net (fo=1, unplaced)         0.349    16.457    i_ariane/i_cva6/ex_stage_i/fpu_gen.fpu_i/fpu_gen.i_fpnew_bulk/gen_operation_groups[3].i_opgroup_block/gen_merged_slice.i_multifmt_slice/gen_num_lanes[0].active_lane.lane_instance.i_fpnew_cast_multi/mem_q_reg[7][sbe][ex][cause][4]_i_52_n_0
                         LUT6 (Prop_lut6_I0_O)        0.242    16.699 f  i_ariane/i_cva6/ex_stage_i/fpu_gen.fpu_i/fpu_gen.i_fpnew_bulk/gen_operation_groups[3].i_opgroup_block/gen_merged_slice.i_multifmt_slice/gen_num_lanes[0].active_lane.lane_instance.i_fpnew_cast_multi/mem_q[7][sbe][ex][cause][4]_i_36/O
                         net (fo=1, unplaced)         0.347    17.046    i_ariane/i_cva6/ex_stage_i/fpu_gen.fpu_i/fpu_gen.i_fpnew_bulk/gen_operation_groups[3].i_opgroup_block/gen_merged_slice.i_multifmt_slice/gen_num_lanes[0].active_lane.lane_instance.i_fpnew_cast_multi/of_after_round
                         LUT6 (Prop_lut6_I5_O)        0.105    17.151 f  i_ariane/i_cva6/ex_stage_i/fpu_gen.fpu_i/fpu_gen.i_fpnew_bulk/gen_operation_groups[3].i_opgroup_block/gen_merged_slice.i_multifmt_slice/gen_num_lanes[0].active_lane.lane_instance.i_fpnew_cast_multi/mem_q[7][sbe][ex][cause][4]_i_28/O
                         net (fo=3, unplaced)         0.365    17.516    i_ariane/i_cva6/ex_stage_i/fpu_gen.fpu_i/fpu_gen.i_fpnew_bulk/gen_operation_groups[3].i_opgroup_block/gen_merged_slice.i_multifmt_slice/gen_num_lanes[0].active_lane.lane_instance.i_fpnew_cast_multi/int_regular_status[NV]
                         LUT6 (Prop_lut6_I0_O)        0.105    17.621 f  i_ariane/i_cva6/ex_stage_i/fpu_gen.fpu_i/fpu_gen.i_fpnew_bulk/gen_operation_groups[3].i_opgroup_block/gen_merged_slice.i_multifmt_slice/gen_num_lanes[0].active_lane.lane_instance.i_fpnew_cast_multi/mem_q[7][sbe][ex][cause][0]_i_9/O
                         net (fo=66, unplaced)        0.436    18.057    i_ariane/i_cva6/ex_stage_i/fpu_gen.fpu_i/fpu_gen.i_fpnew_bulk/gen_operation_groups[3].i_opgroup_block/gen_merged_slice.i_multifmt_slice/gen_num_lanes[0].active_lane.lane_instance.i_fpnew_cast_multi/int_result_is_special
                         LUT6 (Prop_lut6_I4_O)        0.105    18.162 r  i_ariane/i_cva6/ex_stage_i/fpu_gen.fpu_i/fpu_gen.i_fpnew_bulk/gen_operation_groups[3].i_opgroup_block/gen_merged_slice.i_multifmt_slice/gen_num_lanes[0].active_lane.lane_instance.i_fpnew_cast_multi/mem_q[7][sbe][result][63]_i_32/O
                         net (fo=2, unplaced)         0.358    18.520    i_ariane/i_cva6/ex_stage_i/fpu_gen.fpu_i/fpu_gen.i_fpnew_bulk/gen_operation_groups[3].i_opgroup_block/gen_merged_slice.i_multifmt_slice/gen_num_lanes[0].active_lane.lane_instance.i_fpnew_cast_multi/int_result[63]
                         LUT2 (Prop_lut2_I0_O)        0.105    18.625 r  i_ariane/i_cva6/ex_stage_i/fpu_gen.fpu_i/fpu_gen.i_fpnew_bulk/gen_operation_groups[3].i_opgroup_block/gen_merged_slice.i_multifmt_slice/gen_num_lanes[0].active_lane.lane_instance.i_fpnew_cast_multi/mem_q[7][sbe][result][50]_i_13/O
                         net (fo=21, unplaced)        0.408    19.033    i_ariane/i_cva6/ex_stage_i/fpu_gen.fpu_i/fpu_gen.i_fpnew_bulk/gen_operation_groups[3].i_opgroup_block/gen_merged_slice.i_multifmt_slice/gen_num_lanes[0].active_lane.lane_instance.i_fpnew_cast_multi/mem_q[7][sbe][result][50]_i_13_n_0
                         LUT5 (Prop_lut5_I0_O)        0.105    19.138 r  i_ariane/i_cva6/ex_stage_i/fpu_gen.fpu_i/fpu_gen.i_fpnew_bulk/gen_operation_groups[3].i_opgroup_block/gen_merged_slice.i_multifmt_slice/gen_num_lanes[0].active_lane.lane_instance.i_fpnew_cast_multi/mem_q[7][sbe][result][50]_i_5/O
                         net (fo=40, unplaced)        0.424    19.562    i_ariane/i_cva6/ex_stage_i/fpu_gen.fpu_i/fpu_gen.i_fpnew_bulk/gen_operation_groups[3].i_opgroup_block/gen_merged_slice.i_multifmt_slice/gen_num_lanes[0].active_lane.lane_instance.i_fpnew_cast_multi/mem_q[7][sbe][result][50]_i_5_n_0
                         LUT6 (Prop_lut6_I5_O)        0.105    19.667 r  i_ariane/i_cva6/ex_stage_i/fpu_gen.fpu_i/fpu_gen.i_fpnew_bulk/gen_operation_groups[3].i_opgroup_block/gen_merged_slice.i_multifmt_slice/gen_num_lanes[0].active_lane.lane_instance.i_fpnew_cast_multi/mem_q[7][sbe][result][63]_i_15/O
                         net (fo=1, unplaced)         0.347    20.014    i_ariane/i_cva6/ex_stage_i/fpu_gen.fpu_i/fpu_gen.i_fpnew_bulk/gen_operation_groups[2].i_opgroup_block/gen_parallel_slices[0].active_format.i_fmt_slice/gen_num_lanes[0].active_lane.lane_instance.i_noncomp/opgrp_outputs[3][result][0]
                         LUT6 (Prop_lut6_I0_O)        0.105    20.119 r  i_ariane/i_cva6/ex_stage_i/fpu_gen.fpu_i/fpu_gen.i_fpnew_bulk/gen_operation_groups[2].i_opgroup_block/gen_parallel_slices[0].active_format.i_fmt_slice/gen_num_lanes[0].active_lane.lane_instance.i_noncomp/mem_q[7][sbe][result][63]_i_8/O
                         net (fo=1, unplaced)         0.000    20.119    i_ariane/i_cva6/ex_stage_i/fpu_gen.fpu_i/fpu_gen.i_fpnew_bulk/gen_operation_groups[0].i_opgroup_block/gen_parallel_slices[0].active_format.i_fmt_slice/gen_num_lanes[0].active_lane.lane_instance.i_fma/gen_arbiter.data_nodes[2][result][44]
                         MUXF7 (Prop_muxf7_I1_O)      0.206    20.325 r  i_ariane/i_cva6/ex_stage_i/fpu_gen.fpu_i/fpu_gen.i_fpnew_bulk/gen_operation_groups[0].i_opgroup_block/gen_parallel_slices[0].active_format.i_fmt_slice/gen_num_lanes[0].active_lane.lane_instance.i_fma/mem_q_reg[7][sbe][result][63]_i_4/O
                         net (fo=14, unplaced)        0.400    20.725    i_ariane/i_cva6/ex_stage_i/fpu_gen.fpu_i/fpu_gen.i_fpnew_bulk/gen_operation_groups[0].i_opgroup_block/gen_parallel_slices[0].active_format.i_fmt_slice/gen_num_lanes[0].active_lane.lane_instance.i_fma/gen_arbiter.gen_int_rr.rr_q_reg[1]_4
                         LUT2 (Prop_lut2_I0_O)        0.242    20.967 f  i_ariane/i_cva6/ex_stage_i/fpu_gen.fpu_i/fpu_gen.i_fpnew_bulk/gen_operation_groups[0].i_opgroup_block/gen_parallel_slices[0].active_format.i_fmt_slice/gen_num_lanes[0].active_lane.lane_instance.i_fma/fu_data_q[0][operand_a][63]_i_54/O
                         net (fo=3, unplaced)         0.365    21.332    i_ariane/i_cva6/ex_stage_i/fpu_gen.fpu_i/fpu_gen.i_fpnew_bulk/gen_operation_groups[3].i_opgroup_block/gen_merged_slice.i_multifmt_slice/gen_num_lanes[0].active_lane.lane_instance.i_fpnew_cast_multi/fu_data_q[0][imm][63]_i_10
                         LUT6 (Prop_lut6_I5_O)        0.105    21.437 f  i_ariane/i_cva6/ex_stage_i/fpu_gen.fpu_i/fpu_gen.i_fpnew_bulk/gen_operation_groups[3].i_opgroup_block/gen_merged_slice.i_multifmt_slice/gen_num_lanes[0].active_lane.lane_instance.i_fpnew_cast_multi/fu_data_q[0][operand_a][63]_i_24/O
                         net (fo=3, unplaced)         0.365    21.802    i_ariane/i_cva6/ex_stage_i/fpu_gen.fpu_i/fpu_gen.i_fpnew_bulk/gen_operation_groups[0].i_opgroup_block/gen_parallel_slices[0].active_format.i_fmt_slice/gen_num_lanes[0].active_lane.lane_instance.i_fma/fu_data_q_reg[0][operand_b][63]_i_5_0
                         LUT6 (Prop_lut6_I3_O)        0.105    21.907 f  i_ariane/i_cva6/ex_stage_i/fpu_gen.fpu_i/fpu_gen.i_fpnew_bulk/gen_operation_groups[0].i_opgroup_block/gen_parallel_slices[0].active_format.i_fmt_slice/gen_num_lanes[0].active_lane.lane_instance.i_fma/fu_data_q[0][operand_a][63]_i_7/O
                         net (fo=1, unplaced)         0.000    21.907    i_ariane/i_cva6/ex_stage_i/fpu_gen.fpu_i/fpu_gen.i_fpnew_bulk/gen_operation_groups[3].i_opgroup_block/gen_merged_slice.i_multifmt_slice/gen_num_lanes[0].active_lane.lane_instance.i_fpnew_cast_multi/fu_data_q_reg[0][operand_a][63]_0
                         MUXF7 (Prop_muxf7_I1_O)      0.206    22.113 f  i_ariane/i_cva6/ex_stage_i/fpu_gen.fpu_i/fpu_gen.i_fpnew_bulk/gen_operation_groups[3].i_opgroup_block/gen_merged_slice.i_multifmt_slice/gen_num_lanes[0].active_lane.lane_instance.i_fpnew_cast_multi/fu_data_q_reg[0][operand_a][63]_i_2/O
                         net (fo=1, unplaced)         0.349    22.462    i_ariane/i_cva6/id_stage_i/fu_data_q_reg[0][operand_a][63]
                         LUT6 (Prop_lut6_I0_O)        0.242    22.704 r  i_ariane/i_cva6/id_stage_i/fu_data_q[0][operand_a][63]_i_1/O
                         net (fo=2, unplaced)         0.000    22.704    i_ariane/i_cva6/ex_stage_i/vaddr_to_be_flushed_reg[63]_0[63]
                         FDCE                                         r  i_ariane/i_cva6/ex_stage_i/vaddr_to_be_flushed_reg[63]/D
  -------------------------------------------------------------------    -------------------

                         (clock clk_i rise edge)     10.000    10.000 r  
                                                      0.000    10.000 r  clk_i (IN)
                         net (fo=33654, unset)        0.748    10.748    i_ariane/i_cva6/ex_stage_i/clk_i
                         FDCE                                         r  i_ariane/i_cva6/ex_stage_i/vaddr_to_be_flushed_reg[63]/C
                         clock pessimism              0.000    10.748    
                         clock uncertainty           -0.035    10.712    
                         FDCE (Setup_fdce_C_D)        0.043    10.755    i_ariane/i_cva6/ex_stage_i/vaddr_to_be_flushed_reg[63]
  -------------------------------------------------------------------
                         required time                         10.755    
                         arrival time                         -22.704    
  -------------------------------------------------------------------
                         slack                                -11.949    

Slack (VIOLATED) :        -11.949ns  (required time - arrival time)
  Source:                 i_ariane/i_cva6/ex_stage_i/fpu_gen.fpu_i/fpu_gen.i_fpnew_bulk/gen_operation_groups[3].i_opgroup_block/gen_merged_slice.i_multifmt_slice/gen_num_lanes[0].active_lane.lane_instance.i_fpnew_cast_multi/gen_inside_pipeline[0].mid_pipe_dst_fmt_q_reg[1][2]_rep/C
                            (rising edge-triggered cell FDCE clocked by clk_i  {rise@0.000ns fall@5.000ns period=10.000ns})
  Destination:            i_ariane/i_cva6/ex_stage_i/vaddr_to_be_flushed_reg[63]/D
                            (rising edge-triggered cell FDCE clocked by clk_i  {rise@0.000ns fall@5.000ns period=10.000ns})
  Path Group:             clk_i
  Path Type:              Setup (Max at Slow Process Corner)
  Requirement:            10.000ns  (clk_i rise@10.000ns - clk_i rise@0.000ns)
  Data Path Delay:        21.917ns  (logic 8.887ns (40.548%)  route 13.030ns (59.452%))
  Logic Levels:           52  (CARRY4=23 LUT1=1 LUT2=2 LUT3=2 LUT4=1 LUT5=4 LUT6=16 MUXF7=3)
  Clock Path Skew:        -0.039ns (DCD - SCD + CPR)
    Destination Clock Delay (DCD):    0.748ns = ( 10.748 - 10.000 ) 
    Source Clock Delay      (SCD):    0.787ns
    Clock Pessimism Removal (CPR):    0.000ns
  Clock Uncertainty:      0.035ns  ((TSJ^2 + TIJ^2)^1/2 + DJ) / 2 + PE
    Total System Jitter     (TSJ):    0.071ns
    Total Input Jitter      (TIJ):    0.000ns
    Discrete Jitter          (DJ):    0.000ns
    Phase Error              (PE):    0.000ns

    Location             Delay type                Incr(ns)  Path(ns)    Netlist Resource(s)
  -------------------------------------------------------------------    -------------------
                         (clock clk_i rise edge)      0.000     0.000 r  
                                                      0.000     0.000 r  clk_i (IN)
                         net (fo=33654, unset)        0.787     0.787    i_ariane/i_cva6/ex_stage_i/fpu_gen.fpu_i/fpu_gen.i_fpnew_bulk/gen_operation_groups[3].i_opgroup_block/gen_merged_slice.i_multifmt_slice/gen_num_lanes[0].active_lane.lane_instance.i_fpnew_cast_multi/clk_i
                         FDCE                                         r  i_ariane/i_cva6/ex_stage_i/fpu_gen.fpu_i/fpu_gen.i_fpnew_bulk/gen_operation_groups[3].i_opgroup_block/gen_merged_slice.i_multifmt_slice/gen_num_lanes[0].active_lane.lane_instance.i_fpnew_cast_multi/gen_inside_pipeline[0].mid_pipe_dst_fmt_q_reg[1][2]_rep/C
  -------------------------------------------------------------------    -------------------
                         FDCE (Prop_fdce_C_Q)         0.397     1.184 r  i_ariane/i_cva6/ex_stage_i/fpu_gen.fpu_i/fpu_gen.i_fpnew_bulk/gen_operation_groups[3].i_opgroup_block/gen_merged_slice.i_multifmt_slice/gen_num_lanes[0].active_lane.lane_instance.i_fpnew_cast_multi/gen_inside_pipeline[0].mid_pipe_dst_fmt_q_reg[1][2]_rep/Q
                         net (fo=165, unplaced)       0.737     1.921    i_ariane/i_cva6/ex_stage_i/fpu_gen.fpu_i/fpu_gen.i_fpnew_bulk/gen_operation_groups[3].i_opgroup_block/gen_merged_slice.i_multifmt_slice/gen_num_lanes[0].active_lane.lane_instance.i_fpnew_cast_multi/gen_inside_pipeline[0].mid_pipe_dst_fmt_q_reg[1][2]_rep_n_0
                         LUT3 (Prop_lut3_I0_O)        0.232     2.153 r  i_ariane/i_cva6/ex_stage_i/fpu_gen.fpu_i/fpu_gen.i_fpnew_bulk/gen_operation_groups[3].i_opgroup_block/gen_merged_slice.i_multifmt_slice/gen_num_lanes[0].active_lane.lane_instance.i_fpnew_cast_multi/mem_q[7][sbe][result][59]_i_188/O
                         net (fo=1, unplaced)         0.258     2.411    i_ariane/i_cva6/ex_stage_i/fpu_gen.fpu_i/fpu_gen.i_fpnew_bulk/gen_operation_groups[3].i_opgroup_block/gen_merged_slice.i_multifmt_slice/gen_num_lanes[0].active_lane.lane_instance.i_fpnew_cast_multi/preshift_mant3[0]
                         CARRY4 (Prop_carry4_CYINIT_CO[3])
                                                      0.494     2.905 r  i_ariane/i_cva6/ex_stage_i/fpu_gen.fpu_i/fpu_gen.i_fpnew_bulk/gen_operation_groups[3].i_opgroup_block/gen_merged_slice.i_multifmt_slice/gen_num_lanes[0].active_lane.lane_instance.i_fpnew_cast_multi/mem_q_reg[7][sbe][result][59]_i_177/CO[3]
                         net (fo=1, unplaced)         0.000     2.905    i_ariane/i_cva6/ex_stage_i/fpu_gen.fpu_i/fpu_gen.i_fpnew_bulk/gen_operation_groups[3].i_opgroup_block/gen_merged_slice.i_multifmt_slice/gen_num_lanes[0].active_lane.lane_instance.i_fpnew_cast_multi/mem_q_reg[7][sbe][result][59]_i_177_n_0
                         CARRY4 (Prop_carry4_CI_CO[3])
                                                      0.100     3.005 f  i_ariane/i_cva6/ex_stage_i/fpu_gen.fpu_i/fpu_gen.i_fpnew_bulk/gen_operation_groups[3].i_opgroup_block/gen_merged_slice.i_multifmt_slice/gen_num_lanes[0].active_lane.lane_instance.i_fpnew_cast_multi/mem_q_reg[7][sbe][ex][cause][4]_i_139/CO[3]
                         net (fo=1, unplaced)         0.000     3.005    i_ariane/i_cva6/ex_stage_i/fpu_gen.fpu_i/fpu_gen.i_fpnew_bulk/gen_operation_groups[3].i_opgroup_block/gen_merged_slice.i_multifmt_slice/gen_num_lanes[0].active_lane.lane_instance.i_fpnew_cast_multi/mem_q_reg[7][sbe][ex][cause][4]_i_139_n_0
                         CARRY4 (Prop_carry4_CI_O[1])
                                                      0.269     3.274 f  i_ariane/i_cva6/ex_stage_i/fpu_gen.fpu_i/fpu_gen.i_fpnew_bulk/gen_operation_groups[3].i_opgroup_block/gen_merged_slice.i_multifmt_slice/gen_num_lanes[0].active_lane.lane_instance.i_fpnew_cast_multi/mem_q_reg[7][sbe][ex][cause][4]_i_100/O[1]
                         net (fo=3, unplaced)         0.490     3.764    i_ariane/i_cva6/ex_stage_i/fpu_gen.fpu_i/fpu_gen.i_fpnew_bulk/gen_operation_groups[3].i_opgroup_block/gen_merged_slice.i_multifmt_slice/gen_num_lanes[0].active_lane.lane_instance.i_fpnew_cast_multi/mem_q_reg[7][sbe][ex][cause][4]_i_100_n_6
                         LUT4 (Prop_lut4_I1_O)        0.266     4.030 r  i_ariane/i_cva6/ex_stage_i/fpu_gen.fpu_i/fpu_gen.i_fpnew_bulk/gen_operation_groups[3].i_opgroup_block/gen_merged_slice.i_multifmt_slice/gen_num_lanes[0].active_lane.lane_instance.i_fpnew_cast_multi/mem_q[7][sbe][ex][cause][4]_i_94/O
                         net (fo=1, unplaced)         0.000     4.030    i_ariane/i_cva6/ex_stage_i/fpu_gen.fpu_i/fpu_gen.i_fpnew_bulk/gen_operation_groups[3].i_opgroup_block/gen_merged_slice.i_multifmt_slice/gen_num_lanes[0].active_lane.lane_instance.i_fpnew_cast_multi/mem_q[7][sbe][ex][cause][4]_i_94_n_0
                         CARRY4 (Prop_carry4_DI[1]_CO[3])
                                                      0.451     4.481 r  i_ariane/i_cva6/ex_stage_i/fpu_gen.fpu_i/fpu_gen.i_fpnew_bulk/gen_operation_groups[3].i_opgroup_block/gen_merged_slice.i_multifmt_slice/gen_num_lanes[0].active_lane.lane_instance.i_fpnew_cast_multi/mem_q_reg[7][sbe][ex][cause][4]_i_58/CO[3]
                         net (fo=1, unplaced)         0.000     4.481    i_ariane/i_cva6/ex_stage_i/fpu_gen.fpu_i/fpu_gen.i_fpnew_bulk/gen_operation_groups[3].i_opgroup_block/gen_merged_slice.i_multifmt_slice/gen_num_lanes[0].active_lane.lane_instance.i_fpnew_cast_multi/mem_q_reg[7][sbe][ex][cause][4]_i_58_n_0
                         CARRY4 (Prop_carry4_CI_CO[3])
                                                      0.100     4.581 r  i_ariane/i_cva6/ex_stage_i/fpu_gen.fpu_i/fpu_gen.i_fpnew_bulk/gen_operation_groups[3].i_opgroup_block/gen_merged_slice.i_multifmt_slice/gen_num_lanes[0].active_lane.lane_instance.i_fpnew_cast_multi/mem_q_reg[7][sbe][ex][cause][4]_i_40/CO[3]
                         net (fo=1, unplaced)         0.000     4.581    i_ariane/i_cva6/ex_stage_i/fpu_gen.fpu_i/fpu_gen.i_fpnew_bulk/gen_operation_groups[3].i_opgroup_block/gen_merged_slice.i_multifmt_slice/gen_num_lanes[0].active_lane.lane_instance.i_fpnew_cast_multi/mem_q_reg[7][sbe][ex][cause][4]_i_40_n_0
                         CARRY4 (Prop_carry4_CI_CO[3])
                                                      0.100     4.681 f  i_ariane/i_cva6/ex_stage_i/fpu_gen.fpu_i/fpu_gen.i_fpnew_bulk/gen_operation_groups[3].i_opgroup_block/gen_merged_slice.i_multifmt_slice/gen_num_lanes[0].active_lane.lane_instance.i_fpnew_cast_multi/mem_q_reg[7][sbe][ex][cause][4]_i_34/CO[3]
                         net (fo=146, unplaced)       0.719     5.400    i_ariane/i_cva6/ex_stage_i/fpu_gen.fpu_i/fpu_gen.i_fpnew_bulk/gen_operation_groups[3].i_opgroup_block/gen_merged_slice.i_multifmt_slice/gen_num_lanes[0].active_lane.lane_instance.i_fpnew_cast_multi/preshift_mant1
                         LUT5 (Prop_lut5_I2_O)        0.105     5.505 f  i_ariane/i_cva6/ex_stage_i/fpu_gen.fpu_i/fpu_gen.i_fpnew_bulk/gen_operation_groups[3].i_opgroup_block/gen_merged_slice.i_multifmt_slice/gen_num_lanes[0].active_lane.lane_instance.i_fpnew_cast_multi/mem_q[7][sbe][ex][cause][0]_i_331/O
                         net (fo=4, unplaced)         0.802     6.307    i_ariane/i_cva6/ex_stage_i/fpu_gen.fpu_i/fpu_gen.i_fpnew_bulk/gen_operation_groups[3].i_opgroup_block/gen_merged_slice.i_multifmt_slice/gen_num_lanes[0].active_lane.lane_instance.i_fpnew_cast_multi/preshift_mant[90]
                         LUT5 (Prop_lut5_I0_O)        0.105     6.412 f  i_ariane/i_cva6/ex_stage_i/fpu_gen.fpu_i/fpu_gen.i_fpnew_bulk/gen_operation_groups[3].i_opgroup_block/gen_merged_slice.i_multifmt_slice/gen_num_lanes[0].active_lane.lane_instance.i_fpnew_cast_multi/mem_q[7][sbe][ex][cause][0]_i_566/O
                         net (fo=4, unplaced)         0.606     7.018    i_ariane/i_cva6/ex_stage_i/fpu_gen.fpu_i/fpu_gen.i_fpnew_bulk/gen_operation_groups[3].i_opgroup_block/gen_merged_slice.i_multifmt_slice/gen_num_lanes[0].active_lane.lane_instance.i_fpnew_cast_multi/mem_q[7][sbe][ex][cause][0]_i_566_n_0
                         LUT6 (Prop_lut6_I1_O)        0.105     7.123 f  i_ariane/i_cva6/ex_stage_i/fpu_gen.fpu_i/fpu_gen.i_fpnew_bulk/gen_operation_groups[3].i_opgroup_block/gen_merged_slice.i_multifmt_slice/gen_num_lanes[0].active_lane.lane_instance.i_fpnew_cast_multi/mem_q[7][sbe][ex][cause][0]_i_415/O
                         net (fo=4, unplaced)         0.606     7.729    i_ariane/i_cva6/ex_stage_i/fpu_gen.fpu_i/fpu_gen.i_fpnew_bulk/gen_operation_groups[3].i_opgroup_block/gen_merged_slice.i_multifmt_slice/gen_num_lanes[0].active_lane.lane_instance.i_fpnew_cast_multi/mem_q[7][sbe][ex][cause][0]_i_415_n_0
                         LUT6 (Prop_lut6_I1_O)        0.105     7.834 f  i_ariane/i_cva6/ex_stage_i/fpu_gen.fpu_i/fpu_gen.i_fpnew_bulk/gen_operation_groups[3].i_opgroup_block/gen_merged_slice.i_multifmt_slice/gen_num_lanes[0].active_lane.lane_instance.i_fpnew_cast_multi/mem_q[7][sbe][ex][cause][0]_i_179/O
                         net (fo=3, unplaced)         0.796     8.630    i_ariane/i_cva6/ex_stage_i/fpu_gen.fpu_i/fpu_gen.i_fpnew_bulk/gen_operation_groups[3].i_opgroup_block/gen_merged_slice.i_multifmt_slice/gen_num_lanes[0].active_lane.lane_instance.i_fpnew_cast_multi/mem_q[7][sbe][ex][cause][0]_i_179_n_0
                         LUT6 (Prop_lut6_I0_O)        0.105     8.735 f  i_ariane/i_cva6/ex_stage_i/fpu_gen.fpu_i/fpu_gen.i_fpnew_bulk/gen_operation_groups[3].i_opgroup_block/gen_merged_slice.i_multifmt_slice/gen_num_lanes[0].active_lane.lane_instance.i_fpnew_cast_multi/mem_q[7][sbe][ex][cause][0]_i_225/O
                         net (fo=1, unplaced)         0.782     9.517    i_ariane/i_cva6/ex_stage_i/fpu_gen.fpu_i/fpu_gen.i_fpnew_bulk/gen_operation_groups[3].i_opgroup_block/gen_merged_slice.i_multifmt_slice/gen_num_lanes[0].active_lane.lane_instance.i_fpnew_cast_multi/mem_q[7][sbe][ex][cause][0]_i_225_n_0
                         LUT6 (Prop_lut6_I0_O)        0.105     9.622 f  i_ariane/i_cva6/ex_stage_i/fpu_gen.fpu_i/fpu_gen.i_fpnew_bulk/gen_operation_groups[3].i_opgroup_block/gen_merged_slice.i_multifmt_slice/gen_num_lanes[0].active_lane.lane_instance.i_fpnew_cast_multi/mem_q[7][sbe][ex][cause][0]_i_81/O
                         net (fo=1, unplaced)         0.778    10.400    i_ariane/i_cva6/ex_stage_i/fpu_gen.fpu_i/fpu_gen.i_fpnew_bulk/gen_operation_groups[3].i_opgroup_block/gen_merged_slice.i_multifmt_slice/gen_num_lanes[0].active_lane.lane_instance.i_fpnew_cast_multi/mem_q[7][sbe][ex][cause][0]_i_81_n_0
                         LUT6 (Prop_lut6_I1_O)        0.105    10.505 f  i_ariane/i_cva6/ex_stage_i/fpu_gen.fpu_i/fpu_gen.i_fpnew_bulk/gen_operation_groups[3].i_opgroup_block/gen_merged_slice.i_multifmt_slice/gen_num_lanes[0].active_lane.lane_instance.i_fpnew_cast_multi/mem_q[7][sbe][ex][cause][0]_i_25/O
                         net (fo=4, unplaced)         0.606    11.111    i_ariane/i_cva6/ex_stage_i/fpu_gen.fpu_i/fpu_gen.i_fpnew_bulk/gen_operation_groups[3].i_opgroup_block/gen_merged_slice.i_multifmt_slice/gen_num_lanes[0].active_lane.lane_instance.i_fpnew_cast_multi/fp_round_sticky_bits[0]
                         LUT6 (Prop_lut6_I0_O)        0.105    11.216 f  i_ariane/i_cva6/ex_stage_i/fpu_gen.fpu_i/fpu_gen.i_fpnew_bulk/gen_operation_groups[3].i_opgroup_block/gen_merged_slice.i_multifmt_slice/gen_num_lanes[0].active_lane.lane_instance.i_fpnew_cast_multi/mem_q[7][sbe][result][0]_i_174/O
                         net (fo=1, unplaced)         0.347    11.563    i_ariane/i_cva6/ex_stage_i/fpu_gen.fpu_i/fpu_gen.i_fpnew_bulk/gen_operation_groups[3].i_opgroup_block/gen_merged_slice.i_multifmt_slice/gen_num_lanes[0].active_lane.lane_instance.i_fpnew_cast_multi/mem_q[7][sbe][result][0]_i_174_n_0
                         LUT6 (Prop_lut6_I5_O)        0.105    11.668 r  i_ariane/i_cva6/ex_stage_i/fpu_gen.fpu_i/fpu_gen.i_fpnew_bulk/gen_operation_groups[3].i_opgroup_block/gen_merged_slice.i_multifmt_slice/gen_num_lanes[0].active_lane.lane_instance.i_fpnew_cast_multi/mem_q[7][sbe][result][0]_i_114/O
                         net (fo=1, unplaced)         0.000    11.668    i_ariane/i_cva6/ex_stage_i/fpu_gen.fpu_i/fpu_gen.i_fpnew_bulk/gen_operation_groups[3].i_opgroup_block/gen_merged_slice.i_multifmt_slice/gen_num_lanes[0].active_lane.lane_instance.i_fpnew_cast_multi/mem_q[7][sbe][result][0]_i_114_n_0
                         CARRY4 (Prop_carry4_S[0]_CO[3])
                                                      0.423    12.091 r  i_ariane/i_cva6/ex_stage_i/fpu_gen.fpu_i/fpu_gen.i_fpnew_bulk/gen_operation_groups[3].i_opgroup_block/gen_merged_slice.i_multifmt_slice/gen_num_lanes[0].active_lane.lane_instance.i_fpnew_cast_multi/mem_q_reg[7][sbe][result][0]_i_66/CO[3]
                         net (fo=1, unplaced)         0.000    12.091    i_ariane/i_cva6/ex_stage_i/fpu_gen.fpu_i/fpu_gen.i_fpnew_bulk/gen_operation_groups[3].i_opgroup_block/gen_merged_slice.i_multifmt_slice/gen_num_lanes[0].active_lane.lane_instance.i_fpnew_cast_multi/mem_q_reg[7][sbe][result][0]_i_66_n_0
                         CARRY4 (Prop_carry4_CI_CO[3])
                                                      0.100    12.191 r  i_ariane/i_cva6/ex_stage_i/fpu_gen.fpu_i/fpu_gen.i_fpnew_bulk/gen_operation_groups[3].i_opgroup_block/gen_merged_slice.i_multifmt_slice/gen_num_lanes[0].active_lane.lane_instance.i_fpnew_cast_multi/mem_q_reg[7][sbe][result][7]_i_77/CO[3]
                         net (fo=1, unplaced)         0.000    12.191    i_ariane/i_cva6/ex_stage_i/fpu_gen.fpu_i/fpu_gen.i_fpnew_bulk/gen_operation_groups[3].i_opgroup_block/gen_merged_slice.i_multifmt_slice/gen_num_lanes[0].active_lane.lane_instance.i_fpnew_cast_multi/mem_q_reg[7][sbe][result][7]_i_77_n_0
                         CARRY4 (Prop_carry4_CI_CO[3])
                                                      0.100    12.291 r  i_ariane/i_cva6/ex_stage_i/fpu_gen.fpu_i/fpu_gen.i_fpnew_bulk/gen_operation_groups[3].i_opgroup_block/gen_merged_slice.i_multifmt_slice/gen_num_lanes[0].active_lane.lane_instance.i_fpnew_cast_multi/mem_q_reg[7][sbe][result][11]_i_56/CO[3]
                         net (fo=1, unplaced)         0.000    12.291    i_ariane/i_cva6/ex_stage_i/fpu_gen.fpu_i/fpu_gen.i_fpnew_bulk/gen_operation_groups[3].i_opgroup_block/gen_merged_slice.i_multifmt_slice/gen_num_lanes[0].active_lane.lane_instance.i_fpnew_cast_multi/mem_q_reg[7][sbe][result][11]_i_56_n_0
                         CARRY4 (Prop_carry4_CI_CO[3])
                                                      0.100    12.391 r  i_ariane/i_cva6/ex_stage_i/fpu_gen.fpu_i/fpu_gen.i_fpnew_bulk/gen_operation_groups[3].i_opgroup_block/gen_merged_slice.i_multifmt_slice/gen_num_lanes[0].active_lane.lane_instance.i_fpnew_cast_multi/mem_q_reg[7][sbe][result][15]_i_77/CO[3]
                         net (fo=1, unplaced)         0.000    12.391    i_ariane/i_cva6/ex_stage_i/fpu_gen.fpu_i/fpu_gen.i_fpnew_bulk/gen_operation_groups[3].i_opgroup_block/gen_merged_slice.i_multifmt_slice/gen_num_lanes[0].active_lane.lane_instance.i_fpnew_cast_multi/mem_q_reg[7][sbe][result][15]_i_77_n_0
                         CARRY4 (Prop_carry4_CI_CO[3])
                                                      0.100    12.491 r  i_ariane/i_cva6/ex_stage_i/fpu_gen.fpu_i/fpu_gen.i_fpnew_bulk/gen_operation_groups[3].i_opgroup_block/gen_merged_slice.i_multifmt_slice/gen_num_lanes[0].active_lane.lane_instance.i_fpnew_cast_multi/mem_q_reg[7][sbe][result][19]_i_57/CO[3]
                         net (fo=1, unplaced)         0.000    12.491    i_ariane/i_cva6/ex_stage_i/fpu_gen.fpu_i/fpu_gen.i_fpnew_bulk/gen_operation_groups[3].i_opgroup_block/gen_merged_slice.i_multifmt_slice/gen_num_lanes[0].active_lane.lane_instance.i_fpnew_cast_multi/mem_q_reg[7][sbe][result][19]_i_57_n_0
                         CARRY4 (Prop_carry4_CI_CO[3])
                                                      0.100    12.591 f  i_ariane/i_cva6/ex_stage_i/fpu_gen.fpu_i/fpu_gen.i_fpnew_bulk/gen_operation_groups[3].i_opgroup_block/gen_merged_slice.i_multifmt_slice/gen_num_lanes[0].active_lane.lane_instance.i_fpnew_cast_multi/mem_q_reg[7][sbe][result][23]_i_77/CO[3]
                         net (fo=1, unplaced)         0.000    12.591    i_ariane/i_cva6/ex_stage_i/fpu_gen.fpu_i/fpu_gen.i_fpnew_bulk/gen_operation_groups[3].i_opgroup_block/gen_merged_slice.i_multifmt_slice/gen_num_lanes[0].active_lane.lane_instance.i_fpnew_cast_multi/mem_q_reg[7][sbe][result][23]_i_77_n_0
                         CARRY4 (Prop_carry4_CI_CO[3])
                                                      0.100    12.691 r  i_ariane/i_cva6/ex_stage_i/fpu_gen.fpu_i/fpu_gen.i_fpnew_bulk/gen_operation_groups[3].i_opgroup_block/gen_merged_slice.i_multifmt_slice/gen_num_lanes[0].active_lane.lane_instance.i_fpnew_cast_multi/mem_q_reg[7][sbe][ex][cause][1]_i_27/CO[3]
                         net (fo=1, unplaced)         0.000    12.691    i_ariane/i_cva6/ex_stage_i/fpu_gen.fpu_i/fpu_gen.i_fpnew_bulk/gen_operation_groups[3].i_opgroup_block/gen_merged_slice.i_multifmt_slice/gen_num_lanes[0].active_lane.lane_instance.i_fpnew_cast_multi/mem_q_reg[7][sbe][ex][cause][1]_i_27_n_0
                         CARRY4 (Prop_carry4_CI_CO[3])
                                                      0.100    12.791 r  i_ariane/i_cva6/ex_stage_i/fpu_gen.fpu_i/fpu_gen.i_fpnew_bulk/gen_operation_groups[3].i_opgroup_block/gen_merged_slice.i_multifmt_slice/gen_num_lanes[0].active_lane.lane_instance.i_fpnew_cast_multi/mem_q_reg[7][sbe][result][35]_i_47/CO[3]
                         net (fo=1, unplaced)         0.000    12.791    i_ariane/i_cva6/ex_stage_i/fpu_gen.fpu_i/fpu_gen.i_fpnew_bulk/gen_operation_groups[3].i_opgroup_block/gen_merged_slice.i_multifmt_slice/gen_num_lanes[0].active_lane.lane_instance.i_fpnew_cast_multi/mem_q_reg[7][sbe][result][35]_i_47_n_0
                         CARRY4 (Prop_carry4_CI_CO[3])
                                                      0.100    12.891 r  i_ariane/i_cva6/ex_stage_i/fpu_gen.fpu_i/fpu_gen.i_fpnew_bulk/gen_operation_groups[3].i_opgroup_block/gen_merged_slice.i_multifmt_slice/gen_num_lanes[0].active_lane.lane_instance.i_fpnew_cast_multi/mem_q_reg[7][sbe][result][35]_i_27/CO[3]
                         net (fo=1, unplaced)         0.000    12.891    i_ariane/i_cva6/ex_stage_i/fpu_gen.fpu_i/fpu_gen.i_fpnew_bulk/gen_operation_groups[3].i_opgroup_block/gen_merged_slice.i_multifmt_slice/gen_num_lanes[0].active_lane.lane_instance.i_fpnew_cast_multi/mem_q_reg[7][sbe][result][35]_i_27_n_0
                         CARRY4 (Prop_carry4_CI_CO[3])
                                                      0.100    12.991 r  i_ariane/i_cva6/ex_stage_i/fpu_gen.fpu_i/fpu_gen.i_fpnew_bulk/gen_operation_groups[3].i_opgroup_block/gen_merged_slice.i_multifmt_slice/gen_num_lanes[0].active_lane.lane_instance.i_fpnew_cast_multi/mem_q_reg[7][sbe][result][39]_i_16/CO[3]
                         net (fo=1, unplaced)         0.000    12.991    i_ariane/i_cva6/ex_stage_i/fpu_gen.fpu_i/fpu_gen.i_fpnew_bulk/gen_operation_groups[3].i_opgroup_block/gen_merged_slice.i_multifmt_slice/gen_num_lanes[0].active_lane.lane_instance.i_fpnew_cast_multi/mem_q_reg[7][sbe][result][39]_i_16_n_0
                         CARRY4 (Prop_carry4_CI_CO[3])
                                                      0.100    13.091 r  i_ariane/i_cva6/ex_stage_i/fpu_gen.fpu_i/fpu_gen.i_fpnew_bulk/gen_operation_groups[3].i_opgroup_block/gen_merged_slice.i_multifmt_slice/gen_num_lanes[0].active_lane.lane_instance.i_fpnew_cast_multi/mem_q_reg[7][sbe][result][43]_i_18/CO[3]
                         net (fo=1, unplaced)         0.000    13.091    i_ariane/i_cva6/ex_stage_i/fpu_gen.fpu_i/fpu_gen.i_fpnew_bulk/gen_operation_groups[3].i_opgroup_block/gen_merged_slice.i_multifmt_slice/gen_num_lanes[0].active_lane.lane_instance.i_fpnew_cast_multi/mem_q_reg[7][sbe][result][43]_i_18_n_0
                         CARRY4 (Prop_carry4_CI_CO[3])
                                                      0.100    13.191 r  i_ariane/i_cva6/ex_stage_i/fpu_gen.fpu_i/fpu_gen.i_fpnew_bulk/gen_operation_groups[3].i_opgroup_block/gen_merged_slice.i_multifmt_slice/gen_num_lanes[0].active_lane.lane_instance.i_fpnew_cast_multi/mem_q_reg[7][sbe][result][47]_i_21/CO[3]
                         net (fo=1, unplaced)         0.000    13.191    i_ariane/i_cva6/ex_stage_i/fpu_gen.fpu_i/fpu_gen.i_fpnew_bulk/gen_operation_groups[3].i_opgroup_block/gen_merged_slice.i_multifmt_slice/gen_num_lanes[0].active_lane.lane_instance.i_fpnew_cast_multi/mem_q_reg[7][sbe][result][47]_i_21_n_0
                         CARRY4 (Prop_carry4_CI_CO[3])
                                                      0.100    13.291 r  i_ariane/i_cva6/ex_stage_i/fpu_gen.fpu_i/fpu_gen.i_fpnew_bulk/gen_operation_groups[3].i_opgroup_block/gen_merged_slice.i_multifmt_slice/gen_num_lanes[0].active_lane.lane_instance.i_fpnew_cast_multi/mem_q_reg[7][sbe][result][50]_i_20/CO[3]
                         net (fo=1, unplaced)         0.000    13.291    i_ariane/i_cva6/ex_stage_i/fpu_gen.fpu_i/fpu_gen.i_fpnew_bulk/gen_operation_groups[3].i_opgroup_block/gen_merged_slice.i_multifmt_slice/gen_num_lanes[0].active_lane.lane_instance.i_fpnew_cast_multi/mem_q_reg[7][sbe][result][50]_i_20_n_0
                         CARRY4 (Prop_carry4_CI_CO[3])
                                                      0.100    13.391 r  i_ariane/i_cva6/ex_stage_i/fpu_gen.fpu_i/fpu_gen.i_fpnew_bulk/gen_operation_groups[3].i_opgroup_block/gen_merged_slice.i_multifmt_slice/gen_num_lanes[0].active_lane.lane_instance.i_fpnew_cast_multi/mem_q_reg[7][sbe][result][55]_i_25/CO[3]
                         net (fo=1, unplaced)         0.000    13.391    i_ariane/i_cva6/ex_stage_i/fpu_gen.fpu_i/fpu_gen.i_fpnew_bulk/gen_operation_groups[3].i_opgroup_block/gen_merged_slice.i_multifmt_slice/gen_num_lanes[0].active_lane.lane_instance.i_fpnew_cast_multi/mem_q_reg[7][sbe][result][55]_i_25_n_0
                         CARRY4 (Prop_carry4_CI_O[2])
                                                      0.214    13.605 f  i_ariane/i_cva6/ex_stage_i/fpu_gen.fpu_i/fpu_gen.i_fpnew_bulk/gen_operation_groups[3].i_opgroup_block/gen_merged_slice.i_multifmt_slice/gen_num_lanes[0].active_lane.lane_instance.i_fpnew_cast_multi/mem_q_reg[7][sbe][result][59]_i_28/O[2]
                         net (fo=6, unplaced)         0.381    13.986    i_ariane/i_cva6/ex_stage_i/fpu_gen.fpu_i/fpu_gen.i_fpnew_bulk/gen_operation_groups[3].i_opgroup_block/gen_merged_slice.i_multifmt_slice/gen_num_lanes[0].active_lane.lane_instance.i_fpnew_cast_multi/rounded_abs[58]
                         LUT1 (Prop_lut1_I0_O)        0.244    14.230 r  i_ariane/i_cva6/ex_stage_i/fpu_gen.fpu_i/fpu_gen.i_fpnew_bulk/gen_operation_groups[3].i_opgroup_block/gen_merged_slice.i_multifmt_slice/gen_num_lanes[0].active_lane.lane_instance.i_fpnew_cast_multi/mem_q[7][sbe][result][60]_i_105/O
                         net (fo=1, unplaced)         0.000    14.230    i_ariane/i_cva6/ex_stage_i/fpu_gen.fpu_i/fpu_gen.i_fpnew_bulk/gen_operation_groups[3].i_opgroup_block/gen_merged_slice.i_multifmt_slice/gen_num_lanes[0].active_lane.lane_instance.i_fpnew_cast_multi/mem_q[7][sbe][result][60]_i_105_n_0
                         CARRY4 (Prop_carry4_S[1]_CO[3])
                                                      0.444    14.674 r  i_ariane/i_cva6/ex_stage_i/fpu_gen.fpu_i/fpu_gen.i_fpnew_bulk/gen_operation_groups[3].i_opgroup_block/gen_merged_slice.i_multifmt_slice/gen_num_lanes[0].active_lane.lane_instance.i_fpnew_cast_multi/mem_q_reg[7][sbe][result][60]_i_51/CO[3]
                         net (fo=1, unplaced)         0.000    14.674    i_ariane/i_cva6/ex_stage_i/fpu_gen.fpu_i/fpu_gen.i_fpnew_bulk/gen_operation_groups[3].i_opgroup_block/gen_merged_slice.i_multifmt_slice/gen_num_lanes[0].active_lane.lane_instance.i_fpnew_cast_multi/mem_q_reg[7][sbe][result][60]_i_51_n_0
                         CARRY4 (Prop_carry4_CI_O[1])
                                                      0.269    14.943 r  i_ariane/i_cva6/ex_stage_i/fpu_gen.fpu_i/fpu_gen.i_fpnew_bulk/gen_operation_groups[3].i_opgroup_block/gen_merged_slice.i_multifmt_slice/gen_num_lanes[0].active_lane.lane_instance.i_fpnew_cast_multi/mem_q_reg[7][sbe][result][62]_i_30/O[1]
                         net (fo=2, unplaced)         0.251    15.194    i_ariane/i_cva6/ex_stage_i/fpu_gen.fpu_i/fpu_gen.i_fpnew_bulk/gen_operation_groups[3].i_opgroup_block/gen_merged_slice.i_multifmt_slice/gen_num_lanes[0].active_lane.lane_instance.i_fpnew_cast_multi/rounded_int_res0[62]
                         LUT3 (Prop_lut3_I0_O)        0.245    15.439 r  i_ariane/i_cva6/ex_stage_i/fpu_gen.fpu_i/fpu_gen.i_fpnew_bulk/gen_operation_groups[3].i_opgroup_block/gen_merged_slice.i_multifmt_slice/gen_num_lanes[0].active_lane.lane_instance.i_fpnew_cast_multi/mem_q[7][sbe][ex][cause][0]_i_211/O
                         net (fo=2, unplaced)         0.358    15.797    i_ariane/i_cva6/ex_stage_i/fpu_gen.fpu_i/fpu_gen.i_fpnew_bulk/gen_operation_groups[3].i_opgroup_block/gen_merged_slice.i_multifmt_slice/gen_num_lanes[0].active_lane.lane_instance.i_fpnew_cast_multi/mem_q[7][sbe][ex][cause][0]_i_211_n_0
                         LUT5 (Prop_lut5_I1_O)        0.105    15.902 f  i_ariane/i_cva6/ex_stage_i/fpu_gen.fpu_i/fpu_gen.i_fpnew_bulk/gen_operation_groups[3].i_opgroup_block/gen_merged_slice.i_multifmt_slice/gen_num_lanes[0].active_lane.lane_instance.i_fpnew_cast_multi/mem_q[7][sbe][ex][cause][4]_i_80/O
                         net (fo=1, unplaced)         0.000    15.902    i_ariane/i_cva6/ex_stage_i/fpu_gen.fpu_i/fpu_gen.i_fpnew_bulk/gen_operation_groups[3].i_opgroup_block/gen_merged_slice.i_multifmt_slice/gen_num_lanes[0].active_lane.lane_instance.i_fpnew_cast_multi/mem_q[7][sbe][ex][cause][4]_i_80_n_0
                         MUXF7 (Prop_muxf7_I1_O)      0.206    16.108 f  i_ariane/i_cva6/ex_stage_i/fpu_gen.fpu_i/fpu_gen.i_fpnew_bulk/gen_operation_groups[3].i_opgroup_block/gen_merged_slice.i_multifmt_slice/gen_num_lanes[0].active_lane.lane_instance.i_fpnew_cast_multi/mem_q_reg[7][sbe][ex][cause][4]_i_52/O
                         net (fo=1, unplaced)         0.349    16.457    i_ariane/i_cva6/ex_stage_i/fpu_gen.fpu_i/fpu_gen.i_fpnew_bulk/gen_operation_groups[3].i_opgroup_block/gen_merged_slice.i_multifmt_slice/gen_num_lanes[0].active_lane.lane_instance.i_fpnew_cast_multi/mem_q_reg[7][sbe][ex][cause][4]_i_52_n_0
                         LUT6 (Prop_lut6_I0_O)        0.242    16.699 f  i_ariane/i_cva6/ex_stage_i/fpu_gen.fpu_i/fpu_gen.i_fpnew_bulk/gen_operation_groups[3].i_opgroup_block/gen_merged_slice.i_multifmt_slice/gen_num_lanes[0].active_lane.lane_instance.i_fpnew_cast_multi/mem_q[7][sbe][ex][cause][4]_i_36/O
                         net (fo=1, unplaced)         0.347    17.046    i_ariane/i_cva6/ex_stage_i/fpu_gen.fpu_i/fpu_gen.i_fpnew_bulk/gen_operation_groups[3].i_opgroup_block/gen_merged_slice.i_multifmt_slice/gen_num_lanes[0].active_lane.lane_instance.i_fpnew_cast_multi/of_after_round
                         LUT6 (Prop_lut6_I5_O)        0.105    17.151 f  i_ariane/i_cva6/ex_stage_i/fpu_gen.fpu_i/fpu_gen.i_fpnew_bulk/gen_operation_groups[3].i_opgroup_block/gen_merged_slice.i_multifmt_slice/gen_num_lanes[0].active_lane.lane_instance.i_fpnew_cast_multi/mem_q[7][sbe][ex][cause][4]_i_28/O
                         net (fo=3, unplaced)         0.365    17.516    i_ariane/i_cva6/ex_stage_i/fpu_gen.fpu_i/fpu_gen.i_fpnew_bulk/gen_operation_groups[3].i_opgroup_block/gen_merged_slice.i_multifmt_slice/gen_num_lanes[0].active_lane.lane_instance.i_fpnew_cast_multi/int_regular_status[NV]
                         LUT6 (Prop_lut6_I0_O)        0.105    17.621 f  i_ariane/i_cva6/ex_stage_i/fpu_gen.fpu_i/fpu_gen.i_fpnew_bulk/gen_operation_groups[3].i_opgroup_block/gen_merged_slice.i_multifmt_slice/gen_num_lanes[0].active_lane.lane_instance.i_fpnew_cast_multi/mem_q[7][sbe][ex][cause][0]_i_9/O
                         net (fo=66, unplaced)        0.436    18.057    i_ariane/i_cva6/ex_stage_i/fpu_gen.fpu_i/fpu_gen.i_fpnew_bulk/gen_operation_groups[3].i_opgroup_block/gen_merged_slice.i_multifmt_slice/gen_num_lanes[0].active_lane.lane_instance.i_fpnew_cast_multi/int_result_is_special
                         LUT6 (Prop_lut6_I4_O)        0.105    18.162 r  i_ariane/i_cva6/ex_stage_i/fpu_gen.fpu_i/fpu_gen.i_fpnew_bulk/gen_operation_groups[3].i_opgroup_block/gen_merged_slice.i_multifmt_slice/gen_num_lanes[0].active_lane.lane_instance.i_fpnew_cast_multi/mem_q[7][sbe][result][63]_i_32/O
                         net (fo=2, unplaced)         0.358    18.520    i_ariane/i_cva6/ex_stage_i/fpu_gen.fpu_i/fpu_gen.i_fpnew_bulk/gen_operation_groups[3].i_opgroup_block/gen_merged_slice.i_multifmt_slice/gen_num_lanes[0].active_lane.lane_instance.i_fpnew_cast_multi/int_result[63]
                         LUT2 (Prop_lut2_I0_O)        0.105    18.625 r  i_ariane/i_cva6/ex_stage_i/fpu_gen.fpu_i/fpu_gen.i_fpnew_bulk/gen_operation_groups[3].i_opgroup_block/gen_merged_slice.i_multifmt_slice/gen_num_lanes[0].active_lane.lane_instance.i_fpnew_cast_multi/mem_q[7][sbe][result][50]_i_13/O
                         net (fo=21, unplaced)        0.408    19.033    i_ariane/i_cva6/ex_stage_i/fpu_gen.fpu_i/fpu_gen.i_fpnew_bulk/gen_operation_groups[3].i_opgroup_block/gen_merged_slice.i_multifmt_slice/gen_num_lanes[0].active_lane.lane_instance.i_fpnew_cast_multi/mem_q[7][sbe][result][50]_i_13_n_0
                         LUT5 (Prop_lut5_I0_O)        0.105    19.138 r  i_ariane/i_cva6/ex_stage_i/fpu_gen.fpu_i/fpu_gen.i_fpnew_bulk/gen_operation_groups[3].i_opgroup_block/gen_merged_slice.i_multifmt_slice/gen_num_lanes[0].active_lane.lane_instance.i_fpnew_cast_multi/mem_q[7][sbe][result][50]_i_5/O
                         net (fo=40, unplaced)        0.424    19.562    i_ariane/i_cva6/ex_stage_i/fpu_gen.fpu_i/fpu_gen.i_fpnew_bulk/gen_operation_groups[3].i_opgroup_block/gen_merged_slice.i_multifmt_slice/gen_num_lanes[0].active_lane.lane_instance.i_fpnew_cast_multi/mem_q[7][sbe][result][50]_i_5_n_0
                         LUT6 (Prop_lut6_I5_O)        0.105    19.667 r  i_ariane/i_cva6/ex_stage_i/fpu_gen.fpu_i/fpu_gen.i_fpnew_bulk/gen_operation_groups[3].i_opgroup_block/gen_merged_slice.i_multifmt_slice/gen_num_lanes[0].active_lane.lane_instance.i_fpnew_cast_multi/mem_q[7][sbe][result][63]_i_15/O
                         net (fo=1, unplaced)         0.347    20.014    i_ariane/i_cva6/ex_stage_i/fpu_gen.fpu_i/fpu_gen.i_fpnew_bulk/gen_operation_groups[2].i_opgroup_block/gen_parallel_slices[0].active_format.i_fmt_slice/gen_num_lanes[0].active_lane.lane_instance.i_noncomp/opgrp_outputs[3][result][0]
                         LUT6 (Prop_lut6_I0_O)        0.105    20.119 r  i_ariane/i_cva6/ex_stage_i/fpu_gen.fpu_i/fpu_gen.i_fpnew_bulk/gen_operation_groups[2].i_opgroup_block/gen_parallel_slices[0].active_format.i_fmt_slice/gen_num_lanes[0].active_lane.lane_instance.i_noncomp/mem_q[7][sbe][result][63]_i_8/O
                         net (fo=1, unplaced)         0.000    20.119    i_ariane/i_cva6/ex_stage_i/fpu_gen.fpu_i/fpu_gen.i_fpnew_bulk/gen_operation_groups[0].i_opgroup_block/gen_parallel_slices[0].active_format.i_fmt_slice/gen_num_lanes[0].active_lane.lane_instance.i_fma/gen_arbiter.data_nodes[2][result][44]
                         MUXF7 (Prop_muxf7_I1_O)      0.206    20.325 r  i_ariane/i_cva6/ex_stage_i/fpu_gen.fpu_i/fpu_gen.i_fpnew_bulk/gen_operation_groups[0].i_opgroup_block/gen_parallel_slices[0].active_format.i_fmt_slice/gen_num_lanes[0].active_lane.lane_instance.i_fma/mem_q_reg[7][sbe][result][63]_i_4/O
                         net (fo=14, unplaced)        0.400    20.725    i_ariane/i_cva6/ex_stage_i/fpu_gen.fpu_i/fpu_gen.i_fpnew_bulk/gen_operation_groups[0].i_opgroup_block/gen_parallel_slices[0].active_format.i_fmt_slice/gen_num_lanes[0].active_lane.lane_instance.i_fma/gen_arbiter.gen_int_rr.rr_q_reg[1]_4
                         LUT2 (Prop_lut2_I0_O)        0.242    20.967 f  i_ariane/i_cva6/ex_stage_i/fpu_gen.fpu_i/fpu_gen.i_fpnew_bulk/gen_operation_groups[0].i_opgroup_block/gen_parallel_slices[0].active_format.i_fmt_slice/gen_num_lanes[0].active_lane.lane_instance.i_fma/fu_data_q[0][operand_a][63]_i_54/O
                         net (fo=3, unplaced)         0.365    21.332    i_ariane/i_cva6/ex_stage_i/fpu_gen.fpu_i/fpu_gen.i_fpnew_bulk/gen_operation_groups[3].i_opgroup_block/gen_merged_slice.i_multifmt_slice/gen_num_lanes[0].active_lane.lane_instance.i_fpnew_cast_multi/fu_data_q[0][imm][63]_i_10
                         LUT6 (Prop_lut6_I5_O)        0.105    21.437 f  i_ariane/i_cva6/ex_stage_i/fpu_gen.fpu_i/fpu_gen.i_fpnew_bulk/gen_operation_groups[3].i_opgroup_block/gen_merged_slice.i_multifmt_slice/gen_num_lanes[0].active_lane.lane_instance.i_fpnew_cast_multi/fu_data_q[0][operand_a][63]_i_24/O
                         net (fo=3, unplaced)         0.365    21.802    i_ariane/i_cva6/ex_stage_i/fpu_gen.fpu_i/fpu_gen.i_fpnew_bulk/gen_operation_groups[0].i_opgroup_block/gen_parallel_slices[0].active_format.i_fmt_slice/gen_num_lanes[0].active_lane.lane_instance.i_fma/fu_data_q_reg[0][operand_b][63]_i_5_0
                         LUT6 (Prop_lut6_I3_O)        0.105    21.907 f  i_ariane/i_cva6/ex_stage_i/fpu_gen.fpu_i/fpu_gen.i_fpnew_bulk/gen_operation_groups[0].i_opgroup_block/gen_parallel_slices[0].active_format.i_fmt_slice/gen_num_lanes[0].active_lane.lane_instance.i_fma/fu_data_q[0][operand_a][63]_i_7/O
                         net (fo=1, unplaced)         0.000    21.907    i_ariane/i_cva6/ex_stage_i/fpu_gen.fpu_i/fpu_gen.i_fpnew_bulk/gen_operation_groups[3].i_opgroup_block/gen_merged_slice.i_multifmt_slice/gen_num_lanes[0].active_lane.lane_instance.i_fpnew_cast_multi/fu_data_q_reg[0][operand_a][63]_0
                         MUXF7 (Prop_muxf7_I1_O)      0.206    22.113 f  i_ariane/i_cva6/ex_stage_i/fpu_gen.fpu_i/fpu_gen.i_fpnew_bulk/gen_operation_groups[3].i_opgroup_block/gen_merged_slice.i_multifmt_slice/gen_num_lanes[0].active_lane.lane_instance.i_fpnew_cast_multi/fu_data_q_reg[0][operand_a][63]_i_2/O
                         net (fo=1, unplaced)         0.349    22.462    i_ariane/i_cva6/id_stage_i/fu_data_q_reg[0][operand_a][63]
                         LUT6 (Prop_lut6_I0_O)        0.242    22.704 r  i_ariane/i_cva6/id_stage_i/fu_data_q[0][operand_a][63]_i_1/O
                         net (fo=2, unplaced)         0.000    22.704    i_ariane/i_cva6/ex_stage_i/vaddr_to_be_flushed_reg[63]_0[63]
                         FDCE                                         r  i_ariane/i_cva6/ex_stage_i/vaddr_to_be_flushed_reg[63]/D
  -------------------------------------------------------------------    -------------------

                         (clock clk_i rise edge)     10.000    10.000 r  
                                                      0.000    10.000 r  clk_i (IN)
                         net (fo=33654, unset)        0.748    10.748    i_ariane/i_cva6/ex_stage_i/clk_i
                         FDCE                                         r  i_ariane/i_cva6/ex_stage_i/vaddr_to_be_flushed_reg[63]/C
                         clock pessimism              0.000    10.748    
                         clock uncertainty           -0.035    10.712    
                         FDCE (Setup_fdce_C_D)        0.043    10.755    i_ariane/i_cva6/ex_stage_i/vaddr_to_be_flushed_reg[63]
  -------------------------------------------------------------------
                         required time                         10.755    
                         arrival time                         -22.704    
  -------------------------------------------------------------------
                         slack                                -11.949    




