Copyright 1986-2022 Xilinx, Inc. All Rights Reserved. Copyright 2022-2024 Advanced Micro Devices, Inc. All Rights Reserved.
---------------------------------------------------------------------------------------------------------------------------------------------
| Tool Version : Vivado v.2024.1 (win64) Build 5076996 Wed May 22 18:37:14 MDT 2024
| Date         : Wed Aug 12 15:33:18 2026
| Host         : AlessandraYOGA running 64-bit major release  (build 9200)
| Command      : report_utilization -hierarchical -file reports/vrf_synth_top.utilization.rpt
| Design       : vrf_synth_top
| Device       : xc7a100tftg256-2
| Speed File   : -2
| Design State : Optimized
---------------------------------------------------------------------------------------------------------------------------------------------

Utilization Design Information

Table of Contents
-----------------
1. Utilization by Hierarchy

1. Utilization by Hierarchy
---------------------------

+--------------------------------------------------------------------------------------------------------------------+----------------------------------------------+------------+------------+---------+------+-------+--------+--------+------------+
|                                                      Instance                                                      |                    Module                    | Total LUTs | Logic LUTs | LUTRAMs | SRLs |  FFs  | RAMB36 | RAMB18 | DSP Blocks |
+--------------------------------------------------------------------------------------------------------------------+----------------------------------------------+------------+------------+---------+------+-------+--------+--------+------------+
| vrf_synth_top                                                                                                      |                                        (top) |      70402 |      70402 |       0 |    0 | 33577 |     37 |      0 |         33 |
|   (vrf_synth_top)                                                                                                  |                                        (top) |          0 |          0 |       0 |    0 |     1 |      0 |      0 |          0 |
|   i_ariane                                                                                                         |                                       ariane |      52966 |      52966 |       0 |    0 | 23607 |     36 |      0 |         27 |
|     i_cva6                                                                                                         |                                         cva6 |      52966 |      52966 |       0 |    0 | 23607 |     36 |      0 |         27 |
|       csr_regfile_i                                                                                                |                                  csr_regfile |       2355 |       2355 |       0 |    0 |  1696 |      0 |      0 |          0 |
|       ex_stage_i                                                                                                   |                                     ex_stage |      22090 |      22090 |       0 |    0 |  8008 |      0 |      0 |         27 |
|         (ex_stage_i)                                                                                               |                                     ex_stage |          0 |          0 |       0 |    0 |    81 |      0 |      0 |          0 |
|         csr_buffer_i                                                                                               |                                   csr_buffer |       1507 |       1507 |       0 |    0 |    26 |      0 |      0 |          0 |
|         fpu_gen.fpu_i                                                                                              |                                     fpu_wrap |      11773 |      11773 |       0 |    0 |  2268 |      0 |      0 |         11 |
|           (fpu_gen.fpu_i)                                                                                          |                                     fpu_wrap |          0 |          0 |       0 |    0 |   214 |      0 |      0 |          0 |
|           fpu_gen.i_fpnew_bulk                                                                                     |                                    fpnew_top |      11773 |      11773 |       0 |    0 |  2054 |      0 |      0 |         11 |
|             (fpu_gen.i_fpnew_bulk)                                                                                 |                                    fpnew_top |        184 |        184 |       0 |    0 |     0 |      0 |      0 |          0 |
|             gen_operation_groups[0].i_opgroup_block                                                                |                          fpnew_opgroup_block |       3729 |       3729 |       0 |    0 |   746 |      0 |      0 |         11 |
|               gen_parallel_slices[0].active_format.i_fmt_slice                                                     |                      fpnew_opgroup_fmt_slice |       1069 |       1069 |       0 |    0 |   241 |      0 |      0 |          2 |
|                 gen_num_lanes[0].active_lane.lane_instance.i_fma                                                   |                                    fpnew_fma |       1069 |       1069 |       0 |    0 |   241 |      0 |      0 |          2 |
|               gen_parallel_slices[1].active_format.i_fmt_slice                                                     |      fpnew_opgroup_fmt_slice__parameterized0 |       2660 |       2660 |       0 |    0 |   504 |      0 |      0 |          9 |
|                 gen_num_lanes[0].active_lane.lane_instance.i_fma                                                   |                    fpnew_fma__parameterized0 |       2660 |       2660 |       0 |    0 |   504 |      0 |      0 |          9 |
|               i_arbiter                                                                                            |              rr_arb_tree__parameterized4_236 |          0 |          0 |       0 |    0 |     1 |      0 |      0 |          0 |
|             gen_operation_groups[1].i_opgroup_block                                                                |          fpnew_opgroup_block__parameterized0 |       5364 |       5364 |       0 |    0 |   876 |      0 |      0 |          0 |
|               gen_merged_slice.i_multifmt_slice                                                                    |                 fpnew_opgroup_multifmt_slice |       5361 |       5361 |       0 |    0 |   876 |      0 |      0 |          0 |
|                 gen_num_lanes[0].active_lane.lane_instance.gen_thmulti_c910_divsqrt.i_fpnew_divsqrt_th_64_c910     |                    fpnew_divsqrt_th_64_multi |       5361 |       5361 |       0 |    0 |   876 |      0 |      0 |          0 |
|                   (gen_num_lanes[0].active_lane.lane_instance.gen_thmulti_c910_divsqrt.i_fpnew_divsqrt_th_64_c910) |                    fpnew_divsqrt_th_64_multi |         51 |         51 |       0 |    0 |   370 |      0 |      0 |          0 |
|                   i_ct_vfdsu_top                                                                                   |                                 ct_vfdsu_top |       5310 |       5310 |       0 |    0 |   506 |      0 |      0 |          0 |
|                     x_ct_vfdsu_ctrl                                                                                |                                ct_vfdsu_ctrl |         40 |         40 |       0 |    0 |    17 |      0 |      0 |          0 |
|                     x_ct_vfdsu_double                                                                              |                              ct_vfdsu_double |       5259 |       5259 |       0 |    0 |   474 |      0 |      0 |          0 |
|                       (x_ct_vfdsu_double)                                                                          |                              ct_vfdsu_double |         12 |         12 |       0 |    0 |     0 |      0 |      0 |          0 |
|                       x_ct_vfdsu_prepare                                                                           |                             ct_vfdsu_prepare |       2005 |       2005 |       0 |    0 |    43 |      0 |      0 |          0 |
|                       x_ct_vfdsu_round                                                                             |                               ct_vfdsu_round |        733 |        733 |       0 |    0 |    96 |      0 |      0 |          0 |
|                       x_ct_vfdsu_srt                                                                               |                                 ct_vfdsu_srt |       2513 |       2513 |       0 |    0 |   335 |      0 |      0 |          0 |
|                         (x_ct_vfdsu_srt)                                                                           |                                 ct_vfdsu_srt |        233 |        233 |       0 |    0 |    85 |      0 |      0 |          0 |
|                         x_ct_vfdsu_srt_radix16_with_sqrt                                                           |               ct_vfdsu_srt_radix16_with_sqrt |       2280 |       2280 |       0 |    0 |   250 |      0 |      0 |          0 |
|                           (x_ct_vfdsu_srt_radix16_with_sqrt)                                                       |               ct_vfdsu_srt_radix16_with_sqrt |       2208 |       2208 |       0 |    0 |   250 |      0 |      0 |          0 |
|                           x_ct_vfdsu_srt_radix16_bound_table                                                       |             ct_vfdsu_srt_radix16_bound_table |         72 |         72 |       0 |    0 |     0 |      0 |      0 |          0 |
|                     x_ct_vfdsu_scalar_dp                                                                           |                           ct_vfdsu_scalar_dp |         11 |         11 |       0 |    0 |    15 |      0 |      0 |          0 |
|               i_arbiter                                                                                            |              rr_arb_tree__parameterized4_235 |          3 |          3 |       0 |    0 |     0 |      0 |      0 |          0 |
|             gen_operation_groups[2].i_opgroup_block                                                                |          fpnew_opgroup_block__parameterized1 |        420 |        420 |       0 |    0 |   221 |      0 |      0 |          0 |
|               gen_parallel_slices[0].active_format.i_fmt_slice                                                     |      fpnew_opgroup_fmt_slice__parameterized1 |        158 |        158 |       0 |    0 |    79 |      0 |      0 |          0 |
|                 gen_num_lanes[0].active_lane.lane_instance.i_noncomp                                               |                                fpnew_noncomp |        158 |        158 |       0 |    0 |    79 |      0 |      0 |          0 |
|               gen_parallel_slices[1].active_format.i_fmt_slice                                                     |      fpnew_opgroup_fmt_slice__parameterized2 |        262 |        262 |       0 |    0 |   141 |      0 |      0 |          0 |
|                 gen_num_lanes[0].active_lane.lane_instance.i_noncomp                                               |                fpnew_noncomp__parameterized0 |        262 |        262 |       0 |    0 |   141 |      0 |      0 |          0 |
|               i_arbiter                                                                                            |                  rr_arb_tree__parameterized4 |          0 |          0 |       0 |    0 |     1 |      0 |      0 |          0 |
|             gen_operation_groups[3].i_opgroup_block                                                                |          fpnew_opgroup_block__parameterized2 |       2078 |       2078 |       0 |    0 |   209 |      0 |      0 |          0 |
|               gen_merged_slice.i_multifmt_slice                                                                    | fpnew_opgroup_multifmt_slice__parameterized0 |       2078 |       2078 |       0 |    0 |   209 |      0 |      0 |          0 |
|                 gen_num_lanes[0].active_lane.lane_instance.i_fpnew_cast_multi                                      |                             fpnew_cast_multi |       2078 |       2078 |       0 |    0 |   209 |      0 |      0 |          0 |
|             i_arbiter                                                                                              |                  rr_arb_tree__parameterized5 |          7 |          7 |       0 |    0 |     2 |      0 |      0 |          0 |
|         i_mult                                                                                                     |                                         mult |        680 |        680 |       0 |    0 |   388 |      0 |      0 |         16 |
|           (i_mult)                                                                                                 |                                         mult |          0 |          0 |       0 |    0 |     1 |      0 |      0 |          0 |
|           i_div                                                                                                    |                                       serdiv |        314 |        314 |       0 |    0 |   209 |      0 |      0 |          0 |
|           i_multiplier                                                                                             |                                   multiplier |        366 |        366 |       0 |    0 |   178 |      0 |      0 |         16 |
|         lsu_i                                                                                                      |                              load_store_unit |       8130 |       8130 |       0 |    0 |  5245 |      0 |      0 |          0 |
|           gen_mmu.i_cva6_mmu                                                                                       |                                     cva6_mmu |       4653 |       4653 |       0 |    0 |  3526 |      0 |      0 |          0 |
|             (gen_mmu.i_cva6_mmu)                                                                                   |                                     cva6_mmu |        539 |        539 |       0 |    0 |   184 |      0 |      0 |          0 |
|             i_dtlb                                                                                                 |                                     cva6_tlb |       1322 |       1322 |       0 |    0 |  1551 |      0 |      0 |          0 |
|             i_itlb                                                                                                 |                                 cva6_tlb_233 |       1892 |       1892 |       0 |    0 |  1519 |      0 |      0 |          0 |
|             i_ptw                                                                                                  |                                     cva6_ptw |        855 |        855 |       0 |    0 |   204 |      0 |      0 |          0 |
|               (i_ptw)                                                                                              |                                     cva6_ptw |        417 |        417 |       0 |    0 |   204 |      0 |      0 |          0 |
|               i_pmp_ptw                                                                                            |                                      pmp_234 |        448 |        448 |       0 |    0 |     0 |      0 |      0 |          0 |
|             i_shared_tlb                                                                                           |                              cva6_shared_tlb |         46 |         46 |       0 |    0 |    68 |      0 |      0 |          0 |
|           i_load_unit                                                                                              |                                    load_unit |        138 |        138 |       0 |    0 |    36 |      0 |      0 |          0 |
|           i_pipe_reg_load                                                                                          |                                    shift_reg |       1846 |       1846 |       0 |    0 |   137 |      0 |      0 |          0 |
|           i_pmp_data_if                                                                                            |                                  pmp_data_if |        185 |        185 |       0 |    0 |     0 |      0 |      0 |          0 |
|             i_pmp_data                                                                                             |                                          pmp |        104 |        104 |       0 |    0 |     0 |      0 |      0 |          0 |
|             i_pmp_if                                                                                               |                                      pmp_232 |         81 |         81 |       0 |    0 |     0 |      0 |      0 |          0 |
|           i_store_unit                                                                                             |                                   store_unit |        930 |        930 |       0 |    0 |  1234 |      0 |      0 |          0 |
|             (i_store_unit)                                                                                         |                                   store_unit |        357 |        357 |       0 |    0 |    84 |      0 |      0 |          0 |
|             i_amo_buffer                                                                                           |                                   amo_buffer |         83 |         83 |       0 |    0 |   128 |      0 |      0 |          0 |
|               i_amo_fifo                                                                                           |                 cva6_fifo_v3__parameterized5 |         83 |         83 |       0 |    0 |   128 |      0 |      0 |          0 |
|             store_buffer_i                                                                                         |                                 store_buffer |        490 |        490 |       0 |    0 |  1022 |      0 |      0 |          0 |
|           lsu_bypass_i                                                                                             |                                   lsu_bypass |        461 |        461 |       0 |    0 |   312 |      0 |      0 |          0 |
|       gen_cache_wt.i_cache_subsystem                                                                               |                           wt_cache_subsystem |       6259 |       6259 |       0 |    0 |  2488 |     36 |      0 |          0 |
|         i_adapter                                                                                                  |                               wt_axi_adapter |        625 |        625 |       0 |    0 |   709 |      0 |      0 |          0 |
|           (i_adapter)                                                                                              |                               wt_axi_adapter |        240 |        240 |       0 |    0 |   277 |      0 |      0 |          0 |
|           i_axi_shim                                                                                               |                                     axi_shim |          5 |          5 |       0 |    0 |     2 |      0 |      0 |          0 |
|           i_b_fifo                                                                                                 |                 cva6_fifo_v3__parameterized2 |         30 |         30 |       0 |    0 |    15 |      0 |      0 |          0 |
|           i_dcache_data_fifo                                                                                       |                 cva6_fifo_v3__parameterized1 |        242 |        242 |       0 |    0 |   266 |      0 |      0 |          0 |
|           i_icache_data_fifo                                                                                       |                 cva6_fifo_v3__parameterized0 |         62 |         62 |       0 |    0 |   112 |      0 |      0 |          0 |
|           i_rd_dcache_id                                                                                           |                             cva6_fifo_v3_229 |         15 |         15 |       0 |    0 |    15 |      0 |      0 |          0 |
|           i_rd_icache_id                                                                                           |                             cva6_fifo_v3_230 |          6 |          6 |       0 |    0 |     3 |      0 |      0 |          0 |
|           i_rr_arb_tree                                                                                            |                  rr_arb_tree__parameterized3 |          7 |          7 |       0 |    0 |     4 |      0 |      0 |          0 |
|           i_wr_dcache_id                                                                                           |                             cva6_fifo_v3_231 |         18 |         18 |       0 |    0 |    15 |      0 |      0 |          0 |
|         i_cva6_icache                                                                                              |                                  cva6_icache |        383 |        383 |       0 |    0 |   136 |     12 |      0 |          0 |
|           (i_cva6_icache)                                                                                          |                                  cva6_icache |         95 |         95 |       0 |    0 |   128 |      0 |      0 |          0 |
|           gen_sram[0].data_sram                                                                                    |                   sram_cache__parameterized0 |         35 |         35 |       0 |    0 |     0 |      2 |      0 |          0 |
|             data_sram                                                                                              |                     sram__parameterized0_224 |         35 |         35 |       0 |    0 |     0 |      2 |      0 |          0 |
|               gen_cut[0].i_tc_sram_wrapper                                                                         |                          tc_sram_wrapper_225 |          0 |          0 |       0 |    0 |     0 |      1 |      0 |          0 |
|                 i_ram                                                                                              |                          SyncSpRamBeNx64_228 |          0 |          0 |       0 |    0 |     0 |      1 |      0 |          0 |
|               gen_cut[1].i_tc_sram_wrapper                                                                         |                          tc_sram_wrapper_226 |         35 |         35 |       0 |    0 |     0 |      1 |      0 |          0 |
|                 i_ram                                                                                              |                          SyncSpRamBeNx64_227 |         35 |         35 |       0 |    0 |     0 |      1 |      0 |          0 |
|           gen_sram[0].tag_sram                                                                                     |                               sram_cache_191 |         59 |         59 |       0 |    0 |     0 |      1 |      0 |          0 |
|             data_sram                                                                                              |                                     sram_221 |         59 |         59 |       0 |    0 |     0 |      1 |      0 |          0 |
|               gen_cut[0].i_tc_sram_wrapper                                                                         |                          tc_sram_wrapper_222 |         59 |         59 |       0 |    0 |     0 |      1 |      0 |          0 |
|                 i_ram                                                                                              |                          SyncSpRamBeNx64_223 |         59 |         59 |       0 |    0 |     0 |      1 |      0 |          0 |
|           gen_sram[1].data_sram                                                                                    |               sram_cache__parameterized0_192 |         34 |         34 |       0 |    0 |     0 |      2 |      0 |          0 |
|             data_sram                                                                                              |                     sram__parameterized0_216 |         34 |         34 |       0 |    0 |     0 |      2 |      0 |          0 |
|               gen_cut[0].i_tc_sram_wrapper                                                                         |                          tc_sram_wrapper_217 |          0 |          0 |       0 |    0 |     0 |      1 |      0 |          0 |
|                 i_ram                                                                                              |                          SyncSpRamBeNx64_220 |          0 |          0 |       0 |    0 |     0 |      1 |      0 |          0 |
|               gen_cut[1].i_tc_sram_wrapper                                                                         |                          tc_sram_wrapper_218 |         34 |         34 |       0 |    0 |     0 |      1 |      0 |          0 |
|                 i_ram                                                                                              |                          SyncSpRamBeNx64_219 |         34 |         34 |       0 |    0 |     0 |      1 |      0 |          0 |
|           gen_sram[1].tag_sram                                                                                     |                               sram_cache_193 |         17 |         17 |       0 |    0 |     0 |      1 |      0 |          0 |
|             data_sram                                                                                              |                                     sram_213 |         17 |         17 |       0 |    0 |     0 |      1 |      0 |          0 |
|               gen_cut[0].i_tc_sram_wrapper                                                                         |                          tc_sram_wrapper_214 |         17 |         17 |       0 |    0 |     0 |      1 |      0 |          0 |
|                 i_ram                                                                                              |                          SyncSpRamBeNx64_215 |         17 |         17 |       0 |    0 |     0 |      1 |      0 |          0 |
|           gen_sram[2].data_sram                                                                                    |               sram_cache__parameterized0_194 |         34 |         34 |       0 |    0 |     0 |      2 |      0 |          0 |
|             data_sram                                                                                              |                     sram__parameterized0_208 |         34 |         34 |       0 |    0 |     0 |      2 |      0 |          0 |
|               gen_cut[0].i_tc_sram_wrapper                                                                         |                          tc_sram_wrapper_209 |          0 |          0 |       0 |    0 |     0 |      1 |      0 |          0 |
|                 i_ram                                                                                              |                          SyncSpRamBeNx64_212 |          0 |          0 |       0 |    0 |     0 |      1 |      0 |          0 |
|               gen_cut[1].i_tc_sram_wrapper                                                                         |                          tc_sram_wrapper_210 |         34 |         34 |       0 |    0 |     0 |      1 |      0 |          0 |
|                 i_ram                                                                                              |                          SyncSpRamBeNx64_211 |         34 |         34 |       0 |    0 |     0 |      1 |      0 |          0 |
|           gen_sram[2].tag_sram                                                                                     |                               sram_cache_195 |         23 |         23 |       0 |    0 |     0 |      1 |      0 |          0 |
|             data_sram                                                                                              |                                     sram_205 |         23 |         23 |       0 |    0 |     0 |      1 |      0 |          0 |
|               gen_cut[0].i_tc_sram_wrapper                                                                         |                          tc_sram_wrapper_206 |         23 |         23 |       0 |    0 |     0 |      1 |      0 |          0 |
|                 i_ram                                                                                              |                          SyncSpRamBeNx64_207 |         23 |         23 |       0 |    0 |     0 |      1 |      0 |          0 |
|           gen_sram[3].data_sram                                                                                    |               sram_cache__parameterized0_196 |         36 |         36 |       0 |    0 |     0 |      2 |      0 |          0 |
|             data_sram                                                                                              |                         sram__parameterized0 |         36 |         36 |       0 |    0 |     0 |      2 |      0 |          0 |
|               gen_cut[0].i_tc_sram_wrapper                                                                         |                          tc_sram_wrapper_201 |          0 |          0 |       0 |    0 |     0 |      1 |      0 |          0 |
|                 i_ram                                                                                              |                          SyncSpRamBeNx64_204 |          0 |          0 |       0 |    0 |     0 |      1 |      0 |          0 |
|               gen_cut[1].i_tc_sram_wrapper                                                                         |                          tc_sram_wrapper_202 |         36 |         36 |       0 |    0 |     0 |      1 |      0 |          0 |
|                 i_ram                                                                                              |                          SyncSpRamBeNx64_203 |         36 |         36 |       0 |    0 |     0 |      1 |      0 |          0 |
|           gen_sram[3].tag_sram                                                                                     |                               sram_cache_197 |         43 |         43 |       0 |    0 |     0 |      1 |      0 |          0 |
|             data_sram                                                                                              |                                     sram_198 |         43 |         43 |       0 |    0 |     0 |      1 |      0 |          0 |
|               gen_cut[0].i_tc_sram_wrapper                                                                         |                          tc_sram_wrapper_199 |         43 |         43 |       0 |    0 |     0 |      1 |      0 |          0 |
|                 i_ram                                                                                              |                          SyncSpRamBeNx64_200 |         43 |         43 |       0 |    0 |     0 |      1 |      0 |          0 |
|           i_lfsr                                                                                                   |                                         lfsr |          7 |          7 |       0 |    0 |     8 |      0 |      0 |          0 |
|         i_wt_dcache                                                                                                |                                    wt_dcache |       5251 |       5251 |       0 |    0 |  1643 |     24 |      0 |          0 |
|           (i_wt_dcache)                                                                                            |                                    wt_dcache |          1 |          1 |       0 |    0 |     0 |      0 |      0 |          0 |
|           gen_rd_ports[0].i_wt_dcache_ctrl                                                                         |                               wt_dcache_ctrl |        128 |        128 |       0 |    0 |    67 |      0 |      0 |          0 |
|           gen_rd_ports[1].i_wt_dcache_ctrl                                                                         |                           wt_dcache_ctrl_128 |        105 |        105 |       0 |    0 |    72 |      0 |      0 |          0 |
|           i_wt_dcache_mem                                                                                          |                                wt_dcache_mem |        645 |        645 |       0 |    0 |    15 |     24 |      0 |          0 |
|             (i_wt_dcache_mem)                                                                                      |                                wt_dcache_mem |        189 |        189 |       0 |    0 |    13 |      0 |      0 |          0 |
|             gen_data_banks[0].i_data_sram                                                                          |                   sram_cache__parameterized1 |          0 |          0 |       0 |    0 |     0 |      8 |      0 |          0 |
|               data_sram                                                                                            |                     sram__parameterized1_174 |          0 |          0 |       0 |    0 |     0 |      8 |      0 |          0 |
|                 gen_cut[0].i_tc_sram_wrapper                                                                       |                          tc_sram_wrapper_175 |          0 |          0 |       0 |    0 |     0 |      1 |      0 |          0 |
|                   i_ram                                                                                            |                          SyncSpRamBeNx64_190 |          0 |          0 |       0 |    0 |     0 |      1 |      0 |          0 |
|                 gen_cut[1].i_tc_sram_wrapper                                                                       |                          tc_sram_wrapper_176 |          0 |          0 |       0 |    0 |     0 |      1 |      0 |          0 |
|                   i_ram                                                                                            |                          SyncSpRamBeNx64_189 |          0 |          0 |       0 |    0 |     0 |      1 |      0 |          0 |
|                 gen_cut[2].i_tc_sram_wrapper                                                                       |                          tc_sram_wrapper_177 |          0 |          0 |       0 |    0 |     0 |      1 |      0 |          0 |
|                   i_ram                                                                                            |                          SyncSpRamBeNx64_188 |          0 |          0 |       0 |    0 |     0 |      1 |      0 |          0 |
|                 gen_cut[3].i_tc_sram_wrapper                                                                       |                          tc_sram_wrapper_178 |          0 |          0 |       0 |    0 |     0 |      1 |      0 |          0 |
|                   i_ram                                                                                            |                          SyncSpRamBeNx64_187 |          0 |          0 |       0 |    0 |     0 |      1 |      0 |          0 |
|                 gen_cut[4].i_tc_sram_wrapper                                                                       |                          tc_sram_wrapper_179 |          0 |          0 |       0 |    0 |     0 |      1 |      0 |          0 |
|                   i_ram                                                                                            |                          SyncSpRamBeNx64_186 |          0 |          0 |       0 |    0 |     0 |      1 |      0 |          0 |
|                 gen_cut[5].i_tc_sram_wrapper                                                                       |                          tc_sram_wrapper_180 |          0 |          0 |       0 |    0 |     0 |      1 |      0 |          0 |
|                   i_ram                                                                                            |                          SyncSpRamBeNx64_185 |          0 |          0 |       0 |    0 |     0 |      1 |      0 |          0 |
|                 gen_cut[6].i_tc_sram_wrapper                                                                       |                          tc_sram_wrapper_181 |          0 |          0 |       0 |    0 |     0 |      1 |      0 |          0 |
|                   i_ram                                                                                            |                          SyncSpRamBeNx64_184 |          0 |          0 |       0 |    0 |     0 |      1 |      0 |          0 |
|                 gen_cut[7].i_tc_sram_wrapper                                                                       |                          tc_sram_wrapper_182 |          0 |          0 |       0 |    0 |     0 |      1 |      0 |          0 |
|                   i_ram                                                                                            |                          SyncSpRamBeNx64_183 |          0 |          0 |       0 |    0 |     0 |      1 |      0 |          0 |
|             gen_data_banks[1].i_data_sram                                                                          |               sram_cache__parameterized1_129 |        320 |        320 |       0 |    0 |     0 |      8 |      0 |          0 |
|               data_sram                                                                                            |                         sram__parameterized1 |        320 |        320 |       0 |    0 |     0 |      8 |      0 |          0 |
|                 gen_cut[0].i_tc_sram_wrapper                                                                       |                          tc_sram_wrapper_158 |          0 |          0 |       0 |    0 |     0 |      1 |      0 |          0 |
|                   i_ram                                                                                            |                          SyncSpRamBeNx64_173 |          0 |          0 |       0 |    0 |     0 |      1 |      0 |          0 |
|                 gen_cut[1].i_tc_sram_wrapper                                                                       |                          tc_sram_wrapper_159 |         64 |         64 |       0 |    0 |     0 |      1 |      0 |          0 |
|                   i_ram                                                                                            |                          SyncSpRamBeNx64_172 |         64 |         64 |       0 |    0 |     0 |      1 |      0 |          0 |
|                 gen_cut[2].i_tc_sram_wrapper                                                                       |                          tc_sram_wrapper_160 |          0 |          0 |       0 |    0 |     0 |      1 |      0 |          0 |
|                   i_ram                                                                                            |                          SyncSpRamBeNx64_171 |          0 |          0 |       0 |    0 |     0 |      1 |      0 |          0 |
|                 gen_cut[3].i_tc_sram_wrapper                                                                       |                          tc_sram_wrapper_161 |         64 |         64 |       0 |    0 |     0 |      1 |      0 |          0 |
|                   i_ram                                                                                            |                          SyncSpRamBeNx64_170 |         64 |         64 |       0 |    0 |     0 |      1 |      0 |          0 |
|                 gen_cut[4].i_tc_sram_wrapper                                                                       |                          tc_sram_wrapper_162 |          0 |          0 |       0 |    0 |     0 |      1 |      0 |          0 |
|                   i_ram                                                                                            |                          SyncSpRamBeNx64_169 |          0 |          0 |       0 |    0 |     0 |      1 |      0 |          0 |
|                 gen_cut[5].i_tc_sram_wrapper                                                                       |                          tc_sram_wrapper_163 |         64 |         64 |       0 |    0 |     0 |      1 |      0 |          0 |
|                   i_ram                                                                                            |                          SyncSpRamBeNx64_168 |         64 |         64 |       0 |    0 |     0 |      1 |      0 |          0 |
|                 gen_cut[6].i_tc_sram_wrapper                                                                       |                          tc_sram_wrapper_164 |          0 |          0 |       0 |    0 |     0 |      1 |      0 |          0 |
|                   i_ram                                                                                            |                          SyncSpRamBeNx64_167 |          0 |          0 |       0 |    0 |     0 |      1 |      0 |          0 |
|                 gen_cut[7].i_tc_sram_wrapper                                                                       |                          tc_sram_wrapper_165 |        128 |        128 |       0 |    0 |     0 |      1 |      0 |          0 |
|                   i_ram                                                                                            |                          SyncSpRamBeNx64_166 |        128 |        128 |       0 |    0 |     0 |      1 |      0 |          0 |
|             gen_tag_srams[0].i_tag_sram                                                                            |                                   sram_cache |         16 |         16 |       0 |    0 |     0 |      1 |      0 |          0 |
|               data_sram                                                                                            |                                     sram_155 |         16 |         16 |       0 |    0 |     0 |      1 |      0 |          0 |
|                 gen_cut[0].i_tc_sram_wrapper                                                                       |                          tc_sram_wrapper_156 |         16 |         16 |       0 |    0 |     0 |      1 |      0 |          0 |
|                   i_ram                                                                                            |                          SyncSpRamBeNx64_157 |         16 |         16 |       0 |    0 |     0 |      1 |      0 |          0 |
|             gen_tag_srams[1].i_tag_sram                                                                            |                               sram_cache_130 |         17 |         17 |       0 |    0 |     0 |      1 |      0 |          0 |
|               data_sram                                                                                            |                                     sram_152 |         17 |         17 |       0 |    0 |     0 |      1 |      0 |          0 |
|                 gen_cut[0].i_tc_sram_wrapper                                                                       |                          tc_sram_wrapper_153 |         17 |         17 |       0 |    0 |     0 |      1 |      0 |          0 |
|                   i_ram                                                                                            |                          SyncSpRamBeNx64_154 |         17 |         17 |       0 |    0 |     0 |      1 |      0 |          0 |
|             gen_tag_srams[2].i_tag_sram                                                                            |                               sram_cache_131 |         17 |         17 |       0 |    0 |     0 |      1 |      0 |          0 |
|               data_sram                                                                                            |                                     sram_149 |         17 |         17 |       0 |    0 |     0 |      1 |      0 |          0 |
|                 gen_cut[0].i_tc_sram_wrapper                                                                       |                          tc_sram_wrapper_150 |         17 |         17 |       0 |    0 |     0 |      1 |      0 |          0 |
|                   i_ram                                                                                            |                          SyncSpRamBeNx64_151 |         17 |         17 |       0 |    0 |     0 |      1 |      0 |          0 |
|             gen_tag_srams[3].i_tag_sram                                                                            |                               sram_cache_132 |         18 |         18 |       0 |    0 |     0 |      1 |      0 |          0 |
|               data_sram                                                                                            |                                     sram_146 |         18 |         18 |       0 |    0 |     0 |      1 |      0 |          0 |
|                 gen_cut[0].i_tc_sram_wrapper                                                                       |                          tc_sram_wrapper_147 |         18 |         18 |       0 |    0 |     0 |      1 |      0 |          0 |
|                   i_ram                                                                                            |                          SyncSpRamBeNx64_148 |         18 |         18 |       0 |    0 |     0 |      1 |      0 |          0 |
|             gen_tag_srams[4].i_tag_sram                                                                            |                               sram_cache_133 |         17 |         17 |       0 |    0 |     0 |      1 |      0 |          0 |
|               data_sram                                                                                            |                                     sram_143 |         17 |         17 |       0 |    0 |     0 |      1 |      0 |          0 |
|                 gen_cut[0].i_tc_sram_wrapper                                                                       |                          tc_sram_wrapper_144 |         17 |         17 |       0 |    0 |     0 |      1 |      0 |          0 |
|                   i_ram                                                                                            |                          SyncSpRamBeNx64_145 |         17 |         17 |       0 |    0 |     0 |      1 |      0 |          0 |
|             gen_tag_srams[5].i_tag_sram                                                                            |                               sram_cache_134 |         17 |         17 |       0 |    0 |     0 |      1 |      0 |          0 |
|               data_sram                                                                                            |                                     sram_140 |         17 |         17 |       0 |    0 |     0 |      1 |      0 |          0 |
|                 gen_cut[0].i_tc_sram_wrapper                                                                       |                          tc_sram_wrapper_141 |         17 |         17 |       0 |    0 |     0 |      1 |      0 |          0 |
|                   i_ram                                                                                            |                          SyncSpRamBeNx64_142 |         17 |         17 |       0 |    0 |     0 |      1 |      0 |          0 |
|             gen_tag_srams[6].i_tag_sram                                                                            |                               sram_cache_135 |         17 |         17 |       0 |    0 |     0 |      1 |      0 |          0 |
|               data_sram                                                                                            |                                     sram_137 |         17 |         17 |       0 |    0 |     0 |      1 |      0 |          0 |
|                 gen_cut[0].i_tc_sram_wrapper                                                                       |                          tc_sram_wrapper_138 |         17 |         17 |       0 |    0 |     0 |      1 |      0 |          0 |
|                   i_ram                                                                                            |                          SyncSpRamBeNx64_139 |         17 |         17 |       0 |    0 |     0 |      1 |      0 |          0 |
|             gen_tag_srams[7].i_tag_sram                                                                            |                               sram_cache_136 |         16 |         16 |       0 |    0 |     0 |      1 |      0 |          0 |
|               data_sram                                                                                            |                                         sram |         16 |         16 |       0 |    0 |     0 |      1 |      0 |          0 |
|                 gen_cut[0].i_tc_sram_wrapper                                                                       |                              tc_sram_wrapper |         16 |         16 |       0 |    0 |     0 |      1 |      0 |          0 |
|                   i_ram                                                                                            |                              SyncSpRamBeNx64 |         16 |         16 |       0 |    0 |     0 |      1 |      0 |          0 |
|             i_rr_arb_tree                                                                                          |                  rr_arb_tree__parameterized2 |          1 |          1 |       0 |    0 |     2 |      0 |      0 |          0 |
|           i_wt_dcache_missunit                                                                                     |                           wt_dcache_missunit |       1576 |       1576 |       0 |    0 |   138 |      0 |      0 |          0 |
|             (i_wt_dcache_missunit)                                                                                 |                           wt_dcache_missunit |       1406 |       1406 |       0 |    0 |    82 |      0 |      0 |          0 |
|             i_exp_backoff                                                                                          |                                  exp_backoff |         36 |         36 |       0 |    0 |    48 |      0 |      0 |          0 |
|             i_lfsr_inv                                                                                             |                         lfsr__parameterized0 |        134 |        134 |       0 |    0 |     8 |      0 |      0 |          0 |
|           i_wt_dcache_wbuffer                                                                                      |                            wt_dcache_wbuffer |       2796 |       2796 |       0 |    0 |  1351 |      0 |      0 |          0 |
|             (i_wt_dcache_wbuffer)                                                                                  |                            wt_dcache_wbuffer |       1114 |       1114 |       0 |    0 |  1314 |      0 |      0 |          0 |
|             i_clean_rr                                                                                             |                  rr_arb_tree__parameterized1 |        223 |        223 |       0 |    0 |     3 |      0 |      0 |          0 |
|             i_dirty_rr                                                                                             |                  rr_arb_tree__parameterized0 |        980 |        980 |       0 |    0 |    12 |      0 |      0 |          0 |
|             i_rtrn_id_fifo                                                                                         |                                 cva6_fifo_v3 |        461 |        461 |       0 |    0 |    15 |      0 |      0 |          0 |
|             i_tx_id_rr                                                                                             |                                  rr_arb_tree |         18 |         18 |       0 |    0 |     7 |      0 |      0 |          0 |
|       gen_perf_counter.perf_counters_i                                                                             |                                perf_counters |        177 |        177 |       0 |    0 |   414 |      0 |      0 |          0 |
|       i_frontend                                                                                                   |                                     frontend |       2788 |       2788 |       0 |    0 |  3943 |      0 |      0 |          0 |
|         (i_frontend)                                                                                               |                                     frontend |         37 |         37 |       0 |    0 |   243 |      0 |      0 |          0 |
|         bht_gen.i_bht                                                                                              |                                          bht |        240 |        240 |       0 |    0 |   384 |      0 |      0 |          0 |
|         btb_gen.i_btb                                                                                              |                                          btb |        584 |        584 |       0 |    0 |  2080 |      0 |      0 |          0 |
|         i_instr_queue                                                                                              |                                  instr_queue |        813 |        813 |       0 |    0 |  1022 |      0 |      0 |          0 |
|           (i_instr_queue)                                                                                          |                                  instr_queue |          2 |          2 |       0 |    0 |    68 |      0 |      0 |          0 |
|           gen_instr_fifo[0].i_fifo_instr_data                                                                      |                 cva6_fifo_v3__parameterized3 |        612 |        612 |       0 |    0 |   411 |      0 |      0 |          0 |
|           gen_instr_fifo[1].i_fifo_instr_data                                                                      |             cva6_fifo_v3__parameterized3_127 |        150 |        150 |       0 |    0 |   411 |      0 |      0 |          0 |
|           i_fifo_address                                                                                           |                 cva6_fifo_v3__parameterized4 |         49 |         49 |       0 |    0 |   132 |      0 |      0 |          0 |
|         i_instr_realign                                                                                            |                                instr_realign |       1081 |       1081 |       0 |    0 |    84 |      0 |      0 |          0 |
|         ras_gen.i_ras                                                                                              |                                          ras |         33 |         33 |       0 |    0 |   130 |      0 |      0 |          0 |
|       id_stage_i                                                                                                   |                                     id_stage |        807 |        807 |       0 |    0 |   339 |      0 |      0 |          0 |
|         (id_stage_i)                                                                                               |                                     id_stage |        427 |        427 |       0 |    0 |   339 |      0 |      0 |          0 |
|         genblk2[0].decoder_i                                                                                       |                                      decoder |        380 |        380 |       0 |    0 |     0 |      0 |      0 |          0 |
|       issue_stage_i                                                                                                |                                  issue_stage |      19247 |      19247 |       0 |    0 |  6719 |      0 |      0 |          0 |
|         i_issue_read_operands                                                                                      |                          issue_read_operands |      14744 |      14744 |       0 |    0 |  4432 |      0 |      0 |          0 |
|           (i_issue_read_operands)                                                                                  |                          issue_read_operands |      11155 |      11155 |       0 |    0 |   400 |      0 |      0 |          0 |
|           float_regfile_gen.gen_asic_fp_regfile.i_ariane_fp_regfile                                                |               ariane_regfile__parameterized0 |       1861 |       1861 |       0 |    0 |  2048 |      0 |      0 |          0 |
|           gen_asic_regfile.i_ariane_regfile                                                                        |                               ariane_regfile |       1728 |       1728 |       0 |    0 |  1984 |      0 |      0 |          0 |
|         i_scoreboard                                                                                               |                                   scoreboard |       4503 |       4503 |       0 |    0 |  2287 |      0 |      0 |          0 |
|   i_vrf_axi_top                                                                                                    |                                  vrf_axi_top |      17436 |      17436 |       0 |    0 |  9969 |      1 |      0 |          6 |
|     (i_vrf_axi_top)                                                                                                |                                  vrf_axi_top |          0 |          0 |       0 |    0 |     2 |      0 |      0 |          0 |
|     i_axi2reg                                                                                                      |                                   axi_to_reg |       2853 |       2853 |       0 |    0 |   672 |      0 |      0 |          0 |
|       i_axi_lite_to_reg                                                                                            |                              axi_lite_to_reg |       2221 |       2221 |       0 |    0 |   325 |      0 |      0 |          0 |
|         i_fifo_read                                                                                                |                      fifo_v3__parameterized6 |       1925 |       1925 |       0 |    0 |    24 |      0 |      0 |          0 |
|         i_fifo_read_resp                                                                                           |                      fifo_v3__parameterized7 |         73 |         73 |       0 |    0 |   134 |      0 |      0 |          0 |
|         i_fifo_write_req                                                                                           |                      fifo_v3__parameterized4 |        215 |        215 |       0 |    0 |   160 |      0 |      0 |          0 |
|         i_fifo_write_resp                                                                                          |                      fifo_v3__parameterized5 |          7 |          7 |       0 |    0 |     6 |      0 |      0 |          0 |
|         i_stream_arbiter                                                                                           |                               stream_arbiter |          1 |          1 |       0 |    0 |     1 |      0 |      0 |          0 |
|           i_arb                                                                                                    |                     stream_arbiter_flushable |          1 |          1 |       0 |    0 |     1 |      0 |      0 |          0 |
|             gen_rr_arb.i_arbiter                                                                                   |                  rr_arb_tree__parameterized8 |          1 |          1 |       0 |    0 |     1 |      0 |      0 |          0 |
|       i_axi_to_axi_lite                                                                                            |                              axi_to_axi_lite |        632 |        632 |       0 |    0 |   347 |      0 |      0 |          0 |
|         (i_axi_to_axi_lite)                                                                                        |                              axi_to_axi_lite |          2 |          2 |       0 |    0 |     0 |      0 |      0 |          0 |
|         i_axi_atop_filter                                                                                          |                              axi_atop_filter |         56 |         56 |       0 |    0 |    30 |      0 |      0 |          0 |
|           (i_axi_atop_filter)                                                                                      |                              axi_atop_filter |         34 |         34 |       0 |    0 |    20 |      0 |      0 |          0 |
|           r_resp_cmd                                                                                               |                              stream_register |         22 |         22 |       0 |    0 |    10 |      0 |      0 |          0 |
|             i_fifo                                                                                                 |                                      fifo_v2 |         22 |         22 |       0 |    0 |    10 |      0 |      0 |          0 |
|               i_fifo_v3                                                                                            |                                      fifo_v3 |         22 |         22 |       0 |    0 |    10 |      0 |      0 |          0 |
|         i_axi_burst_splitter                                                                                       |                           axi_burst_splitter |        500 |        500 |       0 |    0 |   293 |      0 |      0 |          0 |
|           (i_axi_burst_splitter)                                                                                   |                           axi_burst_splitter |          0 |          0 |       0 |    0 |     4 |      0 |      0 |          0 |
|           i_axi_burst_splitter_ar_chan                                                                             |   axi_burst_splitter_ax_chan__parameterized0 |         99 |         99 |       0 |    0 |    67 |      0 |      0 |          0 |
|             (i_axi_burst_splitter_ar_chan)                                                                         |   axi_burst_splitter_ax_chan__parameterized0 |         25 |         25 |       0 |    0 |    30 |      0 |      0 |          0 |
|             i_axi_burst_splitter_counters                                                                          |              axi_burst_splitter_counters_121 |         74 |         74 |       0 |    0 |    37 |      0 |      0 |          0 |
|               gen_cnt[0].i_cnt                                                                                     |                  counter__parameterized0_122 |         19 |         19 |       0 |    0 |     9 |      0 |      0 |          0 |
|                 i_counter                                                                                          |            delta_counter__parameterized1_126 |         19 |         19 |       0 |    0 |     9 |      0 |      0 |          0 |
|               gen_cnt[1].i_cnt                                                                                     |                  counter__parameterized0_123 |         14 |         14 |       0 |    0 |     9 |      0 |      0 |          0 |
|                 i_counter                                                                                          |            delta_counter__parameterized1_125 |         14 |         14 |       0 |    0 |     9 |      0 |      0 |          0 |
|               i_idq                                                                                                |                                 id_queue_124 |         41 |         41 |       0 |    0 |    19 |      0 |      0 |          0 |
|           i_axi_burst_splitter_aw_chan                                                                             |                   axi_burst_splitter_ax_chan |        136 |        136 |       0 |    0 |    69 |      0 |      0 |          0 |
|             (i_axi_burst_splitter_aw_chan)                                                                         |                   axi_burst_splitter_ax_chan |         45 |         45 |       0 |    0 |    30 |      0 |      0 |          0 |
|             i_axi_burst_splitter_counters                                                                          |                  axi_burst_splitter_counters |         91 |         91 |       0 |    0 |    39 |      0 |      0 |          0 |
|               (i_axi_burst_splitter_counters)                                                                      |                  axi_burst_splitter_counters |          2 |          2 |       0 |    0 |     2 |      0 |      0 |          0 |
|               gen_cnt[0].i_cnt                                                                                     |                      counter__parameterized0 |         16 |         16 |       0 |    0 |     9 |      0 |      0 |          0 |
|                 i_counter                                                                                          |            delta_counter__parameterized1_120 |         16 |         16 |       0 |    0 |     9 |      0 |      0 |          0 |
|               gen_cnt[1].i_cnt                                                                                     |                  counter__parameterized0_119 |         29 |         29 |       0 |    0 |     9 |      0 |      0 |          0 |
|                 i_counter                                                                                          |                delta_counter__parameterized1 |         29 |         29 |       0 |    0 |     9 |      0 |      0 |          0 |
|               i_idq                                                                                                |                                     id_queue |         44 |         44 |       0 |    0 |    19 |      0 |      0 |          0 |
|           i_demux_supported_vs_unsupported                                                                         |                                    axi_demux |        171 |        171 |       0 |    0 |   112 |      0 |      0 |          0 |
|             (i_demux_supported_vs_unsupported)                                                                     |                                    axi_demux |          0 |          0 |       0 |    0 |     2 |      0 |      0 |          0 |
|             gen_demux.gen_ar_id_counter.i_ar_id_counter                                                            |                        axi_demux_id_counters |         47 |         47 |       0 |    0 |    48 |      0 |      0 |          0 |
|               (gen_demux.gen_ar_id_counter.i_ar_id_counter)                                                        |                        axi_demux_id_counters |          5 |          5 |       0 |    0 |    16 |      0 |      0 |          0 |
|               gen_counters[0].i_in_flight_cnt                                                                      |                            delta_counter_103 |          2 |          2 |       0 |    0 |     2 |      0 |      0 |          0 |
|               gen_counters[10].i_in_flight_cnt                                                                     |                            delta_counter_104 |          4 |          4 |       0 |    0 |     2 |      0 |      0 |          0 |
|               gen_counters[11].i_in_flight_cnt                                                                     |                            delta_counter_105 |          4 |          4 |       0 |    0 |     2 |      0 |      0 |          0 |
|               gen_counters[12].i_in_flight_cnt                                                                     |                            delta_counter_106 |          3 |          3 |       0 |    0 |     2 |      0 |      0 |          0 |
|               gen_counters[13].i_in_flight_cnt                                                                     |                            delta_counter_107 |          2 |          2 |       0 |    0 |     2 |      0 |      0 |          0 |
|               gen_counters[14].i_in_flight_cnt                                                                     |                            delta_counter_108 |          2 |          2 |       0 |    0 |     2 |      0 |      0 |          0 |
|               gen_counters[15].i_in_flight_cnt                                                                     |                            delta_counter_109 |          2 |          2 |       0 |    0 |     2 |      0 |      0 |          0 |
|               gen_counters[1].i_in_flight_cnt                                                                      |                            delta_counter_110 |          3 |          3 |       0 |    0 |     2 |      0 |      0 |          0 |
|               gen_counters[2].i_in_flight_cnt                                                                      |                            delta_counter_111 |          3 |          3 |       0 |    0 |     2 |      0 |      0 |          0 |
|               gen_counters[3].i_in_flight_cnt                                                                      |                            delta_counter_112 |          4 |          4 |       0 |    0 |     2 |      0 |      0 |          0 |
|               gen_counters[4].i_in_flight_cnt                                                                      |                            delta_counter_113 |          1 |          1 |       0 |    0 |     2 |      0 |      0 |          0 |
|               gen_counters[5].i_in_flight_cnt                                                                      |                            delta_counter_114 |          2 |          2 |       0 |    0 |     2 |      0 |      0 |          0 |
|               gen_counters[6].i_in_flight_cnt                                                                      |                            delta_counter_115 |          5 |          5 |       0 |    0 |     2 |      0 |      0 |          0 |
|               gen_counters[7].i_in_flight_cnt                                                                      |                            delta_counter_116 |          2 |          2 |       0 |    0 |     2 |      0 |      0 |          0 |
|               gen_counters[8].i_in_flight_cnt                                                                      |                            delta_counter_117 |          1 |          1 |       0 |    0 |     2 |      0 |      0 |          0 |
|               gen_counters[9].i_in_flight_cnt                                                                      |                            delta_counter_118 |          2 |          2 |       0 |    0 |     2 |      0 |      0 |          0 |
|             gen_demux.gen_aw_id_counter.i_aw_id_counter                                                            |                     axi_demux_id_counters_87 |         70 |         70 |       0 |    0 |    48 |      0 |      0 |          0 |
|               (gen_demux.gen_aw_id_counter.i_aw_id_counter)                                                        |                     axi_demux_id_counters_87 |          8 |          8 |       0 |    0 |    16 |      0 |      0 |          0 |
|               gen_counters[0].i_in_flight_cnt                                                                      |                                delta_counter |          8 |          8 |       0 |    0 |     2 |      0 |      0 |          0 |
|               gen_counters[10].i_in_flight_cnt                                                                     |                             delta_counter_88 |          1 |          1 |       0 |    0 |     2 |      0 |      0 |          0 |
|               gen_counters[11].i_in_flight_cnt                                                                     |                             delta_counter_89 |         30 |         30 |       0 |    0 |     2 |      0 |      0 |          0 |
|               gen_counters[12].i_in_flight_cnt                                                                     |                             delta_counter_90 |          1 |          1 |       0 |    0 |     2 |      0 |      0 |          0 |
|               gen_counters[13].i_in_flight_cnt                                                                     |                             delta_counter_91 |          3 |          3 |       0 |    0 |     2 |      0 |      0 |          0 |
|               gen_counters[14].i_in_flight_cnt                                                                     |                             delta_counter_92 |          1 |          1 |       0 |    0 |     2 |      0 |      0 |          0 |
|               gen_counters[15].i_in_flight_cnt                                                                     |                             delta_counter_93 |          2 |          2 |       0 |    0 |     2 |      0 |      0 |          0 |
|               gen_counters[1].i_in_flight_cnt                                                                      |                             delta_counter_94 |          2 |          2 |       0 |    0 |     2 |      0 |      0 |          0 |
|               gen_counters[2].i_in_flight_cnt                                                                      |                             delta_counter_95 |          1 |          1 |       0 |    0 |     2 |      0 |      0 |          0 |
|               gen_counters[3].i_in_flight_cnt                                                                      |                             delta_counter_96 |          2 |          2 |       0 |    0 |     2 |      0 |      0 |          0 |
|               gen_counters[4].i_in_flight_cnt                                                                      |                             delta_counter_97 |          2 |          2 |       0 |    0 |     2 |      0 |      0 |          0 |
|               gen_counters[5].i_in_flight_cnt                                                                      |                             delta_counter_98 |          1 |          1 |       0 |    0 |     2 |      0 |      0 |          0 |
|               gen_counters[6].i_in_flight_cnt                                                                      |                             delta_counter_99 |          1 |          1 |       0 |    0 |     2 |      0 |      0 |          0 |
|               gen_counters[7].i_in_flight_cnt                                                                      |                            delta_counter_100 |          4 |          4 |       0 |    0 |     2 |      0 |      0 |          0 |
|               gen_counters[8].i_in_flight_cnt                                                                      |                            delta_counter_101 |          2 |          2 |       0 |    0 |     2 |      0 |      0 |          0 |
|               gen_counters[9].i_in_flight_cnt                                                                      |                            delta_counter_102 |          1 |          1 |       0 |    0 |     2 |      0 |      0 |          0 |
|             gen_demux.i_b_mux                                                                                      |                  rr_arb_tree__parameterized6 |          6 |          6 |       0 |    0 |     4 |      0 |      0 |          0 |
|             gen_demux.i_r_mux                                                                                      |                  rr_arb_tree__parameterized7 |          8 |          8 |       0 |    0 |     4 |      0 |      0 |          0 |
|             gen_demux.i_w_fifo                                                                                     |                      fifo_v3__parameterized0 |         40 |         40 |       0 |    0 |     6 |      0 |      0 |          0 |
|           i_err_slv                                                                                                |                                  axi_err_slv |         94 |         94 |       0 |    0 |    41 |      0 |      0 |          0 |
|             (i_err_slv)                                                                                            |                                  axi_err_slv |          0 |          0 |       0 |    0 |     1 |      0 |      0 |          0 |
|             i_b_fifo                                                                                               |                   fifo_v3__parameterized2_86 |         20 |         20 |       0 |    0 |    12 |      0 |      0 |          0 |
|             i_r_counter                                                                                            |                                      counter |         13 |         13 |       0 |    0 |     8 |      0 |      0 |          0 |
|               i_counter                                                                                            |                delta_counter__parameterized0 |         13 |         13 |       0 |    0 |     8 |      0 |      0 |          0 |
|             i_r_fifo                                                                                               |                      fifo_v3__parameterized3 |         53 |         53 |       0 |    0 |    14 |      0 |      0 |          0 |
|             i_w_fifo                                                                                               |                      fifo_v3__parameterized1 |          8 |          8 |       0 |    0 |     6 |      0 |      0 |          0 |
|         i_axi_to_axi_lite_id_reflect                                                                               |                   axi_to_axi_lite_id_reflect |         74 |         74 |       0 |    0 |    24 |      0 |      0 |          0 |
|           i_ar_id_fifo                                                                                             |                      fifo_v3__parameterized2 |         62 |         62 |       0 |    0 |    12 |      0 |      0 |          0 |
|           i_aw_id_fifo                                                                                             |                   fifo_v3__parameterized2_85 |         12 |         12 |       0 |    0 |    12 |      0 |      0 |          0 |
|     i_chain_job_ctrl                                                                                               |                               chain_job_ctrl |       3391 |       3391 |       0 |    0 |  1587 |      0 |      0 |          0 |
|     i_falcon_decode                                                                                                |                                falcon_decode |        277 |        277 |       0 |    0 |   241 |      0 |      0 |          0 |
|     i_falcon_normcheck                                                                                             |                             falcon_normcheck |        283 |        283 |       0 |    0 |   230 |      0 |      0 |          2 |
|     i_keccak                                                                                                       |                                     keccak_f |       6295 |       6295 |       0 |    0 |  1631 |      0 |      0 |          0 |
|       (i_keccak)                                                                                                   |                                     keccak_f |         18 |         18 |       0 |    0 |     0 |      0 |      0 |          0 |
|       u_cu                                                                                                         |                                    keccak_cu |         21 |         21 |       0 |    0 |    24 |      0 |      0 |          0 |
|       u_dp                                                                                                         |                                    keccak_dp |       6256 |       6256 |       0 |    0 |  1607 |      0 |      0 |          0 |
|     i_keccak_dma_ctrl                                                                                              |                              keccak_dma_ctrl |        510 |        510 |       0 |    0 |   149 |      0 |      0 |          0 |
|     i_ntt_engine                                                                                                   |                                   ntt_engine |       1723 |       1723 |       0 |    0 |  1690 |      1 |      0 |          4 |
|     i_rej_sampler                                                                                                  |                                  rej_sampler |        424 |        424 |       0 |    0 |   215 |      0 |      0 |          0 |
|     vrf_reg_top_i                                                                                                  |                                  vrf_reg_top |       1680 |       1680 |       0 |    0 |  3552 |      0 |      0 |          0 |
|       u_chain_adrs_0                                                                                               |                                  prim_subreg |          3 |          3 |       0 |    0 |    64 |      0 |      0 |          0 |
|       u_chain_adrs_1                                                                                               |                                prim_subreg_0 |         10 |         10 |       0 |    0 |    64 |      0 |      0 |          0 |
|       u_chain_adrs_2                                                                                               |                                prim_subreg_1 |         17 |         17 |       0 |    0 |    64 |      0 |      0 |          0 |
|       u_chain_adrs_3                                                                                               |                                prim_subreg_2 |         40 |         40 |       0 |    0 |    64 |      0 |      0 |          0 |
|       u_chain_ctrl_done                                                                                            |                  prim_subreg__parameterized0 |          0 |          0 |       0 |    0 |     1 |      0 |      0 |          0 |
|       u_chain_ctrl_go                                                                                              |                prim_subreg__parameterized0_3 |          0 |          0 |       0 |    0 |     1 |      0 |      0 |          0 |
|       u_chain_ctrl_n                                                                                               |                  prim_subreg__parameterized2 |          0 |          0 |       0 |    0 |     8 |      0 |      0 |          0 |
|       u_chain_ctrl_op_type                                                                                         |                  prim_subreg__parameterized6 |          0 |          0 |       0 |    0 |     2 |      0 |      0 |          0 |
|       u_chain_ctrl_robust                                                                                          |                prim_subreg__parameterized0_4 |          0 |          0 |       0 |    0 |     1 |      0 |      0 |          0 |
|       u_chain_ctrl_step_start                                                                                      |                prim_subreg__parameterized2_5 |          0 |          0 |       0 |    0 |     8 |      0 |      0 |          0 |
|       u_chain_ctrl_steps                                                                                           |                prim_subreg__parameterized2_6 |          1 |          1 |       0 |    0 |     8 |      0 |      0 |          0 |
|       u_chain_in2_0                                                                                                |                                prim_subreg_7 |          0 |          0 |       0 |    0 |    64 |      0 |      0 |          0 |
|       u_chain_in2_1                                                                                                |                                prim_subreg_8 |          0 |          0 |       0 |    0 |    64 |      0 |      0 |          0 |
|       u_chain_in2_2                                                                                                |                                prim_subreg_9 |          3 |          3 |       0 |    0 |    64 |      0 |      0 |          0 |
|       u_chain_in2_3                                                                                                |                               prim_subreg_10 |          2 |          2 |       0 |    0 |    64 |      0 |      0 |          0 |
|       u_chain_io_0                                                                                                 |                               prim_subreg_11 |          3 |          3 |       0 |    0 |    64 |      0 |      0 |          0 |
|       u_chain_io_1                                                                                                 |                               prim_subreg_12 |          1 |          1 |       0 |    0 |    64 |      0 |      0 |          0 |
|       u_chain_io_2                                                                                                 |                               prim_subreg_13 |          0 |          0 |       0 |    0 |    64 |      0 |      0 |          0 |
|       u_chain_io_3                                                                                                 |                               prim_subreg_14 |          1 |          1 |       0 |    0 |    64 |      0 |      0 |          0 |
|       u_chain_seed_0                                                                                               |                               prim_subreg_15 |          1 |          1 |       0 |    0 |    64 |      0 |      0 |          0 |
|       u_chain_seed_1                                                                                               |                               prim_subreg_16 |          6 |          6 |       0 |    0 |    64 |      0 |      0 |          0 |
|       u_chain_seed_2                                                                                               |                               prim_subreg_17 |          1 |          1 |       0 |    0 |    64 |      0 |      0 |          0 |
|       u_chain_seed_3                                                                                               |                               prim_subreg_18 |          3 |          3 |       0 |    0 |    64 |      0 |      0 |          0 |
|       u_csreg_done                                                                                                 |               prim_subreg__parameterized0_19 |          1 |          1 |       0 |    0 |     1 |      0 |      0 |          0 |
|       u_csreg_start                                                                                                |               prim_subreg__parameterized0_20 |          1 |          1 |       0 |    0 |     1 |      0 |      0 |          0 |
|       u_data_0                                                                                                     |                               prim_subreg_21 |          0 |          0 |       0 |    0 |    64 |      0 |      0 |          0 |
|       u_data_1                                                                                                     |                               prim_subreg_22 |          0 |          0 |       0 |    0 |    64 |      0 |      0 |          0 |
|       u_data_10                                                                                                    |                               prim_subreg_23 |          7 |          7 |       0 |    0 |    64 |      0 |      0 |          0 |
|       u_data_11                                                                                                    |                               prim_subreg_24 |        128 |        128 |       0 |    0 |    64 |      0 |      0 |          0 |
|       u_data_12                                                                                                    |                               prim_subreg_25 |          0 |          0 |       0 |    0 |    64 |      0 |      0 |          0 |
|       u_data_13                                                                                                    |                               prim_subreg_26 |         52 |         52 |       0 |    0 |    64 |      0 |      0 |          0 |
|       u_data_14                                                                                                    |                               prim_subreg_27 |         21 |         21 |       0 |    0 |    64 |      0 |      0 |          0 |
|       u_data_15                                                                                                    |                               prim_subreg_28 |        148 |        148 |       0 |    0 |    64 |      0 |      0 |          0 |
|       u_data_16                                                                                                    |                               prim_subreg_29 |         53 |         53 |       0 |    0 |    64 |      0 |      0 |          0 |
|       u_data_17                                                                                                    |                               prim_subreg_30 |         40 |         40 |       0 |    0 |    64 |      0 |      0 |          0 |
|       u_data_18                                                                                                    |                               prim_subreg_31 |         33 |         33 |       0 |    0 |    64 |      0 |      0 |          0 |
|       u_data_19                                                                                                    |                               prim_subreg_32 |        219 |        219 |       0 |    0 |    64 |      0 |      0 |          0 |
|       u_data_2                                                                                                     |                               prim_subreg_33 |         20 |         20 |       0 |    0 |    64 |      0 |      0 |          0 |
|       u_data_20                                                                                                    |                               prim_subreg_34 |        114 |        114 |       0 |    0 |    64 |      0 |      0 |          0 |
|       u_data_21                                                                                                    |                               prim_subreg_35 |         41 |         41 |       0 |    0 |    64 |      0 |      0 |          0 |
|       u_data_22                                                                                                    |                               prim_subreg_36 |         38 |         38 |       0 |    0 |    64 |      0 |      0 |          0 |
|       u_data_23                                                                                                    |                               prim_subreg_37 |        159 |        159 |       0 |    0 |    64 |      0 |      0 |          0 |
|       u_data_24                                                                                                    |                               prim_subreg_38 |         33 |         33 |       0 |    0 |    64 |      0 |      0 |          0 |
|       u_data_3                                                                                                     |                               prim_subreg_39 |        232 |        232 |       0 |    0 |    64 |      0 |      0 |          0 |
|       u_data_4                                                                                                     |                               prim_subreg_40 |         13 |         13 |       0 |    0 |    64 |      0 |      0 |          0 |
|       u_data_5                                                                                                     |                               prim_subreg_41 |          0 |          0 |       0 |    0 |    64 |      0 |      0 |          0 |
|       u_data_6                                                                                                     |                               prim_subreg_42 |          0 |          0 |       0 |    0 |    64 |      0 |      0 |          0 |
|       u_data_7                                                                                                     |                               prim_subreg_43 |        130 |        130 |       0 |    0 |    64 |      0 |      0 |          0 |
|       u_data_8                                                                                                     |                               prim_subreg_44 |          3 |          3 |       0 |    0 |    64 |      0 |      0 |          0 |
|       u_data_9                                                                                                     |                               prim_subreg_45 |         23 |         23 |       0 |    0 |    64 |      0 |      0 |          0 |
|       u_decode_ctrl_done                                                                                           |               prim_subreg__parameterized0_46 |          0 |          0 |       0 |    0 |     1 |      0 |      0 |          0 |
|       u_decode_ctrl_fail                                                                                           |               prim_subreg__parameterized0_47 |          0 |          0 |       0 |    0 |     1 |      0 |      0 |          0 |
|       u_decode_ctrl_go                                                                                             |               prim_subreg__parameterized0_48 |          0 |          0 |       0 |    0 |     1 |      0 |      0 |          0 |
|       u_decode_ctrl_v                                                                                              |                  prim_subreg__parameterized5 |          0 |          0 |       0 |    0 |    16 |      0 |      0 |          0 |
|       u_decode_in_addr                                                                                             |                               prim_subreg_49 |         24 |         24 |       0 |    0 |    64 |      0 |      0 |          0 |
|       u_decode_out_addr                                                                                            |                               prim_subreg_50 |          1 |          1 |       0 |    0 |    64 |      0 |      0 |          0 |
|       u_decode_params_max_len                                                                                      |               prim_subreg__parameterized5_51 |          0 |          0 |       0 |    0 |    16 |      0 |      0 |          0 |
|       u_decode_params_n                                                                                            |               prim_subreg__parameterized5_52 |          0 |          0 |       0 |    0 |    16 |      0 |      0 |          0 |
|       u_job_dst_addr                                                                                               |                               prim_subreg_53 |          0 |          0 |       0 |    0 |    64 |      0 |      0 |          0 |
|       u_job_dst_len                                                                                                |                  prim_subreg__parameterized1 |          5 |          5 |       0 |    0 |    32 |      0 |      0 |          0 |
|       u_job_src_addr                                                                                               |                               prim_subreg_54 |          8 |          8 |       0 |    0 |    64 |      0 |      0 |          0 |
|       u_job_src_len                                                                                                |               prim_subreg__parameterized1_55 |         15 |         15 |       0 |    0 |    32 |      0 |      0 |          0 |
|       u_jobctrl_done                                                                                               |               prim_subreg__parameterized0_56 |          0 |          0 |       0 |    0 |     1 |      0 |      0 |          0 |
|       u_jobctrl_dptr                                                                                               |               prim_subreg__parameterized2_57 |          0 |          0 |       0 |    0 |     8 |      0 |      0 |          0 |
|       u_jobctrl_flip                                                                                               |               prim_subreg__parameterized0_58 |          0 |          0 |       0 |    0 |     1 |      0 |      0 |          0 |
|       u_jobctrl_fresh                                                                                              |               prim_subreg__parameterized0_59 |          0 |          0 |       0 |    0 |     1 |      0 |      0 |          0 |
|       u_jobctrl_go                                                                                                 |               prim_subreg__parameterized0_60 |          0 |          0 |       0 |    0 |     1 |      0 |      0 |          0 |
|       u_jobctrl_rate168                                                                                            |               prim_subreg__parameterized0_61 |          0 |          0 |       0 |    0 |     1 |      0 |      0 |          0 |
|       u_normcheck_bound                                                                                            |               prim_subreg__parameterized1_62 |          0 |          0 |       0 |    0 |    32 |      0 |      0 |          0 |
|       u_normcheck_ctrl_done                                                                                        |               prim_subreg__parameterized0_63 |          0 |          0 |       0 |    0 |     1 |      0 |      0 |          0 |
|       u_normcheck_ctrl_go                                                                                          |               prim_subreg__parameterized0_64 |          0 |          0 |       0 |    0 |     1 |      0 |      0 |          0 |
|       u_normcheck_ctrl_n                                                                                           |               prim_subreg__parameterized5_65 |          4 |          4 |       0 |    0 |    16 |      0 |      0 |          0 |
|       u_normcheck_ctrl_pass                                                                                        |               prim_subreg__parameterized0_66 |          0 |          0 |       0 |    0 |     1 |      0 |      0 |          0 |
|       u_normcheck_s1_addr                                                                                          |                               prim_subreg_67 |          0 |          0 |       0 |    0 |    64 |      0 |      0 |          0 |
|       u_normcheck_s2_addr                                                                                          |                               prim_subreg_68 |          0 |          0 |       0 |    0 |    64 |      0 |      0 |          0 |
|       u_ntt_a_addr                                                                                                 |                               prim_subreg_69 |          3 |          3 |       0 |    0 |    64 |      0 |      0 |          0 |
|       u_ntt_ctrl_done                                                                                              |               prim_subreg__parameterized0_70 |          0 |          0 |       0 |    0 |     1 |      0 |      0 |          0 |
|       u_ntt_ctrl_go                                                                                                |               prim_subreg__parameterized0_71 |          1 |          1 |       0 |    0 |     1 |      0 |      0 |          0 |
|       u_ntt_ctrl_mode                                                                                              |               prim_subreg__parameterized0_72 |          0 |          0 |       0 |    0 |     1 |      0 |      0 |          0 |
|       u_ntt_ctrl_noscale                                                                                           |               prim_subreg__parameterized0_73 |          0 |          0 |       0 |    0 |     1 |      0 |      0 |          0 |
|       u_ntt_gm_addr                                                                                                |                               prim_subreg_74 |          0 |          0 |       0 |    0 |    64 |      0 |      0 |          0 |
|       u_ntt_logn                                                                                                   |                  prim_subreg__parameterized3 |         17 |         17 |       0 |    0 |     5 |      0 |      0 |          0 |
|       u_ntt_p0i_val                                                                                                |               prim_subreg__parameterized1_75 |          0 |          0 |       0 |    0 |    32 |      0 |      0 |          0 |
|       u_ntt_p_val                                                                                                  |               prim_subreg__parameterized1_76 |          0 |          0 |       0 |    0 |    32 |      0 |      0 |          0 |
|       u_rej_ctrl_cand3                                                                                             |               prim_subreg__parameterized0_77 |          0 |          0 |       0 |    0 |     1 |      0 |      0 |          0 |
|       u_rej_ctrl_done                                                                                              |               prim_subreg__parameterized0_78 |          0 |          0 |       0 |    0 |     1 |      0 |      0 |          0 |
|       u_rej_ctrl_go                                                                                                |               prim_subreg__parameterized0_79 |          1 |          1 |       0 |    0 |     1 |      0 |      0 |          0 |
|       u_rej_ctrl_outwide                                                                                           |               prim_subreg__parameterized0_80 |          0 |          0 |       0 |    0 |     1 |      0 |      0 |          0 |
|       u_rej_ctrl_rate168                                                                                           |               prim_subreg__parameterized0_81 |          0 |          0 |       0 |    0 |     1 |      0 |      0 |          0 |
|       u_rej_params_n                                                                                               |               prim_subreg__parameterized5_82 |          0 |          0 |       0 |    0 |    16 |      0 |      0 |          0 |
|       u_rej_params_q                                                                                               |                  prim_subreg__parameterized4 |          0 |          0 |       0 |    0 |    24 |      0 |      0 |          0 |
|       u_rej_params_thresh                                                                                          |               prim_subreg__parameterized4_83 |          0 |          0 |       0 |    0 |    24 |      0 |      0 |          0 |
|       u_rej_x_addr                                                                                                 |                               prim_subreg_84 |          0 |          0 |       0 |    0 |    64 |      0 |      0 |          0 |
+--------------------------------------------------------------------------------------------------------------------+----------------------------------------------+------------+------------+---------+------+-------+--------+--------+------------+


